{
  "tool-info": {},
  "diff": [
    {
      "type": "insert-node",
      "node": {
        "label": "public",
        "type": "Modifier"
      },
      "location-after-char-start": 0,
      "location-after-char-end": 0,
      "node-str": "public"
    },
    {
      "type": "insert-node",
      "node": {
        "label": "",
        "type": "TypeReference"
      },
      "location-after-char-start": 6517,
      "location-after-char-end": 6531,
      "node-str": ""
    },
    {
      "type": "insert-node",
      "node": {
        "label": "MOD_JSERV",
        "type": "Field"
      },
      "location-after-char-start": 6791,
      "location-after-char-end": 6879,
      "node-str": "MOD_JSERV"
    },
    {
      "type": "insert-node",
      "node": {
        "label": "configHome",
        "type": "Field"
      },
      "location-after-char-start": 7236,
      "location-after-char-end": 7266,
      "node-str": "configHome"
    },
    {
      "type": "insert-node",
      "node": {
        "label": "jservConfig",
        "type": "Field"
      },
      "location-after-char-start": 7272,
      "location-after-char-end": 7303,
      "node-str": "jservConfig"
    },
    {
      "type": "insert-node",
      "node": {
        "label": "modJserv",
        "type": "Field"
      },
      "location-after-char-start": 7309,
      "location-after-char-end": 7337,
      "node-str": "modJserv"
    },
    {
      "type": "insert-node",
      "node": {
        "label": "jservLog",
        "type": "Field"
      },
      "location-after-char-start": 7343,
      "location-after-char-end": 7371,
      "node-str": "jservLog"
    },
    {
      "type": "insert-node",
      "node": {
        "label": "tomcatHome",
        "type": "Field"
      },
      "location-after-char-start": 7378,
      "location-after-char-end": 7403,
      "node-str": "tomcatHome"
    },
    {
      "type": "insert-node",
      "node": {
        "label": "jservDebug",
        "type": "Field"
      },
      "location-after-char-start": 7410,
      "location-after-char-end": 7440,
      "node-str": "jservDebug"
    },
    {
      "type": "insert-node",
      "node": {
        "label": "noRoot",
        "type": "Field"
      },
      "location-after-char-start": 7446,
      "location-after-char-end": 7473,
      "node-str": "noRoot"
    },
    {
      "type": "insert-node",
      "node": {
        "label": "forwardAll",
        "type": "Field"
      },
      "location-after-char-start": 7480,
      "location-after-char-end": 7619,
      "node-str": "forwardAll"
    },
    {
      "type": "insert-node",
      "node": {
        "label": "NamedVirtualHosts",
        "type": "Field"
      },
      "location-after-char-start": 7626,
      "location-after-char-end": 7658,
      "node-str": "NamedVirtualHosts"
    },
    {
      "type": "insert-node",
      "node": {
        "label": "\u003cinit\u003e",
        "type": "Constructor"
      },
      "location-after-char-start": 7669,
      "location-after-char-end": 7696,
      "node-str": "\u003cinit\u003e"
    },
    {
      "type": "insert-node",
      "node": {
        "label": "engineState",
        "type": "Method"
      },
      "location-after-char-start": 7703,
      "location-after-char-end": 7996,
      "node-str": "engineState"
    },
    {
      "type": "insert-node",
      "node": {
        "label": "contextInit",
        "type": "Method"
      },
      "location-after-char-start": 8003,
      "location-after-char-end": 8358,
      "node-str": "contextInit"
    },
    {
      "type": "insert-node",
      "node": {
        "label": "indent",
        "type": "Field"
      },
      "location-after-char-start": 17158,
      "location-after-char-end": 17240,
      "node-str": "indent"
    },
    {
      "type": "insert-node",
      "node": {
        "label": "org.apache.tomcat.core.BaseInterceptor",
        "type": "SUPER_TYPE"
      },
      "location-after-char-start": 0,
      "location-after-char-end": 0,
      "node-str": "org.apache.tomcat.core.BaseInterceptor"
    },
    {
      "type": "insert-node",
      "node": {
        "label": "java.lang.String",
        "type": "VARIABLE_TYPE"
      },
      "location-after-char-start": 0,
      "location-after-char-end": 0,
      "node-str": "java.lang.String"
    },
    {
      "type": "insert-node",
      "node": {
        "label": "public",
        "type": "Modifier"
      },
      "location-after-char-start": 0,
      "location-after-char-end": 0,
      "node-str": "public"
    },
    {
      "type": "insert-node",
      "node": {
        "label": "static",
        "type": "Modifier"
      },
      "location-after-char-start": 0,
      "location-after-char-end": 0,
      "node-str": "static"
    },
    {
      "type": "insert-node",
      "node": {
        "label": "java.io.File",
        "type": "VARIABLE_TYPE"
      },
      "location-after-char-start": 0,
      "location-after-char-end": 0,
      "node-str": "java.io.File"
    },
    {
      "type": "insert-node",
      "node": {
        "label": "null",
        "type": "Literal"
      },
      "location-after-char-start": 7262,
      "location-after-char-end": 7265,
      "node-str": "null"
    },
    {
      "type": "insert-node",
      "node": {
        "label": "java.io.File",
        "type": "VARIABLE_TYPE"
      },
      "location-after-char-start": 0,
      "location-after-char-end": 0,
      "node-str": "java.io.File"
    },
    {
      "type": "insert-node",
      "node": {
        "label": "null",
        "type": "Literal"
      },
      "location-after-char-start": 7299,
      "location-after-char-end": 7302,
      "node-str": "null"
    },
    {
      "type": "insert-node",
      "node": {
        "label": "java.io.File",
        "type": "VARIABLE_TYPE"
      },
      "location-after-char-start": 0,
      "location-after-char-end": 0,
      "node-str": "java.io.File"
    },
    {
      "type": "insert-node",
      "node": {
        "label": "null",
        "type": "Literal"
      },
      "location-after-char-start": 7333,
      "location-after-char-end": 7336,
      "node-str": "null"
    },
    {
      "type": "insert-node",
      "node": {
        "label": "java.io.File",
        "type": "VARIABLE_TYPE"
      },
      "location-after-char-start": 0,
      "location-after-char-end": 0,
      "node-str": "java.io.File"
    },
    {
      "type": "insert-node",
      "node": {
        "label": "null",
        "type": "Literal"
      },
      "location-after-char-start": 7367,
      "location-after-char-end": 7370,
      "node-str": "null"
    },
    {
      "type": "insert-node",
      "node": {
        "label": "java.lang.String",
        "type": "VARIABLE_TYPE"
      },
      "location-after-char-start": 0,
      "location-after-char-end": 0,
      "node-str": "java.lang.String"
    },
    {
      "type": "insert-node",
      "node": {
        "label": "java.lang.String",
        "type": "VARIABLE_TYPE"
      },
      "location-after-char-start": 0,
      "location-after-char-end": 0,
      "node-str": "java.lang.String"
    },
    {
      "type": "insert-node",
      "node": {
        "label": "null",
        "type": "Literal"
      },
      "location-after-char-start": 7436,
      "location-after-char-end": 7439,
      "node-str": "null"
    },
    {
      "type": "insert-node",
      "node": {
        "label": "boolean",
        "type": "VARIABLE_TYPE"
      },
      "location-after-char-start": 0,
      "location-after-char-end": 0,
      "node-str": "boolean"
    },
    {
      "type": "insert-node",
      "node": {
        "label": "true",
        "type": "Literal"
      },
      "location-after-char-start": 7469,
      "location-after-char-end": 7472,
      "node-str": "true"
    },
    {
      "type": "insert-node",
      "node": {
        "label": "boolean",
        "type": "VARIABLE_TYPE"
      },
      "location-after-char-start": 0,
      "location-after-char-end": 0,
      "node-str": "boolean"
    },
    {
      "type": "insert-node",
      "node": {
        "label": "true",
        "type": "Literal"
      },
      "location-after-char-start": 7615,
      "location-after-char-end": 7618,
      "node-str": "true"
    },
    {
      "type": "insert-node",
      "node": {
        "label": "java.util.Hashtable",
        "type": "VARIABLE_TYPE"
      },
      "location-after-char-start": 0,
      "location-after-char-end": 0,
      "node-str": "java.util.Hashtable"
    },
    {
      "type": "insert-node",
      "node": {
        "label": "null",
        "type": "Literal"
      },
      "location-after-char-start": 7654,
      "location-after-char-end": 7657,
      "node-str": "null"
    },
    {
      "type": "insert-node",
      "node": {
        "label": "public",
        "type": "Modifier"
      },
      "location-after-char-start": 0,
      "location-after-char-end": 0,
      "node-str": "public"
    },
    {
      "type": "insert-node",
      "node": {
        "label": "void",
        "type": "RETURN_TYPE"
      },
      "location-after-char-start": 0,
      "location-after-char-end": 0,
      "node-str": "void"
    },
    {
      "type": "insert-node",
      "node": {
        "label": "org.apache.tomcat.core.TomcatException",
        "type": "THROWS"
      },
      "location-after-char-start": 0,
      "location-after-char-end": 0,
      "node-str": "org.apache.tomcat.core.TomcatException"
    },
    {
      "type": "insert-node",
      "node": {
        "label": "public",
        "type": "Modifier"
      },
      "location-after-char-start": 0,
      "location-after-char-end": 0,
      "node-str": "public"
    },
    {
      "type": "insert-node",
      "node": {
        "label": "cm",
        "type": "Parameter"
      },
      "location-after-char-start": 7855,
      "location-after-char-end": 7871,
      "node-str": "cm"
    },
    {
      "type": "insert-node",
      "node": {
        "label": "state",
        "type": "Parameter"
      },
      "location-after-char-start": 7874,
      "location-after-char-end": 7882,
      "node-str": "state"
    },
    {
      "type": "insert-node",
      "node": {
        "label": "if",
        "type": "If"
      },
      "location-after-char-start": 7921,
      "location-after-char-end": 7973,
      "node-str": "if"
    },
    {
      "type": "insert-node",
      "node": {
        "label": "execute",
        "type": "Invocation"
      },
      "location-after-char-start": 7977,
      "location-after-char-end": 7990,
      "node-str": "execute"
    },
    {
      "type": "insert-node",
      "node": {
        "label": "void",
        "type": "RETURN_TYPE"
      },
      "location-after-char-start": 0,
      "location-after-char-end": 0,
      "node-str": "void"
    },
    {
      "type": "insert-node",
      "node": {
        "label": "org.apache.tomcat.core.TomcatException",
        "type": "THROWS"
      },
      "location-after-char-start": 0,
      "location-after-char-end": 0,
      "node-str": "org.apache.tomcat.core.TomcatException"
    },
    {
      "type": "insert-node",
      "node": {
        "label": "public",
        "type": "Modifier"
      },
      "location-after-char-start": 0,
      "location-after-char-end": 0,
      "node-str": "public"
    },
    {
      "type": "insert-node",
      "node": {
        "label": "ctx",
        "type": "Parameter"
      },
      "location-after-char-start": 8027,
      "location-after-char-end": 8037,
      "node-str": "ctx"
    },
    {
      "type": "insert-node",
      "node": {
        "label": "cm",
        "type": "LocalVariable"
      },
      "location-after-char-start": 8071,
      "location-after-char-end": 8112,
      "node-str": "cm"
    },
    {
      "type": "insert-node",
      "node": {
        "label": "if",
        "type": "If"
      },
      "location-after-char-start": 8115,
      "location-after-char-end": 8352,
      "node-str": "if"
    },
    {
      "type": "update-node",
      "node": {
        "label": "org.apache.tomcat.modules.config.TomcatException",
        "type": "THROWS"
      },
      "location-before-char-start": 0,
      "location-before-char-end": 0,
      "location-after-char-start": 0,
      "location-after-char-end": 0,
      "node-str": "org.apache.tomcat.core.TomcatException"
    },
    {
      "type": "update-node",
      "node": {
        "label": "org.apache.tomcat.modules.config.TomcatException",
        "type": "THROWS"
      },
      "location-before-char-start": 0,
      "location-before-char-end": 0,
      "location-after-char-start": 0,
      "location-after-char-end": 0,
      "node-str": "org.apache.tomcat.core.TomcatException"
    },
    {
      "type": "insert-node",
      "node": {
        "label": "java.lang.String",
        "type": "VARIABLE_TYPE"
      },
      "location-after-char-start": 0,
      "location-after-char-end": 0,
      "node-str": "java.lang.String"
    },
    {
      "type": "insert-node",
      "node": {
        "label": "\"\"",
        "type": "Literal"
      },
      "location-after-char-start": 17238,
      "location-after-char-end": 17239,
      "node-str": "\"\""
    },
    {
      "type": "insert-node",
      "node": {
        "label": "void",
        "type": "RETURN_TYPE"
      },
      "location-after-char-start": 0,
      "location-after-char-end": 0,
      "node-str": "void"
    },
    {
      "type": "insert-node",
      "node": {
        "label": "context",
        "type": "Parameter"
      },
      "location-after-char-start": 22850,
      "location-after-char-end": 22864,
      "node-str": "context"
    },
    {
      "type": "insert-node",
      "node": {
        "label": "pw",
        "type": "Parameter"
      },
      "location-after-char-start": 22867,
      "location-after-char-end": 22880,
      "node-str": "pw"
    },
    {
      "type": "insert-node",
      "node": {
        "label": "ctxPath",
        "type": "LocalVariable"
      },
      "location-after-char-start": 22894,
      "location-after-char-end": 22929,
      "node-str": "ctxPath"
    },
    {
      "type": "insert-node",
      "node": {
        "label": "generateWelcomeFiles",
        "type": "Invocation"
      },
      "location-after-char-start": 24018,
      "location-after-char-end": 24051,
      "node-str": "generateWelcomeFiles"
    },
    {
      "type": "insert-node",
      "node": {
        "label": "println",
        "type": "Invocation"
      },
      "location-after-char-start": 24178,
      "location-after-char-end": 24190,
      "node-str": "println"
    },
    {
      "type": "insert-node",
      "node": {
        "label": "println",
        "type": "Invocation"
      },
      "location-after-char-start": 24269,
      "location-after-char-end": 24281,
      "node-str": "println"
    },
    {
      "type": "insert-node",
      "node": {
        "label": "println",
        "type": "Invocation"
      },
      "location-after-char-start": 24731,
      "location-after-char-end": 24743,
      "node-str": "println"
    },
    {
      "type": "insert-node",
      "node": {
        "label": "println",
        "type": "Invocation"
      },
      "location-after-char-start": 25873,
      "location-after-char-end": 25885,
      "node-str": "println"
    },
    {
      "type": "insert-node",
      "node": {
        "label": "org.apache.tomcat.core.ContextManager",
        "type": "VARIABLE_TYPE"
      },
      "location-after-char-start": 0,
      "location-after-char-end": 0,
      "node-str": "org.apache.tomcat.core.ContextManager"
    },
    {
      "type": "insert-node",
      "node": {
        "label": "int",
        "type": "VARIABLE_TYPE"
      },
      "location-after-char-start": 0,
      "location-after-char-end": 0,
      "node-str": "int"
    },
    {
      "type": "insert-node",
      "node": {
        "label": "NE",
        "type": "BinaryOperator"
      },
      "location-after-char-start": 7925,
      "location-after-char-end": 7958,
      "node-str": "NE"
    },
    {
      "type": "insert-node",
      "node": {
        "label": "THEN",
        "type": "then"
      },
      "location-after-char-start": 7967,
      "location-after-char-end": 7973,
      "node-str": "THEN"
    },
    {
      "type": "insert-node",
      "node": {
        "label": "org.apache.tomcat.modules.config.JservConfig",
        "type": "TypeAccess"
      },
      "location-after-char-start": 0,
      "location-after-char-end": 0,
      "node-str": "org.apache.tomcat.modules.config.JservConfig"
    },
    {
      "type": "insert-node",
      "node": {
        "label": "cm",
        "type": "VariableRead"
      },
      "location-after-char-start": 7986,
      "location-after-char-end": 7987,
      "node-str": "cm"
    },
    {
      "type": "insert-node",
      "node": {
        "label": "org.apache.tomcat.core.Context",
        "type": "VARIABLE_TYPE"
      },
      "location-after-char-start": 0,
      "location-after-char-end": 0,
      "node-str": "org.apache.tomcat.core.Context"
    },
    {
      "type": "insert-node",
      "node": {
        "label": "org.apache.tomcat.core.ContextManager",
        "type": "VARIABLE_TYPE"
      },
      "location-after-char-start": 0,
      "location-after-char-end": 0,
      "node-str": "org.apache.tomcat.core.ContextManager"
    },
    {
      "type": "insert-node",
      "node": {
        "label": "getContextManager",
        "type": "Invocation"
      },
      "location-after-char-start": 8089,
      "location-after-char-end": 8111,
      "node-str": "getContextManager"
    },
    {
      "type": "insert-node",
      "node": {
        "label": "GE",
        "type": "BinaryOperator"
      },
      "location-after-char-start": 8119,
      "location-after-char-end": 8160,
      "node-str": "GE"
    },
    {
      "type": "insert-node",
      "node": {
        "label": "THEN",
        "type": "then"
      },
      "location-after-char-start": 8164,
      "location-after-char-end": 8352,
      "node-str": "THEN"
    },
    {
      "type": "update-node",
      "node": {
        "label": "ContextManager",
        "type": "VARIABLE_TYPE"
      },
      "location-before-char-start": 0,
      "location-before-char-end": 0,
      "location-after-char-start": 0,
      "location-after-char-end": 0,
      "node-str": "org.apache.tomcat.core.ContextManager"
    },
    {
      "type": "update-node",
      "node": {
        "label": "ContextManager",
        "type": "VARIABLE_TYPE"
      },
      "location-before-char-start": 0,
      "location-before-char-end": 0,
      "location-after-char-start": 0,
      "location-after-char-end": 0,
      "node-str": "org.apache.tomcat.core.ContextManager"
    },
    {
      "type": "update-node",
      "node": {
        "label": "ContextManager",
        "type": "VARIABLE_TYPE"
      },
      "location-before-char-start": 0,
      "location-before-char-end": 0,
      "location-after-char-start": 0,
      "location-after-char-end": 0,
      "node-str": "org.apache.tomcat.core.ContextManager"
    },
    {
      "type": "update-node",
      "node": {
        "label": "BaseInterceptor[]",
        "type": "VARIABLE_TYPE"
      },
      "location-before-char-start": 0,
      "location-before-char-end": 0,
      "location-after-char-start": 0,
      "location-after-char-end": 0,
      "node-str": "org.apache.tomcat.core.BaseInterceptor[]"
    },
    {
      "type": "update-node",
      "node": {
        "label": "Context",
        "type": "VARIABLE_TYPE"
      },
      "location-before-char-start": 0,
      "location-before-char-end": 0,
      "location-after-char-start": 0,
      "location-after-char-end": 0,
      "node-str": "org.apache.tomcat.core.Context"
    },
    {
      "type": "update-node",
      "node": {
        "label": "Context",
        "type": "VARIABLE_TYPE"
      },
      "location-before-char-start": 0,
      "location-before-char-end": 0,
      "location-after-char-start": 0,
      "location-after-char-end": 0,
      "node-str": "org.apache.tomcat.core.Context"
    },
    {
      "type": "update-node",
      "node": {
        "label": "Context",
        "type": "VARIABLE_TYPE"
      },
      "location-before-char-start": 0,
      "location-before-char-end": 0,
      "location-after-char-start": 0,
      "location-after-char-end": 0,
      "node-str": "org.apache.tomcat.core.Context"
    },
    {
      "type": "update-node",
      "node": {
        "label": "Context",
        "type": "VARIABLE_TYPE"
      },
      "location-before-char-start": 0,
      "location-before-char-end": 0,
      "location-after-char-start": 0,
      "location-after-char-end": 0,
      "node-str": "org.apache.tomcat.core.Context"
    },
    {
      "type": "update-node",
      "node": {
        "label": "Container",
        "type": "VARIABLE_TYPE"
      },
      "location-before-char-start": 0,
      "location-before-char-end": 0,
      "location-after-char-start": 0,
      "location-after-char-end": 0,
      "node-str": "org.apache.tomcat.core.Container"
    },
    {
      "type": "update-node",
      "node": {
        "label": "Context",
        "type": "VARIABLE_TYPE"
      },
      "location-before-char-start": 0,
      "location-before-char-end": 0,
      "location-after-char-start": 0,
      "location-after-char-end": 0,
      "node-str": "org.apache.tomcat.core.Context"
    },
    {
      "type": "insert-node",
      "node": {
        "label": "org.apache.tomcat.core.Context",
        "type": "VARIABLE_TYPE"
      },
      "location-after-char-start": 0,
      "location-after-char-end": 0,
      "node-str": "org.apache.tomcat.core.Context"
    },
    {
      "type": "insert-node",
      "node": {
        "label": "java.io.PrintWriter",
        "type": "VARIABLE_TYPE"
      },
      "location-after-char-start": 0,
      "location-after-char-end": 0,
      "node-str": "java.io.PrintWriter"
    },
    {
      "type": "insert-node",
      "node": {
        "label": "java.lang.String",
        "type": "VARIABLE_TYPE"
      },
      "location-after-char-start": 0,
      "location-after-char-end": 0,
      "node-str": "java.lang.String"
    },
    {
      "type": "insert-node",
      "node": {
        "label": "getPath",
        "type": "Invocation"
      },
      "location-after-char-start": 22912,
      "location-after-char-end": 22928,
      "node-str": "getPath"
    },
    {
      "type": "insert-node",
      "node": {
        "label": "org.apache.tomcat.modules.config.JservConfig",
        "type": "TypeAccess"
      },
      "location-after-char-start": 0,
      "location-after-char-end": 0,
      "node-str": "org.apache.tomcat.modules.config.JservConfig"
    },
    {
      "type": "insert-node",
      "node": {
        "label": "context",
        "type": "VariableRead"
      },
      "location-after-char-start": 24039,
      "location-after-char-end": 24045,
      "node-str": "context"
    },
    {
      "type": "insert-node",
      "node": {
        "label": "pw",
        "type": "VariableRead"
      },
      "location-after-char-start": 24048,
      "location-after-char-end": 24049,
      "node-str": "pw"
    },
    {
      "type": "insert-node",
      "node": {
        "label": "pw",
        "type": "VariableRead"
      },
      "location-after-char-start": 24178,
      "location-after-char-end": 24179,
      "node-str": "pw"
    },
    {
      "type": "insert-node",
      "node": {
        "label": "pw",
        "type": "VariableRead"
      },
      "location-after-char-start": 24269,
      "location-after-char-end": 24270,
      "node-str": "pw"
    },
    {
      "type": "insert-node",
      "node": {
        "label": "pw",
        "type": "VariableRead"
      },
      "location-after-char-start": 24731,
      "location-after-char-end": 24732,
      "node-str": "pw"
    },
    {
      "type": "insert-node",
      "node": {
        "label": "pw",
        "type": "VariableRead"
      },
      "location-after-char-start": 25873,
      "location-after-char-end": 25874,
      "node-str": "pw"
    },
    {
      "type": "update-node",
      "node": {
        "label": "Context",
        "type": "VARIABLE_TYPE"
      },
      "location-before-char-start": 0,
      "location-before-char-end": 0,
      "location-after-char-start": 0,
      "location-after-char-end": 0,
      "node-str": "org.apache.tomcat.core.Context"
    },
    {
      "type": "update-node",
      "node": {
        "label": "Context",
        "type": "VARIABLE_TYPE"
      },
      "location-before-char-start": 0,
      "location-before-char-end": 0,
      "location-after-char-start": 0,
      "location-after-char-end": 0,
      "node-str": "org.apache.tomcat.core.Context"
    },
    {
      "type": "insert-node",
      "node": {
        "label": "state",
        "type": "VariableRead"
      },
      "location-after-char-start": 7925,
      "location-after-char-end": 7929,
      "node-str": "state"
    },
    {
      "type": "insert-node",
      "node": {
        "label": "STATE_INIT",
        "type": "FieldRead"
      },
      "location-after-char-start": 7934,
      "location-after-char-end": 7958,
      "node-str": "STATE_INIT"
    },
    {
      "type": "insert-node",
      "node": {
        "label": "return",
        "type": "Return"
      },
      "location-after-char-start": 7967,
      "location-after-char-end": 7973,
      "node-str": "return"
    },
    {
      "type": "insert-node",
      "node": {
        "label": "ctx",
        "type": "VariableRead"
      },
      "location-after-char-start": 8089,
      "location-after-char-end": 8091,
      "node-str": "ctx"
    },
    {
      "type": "insert-node",
      "node": {
        "label": "getState",
        "type": "Invocation"
      },
      "location-after-char-start": 8119,
      "location-after-char-end": 8131,
      "node-str": "getState"
    },
    {
      "type": "insert-node",
      "node": {
        "label": "STATE_INIT",
        "type": "FieldRead"
      },
      "location-after-char-start": 8136,
      "location-after-char-end": 8160,
      "node-str": "STATE_INIT"
    },
    {
      "type": "insert-node",
      "node": {
        "label": "execute",
        "type": "Invocation"
      },
      "location-after-char-start": 8332,
      "location-after-char-end": 8345,
      "node-str": "execute"
    },
    {
      "type": "update-node",
      "node": {
        "label": "Container",
        "type": "VARIABLE_TYPE"
      },
      "location-before-char-start": 0,
      "location-before-char-end": 0,
      "location-after-char-start": 0,
      "location-after-char-end": 0,
      "node-str": "org.apache.tomcat.core.Container"
    },
    {
      "type": "insert-node",
      "node": {
        "label": "context",
        "type": "VariableRead"
      },
      "location-after-char-start": 22912,
      "location-after-char-end": 22918,
      "node-str": "context"
    },
    {
      "type": "insert-node",
      "node": {
        "label": "org.apache.tomcat.core.ContextManager",
        "type": "TypeAccess"
      },
      "location-after-char-start": 0,
      "location-after-char-end": 0,
      "node-str": "org.apache.tomcat.core.ContextManager"
    },
    {
      "type": "insert-node",
      "node": {
        "label": "cm",
        "type": "VariableRead"
      },
      "location-after-char-start": 8119,
      "location-after-char-end": 8120,
      "node-str": "cm"
    },
    {
      "type": "insert-node",
      "node": {
        "label": "org.apache.tomcat.core.ContextManager",
        "type": "TypeAccess"
      },
      "location-after-char-start": 0,
      "location-after-char-end": 0,
      "node-str": "org.apache.tomcat.core.ContextManager"
    },
    {
      "type": "insert-node",
      "node": {
        "label": "org.apache.tomcat.modules.config.JservConfig",
        "type": "TypeAccess"
      },
      "location-after-char-start": 0,
      "location-after-char-end": 0,
      "node-str": "org.apache.tomcat.modules.config.JservConfig"
    },
    {
      "type": "insert-node",
      "node": {
        "label": "cm",
        "type": "VariableRead"
      },
      "location-after-char-start": 8341,
      "location-after-char-end": 8342,
      "node-str": "cm"
    },
    {
      "type": "update-node",
      "node": {
        "label": "Container",
        "type": "TypeAccess"
      },
      "location-before-char-start": 0,
      "location-before-char-end": 0,
      "location-after-char-start": 0,
      "location-after-char-end": 0,
      "node-str": "org.apache.tomcat.core.Container"
    },
    {
      "type": "delete-node",
      "node": {
        "label": "public",
        "type": "Modifier"
      },
      "location-before-char-start": 0,
      "location-before-char-end": 0,
      "node-str": "public"
    },
    {
      "type": "delete-node",
      "node": {
        "label": "BaseInterceptor",
        "type": "SUPER_TYPE"
      },
      "location-before-char-start": 0,
      "location-before-char-end": 0,
      "node-str": "BaseInterceptor"
    },
    {
      "type": "delete-node",
      "node": {
        "label": "",
        "type": "TypeReference"
      },
      "location-before-char-start": 6244,
      "location-before-char-end": 6258,
      "node-str": ""
    },
    {
      "type": "delete-node",
      "node": {
        "label": "java.lang.String",
        "type": "VARIABLE_TYPE"
      },
      "location-before-char-start": 0,
      "location-before-char-end": 0,
      "node-str": "java.lang.String"
    },
    {
      "type": "delete-node",
      "node": {
        "label": "public",
        "type": "Modifier"
      },
      "location-before-char-start": 0,
      "location-before-char-end": 0,
      "node-str": "public"
    },
    {
      "type": "delete-node",
      "node": {
        "label": "static",
        "type": "Modifier"
      },
      "location-before-char-start": 0,
      "location-before-char-end": 0,
      "node-str": "static"
    },
    {
      "type": "delete-node",
      "node": {
        "label": "MOD_JSERV",
        "type": "Field"
      },
      "location-before-char-start": 6518,
      "location-before-char-end": 6606,
      "node-str": "MOD_JSERV"
    },
    {
      "type": "delete-node",
      "node": {
        "label": "java.io.File",
        "type": "VARIABLE_TYPE"
      },
      "location-before-char-start": 0,
      "location-before-char-end": 0,
      "node-str": "java.io.File"
    },
    {
      "type": "delete-node",
      "node": {
        "label": "null",
        "type": "Literal"
      },
      "location-before-char-start": 6989,
      "location-before-char-end": 6992,
      "node-str": "null"
    },
    {
      "type": "delete-node",
      "node": {
        "label": "configHome",
        "type": "Field"
      },
      "location-before-char-start": 6963,
      "location-before-char-end": 6993,
      "node-str": "configHome"
    },
    {
      "type": "delete-node",
      "node": {
        "label": "java.io.File",
        "type": "VARIABLE_TYPE"
      },
      "location-before-char-start": 0,
      "location-before-char-end": 0,
      "node-str": "java.io.File"
    },
    {
      "type": "delete-node",
      "node": {
        "label": "null",
        "type": "Literal"
      },
      "location-before-char-start": 7026,
      "location-before-char-end": 7029,
      "node-str": "null"
    },
    {
      "type": "delete-node",
      "node": {
        "label": "jservConfig",
        "type": "Field"
      },
      "location-before-char-start": 6999,
      "location-before-char-end": 7030,
      "node-str": "jservConfig"
    },
    {
      "type": "delete-node",
      "node": {
        "label": "java.io.File",
        "type": "VARIABLE_TYPE"
      },
      "location-before-char-start": 0,
      "location-before-char-end": 0,
      "node-str": "java.io.File"
    },
    {
      "type": "delete-node",
      "node": {
        "label": "null",
        "type": "Literal"
      },
      "location-before-char-start": 7060,
      "location-before-char-end": 7063,
      "node-str": "null"
    },
    {
      "type": "delete-node",
      "node": {
        "label": "modJserv",
        "type": "Field"
      },
      "location-before-char-start": 7036,
      "location-before-char-end": 7064,
      "node-str": "modJserv"
    },
    {
      "type": "delete-node",
      "node": {
        "label": "java.io.File",
        "type": "VARIABLE_TYPE"
      },
      "location-before-char-start": 0,
      "location-before-char-end": 0,
      "node-str": "java.io.File"
    },
    {
      "type": "delete-node",
      "node": {
        "label": "null",
        "type": "Literal"
      },
      "location-before-char-start": 7094,
      "location-before-char-end": 7097,
      "node-str": "null"
    },
    {
      "type": "delete-node",
      "node": {
        "label": "jservLog",
        "type": "Field"
      },
      "location-before-char-start": 7070,
      "location-before-char-end": 7098,
      "node-str": "jservLog"
    },
    {
      "type": "delete-node",
      "node": {
        "label": "java.lang.String",
        "type": "VARIABLE_TYPE"
      },
      "location-before-char-start": 0,
      "location-before-char-end": 0,
      "node-str": "java.lang.String"
    },
    {
      "type": "delete-node",
      "node": {
        "label": "tomcatHome",
        "type": "Field"
      },
      "location-before-char-start": 7105,
      "location-before-char-end": 7130,
      "node-str": "tomcatHome"
    },
    {
      "type": "delete-node",
      "node": {
        "label": "java.lang.String",
        "type": "VARIABLE_TYPE"
      },
      "location-before-char-start": 0,
      "location-before-char-end": 0,
      "node-str": "java.lang.String"
    },
    {
      "type": "delete-node",
      "node": {
        "label": "null",
        "type": "Literal"
      },
      "location-before-char-start": 7163,
      "location-before-char-end": 7166,
      "node-str": "null"
    },
    {
      "type": "delete-node",
      "node": {
        "label": "jservDebug",
        "type": "Field"
      },
      "location-before-char-start": 7137,
      "location-before-char-end": 7167,
      "node-str": "jservDebug"
    },
    {
      "type": "delete-node",
      "node": {
        "label": "boolean",
        "type": "VARIABLE_TYPE"
      },
      "location-before-char-start": 0,
      "location-before-char-end": 0,
      "node-str": "boolean"
    },
    {
      "type": "delete-node",
      "node": {
        "label": "true",
        "type": "Literal"
      },
      "location-before-char-start": 7196,
      "location-before-char-end": 7199,
      "node-str": "true"
    },
    {
      "type": "delete-node",
      "node": {
        "label": "noRoot",
        "type": "Field"
      },
      "location-before-char-start": 7173,
      "location-before-char-end": 7200,
      "node-str": "noRoot"
    },
    {
      "type": "delete-node",
      "node": {
        "label": "boolean",
        "type": "VARIABLE_TYPE"
      },
      "location-before-char-start": 0,
      "location-before-char-end": 0,
      "node-str": "boolean"
    },
    {
      "type": "delete-node",
      "node": {
        "label": "true",
        "type": "Literal"
      },
      "location-before-char-start": 7342,
      "location-before-char-end": 7345,
      "node-str": "true"
    },
    {
      "type": "delete-node",
      "node": {
        "label": "forwardAll",
        "type": "Field"
      },
      "location-before-char-start": 7207,
      "location-before-char-end": 7346,
      "node-str": "forwardAll"
    },
    {
      "type": "delete-node",
      "node": {
        "label": "java.util.Hashtable",
        "type": "VARIABLE_TYPE"
      },
      "location-before-char-start": 0,
      "location-before-char-end": 0,
      "node-str": "java.util.Hashtable"
    },
    {
      "type": "delete-node",
      "node": {
        "label": "null",
        "type": "Literal"
      },
      "location-before-char-start": 7381,
      "location-before-char-end": 7384,
      "node-str": "null"
    },
    {
      "type": "delete-node",
      "node": {
        "label": "NamedVirtualHosts",
        "type": "Field"
      },
      "location-before-char-start": 7353,
      "location-before-char-end": 7385,
      "node-str": "NamedVirtualHosts"
    },
    {
      "type": "delete-node",
      "node": {
        "label": "public",
        "type": "Modifier"
      },
      "location-before-char-start": 0,
      "location-before-char-end": 0,
      "node-str": "public"
    },
    {
      "type": "delete-node",
      "node": {
        "label": "\u003cinit\u003e",
        "type": "Constructor"
      },
      "location-before-char-start": 7396,
      "location-before-char-end": 7423,
      "node-str": "\u003cinit\u003e"
    },
    {
      "type": "delete-node",
      "node": {
        "label": "void",
        "type": "RETURN_TYPE"
      },
      "location-before-char-start": 0,
      "location-before-char-end": 0,
      "node-str": "void"
    },
    {
      "type": "delete-node",
      "node": {
        "label": "org.apache.tomcat.modules.config.TomcatException",
        "type": "THROWS"
      },
      "location-before-char-start": 0,
      "location-before-char-end": 0,
      "node-str": "org.apache.tomcat.modules.config.TomcatException"
    },
    {
      "type": "delete-node",
      "node": {
        "label": "public",
        "type": "Modifier"
      },
      "location-before-char-start": 0,
      "location-before-char-end": 0,
      "node-str": "public"
    },
    {
      "type": "delete-node",
      "node": {
        "label": "ContextManager",
        "type": "VARIABLE_TYPE"
      },
      "location-before-char-start": 0,
      "location-before-char-end": 0,
      "node-str": "ContextManager"
    },
    {
      "type": "delete-node",
      "node": {
        "label": "cm",
        "type": "Parameter"
      },
      "location-before-char-start": 7582,
      "location-before-char-end": 7598,
      "node-str": "cm"
    },
    {
      "type": "delete-node",
      "node": {
        "label": "int",
        "type": "VARIABLE_TYPE"
      },
      "location-before-char-start": 0,
      "location-before-char-end": 0,
      "node-str": "int"
    },
    {
      "type": "delete-node",
      "node": {
        "label": "state",
        "type": "Parameter"
      },
      "location-before-char-start": 7601,
      "location-before-char-end": 7609,
      "node-str": "state"
    },
    {
      "type": "delete-node",
      "node": {
        "label": "state",
        "type": "VariableRead"
      },
      "location-before-char-start": 7652,
      "location-before-char-end": 7656,
      "node-str": "state"
    },
    {
      "type": "delete-node",
      "node": {
        "label": "ContextManager",
        "type": "TypeAccess"
      },
      "location-before-char-start": 0,
      "location-before-char-end": 0,
      "node-str": "ContextManager"
    },
    {
      "type": "delete-node",
      "node": {
        "label": "STATE_INIT",
        "type": "FieldRead"
      },
      "location-before-char-start": 7661,
      "location-before-char-end": 7685,
      "node-str": "STATE_INIT"
    },
    {
      "type": "delete-node",
      "node": {
        "label": "NE",
        "type": "BinaryOperator"
      },
      "location-before-char-start": 7652,
      "location-before-char-end": 7685,
      "node-str": "NE"
    },
    {
      "type": "delete-node",
      "node": {
        "label": "return",
        "type": "Return"
      },
      "location-before-char-start": 7694,
      "location-before-char-end": 7700,
      "node-str": "return"
    },
    {
      "type": "delete-node",
      "node": {
        "label": "THEN",
        "type": "then"
      },
      "location-before-char-start": 7694,
      "location-before-char-end": 7700,
      "node-str": "THEN"
    },
    {
      "type": "delete-node",
      "node": {
        "label": "if",
        "type": "If"
      },
      "location-before-char-start": 7648,
      "location-before-char-end": 7700,
      "node-str": "if"
    },
    {
      "type": "delete-node",
      "node": {
        "label": "org.apache.tomcat.modules.config.JservConfig",
        "type": "TypeAccess"
      },
      "location-before-char-start": 0,
      "location-before-char-end": 0,
      "node-str": "org.apache.tomcat.modules.config.JservConfig"
    },
    {
      "type": "delete-node",
      "node": {
        "label": "cm",
        "type": "VariableRead"
      },
      "location-before-char-start": 7713,
      "location-before-char-end": 7714,
      "node-str": "cm"
    },
    {
      "type": "delete-node",
      "node": {
        "label": "execute",
        "type": "Invocation"
      },
      "location-before-char-start": 7704,
      "location-before-char-end": 7717,
      "node-str": "execute"
    },
    {
      "type": "delete-node",
      "node": {
        "label": "engineState",
        "type": "Method"
      },
      "location-before-char-start": 7430,
      "location-before-char-end": 7723,
      "node-str": "engineState"
    },
    {
      "type": "delete-node",
      "node": {
        "label": "void",
        "type": "RETURN_TYPE"
      },
      "location-before-char-start": 0,
      "location-before-char-end": 0,
      "node-str": "void"
    },
    {
      "type": "delete-node",
      "node": {
        "label": "org.apache.tomcat.modules.config.TomcatException",
        "type": "THROWS"
      },
      "location-before-char-start": 0,
      "location-before-char-end": 0,
      "node-str": "org.apache.tomcat.modules.config.TomcatException"
    },
    {
      "type": "delete-node",
      "node": {
        "label": "public",
        "type": "Modifier"
      },
      "location-before-char-start": 0,
      "location-before-char-end": 0,
      "node-str": "public"
    },
    {
      "type": "delete-node",
      "node": {
        "label": "Context",
        "type": "VARIABLE_TYPE"
      },
      "location-before-char-start": 0,
      "location-before-char-end": 0,
      "node-str": "Context"
    },
    {
      "type": "delete-node",
      "node": {
        "label": "ctx",
        "type": "Parameter"
      },
      "location-before-char-start": 7754,
      "location-before-char-end": 7764,
      "node-str": "ctx"
    },
    {
      "type": "delete-node",
      "node": {
        "label": "ContextManager",
        "type": "VARIABLE_TYPE"
      },
      "location-before-char-start": 0,
      "location-before-char-end": 0,
      "node-str": "ContextManager"
    },
    {
      "type": "delete-node",
      "node": {
        "label": "ctx",
        "type": "VariableRead"
      },
      "location-before-char-start": 7816,
      "location-before-char-end": 7818,
      "node-str": "ctx"
    },
    {
      "type": "delete-node",
      "node": {
        "label": "getContextManager",
        "type": "Invocation"
      },
      "location-before-char-start": 7816,
      "location-before-char-end": 7838,
      "node-str": "getContextManager"
    },
    {
      "type": "delete-node",
      "node": {
        "label": "cm",
        "type": "LocalVariable"
      },
      "location-before-char-start": 7798,
      "location-before-char-end": 7839,
      "node-str": "cm"
    },
    {
      "type": "delete-node",
      "node": {
        "label": "cm",
        "type": "VariableRead"
      },
      "location-before-char-start": 7846,
      "location-before-char-end": 7847,
      "node-str": "cm"
    },
    {
      "type": "delete-node",
      "node": {
        "label": "getState",
        "type": "Invocation"
      },
      "location-before-char-start": 7846,
      "location-before-char-end": 7858,
      "node-str": "getState"
    },
    {
      "type": "delete-node",
      "node": {
        "label": "ContextManager",
        "type": "TypeAccess"
      },
      "location-before-char-start": 0,
      "location-before-char-end": 0,
      "node-str": "ContextManager"
    },
    {
      "type": "delete-node",
      "node": {
        "label": "STATE_INIT",
        "type": "FieldRead"
      },
      "location-before-char-start": 7863,
      "location-before-char-end": 7887,
      "node-str": "STATE_INIT"
    },
    {
      "type": "delete-node",
      "node": {
        "label": "GE",
        "type": "BinaryOperator"
      },
      "location-before-char-start": 7846,
      "location-before-char-end": 7887,
      "node-str": "GE"
    },
    {
      "type": "delete-node",
      "node": {
        "label": "org.apache.tomcat.modules.config.JservConfig",
        "type": "TypeAccess"
      },
      "location-before-char-start": 0,
      "location-before-char-end": 0,
      "node-str": "org.apache.tomcat.modules.config.JservConfig"
    },
    {
      "type": "delete-node",
      "node": {
        "label": "cm",
        "type": "VariableRead"
      },
      "location-before-char-start": 8068,
      "location-before-char-end": 8069,
      "node-str": "cm"
    },
    {
      "type": "delete-node",
      "node": {
        "label": "execute",
        "type": "Invocation"
      },
      "location-before-char-start": 8059,
      "location-before-char-end": 8072,
      "node-str": "execute"
    },
    {
      "type": "delete-node",
      "node": {
        "label": "THEN",
        "type": "then"
      },
      "location-before-char-start": 7891,
      "location-before-char-end": 8079,
      "node-str": "THEN"
    },
    {
      "type": "delete-node",
      "node": {
        "label": "if",
        "type": "If"
      },
      "location-before-char-start": 7842,
      "location-before-char-end": 8079,
      "node-str": "if"
    },
    {
      "type": "delete-node",
      "node": {
        "label": "contextInit",
        "type": "Method"
      },
      "location-before-char-start": 7730,
      "location-before-char-end": 8085,
      "node-str": "contextInit"
    },
    {
      "type": "delete-node",
      "node": {
        "label": "java.lang.String",
        "type": "VARIABLE_TYPE"
      },
      "location-before-char-start": 0,
      "location-before-char-end": 0,
      "node-str": "java.lang.String"
    },
    {
      "type": "delete-node",
      "node": {
        "label": "\"\"",
        "type": "Literal"
      },
      "location-before-char-start": 16965,
      "location-before-char-end": 16966,
      "node-str": "\"\""
    },
    {
      "type": "delete-node",
      "node": {
        "label": "indent",
        "type": "Field"
      },
      "location-before-char-start": 16885,
      "location-before-char-end": 16967,
      "node-str": "indent"
    },
    {
      "type": "delete-node",
      "node": {
        "label": "void",
        "type": "RETURN_TYPE"
      },
      "location-before-char-start": 0,
      "location-before-char-end": 0,
      "node-str": "void"
    },
    {
      "type": "delete-node",
      "node": {
        "label": "Context",
        "type": "VARIABLE_TYPE"
      },
      "location-before-char-start": 0,
      "location-before-char-end": 0,
      "node-str": "Context"
    },
    {
      "type": "delete-node",
      "node": {
        "label": "context",
        "type": "Parameter"
      },
      "location-before-char-start": 22577,
      "location-before-char-end": 22591,
      "node-str": "context"
    },
    {
      "type": "delete-node",
      "node": {
        "label": "java.io.PrintWriter",
        "type": "VARIABLE_TYPE"
      },
      "location-before-char-start": 0,
      "location-before-char-end": 0,
      "node-str": "java.io.PrintWriter"
    },
    {
      "type": "delete-node",
      "node": {
        "label": "pw",
        "type": "Parameter"
      },
      "location-before-char-start": 22594,
      "location-before-char-end": 22607,
      "node-str": "pw"
    },
    {
      "type": "delete-node",
      "node": {
        "label": "java.lang.String",
        "type": "VARIABLE_TYPE"
      },
      "location-before-char-start": 0,
      "location-before-char-end": 0,
      "node-str": "java.lang.String"
    },
    {
      "type": "delete-node",
      "node": {
        "label": "context",
        "type": "VariableRead"
      },
      "location-before-char-start": 22639,
      "location-before-char-end": 22645,
      "node-str": "context"
    },
    {
      "type": "delete-node",
      "node": {
        "label": "getPath",
        "type": "Invocation"
      },
      "location-before-char-start": 22639,
      "location-before-char-end": 22655,
      "node-str": "getPath"
    },
    {
      "type": "delete-node",
      "node": {
        "label": "ctxPath",
        "type": "LocalVariable"
      },
      "location-before-char-start": 22621,
      "location-before-char-end": 22656,
      "node-str": "ctxPath"
    },
    {
      "type": "delete-node",
      "node": {
        "label": "org.apache.tomcat.modules.config.JservConfig",
        "type": "TypeAccess"
      },
      "location-before-char-start": 0,
      "location-before-char-end": 0,
      "node-str": "org.apache.tomcat.modules.config.JservConfig"
    },
    {
      "type": "delete-node",
      "node": {
        "label": "context",
        "type": "VariableRead"
      },
      "location-before-char-start": 23766,
      "location-before-char-end": 23772,
      "node-str": "context"
    },
    {
      "type": "delete-node",
      "node": {
        "label": "pw",
        "type": "VariableRead"
      },
      "location-before-char-start": 23775,
      "location-before-char-end": 23776,
      "node-str": "pw"
    },
    {
      "type": "delete-node",
      "node": {
        "label": "generateWelcomeFiles",
        "type": "Invocation"
      },
      "location-before-char-start": 23745,
      "location-before-char-end": 23778,
      "node-str": "generateWelcomeFiles"
    },
    {
      "type": "delete-node",
      "node": {
        "label": "pw",
        "type": "VariableRead"
      },
      "location-before-char-start": 23905,
      "location-before-char-end": 23906,
      "node-str": "pw"
    },
    {
      "type": "delete-node",
      "node": {
        "label": "println",
        "type": "Invocation"
      },
      "location-before-char-start": 23905,
      "location-before-char-end": 23917,
      "node-str": "println"
    },
    {
      "type": "delete-node",
      "node": {
        "label": "pw",
        "type": "VariableRead"
      },
      "location-before-char-start": 23996,
      "location-before-char-end": 23997,
      "node-str": "pw"
    },
    {
      "type": "delete-node",
      "node": {
        "label": "println",
        "type": "Invocation"
      },
      "location-before-char-start": 23996,
      "location-before-char-end": 24008,
      "node-str": "println"
    },
    {
      "type": "delete-node",
      "node": {
        "label": "pw",
        "type": "VariableRead"
      },
      "location-before-char-start": 24458,
      "location-before-char-end": 24459,
      "node-str": "pw"
    },
    {
      "type": "delete-node",
      "node": {
        "label": "println",
        "type": "Invocation"
      },
      "location-before-char-start": 24458,
      "location-before-char-end": 24470,
      "node-str": "println"
    },
    {
      "type": "delete-node",
      "node": {
        "label": "pw",
        "type": "VariableRead"
      },
      "location-before-char-start": 25600,
      "location-before-char-end": 25601,
      "node-str": "pw"
    },
    {
      "type": "delete-node",
      "node": {
        "label": "println",
        "type": "Invocation"
      },
      "location-before-char-start": 25600,
      "location-before-char-end": 25612,
      "node-str": "println"
    }
  ],
  "before-file": {},
  "after-file": {},
  "mapping": {}
}