{
  "tool-info": {},
  "diff": [
    {
      "type": "insert-node",
      "node": {
        "label": "ClientUserTransaction",
        "type": "Class"
      },
      "location-after-char-start": 1062,
      "location-after-char-end": 11223,
      "node-str": "ClientUserTransaction"
    },
    {
      "type": "insert-node",
      "node": {
        "label": "public",
        "type": "Modifier"
      },
      "location-after-char-start": 0,
      "location-after-char-end": 0,
      "node-str": "public"
    },
    {
      "type": "insert-node",
      "node": {
        "label": "singleton",
        "type": "Field"
      },
      "location-after-char-start": 1863,
      "location-after-char-end": 2032,
      "node-str": "singleton"
    },
    {
      "type": "move-subtree",
      "node": {
        "label": "getSingleton",
        "type": "Method"
      },
      "location-before-char-start": 1971,
      "location-before-char-end": 2200,
      "location-after-char-start": 2038,
      "location-after-char-end": 2267,
      "node-str": "getSingleton"
    },
    {
      "type": "insert-node",
      "node": {
        "label": "\u003cinit\u003e",
        "type": "Constructor"
      },
      "location-after-char-start": 2274,
      "location-after-char-end": 2799,
      "node-str": "\u003cinit\u003e"
    },
    {
      "type": "move-subtree",
      "node": {
        "label": "begin",
        "type": "Method"
      },
      "location-before-char-start": 2508,
      "location-before-char-end": 3148,
      "location-after-char-start": 2805,
      "location-after-char-end": 3445,
      "node-str": "begin"
    },
    {
      "type": "move-subtree",
      "node": {
        "label": "commit",
        "type": "Method"
      },
      "location-before-char-start": 3154,
      "location-before-char-end": 4124,
      "location-after-char-start": 3451,
      "location-after-char-end": 4421,
      "node-str": "commit"
    },
    {
      "type": "move-subtree",
      "node": {
        "label": "rollback",
        "type": "Method"
      },
      "location-before-char-start": 4130,
      "location-before-char-end": 4789,
      "location-after-char-start": 4427,
      "location-after-char-end": 5086,
      "node-str": "rollback"
    },
    {
      "type": "move-subtree",
      "node": {
        "label": "setRollbackOnly",
        "type": "Method"
      },
      "location-before-char-start": 4795,
      "location-before-char-end": 5359,
      "location-after-char-start": 5092,
      "location-after-char-end": 5656,
      "node-str": "setRollbackOnly"
    },
    {
      "type": "move-subtree",
      "node": {
        "label": "getStatus",
        "type": "Method"
      },
      "location-before-char-start": 5365,
      "location-before-char-end": 5921,
      "location-after-char-start": 5662,
      "location-after-char-end": 6218,
      "node-str": "getStatus"
    },
    {
      "type": "move-subtree",
      "node": {
        "label": "setTransactionTimeout",
        "type": "Method"
      },
      "location-before-char-start": 5927,
      "location-before-char-end": 6054,
      "location-after-char-start": 6224,
      "location-after-char-end": 6351,
      "node-str": "setTransactionTimeout"
    },
    {
      "type": "move-subtree",
      "node": {
        "label": "getTransactionPropagationContext",
        "type": "Method"
      },
      "location-before-char-start": 6061,
      "location-before-char-end": 6234,
      "location-after-char-start": 6358,
      "location-after-char-end": 6531,
      "node-str": "getTransactionPropagationContext"
    },
    {
      "type": "move-subtree",
      "node": {
        "label": "getTransactionPropagationContext",
        "type": "Method"
      },
      "location-before-char-start": 6241,
      "location-before-char-end": 6428,
      "location-after-char-start": 6537,
      "location-after-char-end": 6724,
      "node-str": "getTransactionPropagationContext"
    },
    {
      "type": "move-subtree",
      "node": {
        "label": "getReference",
        "type": "Method"
      },
      "location-before-char-start": 6436,
      "location-before-char-end": 6811,
      "location-after-char-start": 6731,
      "location-after-char-end": 7105,
      "node-str": "getReference"
    },
    {
      "type": "insert-node",
      "node": {
        "label": "session",
        "type": "Field"
      },
      "location-after-char-start": 7112,
      "location-after-char-end": 7327,
      "node-str": "session"
    },
    {
      "type": "insert-node",
      "node": {
        "label": "threadInfo",
        "type": "Field"
      },
      "location-after-char-start": 7333,
      "location-after-char-end": 7459,
      "node-str": "threadInfo"
    },
    {
      "type": "move-subtree",
      "node": {
        "label": "createSession",
        "type": "Method"
      },
      "location-before-char-start": 7172,
      "location-before-char-end": 7780,
      "location-after-char-start": 7466,
      "location-after-char-end": 8074,
      "node-str": "createSession"
    },
    {
      "type": "move-subtree",
      "node": {
        "label": "destroySession",
        "type": "Method"
      },
      "location-before-char-start": 7786,
      "location-before-char-end": 8068,
      "location-after-char-start": 8080,
      "location-after-char-end": 8362,
      "node-str": "destroySession"
    },
    {
      "type": "move-subtree",
      "node": {
        "label": "getSession",
        "type": "Method"
      },
      "location-before-char-start": 8074,
      "location-before-char-end": 8318,
      "location-after-char-start": 8368,
      "location-after-char-end": 8612,
      "node-str": "getSession"
    },
    {
      "type": "move-subtree",
      "node": {
        "label": "getThreadInfo",
        "type": "Method"
      },
      "location-before-char-start": 8325,
      "location-before-char-end": 8625,
      "location-after-char-start": 8619,
      "location-after-char-end": 8919,
      "node-str": "getThreadInfo"
    },
    {
      "type": "move-subtree",
      "node": {
        "label": "ThreadInfo",
        "type": "Class"
      },
      "location-before-char-start": 8632,
      "location-before-char-end": 10926,
      "location-after-char-start": 8926,
      "location-after-char-end": 11220,
      "node-str": "ThreadInfo"
    },
    {
      "type": "insert-node",
      "node": {
        "label": "org.jboss.tm.usertx.client.ClientUserTransaction",
        "type": "VARIABLE_TYPE"
      },
      "location-after-char-start": 0,
      "location-after-char-end": 0,
      "node-str": "org.jboss.tm.usertx.client.ClientUserTransaction"
    },
    {
      "type": "insert-node",
      "node": {
        "label": "static",
        "type": "Modifier"
      },
      "location-after-char-start": 0,
      "location-after-char-end": 0,
      "node-str": "static"
    },
    {
      "type": "insert-node",
      "node": {
        "label": "null",
        "type": "Literal"
      },
      "location-after-char-start": 2028,
      "location-after-char-end": 2031,
      "node-str": "null"
    },
    {
      "type": "insert-node",
      "node": {
        "label": "setTPCFactory",
        "type": "Invocation"
      },
      "location-after-char-start": 2528,
      "location-after-char-end": 2564,
      "node-str": "setTPCFactory"
    },
    {
      "type": "insert-node",
      "node": {
        "label": "setTransactionPropagationContextFactory",
        "type": "Invocation"
      },
      "location-after-char-start": 2728,
      "location-after-char-end": 2794,
      "node-str": "setTransactionPropagationContextFactory"
    },
    {
      "type": "insert-node",
      "node": {
        "label": "org.jboss.tm.usertx.interfaces.UserTransactionSession",
        "type": "VARIABLE_TYPE"
      },
      "location-after-char-start": 0,
      "location-after-char-end": 0,
      "node-str": "org.jboss.tm.usertx.interfaces.UserTransactionSession"
    },
    {
      "type": "insert-node",
      "node": {
        "label": "null",
        "type": "Literal"
      },
      "location-after-char-start": 7323,
      "location-after-char-end": 7326,
      "node-str": "null"
    },
    {
      "type": "insert-node",
      "node": {
        "label": "java.lang.ThreadLocal",
        "type": "VARIABLE_TYPE"
      },
      "location-after-char-start": 0,
      "location-after-char-end": 0,
      "node-str": "java.lang.ThreadLocal"
    },
    {
      "type": "insert-node",
      "node": {
        "label": "transient",
        "type": "Modifier"
      },
      "location-after-char-start": 0,
      "location-after-char-end": 0,
      "node-str": "transient"
    },
    {
      "type": "insert-node",
      "node": {
        "label": "java.lang.ThreadLocal()",
        "type": "ConstructorCall"
      },
      "location-after-char-start": 7442,
      "location-after-char-end": 7458,
      "node-str": "java.lang.ThreadLocal()"
    },
    {
      "type": "insert-node",
      "node": {
        "label": "org.jboss.invocation.jrmp.interfaces.JRMPInvokerProxy",
        "type": "TypeAccess"
      },
      "location-after-char-start": 2528,
      "location-after-char-end": 2543,
      "node-str": "org.jboss.invocation.jrmp.interfaces.JRMPInvokerProxy"
    },
    {
      "type": "insert-node",
      "node": {
        "label": "this",
        "type": "ThisAccess"
      },
      "location-after-char-start": 2559,
      "location-after-char-end": 2562,
      "node-str": "this"
    },
    {
      "type": "insert-node",
      "node": {
        "label": "org.jboss.remoting.marshal.invocation.InvocationMarshaller",
        "type": "TypeAccess"
      },
      "location-after-char-start": 2728,
      "location-after-char-end": 2747,
      "node-str": "org.jboss.remoting.marshal.invocation.InvocationMarshaller"
    },
    {
      "type": "insert-node",
      "node": {
        "label": "this",
        "type": "ThisAccess"
      },
      "location-after-char-start": 2789,
      "location-after-char-end": 2792,
      "node-str": "this"
    },
    {
      "type": "insert-node",
      "node": {
        "label": "org.jboss.tm.usertx.client.ClientUserTransaction",
        "type": "TypeAccess"
      },
      "location-after-char-start": 0,
      "location-after-char-end": 0,
      "node-str": "org.jboss.tm.usertx.client.ClientUserTransaction"
    },
    {
      "type": "insert-node",
      "node": {
        "label": "org.jboss.tm.usertx.client.ClientUserTransaction",
        "type": "TypeAccess"
      },
      "location-after-char-start": 0,
      "location-after-char-end": 0,
      "node-str": "org.jboss.tm.usertx.client.ClientUserTransaction"
    },
    {
      "type": "delete-node",
      "node": {
        "label": "public",
        "type": "Modifier"
      },
      "location-before-char-start": 0,
      "location-before-char-end": 0,
      "node-str": "public"
    },
    {
      "type": "delete-node",
      "node": {
        "label": "org.jboss.tm.usertx.client.ClientUserTransaction",
        "type": "VARIABLE_TYPE"
      },
      "location-before-char-start": 0,
      "location-before-char-end": 0,
      "node-str": "org.jboss.tm.usertx.client.ClientUserTransaction"
    },
    {
      "type": "delete-node",
      "node": {
        "label": "static",
        "type": "Modifier"
      },
      "location-before-char-start": 0,
      "location-before-char-end": 0,
      "node-str": "static"
    },
    {
      "type": "delete-node",
      "node": {
        "label": "null",
        "type": "Literal"
      },
      "location-before-char-start": 1961,
      "location-before-char-end": 1964,
      "node-str": "null"
    },
    {
      "type": "delete-node",
      "node": {
        "label": "singleton",
        "type": "Field"
      },
      "location-before-char-start": 1796,
      "location-before-char-end": 1965,
      "node-str": "singleton"
    },
    {
      "type": "delete-node",
      "node": {
        "label": "org.jboss.invocation.jrmp.interfaces.JRMPInvokerProxy",
        "type": "TypeAccess"
      },
      "location-before-char-start": 2461,
      "location-before-char-end": 2476,
      "node-str": "org.jboss.invocation.jrmp.interfaces.JRMPInvokerProxy"
    },
    {
      "type": "delete-node",
      "node": {
        "label": "org.jboss.tm.usertx.client.ClientUserTransaction",
        "type": "TypeAccess"
      },
      "location-before-char-start": 0,
      "location-before-char-end": 0,
      "node-str": "org.jboss.tm.usertx.client.ClientUserTransaction"
    },
    {
      "type": "delete-node",
      "node": {
        "label": "this",
        "type": "ThisAccess"
      },
      "location-before-char-start": 2492,
      "location-before-char-end": 2495,
      "node-str": "this"
    },
    {
      "type": "delete-node",
      "node": {
        "label": "setTPCFactory",
        "type": "Invocation"
      },
      "location-before-char-start": 2461,
      "location-before-char-end": 2497,
      "node-str": "setTPCFactory"
    },
    {
      "type": "delete-node",
      "node": {
        "label": "\u003cinit\u003e",
        "type": "Constructor"
      },
      "location-before-char-start": 2207,
      "location-before-char-end": 2502,
      "node-str": "\u003cinit\u003e"
    },
    {
      "type": "delete-node",
      "node": {
        "label": "org.jboss.tm.usertx.interfaces.UserTransactionSession",
        "type": "VARIABLE_TYPE"
      },
      "location-before-char-start": 0,
      "location-before-char-end": 0,
      "node-str": "org.jboss.tm.usertx.interfaces.UserTransactionSession"
    },
    {
      "type": "delete-node",
      "node": {
        "label": "null",
        "type": "Literal"
      },
      "location-before-char-start": 7029,
      "location-before-char-end": 7032,
      "node-str": "null"
    },
    {
      "type": "delete-node",
      "node": {
        "label": "session",
        "type": "Field"
      },
      "location-before-char-start": 6818,
      "location-before-char-end": 7033,
      "node-str": "session"
    },
    {
      "type": "delete-node",
      "node": {
        "label": "java.lang.ThreadLocal",
        "type": "VARIABLE_TYPE"
      },
      "location-before-char-start": 0,
      "location-before-char-end": 0,
      "node-str": "java.lang.ThreadLocal"
    },
    {
      "type": "delete-node",
      "node": {
        "label": "transient",
        "type": "Modifier"
      },
      "location-before-char-start": 0,
      "location-before-char-end": 0,
      "node-str": "transient"
    },
    {
      "type": "delete-node",
      "node": {
        "label": "java.lang.ThreadLocal()",
        "type": "ConstructorCall"
      },
      "location-before-char-start": 7148,
      "location-before-char-end": 7164,
      "node-str": "java.lang.ThreadLocal()"
    },
    {
      "type": "delete-node",
      "node": {
        "label": "threadInfo",
        "type": "Field"
      },
      "location-before-char-start": 7039,
      "location-before-char-end": 7165,
      "node-str": "threadInfo"
    },
    {
      "type": "delete-node",
      "node": {
        "label": "ClientUserTransaction",
        "type": "Class"
      },
      "location-before-char-start": 995,
      "location-before-char-end": 10929,
      "node-str": "ClientUserTransaction"
    }
  ],
  "before-file": {},
  "after-file": {},
  "mapping": {}
}