{
  "tool-info": {},
  "diff": [
    {
      "type": "insert-node",
      "node": {
        "label": "generateConstraintEnrichedDocComment",
        "type": "Method"
      },
      "location-after-char-start": 40278,
      "location-after-char-end": 42995,
      "node-str": "generateConstraintEnrichedDocComment"
    },
    {
      "type": "insert-node",
      "node": {
        "label": "if",
        "type": "If"
      },
      "location-after-char-start": 8901,
      "location-after-char-end": 10539,
      "node-str": "if"
    },
    {
      "type": "move-subtree",
      "node": {
        "label": "append",
        "type": "Invocation"
      },
      "location-before-char-start": 18521,
      "location-before-char-end": 18584,
      "location-after-char-start": 18519,
      "location-after-char-end": 18583,
      "node-str": "append"
    },
    {
      "type": "insert-node",
      "node": {
        "label": "append",
        "type": "Invocation"
      },
      "location-after-char-start": 18586,
      "location-after-char-end": 18600,
      "node-str": "append"
    },
    {
      "type": "insert-node",
      "node": {
        "label": "if",
        "type": "If"
      },
      "location-after-char-start": 21192,
      "location-after-char-end": 21372,
      "node-str": "if"
    },
    {
      "type": "move-subtree",
      "node": {
        "label": "java.lang.String",
        "type": "RETURN_TYPE"
      },
      "location-before-char-start": 0,
      "location-before-char-end": 0,
      "location-after-char-start": 0,
      "location-after-char-end": 0,
      "node-str": "java.lang.String"
    },
    {
      "type": "move-subtree",
      "node": {
        "label": "public",
        "type": "Modifier"
      },
      "location-before-char-start": 0,
      "location-before-char-end": 0,
      "location-after-char-start": 0,
      "location-after-char-end": 0,
      "node-str": "public"
    },
    {
      "type": "move-subtree",
      "node": {
        "label": "me",
        "type": "Parameter"
      },
      "location-before-char-start": 41400,
      "location-before-char-end": 41408,
      "location-after-char-start": 41404,
      "location-after-char-end": 41412,
      "node-str": "me"
    },
    {
      "type": "move-subtree",
      "node": {
        "label": "ae",
        "type": "Parameter"
      },
      "location-before-char-start": 41411,
      "location-before-char-end": 41419,
      "location-after-char-start": 41415,
      "location-after-char-end": 41423,
      "node-str": "ae"
    },
    {
      "type": "move-subtree",
      "node": {
        "label": "s",
        "type": "LocalVariable"
      },
      "location-before-char-start": 41432,
      "location-before-char-end": 41497,
      "location-after-char-start": 41436,
      "location-after-char-end": 41501,
      "node-str": "s"
    },
    {
      "type": "move-subtree",
      "node": {
        "label": "m",
        "type": "LocalVariable"
      },
      "location-before-char-start": 41508,
      "location-before-char-end": 41567,
      "location-after-char-start": 41512,
      "location-after-char-end": 41571,
      "node-str": "m"
    },
    {
      "type": "insert-node",
      "node": {
        "label": "if",
        "type": "If"
      },
      "location-after-char-start": 41581,
      "location-after-char-end": 42989,
      "node-str": "if"
    },
    {
      "type": "insert-node",
      "node": {
        "label": "if",
        "type": "If"
      },
      "location-after-char-start": 44966,
      "location-after-char-end": 45360,
      "node-str": "if"
    },
    {
      "type": "move-subtree",
      "node": {
        "label": "NE",
        "type": "BinaryOperator"
      },
      "location-before-char-start": 8840,
      "location-before-char-end": 8848,
      "location-after-char-start": 8905,
      "location-after-char-end": 8913,
      "node-str": "NE"
    },
    {
      "type": "insert-node",
      "node": {
        "label": "THEN",
        "type": "then"
      },
      "location-after-char-start": 8916,
      "location-after-char-end": 10539,
      "node-str": "THEN"
    },
    {
      "type": "insert-node",
      "node": {
        "label": "sb",
        "type": "VariableRead"
      },
      "location-after-char-start": 18586,
      "location-after-char-end": 18587,
      "node-str": "sb"
    },
    {
      "type": "move-subtree",
      "node": {
        "label": "\u0027 \u0027",
        "type": "Literal"
      },
      "location-before-char-start": 18593,
      "location-before-char-end": 18595,
      "location-after-char-start": 18596,
      "location-after-char-end": 18598,
      "node-str": "\u0027 \u0027"
    },
    {
      "type": "move-subtree",
      "node": {
        "label": "NE",
        "type": "BinaryOperator"
      },
      "location-before-char-start": 21193,
      "location-before-char-end": 21248,
      "location-after-char-start": 21196,
      "location-after-char-end": 21251,
      "node-str": "NE"
    },
    {
      "type": "insert-node",
      "node": {
        "label": "THEN",
        "type": "then"
      },
      "location-after-char-start": 21254,
      "location-after-char-end": 21372,
      "node-str": "THEN"
    },
    {
      "type": "move-subtree",
      "node": {
        "label": "NOT",
        "type": "UnaryOperator"
      },
      "location-before-char-start": 41581,
      "location-before-char-end": 41665,
      "location-after-char-start": 41585,
      "location-after-char-end": 41676,
      "node-str": "NOT"
    },
    {
      "type": "insert-node",
      "node": {
        "label": "THEN",
        "type": "then"
      },
      "location-after-char-start": 41679,
      "location-after-char-end": 42931,
      "node-str": "THEN"
    },
    {
      "type": "move-subtree",
      "node": {
        "label": "ELSE",
        "type": "else"
      },
      "location-before-char-start": 43008,
      "location-before-char-end": 43059,
      "location-after-char-start": 42938,
      "location-after-char-end": 42989,
      "node-str": "ELSE"
    },
    {
      "type": "move-subtree",
      "node": {
        "label": "NE",
        "type": "BinaryOperator"
      },
      "location-before-char-start": 45040,
      "location-before-char-end": 45048,
      "location-after-char-start": 44970,
      "location-after-char-end": 44978,
      "node-str": "NE"
    },
    {
      "type": "move-subtree",
      "node": {
        "label": "THEN",
        "type": "then"
      },
      "location-before-char-start": 45051,
      "location-before-char-end": 45220,
      "location-after-char-start": 44981,
      "location-after-char-end": 45150,
      "node-str": "THEN"
    },
    {
      "type": "insert-node",
      "node": {
        "label": "ELSE",
        "type": "else"
      },
      "location-after-char-start": 45157,
      "location-after-char-end": 45360,
      "node-str": "ELSE"
    },
    {
      "type": "insert-node",
      "node": {
        "label": "",
        "type": "For"
      },
      "location-after-char-start": 8985,
      "location-after-char-end": 10529,
      "node-str": ""
    },
    {
      "type": "insert-node",
      "node": {
        "label": "append",
        "type": "Invocation"
      },
      "location-after-char-start": 21268,
      "location-after-char-end": 21282,
      "node-str": "append"
    },
    {
      "type": "insert-node",
      "node": {
        "label": "append",
        "type": "Invocation"
      },
      "location-after-char-start": 21289,
      "location-after-char-end": 21348,
      "node-str": "append"
    },
    {
      "type": "insert-node",
      "node": {
        "label": "append",
        "type": "Invocation"
      },
      "location-after-char-start": 21355,
      "location-after-char-end": 21369,
      "node-str": "append"
    },
    {
      "type": "move-subtree",
      "node": {
        "label": "sDocComment",
        "type": "LocalVariable"
      },
      "location-before-char-start": 41832,
      "location-before-char-end": 41879,
      "location-after-char-start": 41843,
      "location-after-char-end": 41890,
      "node-str": "sDocComment"
    },
    {
      "type": "insert-node",
      "node": {
        "label": "if",
        "type": "If"
      },
      "location-after-char-start": 41939,
      "location-after-char-end": 42316,
      "node-str": "if"
    },
    {
      "type": "move-subtree",
      "node": {
        "label": "type",
        "type": "LocalVariable"
      },
      "location-before-char-start": 42448,
      "location-before-char-end": 42500,
      "location-after-char-start": 42363,
      "location-after-char-end": 42415,
      "node-str": "type"
    },
    {
      "type": "insert-node",
      "node": {
        "label": "if",
        "type": "If"
      },
      "location-after-char-start": 42429,
      "location-after-char-end": 42565,
      "node-str": "if"
    },
    {
      "type": "move-subtree",
      "node": {
        "label": "append",
        "type": "Invocation"
      },
      "location-before-char-start": 42844,
      "location-before-char-end": 42907,
      "location-after-char-start": 42774,
      "location-after-char-end": 42837,
      "node-str": "append"
    },
    {
      "type": "move-subtree",
      "node": {
        "label": "append",
        "type": "Invocation"
      },
      "location-before-char-start": 42914,
      "location-before-char-end": 42948,
      "location-after-char-start": 42844,
      "location-after-char-end": 42878,
      "node-str": "append"
    },
    {
      "type": "move-subtree",
      "node": {
        "label": "return",
        "type": "Return"
      },
      "location-before-char-start": 42962,
      "location-before-char-end": 42991,
      "location-after-char-start": 42892,
      "location-after-char-end": 42921,
      "node-str": "return"
    },
    {
      "type": "move-subtree",
      "node": {
        "label": "append",
        "type": "Invocation"
      },
      "location-before-char-start": 45241,
      "location-before-char-end": 45337,
      "location-after-char-start": 45171,
      "location-after-char-end": 45234,
      "node-str": "append"
    },
    {
      "type": "insert-node",
      "node": {
        "label": "append",
        "type": "Invocation"
      },
      "location-after-char-start": 45241,
      "location-after-char-end": 45304,
      "node-str": "append"
    },
    {
      "type": "insert-node",
      "node": {
        "label": "append",
        "type": "Invocation"
      },
      "location-after-char-start": 45311,
      "location-after-char-end": 45350,
      "node-str": "append"
    },
    {
      "type": "insert-node",
      "node": {
        "label": "body",
        "type": "LocalVariable"
      },
      "location-after-char-start": 47402,
      "location-after-char-end": 47483,
      "node-str": "body"
    },
    {
      "type": "insert-node",
      "node": {
        "label": "otParsed",
        "type": "LocalVariable"
      },
      "location-after-char-start": 47501,
      "location-after-char-end": 47568,
      "node-str": "otParsed"
    },
    {
      "type": "move-subtree",
      "node": {
        "label": "\u003d",
        "type": "Assignment"
      },
      "location-before-char-start": 8925,
      "location-before-char-end": 8940,
      "location-after-char-start": 8990,
      "location-after-char-end": 9005,
      "node-str": "\u003d"
    },
    {
      "type": "move-subtree",
      "node": {
        "label": "hasNext",
        "type": "Invocation"
      },
      "location-before-char-start": 8943,
      "location-before-char-end": 8953,
      "location-after-char-start": 9008,
      "location-after-char-end": 9018,
      "node-str": "hasNext"
    },
    {
      "type": "move-subtree",
      "node": {
        "label": "mFeature",
        "type": "LocalVariable"
      },
      "location-before-char-start": 8975,
      "location-before-char-end": 9016,
      "location-after-char-start": 9040,
      "location-after-char-end": 9081,
      "node-str": "mFeature"
    },
    {
      "type": "insert-node",
      "node": {
        "label": "if",
        "type": "If"
      },
      "location-after-char-start": 9099,
      "location-after-char-end": 10515,
      "node-str": "if"
    },
    {
      "type": "insert-node",
      "node": {
        "label": "sb",
        "type": "VariableRead"
      },
      "location-after-char-start": 21268,
      "location-after-char-end": 21269,
      "node-str": "sb"
    },
    {
      "type": "move-subtree",
      "node": {
        "label": "\" \"",
        "type": "Literal"
      },
      "location-before-char-start": 21273,
      "location-before-char-end": 21275,
      "location-after-char-start": 21278,
      "location-after-char-end": 21280,
      "node-str": "\" \""
    },
    {
      "type": "move-subtree",
      "node": {
        "label": "sb",
        "type": "VariableRead"
      },
      "location-before-char-start": 21263,
      "location-before-char-end": 21264,
      "location-after-char-start": 21289,
      "location-after-char-end": 21290,
      "node-str": "sb"
    },
    {
      "type": "move-subtree",
      "node": {
        "label": "getTaggedValue",
        "type": "Invocation"
      },
      "location-before-char-start": 21279,
      "location-before-char-end": 21326,
      "location-after-char-start": 21299,
      "location-after-char-end": 21346,
      "node-str": "getTaggedValue"
    },
    {
      "type": "insert-node",
      "node": {
        "label": "sb",
        "type": "VariableRead"
      },
      "location-after-char-start": 21355,
      "location-after-char-end": 21356,
      "node-str": "sb"
    },
    {
      "type": "move-subtree",
      "node": {
        "label": "\" \"",
        "type": "Literal"
      },
      "location-before-char-start": 21330,
      "location-before-char-end": 21332,
      "location-after-char-start": 21365,
      "location-after-char-end": 21367,
      "node-str": "\" \""
    },
    {
      "type": "move-subtree",
      "node": {
        "label": "NOT",
        "type": "UnaryOperator"
      },
      "location-before-char-start": 41932,
      "location-before-char-end": 41959,
      "location-after-char-start": 41943,
      "location-after-char-end": 41970,
      "node-str": "NOT"
    },
    {
      "type": "move-subtree",
      "node": {
        "label": "THEN",
        "type": "then"
      },
      "location-before-char-start": 41962,
      "location-before-char-end": 42093,
      "location-after-char-start": 41973,
      "location-after-char-end": 42104,
      "node-str": "THEN"
    },
    {
      "type": "insert-node",
      "node": {
        "label": "ELSE",
        "type": "else"
      },
      "location-after-char-start": 42111,
      "location-after-char-end": 42316,
      "node-str": "ELSE"
    },
    {
      "type": "move-subtree",
      "node": {
        "label": "NE",
        "type": "BinaryOperator"
      },
      "location-before-char-start": 42518,
      "location-before-char-end": 42529,
      "location-after-char-start": 42433,
      "location-after-char-end": 42444,
      "node-str": "NE"
    },
    {
      "type": "insert-node",
      "node": {
        "label": "THEN",
        "type": "then"
      },
      "location-after-char-start": 42447,
      "location-after-char-end": 42565,
      "node-str": "THEN"
    },
    {
      "type": "insert-node",
      "node": {
        "label": "append",
        "type": "Invocation"
      },
      "location-after-char-start": 45241,
      "location-after-char-end": 45280,
      "node-str": "append"
    },
    {
      "type": "move-subtree",
      "node": {
        "label": "LINE_SEPARATOR",
        "type": "FieldRead"
      },
      "location-before-char-start": 45409,
      "location-before-char-end": 45422,
      "location-after-char-start": 45289,
      "location-after-char-end": 45302,
      "node-str": "LINE_SEPARATOR"
    },
    {
      "type": "insert-node",
      "node": {
        "label": "append",
        "type": "Invocation"
      },
      "location-after-char-start": 45311,
      "location-after-char-end": 45336,
      "node-str": "append"
    },
    {
      "type": "move-subtree",
      "node": {
        "label": "\" *\"",
        "type": "Literal"
      },
      "location-before-char-start": 45481,
      "location-before-char-end": 45484,
      "location-after-char-start": 45345,
      "location-after-char-end": 45348,
      "node-str": "\" *\""
    },
    {
      "type": "insert-node",
      "node": {
        "label": "java.lang.String",
        "type": "VARIABLE_TYPE"
      },
      "location-after-char-start": 0,
      "location-after-char-end": 0,
      "node-str": "java.lang.String"
    },
    {
      "type": "move-subtree",
      "node": {
        "label": "getBody",
        "type": "Invocation"
      },
      "location-before-char-start": 47610,
      "location-before-char-end": 47669,
      "location-after-char-start": 47422,
      "location-after-char-end": 47482,
      "node-str": "getBody"
    },
    {
      "type": "move-subtree",
      "node": {
        "label": "tudresden.ocl.OclTree",
        "type": "VARIABLE_TYPE"
      },
      "location-before-char-start": 0,
      "location-before-char-end": 0,
      "location-after-char-start": 0,
      "location-after-char-end": 0,
      "node-str": "tudresden.ocl.OclTree"
    },
    {
      "type": "insert-node",
      "node": {
        "label": "createTree",
        "type": "Invocation"
      },
      "location-after-char-start": 47540,
      "location-after-char-end": 47567,
      "node-str": "createTree"
    },
    {
      "type": "move-subtree",
      "node": {
        "label": "isAAttribute",
        "type": "Invocation"
      },
      "location-before-char-start": 9038,
      "location-before-char-end": 9071,
      "location-after-char-start": 9103,
      "location-after-char-end": 9136,
      "node-str": "isAAttribute"
    },
    {
      "type": "move-subtree",
      "node": {
        "label": "THEN",
        "type": "then"
      },
      "location-before-char-start": 9074,
      "location-before-char-end": 9371,
      "location-after-char-start": 9139,
      "location-after-char-end": 9436,
      "node-str": "THEN"
    },
    {
      "type": "insert-node",
      "node": {
        "label": "ELSE",
        "type": "else"
      },
      "location-after-char-start": 9443,
      "location-after-char-end": 10515,
      "node-str": "ELSE"
    },
    {
      "type": "move-subtree",
      "node": {
        "label": "append",
        "type": "Invocation"
      },
      "location-before-char-start": 22996,
      "location-before-char-end": 23042,
      "location-after-char-start": 23039,
      "location-after-char-end": 23086,
      "node-str": "append"
    },
    {
      "type": "insert-node",
      "node": {
        "label": "append",
        "type": "Invocation"
      },
      "location-after-char-start": 23090,
      "location-after-char-end": 23115,
      "node-str": "append"
    },
    {
      "type": "move-subtree",
      "node": {
        "label": "append",
        "type": "Invocation"
      },
      "location-before-char-start": 42118,
      "location-before-char-end": 42222,
      "location-after-char-start": 42129,
      "location-after-char-end": 42192,
      "node-str": "append"
    },
    {
      "type": "insert-node",
      "node": {
        "label": "append",
        "type": "Invocation"
      },
      "location-after-char-start": 42196,
      "location-after-char-end": 42259,
      "node-str": "append"
    },
    {
      "type": "insert-node",
      "node": {
        "label": "append",
        "type": "Invocation"
      },
      "location-after-char-start": 42263,
      "location-after-char-end": 42302,
      "node-str": "append"
    },
    {
      "type": "move-subtree",
      "node": {
        "label": "append",
        "type": "Invocation"
      },
      "location-before-char-start": 42550,
      "location-before-char-end": 42586,
      "location-after-char-start": 42465,
      "location-after-char-end": 42502,
      "node-str": "append"
    },
    {
      "type": "insert-node",
      "node": {
        "label": "append",
        "type": "Invocation"
      },
      "location-after-char-start": 42506,
      "location-after-char-end": 42551,
      "node-str": "append"
    },
    {
      "type": "insert-node",
      "node": {
        "label": "append",
        "type": "Invocation"
      },
      "location-after-char-start": 45241,
      "location-after-char-end": 45266,
      "node-str": "append"
    },
    {
      "type": "move-subtree",
      "node": {
        "label": "\" * \"",
        "type": "Literal"
      },
      "location-before-char-start": 45395,
      "location-before-char-end": 45399,
      "location-after-char-start": 45275,
      "location-after-char-end": 45279,
      "node-str": "\" * \""
    },
    {
      "type": "insert-node",
      "node": {
        "label": "sDocComment",
        "type": "VariableRead"
      },
      "location-after-char-start": 45311,
      "location-after-char-end": 45321,
      "node-str": "sDocComment"
    },
    {
      "type": "move-subtree",
      "node": {
        "label": "org.argouml.language.java.generator.INDENT",
        "type": "TypeAccess"
      },
      "location-before-char-start": 45449,
      "location-before-char-end": 45454,
      "location-after-char-start": 45330,
      "location-after-char-end": 45335,
      "node-str": "org.argouml.language.java.generator.INDENT"
    },
    {
      "type": "move-subtree",
      "node": {
        "label": "tudresden.ocl.OclTree",
        "type": "TypeAccess"
      },
      "location-before-char-start": 47591,
      "location-before-char-end": 47597,
      "location-after-char-start": 47540,
      "location-after-char-end": 47546,
      "node-str": "tudresden.ocl.OclTree"
    },
    {
      "type": "insert-node",
      "node": {
        "label": "body",
        "type": "VariableRead"
      },
      "location-after-char-start": 47559,
      "location-after-char-end": 47562,
      "node-str": "body"
    },
    {
      "type": "move-subtree",
      "node": {
        "label": "mf",
        "type": "VariableRead"
      },
      "location-before-char-start": 47672,
      "location-before-char-end": 47673,
      "location-after-char-start": 47565,
      "location-after-char-end": 47566,
      "node-str": "mf"
    },
    {
      "type": "insert-node",
      "node": {
        "label": "if",
        "type": "If"
      },
      "location-after-char-start": 9443,
      "location-after-char-end": 10515,
      "node-str": "if"
    },
    {
      "type": "insert-node",
      "node": {
        "label": "sb",
        "type": "VariableRead"
      },
      "location-after-char-start": 23090,
      "location-after-char-end": 23091,
      "node-str": "sb"
    },
    {
      "type": "move-subtree",
      "node": {
        "label": "LINE_SEPARATOR",
        "type": "FieldRead"
      },
      "location-before-char-start": 23051,
      "location-before-char-end": 23064,
      "location-after-char-start": 23100,
      "location-after-char-end": 23113,
      "node-str": "LINE_SEPARATOR"
    },
    {
      "type": "insert-node",
      "node": {
        "label": "append",
        "type": "Invocation"
      },
      "location-after-char-start": 42196,
      "location-after-char-end": 42235,
      "node-str": "append"
    },
    {
      "type": "move-subtree",
      "node": {
        "label": "LINE_SEPARATOR",
        "type": "FieldRead"
      },
      "location-before-char-start": 42302,
      "location-before-char-end": 42315,
      "location-after-char-start": 42244,
      "location-after-char-end": 42257,
      "node-str": "LINE_SEPARATOR"
    },
    {
      "type": "insert-node",
      "node": {
        "label": "append",
        "type": "Invocation"
      },
      "location-after-char-start": 42263,
      "location-after-char-end": 42288,
      "node-str": "append"
    },
    {
      "type": "move-subtree",
      "node": {
        "label": "\" *\"",
        "type": "Literal"
      },
      "location-before-char-start": 42382,
      "location-before-char-end": 42385,
      "location-after-char-start": 42297,
      "location-after-char-end": 42300,
      "node-str": "\" *\""
    },
    {
      "type": "insert-node",
      "node": {
        "label": "sDocComment",
        "type": "VariableRead"
      },
      "location-after-char-start": 42506,
      "location-after-char-end": 42516,
      "node-str": "sDocComment"
    },
    {
      "type": "move-subtree",
      "node": {
        "label": "getName",
        "type": "Invocation"
      },
      "location-before-char-start": 42595,
      "location-before-char-end": 42619,
      "location-after-char-start": 42525,
      "location-after-char-end": 42549,
      "node-str": "getName"
    },
    {
      "type": "insert-node",
      "node": {
        "label": "sDocComment",
        "type": "VariableRead"
      },
      "location-after-char-start": 45241,
      "location-after-char-end": 45251,
      "node-str": "sDocComment"
    },
    {
      "type": "move-subtree",
      "node": {
        "label": "org.argouml.language.java.generator.INDENT",
        "type": "TypeAccess"
      },
      "location-before-char-start": 45363,
      "location-before-char-end": 45368,
      "location-after-char-start": 45260,
      "location-after-char-end": 45265,
      "node-str": "org.argouml.language.java.generator.INDENT"
    },
    {
      "type": "move-subtree",
      "node": {
        "label": "isAOperation",
        "type": "Invocation"
      },
      "location-before-char-start": 9382,
      "location-before-char-end": 9415,
      "location-after-char-start": 9447,
      "location-after-char-end": 9480,
      "node-str": "isAOperation"
    },
    {
      "type": "insert-node",
      "node": {
        "label": "THEN",
        "type": "then"
      },
      "location-after-char-start": 9483,
      "location-after-char-end": 10515,
      "node-str": "THEN"
    },
    {
      "type": "insert-node",
      "node": {
        "label": "append",
        "type": "Invocation"
      },
      "location-after-char-start": 42196,
      "location-after-char-end": 42221,
      "node-str": "append"
    },
    {
      "type": "move-subtree",
      "node": {
        "label": "\" * \"",
        "type": "Literal"
      },
      "location-before-char-start": 42288,
      "location-before-char-end": 42292,
      "location-after-char-start": 42230,
      "location-after-char-end": 42234,
      "node-str": "\" * \""
    },
    {
      "type": "insert-node",
      "node": {
        "label": "sDocComment",
        "type": "VariableRead"
      },
      "location-after-char-start": 42263,
      "location-after-char-end": 42273,
      "node-str": "sDocComment"
    },
    {
      "type": "move-subtree",
      "node": {
        "label": "org.argouml.language.java.generator.INDENT",
        "type": "TypeAccess"
      },
      "location-before-char-start": 42346,
      "location-before-char-end": 42351,
      "location-after-char-start": 42282,
      "location-after-char-end": 42287,
      "node-str": "org.argouml.language.java.generator.INDENT"
    },
    {
      "type": "move-subtree",
      "node": {
        "label": "it",
        "type": "LocalVariable"
      },
      "location-before-char-start": 9489,
      "location-before-char-end": 9549,
      "location-after-char-start": 9554,
      "location-after-char-end": 9617,
      "node-str": "it"
    },
    {
      "type": "insert-node",
      "node": {
        "label": "while",
        "type": "While"
      },
      "location-after-char-start": 9639,
      "location-after-char-end": 9931,
      "node-str": "while"
    },
    {
      "type": "move-subtree",
      "node": {
        "label": "\u003d",
        "type": "Assignment"
      },
      "location-before-char-start": 9999,
      "location-before-char-end": 10132,
      "location-after-char-start": 10009,
      "location-after-char-end": 10162,
      "node-str": "\u003d"
    },
    {
      "type": "insert-node",
      "node": {
        "label": "while",
        "type": "While"
      },
      "location-after-char-start": 10184,
      "location-after-char-end": 10497,
      "node-str": "while"
    },
    {
      "type": "move-subtree",
      "node": {
        "label": "append",
        "type": "Invocation"
      },
      "location-before-char-start": 34178,
      "location-before-char-end": 34231,
      "location-after-char-start": 34269,
      "location-after-char-end": 34294,
      "node-str": "append"
    },
    {
      "type": "insert-node",
      "node": {
        "label": "append",
        "type": "Invocation"
      },
      "location-after-char-start": 34299,
      "location-after-char-end": 34347,
      "node-str": "append"
    },
    {
      "type": "insert-node",
      "node": {
        "label": "append",
        "type": "Invocation"
      },
      "location-after-char-start": 34352,
      "location-after-char-end": 34369,
      "node-str": "append"
    },
    {
      "type": "insert-node",
      "node": {
        "label": "append",
        "type": "Invocation"
      },
      "location-after-char-start": 34374,
      "location-after-char-end": 34411,
      "node-str": "append"
    },
    {
      "type": "insert-node",
      "node": {
        "label": "sDocComment",
        "type": "VariableRead"
      },
      "location-after-char-start": 42196,
      "location-after-char-end": 42206,
      "node-str": "sDocComment"
    },
    {
      "type": "move-subtree",
      "node": {
        "label": "org.argouml.language.java.generator.INDENT",
        "type": "TypeAccess"
      },
      "location-before-char-start": 42252,
      "location-before-char-end": 42257,
      "location-after-char-start": 42215,
      "location-after-char-end": 42220,
      "node-str": "org.argouml.language.java.generator.INDENT"
    },
    {
      "type": "move-subtree",
      "node": {
        "label": "hasNext",
        "type": "Invocation"
      },
      "location-before-char-start": 9578,
      "location-before-char-end": 9589,
      "location-after-char-start": 9646,
      "location-after-char-end": 9657,
      "node-str": "hasNext"
    },
    {
      "type": "move-subtree",
      "node": {
        "label": "parameter",
        "type": "LocalVariable"
      },
      "location-before-char-start": 9618,
      "location-before-char-end": 9646,
      "location-after-char-start": 9686,
      "location-after-char-end": 9714,
      "node-str": "parameter"
    },
    {
      "type": "move-subtree",
      "node": {
        "label": "\u003d",
        "type": "Assignment"
      },
      "location-before-char-start": 9676,
      "location-before-char-end": 9780,
      "location-after-char-start": 9719,
      "location-after-char-end": 9809,
      "node-str": "\u003d"
    },
    {
      "type": "insert-node",
      "node": {
        "label": "if",
        "type": "If"
      },
      "location-after-char-start": 9814,
      "location-after-char-end": 9909,
      "node-str": "if"
    },
    {
      "type": "move-subtree",
      "node": {
        "label": "hasNext",
        "type": "Invocation"
      },
      "location-before-char-start": 10161,
      "location-before-char-end": 10172,
      "location-after-char-start": 10191,
      "location-after-char-end": 10202,
      "node-str": "hasNext"
    },
    {
      "type": "move-subtree",
      "node": {
        "label": "parameter",
        "type": "LocalVariable"
      },
      "location-before-char-start": 10201,
      "location-before-char-end": 10229,
      "location-after-char-start": 10231,
      "location-after-char-end": 10259,
      "node-str": "parameter"
    },
    {
      "type": "move-subtree",
      "node": {
        "label": "\u003d",
        "type": "Assignment"
      },
      "location-before-char-start": 10259,
      "location-before-char-end": 10364,
      "location-after-char-start": 10264,
      "location-after-char-end": 10354,
      "node-str": "\u003d"
    },
    {
      "type": "insert-node",
      "node": {
        "label": "if",
        "type": "If"
      },
      "location-after-char-start": 10380,
      "location-after-char-end": 10475,
      "node-str": "if"
    },
    {
      "type": "move-subtree",
      "node": {
        "label": "\u003d",
        "type": "Assignment"
      },
      "location-before-char-start": 11740,
      "location-before-char-end": 11839,
      "location-after-char-start": 11745,
      "location-after-char-end": 11835,
      "node-str": "\u003d"
    },
    {
      "type": "insert-node",
      "node": {
        "label": "if",
        "type": "If"
      },
      "location-after-char-start": 11844,
      "location-after-char-end": 11898,
      "node-str": "if"
    },
    {
      "type": "insert-node",
      "node": {
        "label": "sb",
        "type": "VariableRead"
      },
      "location-after-char-start": 34299,
      "location-after-char-end": 34300,
      "node-str": "sb"
    },
    {
      "type": "move-subtree",
      "node": {
        "label": "generateMethodBody",
        "type": "Invocation"
      },
      "location-before-char-start": 34269,
      "location-before-char-end": 34305,
      "location-after-char-start": 34309,
      "location-after-char-end": 34345,
      "node-str": "generateMethodBody"
    },
    {
      "type": "insert-node",
      "node": {
        "label": "sb",
        "type": "VariableRead"
      },
      "location-after-char-start": 34352,
      "location-after-char-end": 34353,
      "node-str": "sb"
    },
    {
      "type": "move-subtree",
      "node": {
        "label": "org.argouml.language.java.generator.INDENT",
        "type": "TypeAccess"
      },
      "location-before-char-start": 34344,
      "location-before-char-end": 34349,
      "location-after-char-start": 34362,
      "location-after-char-end": 34367,
      "node-str": "org.argouml.language.java.generator.INDENT"
    },
    {
      "type": "insert-node",
      "node": {
        "label": "append",
        "type": "Invocation"
      },
      "location-after-char-start": 34374,
      "location-after-char-end": 34387,
      "node-str": "append"
    },
    {
      "type": "move-subtree",
      "node": {
        "label": "LINE_SEPARATOR",
        "type": "FieldRead"
      },
      "location-before-char-start": 34400,
      "location-before-char-end": 34413,
      "location-after-char-start": 34396,
      "location-after-char-end": 34409,
      "node-str": "LINE_SEPARATOR"
    },
    {
      "type": "insert-node",
      "node": {
        "label": "NE",
        "type": "BinaryOperator"
      },
      "location-after-char-start": 9818,
      "location-after-char-end": 9830,
      "node-str": "NE"
    },
    {
      "type": "move-subtree",
      "node": {
        "label": "THEN",
        "type": "then"
      },
      "location-before-char-start": 9823,
      "location-before-char-end": 9899,
      "location-after-char-start": 9833,
      "location-after-char-end": 9909,
      "node-str": "THEN"
    },
    {
      "type": "insert-node",
      "node": {
        "label": "NE",
        "type": "BinaryOperator"
      },
      "location-after-char-start": 10384,
      "location-after-char-end": 10396,
      "node-str": "NE"
    },
    {
      "type": "move-subtree",
      "node": {
        "label": "THEN",
        "type": "then"
      },
      "location-before-char-start": 10407,
      "location-before-char-end": 10483,
      "location-after-char-start": 10399,
      "location-after-char-end": 10475,
      "node-str": "THEN"
    },
    {
      "type": "insert-node",
      "node": {
        "label": "NE",
        "type": "BinaryOperator"
      },
      "location-after-char-start": 11848,
      "location-after-char-end": 11860,
      "node-str": "NE"
    },
    {
      "type": "move-subtree",
      "node": {
        "label": "THEN",
        "type": "then"
      },
      "location-before-char-start": 11857,
      "location-before-char-end": 11933,
      "location-after-char-start": 11863,
      "location-after-char-end": 11898,
      "node-str": "THEN"
    },
    {
      "type": "insert-node",
      "node": {
        "label": "sb",
        "type": "VariableRead"
      },
      "location-after-char-start": 34374,
      "location-after-char-end": 34375,
      "node-str": "sb"
    },
    {
      "type": "move-subtree",
      "node": {
        "label": "\"}\"",
        "type": "Literal"
      },
      "location-before-char-start": 34388,
      "location-before-char-end": 34390,
      "location-after-char-start": 34384,
      "location-after-char-end": 34386,
      "node-str": "\"}\""
    },
    {
      "type": "insert-node",
      "node": {
        "label": "ftype",
        "type": "VariableRead"
      },
      "location-after-char-start": 9818,
      "location-after-char-end": 9822,
      "node-str": "ftype"
    },
    {
      "type": "move-subtree",
      "node": {
        "label": "null",
        "type": "Literal"
      },
      "location-before-char-start": 9817,
      "location-before-char-end": 9820,
      "location-after-char-start": 9827,
      "location-after-char-end": 9830,
      "node-str": "null"
    },
    {
      "type": "insert-node",
      "node": {
        "label": "ftype",
        "type": "VariableRead"
      },
      "location-after-char-start": 10384,
      "location-after-char-end": 10388,
      "node-str": "ftype"
    },
    {
      "type": "move-subtree",
      "node": {
        "label": "null",
        "type": "Literal"
      },
      "location-before-char-start": 10401,
      "location-before-char-end": 10404,
      "location-after-char-start": 10393,
      "location-after-char-end": 10396,
      "node-str": "null"
    },
    {
      "type": "insert-node",
      "node": {
        "label": "ftype",
        "type": "VariableRead"
      },
      "location-after-char-start": 11848,
      "location-after-char-end": 11852,
      "node-str": "ftype"
    },
    {
      "type": "move-subtree",
      "node": {
        "label": "null",
        "type": "Literal"
      },
      "location-before-char-start": 11851,
      "location-before-char-end": 11854,
      "location-after-char-start": 11857,
      "location-after-char-end": 11860,
      "node-str": "null"
    },
    {
      "type": "delete-node",
      "node": {
        "label": "NE",
        "type": "BinaryOperator"
      },
      "location-before-char-start": 9676,
      "location-before-char-end": 9820,
      "node-str": "NE"
    },
    {
      "type": "delete-node",
      "node": {
        "label": "if",
        "type": "If"
      },
      "location-before-char-start": 9672,
      "location-before-char-end": 9899,
      "node-str": "if"
    },
    {
      "type": "delete-node",
      "node": {
        "label": "while",
        "type": "While"
      },
      "location-before-char-start": 9571,
      "location-before-char-end": 9921,
      "node-str": "while"
    },
    {
      "type": "delete-node",
      "node": {
        "label": "NE",
        "type": "BinaryOperator"
      },
      "location-before-char-start": 10259,
      "location-before-char-end": 10404,
      "node-str": "NE"
    },
    {
      "type": "delete-node",
      "node": {
        "label": "if",
        "type": "If"
      },
      "location-before-char-start": 10255,
      "location-before-char-end": 10483,
      "node-str": "if"
    },
    {
      "type": "delete-node",
      "node": {
        "label": "while",
        "type": "While"
      },
      "location-before-char-start": 10154,
      "location-before-char-end": 10505,
      "node-str": "while"
    },
    {
      "type": "delete-node",
      "node": {
        "label": "THEN",
        "type": "then"
      },
      "location-before-char-start": 9418,
      "location-before-char-end": 10523,
      "node-str": "THEN"
    },
    {
      "type": "delete-node",
      "node": {
        "label": "if",
        "type": "If"
      },
      "location-before-char-start": 9378,
      "location-before-char-end": 10523,
      "node-str": "if"
    },
    {
      "type": "delete-node",
      "node": {
        "label": "ELSE",
        "type": "else"
      },
      "location-before-char-start": 9378,
      "location-before-char-end": 10523,
      "node-str": "ELSE"
    },
    {
      "type": "delete-node",
      "node": {
        "label": "if",
        "type": "If"
      },
      "location-before-char-start": 9034,
      "location-before-char-end": 10523,
      "node-str": "if"
    },
    {
      "type": "delete-node",
      "node": {
        "label": "",
        "type": "For"
      },
      "location-before-char-start": 8920,
      "location-before-char-end": 10537,
      "node-str": ""
    },
    {
      "type": "delete-node",
      "node": {
        "label": "THEN",
        "type": "then"
      },
      "location-before-char-start": 8851,
      "location-before-char-end": 10547,
      "node-str": "THEN"
    },
    {
      "type": "delete-node",
      "node": {
        "label": "if",
        "type": "If"
      },
      "location-before-char-start": 8836,
      "location-before-char-end": 10547,
      "node-str": "if"
    },
    {
      "type": "delete-node",
      "node": {
        "label": "NE",
        "type": "BinaryOperator"
      },
      "location-before-char-start": 11740,
      "location-before-char-end": 11854,
      "node-str": "NE"
    },
    {
      "type": "delete-node",
      "node": {
        "label": "if",
        "type": "If"
      },
      "location-before-char-start": 11728,
      "location-before-char-end": 11933,
      "node-str": "if"
    },
    {
      "type": "delete-node",
      "node": {
        "label": "append",
        "type": "Invocation"
      },
      "location-before-char-start": 18521,
      "location-before-char-end": 18597,
      "node-str": "append"
    },
    {
      "type": "delete-node",
      "node": {
        "label": "PLUS",
        "type": "BinaryOperator"
      },
      "location-before-char-start": 21273,
      "location-before-char-end": 21326,
      "node-str": "PLUS"
    },
    {
      "type": "delete-node",
      "node": {
        "label": "PLUS",
        "type": "BinaryOperator"
      },
      "location-before-char-start": 21273,
      "location-before-char-end": 21332,
      "node-str": "PLUS"
    },
    {
      "type": "delete-node",
      "node": {
        "label": "append",
        "type": "Invocation"
      },
      "location-before-char-start": 21263,
      "location-before-char-end": 21334,
      "node-str": "append"
    },
    {
      "type": "delete-node",
      "node": {
        "label": "THEN",
        "type": "then"
      },
      "location-before-char-start": 21263,
      "location-before-char-end": 21334,
      "node-str": "THEN"
    },
    {
      "type": "delete-node",
      "node": {
        "label": "if",
        "type": "If"
      },
      "location-before-char-start": 21189,
      "location-before-char-end": 21334,
      "node-str": "if"
    },
    {
      "type": "delete-node",
      "node": {
        "label": "append",
        "type": "Invocation"
      },
      "location-before-char-start": 22996,
      "location-before-char-end": 23066,
      "node-str": "append"
    },
    {
      "type": "delete-node",
      "node": {
        "label": "append",
        "type": "Invocation"
      },
      "location-before-char-start": 34178,
      "location-before-char-end": 34306,
      "node-str": "append"
    },
    {
      "type": "delete-node",
      "node": {
        "label": "append",
        "type": "Invocation"
      },
      "location-before-char-start": 34178,
      "location-before-char-end": 34350,
      "node-str": "append"
    },
    {
      "type": "delete-node",
      "node": {
        "label": "append",
        "type": "Invocation"
      },
      "location-before-char-start": 34178,
      "location-before-char-end": 34391,
      "node-str": "append"
    },
    {
      "type": "delete-node",
      "node": {
        "label": "append",
        "type": "Invocation"
      },
      "location-before-char-start": 34178,
      "location-before-char-end": 34415,
      "node-str": "append"
    },
    {
      "type": "delete-node",
      "node": {
        "label": "append",
        "type": "Invocation"
      },
      "location-before-char-start": 42118,
      "location-before-char-end": 42258,
      "node-str": "append"
    },
    {
      "type": "delete-node",
      "node": {
        "label": "append",
        "type": "Invocation"
      },
      "location-before-char-start": 42118,
      "location-before-char-end": 42293,
      "node-str": "append"
    },
    {
      "type": "delete-node",
      "node": {
        "label": "append",
        "type": "Invocation"
      },
      "location-before-char-start": 42118,
      "location-before-char-end": 42316,
      "node-str": "append"
    },
    {
      "type": "delete-node",
      "node": {
        "label": "append",
        "type": "Invocation"
      },
      "location-before-char-start": 42118,
      "location-before-char-end": 42352,
      "node-str": "append"
    },
    {
      "type": "delete-node",
      "node": {
        "label": "append",
        "type": "Invocation"
      },
      "location-before-char-start": 42118,
      "location-before-char-end": 42387,
      "node-str": "append"
    },
    {
      "type": "delete-node",
      "node": {
        "label": "ELSE",
        "type": "else"
      },
      "location-before-char-start": 42100,
      "location-before-char-end": 42401,
      "node-str": "ELSE"
    },
    {
      "type": "delete-node",
      "node": {
        "label": "if",
        "type": "If"
      },
      "location-before-char-start": 41928,
      "location-before-char-end": 42401,
      "node-str": "if"
    },
    {
      "type": "delete-node",
      "node": {
        "label": "append",
        "type": "Invocation"
      },
      "location-before-char-start": 42550,
      "location-before-char-end": 42621,
      "node-str": "append"
    },
    {
      "type": "delete-node",
      "node": {
        "label": "THEN",
        "type": "then"
      },
      "location-before-char-start": 42532,
      "location-before-char-end": 42635,
      "node-str": "THEN"
    },
    {
      "type": "delete-node",
      "node": {
        "label": "if",
        "type": "If"
      },
      "location-before-char-start": 42514,
      "location-before-char-end": 42635,
      "node-str": "if"
    },
    {
      "type": "delete-node",
      "node": {
        "label": "THEN",
        "type": "then"
      },
      "location-before-char-start": 41668,
      "location-before-char-end": 43001,
      "node-str": "THEN"
    },
    {
      "type": "delete-node",
      "node": {
        "label": "if",
        "type": "If"
      },
      "location-before-char-start": 41577,
      "location-before-char-end": 43059,
      "node-str": "if"
    },
    {
      "type": "delete-node",
      "node": {
        "label": "generateConstraintEnrichedDocComment",
        "type": "Method"
      },
      "location-before-char-start": 40274,
      "location-before-char-end": 43065,
      "node-str": "generateConstraintEnrichedDocComment"
    },
    {
      "type": "delete-node",
      "node": {
        "label": "append",
        "type": "Invocation"
      },
      "location-before-char-start": 45241,
      "location-before-char-end": 45369,
      "node-str": "append"
    },
    {
      "type": "delete-node",
      "node": {
        "label": "append",
        "type": "Invocation"
      },
      "location-before-char-start": 45241,
      "location-before-char-end": 45400,
      "node-str": "append"
    },
    {
      "type": "delete-node",
      "node": {
        "label": "append",
        "type": "Invocation"
      },
      "location-before-char-start": 45241,
      "location-before-char-end": 45423,
      "node-str": "append"
    },
    {
      "type": "delete-node",
      "node": {
        "label": "append",
        "type": "Invocation"
      },
      "location-before-char-start": 45241,
      "location-before-char-end": 45455,
      "node-str": "append"
    },
    {
      "type": "delete-node",
      "node": {
        "label": "append",
        "type": "Invocation"
      },
      "location-before-char-start": 45241,
      "location-before-char-end": 45486,
      "node-str": "append"
    },
    {
      "type": "delete-node",
      "node": {
        "label": "ELSE",
        "type": "else"
      },
      "location-before-char-start": 45227,
      "location-before-char-end": 45496,
      "node-str": "ELSE"
    },
    {
      "type": "delete-node",
      "node": {
        "label": "if",
        "type": "If"
      },
      "location-before-char-start": 45036,
      "location-before-char-end": 45496,
      "node-str": "if"
    },
    {
      "type": "delete-node",
      "node": {
        "label": "createTree",
        "type": "Invocation"
      },
      "location-before-char-start": 47591,
      "location-before-char-end": 47674,
      "node-str": "createTree"
    },
    {
      "type": "delete-node",
      "node": {
        "label": "otParsed",
        "type": "LocalVariable"
      },
      "location-before-char-start": 47552,
      "location-before-char-end": 47675,
      "node-str": "otParsed"
    }
  ],
  "before-file": {},
  "after-file": {},
  "mapping": {}
}