{
  "tool-info": {},
  "diff": [
    {
      "type": "insert-node",
      "node": {
        "label": "",
        "type": "PackageDeclaration"
      },
      "location-after-char-start": 337,
      "location-after-char-end": 366,
      "node-str": ""
    },
    {
      "type": "insert-node",
      "node": {
        "label": "",
        "type": "ImportDeclaration"
      },
      "location-after-char-start": 368,
      "location-after-char-end": 399,
      "node-str": ""
    },
    {
      "type": "insert-node",
      "node": {
        "label": "",
        "type": "ImportDeclaration"
      },
      "location-after-char-start": 400,
      "location-after-char-end": 429,
      "node-str": ""
    },
    {
      "type": "insert-node",
      "node": {
        "label": "",
        "type": "ImportDeclaration"
      },
      "location-after-char-start": 430,
      "location-after-char-end": 470,
      "node-str": ""
    },
    {
      "type": "insert-node",
      "node": {
        "label": "",
        "type": "ImportDeclaration"
      },
      "location-after-char-start": 471,
      "location-after-char-end": 504,
      "node-str": ""
    },
    {
      "type": "insert-node",
      "node": {
        "label": "",
        "type": "ImportDeclaration"
      },
      "location-after-char-start": 505,
      "location-after-char-end": 523,
      "node-str": ""
    },
    {
      "type": "insert-node",
      "node": {
        "label": "",
        "type": "ImportDeclaration"
      },
      "location-after-char-start": 524,
      "location-after-char-end": 557,
      "node-str": ""
    },
    {
      "type": "insert-node",
      "node": {
        "label": "",
        "type": "ImportDeclaration"
      },
      "location-after-char-start": 558,
      "location-after-char-end": 577,
      "node-str": ""
    },
    {
      "type": "insert-node",
      "node": {
        "label": "CH.ifa.draw.standard",
        "type": "QualifiedName"
      },
      "location-after-char-start": 345,
      "location-after-char-end": 365,
      "node-str": "CH.ifa.draw.standard"
    },
    {
      "type": "insert-node",
      "node": {
        "label": "CH.ifa.draw.framework",
        "type": "QualifiedName"
      },
      "location-after-char-start": 375,
      "location-after-char-end": 396,
      "node-str": "CH.ifa.draw.framework"
    },
    {
      "type": "insert-node",
      "node": {
        "label": "CH.ifa.draw.util.Geom",
        "type": "QualifiedName"
      },
      "location-after-char-start": 407,
      "location-after-char-end": 428,
      "node-str": "CH.ifa.draw.util.Geom"
    },
    {
      "type": "insert-node",
      "node": {
        "label": "CH.ifa.draw.util.UndoableAdapter",
        "type": "QualifiedName"
      },
      "location-after-char-start": 437,
      "location-after-char-end": 469,
      "node-str": "CH.ifa.draw.util.UndoableAdapter"
    },
    {
      "type": "insert-node",
      "node": {
        "label": "CH.ifa.draw.util.Undoable",
        "type": "QualifiedName"
      },
      "location-after-char-start": 478,
      "location-after-char-end": 503,
      "node-str": "CH.ifa.draw.util.Undoable"
    },
    {
      "type": "insert-node",
      "node": {
        "label": "java.awt",
        "type": "QualifiedName"
      },
      "location-after-char-start": 512,
      "location-after-char-end": 520,
      "node-str": "java.awt"
    },
    {
      "type": "insert-node",
      "node": {
        "label": "java.awt.event.MouseEvent",
        "type": "QualifiedName"
      },
      "location-after-char-start": 531,
      "location-after-char-end": 556,
      "node-str": "java.awt.event.MouseEvent"
    },
    {
      "type": "insert-node",
      "node": {
        "label": "java.util",
        "type": "QualifiedName"
      },
      "location-after-char-start": 565,
      "location-after-char-end": 574,
      "node-str": "java.util"
    },
    {
      "type": "insert-node",
      "node": {
        "label": "public",
        "type": "Modifier"
      },
      "location-after-char-start": 1180,
      "location-after-char-end": 1186,
      "node-str": "public"
    },
    {
      "type": "insert-node",
      "node": {
        "label": "class",
        "type": "TYPE_DECLARATION_KIND"
      },
      "location-after-char-start": 1188,
      "location-after-char-end": 1193,
      "node-str": "class"
    },
    {
      "type": "insert-node",
      "node": {
        "label": "ConnectionTool",
        "type": "SimpleName"
      },
      "location-after-char-start": 1194,
      "location-after-char-end": 1208,
      "node-str": "ConnectionTool"
    },
    {
      "type": "insert-node",
      "node": {
        "label": "",
        "type": "SimpleType"
      },
      "location-after-char-start": 1217,
      "location-after-char-end": 1229,
      "node-str": ""
    },
    {
      "type": "insert-node",
      "node": {
        "label": "",
        "type": "FieldDeclaration"
      },
      "location-after-char-start": 1323,
      "location-after-char-end": 1358,
      "node-str": ""
    },
    {
      "type": "insert-node",
      "node": {
        "label": "",
        "type": "FieldDeclaration"
      },
      "location-after-char-start": 1360,
      "location-after-char-end": 1398,
      "node-str": ""
    },
    {
      "type": "insert-node",
      "node": {
        "label": "",
        "type": "FieldDeclaration"
      },
      "location-after-char-start": 1401,
      "location-after-char-end": 1425,
      "node-str": ""
    },
    {
      "type": "insert-node",
      "node": {
        "label": "",
        "type": "MethodDeclaration"
      },
      "location-after-char-start": 4731,
      "location-after-char-end": 4876,
      "node-str": ""
    },
    {
      "type": "insert-node",
      "node": {
        "label": "AbstractTool",
        "type": "SimpleName"
      },
      "location-after-char-start": 1217,
      "location-after-char-end": 1229,
      "node-str": "AbstractTool"
    },
    {
      "type": "insert-node",
      "node": {
        "label": "private",
        "type": "Modifier"
      },
      "location-after-char-start": 1323,
      "location-after-char-end": 1330,
      "node-str": "private"
    },
    {
      "type": "insert-node",
      "node": {
        "label": "",
        "type": "SimpleType"
      },
      "location-after-char-start": 1331,
      "location-after-char-end": 1340,
      "node-str": ""
    },
    {
      "type": "insert-node",
      "node": {
        "label": "",
        "type": "VariableDeclarationFragment"
      },
      "location-after-char-start": 1343,
      "location-after-char-end": 1357,
      "node-str": ""
    },
    {
      "type": "insert-node",
      "node": {
        "label": "private",
        "type": "Modifier"
      },
      "location-after-char-start": 1360,
      "location-after-char-end": 1367,
      "node-str": "private"
    },
    {
      "type": "insert-node",
      "node": {
        "label": "",
        "type": "SimpleType"
      },
      "location-after-char-start": 1368,
      "location-after-char-end": 1377,
      "node-str": ""
    },
    {
      "type": "insert-node",
      "node": {
        "label": "",
        "type": "VariableDeclarationFragment"
      },
      "location-after-char-start": 1380,
      "location-after-char-end": 1397,
      "node-str": ""
    },
    {
      "type": "insert-node",
      "node": {
        "label": "private",
        "type": "Modifier"
      },
      "location-after-char-start": 1401,
      "location-after-char-end": 1408,
      "node-str": "private"
    },
    {
      "type": "insert-node",
      "node": {
        "label": "",
        "type": "SimpleType"
      },
      "location-after-char-start": 1409,
      "location-after-char-end": 1415,
      "node-str": ""
    },
    {
      "type": "insert-node",
      "node": {
        "label": "",
        "type": "VariableDeclarationFragment"
      },
      "location-after-char-start": 1416,
      "location-after-char-end": 1424,
      "node-str": ""
    },
    {
      "type": "insert-node",
      "node": {
        "label": "",
        "type": "Javadoc"
      },
      "location-after-char-start": 2267,
      "location-after-char-end": 2468,
      "node-str": ""
    },
    {
      "type": "insert-node",
      "node": {
        "label": "public",
        "type": "Modifier"
      },
      "location-after-char-start": 2470,
      "location-after-char-end": 2476,
      "node-str": "public"
    },
    {
      "type": "insert-node",
      "node": {
        "label": "void",
        "type": "PrimitiveType"
      },
      "location-after-char-start": 2477,
      "location-after-char-end": 2481,
      "node-str": "void"
    },
    {
      "type": "insert-node",
      "node": {
        "label": "mouseDown",
        "type": "SimpleName"
      },
      "location-after-char-start": 2482,
      "location-after-char-end": 2491,
      "node-str": "mouseDown"
    },
    {
      "type": "insert-node",
      "node": {
        "label": "",
        "type": "SingleVariableDeclaration"
      },
      "location-after-char-start": 2492,
      "location-after-char-end": 2504,
      "node-str": ""
    },
    {
      "type": "insert-node",
      "node": {
        "label": "",
        "type": "SingleVariableDeclaration"
      },
      "location-after-char-start": 2506,
      "location-after-char-end": 2511,
      "node-str": ""
    },
    {
      "type": "insert-node",
      "node": {
        "label": "",
        "type": "SingleVariableDeclaration"
      },
      "location-after-char-start": 2513,
      "location-after-char-end": 2518,
      "node-str": ""
    },
    {
      "type": "insert-node",
      "node": {
        "label": "public",
        "type": "Modifier"
      },
      "location-after-char-start": 4731,
      "location-after-char-end": 4737,
      "node-str": "public"
    },
    {
      "type": "insert-node",
      "node": {
        "label": "void",
        "type": "PrimitiveType"
      },
      "location-after-char-start": 4738,
      "location-after-char-end": 4742,
      "node-str": "void"
    },
    {
      "type": "insert-node",
      "node": {
        "label": "deactivate",
        "type": "SimpleName"
      },
      "location-after-char-start": 4743,
      "location-after-char-end": 4753,
      "node-str": "deactivate"
    },
    {
      "type": "insert-node",
      "node": {
        "label": "",
        "type": "Block"
      },
      "location-after-char-start": 4756,
      "location-after-char-end": 4876,
      "node-str": ""
    },
    {
      "type": "update-node",
      "node": {
        "label": "private",
        "type": "Modifier"
      },
      "location-before-char-start": 5962,
      "location-before-char-end": 5969,
      "location-after-char-start": 6305,
      "location-after-char-end": 6314,
      "node-str": "protected"
    },
    {
      "type": "insert-node",
      "node": {
        "label": "",
        "type": "Javadoc"
      },
      "location-after-char-start": 6542,
      "location-after-char-end": 6651,
      "node-str": ""
    },
    {
      "type": "insert-node",
      "node": {
        "label": "protected",
        "type": "Modifier"
      },
      "location-after-char-start": 6653,
      "location-after-char-end": 6662,
      "node-str": "protected"
    },
    {
      "type": "insert-node",
      "node": {
        "label": "void",
        "type": "PrimitiveType"
      },
      "location-after-char-start": 6663,
      "location-after-char-end": 6667,
      "node-str": "void"
    },
    {
      "type": "insert-node",
      "node": {
        "label": "trackConnectors",
        "type": "SimpleName"
      },
      "location-after-char-start": 6668,
      "location-after-char-end": 6683,
      "node-str": "trackConnectors"
    },
    {
      "type": "insert-node",
      "node": {
        "label": "",
        "type": "SingleVariableDeclaration"
      },
      "location-after-char-start": 6684,
      "location-after-char-end": 6696,
      "node-str": ""
    },
    {
      "type": "insert-node",
      "node": {
        "label": "",
        "type": "SingleVariableDeclaration"
      },
      "location-after-char-start": 6698,
      "location-after-char-end": 6703,
      "node-str": ""
    },
    {
      "type": "insert-node",
      "node": {
        "label": "",
        "type": "SingleVariableDeclaration"
      },
      "location-after-char-start": 6705,
      "location-after-char-end": 6710,
      "node-str": ""
    },
    {
      "type": "update-node",
      "node": {
        "label": "private",
        "type": "Modifier"
      },
      "location-before-char-start": 6879,
      "location-before-char-end": 6886,
      "location-after-char-start": 8023,
      "location-after-char-end": 8032,
      "node-str": "protected"
    },
    {
      "type": "insert-node",
      "node": {
        "label": "",
        "type": "Javadoc"
      },
      "location-after-char-start": 8382,
      "location-after-char-end": 8481,
      "node-str": ""
    },
    {
      "type": "update-node",
      "node": {
        "label": "private",
        "type": "Modifier"
      },
      "location-before-char-start": 7236,
      "location-before-char-end": 7243,
      "location-after-char-start": 8483,
      "location-after-char-end": 8492,
      "node-str": "protected"
    },
    {
      "type": "update-node",
      "node": {
        "label": "private",
        "type": "Modifier"
      },
      "location-before-char-start": 7572,
      "location-before-char-end": 7579,
      "location-after-char-start": 8822,
      "location-after-char-end": 8831,
      "node-str": "protected"
    },
    {
      "type": "update-node",
      "node": {
        "label": "private",
        "type": "Modifier"
      },
      "location-before-char-start": 7754,
      "location-before-char-end": 7761,
      "location-after-char-start": 9005,
      "location-after-char-end": 9014,
      "node-str": "protected"
    },
    {
      "type": "update-node",
      "node": {
        "label": "private",
        "type": "Modifier"
      },
      "location-before-char-start": 7924,
      "location-before-char-end": 7931,
      "location-after-char-start": 9176,
      "location-after-char-end": 9185,
      "node-str": "protected"
    },
    {
      "type": "update-node",
      "node": {
        "label": "private",
        "type": "Modifier"
      },
      "location-before-char-start": 8113,
      "location-before-char-end": 8120,
      "location-after-char-start": 9365,
      "location-after-char-end": 9374,
      "node-str": "protected"
    },
    {
      "type": "update-node",
      "node": {
        "label": "private",
        "type": "Modifier"
      },
      "location-before-char-start": 8450,
      "location-before-char-end": 8457,
      "location-after-char-start": 9703,
      "location-after-char-end": 9712,
      "node-str": "protected"
    },
    {
      "type": "insert-node",
      "node": {
        "label": "public",
        "type": "Modifier"
      },
      "location-after-char-start": 9958,
      "location-after-char-end": 9964,
      "node-str": "public"
    },
    {
      "type": "insert-node",
      "node": {
        "label": "static",
        "type": "Modifier"
      },
      "location-after-char-start": 9965,
      "location-after-char-end": 9971,
      "node-str": "static"
    },
    {
      "type": "insert-node",
      "node": {
        "label": "class",
        "type": "TYPE_DECLARATION_KIND"
      },
      "location-after-char-start": 9972,
      "location-after-char-end": 9977,
      "node-str": "class"
    },
    {
      "type": "insert-node",
      "node": {
        "label": "UndoActivity",
        "type": "SimpleName"
      },
      "location-after-char-start": 9978,
      "location-after-char-end": 9990,
      "node-str": "UndoActivity"
    },
    {
      "type": "insert-node",
      "node": {
        "label": "",
        "type": "SimpleType"
      },
      "location-after-char-start": 9999,
      "location-after-char-end": 10014,
      "node-str": ""
    },
    {
      "type": "insert-node",
      "node": {
        "label": "",
        "type": "FieldDeclaration"
      },
      "location-after-char-start": 10020,
      "location-after-char-end": 10059,
      "node-str": ""
    },
    {
      "type": "insert-node",
      "node": {
        "label": "",
        "type": "FieldDeclaration"
      },
      "location-after-char-start": 10062,
      "location-after-char-end": 10099,
      "node-str": ""
    },
    {
      "type": "insert-node",
      "node": {
        "label": "",
        "type": "FieldDeclaration"
      },
      "location-after-char-start": 10102,
      "location-after-char-end": 10137,
      "node-str": ""
    },
    {
      "type": "insert-node",
      "node": {
        "label": "Connector",
        "type": "SimpleName"
      },
      "location-after-char-start": 1331,
      "location-after-char-end": 1340,
      "node-str": "Connector"
    },
    {
      "type": "insert-node",
      "node": {
        "label": "myEndConnector",
        "type": "SimpleName"
      },
      "location-after-char-start": 1343,
      "location-after-char-end": 1357,
      "node-str": "myEndConnector"
    },
    {
      "type": "insert-node",
      "node": {
        "label": "Connector",
        "type": "SimpleName"
      },
      "location-after-char-start": 1368,
      "location-after-char-end": 1377,
      "node-str": "Connector"
    },
    {
      "type": "insert-node",
      "node": {
        "label": "myTargetConnector",
        "type": "SimpleName"
      },
      "location-after-char-start": 1380,
      "location-after-char-end": 1397,
      "node-str": "myTargetConnector"
    },
    {
      "type": "insert-node",
      "node": {
        "label": "Figure",
        "type": "SimpleName"
      },
      "location-after-char-start": 1409,
      "location-after-char-end": 1415,
      "node-str": "Figure"
    },
    {
      "type": "insert-node",
      "node": {
        "label": "myTarget",
        "type": "SimpleName"
      },
      "location-after-char-start": 1416,
      "location-after-char-end": 1424,
      "node-str": "myTarget"
    },
    {
      "type": "insert-node",
      "node": {
        "label": "",
        "type": "TagElement"
      },
      "location-after-char-start": 2275,
      "location-after-char-end": 2463,
      "node-str": ""
    },
    {
      "type": "insert-node",
      "node": {
        "label": "",
        "type": "SimpleType"
      },
      "location-after-char-start": 2492,
      "location-after-char-end": 2502,
      "node-str": ""
    },
    {
      "type": "insert-node",
      "node": {
        "label": "e",
        "type": "SimpleName"
      },
      "location-after-char-start": 2503,
      "location-after-char-end": 2504,
      "node-str": "e"
    },
    {
      "type": "insert-node",
      "node": {
        "label": "int",
        "type": "PrimitiveType"
      },
      "location-after-char-start": 2506,
      "location-after-char-end": 2509,
      "node-str": "int"
    },
    {
      "type": "insert-node",
      "node": {
        "label": "x",
        "type": "SimpleName"
      },
      "location-after-char-start": 2510,
      "location-after-char-end": 2511,
      "node-str": "x"
    },
    {
      "type": "insert-node",
      "node": {
        "label": "int",
        "type": "PrimitiveType"
      },
      "location-after-char-start": 2513,
      "location-after-char-end": 2516,
      "node-str": "int"
    },
    {
      "type": "insert-node",
      "node": {
        "label": "y",
        "type": "SimpleName"
      },
      "location-after-char-start": 2517,
      "location-after-char-end": 2518,
      "node-str": "y"
    },
    {
      "type": "insert-node",
      "node": {
        "label": "",
        "type": "ExpressionStatement"
      },
      "location-after-char-start": 2524,
      "location-after-char-end": 2547,
      "node-str": ""
    },
    {
      "type": "insert-node",
      "node": {
        "label": "",
        "type": "ExpressionStatement"
      },
      "location-after-char-start": 4760,
      "location-after-char-end": 4779,
      "node-str": ""
    },
    {
      "type": "insert-node",
      "node": {
        "label": "",
        "type": "IfStatement"
      },
      "location-after-char-start": 4782,
      "location-after-char-end": 4873,
      "node-str": ""
    },
    {
      "type": "insert-node",
      "node": {
        "label": "",
        "type": "TagElement"
      },
      "location-after-char-start": 6550,
      "location-after-char-end": 6646,
      "node-str": ""
    },
    {
      "type": "insert-node",
      "node": {
        "label": "",
        "type": "SimpleType"
      },
      "location-after-char-start": 6684,
      "location-after-char-end": 6694,
      "node-str": ""
    },
    {
      "type": "insert-node",
      "node": {
        "label": "e",
        "type": "SimpleName"
      },
      "location-after-char-start": 6695,
      "location-after-char-end": 6696,
      "node-str": "e"
    },
    {
      "type": "insert-node",
      "node": {
        "label": "int",
        "type": "PrimitiveType"
      },
      "location-after-char-start": 6698,
      "location-after-char-end": 6701,
      "node-str": "int"
    },
    {
      "type": "insert-node",
      "node": {
        "label": "x",
        "type": "SimpleName"
      },
      "location-after-char-start": 6702,
      "location-after-char-end": 6703,
      "node-str": "x"
    },
    {
      "type": "insert-node",
      "node": {
        "label": "int",
        "type": "PrimitiveType"
      },
      "location-after-char-start": 6705,
      "location-after-char-end": 6708,
      "node-str": "int"
    },
    {
      "type": "insert-node",
      "node": {
        "label": "y",
        "type": "SimpleName"
      },
      "location-after-char-start": 6709,
      "location-after-char-end": 6710,
      "node-str": "y"
    },
    {
      "type": "insert-node",
      "node": {
        "label": "",
        "type": "VariableDeclarationStatement"
      },
      "location-after-char-start": 6716,
      "location-after-char-end": 6732,
      "node-str": ""
    },
    {
      "type": "insert-node",
      "node": {
        "label": "",
        "type": "IfStatement"
      },
      "location-after-char-start": 6905,
      "location-after-char-end": 7046,
      "node-str": ""
    },
    {
      "type": "insert-node",
      "node": {
        "label": "",
        "type": "VariableDeclarationStatement"
      },
      "location-after-char-start": 7803,
      "location-after-char-end": 7823,
      "node-str": ""
    },
    {
      "type": "insert-node",
      "node": {
        "label": "",
        "type": "ExpressionStatement"
      },
      "location-after-char-start": 7987,
      "location-after-char-end": 8017,
      "node-str": ""
    },
    {
      "type": "insert-node",
      "node": {
        "label": "",
        "type": "TagElement"
      },
      "location-after-char-start": 8390,
      "location-after-char-end": 8476,
      "node-str": ""
    },
    {
      "type": "insert-node",
      "node": {
        "label": "UndoableAdapter",
        "type": "SimpleName"
      },
      "location-after-char-start": 9999,
      "location-after-char-end": 10014,
      "node-str": "UndoableAdapter"
    },
    {
      "type": "insert-node",
      "node": {
        "label": "private",
        "type": "Modifier"
      },
      "location-after-char-start": 10020,
      "location-after-char-end": 10027,
      "node-str": "private"
    },
    {
      "type": "insert-node",
      "node": {
        "label": "",
        "type": "SimpleType"
      },
      "location-after-char-start": 10028,
      "location-after-char-end": 10044,
      "node-str": ""
    },
    {
      "type": "insert-node",
      "node": {
        "label": "",
        "type": "VariableDeclarationFragment"
      },
      "location-after-char-start": 10046,
      "location-after-char-end": 10058,
      "node-str": ""
    },
    {
      "type": "insert-node",
      "node": {
        "label": "private",
        "type": "Modifier"
      },
      "location-after-char-start": 10062,
      "location-after-char-end": 10069,
      "node-str": "private"
    },
    {
      "type": "insert-node",
      "node": {
        "label": "",
        "type": "SimpleType"
      },
      "location-after-char-start": 10070,
      "location-after-char-end": 10079,
      "node-str": ""
    },
    {
      "type": "insert-node",
      "node": {
        "label": "",
        "type": "VariableDeclarationFragment"
      },
      "location-after-char-start": 10082,
      "location-after-char-end": 10098,
      "node-str": ""
    },
    {
      "type": "insert-node",
      "node": {
        "label": "private",
        "type": "Modifier"
      },
      "location-after-char-start": 10102,
      "location-after-char-end": 10109,
      "node-str": "private"
    },
    {
      "type": "insert-node",
      "node": {
        "label": "",
        "type": "SimpleType"
      },
      "location-after-char-start": 10110,
      "location-after-char-end": 10119,
      "node-str": ""
    },
    {
      "type": "insert-node",
      "node": {
        "label": "",
        "type": "VariableDeclarationFragment"
      },
      "location-after-char-start": 10122,
      "location-after-char-end": 10136,
      "node-str": ""
    },
    {
      "type": "update-node",
      "node": {
        "label": "private",
        "type": "Modifier"
      },
      "location-before-char-start": 10060,
      "location-before-char-end": 10067,
      "location-after-char-start": 11310,
      "location-after-char-end": 11319,
      "node-str": "protected"
    },
    {
      "type": "insert-node",
      "node": {
        "label": "Manipulates connections in a context dependent way. If the",
        "type": "TextElement"
      },
      "location-after-char-start": 2275,
      "location-after-char-end": 2333,
      "node-str": "Manipulates connections in a context dependent way. If the"
    },
    {
      "type": "insert-node",
      "node": {
        "label": "mouse down hits a figure start a new connection. If the mousedown",
        "type": "TextElement"
      },
      "location-after-char-start": 2338,
      "location-after-char-end": 2403,
      "node-str": "mouse down hits a figure start a new connection. If the mousedown"
    },
    {
      "type": "insert-node",
      "node": {
        "label": "hits a connection split a segment or join two segments.",
        "type": "TextElement"
      },
      "location-after-char-start": 2408,
      "location-after-char-end": 2463,
      "node-str": "hits a connection split a segment or join two segments."
    },
    {
      "type": "insert-node",
      "node": {
        "label": "MouseEvent",
        "type": "SimpleName"
      },
      "location-after-char-start": 2492,
      "location-after-char-end": 2502,
      "node-str": "MouseEvent"
    },
    {
      "type": "insert-node",
      "node": {
        "label": "",
        "type": "SuperMethodInvocation"
      },
      "location-after-char-start": 2524,
      "location-after-char-end": 2546,
      "node-str": ""
    },
    {
      "type": "insert-node",
      "node": {
        "label": "",
        "type": "InfixExpression"
      },
      "location-after-char-start": 2655,
      "location-after-char-end": 2680,
      "node-str": ""
    },
    {
      "type": "insert-node",
      "node": {
        "label": "",
        "type": "SuperMethodInvocation"
      },
      "location-after-char-start": 4760,
      "location-after-char-end": 4778,
      "node-str": ""
    },
    {
      "type": "insert-node",
      "node": {
        "label": "",
        "type": "InfixExpression"
      },
      "location-after-char-start": 4786,
      "location-after-char-end": 4811,
      "node-str": ""
    },
    {
      "type": "insert-node",
      "node": {
        "label": "",
        "type": "Block"
      },
      "location-after-char-start": 4813,
      "location-after-char-end": 4873,
      "node-str": ""
    },
    {
      "type": "update-node",
      "node": {
        "label": "Finds a connectable figure target.",
        "type": "TextElement"
      },
      "location-before-char-start": 5132,
      "location-before-char-end": 5166,
      "location-after-char-start": 5240,
      "location-after-char-end": 5312,
      "node-str": "Finds a connectable figure target at the current mouse location that can"
    },
    {
      "type": "insert-node",
      "node": {
        "label": "1.  Connect to things",
        "type": "TextElement"
      },
      "location-after-char-start": 5317,
      "location-after-char-end": 5338,
      "node-str": "1.  Connect to things"
    },
    {
      "type": "insert-node",
      "node": {
        "label": "2.  Is not already connected to the current Connection (no self connection)",
        "type": "TextElement"
      },
      "location-after-char-start": 5343,
      "location-after-char-end": 5418,
      "node-str": "2.  Is not already connected to the current Connection (no self connection)"
    },
    {
      "type": "insert-node",
      "node": {
        "label": "3.  The current Connection can make a connection between it and the start",
        "type": "TextElement"
      },
      "location-after-char-start": 5423,
      "location-after-char-end": 5496,
      "node-str": "3.  The current Connection can make a connection between it and the start"
    },
    {
      "type": "insert-node",
      "node": {
        "label": "figure.",
        "type": "TextElement"
      },
      "location-after-char-start": 5505,
      "location-after-char-end": 5512,
      "node-str": "figure."
    },
    {
      "type": "insert-node",
      "node": {
        "label": "Attempts to set the Connector to be connected to based on the current",
        "type": "TextElement"
      },
      "location-after-char-start": 6550,
      "location-after-char-end": 6619,
      "node-str": "Attempts to set the Connector to be connected to based on the current"
    },
    {
      "type": "insert-node",
      "node": {
        "label": "location of the mouse.",
        "type": "TextElement"
      },
      "location-after-char-start": 6624,
      "location-after-char-end": 6646,
      "node-str": "location of the mouse."
    },
    {
      "type": "insert-node",
      "node": {
        "label": "MouseEvent",
        "type": "SimpleName"
      },
      "location-after-char-start": 6684,
      "location-after-char-end": 6694,
      "node-str": "MouseEvent"
    },
    {
      "type": "insert-node",
      "node": {
        "label": "",
        "type": "SimpleType"
      },
      "location-after-char-start": 6716,
      "location-after-char-end": 6722,
      "node-str": ""
    },
    {
      "type": "insert-node",
      "node": {
        "label": "",
        "type": "VariableDeclarationFragment"
      },
      "location-after-char-start": 6723,
      "location-after-char-end": 6731,
      "node-str": ""
    },
    {
      "type": "insert-node",
      "node": {
        "label": "",
        "type": "InfixExpression"
      },
      "location-after-char-start": 6909,
      "location-after-char-end": 6936,
      "node-str": ""
    },
    {
      "type": "insert-node",
      "node": {
        "label": "",
        "type": "Block"
      },
      "location-after-char-start": 6938,
      "location-after-char-end": 6988,
      "node-str": ""
    },
    {
      "type": "insert-node",
      "node": {
        "label": "",
        "type": "Block"
      },
      "location-after-char-start": 6996,
      "location-after-char-end": 7046,
      "node-str": ""
    },
    {
      "type": "insert-node",
      "node": {
        "label": "",
        "type": "SimpleType"
      },
      "location-after-char-start": 7803,
      "location-after-char-end": 7812,
      "node-str": ""
    },
    {
      "type": "insert-node",
      "node": {
        "label": "",
        "type": "VariableDeclarationFragment"
      },
      "location-after-char-start": 7813,
      "location-after-char-end": 7822,
      "node-str": ""
    },
    {
      "type": "insert-node",
      "node": {
        "label": "",
        "type": "MethodInvocation"
      },
      "location-after-char-start": 7987,
      "location-after-char-end": 8016,
      "node-str": ""
    },
    {
      "type": "insert-node",
      "node": {
        "label": "Returns the topmost? figure that can connect and is at the current mouse",
        "type": "TextElement"
      },
      "location-after-char-start": 8390,
      "location-after-char-end": 8462,
      "node-str": "Returns the topmost? figure that can connect and is at the current mouse"
    },
    {
      "type": "insert-node",
      "node": {
        "label": "location.",
        "type": "TextElement"
      },
      "location-after-char-start": 8467,
      "location-after-char-end": 8476,
      "node-str": "location."
    },
    {
      "type": "insert-node",
      "node": {
        "label": "ConnectionFigure",
        "type": "SimpleName"
      },
      "location-after-char-start": 10028,
      "location-after-char-end": 10044,
      "node-str": "ConnectionFigure"
    },
    {
      "type": "insert-node",
      "node": {
        "label": "myConnection",
        "type": "SimpleName"
      },
      "location-after-char-start": 10046,
      "location-after-char-end": 10058,
      "node-str": "myConnection"
    },
    {
      "type": "insert-node",
      "node": {
        "label": "Connector",
        "type": "SimpleName"
      },
      "location-after-char-start": 10070,
      "location-after-char-end": 10079,
      "node-str": "Connector"
    },
    {
      "type": "insert-node",
      "node": {
        "label": "myStartConnector",
        "type": "SimpleName"
      },
      "location-after-char-start": 10082,
      "location-after-char-end": 10098,
      "node-str": "myStartConnector"
    },
    {
      "type": "insert-node",
      "node": {
        "label": "Connector",
        "type": "SimpleName"
      },
      "location-after-char-start": 10110,
      "location-after-char-end": 10119,
      "node-str": "Connector"
    },
    {
      "type": "insert-node",
      "node": {
        "label": "myEndConnector",
        "type": "SimpleName"
      },
      "location-after-char-start": 10122,
      "location-after-char-end": 10136,
      "node-str": "myEndConnector"
    },
    {
      "type": "insert-node",
      "node": {
        "label": "mouseDown",
        "type": "SimpleName"
      },
      "location-after-char-start": 2530,
      "location-after-char-end": 2539,
      "node-str": "mouseDown"
    },
    {
      "type": "insert-node",
      "node": {
        "label": "e",
        "type": "SimpleName"
      },
      "location-after-char-start": 2540,
      "location-after-char-end": 2541,
      "node-str": "e"
    },
    {
      "type": "insert-node",
      "node": {
        "label": "x",
        "type": "SimpleName"
      },
      "location-after-char-start": 2542,
      "location-after-char-end": 2543,
      "node-str": "x"
    },
    {
      "type": "insert-node",
      "node": {
        "label": "y",
        "type": "SimpleName"
      },
      "location-after-char-start": 2544,
      "location-after-char-end": 2545,
      "node-str": "y"
    },
    {
      "type": "insert-node",
      "node": {
        "label": "",
        "type": "MethodInvocation"
      },
      "location-after-char-start": 2655,
      "location-after-char-end": 2672,
      "node-str": ""
    },
    {
      "type": "insert-node",
      "node": {
        "label": "!\u003d",
        "type": "INFIX_EXPRESSION_OPERATOR"
      },
      "location-after-char-start": 2673,
      "location-after-char-end": 2675,
      "node-str": "!\u003d"
    },
    {
      "type": "insert-node",
      "node": {
        "label": "",
        "type": "NullLiteral"
      },
      "location-after-char-start": 2676,
      "location-after-char-end": 2680,
      "node-str": ""
    },
    {
      "type": "insert-node",
      "node": {
        "label": "deactivate",
        "type": "SimpleName"
      },
      "location-after-char-start": 4766,
      "location-after-char-end": 4776,
      "node-str": "deactivate"
    },
    {
      "type": "insert-node",
      "node": {
        "label": "",
        "type": "MethodInvocation"
      },
      "location-after-char-start": 4786,
      "location-after-char-end": 4803,
      "node-str": ""
    },
    {
      "type": "insert-node",
      "node": {
        "label": "!\u003d",
        "type": "INFIX_EXPRESSION_OPERATOR"
      },
      "location-after-char-start": 4804,
      "location-after-char-end": 4806,
      "node-str": "!\u003d"
    },
    {
      "type": "insert-node",
      "node": {
        "label": "",
        "type": "NullLiteral"
      },
      "location-after-char-start": 4807,
      "location-after-char-end": 4811,
      "node-str": ""
    },
    {
      "type": "insert-node",
      "node": {
        "label": "",
        "type": "ExpressionStatement"
      },
      "location-after-char-start": 4818,
      "location-after-char-end": 4869,
      "node-str": ""
    },
    {
      "type": "update-node",
      "node": {
        "label": "Enumeration",
        "type": "SimpleName"
      },
      "location-before-char-start": 5669,
      "location-before-char-end": 5680,
      "location-after-char-start": 6015,
      "location-after-char-end": 6032,
      "node-str": "FigureEnumeration"
    },
    {
      "type": "update-node",
      "node": {
        "label": "k",
        "type": "SimpleName"
      },
      "location-before-char-start": 5681,
      "location-before-char-end": 5682,
      "location-after-char-start": 6033,
      "location-after-char-end": 6035,
      "node-str": "fe"
    },
    {
      "type": "update-node",
      "node": {
        "label": "hasMoreElements",
        "type": "SimpleName"
      },
      "location-before-char-start": 5722,
      "location-before-char-end": 5737,
      "location-after-char-start": 6076,
      "location-after-char-end": 6089,
      "node-str": "hasNextFigure"
    },
    {
      "type": "insert-node",
      "node": {
        "label": "Figure",
        "type": "SimpleName"
      },
      "location-after-char-start": 6716,
      "location-after-char-end": 6722,
      "node-str": "Figure"
    },
    {
      "type": "insert-node",
      "node": {
        "label": "c",
        "type": "SimpleName"
      },
      "location-after-char-start": 6723,
      "location-after-char-end": 6724,
      "node-str": "c"
    },
    {
      "type": "insert-node",
      "node": {
        "label": "",
        "type": "NullLiteral"
      },
      "location-after-char-start": 6727,
      "location-after-char-end": 6731,
      "node-str": ""
    },
    {
      "type": "insert-node",
      "node": {
        "label": "",
        "type": "MethodInvocation"
      },
      "location-after-char-start": 6909,
      "location-after-char-end": 6928,
      "node-str": ""
    },
    {
      "type": "insert-node",
      "node": {
        "label": "\u003d\u003d",
        "type": "INFIX_EXPRESSION_OPERATOR"
      },
      "location-after-char-start": 6929,
      "location-after-char-end": 6931,
      "node-str": "\u003d\u003d"
    },
    {
      "type": "insert-node",
      "node": {
        "label": "",
        "type": "NullLiteral"
      },
      "location-after-char-start": 6932,
      "location-after-char-end": 6936,
      "node-str": ""
    },
    {
      "type": "insert-node",
      "node": {
        "label": "",
        "type": "ExpressionStatement"
      },
      "location-after-char-start": 6943,
      "location-after-char-end": 6984,
      "node-str": ""
    },
    {
      "type": "insert-node",
      "node": {
        "label": "",
        "type": "ExpressionStatement"
      },
      "location-after-char-start": 7001,
      "location-after-char-end": 7042,
      "node-str": ""
    },
    {
      "type": "insert-node",
      "node": {
        "label": "Connector",
        "type": "SimpleName"
      },
      "location-after-char-start": 7803,
      "location-after-char-end": 7812,
      "node-str": "Connector"
    },
    {
      "type": "insert-node",
      "node": {
        "label": "cc",
        "type": "SimpleName"
      },
      "location-after-char-start": 7813,
      "location-after-char-end": 7815,
      "node-str": "cc"
    },
    {
      "type": "insert-node",
      "node": {
        "label": "",
        "type": "NullLiteral"
      },
      "location-after-char-start": 7818,
      "location-after-char-end": 7822,
      "node-str": ""
    },
    {
      "type": "insert-node",
      "node": {
        "label": "",
        "type": "METHOD_INVOCATION_RECEIVER"
      },
      "location-after-char-start": 7987,
      "location-after-char-end": 8002,
      "node-str": ""
    },
    {
      "type": "insert-node",
      "node": {
        "label": "checkDamage",
        "type": "SimpleName"
      },
      "location-after-char-start": 8003,
      "location-after-char-end": 8014,
      "node-str": "checkDamage"
    },
    {
      "type": "update-node",
      "node": {
        "label": "k",
        "type": "SimpleName"
      },
      "location-before-char-start": 7326,
      "location-before-char-end": 7327,
      "location-after-char-start": 8575,
      "location-after-char-end": 8577,
      "node-str": "fe"
    },
    {
      "type": "update-node",
      "node": {
        "label": "hasMoreElements",
        "type": "SimpleName"
      },
      "location-before-char-start": 7367,
      "location-before-char-end": 7382,
      "location-after-char-start": 8618,
      "location-after-char-end": 8631,
      "node-str": "hasNextFigure"
    },
    {
      "type": "insert-node",
      "node": {
        "label": "getTargetFigure",
        "type": "SimpleName"
      },
      "location-after-char-start": 2655,
      "location-after-char-end": 2670,
      "node-str": "getTargetFigure"
    },
    {
      "type": "insert-node",
      "node": {
        "label": "getTargetFigure",
        "type": "SimpleName"
      },
      "location-after-char-start": 4786,
      "location-after-char-end": 4801,
      "node-str": "getTargetFigure"
    },
    {
      "type": "insert-node",
      "node": {
        "label": "",
        "type": "MethodInvocation"
      },
      "location-after-char-start": 4818,
      "location-after-char-end": 4868,
      "node-str": ""
    },
    {
      "type": "update-node",
      "node": {
        "label": "k",
        "type": "SimpleName"
      },
      "location-before-char-start": 5720,
      "location-before-char-end": 5721,
      "location-after-char-start": 6073,
      "location-after-char-end": 6075,
      "node-str": "fe"
    },
    {
      "type": "insert-node",
      "node": {
        "label": "getStartConnector",
        "type": "SimpleName"
      },
      "location-after-char-start": 6909,
      "location-after-char-end": 6926,
      "node-str": "getStartConnector"
    },
    {
      "type": "insert-node",
      "node": {
        "label": "",
        "type": "Assignment"
      },
      "location-after-char-start": 6943,
      "location-after-char-end": 6983,
      "node-str": ""
    },
    {
      "type": "insert-node",
      "node": {
        "label": "",
        "type": "Assignment"
      },
      "location-after-char-start": 7001,
      "location-after-char-end": 7041,
      "node-str": ""
    },
    {
      "type": "insert-node",
      "node": {
        "label": "",
        "type": "MethodInvocation"
      },
      "location-after-char-start": 7987,
      "location-after-char-end": 8002,
      "node-str": ""
    },
    {
      "type": "update-node",
      "node": {
        "label": "k",
        "type": "SimpleName"
      },
      "location-before-char-start": 7365,
      "location-before-char-end": 7366,
      "location-after-char-start": 8615,
      "location-after-char-end": 8617,
      "node-str": "fe"
    },
    {
      "type": "update-node",
      "node": {
        "label": "hasMoreElements",
        "type": "SimpleName"
      },
      "location-before-char-start": 9510,
      "location-before-char-end": 9525,
      "location-after-char-start": 10762,
      "location-after-char-end": 10775,
      "node-str": "hasNextFigure"
    },
    {
      "type": "insert-node",
      "node": {
        "label": "",
        "type": "METHOD_INVOCATION_RECEIVER"
      },
      "location-after-char-start": 4818,
      "location-after-char-end": 4835,
      "node-str": ""
    },
    {
      "type": "insert-node",
      "node": {
        "label": "connectorVisibility",
        "type": "SimpleName"
      },
      "location-after-char-start": 4836,
      "location-after-char-end": 4855,
      "node-str": "connectorVisibility"
    },
    {
      "type": "insert-node",
      "node": {
        "label": "",
        "type": "METHOD_INVOCATION_ARGUMENTS"
      },
      "location-after-char-start": 4856,
      "location-after-char-end": 4867,
      "node-str": ""
    },
    {
      "type": "move-subtree",
      "node": {
        "label": "",
        "type": "MethodInvocation"
      },
      "location-before-char-start": 5771,
      "location-before-char-end": 5786,
      "location-after-char-start": 6114,
      "location-after-char-end": 6129,
      "node-str": ""
    },
    {
      "type": "insert-node",
      "node": {
        "label": "c",
        "type": "SimpleName"
      },
      "location-after-char-start": 6943,
      "location-after-char-end": 6944,
      "node-str": "c"
    },
    {
      "type": "insert-node",
      "node": {
        "label": "\u003d",
        "type": "ASSIGNMENT_OPERATOR"
      },
      "location-after-char-start": 6945,
      "location-after-char-end": 6946,
      "node-str": "\u003d"
    },
    {
      "type": "insert-node",
      "node": {
        "label": "",
        "type": "MethodInvocation"
      },
      "location-after-char-start": 6947,
      "location-after-char-end": 6983,
      "node-str": ""
    },
    {
      "type": "insert-node",
      "node": {
        "label": "c",
        "type": "SimpleName"
      },
      "location-after-char-start": 7001,
      "location-after-char-end": 7002,
      "node-str": "c"
    },
    {
      "type": "insert-node",
      "node": {
        "label": "\u003d",
        "type": "ASSIGNMENT_OPERATOR"
      },
      "location-after-char-start": 7003,
      "location-after-char-end": 7004,
      "node-str": "\u003d"
    },
    {
      "type": "insert-node",
      "node": {
        "label": "",
        "type": "MethodInvocation"
      },
      "location-after-char-start": 7005,
      "location-after-char-end": 7041,
      "node-str": ""
    },
    {
      "type": "insert-node",
      "node": {
        "label": "getActiveView",
        "type": "SimpleName"
      },
      "location-after-char-start": 7987,
      "location-after-char-end": 8000,
      "node-str": "getActiveView"
    },
    {
      "type": "insert-node",
      "node": {
        "label": "",
        "type": "MethodInvocation"
      },
      "location-after-char-start": 4818,
      "location-after-char-end": 4835,
      "node-str": ""
    },
    {
      "type": "insert-node",
      "node": {
        "label": "false",
        "type": "BooleanLiteral"
      },
      "location-after-char-start": 4856,
      "location-after-char-end": 4861,
      "node-str": "false"
    },
    {
      "type": "insert-node",
      "node": {
        "label": "",
        "type": "NullLiteral"
      },
      "location-after-char-start": 4863,
      "location-after-char-end": 4867,
      "node-str": ""
    },
    {
      "type": "update-node",
      "node": {
        "label": "nextElement",
        "type": "SimpleName"
      },
      "location-before-char-start": 5773,
      "location-before-char-end": 5784,
      "location-after-char-start": 6117,
      "location-after-char-end": 6127,
      "node-str": "nextFigure"
    },
    {
      "type": "insert-node",
      "node": {
        "label": "findSource",
        "type": "SimpleName"
      },
      "location-after-char-start": 6947,
      "location-after-char-end": 6957,
      "node-str": "findSource"
    },
    {
      "type": "insert-node",
      "node": {
        "label": "",
        "type": "METHOD_INVOCATION_ARGUMENTS"
      },
      "location-after-char-start": 6958,
      "location-after-char-end": 6982,
      "node-str": ""
    },
    {
      "type": "insert-node",
      "node": {
        "label": "findTarget",
        "type": "SimpleName"
      },
      "location-after-char-start": 7005,
      "location-after-char-end": 7015,
      "node-str": "findTarget"
    },
    {
      "type": "insert-node",
      "node": {
        "label": "",
        "type": "METHOD_INVOCATION_ARGUMENTS"
      },
      "location-after-char-start": 7016,
      "location-after-char-end": 7040,
      "node-str": ""
    },
    {
      "type": "insert-node",
      "node": {
        "label": "getTargetFigure",
        "type": "SimpleName"
      },
      "location-after-char-start": 4818,
      "location-after-char-end": 4833,
      "node-str": "getTargetFigure"
    },
    {
      "type": "update-node",
      "node": {
        "label": "k",
        "type": "SimpleName"
      },
      "location-before-char-start": 5771,
      "location-before-char-end": 5772,
      "location-after-char-start": 6114,
      "location-after-char-end": 6116,
      "node-str": "fe"
    },
    {
      "type": "insert-node",
      "node": {
        "label": "x",
        "type": "SimpleName"
      },
      "location-after-char-start": 6958,
      "location-after-char-end": 6959,
      "node-str": "x"
    },
    {
      "type": "insert-node",
      "node": {
        "label": "y",
        "type": "SimpleName"
      },
      "location-after-char-start": 6961,
      "location-after-char-end": 6962,
      "node-str": "y"
    },
    {
      "type": "insert-node",
      "node": {
        "label": "",
        "type": "MethodInvocation"
      },
      "location-after-char-start": 6964,
      "location-after-char-end": 6982,
      "node-str": ""
    },
    {
      "type": "insert-node",
      "node": {
        "label": "x",
        "type": "SimpleName"
      },
      "location-after-char-start": 7016,
      "location-after-char-end": 7017,
      "node-str": "x"
    },
    {
      "type": "insert-node",
      "node": {
        "label": "y",
        "type": "SimpleName"
      },
      "location-after-char-start": 7019,
      "location-after-char-end": 7020,
      "node-str": "y"
    },
    {
      "type": "insert-node",
      "node": {
        "label": "",
        "type": "MethodInvocation"
      },
      "location-after-char-start": 7022,
      "location-after-char-end": 7040,
      "node-str": ""
    },
    {
      "type": "update-node",
      "node": {
        "label": "k",
        "type": "SimpleName"
      },
      "location-before-char-start": 7407,
      "location-before-char-end": 7408,
      "location-after-char-start": 8656,
      "location-after-char-end": 8658,
      "node-str": "fe"
    },
    {
      "type": "insert-node",
      "node": {
        "label": "ex",
        "type": "SimpleName"
      },
      "location-after-char-start": 2856,
      "location-after-char-end": 2858,
      "node-str": "ex"
    },
    {
      "type": "insert-node",
      "node": {
        "label": "ey",
        "type": "SimpleName"
      },
      "location-after-char-start": 2860,
      "location-after-char-end": 2862,
      "node-str": "ey"
    },
    {
      "type": "insert-node",
      "node": {
        "label": "ex",
        "type": "SimpleName"
      },
      "location-after-char-start": 2894,
      "location-after-char-end": 2896,
      "node-str": "ex"
    },
    {
      "type": "insert-node",
      "node": {
        "label": "ey",
        "type": "SimpleName"
      },
      "location-after-char-start": 2898,
      "location-after-char-end": 2900,
      "node-str": "ey"
    },
    {
      "type": "insert-node",
      "node": {
        "label": "getActiveDrawing",
        "type": "SimpleName"
      },
      "location-after-char-start": 6964,
      "location-after-char-end": 6980,
      "node-str": "getActiveDrawing"
    },
    {
      "type": "insert-node",
      "node": {
        "label": "getActiveDrawing",
        "type": "SimpleName"
      },
      "location-after-char-start": 7022,
      "location-after-char-end": 7038,
      "node-str": "getActiveDrawing"
    },
    {
      "type": "insert-node",
      "node": {
        "label": "",
        "type": "NullLiteral"
      },
      "location-after-char-start": 7549,
      "location-after-char-end": 7553,
      "node-str": ""
    },
    {
      "type": "insert-node",
      "node": {
        "label": "",
        "type": "MethodInvocation"
      },
      "location-after-char-start": 7668,
      "location-after-char-end": 7683,
      "node-str": ""
    },
    {
      "type": "insert-node",
      "node": {
        "label": "getConnection",
        "type": "SimpleName"
      },
      "location-after-char-start": 7668,
      "location-after-char-end": 7681,
      "node-str": "getConnection"
    },
    {
      "type": "delete-node",
      "node": {
        "label": "CH.ifa.draw.standard",
        "type": "QualifiedName"
      },
      "location-before-char-start": 345,
      "location-before-char-end": 365,
      "node-str": "CH.ifa.draw.standard"
    },
    {
      "type": "delete-node",
      "node": {
        "label": "",
        "type": "PackageDeclaration"
      },
      "location-before-char-start": 337,
      "location-before-char-end": 366,
      "node-str": ""
    },
    {
      "type": "delete-node",
      "node": {
        "label": "CH.ifa.draw.framework",
        "type": "QualifiedName"
      },
      "location-before-char-start": 375,
      "location-before-char-end": 396,
      "node-str": "CH.ifa.draw.framework"
    },
    {
      "type": "delete-node",
      "node": {
        "label": "",
        "type": "ImportDeclaration"
      },
      "location-before-char-start": 368,
      "location-before-char-end": 399,
      "node-str": ""
    },
    {
      "type": "delete-node",
      "node": {
        "label": "CH.ifa.draw.util.Geom",
        "type": "QualifiedName"
      },
      "location-before-char-start": 407,
      "location-before-char-end": 428,
      "node-str": "CH.ifa.draw.util.Geom"
    },
    {
      "type": "delete-node",
      "node": {
        "label": "",
        "type": "ImportDeclaration"
      },
      "location-before-char-start": 400,
      "location-before-char-end": 429,
      "node-str": ""
    },
    {
      "type": "delete-node",
      "node": {
        "label": "CH.ifa.draw.util.UndoableAdapter",
        "type": "QualifiedName"
      },
      "location-before-char-start": 437,
      "location-before-char-end": 469,
      "node-str": "CH.ifa.draw.util.UndoableAdapter"
    },
    {
      "type": "delete-node",
      "node": {
        "label": "",
        "type": "ImportDeclaration"
      },
      "location-before-char-start": 430,
      "location-before-char-end": 470,
      "node-str": ""
    },
    {
      "type": "delete-node",
      "node": {
        "label": "CH.ifa.draw.util.Undoable",
        "type": "QualifiedName"
      },
      "location-before-char-start": 478,
      "location-before-char-end": 503,
      "node-str": "CH.ifa.draw.util.Undoable"
    },
    {
      "type": "delete-node",
      "node": {
        "label": "",
        "type": "ImportDeclaration"
      },
      "location-before-char-start": 471,
      "location-before-char-end": 504,
      "node-str": ""
    },
    {
      "type": "delete-node",
      "node": {
        "label": "java.awt",
        "type": "QualifiedName"
      },
      "location-before-char-start": 512,
      "location-before-char-end": 520,
      "node-str": "java.awt"
    },
    {
      "type": "delete-node",
      "node": {
        "label": "",
        "type": "ImportDeclaration"
      },
      "location-before-char-start": 505,
      "location-before-char-end": 523,
      "node-str": ""
    },
    {
      "type": "delete-node",
      "node": {
        "label": "java.awt.event.MouseEvent",
        "type": "QualifiedName"
      },
      "location-before-char-start": 531,
      "location-before-char-end": 556,
      "node-str": "java.awt.event.MouseEvent"
    },
    {
      "type": "delete-node",
      "node": {
        "label": "",
        "type": "ImportDeclaration"
      },
      "location-before-char-start": 524,
      "location-before-char-end": 557,
      "node-str": ""
    },
    {
      "type": "delete-node",
      "node": {
        "label": "java.util",
        "type": "QualifiedName"
      },
      "location-before-char-start": 565,
      "location-before-char-end": 574,
      "node-str": "java.util"
    },
    {
      "type": "delete-node",
      "node": {
        "label": "",
        "type": "ImportDeclaration"
      },
      "location-before-char-start": 558,
      "location-before-char-end": 577,
      "node-str": ""
    },
    {
      "type": "delete-node",
      "node": {
        "label": "public",
        "type": "Modifier"
      },
      "location-before-char-start": 1180,
      "location-before-char-end": 1186,
      "node-str": "public"
    },
    {
      "type": "delete-node",
      "node": {
        "label": "class",
        "type": "TYPE_DECLARATION_KIND"
      },
      "location-before-char-start": 1188,
      "location-before-char-end": 1193,
      "node-str": "class"
    },
    {
      "type": "delete-node",
      "node": {
        "label": "ConnectionTool",
        "type": "SimpleName"
      },
      "location-before-char-start": 1194,
      "location-before-char-end": 1208,
      "node-str": "ConnectionTool"
    },
    {
      "type": "delete-node",
      "node": {
        "label": "AbstractTool",
        "type": "SimpleName"
      },
      "location-before-char-start": 1217,
      "location-before-char-end": 1229,
      "node-str": "AbstractTool"
    },
    {
      "type": "delete-node",
      "node": {
        "label": "",
        "type": "SimpleType"
      },
      "location-before-char-start": 1217,
      "location-before-char-end": 1229,
      "node-str": ""
    },
    {
      "type": "delete-node",
      "node": {
        "label": "private",
        "type": "Modifier"
      },
      "location-before-char-start": 1323,
      "location-before-char-end": 1330,
      "node-str": "private"
    },
    {
      "type": "delete-node",
      "node": {
        "label": "Connector",
        "type": "SimpleName"
      },
      "location-before-char-start": 1331,
      "location-before-char-end": 1340,
      "node-str": "Connector"
    },
    {
      "type": "delete-node",
      "node": {
        "label": "",
        "type": "SimpleType"
      },
      "location-before-char-start": 1331,
      "location-before-char-end": 1340,
      "node-str": ""
    },
    {
      "type": "delete-node",
      "node": {
        "label": "myEndConnector",
        "type": "SimpleName"
      },
      "location-before-char-start": 1343,
      "location-before-char-end": 1357,
      "node-str": "myEndConnector"
    },
    {
      "type": "delete-node",
      "node": {
        "label": "",
        "type": "VariableDeclarationFragment"
      },
      "location-before-char-start": 1343,
      "location-before-char-end": 1357,
      "node-str": ""
    },
    {
      "type": "delete-node",
      "node": {
        "label": "",
        "type": "FieldDeclaration"
      },
      "location-before-char-start": 1323,
      "location-before-char-end": 1358,
      "node-str": ""
    },
    {
      "type": "delete-node",
      "node": {
        "label": "private",
        "type": "Modifier"
      },
      "location-before-char-start": 1360,
      "location-before-char-end": 1367,
      "node-str": "private"
    },
    {
      "type": "delete-node",
      "node": {
        "label": "Connector",
        "type": "SimpleName"
      },
      "location-before-char-start": 1368,
      "location-before-char-end": 1377,
      "node-str": "Connector"
    },
    {
      "type": "delete-node",
      "node": {
        "label": "",
        "type": "SimpleType"
      },
      "location-before-char-start": 1368,
      "location-before-char-end": 1377,
      "node-str": ""
    },
    {
      "type": "delete-node",
      "node": {
        "label": "myTargetConnector",
        "type": "SimpleName"
      },
      "location-before-char-start": 1380,
      "location-before-char-end": 1397,
      "node-str": "myTargetConnector"
    },
    {
      "type": "delete-node",
      "node": {
        "label": "",
        "type": "VariableDeclarationFragment"
      },
      "location-before-char-start": 1380,
      "location-before-char-end": 1397,
      "node-str": ""
    },
    {
      "type": "delete-node",
      "node": {
        "label": "",
        "type": "FieldDeclaration"
      },
      "location-before-char-start": 1360,
      "location-before-char-end": 1398,
      "node-str": ""
    },
    {
      "type": "delete-node",
      "node": {
        "label": "private",
        "type": "Modifier"
      },
      "location-before-char-start": 1401,
      "location-before-char-end": 1408,
      "node-str": "private"
    },
    {
      "type": "delete-node",
      "node": {
        "label": "Figure",
        "type": "SimpleName"
      },
      "location-before-char-start": 1409,
      "location-before-char-end": 1415,
      "node-str": "Figure"
    },
    {
      "type": "delete-node",
      "node": {
        "label": "",
        "type": "SimpleType"
      },
      "location-before-char-start": 1409,
      "location-before-char-end": 1415,
      "node-str": ""
    },
    {
      "type": "delete-node",
      "node": {
        "label": "myTarget",
        "type": "SimpleName"
      },
      "location-before-char-start": 1416,
      "location-before-char-end": 1424,
      "node-str": "myTarget"
    },
    {
      "type": "delete-node",
      "node": {
        "label": "",
        "type": "VariableDeclarationFragment"
      },
      "location-before-char-start": 1416,
      "location-before-char-end": 1424,
      "node-str": ""
    },
    {
      "type": "delete-node",
      "node": {
        "label": "",
        "type": "FieldDeclaration"
      },
      "location-before-char-start": 1401,
      "location-before-char-end": 1425,
      "node-str": ""
    },
    {
      "type": "delete-node",
      "node": {
        "label": "Manipulates connections in a context dependent way. If the",
        "type": "TextElement"
      },
      "location-before-char-start": 2275,
      "location-before-char-end": 2333,
      "node-str": "Manipulates connections in a context dependent way. If the"
    },
    {
      "type": "delete-node",
      "node": {
        "label": "mouse down hits a figure start a new connection. If the mousedown",
        "type": "TextElement"
      },
      "location-before-char-start": 2338,
      "location-before-char-end": 2403,
      "node-str": "mouse down hits a figure start a new connection. If the mousedown"
    },
    {
      "type": "delete-node",
      "node": {
        "label": "hits a connection split a segment or join two segments.",
        "type": "TextElement"
      },
      "location-before-char-start": 2408,
      "location-before-char-end": 2463,
      "node-str": "hits a connection split a segment or join two segments."
    },
    {
      "type": "delete-node",
      "node": {
        "label": "",
        "type": "TagElement"
      },
      "location-before-char-start": 2275,
      "location-before-char-end": 2463,
      "node-str": ""
    },
    {
      "type": "delete-node",
      "node": {
        "label": "",
        "type": "Javadoc"
      },
      "location-before-char-start": 2267,
      "location-before-char-end": 2468,
      "node-str": ""
    },
    {
      "type": "delete-node",
      "node": {
        "label": "public",
        "type": "Modifier"
      },
      "location-before-char-start": 2470,
      "location-before-char-end": 2476,
      "node-str": "public"
    },
    {
      "type": "delete-node",
      "node": {
        "label": "void",
        "type": "PrimitiveType"
      },
      "location-before-char-start": 2477,
      "location-before-char-end": 2481,
      "node-str": "void"
    },
    {
      "type": "delete-node",
      "node": {
        "label": "mouseDown",
        "type": "SimpleName"
      },
      "location-before-char-start": 2482,
      "location-before-char-end": 2491,
      "node-str": "mouseDown"
    },
    {
      "type": "delete-node",
      "node": {
        "label": "MouseEvent",
        "type": "SimpleName"
      },
      "location-before-char-start": 2492,
      "location-before-char-end": 2502,
      "node-str": "MouseEvent"
    },
    {
      "type": "delete-node",
      "node": {
        "label": "",
        "type": "SimpleType"
      },
      "location-before-char-start": 2492,
      "location-before-char-end": 2502,
      "node-str": ""
    },
    {
      "type": "delete-node",
      "node": {
        "label": "e",
        "type": "SimpleName"
      },
      "location-before-char-start": 2503,
      "location-before-char-end": 2504,
      "node-str": "e"
    },
    {
      "type": "delete-node",
      "node": {
        "label": "",
        "type": "SingleVariableDeclaration"
      },
      "location-before-char-start": 2492,
      "location-before-char-end": 2504,
      "node-str": ""
    },
    {
      "type": "delete-node",
      "node": {
        "label": "int",
        "type": "PrimitiveType"
      },
      "location-before-char-start": 2506,
      "location-before-char-end": 2509,
      "node-str": "int"
    },
    {
      "type": "delete-node",
      "node": {
        "label": "x",
        "type": "SimpleName"
      },
      "location-before-char-start": 2510,
      "location-before-char-end": 2511,
      "node-str": "x"
    },
    {
      "type": "delete-node",
      "node": {
        "label": "",
        "type": "SingleVariableDeclaration"
      },
      "location-before-char-start": 2506,
      "location-before-char-end": 2511,
      "node-str": ""
    },
    {
      "type": "delete-node",
      "node": {
        "label": "int",
        "type": "PrimitiveType"
      },
      "location-before-char-start": 2513,
      "location-before-char-end": 2516,
      "node-str": "int"
    },
    {
      "type": "delete-node",
      "node": {
        "label": "y",
        "type": "SimpleName"
      },
      "location-before-char-start": 2517,
      "location-before-char-end": 2518,
      "node-str": "y"
    },
    {
      "type": "delete-node",
      "node": {
        "label": "",
        "type": "SingleVariableDeclaration"
      },
      "location-before-char-start": 2513,
      "location-before-char-end": 2518,
      "node-str": ""
    },
    {
      "type": "delete-node",
      "node": {
        "label": "getTargetFigure",
        "type": "SimpleName"
      },
      "location-before-char-start": 2630,
      "location-before-char-end": 2645,
      "node-str": "getTargetFigure"
    },
    {
      "type": "delete-node",
      "node": {
        "label": "",
        "type": "MethodInvocation"
      },
      "location-before-char-start": 2630,
      "location-before-char-end": 2647,
      "node-str": ""
    },
    {
      "type": "delete-node",
      "node": {
        "label": "!\u003d",
        "type": "INFIX_EXPRESSION_OPERATOR"
      },
      "location-before-char-start": 2648,
      "location-before-char-end": 2650,
      "node-str": "!\u003d"
    },
    {
      "type": "delete-node",
      "node": {
        "label": "",
        "type": "NullLiteral"
      },
      "location-before-char-start": 2651,
      "location-before-char-end": 2655,
      "node-str": ""
    },
    {
      "type": "delete-node",
      "node": {
        "label": "",
        "type": "InfixExpression"
      },
      "location-before-char-start": 2630,
      "location-before-char-end": 2655,
      "node-str": ""
    },
    {
      "type": "delete-node",
      "node": {
        "label": "Point",
        "type": "SimpleName"
      },
      "location-before-char-start": 2765,
      "location-before-char-end": 2770,
      "node-str": "Point"
    },
    {
      "type": "delete-node",
      "node": {
        "label": "",
        "type": "SimpleType"
      },
      "location-before-char-start": 2765,
      "location-before-char-end": 2770,
      "node-str": ""
    },
    {
      "type": "delete-node",
      "node": {
        "label": "p",
        "type": "SimpleName"
      },
      "location-before-char-start": 2771,
      "location-before-char-end": 2772,
      "node-str": "p"
    },
    {
      "type": "delete-node",
      "node": {
        "label": "Point",
        "type": "SimpleName"
      },
      "location-before-char-start": 2779,
      "location-before-char-end": 2784,
      "node-str": "Point"
    },
    {
      "type": "delete-node",
      "node": {
        "label": "",
        "type": "SimpleType"
      },
      "location-before-char-start": 2779,
      "location-before-char-end": 2784,
      "node-str": ""
    },
    {
      "type": "delete-node",
      "node": {
        "label": "ex",
        "type": "SimpleName"
      },
      "location-before-char-start": 2785,
      "location-before-char-end": 2787,
      "node-str": "ex"
    },
    {
      "type": "delete-node",
      "node": {
        "label": "ey",
        "type": "SimpleName"
      },
      "location-before-char-start": 2789,
      "location-before-char-end": 2791,
      "node-str": "ey"
    },
    {
      "type": "delete-node",
      "node": {
        "label": "",
        "type": "ClassInstanceCreation"
      },
      "location-before-char-start": 2775,
      "location-before-char-end": 2792,
      "node-str": ""
    },
    {
      "type": "delete-node",
      "node": {
        "label": "",
        "type": "VariableDeclarationFragment"
      },
      "location-before-char-start": 2771,
      "location-before-char-end": 2792,
      "node-str": ""
    },
    {
      "type": "delete-node",
      "node": {
        "label": "",
        "type": "VariableDeclarationStatement"
      },
      "location-before-char-start": 2765,
      "location-before-char-end": 2793,
      "node-str": ""
    },
    {
      "type": "delete-node",
      "node": {
        "label": "p.x",
        "type": "QualifiedName"
      },
      "location-before-char-start": 2864,
      "location-before-char-end": 2867,
      "node-str": "p.x"
    },
    {
      "type": "delete-node",
      "node": {
        "label": "p.y",
        "type": "QualifiedName"
      },
      "location-before-char-start": 2869,
      "location-before-char-end": 2872,
      "node-str": "p.y"
    },
    {
      "type": "delete-node",
      "node": {
        "label": "p.x",
        "type": "QualifiedName"
      },
      "location-before-char-start": 2904,
      "location-before-char-end": 2907,
      "node-str": "p.x"
    },
    {
      "type": "delete-node",
      "node": {
        "label": "p.y",
        "type": "QualifiedName"
      },
      "location-before-char-start": 2909,
      "location-before-char-end": 2912,
      "node-str": "p.y"
    },
    {
      "type": "delete-node",
      "node": {
        "label": "public",
        "type": "Modifier"
      },
      "location-before-char-start": 4629,
      "location-before-char-end": 4635,
      "node-str": "public"
    },
    {
      "type": "delete-node",
      "node": {
        "label": "void",
        "type": "PrimitiveType"
      },
      "location-before-char-start": 4636,
      "location-before-char-end": 4640,
      "node-str": "void"
    },
    {
      "type": "delete-node",
      "node": {
        "label": "deactivate",
        "type": "SimpleName"
      },
      "location-before-char-start": 4641,
      "location-before-char-end": 4651,
      "node-str": "deactivate"
    },
    {
      "type": "delete-node",
      "node": {
        "label": "deactivate",
        "type": "SimpleName"
      },
      "location-before-char-start": 4664,
      "location-before-char-end": 4674,
      "node-str": "deactivate"
    },
    {
      "type": "delete-node",
      "node": {
        "label": "",
        "type": "SuperMethodInvocation"
      },
      "location-before-char-start": 4658,
      "location-before-char-end": 4676,
      "node-str": ""
    },
    {
      "type": "delete-node",
      "node": {
        "label": "",
        "type": "ExpressionStatement"
      },
      "location-before-char-start": 4658,
      "location-before-char-end": 4677,
      "node-str": ""
    },
    {
      "type": "delete-node",
      "node": {
        "label": "getTargetFigure",
        "type": "SimpleName"
      },
      "location-before-char-start": 4684,
      "location-before-char-end": 4699,
      "node-str": "getTargetFigure"
    },
    {
      "type": "delete-node",
      "node": {
        "label": "",
        "type": "MethodInvocation"
      },
      "location-before-char-start": 4684,
      "location-before-char-end": 4701,
      "node-str": ""
    },
    {
      "type": "delete-node",
      "node": {
        "label": "!\u003d",
        "type": "INFIX_EXPRESSION_OPERATOR"
      },
      "location-before-char-start": 4702,
      "location-before-char-end": 4704,
      "node-str": "!\u003d"
    },
    {
      "type": "delete-node",
      "node": {
        "label": "",
        "type": "NullLiteral"
      },
      "location-before-char-start": 4705,
      "location-before-char-end": 4709,
      "node-str": ""
    },
    {
      "type": "delete-node",
      "node": {
        "label": "",
        "type": "InfixExpression"
      },
      "location-before-char-start": 4684,
      "location-before-char-end": 4709,
      "node-str": ""
    },
    {
      "type": "delete-node",
      "node": {
        "label": "getTargetFigure",
        "type": "SimpleName"
      },
      "location-before-char-start": 4716,
      "location-before-char-end": 4731,
      "node-str": "getTargetFigure"
    },
    {
      "type": "delete-node",
      "node": {
        "label": "",
        "type": "MethodInvocation"
      },
      "location-before-char-start": 4716,
      "location-before-char-end": 4733,
      "node-str": ""
    },
    {
      "type": "delete-node",
      "node": {
        "label": "",
        "type": "METHOD_INVOCATION_RECEIVER"
      },
      "location-before-char-start": 4716,
      "location-before-char-end": 4733,
      "node-str": ""
    },
    {
      "type": "delete-node",
      "node": {
        "label": "connectorVisibility",
        "type": "SimpleName"
      },
      "location-before-char-start": 4734,
      "location-before-char-end": 4753,
      "node-str": "connectorVisibility"
    },
    {
      "type": "delete-node",
      "node": {
        "label": "false",
        "type": "BooleanLiteral"
      },
      "location-before-char-start": 4754,
      "location-before-char-end": 4759,
      "node-str": "false"
    },
    {
      "type": "delete-node",
      "node": {
        "label": "",
        "type": "METHOD_INVOCATION_ARGUMENTS"
      },
      "location-before-char-start": 4754,
      "location-before-char-end": 4759,
      "node-str": ""
    },
    {
      "type": "delete-node",
      "node": {
        "label": "",
        "type": "MethodInvocation"
      },
      "location-before-char-start": 4716,
      "location-before-char-end": 4760,
      "node-str": ""
    },
    {
      "type": "delete-node",
      "node": {
        "label": "",
        "type": "ExpressionStatement"
      },
      "location-before-char-start": 4716,
      "location-before-char-end": 4761,
      "node-str": ""
    },
    {
      "type": "delete-node",
      "node": {
        "label": "",
        "type": "Block"
      },
      "location-before-char-start": 4711,
      "location-before-char-end": 4765,
      "node-str": ""
    },
    {
      "type": "delete-node",
      "node": {
        "label": "",
        "type": "IfStatement"
      },
      "location-before-char-start": 4680,
      "location-before-char-end": 4765,
      "node-str": ""
    },
    {
      "type": "delete-node",
      "node": {
        "label": "",
        "type": "Block"
      },
      "location-before-char-start": 4654,
      "location-before-char-end": 4768,
      "node-str": ""
    },
    {
      "type": "delete-node",
      "node": {
        "label": "",
        "type": "MethodDeclaration"
      },
      "location-before-char-start": 4629,
      "location-before-char-end": 4768,
      "node-str": ""
    },
    {
      "type": "delete-node",
      "node": {
        "label": "Figure",
        "type": "SimpleName"
      },
      "location-before-char-start": 5763,
      "location-before-char-end": 5769,
      "node-str": "Figure"
    },
    {
      "type": "delete-node",
      "node": {
        "label": "",
        "type": "SimpleType"
      },
      "location-before-char-start": 5763,
      "location-before-char-end": 5769,
      "node-str": ""
    },
    {
      "type": "delete-node",
      "node": {
        "label": "",
        "type": "CastExpression"
      },
      "location-before-char-start": 5762,
      "location-before-char-end": 5786,
      "node-str": ""
    },
    {
      "type": "delete-node",
      "node": {
        "label": "protected",
        "type": "Modifier"
      },
      "location-before-char-start": 6198,
      "location-before-char-end": 6207,
      "node-str": "protected"
    },
    {
      "type": "delete-node",
      "node": {
        "label": "void",
        "type": "PrimitiveType"
      },
      "location-before-char-start": 6208,
      "location-before-char-end": 6212,
      "node-str": "void"
    },
    {
      "type": "delete-node",
      "node": {
        "label": "trackConnectors",
        "type": "SimpleName"
      },
      "location-before-char-start": 6213,
      "location-before-char-end": 6228,
      "node-str": "trackConnectors"
    },
    {
      "type": "delete-node",
      "node": {
        "label": "MouseEvent",
        "type": "SimpleName"
      },
      "location-before-char-start": 6229,
      "location-before-char-end": 6239,
      "node-str": "MouseEvent"
    },
    {
      "type": "delete-node",
      "node": {
        "label": "",
        "type": "SimpleType"
      },
      "location-before-char-start": 6229,
      "location-before-char-end": 6239,
      "node-str": ""
    },
    {
      "type": "delete-node",
      "node": {
        "label": "e",
        "type": "SimpleName"
      },
      "location-before-char-start": 6240,
      "location-before-char-end": 6241,
      "node-str": "e"
    },
    {
      "type": "delete-node",
      "node": {
        "label": "",
        "type": "SingleVariableDeclaration"
      },
      "location-before-char-start": 6229,
      "location-before-char-end": 6241,
      "node-str": ""
    },
    {
      "type": "delete-node",
      "node": {
        "label": "int",
        "type": "PrimitiveType"
      },
      "location-before-char-start": 6243,
      "location-before-char-end": 6246,
      "node-str": "int"
    },
    {
      "type": "delete-node",
      "node": {
        "label": "x",
        "type": "SimpleName"
      },
      "location-before-char-start": 6247,
      "location-before-char-end": 6248,
      "node-str": "x"
    },
    {
      "type": "delete-node",
      "node": {
        "label": "",
        "type": "SingleVariableDeclaration"
      },
      "location-before-char-start": 6243,
      "location-before-char-end": 6248,
      "node-str": ""
    },
    {
      "type": "delete-node",
      "node": {
        "label": "int",
        "type": "PrimitiveType"
      },
      "location-before-char-start": 6250,
      "location-before-char-end": 6253,
      "node-str": "int"
    },
    {
      "type": "delete-node",
      "node": {
        "label": "y",
        "type": "SimpleName"
      },
      "location-before-char-start": 6254,
      "location-before-char-end": 6255,
      "node-str": "y"
    },
    {
      "type": "delete-node",
      "node": {
        "label": "",
        "type": "SingleVariableDeclaration"
      },
      "location-before-char-start": 6250,
      "location-before-char-end": 6255,
      "node-str": ""
    },
    {
      "type": "delete-node",
      "node": {
        "label": "Figure",
        "type": "SimpleName"
      },
      "location-before-char-start": 6261,
      "location-before-char-end": 6267,
      "node-str": "Figure"
    },
    {
      "type": "delete-node",
      "node": {
        "label": "",
        "type": "SimpleType"
      },
      "location-before-char-start": 6261,
      "location-before-char-end": 6267,
      "node-str": ""
    },
    {
      "type": "delete-node",
      "node": {
        "label": "c",
        "type": "SimpleName"
      },
      "location-before-char-start": 6268,
      "location-before-char-end": 6269,
      "node-str": "c"
    },
    {
      "type": "delete-node",
      "node": {
        "label": "",
        "type": "NullLiteral"
      },
      "location-before-char-start": 6272,
      "location-before-char-end": 6276,
      "node-str": ""
    },
    {
      "type": "delete-node",
      "node": {
        "label": "",
        "type": "VariableDeclarationFragment"
      },
      "location-before-char-start": 6268,
      "location-before-char-end": 6276,
      "node-str": ""
    },
    {
      "type": "delete-node",
      "node": {
        "label": "",
        "type": "VariableDeclarationStatement"
      },
      "location-before-char-start": 6261,
      "location-before-char-end": 6277,
      "node-str": ""
    },
    {
      "type": "delete-node",
      "node": {
        "label": "getStartConnector",
        "type": "SimpleName"
      },
      "location-before-char-start": 6285,
      "location-before-char-end": 6302,
      "node-str": "getStartConnector"
    },
    {
      "type": "delete-node",
      "node": {
        "label": "",
        "type": "MethodInvocation"
      },
      "location-before-char-start": 6285,
      "location-before-char-end": 6304,
      "node-str": ""
    },
    {
      "type": "delete-node",
      "node": {
        "label": "\u003d\u003d",
        "type": "INFIX_EXPRESSION_OPERATOR"
      },
      "location-before-char-start": 6305,
      "location-before-char-end": 6307,
      "node-str": "\u003d\u003d"
    },
    {
      "type": "delete-node",
      "node": {
        "label": "",
        "type": "NullLiteral"
      },
      "location-before-char-start": 6308,
      "location-before-char-end": 6312,
      "node-str": ""
    },
    {
      "type": "delete-node",
      "node": {
        "label": "",
        "type": "InfixExpression"
      },
      "location-before-char-start": 6285,
      "location-before-char-end": 6312,
      "node-str": ""
    },
    {
      "type": "delete-node",
      "node": {
        "label": "c",
        "type": "SimpleName"
      },
      "location-before-char-start": 6319,
      "location-before-char-end": 6320,
      "node-str": "c"
    },
    {
      "type": "delete-node",
      "node": {
        "label": "\u003d",
        "type": "ASSIGNMENT_OPERATOR"
      },
      "location-before-char-start": 6321,
      "location-before-char-end": 6322,
      "node-str": "\u003d"
    },
    {
      "type": "delete-node",
      "node": {
        "label": "findSource",
        "type": "SimpleName"
      },
      "location-before-char-start": 6323,
      "location-before-char-end": 6333,
      "node-str": "findSource"
    },
    {
      "type": "delete-node",
      "node": {
        "label": "x",
        "type": "SimpleName"
      },
      "location-before-char-start": 6334,
      "location-before-char-end": 6335,
      "node-str": "x"
    },
    {
      "type": "delete-node",
      "node": {
        "label": "y",
        "type": "SimpleName"
      },
      "location-before-char-start": 6337,
      "location-before-char-end": 6338,
      "node-str": "y"
    },
    {
      "type": "delete-node",
      "node": {
        "label": "drawing",
        "type": "SimpleName"
      },
      "location-before-char-start": 6340,
      "location-before-char-end": 6347,
      "node-str": "drawing"
    },
    {
      "type": "delete-node",
      "node": {
        "label": "",
        "type": "MethodInvocation"
      },
      "location-before-char-start": 6340,
      "location-before-char-end": 6349,
      "node-str": ""
    },
    {
      "type": "delete-node",
      "node": {
        "label": "",
        "type": "METHOD_INVOCATION_ARGUMENTS"
      },
      "location-before-char-start": 6334,
      "location-before-char-end": 6349,
      "node-str": ""
    },
    {
      "type": "delete-node",
      "node": {
        "label": "",
        "type": "MethodInvocation"
      },
      "location-before-char-start": 6323,
      "location-before-char-end": 6350,
      "node-str": ""
    },
    {
      "type": "delete-node",
      "node": {
        "label": "",
        "type": "Assignment"
      },
      "location-before-char-start": 6319,
      "location-before-char-end": 6350,
      "node-str": ""
    },
    {
      "type": "delete-node",
      "node": {
        "label": "",
        "type": "ExpressionStatement"
      },
      "location-before-char-start": 6319,
      "location-before-char-end": 6351,
      "node-str": ""
    },
    {
      "type": "delete-node",
      "node": {
        "label": "",
        "type": "Block"
      },
      "location-before-char-start": 6314,
      "location-before-char-end": 6355,
      "node-str": ""
    },
    {
      "type": "delete-node",
      "node": {
        "label": "c",
        "type": "SimpleName"
      },
      "location-before-char-start": 6368,
      "location-before-char-end": 6369,
      "node-str": "c"
    },
    {
      "type": "delete-node",
      "node": {
        "label": "\u003d",
        "type": "ASSIGNMENT_OPERATOR"
      },
      "location-before-char-start": 6370,
      "location-before-char-end": 6371,
      "node-str": "\u003d"
    },
    {
      "type": "delete-node",
      "node": {
        "label": "findTarget",
        "type": "SimpleName"
      },
      "location-before-char-start": 6372,
      "location-before-char-end": 6382,
      "node-str": "findTarget"
    },
    {
      "type": "delete-node",
      "node": {
        "label": "x",
        "type": "SimpleName"
      },
      "location-before-char-start": 6383,
      "location-before-char-end": 6384,
      "node-str": "x"
    },
    {
      "type": "delete-node",
      "node": {
        "label": "y",
        "type": "SimpleName"
      },
      "location-before-char-start": 6386,
      "location-before-char-end": 6387,
      "node-str": "y"
    },
    {
      "type": "delete-node",
      "node": {
        "label": "drawing",
        "type": "SimpleName"
      },
      "location-before-char-start": 6389,
      "location-before-char-end": 6396,
      "node-str": "drawing"
    },
    {
      "type": "delete-node",
      "node": {
        "label": "",
        "type": "MethodInvocation"
      },
      "location-before-char-start": 6389,
      "location-before-char-end": 6398,
      "node-str": ""
    },
    {
      "type": "delete-node",
      "node": {
        "label": "",
        "type": "METHOD_INVOCATION_ARGUMENTS"
      },
      "location-before-char-start": 6383,
      "location-before-char-end": 6398,
      "node-str": ""
    },
    {
      "type": "delete-node",
      "node": {
        "label": "",
        "type": "MethodInvocation"
      },
      "location-before-char-start": 6372,
      "location-before-char-end": 6399,
      "node-str": ""
    },
    {
      "type": "delete-node",
      "node": {
        "label": "",
        "type": "Assignment"
      },
      "location-before-char-start": 6368,
      "location-before-char-end": 6399,
      "node-str": ""
    },
    {
      "type": "delete-node",
      "node": {
        "label": "",
        "type": "ExpressionStatement"
      },
      "location-before-char-start": 6368,
      "location-before-char-end": 6400,
      "node-str": ""
    },
    {
      "type": "delete-node",
      "node": {
        "label": "",
        "type": "Block"
      },
      "location-before-char-start": 6363,
      "location-before-char-end": 6404,
      "node-str": ""
    },
    {
      "type": "delete-node",
      "node": {
        "label": "",
        "type": "IfStatement"
      },
      "location-before-char-start": 6281,
      "location-before-char-end": 6404,
      "node-str": ""
    },
    {
      "type": "delete-node",
      "node": {
        "label": "Connector",
        "type": "SimpleName"
      },
      "location-before-char-start": 6692,
      "location-before-char-end": 6701,
      "node-str": "Connector"
    },
    {
      "type": "delete-node",
      "node": {
        "label": "",
        "type": "SimpleType"
      },
      "location-before-char-start": 6692,
      "location-before-char-end": 6701,
      "node-str": ""
    },
    {
      "type": "delete-node",
      "node": {
        "label": "cc",
        "type": "SimpleName"
      },
      "location-before-char-start": 6702,
      "location-before-char-end": 6704,
      "node-str": "cc"
    },
    {
      "type": "delete-node",
      "node": {
        "label": "",
        "type": "NullLiteral"
      },
      "location-before-char-start": 6707,
      "location-before-char-end": 6711,
      "node-str": ""
    },
    {
      "type": "delete-node",
      "node": {
        "label": "",
        "type": "VariableDeclarationFragment"
      },
      "location-before-char-start": 6702,
      "location-before-char-end": 6711,
      "node-str": ""
    },
    {
      "type": "delete-node",
      "node": {
        "label": "",
        "type": "VariableDeclarationStatement"
      },
      "location-before-char-start": 6692,
      "location-before-char-end": 6712,
      "node-str": ""
    },
    {
      "type": "delete-node",
      "node": {
        "label": "view",
        "type": "SimpleName"
      },
      "location-before-char-start": 6852,
      "location-before-char-end": 6856,
      "node-str": "view"
    },
    {
      "type": "delete-node",
      "node": {
        "label": "",
        "type": "MethodInvocation"
      },
      "location-before-char-start": 6852,
      "location-before-char-end": 6858,
      "node-str": ""
    },
    {
      "type": "delete-node",
      "node": {
        "label": "",
        "type": "METHOD_INVOCATION_RECEIVER"
      },
      "location-before-char-start": 6852,
      "location-before-char-end": 6858,
      "node-str": ""
    },
    {
      "type": "delete-node",
      "node": {
        "label": "checkDamage",
        "type": "SimpleName"
      },
      "location-before-char-start": 6859,
      "location-before-char-end": 6870,
      "node-str": "checkDamage"
    },
    {
      "type": "delete-node",
      "node": {
        "label": "",
        "type": "MethodInvocation"
      },
      "location-before-char-start": 6852,
      "location-before-char-end": 6872,
      "node-str": ""
    },
    {
      "type": "delete-node",
      "node": {
        "label": "",
        "type": "ExpressionStatement"
      },
      "location-before-char-start": 6852,
      "location-before-char-end": 6873,
      "node-str": ""
    },
    {
      "type": "delete-node",
      "node": {
        "label": "public",
        "type": "Modifier"
      },
      "location-before-char-start": 8703,
      "location-before-char-end": 8709,
      "node-str": "public"
    },
    {
      "type": "delete-node",
      "node": {
        "label": "static",
        "type": "Modifier"
      },
      "location-before-char-start": 8710,
      "location-before-char-end": 8716,
      "node-str": "static"
    },
    {
      "type": "delete-node",
      "node": {
        "label": "class",
        "type": "TYPE_DECLARATION_KIND"
      },
      "location-before-char-start": 8717,
      "location-before-char-end": 8722,
      "node-str": "class"
    },
    {
      "type": "delete-node",
      "node": {
        "label": "UndoActivity",
        "type": "SimpleName"
      },
      "location-before-char-start": 8723,
      "location-before-char-end": 8735,
      "node-str": "UndoActivity"
    },
    {
      "type": "delete-node",
      "node": {
        "label": "UndoableAdapter",
        "type": "SimpleName"
      },
      "location-before-char-start": 8744,
      "location-before-char-end": 8759,
      "node-str": "UndoableAdapter"
    },
    {
      "type": "delete-node",
      "node": {
        "label": "",
        "type": "SimpleType"
      },
      "location-before-char-start": 8744,
      "location-before-char-end": 8759,
      "node-str": ""
    },
    {
      "type": "delete-node",
      "node": {
        "label": "private",
        "type": "Modifier"
      },
      "location-before-char-start": 8765,
      "location-before-char-end": 8772,
      "node-str": "private"
    },
    {
      "type": "delete-node",
      "node": {
        "label": "ConnectionFigure",
        "type": "SimpleName"
      },
      "location-before-char-start": 8773,
      "location-before-char-end": 8789,
      "node-str": "ConnectionFigure"
    },
    {
      "type": "delete-node",
      "node": {
        "label": "",
        "type": "SimpleType"
      },
      "location-before-char-start": 8773,
      "location-before-char-end": 8789,
      "node-str": ""
    },
    {
      "type": "delete-node",
      "node": {
        "label": "myConnection",
        "type": "SimpleName"
      },
      "location-before-char-start": 8791,
      "location-before-char-end": 8803,
      "node-str": "myConnection"
    },
    {
      "type": "delete-node",
      "node": {
        "label": "",
        "type": "VariableDeclarationFragment"
      },
      "location-before-char-start": 8791,
      "location-before-char-end": 8803,
      "node-str": ""
    },
    {
      "type": "delete-node",
      "node": {
        "label": "",
        "type": "FieldDeclaration"
      },
      "location-before-char-start": 8765,
      "location-before-char-end": 8804,
      "node-str": ""
    },
    {
      "type": "delete-node",
      "node": {
        "label": "private",
        "type": "Modifier"
      },
      "location-before-char-start": 8807,
      "location-before-char-end": 8814,
      "node-str": "private"
    },
    {
      "type": "delete-node",
      "node": {
        "label": "Connector",
        "type": "SimpleName"
      },
      "location-before-char-start": 8815,
      "location-before-char-end": 8824,
      "node-str": "Connector"
    },
    {
      "type": "delete-node",
      "node": {
        "label": "",
        "type": "SimpleType"
      },
      "location-before-char-start": 8815,
      "location-before-char-end": 8824,
      "node-str": ""
    },
    {
      "type": "delete-node",
      "node": {
        "label": "myStartConnector",
        "type": "SimpleName"
      },
      "location-before-char-start": 8827,
      "location-before-char-end": 8843,
      "node-str": "myStartConnector"
    },
    {
      "type": "delete-node",
      "node": {
        "label": "",
        "type": "VariableDeclarationFragment"
      },
      "location-before-char-start": 8827,
      "location-before-char-end": 8843,
      "node-str": ""
    },
    {
      "type": "delete-node",
      "node": {
        "label": "",
        "type": "FieldDeclaration"
      },
      "location-before-char-start": 8807,
      "location-before-char-end": 8844,
      "node-str": ""
    },
    {
      "type": "delete-node",
      "node": {
        "label": "private",
        "type": "Modifier"
      },
      "location-before-char-start": 8847,
      "location-before-char-end": 8854,
      "node-str": "private"
    },
    {
      "type": "delete-node",
      "node": {
        "label": "Connector",
        "type": "SimpleName"
      },
      "location-before-char-start": 8855,
      "location-before-char-end": 8864,
      "node-str": "Connector"
    },
    {
      "type": "delete-node",
      "node": {
        "label": "",
        "type": "SimpleType"
      },
      "location-before-char-start": 8855,
      "location-before-char-end": 8864,
      "node-str": ""
    },
    {
      "type": "delete-node",
      "node": {
        "label": "myEndConnector",
        "type": "SimpleName"
      },
      "location-before-char-start": 8867,
      "location-before-char-end": 8881,
      "node-str": "myEndConnector"
    },
    {
      "type": "delete-node",
      "node": {
        "label": "",
        "type": "VariableDeclarationFragment"
      },
      "location-before-char-start": 8867,
      "location-before-char-end": 8881,
      "node-str": ""
    },
    {
      "type": "delete-node",
      "node": {
        "label": "",
        "type": "FieldDeclaration"
      },
      "location-before-char-start": 8847,
      "location-before-char-end": 8882,
      "node-str": ""
    }
  ],
  "before-file": {},
  "after-file": {},
  "mapping": {}
}