{
  "tool-info": {},
  "diff": [
    {
      "type": "insert-node",
      "node": {
        "label": "definedCategoryIdsChanged",
        "type": "LocalVariable"
      },
      "location-after-char-start": 15191,
      "location-after-char-end": 15232,
      "node-str": "definedCategoryIdsChanged"
    },
    {
      "type": "insert-node",
      "node": {
        "label": "if",
        "type": "If"
      },
      "location-after-char-start": 15316,
      "location-after-char-end": 15464,
      "node-str": "if"
    },
    {
      "type": "insert-node",
      "node": {
        "label": "definedCommandIdsChanged",
        "type": "LocalVariable"
      },
      "location-after-char-start": 15471,
      "location-after-char-end": 15511,
      "node-str": "definedCommandIdsChanged"
    },
    {
      "type": "insert-node",
      "node": {
        "label": "if",
        "type": "If"
      },
      "location-after-char-start": 15593,
      "location-after-char-end": 15736,
      "node-str": "if"
    },
    {
      "type": "insert-node",
      "node": {
        "label": "definedKeyConfigurationIdsChanged",
        "type": "LocalVariable"
      },
      "location-after-char-start": 15741,
      "location-after-char-end": 15790,
      "node-str": "definedKeyConfigurationIdsChanged"
    },
    {
      "type": "insert-node",
      "node": {
        "label": "if",
        "type": "If"
      },
      "location-after-char-start": 15887,
      "location-after-char-end": 16075,
      "node-str": "if"
    },
    {
      "type": "insert-node",
      "node": {
        "label": "if",
        "type": "If"
      },
      "location-after-char-start": 16346,
      "location-after-char-end": 16610,
      "node-str": "if"
    },
    {
      "type": "insert-node",
      "node": {
        "label": "boolean",
        "type": "VARIABLE_TYPE"
      },
      "location-after-char-start": 0,
      "location-after-char-end": 0,
      "node-str": "boolean"
    },
    {
      "type": "insert-node",
      "node": {
        "label": "false",
        "type": "Literal"
      },
      "location-after-char-start": 15227,
      "location-after-char-end": 15231,
      "node-str": "false"
    },
    {
      "type": "move-subtree",
      "node": {
        "label": "NOT",
        "type": "UnaryOperator"
      },
      "location-before-char-start": 15253,
      "location-before-char-end": 15303,
      "location-after-char-start": 15320,
      "location-after-char-end": 15370,
      "node-str": "NOT"
    },
    {
      "type": "insert-node",
      "node": {
        "label": "THEN",
        "type": "then"
      },
      "location-after-char-start": 15373,
      "location-after-char-end": 15464,
      "node-str": "THEN"
    },
    {
      "type": "insert-node",
      "node": {
        "label": "boolean",
        "type": "VARIABLE_TYPE"
      },
      "location-after-char-start": 0,
      "location-after-char-end": 0,
      "node-str": "boolean"
    },
    {
      "type": "insert-node",
      "node": {
        "label": "false",
        "type": "Literal"
      },
      "location-after-char-start": 15506,
      "location-after-char-end": 15510,
      "node-str": "false"
    },
    {
      "type": "move-subtree",
      "node": {
        "label": "NOT",
        "type": "UnaryOperator"
      },
      "location-before-char-start": 15479,
      "location-before-char-end": 15527,
      "location-after-char-start": 15597,
      "location-after-char-end": 15645,
      "node-str": "NOT"
    },
    {
      "type": "insert-node",
      "node": {
        "label": "THEN",
        "type": "then"
      },
      "location-after-char-start": 15648,
      "location-after-char-end": 15736,
      "node-str": "THEN"
    },
    {
      "type": "insert-node",
      "node": {
        "label": "boolean",
        "type": "VARIABLE_TYPE"
      },
      "location-after-char-start": 0,
      "location-after-char-end": 0,
      "node-str": "boolean"
    },
    {
      "type": "insert-node",
      "node": {
        "label": "false",
        "type": "Literal"
      },
      "location-after-char-start": 15785,
      "location-after-char-end": 15789,
      "node-str": "false"
    },
    {
      "type": "move-subtree",
      "node": {
        "label": "NOT",
        "type": "UnaryOperator"
      },
      "location-before-char-start": 15717,
      "location-before-char-end": 15783,
      "location-after-char-start": 15891,
      "location-after-char-end": 15957,
      "node-str": "NOT"
    },
    {
      "type": "insert-node",
      "node": {
        "label": "THEN",
        "type": "then"
      },
      "location-after-char-start": 15960,
      "location-after-char-end": 16075,
      "node-str": "THEN"
    },
    {
      "type": "insert-node",
      "node": {
        "label": "OR",
        "type": "BinaryOperator"
      },
      "location-after-char-start": 16350,
      "location-after-char-end": 16439,
      "node-str": "OR"
    },
    {
      "type": "insert-node",
      "node": {
        "label": "THEN",
        "type": "then"
      },
      "location-after-char-start": 16445,
      "location-after-char-end": 16610,
      "node-str": "THEN"
    },
    {
      "type": "move-subtree",
      "node": {
        "label": "\u003d",
        "type": "Assignment"
      },
      "location-before-char-start": 15311,
      "location-before-char-end": 15355,
      "location-after-char-start": 15378,
      "location-after-char-end": 15422,
      "node-str": "\u003d"
    },
    {
      "type": "insert-node",
      "node": {
        "label": "\u003d",
        "type": "Assignment"
      },
      "location-after-char-start": 15427,
      "location-after-char-end": 15459,
      "node-str": "\u003d"
    },
    {
      "type": "move-subtree",
      "node": {
        "label": "\u003d",
        "type": "Assignment"
      },
      "location-before-char-start": 15535,
      "location-before-char-end": 15577,
      "location-after-char-start": 15653,
      "location-after-char-end": 15695,
      "node-str": "\u003d"
    },
    {
      "type": "insert-node",
      "node": {
        "label": "\u003d",
        "type": "Assignment"
      },
      "location-after-char-start": 15700,
      "location-after-char-end": 15731,
      "node-str": "\u003d"
    },
    {
      "type": "move-subtree",
      "node": {
        "label": "\u003d",
        "type": "Assignment"
      },
      "location-before-char-start": 15791,
      "location-before-char-end": 15851,
      "location-after-char-start": 15965,
      "location-after-char-end": 16025,
      "node-str": "\u003d"
    },
    {
      "type": "insert-node",
      "node": {
        "label": "\u003d",
        "type": "Assignment"
      },
      "location-after-char-start": 16030,
      "location-after-char-end": 16070,
      "node-str": "\u003d"
    },
    {
      "type": "insert-node",
      "node": {
        "label": "OR",
        "type": "BinaryOperator"
      },
      "location-after-char-start": 16350,
      "location-after-char-end": 16402,
      "node-str": "OR"
    },
    {
      "type": "insert-node",
      "node": {
        "label": "definedKeyConfigurationIdsChanged",
        "type": "VariableRead"
      },
      "location-after-char-start": 16407,
      "location-after-char-end": 16439,
      "node-str": "definedKeyConfigurationIdsChanged"
    },
    {
      "type": "insert-node",
      "node": {
        "label": "fireCommandManagerChanged",
        "type": "Invocation"
      },
      "location-after-char-start": 16445,
      "location-after-char-end": 16610,
      "node-str": "fireCommandManagerChanged"
    },
    {
      "type": "update-node",
      "node": {
        "label": "org.eclipse.ui.internal.csm.commands.CommandManagerEvent(org.eclipse.ui.internal.csm.commands.CommandManager,boolean,boolean,boolean)",
        "type": "ConstructorCall"
      },
      "location-before-char-start": 7396,
      "location-before-char-end": 7444,
      "location-after-char-start": 7396,
      "location-after-char-end": 7465,
      "node-str": "org.eclipse.ui.internal.csm.commands.CommandManagerEvent(org.eclipse.ui.internal.csm.commands.CommandManager,boolean,boolean,boolean,boolean,boolean,boolean)"
    },
    {
      "type": "update-node",
      "node": {
        "label": "org.eclipse.ui.internal.csm.commands.CommandManagerEvent(org.eclipse.ui.internal.csm.commands.CommandManager,boolean,boolean,boolean)",
        "type": "ConstructorCall"
      },
      "location-before-char-start": 8143,
      "location-before-char-end": 8191,
      "location-after-char-start": 8164,
      "location-after-char-end": 8233,
      "node-str": "org.eclipse.ui.internal.csm.commands.CommandManagerEvent(org.eclipse.ui.internal.csm.commands.CommandManager,boolean,boolean,boolean,boolean,boolean,boolean)"
    },
    {
      "type": "update-node",
      "node": {
        "label": "org.eclipse.ui.internal.csm.commands.CommandManagerEvent(org.eclipse.ui.internal.csm.commands.CommandManager,boolean,boolean,boolean)",
        "type": "ConstructorCall"
      },
      "location-before-char-start": 8820,
      "location-before-char-end": 8868,
      "location-after-char-start": 8862,
      "location-after-char-end": 8931,
      "node-str": "org.eclipse.ui.internal.csm.commands.CommandManagerEvent(org.eclipse.ui.internal.csm.commands.CommandManager,boolean,boolean,boolean,boolean,boolean,boolean)"
    },
    {
      "type": "insert-node",
      "node": {
        "label": "definedCategoryIdsChanged",
        "type": "VariableWrite"
      },
      "location-after-char-start": 15427,
      "location-after-char-end": 15451,
      "node-str": "definedCategoryIdsChanged"
    },
    {
      "type": "move-subtree",
      "node": {
        "label": "true",
        "type": "Literal"
      },
      "location-before-char-start": 15384,
      "location-before-char-end": 15387,
      "location-after-char-start": 15455,
      "location-after-char-end": 15458,
      "node-str": "true"
    },
    {
      "type": "insert-node",
      "node": {
        "label": "definedCommandIdsChanged",
        "type": "VariableWrite"
      },
      "location-after-char-start": 15700,
      "location-after-char-end": 15723,
      "node-str": "definedCommandIdsChanged"
    },
    {
      "type": "move-subtree",
      "node": {
        "label": "true",
        "type": "Literal"
      },
      "location-before-char-start": 15606,
      "location-before-char-end": 15609,
      "location-after-char-start": 15727,
      "location-after-char-end": 15730,
      "node-str": "true"
    },
    {
      "type": "insert-node",
      "node": {
        "label": "definedKeyConfigurationIdsChanged",
        "type": "VariableWrite"
      },
      "location-after-char-start": 16030,
      "location-after-char-end": 16062,
      "node-str": "definedKeyConfigurationIdsChanged"
    },
    {
      "type": "move-subtree",
      "node": {
        "label": "true",
        "type": "Literal"
      },
      "location-before-char-start": 15880,
      "location-before-char-end": 15883,
      "location-after-char-start": 16066,
      "location-after-char-end": 16069,
      "node-str": "true"
    },
    {
      "type": "insert-node",
      "node": {
        "label": "definedCategoryIdsChanged",
        "type": "VariableRead"
      },
      "location-after-char-start": 16350,
      "location-after-char-end": 16374,
      "node-str": "definedCategoryIdsChanged"
    },
    {
      "type": "insert-node",
      "node": {
        "label": "definedCommandIdsChanged",
        "type": "VariableRead"
      },
      "location-after-char-start": 16379,
      "location-after-char-end": 16402,
      "node-str": "definedCommandIdsChanged"
    },
    {
      "type": "move-subtree",
      "node": {
        "label": "org.eclipse.ui.internal.csm.commands.CommandManager",
        "type": "TypeAccess"
      },
      "location-before-char-start": 0,
      "location-before-char-end": 0,
      "location-after-char-start": 0,
      "location-after-char-end": 0,
      "node-str": "org.eclipse.ui.internal.csm.commands.CommandManager"
    },
    {
      "type": "insert-node",
      "node": {
        "label": "org.eclipse.ui.internal.csm.commands.CommandManagerEvent(org.eclipse.ui.internal.csm.commands.CommandManager,boolean,boolean,boolean,boolean,boolean,boolean)",
        "type": "ConstructorCall"
      },
      "location-after-char-start": 16471,
      "location-after-char-end": 16608,
      "node-str": "org.eclipse.ui.internal.csm.commands.CommandManagerEvent(org.eclipse.ui.internal.csm.commands.CommandManager,boolean,boolean,boolean,boolean,boolean,boolean)"
    },
    {
      "type": "insert-node",
      "node": {
        "label": "false",
        "type": "Literal"
      },
      "location-after-char-start": 7432,
      "location-after-char-end": 7436,
      "node-str": "false"
    },
    {
      "type": "insert-node",
      "node": {
        "label": "false",
        "type": "Literal"
      },
      "location-after-char-start": 7439,
      "location-after-char-end": 7443,
      "node-str": "false"
    },
    {
      "type": "insert-node",
      "node": {
        "label": "false",
        "type": "Literal"
      },
      "location-after-char-start": 7460,
      "location-after-char-end": 7464,
      "node-str": "false"
    },
    {
      "type": "insert-node",
      "node": {
        "label": "false",
        "type": "Literal"
      },
      "location-after-char-start": 8194,
      "location-after-char-end": 8198,
      "node-str": "false"
    },
    {
      "type": "insert-node",
      "node": {
        "label": "false",
        "type": "Literal"
      },
      "location-after-char-start": 8207,
      "location-after-char-end": 8211,
      "node-str": "false"
    },
    {
      "type": "insert-node",
      "node": {
        "label": "false",
        "type": "Literal"
      },
      "location-after-char-start": 8228,
      "location-after-char-end": 8232,
      "node-str": "false"
    },
    {
      "type": "insert-node",
      "node": {
        "label": "false",
        "type": "Literal"
      },
      "location-after-char-start": 8892,
      "location-after-char-end": 8896,
      "node-str": "false"
    },
    {
      "type": "insert-node",
      "node": {
        "label": "false",
        "type": "Literal"
      },
      "location-after-char-start": 8906,
      "location-after-char-end": 8910,
      "node-str": "false"
    },
    {
      "type": "insert-node",
      "node": {
        "label": "false",
        "type": "Literal"
      },
      "location-after-char-start": 8920,
      "location-after-char-end": 8924,
      "node-str": "false"
    },
    {
      "type": "move-subtree",
      "node": {
        "label": "this",
        "type": "ThisAccess"
      },
      "location-before-char-start": 16254,
      "location-before-char-end": 16257,
      "location-after-char-start": 16495,
      "location-after-char-end": 16498,
      "node-str": "this"
    },
    {
      "type": "insert-node",
      "node": {
        "label": "false",
        "type": "Literal"
      },
      "location-after-char-start": 16501,
      "location-after-char-end": 16505,
      "node-str": "false"
    },
    {
      "type": "move-subtree",
      "node": {
        "label": "false",
        "type": "Literal"
      },
      "location-before-char-start": 16260,
      "location-before-char-end": 16264,
      "location-after-char-start": 16508,
      "location-after-char-end": 16512,
      "node-str": "false"
    },
    {
      "type": "insert-node",
      "node": {
        "label": "definedCategoryIdsChanged",
        "type": "VariableRead"
      },
      "location-after-char-start": 16515,
      "location-after-char-end": 16539,
      "node-str": "definedCategoryIdsChanged"
    },
    {
      "type": "insert-node",
      "node": {
        "label": "definedCommandIdsChanged",
        "type": "VariableRead"
      },
      "location-after-char-start": 16542,
      "location-after-char-end": 16565,
      "node-str": "definedCommandIdsChanged"
    },
    {
      "type": "insert-node",
      "node": {
        "label": "definedKeyConfigurationIdsChanged",
        "type": "VariableRead"
      },
      "location-after-char-start": 16568,
      "location-after-char-end": 16600,
      "node-str": "definedKeyConfigurationIdsChanged"
    },
    {
      "type": "move-subtree",
      "node": {
        "label": "false",
        "type": "Literal"
      },
      "location-before-char-start": 16273,
      "location-before-char-end": 16277,
      "location-after-char-start": 16603,
      "location-after-char-end": 16607,
      "node-str": "false"
    },
    {
      "type": "delete-node",
      "node": {
        "label": "boolean",
        "type": "VARIABLE_TYPE"
      },
      "location-before-char-start": 0,
      "location-before-char-end": 0,
      "node-str": "boolean"
    },
    {
      "type": "delete-node",
      "node": {
        "label": "false",
        "type": "Literal"
      },
      "location-before-char-start": 15160,
      "location-before-char-end": 15164,
      "node-str": "false"
    },
    {
      "type": "delete-node",
      "node": {
        "label": "commandManagerChanged",
        "type": "LocalVariable"
      },
      "location-before-char-start": 15128,
      "location-before-char-end": 15165,
      "node-str": "commandManagerChanged"
    },
    {
      "type": "delete-node",
      "node": {
        "label": "commandManagerChanged",
        "type": "VariableWrite"
      },
      "location-before-char-start": 15360,
      "location-before-char-end": 15380,
      "node-str": "commandManagerChanged"
    },
    {
      "type": "delete-node",
      "node": {
        "label": "\u003d",
        "type": "Assignment"
      },
      "location-before-char-start": 15360,
      "location-before-char-end": 15388,
      "node-str": "\u003d"
    },
    {
      "type": "delete-node",
      "node": {
        "label": "THEN",
        "type": "then"
      },
      "location-before-char-start": 15306,
      "location-before-char-end": 15393,
      "node-str": "THEN"
    },
    {
      "type": "delete-node",
      "node": {
        "label": "if",
        "type": "If"
      },
      "location-before-char-start": 15249,
      "location-before-char-end": 15393,
      "node-str": "if"
    },
    {
      "type": "delete-node",
      "node": {
        "label": "commandManagerChanged",
        "type": "VariableWrite"
      },
      "location-before-char-start": 15582,
      "location-before-char-end": 15602,
      "node-str": "commandManagerChanged"
    },
    {
      "type": "delete-node",
      "node": {
        "label": "\u003d",
        "type": "Assignment"
      },
      "location-before-char-start": 15582,
      "location-before-char-end": 15610,
      "node-str": "\u003d"
    },
    {
      "type": "delete-node",
      "node": {
        "label": "THEN",
        "type": "then"
      },
      "location-before-char-start": 15530,
      "location-before-char-end": 15615,
      "node-str": "THEN"
    },
    {
      "type": "delete-node",
      "node": {
        "label": "if",
        "type": "If"
      },
      "location-before-char-start": 15475,
      "location-before-char-end": 15615,
      "node-str": "if"
    },
    {
      "type": "delete-node",
      "node": {
        "label": "commandManagerChanged",
        "type": "VariableWrite"
      },
      "location-before-char-start": 15856,
      "location-before-char-end": 15876,
      "node-str": "commandManagerChanged"
    },
    {
      "type": "delete-node",
      "node": {
        "label": "\u003d",
        "type": "Assignment"
      },
      "location-before-char-start": 15856,
      "location-before-char-end": 15884,
      "node-str": "\u003d"
    },
    {
      "type": "delete-node",
      "node": {
        "label": "THEN",
        "type": "then"
      },
      "location-before-char-start": 15786,
      "location-before-char-end": 15889,
      "node-str": "THEN"
    },
    {
      "type": "delete-node",
      "node": {
        "label": "if",
        "type": "If"
      },
      "location-before-char-start": 15713,
      "location-before-char-end": 15889,
      "node-str": "if"
    },
    {
      "type": "delete-node",
      "node": {
        "label": "commandManagerChanged",
        "type": "VariableRead"
      },
      "location-before-char-start": 16164,
      "location-before-char-end": 16184,
      "node-str": "commandManagerChanged"
    },
    {
      "type": "delete-node",
      "node": {
        "label": "true",
        "type": "Literal"
      },
      "location-before-char-start": 16267,
      "location-before-char-end": 16270,
      "node-str": "true"
    },
    {
      "type": "delete-node",
      "node": {
        "label": "org.eclipse.ui.internal.csm.commands.CommandManagerEvent(org.eclipse.ui.internal.csm.commands.CommandManager,boolean,boolean,boolean)",
        "type": "ConstructorCall"
      },
      "location-before-char-start": 16230,
      "location-before-char-end": 16278,
      "node-str": "org.eclipse.ui.internal.csm.commands.CommandManagerEvent(org.eclipse.ui.internal.csm.commands.CommandManager,boolean,boolean,boolean)"
    },
    {
      "type": "delete-node",
      "node": {
        "label": "fireCommandManagerChanged",
        "type": "Invocation"
      },
      "location-before-char-start": 16204,
      "location-before-char-end": 16280,
      "node-str": "fireCommandManagerChanged"
    },
    {
      "type": "delete-node",
      "node": {
        "label": "THEN",
        "type": "then"
      },
      "location-before-char-start": 16204,
      "location-before-char-end": 16280,
      "node-str": "THEN"
    },
    {
      "type": "delete-node",
      "node": {
        "label": "if",
        "type": "If"
      },
      "location-before-char-start": 16160,
      "location-before-char-end": 16280,
      "node-str": "if"
    }
  ],
  "before-file": {},
  "after-file": {},
  "mapping": {}
}