{
  "tool-info": {},
  "diff": [
    {
      "type": "insert-node",
      "node": {
        "label": "ConnectorFactoryImpl",
        "type": "Class"
      },
      "location-after-char-start": 652,
      "location-after-char-end": 7580,
      "node-str": "ConnectorFactoryImpl"
    },
    {
      "type": "move-subtree",
      "node": {
        "label": "public",
        "type": "Modifier"
      },
      "location-before-char-start": 0,
      "location-before-char-end": 0,
      "location-after-char-start": 0,
      "location-after-char-end": 0,
      "node-str": "public"
    },
    {
      "type": "move-subtree",
      "node": {
        "label": "mServer",
        "type": "Field"
      },
      "location-before-char-start": 1011,
      "location-before-char-end": 1251,
      "location-after-char-start": 1011,
      "location-after-char-end": 1251,
      "node-str": "mServer"
    },
    {
      "type": "move-subtree",
      "node": {
        "label": "\u003cinit\u003e",
        "type": "Constructor"
      },
      "location-before-char-start": 1258,
      "location-before-char-end": 1419,
      "location-after-char-start": 1258,
      "location-after-char-end": 1419,
      "node-str": "\u003cinit\u003e"
    },
    {
      "type": "move-subtree",
      "node": {
        "label": "getConnectors",
        "type": "Method"
      },
      "location-before-char-start": 1425,
      "location-before-char-end": 2537,
      "location-after-char-start": 1425,
      "location-after-char-end": 2471,
      "node-str": "getConnectors"
    },
    {
      "type": "insert-node",
      "node": {
        "label": "createConnection",
        "type": "Method"
      },
      "location-after-char-start": 2477,
      "location-after-char-end": 3391,
      "node-str": "createConnection"
    },
    {
      "type": "insert-node",
      "node": {
        "label": "removeConnection",
        "type": "Method"
      },
      "location-after-char-start": 3397,
      "location-after-char-end": 4534,
      "node-str": "removeConnection"
    },
    {
      "type": "move-subtree",
      "node": {
        "label": "IConnectorTester",
        "type": "Interface"
      },
      "location-before-char-start": 4992,
      "location-before-char-end": 5602,
      "location-after-char-start": 4540,
      "location-after-char-end": 5150,
      "node-str": "IConnectorTester"
    },
    {
      "type": "move-subtree",
      "node": {
        "label": "JBossConnectorTester",
        "type": "Class"
      },
      "location-before-char-start": 5608,
      "location-before-char-end": 6504,
      "location-after-char-start": 5156,
      "location-after-char-end": 6052,
      "node-str": "JBossConnectorTester"
    },
    {
      "type": "move-subtree",
      "node": {
        "label": "ConnectorName",
        "type": "Class"
      },
      "location-before-char-start": 6510,
      "location-before-char-end": 8029,
      "location-after-char-start": 6058,
      "location-after-char-end": 7577,
      "node-str": "ConnectorName"
    },
    {
      "type": "move-subtree",
      "node": {
        "label": "org.jboss.jmx.interfaces.JMXConnector",
        "type": "RETURN_TYPE"
      },
      "location-before-char-start": 0,
      "location-before-char-end": 0,
      "location-after-char-start": 0,
      "location-after-char-end": 0,
      "node-str": "org.jboss.jmx.interfaces.JMXConnector"
    },
    {
      "type": "move-subtree",
      "node": {
        "label": "public",
        "type": "Modifier"
      },
      "location-before-char-start": 0,
      "location-before-char-end": 0,
      "location-after-char-start": 0,
      "location-after-char-end": 0,
      "node-str": "public"
    },
    {
      "type": "move-subtree",
      "node": {
        "label": "pConnector",
        "type": "Parameter"
      },
      "location-before-char-start": 2842,
      "location-before-char-end": 2865,
      "location-after-char-start": 2776,
      "location-after-char-end": 2799,
      "node-str": "pConnector"
    },
    {
      "type": "move-subtree",
      "node": {
        "label": "lConnector",
        "type": "LocalVariable"
      },
      "location-before-char-start": 2880,
      "location-before-char-end": 2910,
      "location-after-char-start": 2814,
      "location-after-char-end": 2844,
      "node-str": "lConnector"
    },
    {
      "type": "move-subtree",
      "node": {
        "label": "if",
        "type": "If"
      },
      "location-before-char-start": 2993,
      "location-before-char-end": 3427,
      "location-after-char-start": 2927,
      "location-after-char-end": 3361,
      "node-str": "if"
    },
    {
      "type": "move-subtree",
      "node": {
        "label": "return",
        "type": "Return"
      },
      "location-before-char-start": 3536,
      "location-before-char-end": 3553,
      "location-after-char-start": 3369,
      "location-after-char-end": 3386,
      "node-str": "return"
    },
    {
      "type": "move-subtree",
      "node": {
        "label": "void",
        "type": "RETURN_TYPE"
      },
      "location-before-char-start": 0,
      "location-before-char-end": 0,
      "location-after-char-start": 0,
      "location-after-char-end": 0,
      "node-str": "void"
    },
    {
      "type": "move-subtree",
      "node": {
        "label": "public",
        "type": "Modifier"
      },
      "location-before-char-start": 0,
      "location-before-char-end": 0,
      "location-after-char-start": 0,
      "location-after-char-end": 0,
      "node-str": "public"
    },
    {
      "type": "move-subtree",
      "node": {
        "label": "pConnector",
        "type": "Parameter"
      },
      "location-before-char-start": 3761,
      "location-before-char-end": 3784,
      "location-after-char-start": 3594,
      "location-after-char-end": 3617,
      "node-str": "pConnector"
    },
    {
      "type": "insert-node",
      "node": {
        "label": "if",
        "type": "If"
      },
      "location-after-char-start": 3632,
      "location-after-char-end": 4529,
      "node-str": "if"
    },
    {
      "type": "move-subtree",
      "node": {
        "label": "equals",
        "type": "Invocation"
      },
      "location-before-char-start": 3803,
      "location-before-char-end": 3842,
      "location-after-char-start": 3636,
      "location-after-char-end": 3675,
      "node-str": "equals"
    },
    {
      "type": "insert-node",
      "node": {
        "label": "THEN",
        "type": "then"
      },
      "location-after-char-start": 3679,
      "location-after-char-end": 4529,
      "node-str": "THEN"
    },
    {
      "type": "insert-node",
      "node": {
        "label": "",
        "type": "Try"
      },
      "location-after-char-start": 3690,
      "location-after-char-end": 4521,
      "node-str": ""
    },
    {
      "type": "move-subtree",
      "node": {
        "label": "lConnectors",
        "type": "LocalVariable"
      },
      "location-before-char-start": 3875,
      "location-before-char-end": 4042,
      "location-after-char-start": 3708,
      "location-after-char-end": 3875,
      "node-str": "lConnectors"
    },
    {
      "type": "insert-node",
      "node": {
        "label": "if",
        "type": "If"
      },
      "location-after-char-start": 3889,
      "location-after-char-end": 4434,
      "node-str": "if"
    },
    {
      "type": "move-subtree",
      "node": {
        "label": "",
        "type": "Catch"
      },
      "location-before-char-start": 4898,
      "location-before-char-end": 4973,
      "location-after-char-start": 4446,
      "location-after-char-end": 4521,
      "node-str": ""
    },
    {
      "type": "move-subtree",
      "node": {
        "label": "NOT",
        "type": "UnaryOperator"
      },
      "location-before-char-start": 4169,
      "location-before-char-end": 4190,
      "location-after-char-start": 3893,
      "location-after-char-end": 3914,
      "node-str": "NOT"
    },
    {
      "type": "insert-node",
      "node": {
        "label": "THEN",
        "type": "then"
      },
      "location-after-char-start": 3918,
      "location-after-char-end": 4434,
      "node-str": "THEN"
    },
    {
      "type": "move-subtree",
      "node": {
        "label": "i",
        "type": "LocalVariable"
      },
      "location-before-char-start": 4211,
      "location-before-char-end": 4246,
      "location-after-char-start": 3935,
      "location-after-char-end": 3970,
      "node-str": "i"
    },
    {
      "type": "insert-node",
      "node": {
        "label": "while",
        "type": "While"
      },
      "location-after-char-start": 3987,
      "location-after-char-end": 4420,
      "node-str": "while"
    },
    {
      "type": "move-subtree",
      "node": {
        "label": "hasNext",
        "type": "Invocation"
      },
      "location-before-char-start": 4270,
      "location-before-char-end": 4280,
      "location-after-char-start": 3994,
      "location-after-char-end": 4004,
      "node-str": "hasNext"
    },
    {
      "type": "move-subtree",
      "node": {
        "label": "lConnector",
        "type": "LocalVariable"
      },
      "location-before-char-start": 4304,
      "location-before-char-end": 4359,
      "location-after-char-start": 4028,
      "location-after-char-end": 4083,
      "node-str": "lConnector"
    },
    {
      "type": "move-subtree",
      "node": {
        "label": "invoke",
        "type": "Invocation"
      },
      "location-before-char-start": 4379,
      "location-before-char-end": 4567,
      "location-after-char-start": 4103,
      "location-after-char-end": 4291,
      "node-str": "invoke"
    },
    {
      "type": "move-subtree",
      "node": {
        "label": "unregisterMBean",
        "type": "Invocation"
      },
      "location-before-char-start": 4587,
      "location-before-char-end": 4679,
      "location-after-char-start": 4311,
      "location-after-char-end": 4403,
      "node-str": "unregisterMBean"
    },
    {
      "type": "delete-node",
      "node": {
        "label": "java.lang.System",
        "type": "TypeAccess"
      },
      "location-before-char-start": 3435,
      "location-before-char-end": 3440,
      "node-str": "java.lang.System"
    },
    {
      "type": "delete-node",
      "node": {
        "label": "out",
        "type": "FieldRead"
      },
      "location-before-char-start": 3435,
      "location-before-char-end": 3444,
      "node-str": "out"
    },
    {
      "type": "delete-node",
      "node": {
        "label": "\"ConnectorFactoryImpl.createConnection(), got connector: \"",
        "type": "Literal"
      },
      "location-before-char-start": 3455,
      "location-before-char-end": 3512,
      "node-str": "\"ConnectorFactoryImpl.createConnection(), got connector: \""
    },
    {
      "type": "delete-node",
      "node": {
        "label": "lConnector",
        "type": "VariableRead"
      },
      "location-before-char-start": 3516,
      "location-before-char-end": 3525,
      "node-str": "lConnector"
    },
    {
      "type": "delete-node",
      "node": {
        "label": "PLUS",
        "type": "BinaryOperator"
      },
      "location-before-char-start": 3455,
      "location-before-char-end": 3525,
      "node-str": "PLUS"
    },
    {
      "type": "delete-node",
      "node": {
        "label": "println",
        "type": "Invocation"
      },
      "location-before-char-start": 3435,
      "location-before-char-end": 3528,
      "node-str": "println"
    },
    {
      "type": "delete-node",
      "node": {
        "label": "createConnection",
        "type": "Method"
      },
      "location-before-char-start": 2543,
      "location-before-char-end": 3558,
      "node-str": "createConnection"
    },
    {
      "type": "delete-node",
      "node": {
        "label": "java.lang.System",
        "type": "TypeAccess"
      },
      "location-before-char-start": 4056,
      "location-before-char-end": 4061,
      "node-str": "java.lang.System"
    },
    {
      "type": "delete-node",
      "node": {
        "label": "out",
        "type": "FieldRead"
      },
      "location-before-char-start": 4056,
      "location-before-char-end": 4065,
      "node-str": "out"
    },
    {
      "type": "delete-node",
      "node": {
        "label": "\"ConnectorFactoryImpl.removeConnection(), got connectors: \"",
        "type": "Literal"
      },
      "location-before-char-start": 4076,
      "location-before-char-end": 4134,
      "node-str": "\"ConnectorFactoryImpl.removeConnection(), got connectors: \""
    },
    {
      "type": "delete-node",
      "node": {
        "label": "lConnectors",
        "type": "VariableRead"
      },
      "location-before-char-start": 4138,
      "location-before-char-end": 4148,
      "node-str": "lConnectors"
    },
    {
      "type": "delete-node",
      "node": {
        "label": "PLUS",
        "type": "BinaryOperator"
      },
      "location-before-char-start": 4076,
      "location-before-char-end": 4148,
      "node-str": "PLUS"
    },
    {
      "type": "delete-node",
      "node": {
        "label": "println",
        "type": "Invocation"
      },
      "location-before-char-start": 4056,
      "location-before-char-end": 4151,
      "node-str": "println"
    },
    {
      "type": "delete-node",
      "node": {
        "label": "java.lang.System",
        "type": "TypeAccess"
      },
      "location-before-char-start": 4699,
      "location-before-char-end": 4704,
      "node-str": "java.lang.System"
    },
    {
      "type": "delete-node",
      "node": {
        "label": "out",
        "type": "FieldRead"
      },
      "location-before-char-start": 4699,
      "location-before-char-end": 4708,
      "node-str": "out"
    },
    {
      "type": "delete-node",
      "node": {
        "label": "\"ConnectorFactoryImpl.removeConnection(), \"",
        "type": "Literal"
      },
      "location-before-char-start": 4719,
      "location-before-char-end": 4761,
      "node-str": "\"ConnectorFactoryImpl.removeConnection(), \""
    },
    {
      "type": "delete-node",
      "node": {
        "label": "\"unregister MBean: \"",
        "type": "Literal"
      },
      "location-before-char-start": 4786,
      "location-before-char-end": 4805,
      "node-str": "\"unregister MBean: \""
    },
    {
      "type": "delete-node",
      "node": {
        "label": "PLUS",
        "type": "BinaryOperator"
      },
      "location-before-char-start": 4719,
      "location-before-char-end": 4805,
      "node-str": "PLUS"
    },
    {
      "type": "delete-node",
      "node": {
        "label": "lConnector",
        "type": "VariableRead"
      },
      "location-before-char-start": 4809,
      "location-before-char-end": 4818,
      "node-str": "lConnector"
    },
    {
      "type": "delete-node",
      "node": {
        "label": "getObjectName",
        "type": "Invocation"
      },
      "location-before-char-start": 4809,
      "location-before-char-end": 4834,
      "node-str": "getObjectName"
    },
    {
      "type": "delete-node",
      "node": {
        "label": "PLUS",
        "type": "BinaryOperator"
      },
      "location-before-char-start": 4719,
      "location-before-char-end": 4834,
      "node-str": "PLUS"
    },
    {
      "type": "delete-node",
      "node": {
        "label": "println",
        "type": "Invocation"
      },
      "location-before-char-start": 4699,
      "location-before-char-end": 4855,
      "node-str": "println"
    },
    {
      "type": "delete-node",
      "node": {
        "label": "while",
        "type": "While"
      },
      "location-before-char-start": 4263,
      "location-before-char-end": 4872,
      "node-str": "while"
    },
    {
      "type": "delete-node",
      "node": {
        "label": "THEN",
        "type": "then"
      },
      "location-before-char-start": 4194,
      "location-before-char-end": 4886,
      "node-str": "THEN"
    },
    {
      "type": "delete-node",
      "node": {
        "label": "if",
        "type": "If"
      },
      "location-before-char-start": 4165,
      "location-before-char-end": 4886,
      "node-str": "if"
    },
    {
      "type": "delete-node",
      "node": {
        "label": "",
        "type": "Try"
      },
      "location-before-char-start": 3857,
      "location-before-char-end": 4973,
      "node-str": ""
    },
    {
      "type": "delete-node",
      "node": {
        "label": "THEN",
        "type": "then"
      },
      "location-before-char-start": 3846,
      "location-before-char-end": 4981,
      "node-str": "THEN"
    },
    {
      "type": "delete-node",
      "node": {
        "label": "if",
        "type": "If"
      },
      "location-before-char-start": 3799,
      "location-before-char-end": 4981,
      "node-str": "if"
    },
    {
      "type": "delete-node",
      "node": {
        "label": "removeConnection",
        "type": "Method"
      },
      "location-before-char-start": 3564,
      "location-before-char-end": 4986,
      "node-str": "removeConnection"
    },
    {
      "type": "delete-node",
      "node": {
        "label": "ConnectorFactoryImpl",
        "type": "Class"
      },
      "location-before-char-start": 652,
      "location-before-char-end": 8032,
      "node-str": "ConnectorFactoryImpl"
    }
  ],
  "before-file": {},
  "after-file": {},
  "mapping": {}
}