{
  "tool-info": {},
  "diff": [
    {
      "type": "insert-node",
      "node": {
        "label": "public",
        "type": "Modifier"
      },
      "location-after-char-start": 0,
      "location-after-char-end": 0,
      "node-str": "public"
    },
    {
      "type": "insert-node",
      "node": {
        "label": "registry",
        "type": "Field"
      },
      "location-after-char-start": 1421,
      "location-after-char-end": 1499,
      "node-str": "registry"
    },
    {
      "type": "insert-node",
      "node": {
        "label": "environment",
        "type": "Field"
      },
      "location-after-char-start": 1503,
      "location-after-char-end": 1613,
      "node-str": "environment"
    },
    {
      "type": "insert-node",
      "node": {
        "label": "nameParser",
        "type": "Field"
      },
      "location-after-char-start": 1617,
      "location-after-char-end": 1717,
      "node-str": "nameParser"
    },
    {
      "type": "insert-node",
      "node": {
        "label": "single",
        "type": "Field"
      },
      "location-after-char-start": 1721,
      "location-after-char-end": 1834,
      "node-str": "single"
    },
    {
      "type": "insert-node",
      "node": {
        "label": "wrapperHash",
        "type": "Field"
      },
      "location-after-char-start": 1838,
      "location-after-char-end": 1930,
      "node-str": "wrapperHash"
    },
    {
      "type": "insert-node",
      "node": {
        "label": "\u003cinit\u003e",
        "type": "Constructor"
      },
      "location-after-char-start": 1934,
      "location-after-char-end": 2258,
      "node-str": "\u003cinit\u003e"
    },
    {
      "type": "insert-node",
      "node": {
        "label": "wrapObject",
        "type": "Method"
      },
      "location-after-char-start": 3461,
      "location-after-char-end": 6299,
      "node-str": "wrapObject"
    },
    {
      "type": "insert-node",
      "node": {
        "label": "close",
        "type": "Method"
      },
      "location-after-char-start": 11536,
      "location-after-char-end": 11559,
      "node-str": "close"
    },
    {
      "type": "insert-node",
      "node": {
        "label": "java.rmi.registry.Registry",
        "type": "VARIABLE_TYPE"
      },
      "location-after-char-start": 0,
      "location-after-char-end": 0,
      "node-str": "java.rmi.registry.Registry"
    },
    {
      "type": "insert-node",
      "node": {
        "label": "java.util.Hashtable",
        "type": "VARIABLE_TYPE"
      },
      "location-after-char-start": 0,
      "location-after-char-end": 0,
      "node-str": "java.util.Hashtable"
    },
    {
      "type": "insert-node",
      "node": {
        "label": "static",
        "type": "Modifier"
      },
      "location-after-char-start": 0,
      "location-after-char-end": 0,
      "node-str": "static"
    },
    {
      "type": "insert-node",
      "node": {
        "label": "null",
        "type": "Literal"
      },
      "location-after-char-start": 1609,
      "location-after-char-end": 1612,
      "node-str": "null"
    },
    {
      "type": "insert-node",
      "node": {
        "label": "javax.naming.NameParser",
        "type": "VARIABLE_TYPE"
      },
      "location-after-char-start": 0,
      "location-after-char-end": 0,
      "node-str": "javax.naming.NameParser"
    },
    {
      "type": "insert-node",
      "node": {
        "label": "final",
        "type": "Modifier"
      },
      "location-after-char-start": 0,
      "location-after-char-end": 0,
      "node-str": "final"
    },
    {
      "type": "insert-node",
      "node": {
        "label": "static",
        "type": "Modifier"
      },
      "location-after-char-start": 0,
      "location-after-char-end": 0,
      "node-str": "static"
    },
    {
      "type": "insert-node",
      "node": {
        "label": "org.objectweb.carol.jndi.spi.SimpleNameParser()",
        "type": "ConstructorCall"
      },
      "location-after-char-start": 1695,
      "location-after-char-end": 1716,
      "node-str": "org.objectweb.carol.jndi.spi.SimpleNameParser()"
    },
    {
      "type": "insert-node",
      "node": {
        "label": "javax.naming.Context",
        "type": "VARIABLE_TYPE"
      },
      "location-after-char-start": 0,
      "location-after-char-end": 0,
      "node-str": "javax.naming.Context"
    },
    {
      "type": "insert-node",
      "node": {
        "label": "static",
        "type": "Modifier"
      },
      "location-after-char-start": 0,
      "location-after-char-end": 0,
      "node-str": "static"
    },
    {
      "type": "insert-node",
      "node": {
        "label": "null",
        "type": "Literal"
      },
      "location-after-char-start": 1830,
      "location-after-char-end": 1833,
      "node-str": "null"
    },
    {
      "type": "insert-node",
      "node": {
        "label": "java.util.Hashtable",
        "type": "VARIABLE_TYPE"
      },
      "location-after-char-start": 0,
      "location-after-char-end": 0,
      "node-str": "java.util.Hashtable"
    },
    {
      "type": "insert-node",
      "node": {
        "label": "static",
        "type": "Modifier"
      },
      "location-after-char-start": 0,
      "location-after-char-end": 0,
      "node-str": "static"
    },
    {
      "type": "insert-node",
      "node": {
        "label": "null",
        "type": "Literal"
      },
      "location-after-char-start": 1926,
      "location-after-char-end": 1929,
      "node-str": "null"
    },
    {
      "type": "insert-node",
      "node": {
        "label": "reg",
        "type": "Parameter"
      },
      "location-after-char-start": 2014,
      "location-after-char-end": 2025,
      "node-str": "reg"
    },
    {
      "type": "insert-node",
      "node": {
        "label": "env",
        "type": "Parameter"
      },
      "location-after-char-start": 2028,
      "location-after-char-end": 2040,
      "node-str": "env"
    },
    {
      "type": "move-subtree",
      "node": {
        "label": "\u003d",
        "type": "Assignment"
      },
      "location-before-char-start": 2010,
      "location-before-char-end": 2024,
      "location-after-char-start": 2072,
      "location-after-char-end": 2086,
      "node-str": "\u003d"
    },
    {
      "type": "insert-node",
      "node": {
        "label": "\u003d",
        "type": "Assignment"
      },
      "location-after-char-start": 2090,
      "location-after-char-end": 2119,
      "node-str": "\u003d"
    },
    {
      "type": "insert-node",
      "node": {
        "label": "\u003d",
        "type": "Assignment"
      },
      "location-after-char-start": 2123,
      "location-after-char-end": 2140,
      "node-str": "\u003d"
    },
    {
      "type": "insert-node",
      "node": {
        "label": "put",
        "type": "Invocation"
      },
      "location-after-char-start": 2144,
      "location-after-char-end": 2255,
      "node-str": "put"
    },
    {
      "type": "insert-node",
      "node": {
        "label": "java.lang.Object",
        "type": "RETURN_TYPE"
      },
      "location-after-char-start": 0,
      "location-after-char-end": 0,
      "node-str": "java.lang.Object"
    },
    {
      "type": "insert-node",
      "node": {
        "label": "javax.naming.NamingException",
        "type": "THROWS"
      },
      "location-after-char-start": 0,
      "location-after-char-end": 0,
      "node-str": "javax.naming.NamingException"
    },
    {
      "type": "insert-node",
      "node": {
        "label": "o",
        "type": "Parameter"
      },
      "location-after-char-start": 3832,
      "location-after-char-end": 3839,
      "node-str": "o"
    },
    {
      "type": "insert-node",
      "node": {
        "label": "name",
        "type": "Parameter"
      },
      "location-after-char-start": 3842,
      "location-after-char-end": 3850,
      "node-str": "name"
    },
    {
      "type": "insert-node",
      "node": {
        "label": "replace",
        "type": "Parameter"
      },
      "location-after-char-start": 3853,
      "location-after-char-end": 3867,
      "node-str": "replace"
    },
    {
      "type": "move-subtree",
      "node": {
        "label": "",
        "type": "Try"
      },
      "location-before-char-start": 3828,
      "location-before-char-end": 6270,
      "location-after-char-start": 3899,
      "location-after-char-end": 6296,
      "node-str": ""
    },
    {
      "type": "insert-node",
      "node": {
        "label": "void",
        "type": "RETURN_TYPE"
      },
      "location-after-char-start": 0,
      "location-after-char-end": 0,
      "node-str": "void"
    },
    {
      "type": "insert-node",
      "node": {
        "label": "public",
        "type": "Modifier"
      },
      "location-after-char-start": 0,
      "location-after-char-end": 0,
      "node-str": "public"
    },
    {
      "type": "insert-node",
      "node": {
        "label": "java.rmi.registry.Registry",
        "type": "VARIABLE_TYPE"
      },
      "location-after-char-start": 0,
      "location-after-char-end": 0,
      "node-str": "java.rmi.registry.Registry"
    },
    {
      "type": "insert-node",
      "node": {
        "label": "java.util.Hashtable",
        "type": "VARIABLE_TYPE"
      },
      "location-after-char-start": 0,
      "location-after-char-end": 0,
      "node-str": "java.util.Hashtable"
    },
    {
      "type": "insert-node",
      "node": {
        "label": "wrapperHash",
        "type": "FieldWrite"
      },
      "location-after-char-start": 2090,
      "location-after-char-end": 2100,
      "node-str": "wrapperHash"
    },
    {
      "type": "insert-node",
      "node": {
        "label": "java.util.Hashtable()",
        "type": "ConstructorCall"
      },
      "location-after-char-start": 2104,
      "location-after-char-end": 2118,
      "node-str": "java.util.Hashtable()"
    },
    {
      "type": "insert-node",
      "node": {
        "label": "environment",
        "type": "FieldWrite"
      },
      "location-after-char-start": 2123,
      "location-after-char-end": 2133,
      "node-str": "environment"
    },
    {
      "type": "insert-node",
      "node": {
        "label": "env",
        "type": "VariableRead"
      },
      "location-after-char-start": 2137,
      "location-after-char-end": 2139,
      "node-str": "env"
    },
    {
      "type": "insert-node",
      "node": {
        "label": "environment",
        "type": "FieldRead"
      },
      "location-after-char-start": 2144,
      "location-after-char-end": 2154,
      "node-str": "environment"
    },
    {
      "type": "insert-node",
      "node": {
        "label": "\"java.naming.factory.initial\"",
        "type": "Literal"
      },
      "location-after-char-start": 2164,
      "location-after-char-end": 2192,
      "node-str": "\"java.naming.factory.initial\""
    },
    {
      "type": "insert-node",
      "node": {
        "label": "\"org.objectweb.carol.jndi.spi.JRMPContextWrapperFactory\"",
        "type": "Literal"
      },
      "location-after-char-start": 2198,
      "location-after-char-end": 2253,
      "node-str": "\"org.objectweb.carol.jndi.spi.JRMPContextWrapperFactory\""
    },
    {
      "type": "insert-node",
      "node": {
        "label": "java.lang.Object",
        "type": "VARIABLE_TYPE"
      },
      "location-after-char-start": 0,
      "location-after-char-end": 0,
      "node-str": "java.lang.Object"
    },
    {
      "type": "insert-node",
      "node": {
        "label": "javax.naming.Name",
        "type": "VARIABLE_TYPE"
      },
      "location-after-char-start": 0,
      "location-after-char-end": 0,
      "node-str": "javax.naming.Name"
    },
    {
      "type": "insert-node",
      "node": {
        "label": "boolean",
        "type": "VARIABLE_TYPE"
      },
      "location-after-char-start": 0,
      "location-after-char-end": 0,
      "node-str": "boolean"
    },
    {
      "type": "insert-node",
      "node": {
        "label": "if",
        "type": "If"
      },
      "location-after-char-start": 3908,
      "location-after-char-end": 6228,
      "node-str": "if"
    },
    {
      "type": "move-subtree",
      "node": {
        "label": "AND",
        "type": "BinaryOperator"
      },
      "location-before-char-start": 3841,
      "location-before-char-end": 3896,
      "location-after-char-start": 3912,
      "location-after-char-end": 3967,
      "node-str": "AND"
    },
    {
      "type": "insert-node",
      "node": {
        "label": "THEN",
        "type": "then"
      },
      "location-after-char-start": 3970,
      "location-after-char-end": 4682,
      "node-str": "THEN"
    },
    {
      "type": "move-subtree",
      "node": {
        "label": "ELSE",
        "type": "else"
      },
      "location-before-char-start": 4636,
      "location-before-char-end": 6202,
      "location-after-char-start": 4689,
      "location-after-char-end": 6228,
      "node-str": "ELSE"
    },
    {
      "type": "update-node",
      "node": {
        "label": "com.sun.jndi.rmi.registry.ReferenceWrapper",
        "type": "TypeAccess"
      },
      "location-before-char-start": 2806,
      "location-before-char-end": 2821,
      "location-after-char-start": 2878,
      "location-after-char-end": 2892,
      "node-str": "com.sun.jndi.rmi.registry.RemoteReference"
    },
    {
      "type": "insert-node",
      "node": {
        "label": "irw",
        "type": "LocalVariable"
      },
      "location-after-char-start": 3976,
      "location-after-char-end": 4075,
      "node-str": "irw"
    },
    {
      "type": "insert-node",
      "node": {
        "label": "exportObject",
        "type": "Invocation"
      },
      "location-after-char-start": 4081,
      "location-after-char-end": 4184,
      "node-str": "exportObject"
    },
    {
      "type": "insert-node",
      "node": {
        "label": "oldObj",
        "type": "LocalVariable"
      },
      "location-after-char-start": 4190,
      "location-after-char-end": 4241,
      "node-str": "oldObj"
    },
    {
      "type": "move-subtree",
      "node": {
        "label": "if",
        "type": "If"
      },
      "location-before-char-start": 4203,
      "location-before-char-end": 4608,
      "location-after-char-start": 4247,
      "location-after-char-end": 4661,
      "node-str": "if"
    },
    {
      "type": "insert-node",
      "node": {
        "label": "return",
        "type": "Return"
      },
      "location-after-char-start": 4667,
      "location-after-char-end": 4677,
      "node-str": "return"
    },
    {
      "type": "insert-node",
      "node": {
        "label": "org.objectweb.carol.jndi.wrapping.JNDIReferenceWrapper",
        "type": "VARIABLE_TYPE"
      },
      "location-after-char-start": 0,
      "location-after-char-end": 0,
      "node-str": "org.objectweb.carol.jndi.wrapping.JNDIReferenceWrapper"
    },
    {
      "type": "insert-node",
      "node": {
        "label": "org.objectweb.carol.jndi.wrapping.JNDIReferenceWrapper(javax.naming.Reference)",
        "type": "ConstructorCall"
      },
      "location-after-char-start": 4008,
      "location-after-char-end": 4074,
      "node-str": "org.objectweb.carol.jndi.wrapping.JNDIReferenceWrapper(javax.naming.Reference)"
    },
    {
      "type": "insert-node",
      "node": {
        "label": "getCurrentPortableRemoteObject",
        "type": "Invocation"
      },
      "location-after-char-start": 4081,
      "location-after-char-end": 4153,
      "node-str": "getCurrentPortableRemoteObject"
    },
    {
      "type": "insert-node",
      "node": {
        "label": "irw",
        "type": "VariableRead"
      },
      "location-after-char-start": 4180,
      "location-after-char-end": 4182,
      "node-str": "irw"
    },
    {
      "type": "insert-node",
      "node": {
        "label": "java.rmi.Remote",
        "type": "VARIABLE_TYPE"
      },
      "location-after-char-start": 0,
      "location-after-char-end": 0,
      "node-str": "java.rmi.Remote"
    },
    {
      "type": "insert-node",
      "node": {
        "label": "put",
        "type": "Invocation"
      },
      "location-after-char-start": 4206,
      "location-after-char-end": 4240,
      "node-str": "put"
    },
    {
      "type": "insert-node",
      "node": {
        "label": "irw",
        "type": "VariableRead"
      },
      "location-after-char-start": 4674,
      "location-after-char-end": 4676,
      "node-str": "irw"
    },
    {
      "type": "insert-node",
      "node": {
        "label": "THEN",
        "type": "then"
      },
      "location-after-char-start": 4747,
      "location-after-char-end": 5422,
      "node-str": "THEN"
    },
    {
      "type": "insert-node",
      "node": {
        "label": "getReference",
        "type": "Invocation"
      },
      "location-after-char-start": 4040,
      "location-after-char-end": 4073,
      "node-str": "getReference"
    },
    {
      "type": "insert-node",
      "node": {
        "label": "getCurrent",
        "type": "Invocation"
      },
      "location-after-char-start": 4081,
      "location-after-char-end": 4114,
      "node-str": "getCurrent"
    },
    {
      "type": "insert-node",
      "node": {
        "label": "wrapperHash",
        "type": "FieldRead"
      },
      "location-after-char-start": 4215,
      "location-after-char-end": 4225,
      "node-str": "wrapperHash"
    },
    {
      "type": "insert-node",
      "node": {
        "label": "name",
        "type": "VariableRead"
      },
      "location-after-char-start": 4231,
      "location-after-char-end": 4234,
      "node-str": "name"
    },
    {
      "type": "insert-node",
      "node": {
        "label": "irw",
        "type": "VariableRead"
      },
      "location-after-char-start": 4237,
      "location-after-char-end": 4239,
      "node-str": "irw"
    },
    {
      "type": "insert-node",
      "node": {
        "label": "irw",
        "type": "LocalVariable"
      },
      "location-after-char-start": 4753,
      "location-after-char-end": 4824,
      "node-str": "irw"
    },
    {
      "type": "insert-node",
      "node": {
        "label": "exportObject",
        "type": "Invocation"
      },
      "location-after-char-start": 4830,
      "location-after-char-end": 4933,
      "node-str": "exportObject"
    },
    {
      "type": "insert-node",
      "node": {
        "label": "oldObj",
        "type": "LocalVariable"
      },
      "location-after-char-start": 4939,
      "location-after-char-end": 4990,
      "node-str": "oldObj"
    },
    {
      "type": "move-subtree",
      "node": {
        "label": "if",
        "type": "If"
      },
      "location-before-char-start": 4970,
      "location-before-char-end": 5375,
      "location-after-char-start": 4996,
      "location-after-char-end": 5401,
      "node-str": "if"
    },
    {
      "type": "insert-node",
      "node": {
        "label": "return",
        "type": "Return"
      },
      "location-after-char-start": 5407,
      "location-after-char-end": 5417,
      "node-str": "return"
    },
    {
      "type": "insert-node",
      "node": {
        "label": "o",
        "type": "VariableRead"
      },
      "location-after-char-start": 4040,
      "location-after-char-end": 4058,
      "node-str": "o"
    },
    {
      "type": "insert-node",
      "node": {
        "label": "org.objectweb.carol.util.multi.ProtocolCurrent",
        "type": "TypeAccess"
      },
      "location-after-char-start": 4081,
      "location-after-char-end": 4095,
      "node-str": "org.objectweb.carol.util.multi.ProtocolCurrent"
    },
    {
      "type": "insert-node",
      "node": {
        "label": "org.objectweb.carol.jndi.wrapping.JNDIReferenceWrapper",
        "type": "VARIABLE_TYPE"
      },
      "location-after-char-start": 0,
      "location-after-char-end": 0,
      "node-str": "org.objectweb.carol.jndi.wrapping.JNDIReferenceWrapper"
    },
    {
      "type": "insert-node",
      "node": {
        "label": "org.objectweb.carol.jndi.wrapping.JNDIReferenceWrapper(javax.naming.Reference)",
        "type": "ConstructorCall"
      },
      "location-after-char-start": 4785,
      "location-after-char-end": 4823,
      "node-str": "org.objectweb.carol.jndi.wrapping.JNDIReferenceWrapper(javax.naming.Reference)"
    },
    {
      "type": "insert-node",
      "node": {
        "label": "getCurrentPortableRemoteObject",
        "type": "Invocation"
      },
      "location-after-char-start": 4830,
      "location-after-char-end": 4902,
      "node-str": "getCurrentPortableRemoteObject"
    },
    {
      "type": "insert-node",
      "node": {
        "label": "irw",
        "type": "VariableRead"
      },
      "location-after-char-start": 4929,
      "location-after-char-end": 4931,
      "node-str": "irw"
    },
    {
      "type": "insert-node",
      "node": {
        "label": "java.rmi.Remote",
        "type": "VARIABLE_TYPE"
      },
      "location-after-char-start": 0,
      "location-after-char-end": 0,
      "node-str": "java.rmi.Remote"
    },
    {
      "type": "insert-node",
      "node": {
        "label": "put",
        "type": "Invocation"
      },
      "location-after-char-start": 4955,
      "location-after-char-end": 4989,
      "node-str": "put"
    },
    {
      "type": "insert-node",
      "node": {
        "label": "irw",
        "type": "VariableRead"
      },
      "location-after-char-start": 5414,
      "location-after-char-end": 5416,
      "node-str": "irw"
    },
    {
      "type": "insert-node",
      "node": {
        "label": "o",
        "type": "VariableRead"
      },
      "location-after-char-start": 4810,
      "location-after-char-end": 4822,
      "node-str": "o"
    },
    {
      "type": "insert-node",
      "node": {
        "label": "getCurrent",
        "type": "Invocation"
      },
      "location-after-char-start": 4830,
      "location-after-char-end": 4863,
      "node-str": "getCurrent"
    },
    {
      "type": "insert-node",
      "node": {
        "label": "wrapperHash",
        "type": "FieldRead"
      },
      "location-after-char-start": 4964,
      "location-after-char-end": 4974,
      "node-str": "wrapperHash"
    },
    {
      "type": "insert-node",
      "node": {
        "label": "name",
        "type": "VariableRead"
      },
      "location-after-char-start": 4980,
      "location-after-char-end": 4983,
      "node-str": "name"
    },
    {
      "type": "insert-node",
      "node": {
        "label": "irw",
        "type": "VariableRead"
      },
      "location-after-char-start": 4986,
      "location-after-char-end": 4988,
      "node-str": "irw"
    },
    {
      "type": "insert-node",
      "node": {
        "label": "org.objectweb.carol.util.multi.ProtocolCurrent",
        "type": "TypeAccess"
      },
      "location-after-char-start": 4830,
      "location-after-char-end": 4844,
      "node-str": "org.objectweb.carol.util.multi.ProtocolCurrent"
    },
    {
      "type": "delete-node",
      "node": {
        "label": "public",
        "type": "Modifier"
      },
      "location-before-char-start": 0,
      "location-before-char-end": 0,
      "node-str": "public"
    },
    {
      "type": "delete-node",
      "node": {
        "label": "java.rmi.registry.Registry",
        "type": "VARIABLE_TYPE"
      },
      "location-before-char-start": 0,
      "location-before-char-end": 0,
      "node-str": "java.rmi.registry.Registry"
    },
    {
      "type": "delete-node",
      "node": {
        "label": "registry",
        "type": "Field"
      },
      "location-before-char-start": 1359,
      "location-before-char-end": 1437,
      "node-str": "registry"
    },
    {
      "type": "delete-node",
      "node": {
        "label": "java.util.Hashtable",
        "type": "VARIABLE_TYPE"
      },
      "location-before-char-start": 0,
      "location-before-char-end": 0,
      "node-str": "java.util.Hashtable"
    },
    {
      "type": "delete-node",
      "node": {
        "label": "static",
        "type": "Modifier"
      },
      "location-before-char-start": 0,
      "location-before-char-end": 0,
      "node-str": "static"
    },
    {
      "type": "delete-node",
      "node": {
        "label": "null",
        "type": "Literal"
      },
      "location-before-char-start": 1547,
      "location-before-char-end": 1550,
      "node-str": "null"
    },
    {
      "type": "delete-node",
      "node": {
        "label": "environment",
        "type": "Field"
      },
      "location-before-char-start": 1441,
      "location-before-char-end": 1551,
      "node-str": "environment"
    },
    {
      "type": "delete-node",
      "node": {
        "label": "javax.naming.NameParser",
        "type": "VARIABLE_TYPE"
      },
      "location-before-char-start": 0,
      "location-before-char-end": 0,
      "node-str": "javax.naming.NameParser"
    },
    {
      "type": "delete-node",
      "node": {
        "label": "final",
        "type": "Modifier"
      },
      "location-before-char-start": 0,
      "location-before-char-end": 0,
      "node-str": "final"
    },
    {
      "type": "delete-node",
      "node": {
        "label": "static",
        "type": "Modifier"
      },
      "location-before-char-start": 0,
      "location-before-char-end": 0,
      "node-str": "static"
    },
    {
      "type": "delete-node",
      "node": {
        "label": "org.objectweb.carol.jndi.spi.SimpleNameParser()",
        "type": "ConstructorCall"
      },
      "location-before-char-start": 1633,
      "location-before-char-end": 1654,
      "node-str": "org.objectweb.carol.jndi.spi.SimpleNameParser()"
    },
    {
      "type": "delete-node",
      "node": {
        "label": "nameParser",
        "type": "Field"
      },
      "location-before-char-start": 1555,
      "location-before-char-end": 1655,
      "node-str": "nameParser"
    },
    {
      "type": "delete-node",
      "node": {
        "label": "javax.naming.Context",
        "type": "VARIABLE_TYPE"
      },
      "location-before-char-start": 0,
      "location-before-char-end": 0,
      "node-str": "javax.naming.Context"
    },
    {
      "type": "delete-node",
      "node": {
        "label": "static",
        "type": "Modifier"
      },
      "location-before-char-start": 0,
      "location-before-char-end": 0,
      "node-str": "static"
    },
    {
      "type": "delete-node",
      "node": {
        "label": "null",
        "type": "Literal"
      },
      "location-before-char-start": 1768,
      "location-before-char-end": 1771,
      "node-str": "null"
    },
    {
      "type": "delete-node",
      "node": {
        "label": "single",
        "type": "Field"
      },
      "location-before-char-start": 1659,
      "location-before-char-end": 1772,
      "node-str": "single"
    },
    {
      "type": "delete-node",
      "node": {
        "label": "java.util.Hashtable",
        "type": "VARIABLE_TYPE"
      },
      "location-before-char-start": 0,
      "location-before-char-end": 0,
      "node-str": "java.util.Hashtable"
    },
    {
      "type": "delete-node",
      "node": {
        "label": "static",
        "type": "Modifier"
      },
      "location-before-char-start": 0,
      "location-before-char-end": 0,
      "node-str": "static"
    },
    {
      "type": "delete-node",
      "node": {
        "label": "null",
        "type": "Literal"
      },
      "location-before-char-start": 1864,
      "location-before-char-end": 1867,
      "node-str": "null"
    },
    {
      "type": "delete-node",
      "node": {
        "label": "wrapperHash",
        "type": "Field"
      },
      "location-before-char-start": 1776,
      "location-before-char-end": 1868,
      "node-str": "wrapperHash"
    },
    {
      "type": "delete-node",
      "node": {
        "label": "java.rmi.registry.Registry",
        "type": "VARIABLE_TYPE"
      },
      "location-before-char-start": 0,
      "location-before-char-end": 0,
      "node-str": "java.rmi.registry.Registry"
    },
    {
      "type": "delete-node",
      "node": {
        "label": "reg",
        "type": "Parameter"
      },
      "location-before-char-start": 1952,
      "location-before-char-end": 1963,
      "node-str": "reg"
    },
    {
      "type": "delete-node",
      "node": {
        "label": "java.util.Hashtable",
        "type": "VARIABLE_TYPE"
      },
      "location-before-char-start": 0,
      "location-before-char-end": 0,
      "node-str": "java.util.Hashtable"
    },
    {
      "type": "delete-node",
      "node": {
        "label": "env",
        "type": "Parameter"
      },
      "location-before-char-start": 1966,
      "location-before-char-end": 1978,
      "node-str": "env"
    },
    {
      "type": "delete-node",
      "node": {
        "label": "wrapperHash",
        "type": "FieldWrite"
      },
      "location-before-char-start": 2028,
      "location-before-char-end": 2038,
      "node-str": "wrapperHash"
    },
    {
      "type": "delete-node",
      "node": {
        "label": "java.util.Hashtable()",
        "type": "ConstructorCall"
      },
      "location-before-char-start": 2042,
      "location-before-char-end": 2056,
      "node-str": "java.util.Hashtable()"
    },
    {
      "type": "delete-node",
      "node": {
        "label": "\u003d",
        "type": "Assignment"
      },
      "location-before-char-start": 2028,
      "location-before-char-end": 2057,
      "node-str": "\u003d"
    },
    {
      "type": "delete-node",
      "node": {
        "label": "environment",
        "type": "FieldWrite"
      },
      "location-before-char-start": 2061,
      "location-before-char-end": 2071,
      "node-str": "environment"
    },
    {
      "type": "delete-node",
      "node": {
        "label": "env",
        "type": "VariableRead"
      },
      "location-before-char-start": 2075,
      "location-before-char-end": 2077,
      "node-str": "env"
    },
    {
      "type": "delete-node",
      "node": {
        "label": "\u003d",
        "type": "Assignment"
      },
      "location-before-char-start": 2061,
      "location-before-char-end": 2078,
      "node-str": "\u003d"
    },
    {
      "type": "delete-node",
      "node": {
        "label": "environment",
        "type": "FieldRead"
      },
      "location-before-char-start": 2082,
      "location-before-char-end": 2092,
      "node-str": "environment"
    },
    {
      "type": "delete-node",
      "node": {
        "label": "\"java.naming.factory.initial\"",
        "type": "Literal"
      },
      "location-before-char-start": 2102,
      "location-before-char-end": 2130,
      "node-str": "\"java.naming.factory.initial\""
    },
    {
      "type": "delete-node",
      "node": {
        "label": "\"org.objectweb.carol.jndi.spi.JRMPLocalContext\"",
        "type": "Literal"
      },
      "location-before-char-start": 2136,
      "location-before-char-end": 2182,
      "node-str": "\"org.objectweb.carol.jndi.spi.JRMPLocalContext\""
    },
    {
      "type": "delete-node",
      "node": {
        "label": "put",
        "type": "Invocation"
      },
      "location-before-char-start": 2082,
      "location-before-char-end": 2184,
      "node-str": "put"
    },
    {
      "type": "delete-node",
      "node": {
        "label": "\u003cinit\u003e",
        "type": "Constructor"
      },
      "location-before-char-start": 1872,
      "location-before-char-end": 2187,
      "node-str": "\u003cinit\u003e"
    },
    {
      "type": "delete-node",
      "node": {
        "label": "com.sun.jndi.rmi.registry.ReferenceWrapper",
        "type": "VARIABLE_TYPE"
      },
      "location-before-char-start": 0,
      "location-before-char-end": 0,
      "node-str": "com.sun.jndi.rmi.registry.ReferenceWrapper"
    },
    {
      "type": "delete-node",
      "node": {
        "label": "o",
        "type": "VariableRead"
      },
      "location-before-char-start": 4749,
      "location-before-char-end": 4761,
      "node-str": "o"
    },
    {
      "type": "delete-node",
      "node": {
        "label": "com.sun.jndi.rmi.registry.ReferenceWrapper(javax.naming.Reference)",
        "type": "ConstructorCall"
      },
      "location-before-char-start": 4728,
      "location-before-char-end": 4762,
      "node-str": "com.sun.jndi.rmi.registry.ReferenceWrapper(javax.naming.Reference)"
    },
    {
      "type": "delete-node",
      "node": {
        "label": "irw",
        "type": "LocalVariable"
      },
      "location-before-char-start": 4700,
      "location-before-char-end": 4763,
      "node-str": "irw"
    },
    {
      "type": "delete-node",
      "node": {
        "label": "com.sun.jndi.rmi.registry.ReferenceWrapper",
        "type": "VARIABLE_TYPE"
      },
      "location-before-char-start": 0,
      "location-before-char-end": 0,
      "node-str": "com.sun.jndi.rmi.registry.ReferenceWrapper"
    },
    {
      "type": "delete-node",
      "node": {
        "label": "wrapperHash",
        "type": "FieldRead"
      },
      "location-before-char-start": 4938,
      "location-before-char-end": 4948,
      "node-str": "wrapperHash"
    },
    {
      "type": "delete-node",
      "node": {
        "label": "name",
        "type": "VariableRead"
      },
      "location-before-char-start": 4954,
      "location-before-char-end": 4957,
      "node-str": "name"
    },
    {
      "type": "delete-node",
      "node": {
        "label": "irw",
        "type": "VariableRead"
      },
      "location-before-char-start": 4960,
      "location-before-char-end": 4962,
      "node-str": "irw"
    },
    {
      "type": "delete-node",
      "node": {
        "label": "put",
        "type": "Invocation"
      },
      "location-before-char-start": 4919,
      "location-before-char-end": 4963,
      "node-str": "put"
    },
    {
      "type": "delete-node",
      "node": {
        "label": "oldObj",
        "type": "LocalVariable"
      },
      "location-before-char-start": 4888,
      "location-before-char-end": 4964,
      "node-str": "oldObj"
    },
    {
      "type": "delete-node",
      "node": {
        "label": "irw",
        "type": "VariableRead"
      },
      "location-before-char-start": 5388,
      "location-before-char-end": 5390,
      "node-str": "irw"
    },
    {
      "type": "delete-node",
      "node": {
        "label": "return",
        "type": "Return"
      },
      "location-before-char-start": 5381,
      "location-before-char-end": 5391,
      "node-str": "return"
    },
    {
      "type": "delete-node",
      "node": {
        "label": "THEN",
        "type": "then"
      },
      "location-before-char-start": 4694,
      "location-before-char-end": 5396,
      "node-str": "THEN"
    },
    {
      "type": "delete-node",
      "node": {
        "label": "com.sun.jndi.rmi.registry.ReferenceWrapper",
        "type": "VARIABLE_TYPE"
      },
      "location-before-char-start": 0,
      "location-before-char-end": 0,
      "node-str": "com.sun.jndi.rmi.registry.ReferenceWrapper"
    },
    {
      "type": "delete-node",
      "node": {
        "label": "o",
        "type": "VariableRead"
      },
      "location-before-char-start": 3961,
      "location-before-char-end": 3979,
      "node-str": "o"
    },
    {
      "type": "delete-node",
      "node": {
        "label": "getReference",
        "type": "Invocation"
      },
      "location-before-char-start": 3961,
      "location-before-char-end": 3994,
      "node-str": "getReference"
    },
    {
      "type": "delete-node",
      "node": {
        "label": "com.sun.jndi.rmi.registry.ReferenceWrapper(javax.naming.Reference)",
        "type": "ConstructorCall"
      },
      "location-before-char-start": 3933,
      "location-before-char-end": 3995,
      "node-str": "com.sun.jndi.rmi.registry.ReferenceWrapper(javax.naming.Reference)"
    },
    {
      "type": "delete-node",
      "node": {
        "label": "irw",
        "type": "LocalVariable"
      },
      "location-before-char-start": 3905,
      "location-before-char-end": 3996,
      "node-str": "irw"
    },
    {
      "type": "delete-node",
      "node": {
        "label": "com.sun.jndi.rmi.registry.ReferenceWrapper",
        "type": "VARIABLE_TYPE"
      },
      "location-before-char-start": 0,
      "location-before-char-end": 0,
      "node-str": "com.sun.jndi.rmi.registry.ReferenceWrapper"
    },
    {
      "type": "delete-node",
      "node": {
        "label": "wrapperHash",
        "type": "FieldRead"
      },
      "location-before-char-start": 4171,
      "location-before-char-end": 4181,
      "node-str": "wrapperHash"
    },
    {
      "type": "delete-node",
      "node": {
        "label": "name",
        "type": "VariableRead"
      },
      "location-before-char-start": 4187,
      "location-before-char-end": 4190,
      "node-str": "name"
    },
    {
      "type": "delete-node",
      "node": {
        "label": "irw",
        "type": "VariableRead"
      },
      "location-before-char-start": 4193,
      "location-before-char-end": 4195,
      "node-str": "irw"
    },
    {
      "type": "delete-node",
      "node": {
        "label": "put",
        "type": "Invocation"
      },
      "location-before-char-start": 4152,
      "location-before-char-end": 4196,
      "node-str": "put"
    },
    {
      "type": "delete-node",
      "node": {
        "label": "oldObj",
        "type": "LocalVariable"
      },
      "location-before-char-start": 4121,
      "location-before-char-end": 4197,
      "node-str": "oldObj"
    },
    {
      "type": "delete-node",
      "node": {
        "label": "irw",
        "type": "VariableRead"
      },
      "location-before-char-start": 4621,
      "location-before-char-end": 4623,
      "node-str": "irw"
    },
    {
      "type": "delete-node",
      "node": {
        "label": "return",
        "type": "Return"
      },
      "location-before-char-start": 4614,
      "location-before-char-end": 4624,
      "node-str": "return"
    },
    {
      "type": "delete-node",
      "node": {
        "label": "THEN",
        "type": "then"
      },
      "location-before-char-start": 3899,
      "location-before-char-end": 4629,
      "node-str": "THEN"
    },
    {
      "type": "delete-node",
      "node": {
        "label": "if",
        "type": "If"
      },
      "location-before-char-start": 3837,
      "location-before-char-end": 6202,
      "node-str": "if"
    },
    {
      "type": "delete-node",
      "node": {
        "label": "java.lang.Object",
        "type": "RETURN_TYPE"
      },
      "location-before-char-start": 0,
      "location-before-char-end": 0,
      "node-str": "java.lang.Object"
    },
    {
      "type": "delete-node",
      "node": {
        "label": "javax.naming.NamingException",
        "type": "THROWS"
      },
      "location-before-char-start": 0,
      "location-before-char-end": 0,
      "node-str": "javax.naming.NamingException"
    },
    {
      "type": "delete-node",
      "node": {
        "label": "java.lang.Object",
        "type": "VARIABLE_TYPE"
      },
      "location-before-char-start": 0,
      "location-before-char-end": 0,
      "node-str": "java.lang.Object"
    },
    {
      "type": "delete-node",
      "node": {
        "label": "o",
        "type": "Parameter"
      },
      "location-before-char-start": 3762,
      "location-before-char-end": 3769,
      "node-str": "o"
    },
    {
      "type": "delete-node",
      "node": {
        "label": "javax.naming.Name",
        "type": "VARIABLE_TYPE"
      },
      "location-before-char-start": 0,
      "location-before-char-end": 0,
      "node-str": "javax.naming.Name"
    },
    {
      "type": "delete-node",
      "node": {
        "label": "name",
        "type": "Parameter"
      },
      "location-before-char-start": 3771,
      "location-before-char-end": 3779,
      "node-str": "name"
    },
    {
      "type": "delete-node",
      "node": {
        "label": "boolean",
        "type": "VARIABLE_TYPE"
      },
      "location-before-char-start": 0,
      "location-before-char-end": 0,
      "node-str": "boolean"
    },
    {
      "type": "delete-node",
      "node": {
        "label": "replace",
        "type": "Parameter"
      },
      "location-before-char-start": 3782,
      "location-before-char-end": 3796,
      "node-str": "replace"
    },
    {
      "type": "delete-node",
      "node": {
        "label": "wrapObject",
        "type": "Method"
      },
      "location-before-char-start": 3391,
      "location-before-char-end": 6273,
      "node-str": "wrapObject"
    },
    {
      "type": "delete-node",
      "node": {
        "label": "void",
        "type": "RETURN_TYPE"
      },
      "location-before-char-start": 0,
      "location-before-char-end": 0,
      "node-str": "void"
    },
    {
      "type": "delete-node",
      "node": {
        "label": "public",
        "type": "Modifier"
      },
      "location-before-char-start": 0,
      "location-before-char-end": 0,
      "node-str": "public"
    },
    {
      "type": "delete-node",
      "node": {
        "label": "close",
        "type": "Method"
      },
      "location-before-char-start": 11508,
      "location-before-char-end": 11531,
      "node-str": "close"
    }
  ],
  "before-file": {},
  "after-file": {},
  "mapping": {}
}