{
  "tool-info": {},
  "diff": [
    {
      "type": "insert-node",
      "node": {
        "label": "public",
        "type": "Modifier"
      },
      "location-after-char-start": 573,
      "location-after-char-end": 579,
      "node-str": "public"
    },
    {
      "type": "insert-node",
      "node": {
        "label": "class",
        "type": "TYPE_DECLARATION_KIND"
      },
      "location-after-char-start": 580,
      "location-after-char-end": 585,
      "node-str": "class"
    },
    {
      "type": "insert-node",
      "node": {
        "label": "JPanelDesktop",
        "type": "SimpleName"
      },
      "location-after-char-start": 586,
      "location-after-char-end": 599,
      "node-str": "JPanelDesktop"
    },
    {
      "type": "insert-node",
      "node": {
        "label": "",
        "type": "MethodDeclaration"
      },
      "location-after-char-start": 854,
      "location-after-char-end": 1157,
      "node-str": ""
    },
    {
      "type": "insert-node",
      "node": {
        "label": "",
        "type": "MethodDeclaration"
      },
      "location-after-char-start": 2467,
      "location-after-char-end": 2671,
      "node-str": ""
    },
    {
      "type": "insert-node",
      "node": {
        "label": "protected",
        "type": "Modifier"
      },
      "location-after-char-start": 854,
      "location-after-char-end": 863,
      "node-str": "protected"
    },
    {
      "type": "move-subtree",
      "node": {
        "label": "",
        "type": "SimpleType"
      },
      "location-before-char-start": 984,
      "location-before-char-end": 993,
      "location-after-char-start": 864,
      "location-after-char-end": 873,
      "node-str": ""
    },
    {
      "type": "insert-node",
      "node": {
        "label": "createContents",
        "type": "SimpleName"
      },
      "location-after-char-start": 874,
      "location-after-char-end": 888,
      "node-str": "createContents"
    },
    {
      "type": "move-subtree",
      "node": {
        "label": "",
        "type": "SingleVariableDeclaration"
      },
      "location-before-char-start": 1009,
      "location-before-char-end": 1023,
      "location-after-char-start": 889,
      "location-after-char-end": 903,
      "node-str": ""
    },
    {
      "type": "insert-node",
      "node": {
        "label": "",
        "type": "Block"
      },
      "location-after-char-start": 905,
      "location-after-char-end": 1157,
      "node-str": ""
    },
    {
      "type": "insert-node",
      "node": {
        "label": "",
        "type": "Javadoc"
      },
      "location-after-char-start": 2467,
      "location-after-char-end": 2524,
      "node-str": ""
    },
    {
      "type": "insert-node",
      "node": {
        "label": "public",
        "type": "Modifier"
      },
      "location-after-char-start": 2526,
      "location-after-char-end": 2532,
      "node-str": "public"
    },
    {
      "type": "insert-node",
      "node": {
        "label": "void",
        "type": "PrimitiveType"
      },
      "location-after-char-start": 2533,
      "location-after-char-end": 2537,
      "node-str": "void"
    },
    {
      "type": "insert-node",
      "node": {
        "label": "updateTitle",
        "type": "SimpleName"
      },
      "location-after-char-start": 2538,
      "location-after-char-end": 2549,
      "node-str": "updateTitle"
    },
    {
      "type": "move-subtree",
      "node": {
        "label": "",
        "type": "SingleVariableDeclaration"
      },
      "location-before-char-start": 3215,
      "location-before-char-end": 3237,
      "location-after-char-start": 2550,
      "location-after-char-end": 2572,
      "node-str": ""
    },
    {
      "type": "move-subtree",
      "node": {
        "label": "",
        "type": "Block"
      },
      "location-before-char-start": 3239,
      "location-before-char-end": 3336,
      "location-after-char-start": 2574,
      "location-after-char-end": 2671,
      "node-str": ""
    },
    {
      "type": "move-subtree",
      "node": {
        "label": "",
        "type": "VariableDeclarationStatement"
      },
      "location-before-char-start": 1029,
      "location-before-char-end": 1077,
      "location-after-char-start": 909,
      "location-after-char-end": 957,
      "node-str": ""
    },
    {
      "type": "move-subtree",
      "node": {
        "label": "",
        "type": "ExpressionStatement"
      },
      "location-before-char-start": 1080,
      "location-before-char-end": 1149,
      "location-after-char-start": 960,
      "location-after-char-end": 1029,
      "node-str": ""
    },
    {
      "type": "move-subtree",
      "node": {
        "label": "",
        "type": "ExpressionStatement"
      },
      "location-before-char-start": 1152,
      "location-before-char-end": 1225,
      "location-after-char-start": 1032,
      "location-after-char-end": 1105,
      "node-str": ""
    },
    {
      "type": "move-subtree",
      "node": {
        "label": "",
        "type": "ExpressionStatement"
      },
      "location-before-char-start": 1228,
      "location-before-char-end": 1261,
      "location-after-char-start": 1108,
      "location-after-char-end": 1141,
      "node-str": ""
    },
    {
      "type": "move-subtree",
      "node": {
        "label": "",
        "type": "ReturnStatement"
      },
      "location-before-char-start": 1671,
      "location-before-char-end": 1681,
      "location-after-char-start": 1144,
      "location-after-char-end": 1154,
      "node-str": ""
    },
    {
      "type": "insert-node",
      "node": {
        "label": "",
        "type": "TagElement"
      },
      "location-after-char-start": 2479,
      "location-after-char-end": 2516,
      "node-str": ""
    },
    {
      "type": "insert-node",
      "node": {
        "label": " desktop will use listener",
        "type": "TextElement"
      },
      "location-after-char-start": 2490,
      "location-after-char-end": 2516,
      "node-str": " desktop will use listener"
    },
    {
      "type": "delete-node",
      "node": {
        "label": "public",
        "type": "Modifier"
      },
      "location-before-char-start": 573,
      "location-before-char-end": 579,
      "node-str": "public"
    },
    {
      "type": "delete-node",
      "node": {
        "label": "class",
        "type": "TYPE_DECLARATION_KIND"
      },
      "location-before-char-start": 580,
      "location-before-char-end": 585,
      "node-str": "class"
    },
    {
      "type": "delete-node",
      "node": {
        "label": "JPanelDesktop",
        "type": "SimpleName"
      },
      "location-before-char-start": 586,
      "location-before-char-end": 599,
      "node-str": "JPanelDesktop"
    },
    {
      "type": "delete-node",
      "node": {
        "label": "private",
        "type": "Modifier"
      },
      "location-before-char-start": 690,
      "location-before-char-end": 697,
      "node-str": "private"
    },
    {
      "type": "delete-node",
      "node": {
        "label": "DrawApplication",
        "type": "SimpleName"
      },
      "location-before-char-start": 698,
      "location-before-char-end": 713,
      "node-str": "DrawApplication"
    },
    {
      "type": "delete-node",
      "node": {
        "label": "",
        "type": "SimpleType"
      },
      "location-before-char-start": 698,
      "location-before-char-end": 713,
      "node-str": ""
    },
    {
      "type": "delete-node",
      "node": {
        "label": "myDrawApplication",
        "type": "SimpleName"
      },
      "location-before-char-start": 714,
      "location-before-char-end": 731,
      "node-str": "myDrawApplication"
    },
    {
      "type": "delete-node",
      "node": {
        "label": "",
        "type": "VariableDeclarationFragment"
      },
      "location-before-char-start": 714,
      "location-before-char-end": 731,
      "node-str": ""
    },
    {
      "type": "delete-node",
      "node": {
        "label": "",
        "type": "FieldDeclaration"
      },
      "location-before-char-start": 690,
      "location-before-char-end": 732,
      "node-str": ""
    },
    {
      "type": "delete-node",
      "node": {
        "label": "DrawApplication",
        "type": "SimpleName"
      },
      "location-before-char-start": 759,
      "location-before-char-end": 774,
      "node-str": "DrawApplication"
    },
    {
      "type": "delete-node",
      "node": {
        "label": "",
        "type": "SimpleType"
      },
      "location-before-char-start": 759,
      "location-before-char-end": 774,
      "node-str": ""
    },
    {
      "type": "delete-node",
      "node": {
        "label": "newDrawApplication",
        "type": "SimpleName"
      },
      "location-before-char-start": 775,
      "location-before-char-end": 793,
      "node-str": "newDrawApplication"
    },
    {
      "type": "delete-node",
      "node": {
        "label": "",
        "type": "SingleVariableDeclaration"
      },
      "location-before-char-start": 759,
      "location-before-char-end": 793,
      "node-str": ""
    },
    {
      "type": "delete-node",
      "node": {
        "label": "setDrawApplication",
        "type": "SimpleName"
      },
      "location-before-char-start": 799,
      "location-before-char-end": 817,
      "node-str": "setDrawApplication"
    },
    {
      "type": "delete-node",
      "node": {
        "label": "newDrawApplication",
        "type": "SimpleName"
      },
      "location-before-char-start": 818,
      "location-before-char-end": 836,
      "node-str": "newDrawApplication"
    },
    {
      "type": "delete-node",
      "node": {
        "label": "",
        "type": "METHOD_INVOCATION_ARGUMENTS"
      },
      "location-before-char-start": 818,
      "location-before-char-end": 836,
      "node-str": ""
    },
    {
      "type": "delete-node",
      "node": {
        "label": "",
        "type": "MethodInvocation"
      },
      "location-before-char-start": 799,
      "location-before-char-end": 837,
      "node-str": ""
    },
    {
      "type": "delete-node",
      "node": {
        "label": "",
        "type": "ExpressionStatement"
      },
      "location-before-char-start": 799,
      "location-before-char-end": 838,
      "node-str": ""
    },
    {
      "type": "delete-node",
      "node": {
        "label": "protected",
        "type": "Modifier"
      },
      "location-before-char-start": 974,
      "location-before-char-end": 983,
      "node-str": "protected"
    },
    {
      "type": "delete-node",
      "node": {
        "label": "createContents",
        "type": "SimpleName"
      },
      "location-before-char-start": 994,
      "location-before-char-end": 1008,
      "node-str": "createContents"
    },
    {
      "type": "delete-node",
      "node": {
        "label": "String",
        "type": "SimpleName"
      },
      "location-before-char-start": 1264,
      "location-before-char-end": 1270,
      "node-str": "String"
    },
    {
      "type": "delete-node",
      "node": {
        "label": "",
        "type": "SimpleType"
      },
      "location-before-char-start": 1264,
      "location-before-char-end": 1270,
      "node-str": ""
    },
    {
      "type": "delete-node",
      "node": {
        "label": "applicationTitle",
        "type": "SimpleName"
      },
      "location-before-char-start": 1271,
      "location-before-char-end": 1287,
      "node-str": "applicationTitle"
    },
    {
      "type": "delete-node",
      "node": {
        "label": "",
        "type": "VariableDeclarationFragment"
      },
      "location-before-char-start": 1271,
      "location-before-char-end": 1287,
      "node-str": ""
    },
    {
      "type": "delete-node",
      "node": {
        "label": "",
        "type": "VariableDeclarationStatement"
      },
      "location-before-char-start": 1264,
      "location-before-char-end": 1288,
      "node-str": ""
    },
    {
      "type": "delete-node",
      "node": {
        "label": "dv",
        "type": "SimpleName"
      },
      "location-before-char-start": 1295,
      "location-before-char-end": 1297,
      "node-str": "dv"
    },
    {
      "type": "delete-node",
      "node": {
        "label": "",
        "type": "METHOD_INVOCATION_RECEIVER"
      },
      "location-before-char-start": 1295,
      "location-before-char-end": 1297,
      "node-str": ""
    },
    {
      "type": "delete-node",
      "node": {
        "label": "drawing",
        "type": "SimpleName"
      },
      "location-before-char-start": 1298,
      "location-before-char-end": 1305,
      "node-str": "drawing"
    },
    {
      "type": "delete-node",
      "node": {
        "label": "",
        "type": "MethodInvocation"
      },
      "location-before-char-start": 1295,
      "location-before-char-end": 1307,
      "node-str": ""
    },
    {
      "type": "delete-node",
      "node": {
        "label": "",
        "type": "METHOD_INVOCATION_RECEIVER"
      },
      "location-before-char-start": 1295,
      "location-before-char-end": 1307,
      "node-str": ""
    },
    {
      "type": "delete-node",
      "node": {
        "label": "getTitle",
        "type": "SimpleName"
      },
      "location-before-char-start": 1308,
      "location-before-char-end": 1316,
      "node-str": "getTitle"
    },
    {
      "type": "delete-node",
      "node": {
        "label": "",
        "type": "MethodInvocation"
      },
      "location-before-char-start": 1295,
      "location-before-char-end": 1318,
      "node-str": ""
    },
    {
      "type": "delete-node",
      "node": {
        "label": "\u003d\u003d",
        "type": "INFIX_EXPRESSION_OPERATOR"
      },
      "location-before-char-start": 1319,
      "location-before-char-end": 1321,
      "node-str": "\u003d\u003d"
    },
    {
      "type": "delete-node",
      "node": {
        "label": "",
        "type": "NullLiteral"
      },
      "location-before-char-start": 1322,
      "location-before-char-end": 1326,
      "node-str": ""
    },
    {
      "type": "delete-node",
      "node": {
        "label": "",
        "type": "InfixExpression"
      },
      "location-before-char-start": 1295,
      "location-before-char-end": 1326,
      "node-str": ""
    },
    {
      "type": "delete-node",
      "node": {
        "label": "applicationTitle",
        "type": "SimpleName"
      },
      "location-before-char-start": 1333,
      "location-before-char-end": 1349,
      "node-str": "applicationTitle"
    },
    {
      "type": "delete-node",
      "node": {
        "label": "\u003d",
        "type": "ASSIGNMENT_OPERATOR"
      },
      "location-before-char-start": 1350,
      "location-before-char-end": 1351,
      "node-str": "\u003d"
    },
    {
      "type": "delete-node",
      "node": {
        "label": "getDrawApplication",
        "type": "SimpleName"
      },
      "location-before-char-start": 1352,
      "location-before-char-end": 1370,
      "node-str": "getDrawApplication"
    },
    {
      "type": "delete-node",
      "node": {
        "label": "",
        "type": "MethodInvocation"
      },
      "location-before-char-start": 1352,
      "location-before-char-end": 1372,
      "node-str": ""
    },
    {
      "type": "delete-node",
      "node": {
        "label": "",
        "type": "METHOD_INVOCATION_RECEIVER"
      },
      "location-before-char-start": 1352,
      "location-before-char-end": 1372,
      "node-str": ""
    },
    {
      "type": "delete-node",
      "node": {
        "label": "getApplicationName",
        "type": "SimpleName"
      },
      "location-before-char-start": 1373,
      "location-before-char-end": 1391,
      "node-str": "getApplicationName"
    },
    {
      "type": "delete-node",
      "node": {
        "label": "",
        "type": "MethodInvocation"
      },
      "location-before-char-start": 1352,
      "location-before-char-end": 1393,
      "node-str": ""
    },
    {
      "type": "delete-node",
      "node": {
        "label": "+",
        "type": "INFIX_EXPRESSION_OPERATOR"
      },
      "location-before-char-start": 1399,
      "location-before-char-end": 1400,
      "node-str": "+"
    },
    {
      "type": "delete-node",
      "node": {
        "label": "\" - \"",
        "type": "StringLiteral"
      },
      "location-before-char-start": 1401,
      "location-before-char-end": 1406,
      "node-str": "\" - \""
    },
    {
      "type": "delete-node",
      "node": {
        "label": "getDrawApplication",
        "type": "SimpleName"
      },
      "location-before-char-start": 1409,
      "location-before-char-end": 1427,
      "node-str": "getDrawApplication"
    },
    {
      "type": "delete-node",
      "node": {
        "label": "",
        "type": "MethodInvocation"
      },
      "location-before-char-start": 1409,
      "location-before-char-end": 1429,
      "node-str": ""
    },
    {
      "type": "delete-node",
      "node": {
        "label": "",
        "type": "METHOD_INVOCATION_RECEIVER"
      },
      "location-before-char-start": 1409,
      "location-before-char-end": 1429,
      "node-str": ""
    },
    {
      "type": "delete-node",
      "node": {
        "label": "getDefaultDrawingTitle",
        "type": "SimpleName"
      },
      "location-before-char-start": 1430,
      "location-before-char-end": 1452,
      "node-str": "getDefaultDrawingTitle"
    },
    {
      "type": "delete-node",
      "node": {
        "label": "",
        "type": "MethodInvocation"
      },
      "location-before-char-start": 1409,
      "location-before-char-end": 1454,
      "node-str": ""
    },
    {
      "type": "delete-node",
      "node": {
        "label": "",
        "type": "InfixExpression"
      },
      "location-before-char-start": 1352,
      "location-before-char-end": 1454,
      "node-str": ""
    },
    {
      "type": "delete-node",
      "node": {
        "label": "",
        "type": "Assignment"
      },
      "location-before-char-start": 1333,
      "location-before-char-end": 1454,
      "node-str": ""
    },
    {
      "type": "delete-node",
      "node": {
        "label": "",
        "type": "ExpressionStatement"
      },
      "location-before-char-start": 1333,
      "location-before-char-end": 1455,
      "node-str": ""
    },
    {
      "type": "delete-node",
      "node": {
        "label": "",
        "type": "Block"
      },
      "location-before-char-start": 1328,
      "location-before-char-end": 1459,
      "node-str": ""
    },
    {
      "type": "delete-node",
      "node": {
        "label": "applicationTitle",
        "type": "SimpleName"
      },
      "location-before-char-start": 1472,
      "location-before-char-end": 1488,
      "node-str": "applicationTitle"
    },
    {
      "type": "delete-node",
      "node": {
        "label": "\u003d",
        "type": "ASSIGNMENT_OPERATOR"
      },
      "location-before-char-start": 1489,
      "location-before-char-end": 1490,
      "node-str": "\u003d"
    },
    {
      "type": "delete-node",
      "node": {
        "label": "getDrawApplication",
        "type": "SimpleName"
      },
      "location-before-char-start": 1491,
      "location-before-char-end": 1509,
      "node-str": "getDrawApplication"
    },
    {
      "type": "delete-node",
      "node": {
        "label": "",
        "type": "MethodInvocation"
      },
      "location-before-char-start": 1491,
      "location-before-char-end": 1511,
      "node-str": ""
    },
    {
      "type": "delete-node",
      "node": {
        "label": "",
        "type": "METHOD_INVOCATION_RECEIVER"
      },
      "location-before-char-start": 1491,
      "location-before-char-end": 1511,
      "node-str": ""
    },
    {
      "type": "delete-node",
      "node": {
        "label": "getApplicationName",
        "type": "SimpleName"
      },
      "location-before-char-start": 1512,
      "location-before-char-end": 1530,
      "node-str": "getApplicationName"
    },
    {
      "type": "delete-node",
      "node": {
        "label": "",
        "type": "MethodInvocation"
      },
      "location-before-char-start": 1491,
      "location-before-char-end": 1532,
      "node-str": ""
    },
    {
      "type": "delete-node",
      "node": {
        "label": "+",
        "type": "INFIX_EXPRESSION_OPERATOR"
      },
      "location-before-char-start": 1533,
      "location-before-char-end": 1534,
      "node-str": "+"
    },
    {
      "type": "delete-node",
      "node": {
        "label": "\" - \"",
        "type": "StringLiteral"
      },
      "location-before-char-start": 1535,
      "location-before-char-end": 1540,
      "node-str": "\" - \""
    },
    {
      "type": "delete-node",
      "node": {
        "label": "dv",
        "type": "SimpleName"
      },
      "location-before-char-start": 1543,
      "location-before-char-end": 1545,
      "node-str": "dv"
    },
    {
      "type": "delete-node",
      "node": {
        "label": "",
        "type": "METHOD_INVOCATION_RECEIVER"
      },
      "location-before-char-start": 1543,
      "location-before-char-end": 1545,
      "node-str": ""
    },
    {
      "type": "delete-node",
      "node": {
        "label": "drawing",
        "type": "SimpleName"
      },
      "location-before-char-start": 1546,
      "location-before-char-end": 1553,
      "node-str": "drawing"
    },
    {
      "type": "delete-node",
      "node": {
        "label": "",
        "type": "MethodInvocation"
      },
      "location-before-char-start": 1543,
      "location-before-char-end": 1555,
      "node-str": ""
    },
    {
      "type": "delete-node",
      "node": {
        "label": "",
        "type": "METHOD_INVOCATION_RECEIVER"
      },
      "location-before-char-start": 1543,
      "location-before-char-end": 1555,
      "node-str": ""
    },
    {
      "type": "delete-node",
      "node": {
        "label": "getTitle",
        "type": "SimpleName"
      },
      "location-before-char-start": 1556,
      "location-before-char-end": 1564,
      "node-str": "getTitle"
    },
    {
      "type": "delete-node",
      "node": {
        "label": "",
        "type": "MethodInvocation"
      },
      "location-before-char-start": 1543,
      "location-before-char-end": 1566,
      "node-str": ""
    },
    {
      "type": "delete-node",
      "node": {
        "label": "",
        "type": "InfixExpression"
      },
      "location-before-char-start": 1491,
      "location-before-char-end": 1566,
      "node-str": ""
    },
    {
      "type": "delete-node",
      "node": {
        "label": "",
        "type": "Assignment"
      },
      "location-before-char-start": 1472,
      "location-before-char-end": 1566,
      "node-str": ""
    },
    {
      "type": "delete-node",
      "node": {
        "label": "",
        "type": "ExpressionStatement"
      },
      "location-before-char-start": 1472,
      "location-before-char-end": 1567,
      "node-str": ""
    },
    {
      "type": "delete-node",
      "node": {
        "label": "",
        "type": "Block"
      },
      "location-before-char-start": 1467,
      "location-before-char-end": 1571,
      "node-str": ""
    },
    {
      "type": "delete-node",
      "node": {
        "label": "",
        "type": "IfStatement"
      },
      "location-before-char-start": 1291,
      "location-before-char-end": 1571,
      "node-str": ""
    },
    {
      "type": "delete-node",
      "node": {
        "label": "sp",
        "type": "SimpleName"
      },
      "location-before-char-start": 1639,
      "location-before-char-end": 1641,
      "node-str": "sp"
    },
    {
      "type": "delete-node",
      "node": {
        "label": "",
        "type": "METHOD_INVOCATION_RECEIVER"
      },
      "location-before-char-start": 1639,
      "location-before-char-end": 1641,
      "node-str": ""
    },
    {
      "type": "delete-node",
      "node": {
        "label": "setName",
        "type": "SimpleName"
      },
      "location-before-char-start": 1642,
      "location-before-char-end": 1649,
      "node-str": "setName"
    },
    {
      "type": "delete-node",
      "node": {
        "label": "applicationTitle",
        "type": "SimpleName"
      },
      "location-before-char-start": 1650,
      "location-before-char-end": 1666,
      "node-str": "applicationTitle"
    },
    {
      "type": "delete-node",
      "node": {
        "label": "",
        "type": "METHOD_INVOCATION_ARGUMENTS"
      },
      "location-before-char-start": 1650,
      "location-before-char-end": 1666,
      "node-str": ""
    },
    {
      "type": "delete-node",
      "node": {
        "label": "",
        "type": "MethodInvocation"
      },
      "location-before-char-start": 1639,
      "location-before-char-end": 1667,
      "node-str": ""
    },
    {
      "type": "delete-node",
      "node": {
        "label": "",
        "type": "ExpressionStatement"
      },
      "location-before-char-start": 1639,
      "location-before-char-end": 1668,
      "node-str": ""
    },
    {
      "type": "delete-node",
      "node": {
        "label": "",
        "type": "Block"
      },
      "location-before-char-start": 1025,
      "location-before-char-end": 1684,
      "node-str": ""
    },
    {
      "type": "delete-node",
      "node": {
        "label": "",
        "type": "MethodDeclaration"
      },
      "location-before-char-start": 974,
      "location-before-char-end": 1684,
      "node-str": ""
    },
    {
      "type": "delete-node",
      "node": {
        "label": "private",
        "type": "Modifier"
      },
      "location-before-char-start": 2992,
      "location-before-char-end": 2999,
      "node-str": "private"
    },
    {
      "type": "delete-node",
      "node": {
        "label": "void",
        "type": "PrimitiveType"
      },
      "location-before-char-start": 3000,
      "location-before-char-end": 3004,
      "node-str": "void"
    },
    {
      "type": "delete-node",
      "node": {
        "label": "setDrawApplication",
        "type": "SimpleName"
      },
      "location-before-char-start": 3005,
      "location-before-char-end": 3023,
      "node-str": "setDrawApplication"
    },
    {
      "type": "delete-node",
      "node": {
        "label": "DrawApplication",
        "type": "SimpleName"
      },
      "location-before-char-start": 3024,
      "location-before-char-end": 3039,
      "node-str": "DrawApplication"
    },
    {
      "type": "delete-node",
      "node": {
        "label": "",
        "type": "SimpleType"
      },
      "location-before-char-start": 3024,
      "location-before-char-end": 3039,
      "node-str": ""
    },
    {
      "type": "delete-node",
      "node": {
        "label": "newDrawApplication",
        "type": "SimpleName"
      },
      "location-before-char-start": 3040,
      "location-before-char-end": 3058,
      "node-str": "newDrawApplication"
    },
    {
      "type": "delete-node",
      "node": {
        "label": "",
        "type": "SingleVariableDeclaration"
      },
      "location-before-char-start": 3024,
      "location-before-char-end": 3058,
      "node-str": ""
    },
    {
      "type": "delete-node",
      "node": {
        "label": "myDrawApplication",
        "type": "SimpleName"
      },
      "location-before-char-start": 3064,
      "location-before-char-end": 3081,
      "node-str": "myDrawApplication"
    },
    {
      "type": "delete-node",
      "node": {
        "label": "\u003d",
        "type": "ASSIGNMENT_OPERATOR"
      },
      "location-before-char-start": 3082,
      "location-before-char-end": 3083,
      "node-str": "\u003d"
    },
    {
      "type": "delete-node",
      "node": {
        "label": "newDrawApplication",
        "type": "SimpleName"
      },
      "location-before-char-start": 3084,
      "location-before-char-end": 3102,
      "node-str": "newDrawApplication"
    },
    {
      "type": "delete-node",
      "node": {
        "label": "",
        "type": "Assignment"
      },
      "location-before-char-start": 3064,
      "location-before-char-end": 3102,
      "node-str": ""
    },
    {
      "type": "delete-node",
      "node": {
        "label": "",
        "type": "ExpressionStatement"
      },
      "location-before-char-start": 3064,
      "location-before-char-end": 3103,
      "node-str": ""
    },
    {
      "type": "delete-node",
      "node": {
        "label": "",
        "type": "Block"
      },
      "location-before-char-start": 3060,
      "location-before-char-end": 3106,
      "node-str": ""
    },
    {
      "type": "delete-node",
      "node": {
        "label": "",
        "type": "MethodDeclaration"
      },
      "location-before-char-start": 2992,
      "location-before-char-end": 3106,
      "node-str": ""
    },
    {
      "type": "delete-node",
      "node": {
        "label": "protected",
        "type": "Modifier"
      },
      "location-before-char-start": 3109,
      "location-before-char-end": 3118,
      "node-str": "protected"
    },
    {
      "type": "delete-node",
      "node": {
        "label": "DrawApplication",
        "type": "SimpleName"
      },
      "location-before-char-start": 3119,
      "location-before-char-end": 3134,
      "node-str": "DrawApplication"
    },
    {
      "type": "delete-node",
      "node": {
        "label": "",
        "type": "SimpleType"
      },
      "location-before-char-start": 3119,
      "location-before-char-end": 3134,
      "node-str": ""
    },
    {
      "type": "delete-node",
      "node": {
        "label": "getDrawApplication",
        "type": "SimpleName"
      },
      "location-before-char-start": 3135,
      "location-before-char-end": 3153,
      "node-str": "getDrawApplication"
    },
    {
      "type": "delete-node",
      "node": {
        "label": "myDrawApplication",
        "type": "SimpleName"
      },
      "location-before-char-start": 3167,
      "location-before-char-end": 3184,
      "node-str": "myDrawApplication"
    },
    {
      "type": "delete-node",
      "node": {
        "label": "",
        "type": "ReturnStatement"
      },
      "location-before-char-start": 3160,
      "location-before-char-end": 3185,
      "node-str": ""
    },
    {
      "type": "delete-node",
      "node": {
        "label": "",
        "type": "Block"
      },
      "location-before-char-start": 3156,
      "location-before-char-end": 3188,
      "node-str": ""
    },
    {
      "type": "delete-node",
      "node": {
        "label": "",
        "type": "MethodDeclaration"
      },
      "location-before-char-start": 3109,
      "location-before-char-end": 3188,
      "node-str": ""
    },
    {
      "type": "delete-node",
      "node": {
        "label": "public",
        "type": "Modifier"
      },
      "location-before-char-start": 3191,
      "location-before-char-end": 3197,
      "node-str": "public"
    },
    {
      "type": "delete-node",
      "node": {
        "label": "void",
        "type": "PrimitiveType"
      },
      "location-before-char-start": 3198,
      "location-before-char-end": 3202,
      "node-str": "void"
    },
    {
      "type": "delete-node",
      "node": {
        "label": "updateTitle",
        "type": "SimpleName"
      },
      "location-before-char-start": 3203,
      "location-before-char-end": 3214,
      "node-str": "updateTitle"
    },
    {
      "type": "delete-node",
      "node": {
        "label": "",
        "type": "MethodDeclaration"
      },
      "location-before-char-start": 3191,
      "location-before-char-end": 3336,
      "node-str": ""
    }
  ],
  "before-file": {},
  "after-file": {},
  "mapping": {}
}