{
  "tool-info": {},
  "diff": [
    {
      "type": "insert-node",
      "node": {
        "label": "",
        "type": "ImportDeclaration"
      },
      "location-after-char-start": 884,
      "location-after-char-end": 935,
      "node-str": ""
    },
    {
      "type": "insert-node",
      "node": {
        "label": "",
        "type": "ImportDeclaration"
      },
      "location-after-char-start": 969,
      "location-after-char-end": 1003,
      "node-str": ""
    },
    {
      "type": "insert-node",
      "node": {
        "label": "java.lang.reflect.InvocationTargetException",
        "type": "QualifiedName"
      },
      "location-after-char-start": 891,
      "location-after-char-end": 934,
      "node-str": "java.lang.reflect.InvocationTargetException"
    },
    {
      "type": "insert-node",
      "node": {
        "label": "javax.swing.SwingUtilities",
        "type": "QualifiedName"
      },
      "location-after-char-start": 976,
      "location-after-char-end": 1002,
      "node-str": "javax.swing.SwingUtilities"
    },
    {
      "type": "insert-node",
      "node": {
        "label": "",
        "type": "MethodDeclaration"
      },
      "location-after-char-start": 1467,
      "location-after-char-end": 2224,
      "node-str": ""
    },
    {
      "type": "insert-node",
      "node": {
        "label": "",
        "type": "MethodDeclaration"
      },
      "location-after-char-start": 2227,
      "location-after-char-end": 2870,
      "node-str": ""
    },
    {
      "type": "insert-node",
      "node": {
        "label": "",
        "type": "MethodDeclaration"
      },
      "location-after-char-start": 2924,
      "location-after-char-end": 4079,
      "node-str": ""
    },
    {
      "type": "update-node",
      "node": {
        "label": "public",
        "type": "Modifier"
      },
      "location-before-char-start": 1432,
      "location-before-char-end": 1438,
      "location-after-char-start": 1467,
      "location-after-char-end": 1474,
      "node-str": "private"
    },
    {
      "type": "move-subtree",
      "node": {
        "label": "public",
        "type": "Modifier"
      },
      "location-before-char-start": 1432,
      "location-before-char-end": 1438,
      "location-after-char-start": 1467,
      "location-after-char-end": 1474,
      "node-str": "private"
    },
    {
      "type": "insert-node",
      "node": {
        "label": "",
        "type": "SimpleType"
      },
      "location-after-char-start": 1475,
      "location-after-char-end": 1479,
      "node-str": ""
    },
    {
      "type": "insert-node",
      "node": {
        "label": "writeToFile",
        "type": "SimpleName"
      },
      "location-after-char-start": 1480,
      "location-after-char-end": 1491,
      "node-str": "writeToFile"
    },
    {
      "type": "move-subtree",
      "node": {
        "label": "",
        "type": "SingleVariableDeclaration"
      },
      "location-before-char-start": 1467,
      "location-before-char-end": 1500,
      "location-after-char-start": 1492,
      "location-after-char-end": 1537,
      "node-str": ""
    },
    {
      "type": "insert-node",
      "node": {
        "label": "",
        "type": "Block"
      },
      "location-after-char-start": 1539,
      "location-after-char-end": 2224,
      "node-str": ""
    },
    {
      "type": "insert-node",
      "node": {
        "label": "private",
        "type": "Modifier"
      },
      "location-after-char-start": 2227,
      "location-after-char-end": 2234,
      "node-str": "private"
    },
    {
      "type": "move-subtree",
      "node": {
        "label": "",
        "type": "SimpleType"
      },
      "location-before-char-start": 2492,
      "location-before-char-end": 2496,
      "location-after-char-start": 2235,
      "location-after-char-end": 2241,
      "node-str": ""
    },
    {
      "type": "update-node",
      "node": {
        "label": "OldFont",
        "type": "SimpleName"
      },
      "location-before-char-start": 2497,
      "location-before-char-end": 2504,
      "location-after-char-start": 2242,
      "location-after-char-end": 2254,
      "node-str": "readFromFile"
    },
    {
      "type": "move-subtree",
      "node": {
        "label": "OldFont",
        "type": "SimpleName"
      },
      "location-before-char-start": 2497,
      "location-before-char-end": 2504,
      "location-after-char-start": 2242,
      "location-after-char-end": 2254,
      "node-str": "readFromFile"
    },
    {
      "type": "insert-node",
      "node": {
        "label": "",
        "type": "SingleVariableDeclaration"
      },
      "location-after-char-start": 2255,
      "location-after-char-end": 2267,
      "node-str": ""
    },
    {
      "type": "insert-node",
      "node": {
        "label": "",
        "type": "Block"
      },
      "location-after-char-start": 2269,
      "location-after-char-end": 2870,
      "node-str": ""
    },
    {
      "type": "insert-node",
      "node": {
        "label": "public",
        "type": "Modifier"
      },
      "location-after-char-start": 2924,
      "location-after-char-end": 2930,
      "node-str": "public"
    },
    {
      "type": "insert-node",
      "node": {
        "label": "boolean",
        "type": "PrimitiveType"
      },
      "location-after-char-start": 2931,
      "location-after-char-end": 2938,
      "node-str": "boolean"
    },
    {
      "type": "insert-node",
      "node": {
        "label": "startExternalEditor",
        "type": "SimpleName"
      },
      "location-after-char-start": 2939,
      "location-after-char-end": 2958,
      "node-str": "startExternalEditor"
    },
    {
      "type": "insert-node",
      "node": {
        "label": "",
        "type": "SingleVariableDeclaration"
      },
      "location-after-char-start": 2963,
      "location-after-char-end": 3008,
      "node-str": ""
    },
    {
      "type": "insert-node",
      "node": {
        "label": "",
        "type": "SimpleType"
      },
      "location-after-char-start": 3017,
      "location-after-char-end": 3028,
      "node-str": ""
    },
    {
      "type": "insert-node",
      "node": {
        "label": "",
        "type": "Block"
      },
      "location-after-char-start": 3029,
      "location-after-char-end": 4079,
      "node-str": ""
    },
    {
      "type": "update-node",
      "node": {
        "label": "startExternalEditor",
        "type": "SimpleName"
      },
      "location-before-char-start": 1447,
      "location-before-char-end": 1466,
      "location-after-char-start": 1475,
      "location-after-char-end": 1479,
      "node-str": "File"
    },
    {
      "type": "move-subtree",
      "node": {
        "label": "startExternalEditor",
        "type": "SimpleName"
      },
      "location-before-char-start": 1447,
      "location-before-char-end": 1466,
      "location-after-char-start": 1475,
      "location-after-char-end": 1479,
      "node-str": "File"
    },
    {
      "type": "insert-node",
      "node": {
        "label": "final",
        "type": "Modifier"
      },
      "location-after-char-start": 1492,
      "location-after-char-end": 1497,
      "node-str": "final"
    },
    {
      "type": "update-node",
      "node": {
        "label": "EditCtrl",
        "type": "SimpleName"
      },
      "location-before-char-start": 1492,
      "location-before-char-end": 1500,
      "location-after-char-start": 1523,
      "location-after-char-end": 1537,
      "node-str": "editController"
    },
    {
      "type": "move-subtree",
      "node": {
        "label": "",
        "type": "VariableDeclarationStatement"
      },
      "location-before-char-start": 1725,
      "location-before-char-end": 1779,
      "location-after-char-start": 1543,
      "location-after-char-end": 1597,
      "node-str": ""
    },
    {
      "type": "move-subtree",
      "node": {
        "label": "",
        "type": "VariableDeclarationStatement"
      },
      "location-before-char-start": 1782,
      "location-before-char-end": 1851,
      "location-after-char-start": 1600,
      "location-after-char-end": 1661,
      "node-str": ""
    },
    {
      "type": "move-subtree",
      "node": {
        "label": "",
        "type": "VariableDeclarationStatement"
      },
      "location-before-char-start": 1854,
      "location-before-char-end": 1868,
      "location-after-char-start": 1664,
      "location-after-char-end": 1678,
      "node-str": ""
    },
    {
      "type": "move-subtree",
      "node": {
        "label": "",
        "type": "TryStatement"
      },
      "location-before-char-start": 1889,
      "location-before-char-end": 2107,
      "location-after-char-start": 1682,
      "location-after-char-end": 1898,
      "node-str": ""
    },
    {
      "type": "move-subtree",
      "node": {
        "label": "",
        "type": "TryStatement"
      },
      "location-before-char-start": 2111,
      "location-before-char-end": 2449,
      "location-after-char-start": 1902,
      "location-after-char-end": 2201,
      "node-str": ""
    },
    {
      "type": "insert-node",
      "node": {
        "label": "",
        "type": "ReturnStatement"
      },
      "location-after-char-start": 2205,
      "location-after-char-end": 2220,
      "node-str": ""
    },
    {
      "type": "update-node",
      "node": {
        "label": "Font",
        "type": "SimpleName"
      },
      "location-before-char-start": 2492,
      "location-before-char-end": 2496,
      "location-after-char-start": 2235,
      "location-after-char-end": 2241,
      "node-str": "String"
    },
    {
      "type": "insert-node",
      "node": {
        "label": "",
        "type": "SimpleType"
      },
      "location-after-char-start": 2255,
      "location-after-char-end": 2259,
      "node-str": ""
    },
    {
      "type": "update-node",
      "node": {
        "label": "getViewFont",
        "type": "SimpleName"
      },
      "location-before-char-start": 2516,
      "location-before-char-end": 2527,
      "location-after-char-start": 2260,
      "location-after-char-end": 2267,
      "node-str": "tmpFile"
    },
    {
      "type": "move-subtree",
      "node": {
        "label": "getViewFont",
        "type": "SimpleName"
      },
      "location-before-char-start": 2516,
      "location-before-char-end": 2527,
      "location-after-char-start": 2260,
      "location-after-char-end": 2267,
      "node-str": "tmpFile"
    },
    {
      "type": "move-subtree",
      "node": {
        "label": "",
        "type": "VariableDeclarationStatement"
      },
      "location-before-char-start": 1871,
      "location-before-char-end": 1885,
      "location-after-char-start": 2273,
      "location-after-char-end": 2287,
      "node-str": ""
    },
    {
      "type": "move-subtree",
      "node": {
        "label": "",
        "type": "TryStatement"
      },
      "location-before-char-start": 3119,
      "location-before-char-end": 3345,
      "location-after-char-start": 2290,
      "location-after-char-end": 2512,
      "node-str": ""
    },
    {
      "type": "move-subtree",
      "node": {
        "label": "",
        "type": "VariableDeclarationStatement"
      },
      "location-before-char-start": 3383,
      "location-before-char-end": 3411,
      "location-after-char-start": 2516,
      "location-after-char-end": 2544,
      "node-str": ""
    },
    {
      "type": "move-subtree",
      "node": {
        "label": "",
        "type": "VariableDeclarationStatement"
      },
      "location-before-char-start": 3414,
      "location-before-char-end": 3420,
      "location-after-char-start": 2547,
      "location-after-char-end": 2553,
      "node-str": ""
    },
    {
      "type": "move-subtree",
      "node": {
        "label": "",
        "type": "VariableDeclarationStatement"
      },
      "location-before-char-start": 3423,
      "location-before-char-end": 3443,
      "location-after-char-start": 2556,
      "location-after-char-end": 2576,
      "node-str": ""
    },
    {
      "type": "move-subtree",
      "node": {
        "label": "",
        "type": "TryStatement"
      },
      "location-before-char-start": 3447,
      "location-before-char-end": 3837,
      "location-after-char-start": 2580,
      "location-after-char-end": 2848,
      "node-str": ""
    },
    {
      "type": "insert-node",
      "node": {
        "label": "",
        "type": "ReturnStatement"
      },
      "location-after-char-start": 2852,
      "location-after-char-end": 2867,
      "node-str": ""
    },
    {
      "type": "insert-node",
      "node": {
        "label": "final",
        "type": "Modifier"
      },
      "location-after-char-start": 2963,
      "location-after-char-end": 2968,
      "node-str": "final"
    },
    {
      "type": "insert-node",
      "node": {
        "label": "",
        "type": "SimpleType"
      },
      "location-after-char-start": 2969,
      "location-after-char-end": 2993,
      "node-str": ""
    },
    {
      "type": "insert-node",
      "node": {
        "label": "editController",
        "type": "SimpleName"
      },
      "location-after-char-start": 2994,
      "location-after-char-end": 3008,
      "node-str": "editController"
    },
    {
      "type": "insert-node",
      "node": {
        "label": "IOException",
        "type": "SimpleName"
      },
      "location-after-char-start": 3017,
      "location-after-char-end": 3028,
      "node-str": "IOException"
    },
    {
      "type": "insert-node",
      "node": {
        "label": "",
        "type": "VariableDeclarationStatement"
      },
      "location-after-char-start": 3258,
      "location-after-char-end": 3301,
      "node-str": ""
    },
    {
      "type": "insert-node",
      "node": {
        "label": "",
        "type": "VariableDeclarationStatement"
      },
      "location-after-char-start": 3339,
      "location-after-char-end": 3389,
      "node-str": ""
    },
    {
      "type": "move-subtree",
      "node": {
        "label": "",
        "type": "VariableDeclarationStatement"
      },
      "location-before-char-start": 2692,
      "location-before-char-end": 2733,
      "location-after-char-start": 3456,
      "location-after-char-end": 3497,
      "node-str": ""
    },
    {
      "type": "move-subtree",
      "node": {
        "label": "",
        "type": "ExpressionStatement"
      },
      "location-before-char-start": 2736,
      "location-before-char-end": 2763,
      "location-after-char-start": 3500,
      "location-after-char-end": 3527,
      "node-str": ""
    },
    {
      "type": "insert-node",
      "node": {
        "label": "",
        "type": "ExpressionStatement"
      },
      "location-after-char-start": 3530,
      "location-after-char-end": 3563,
      "node-str": ""
    },
    {
      "type": "move-subtree",
      "node": {
        "label": "",
        "type": "ExpressionStatement"
      },
      "location-before-char-start": 2848,
      "location-before-char-end": 2950,
      "location-after-char-start": 3566,
      "location-after-char-end": 3674,
      "node-str": ""
    },
    {
      "type": "move-subtree",
      "node": {
        "label": "",
        "type": "ExpressionStatement"
      },
      "location-before-char-start": 2998,
      "location-before-char-end": 3048,
      "location-after-char-start": 3722,
      "location-after-char-end": 3772,
      "node-str": ""
    },
    {
      "type": "insert-node",
      "node": {
        "label": "",
        "type": "VariableDeclarationStatement"
      },
      "location-after-char-start": 3889,
      "location-after-char-end": 3934,
      "node-str": ""
    },
    {
      "type": "insert-node",
      "node": {
        "label": "",
        "type": "ExpressionStatement"
      },
      "location-after-char-start": 3967,
      "location-after-char-end": 4003,
      "node-str": ""
    },
    {
      "type": "move-subtree",
      "node": {
        "label": "",
        "type": "ExpressionStatement"
      },
      "location-before-char-start": 3961,
      "location-before-char-end": 3991,
      "location-after-char-start": 4024,
      "location-after-char-end": 4060,
      "node-str": ""
    },
    {
      "type": "move-subtree",
      "node": {
        "label": "",
        "type": "ReturnStatement"
      },
      "location-before-char-start": 3995,
      "location-before-char-end": 4007,
      "location-after-char-start": 4064,
      "location-after-char-end": 4076,
      "node-str": ""
    },
    {
      "type": "insert-node",
      "node": {
        "label": "tmpFile",
        "type": "SimpleName"
      },
      "location-after-char-start": 2212,
      "location-after-char-end": 2219,
      "node-str": "tmpFile"
    },
    {
      "type": "update-node",
      "node": {
        "label": "EditCtrl",
        "type": "SimpleName"
      },
      "location-before-char-start": 2507,
      "location-before-char-end": 2515,
      "location-after-char-start": 2255,
      "location-after-char-end": 2259,
      "node-str": "File"
    },
    {
      "type": "move-subtree",
      "node": {
        "label": "EditCtrl",
        "type": "SimpleName"
      },
      "location-before-char-start": 2507,
      "location-before-char-end": 2515,
      "location-after-char-start": 2255,
      "location-after-char-end": 2259,
      "node-str": "File"
    },
    {
      "type": "move-subtree",
      "node": {
        "label": "",
        "type": "CatchClause"
      },
      "location-before-char-start": 3664,
      "location-before-char-end": 3837,
      "location-after-char-start": 2333,
      "location-after-char-end": 2512,
      "node-str": ""
    },
    {
      "type": "move-subtree",
      "node": {
        "label": "",
        "type": "Block"
      },
      "location-before-char-start": 3488,
      "location-before-char-end": 3643,
      "location-after-char-start": 2584,
      "location-after-char-end": 2678,
      "node-str": ""
    },
    {
      "type": "move-subtree",
      "node": {
        "label": "",
        "type": "CatchClause"
      },
      "location-before-char-start": 3162,
      "location-before-char-end": 3345,
      "location-after-char-start": 2679,
      "location-after-char-end": 2848,
      "node-str": ""
    },
    {
      "type": "insert-node",
      "node": {
        "label": "message",
        "type": "SimpleName"
      },
      "location-after-char-start": 2859,
      "location-after-char-end": 2866,
      "node-str": "message"
    },
    {
      "type": "insert-node",
      "node": {
        "label": "AbstractEditorController",
        "type": "SimpleName"
      },
      "location-after-char-start": 2969,
      "location-after-char-end": 2993,
      "node-str": "AbstractEditorController"
    },
    {
      "type": "insert-node",
      "node": {
        "label": "",
        "type": "SimpleType"
      },
      "location-after-char-start": 3258,
      "location-after-char-end": 3262,
      "node-str": ""
    },
    {
      "type": "insert-node",
      "node": {
        "label": "",
        "type": "VariableDeclarationFragment"
      },
      "location-after-char-start": 3263,
      "location-after-char-end": 3300,
      "node-str": ""
    },
    {
      "type": "insert-node",
      "node": {
        "label": "final",
        "type": "Modifier"
      },
      "location-after-char-start": 3339,
      "location-after-char-end": 3344,
      "node-str": "final"
    },
    {
      "type": "insert-node",
      "node": {
        "label": "",
        "type": "SimpleType"
      },
      "location-after-char-start": 3345,
      "location-after-char-end": 3349,
      "node-str": ""
    },
    {
      "type": "insert-node",
      "node": {
        "label": "",
        "type": "VariableDeclarationFragment"
      },
      "location-after-char-start": 3350,
      "location-after-char-end": 3388,
      "node-str": ""
    },
    {
      "type": "insert-node",
      "node": {
        "label": "",
        "type": "MethodInvocation"
      },
      "location-after-char-start": 3530,
      "location-after-char-end": 3562,
      "node-str": ""
    },
    {
      "type": "insert-node",
      "node": {
        "label": "final",
        "type": "Modifier"
      },
      "location-after-char-start": 3889,
      "location-after-char-end": 3894,
      "node-str": "final"
    },
    {
      "type": "insert-node",
      "node": {
        "label": "",
        "type": "SimpleType"
      },
      "location-after-char-start": 3895,
      "location-after-char-end": 3901,
      "node-str": ""
    },
    {
      "type": "insert-node",
      "node": {
        "label": "",
        "type": "VariableDeclarationFragment"
      },
      "location-after-char-start": 3902,
      "location-after-char-end": 3933,
      "node-str": ""
    },
    {
      "type": "insert-node",
      "node": {
        "label": "",
        "type": "MethodInvocation"
      },
      "location-after-char-start": 3967,
      "location-after-char-end": 4002,
      "node-str": ""
    },
    {
      "type": "move-subtree",
      "node": {
        "label": "",
        "type": "WhileStatement"
      },
      "location-before-char-start": 3456,
      "location-before-char-end": 3643,
      "location-after-char-start": 2589,
      "location-after-char-end": 2658,
      "node-str": ""
    },
    {
      "type": "move-subtree",
      "node": {
        "label": "",
        "type": "ExpressionStatement"
      },
      "location-before-char-start": 3648,
      "location-before-char-end": 3659,
      "location-after-char-start": 2663,
      "location-after-char-end": 2674,
      "node-str": ""
    },
    {
      "type": "insert-node",
      "node": {
        "label": "File",
        "type": "SimpleName"
      },
      "location-after-char-start": 3258,
      "location-after-char-end": 3262,
      "node-str": "File"
    },
    {
      "type": "insert-node",
      "node": {
        "label": "tmpFile",
        "type": "SimpleName"
      },
      "location-after-char-start": 3263,
      "location-after-char-end": 3270,
      "node-str": "tmpFile"
    },
    {
      "type": "insert-node",
      "node": {
        "label": "",
        "type": "MethodInvocation"
      },
      "location-after-char-start": 3273,
      "location-after-char-end": 3300,
      "node-str": ""
    },
    {
      "type": "insert-node",
      "node": {
        "label": "Font",
        "type": "SimpleName"
      },
      "location-after-char-start": 3345,
      "location-after-char-end": 3349,
      "node-str": "Font"
    },
    {
      "type": "insert-node",
      "node": {
        "label": "OldFont",
        "type": "SimpleName"
      },
      "location-after-char-start": 3350,
      "location-after-char-end": 3357,
      "node-str": "OldFont"
    },
    {
      "type": "insert-node",
      "node": {
        "label": "",
        "type": "MethodInvocation"
      },
      "location-after-char-start": 3360,
      "location-after-char-end": 3388,
      "node-str": ""
    },
    {
      "type": "insert-node",
      "node": {
        "label": "",
        "type": "METHOD_INVOCATION_RECEIVER"
      },
      "location-after-char-start": 3530,
      "location-after-char-end": 3544,
      "node-str": ""
    },
    {
      "type": "insert-node",
      "node": {
        "label": "setViewFont",
        "type": "SimpleName"
      },
      "location-after-char-start": 3545,
      "location-after-char-end": 3556,
      "node-str": "setViewFont"
    },
    {
      "type": "insert-node",
      "node": {
        "label": "",
        "type": "METHOD_INVOCATION_ARGUMENTS"
      },
      "location-after-char-start": 3557,
      "location-after-char-end": 3561,
      "node-str": ""
    },
    {
      "type": "insert-node",
      "node": {
        "label": "String",
        "type": "SimpleName"
      },
      "location-after-char-start": 3895,
      "location-after-char-end": 3901,
      "node-str": "String"
    },
    {
      "type": "insert-node",
      "node": {
        "label": "message",
        "type": "SimpleName"
      },
      "location-after-char-start": 3902,
      "location-after-char-end": 3909,
      "node-str": "message"
    },
    {
      "type": "insert-node",
      "node": {
        "label": "",
        "type": "MethodInvocation"
      },
      "location-after-char-start": 3912,
      "location-after-char-end": 3933,
      "node-str": ""
    },
    {
      "type": "insert-node",
      "node": {
        "label": "",
        "type": "METHOD_INVOCATION_RECEIVER"
      },
      "location-after-char-start": 3967,
      "location-after-char-end": 3981,
      "node-str": ""
    },
    {
      "type": "insert-node",
      "node": {
        "label": "setViewFont",
        "type": "SimpleName"
      },
      "location-after-char-start": 3982,
      "location-after-char-end": 3993,
      "node-str": "setViewFont"
    },
    {
      "type": "insert-node",
      "node": {
        "label": "",
        "type": "METHOD_INVOCATION_ARGUMENTS"
      },
      "location-after-char-start": 3994,
      "location-after-char-end": 4001,
      "node-str": ""
    },
    {
      "type": "move-subtree",
      "node": {
        "label": "",
        "type": "ExpressionStatement"
      },
      "location-before-char-start": 2216,
      "location-before-char-end": 2228,
      "location-after-char-start": 1975,
      "location-after-char-end": 1987,
      "node-str": ""
    },
    {
      "type": "move-subtree",
      "node": {
        "label": "",
        "type": "ExpressionStatement"
      },
      "location-before-char-start": 3556,
      "location-before-char-end": 3589,
      "location-after-char-start": 2625,
      "location-after-char-end": 2658,
      "node-str": ""
    },
    {
      "type": "insert-node",
      "node": {
        "label": "writeToFile",
        "type": "SimpleName"
      },
      "location-after-char-start": 3273,
      "location-after-char-end": 3284,
      "node-str": "writeToFile"
    },
    {
      "type": "insert-node",
      "node": {
        "label": "",
        "type": "METHOD_INVOCATION_ARGUMENTS"
      },
      "location-after-char-start": 3285,
      "location-after-char-end": 3299,
      "node-str": ""
    },
    {
      "type": "insert-node",
      "node": {
        "label": "",
        "type": "METHOD_INVOCATION_RECEIVER"
      },
      "location-after-char-start": 3360,
      "location-after-char-end": 3374,
      "node-str": ""
    },
    {
      "type": "insert-node",
      "node": {
        "label": "getViewFont",
        "type": "SimpleName"
      },
      "location-after-char-start": 3375,
      "location-after-char-end": 3386,
      "node-str": "getViewFont"
    },
    {
      "type": "insert-node",
      "node": {
        "label": "editController",
        "type": "SimpleName"
      },
      "location-after-char-start": 3530,
      "location-after-char-end": 3544,
      "node-str": "editController"
    },
    {
      "type": "insert-node",
      "node": {
        "label": "font",
        "type": "SimpleName"
      },
      "location-after-char-start": 3557,
      "location-after-char-end": 3561,
      "node-str": "font"
    },
    {
      "type": "update-node",
      "node": {
        "label": "EditCtrl",
        "type": "SimpleName"
      },
      "location-before-char-start": 2848,
      "location-before-char-end": 2856,
      "location-after-char-start": 3566,
      "location-after-char-end": 3580,
      "node-str": "editController"
    },
    {
      "type": "insert-node",
      "node": {
        "label": "readFromFile",
        "type": "SimpleName"
      },
      "location-after-char-start": 3912,
      "location-after-char-end": 3924,
      "node-str": "readFromFile"
    },
    {
      "type": "insert-node",
      "node": {
        "label": "",
        "type": "METHOD_INVOCATION_ARGUMENTS"
      },
      "location-after-char-start": 3925,
      "location-after-char-end": 3932,
      "node-str": ""
    },
    {
      "type": "insert-node",
      "node": {
        "label": "editController",
        "type": "SimpleName"
      },
      "location-after-char-start": 3967,
      "location-after-char-end": 3981,
      "node-str": "editController"
    },
    {
      "type": "insert-node",
      "node": {
        "label": "OldFont",
        "type": "SimpleName"
      },
      "location-after-char-start": 3994,
      "location-after-char-end": 4001,
      "node-str": "OldFont"
    },
    {
      "type": "update-node",
      "node": {
        "label": "EditCtrl",
        "type": "SimpleName"
      },
      "location-before-char-start": 3961,
      "location-before-char-end": 3969,
      "location-after-char-start": 4024,
      "location-after-char-end": 4038,
      "node-str": "editController"
    },
    {
      "type": "update-node",
      "node": {
        "label": "\"extern_edit\"",
        "type": "StringLiteral"
      },
      "location-before-char-start": 1836,
      "location-before-char-end": 1849,
      "location-after-char-start": 1654,
      "location-after-char-end": 1659,
      "node-str": "\"txt\""
    },
    {
      "type": "insert-node",
      "node": {
        "label": "",
        "type": "NullLiteral"
      },
      "location-after-char-start": 1889,
      "location-after-char-end": 1893,
      "node-str": ""
    },
    {
      "type": "insert-node",
      "node": {
        "label": "",
        "type": "NullLiteral"
      },
      "location-after-char-start": 2192,
      "location-after-char-end": 2196,
      "node-str": ""
    },
    {
      "type": "update-node",
      "node": {
        "label": "java.io.IOException",
        "type": "QualifiedName"
      },
      "location-before-char-start": 3671,
      "location-before-char-end": 3690,
      "location-after-char-start": 2340,
      "location-after-char-end": 2369,
      "node-str": "java.io.FileNotFoundException"
    },
    {
      "type": "insert-node",
      "node": {
        "label": "\"\"",
        "type": "StringLiteral"
      },
      "location-after-char-start": 2505,
      "location-after-char-end": 2507,
      "node-str": "\"\""
    },
    {
      "type": "update-node",
      "node": {
        "label": "java.io.FileNotFoundException",
        "type": "QualifiedName"
      },
      "location-before-char-start": 3169,
      "location-before-char-end": 3198,
      "location-after-char-start": 2686,
      "location-after-char-end": 2705,
      "node-str": "java.io.IOException"
    },
    {
      "type": "insert-node",
      "node": {
        "label": "\"\"",
        "type": "StringLiteral"
      },
      "location-after-char-start": 2841,
      "location-after-char-end": 2843,
      "node-str": "\"\""
    },
    {
      "type": "insert-node",
      "node": {
        "label": "editController",
        "type": "SimpleName"
      },
      "location-after-char-start": 3285,
      "location-after-char-end": 3299,
      "node-str": "editController"
    },
    {
      "type": "insert-node",
      "node": {
        "label": "editController",
        "type": "SimpleName"
      },
      "location-after-char-start": 3360,
      "location-after-char-end": 3374,
      "node-str": "editController"
    },
    {
      "type": "insert-node",
      "node": {
        "label": "tmpFile",
        "type": "SimpleName"
      },
      "location-after-char-start": 3925,
      "location-after-char-end": 3932,
      "node-str": "tmpFile"
    },
    {
      "type": "update-node",
      "node": {
        "label": "EditCtrl",
        "type": "SimpleName"
      },
      "location-before-char-start": 2167,
      "location-before-char-end": 2175,
      "location-after-char-start": 1923,
      "location-after-char-end": 1937,
      "node-str": "editController"
    },
    {
      "type": "delete-node",
      "node": {
        "label": "false",
        "type": "BooleanLiteral"
      },
      "location-before-char-start": 2097,
      "location-before-char-end": 2102,
      "node-str": "false"
    },
    {
      "type": "delete-node",
      "node": {
        "label": "",
        "type": "Block"
      },
      "location-before-char-start": 2210,
      "location-before-char-end": 2233,
      "node-str": ""
    },
    {
      "type": "delete-node",
      "node": {
        "label": "false",
        "type": "BooleanLiteral"
      },
      "location-before-char-start": 2439,
      "location-before-char-end": 2444,
      "node-str": "false"
    },
    {
      "type": "delete-node",
      "node": {
        "label": "false",
        "type": "BooleanLiteral"
      },
      "location-before-char-start": 3827,
      "location-before-char-end": 3832,
      "node-str": "false"
    },
    {
      "type": "delete-node",
      "node": {
        "label": "false",
        "type": "BooleanLiteral"
      },
      "location-before-char-start": 3335,
      "location-before-char-end": 3340,
      "node-str": "false"
    },
    {
      "type": "delete-node",
      "node": {
        "label": "",
        "type": "Block"
      },
      "location-before-char-start": 3451,
      "location-before-char-end": 3663,
      "node-str": ""
    },
    {
      "type": "delete-node",
      "node": {
        "label": "boolean",
        "type": "PrimitiveType"
      },
      "location-before-char-start": 1439,
      "location-before-char-end": 1446,
      "node-str": "boolean"
    },
    {
      "type": "delete-node",
      "node": {
        "label": "IOException",
        "type": "SimpleName"
      },
      "location-before-char-start": 1509,
      "location-before-char-end": 1520,
      "node-str": "IOException"
    },
    {
      "type": "delete-node",
      "node": {
        "label": "",
        "type": "SimpleType"
      },
      "location-before-char-start": 1509,
      "location-before-char-end": 1520,
      "node-str": ""
    },
    {
      "type": "delete-node",
      "node": {
        "label": "",
        "type": "METHOD_INVOCATION_RECEIVER"
      },
      "location-before-char-start": 2507,
      "location-before-char-end": 2515,
      "node-str": ""
    },
    {
      "type": "delete-node",
      "node": {
        "label": "",
        "type": "MethodInvocation"
      },
      "location-before-char-start": 2507,
      "location-before-char-end": 2529,
      "node-str": ""
    },
    {
      "type": "delete-node",
      "node": {
        "label": "",
        "type": "VariableDeclarationFragment"
      },
      "location-before-char-start": 2497,
      "location-before-char-end": 2529,
      "node-str": ""
    },
    {
      "type": "delete-node",
      "node": {
        "label": "",
        "type": "VariableDeclarationStatement"
      },
      "location-before-char-start": 2492,
      "location-before-char-end": 2530,
      "node-str": ""
    },
    {
      "type": "delete-node",
      "node": {
        "label": "EditCtrl",
        "type": "SimpleName"
      },
      "location-before-char-start": 2795,
      "location-before-char-end": 2803,
      "node-str": "EditCtrl"
    },
    {
      "type": "delete-node",
      "node": {
        "label": "",
        "type": "METHOD_INVOCATION_RECEIVER"
      },
      "location-before-char-start": 2795,
      "location-before-char-end": 2803,
      "node-str": ""
    },
    {
      "type": "delete-node",
      "node": {
        "label": "setViewFont",
        "type": "SimpleName"
      },
      "location-before-char-start": 2804,
      "location-before-char-end": 2815,
      "node-str": "setViewFont"
    },
    {
      "type": "delete-node",
      "node": {
        "label": "font",
        "type": "SimpleName"
      },
      "location-before-char-start": 2816,
      "location-before-char-end": 2820,
      "node-str": "font"
    },
    {
      "type": "delete-node",
      "node": {
        "label": "",
        "type": "METHOD_INVOCATION_ARGUMENTS"
      },
      "location-before-char-start": 2816,
      "location-before-char-end": 2820,
      "node-str": ""
    },
    {
      "type": "delete-node",
      "node": {
        "label": "",
        "type": "MethodInvocation"
      },
      "location-before-char-start": 2795,
      "location-before-char-end": 2821,
      "node-str": ""
    },
    {
      "type": "delete-node",
      "node": {
        "label": "",
        "type": "ExpressionStatement"
      },
      "location-before-char-start": 2795,
      "location-before-char-end": 2822,
      "node-str": ""
    },
    {
      "type": "delete-node",
      "node": {
        "label": "EditCtrl",
        "type": "SimpleName"
      },
      "location-before-char-start": 3085,
      "location-before-char-end": 3093,
      "node-str": "EditCtrl"
    },
    {
      "type": "delete-node",
      "node": {
        "label": "",
        "type": "METHOD_INVOCATION_RECEIVER"
      },
      "location-before-char-start": 3085,
      "location-before-char-end": 3093,
      "node-str": ""
    },
    {
      "type": "delete-node",
      "node": {
        "label": "setViewFont",
        "type": "SimpleName"
      },
      "location-before-char-start": 3094,
      "location-before-char-end": 3105,
      "node-str": "setViewFont"
    },
    {
      "type": "delete-node",
      "node": {
        "label": "OldFont",
        "type": "SimpleName"
      },
      "location-before-char-start": 3106,
      "location-before-char-end": 3113,
      "node-str": "OldFont"
    },
    {
      "type": "delete-node",
      "node": {
        "label": "",
        "type": "METHOD_INVOCATION_ARGUMENTS"
      },
      "location-before-char-start": 3106,
      "location-before-char-end": 3113,
      "node-str": ""
    },
    {
      "type": "delete-node",
      "node": {
        "label": "",
        "type": "MethodInvocation"
      },
      "location-before-char-start": 3085,
      "location-before-char-end": 3114,
      "node-str": ""
    },
    {
      "type": "delete-node",
      "node": {
        "label": "",
        "type": "ExpressionStatement"
      },
      "location-before-char-start": 3085,
      "location-before-char-end": 3115,
      "node-str": ""
    },
    {
      "type": "delete-node",
      "node": {
        "label": "",
        "type": "Block"
      },
      "location-before-char-start": 1521,
      "location-before-char-end": 4010,
      "node-str": ""
    },
    {
      "type": "delete-node",
      "node": {
        "label": "",
        "type": "MethodDeclaration"
      },
      "location-before-char-start": 1432,
      "location-before-char-end": 4010,
      "node-str": ""
    }
  ],
  "before-file": {},
  "after-file": {},
  "mapping": {}
}