{
  "tool-info": {},
  "diff": [
    {
      "type": "insert-node",
      "node": {
        "label": "PaletteLayout",
        "type": "Class"
      },
      "location-after-char-start": 384,
      "location-after-char-end": 2570,
      "node-str": "PaletteLayout"
    },
    {
      "type": "insert-node",
      "node": {
        "label": "public",
        "type": "Modifier"
      },
      "location-after-char-start": 0,
      "location-after-char-end": 0,
      "node-str": "public"
    },
    {
      "type": "insert-node",
      "node": {
        "label": "fGap",
        "type": "Field"
      },
      "location-after-char-start": 552,
      "location-after-char-end": 576,
      "node-str": "fGap"
    },
    {
      "type": "insert-node",
      "node": {
        "label": "fBorder",
        "type": "Field"
      },
      "location-after-char-start": 579,
      "location-after-char-end": 606,
      "node-str": "fBorder"
    },
    {
      "type": "insert-node",
      "node": {
        "label": "fVerticalLayout",
        "type": "Field"
      },
      "location-after-char-start": 609,
      "location-after-char-end": 644,
      "node-str": "fVerticalLayout"
    },
    {
      "type": "move-subtree",
      "node": {
        "label": "\u003cinit\u003e",
        "type": "Constructor"
      },
      "location-before-char-start": 647,
      "location-before-char-end": 809,
      "location-after-char-start": 648,
      "location-after-char-end": 810,
      "node-str": "\u003cinit\u003e"
    },
    {
      "type": "move-subtree",
      "node": {
        "label": "\u003cinit\u003e",
        "type": "Constructor"
      },
      "location-before-char-start": 813,
      "location-before-char-end": 887,
      "location-after-char-start": 814,
      "location-after-char-end": 888,
      "node-str": "\u003cinit\u003e"
    },
    {
      "type": "insert-node",
      "node": {
        "label": "\u003cinit\u003e",
        "type": "Constructor"
      },
      "location-after-char-start": 892,
      "location-after-char-end": 1021,
      "node-str": "\u003cinit\u003e"
    },
    {
      "type": "move-subtree",
      "node": {
        "label": "addLayoutComponent",
        "type": "Method"
      },
      "location-before-char-start": 1024,
      "location-before-char-end": 1087,
      "location-after-char-start": 1025,
      "location-after-char-end": 1088,
      "node-str": "addLayoutComponent"
    },
    {
      "type": "move-subtree",
      "node": {
        "label": "removeLayoutComponent",
        "type": "Method"
      },
      "location-before-char-start": 1091,
      "location-before-char-end": 1144,
      "location-after-char-start": 1092,
      "location-after-char-end": 1145,
      "node-str": "removeLayoutComponent"
    },
    {
      "type": "insert-node",
      "node": {
        "label": "preferredLayoutSize",
        "type": "Method"
      },
      "location-after-char-start": 1149,
      "location-after-char-end": 1243,
      "node-str": "preferredLayoutSize"
    },
    {
      "type": "move-subtree",
      "node": {
        "label": "minimumLayoutSize",
        "type": "Method"
      },
      "location-before-char-start": 1246,
      "location-before-char-end": 2045,
      "location-after-char-start": 1247,
      "location-after-char-end": 2046,
      "node-str": "minimumLayoutSize"
    },
    {
      "type": "insert-node",
      "node": {
        "label": "layoutContainer",
        "type": "Method"
      },
      "location-after-char-start": 2050,
      "location-after-char-end": 2568,
      "node-str": "layoutContainer"
    },
    {
      "type": "insert-node",
      "node": {
        "label": "int",
        "type": "VARIABLE_TYPE"
      },
      "location-after-char-start": 0,
      "location-after-char-end": 0,
      "node-str": "int"
    },
    {
      "type": "insert-node",
      "node": {
        "label": "java.awt.Point",
        "type": "VARIABLE_TYPE"
      },
      "location-after-char-start": 0,
      "location-after-char-end": 0,
      "node-str": "java.awt.Point"
    },
    {
      "type": "insert-node",
      "node": {
        "label": "boolean",
        "type": "VARIABLE_TYPE"
      },
      "location-after-char-start": 0,
      "location-after-char-end": 0,
      "node-str": "boolean"
    },
    {
      "type": "insert-node",
      "node": {
        "label": "public",
        "type": "Modifier"
      },
      "location-after-char-start": 0,
      "location-after-char-end": 0,
      "node-str": "public"
    },
    {
      "type": "insert-node",
      "node": {
        "label": "gap",
        "type": "Parameter"
      },
      "location-after-char-start": 913,
      "location-after-char-end": 919,
      "node-str": "gap"
    },
    {
      "type": "insert-node",
      "node": {
        "label": "border",
        "type": "Parameter"
      },
      "location-after-char-start": 922,
      "location-after-char-end": 933,
      "node-str": "border"
    },
    {
      "type": "insert-node",
      "node": {
        "label": "vertical",
        "type": "Parameter"
      },
      "location-after-char-start": 936,
      "location-after-char-end": 951,
      "node-str": "vertical"
    },
    {
      "type": "insert-node",
      "node": {
        "label": "\u003d",
        "type": "Assignment"
      },
      "location-after-char-start": 958,
      "location-after-char-end": 968,
      "node-str": "\u003d"
    },
    {
      "type": "insert-node",
      "node": {
        "label": "\u003d",
        "type": "Assignment"
      },
      "location-after-char-start": 972,
      "location-after-char-end": 988,
      "node-str": "\u003d"
    },
    {
      "type": "insert-node",
      "node": {
        "label": "\u003d",
        "type": "Assignment"
      },
      "location-after-char-start": 992,
      "location-after-char-end": 1018,
      "node-str": "\u003d"
    },
    {
      "type": "insert-node",
      "node": {
        "label": "java.awt.Dimension",
        "type": "RETURN_TYPE"
      },
      "location-after-char-start": 0,
      "location-after-char-end": 0,
      "node-str": "java.awt.Dimension"
    },
    {
      "type": "insert-node",
      "node": {
        "label": "public",
        "type": "Modifier"
      },
      "location-after-char-start": 0,
      "location-after-char-end": 0,
      "node-str": "public"
    },
    {
      "type": "insert-node",
      "node": {
        "label": "target",
        "type": "Parameter"
      },
      "location-after-char-start": 1186,
      "location-after-char-end": 1201,
      "node-str": "target"
    },
    {
      "type": "insert-node",
      "node": {
        "label": "return",
        "type": "Return"
      },
      "location-after-char-start": 1208,
      "location-after-char-end": 1240,
      "node-str": "return"
    },
    {
      "type": "insert-node",
      "node": {
        "label": "java.awt.Dimension",
        "type": "RETURN_TYPE"
      },
      "location-after-char-start": 0,
      "location-after-char-end": 0,
      "node-str": "java.awt.Dimension"
    },
    {
      "type": "insert-node",
      "node": {
        "label": "public",
        "type": "Modifier"
      },
      "location-after-char-start": 0,
      "location-after-char-end": 0,
      "node-str": "public"
    },
    {
      "type": "insert-node",
      "node": {
        "label": "target",
        "type": "Parameter"
      },
      "location-after-char-start": 1282,
      "location-after-char-end": 1297,
      "node-str": "target"
    },
    {
      "type": "insert-node",
      "node": {
        "label": "",
        "type": "OperatorAssignment"
      },
      "location-after-char-start": 1928,
      "location-after-char-end": 1954,
      "node-str": ""
    },
    {
      "type": "insert-node",
      "node": {
        "label": "",
        "type": "OperatorAssignment"
      },
      "location-after-char-start": 2002,
      "location-after-char-end": 2029,
      "node-str": ""
    },
    {
      "type": "insert-node",
      "node": {
        "label": "return",
        "type": "Return"
      },
      "location-after-char-start": 2033,
      "location-after-char-end": 2043,
      "node-str": "return"
    },
    {
      "type": "insert-node",
      "node": {
        "label": "void",
        "type": "RETURN_TYPE"
      },
      "location-after-char-start": 0,
      "location-after-char-end": 0,
      "node-str": "void"
    },
    {
      "type": "insert-node",
      "node": {
        "label": "public",
        "type": "Modifier"
      },
      "location-after-char-start": 0,
      "location-after-char-end": 0,
      "node-str": "public"
    },
    {
      "type": "insert-node",
      "node": {
        "label": "target",
        "type": "Parameter"
      },
      "location-after-char-start": 2078,
      "location-after-char-end": 2093,
      "node-str": "target"
    },
    {
      "type": "move-subtree",
      "node": {
        "label": "insets",
        "type": "LocalVariable"
      },
      "location-before-char-start": 2099,
      "location-before-char-end": 2133,
      "location-after-char-start": 2100,
      "location-after-char-end": 2134,
      "node-str": "insets"
    },
    {
      "type": "move-subtree",
      "node": {
        "label": "nmembers",
        "type": "LocalVariable"
      },
      "location-before-char-start": 2137,
      "location-before-char-end": 2178,
      "location-after-char-start": 2138,
      "location-after-char-end": 2179,
      "node-str": "nmembers"
    },
    {
      "type": "insert-node",
      "node": {
        "label": "x",
        "type": "LocalVariable"
      },
      "location-after-char-start": 2183,
      "location-after-char-end": 2214,
      "node-str": "x"
    },
    {
      "type": "insert-node",
      "node": {
        "label": "y",
        "type": "LocalVariable"
      },
      "location-after-char-start": 2218,
      "location-after-char-end": 2248,
      "node-str": "y"
    },
    {
      "type": "insert-node",
      "node": {
        "label": "",
        "type": "For"
      },
      "location-after-char-start": 2253,
      "location-after-char-end": 2565,
      "node-str": ""
    },
    {
      "type": "insert-node",
      "node": {
        "label": "int",
        "type": "VARIABLE_TYPE"
      },
      "location-after-char-start": 0,
      "location-after-char-end": 0,
      "node-str": "int"
    },
    {
      "type": "insert-node",
      "node": {
        "label": "java.awt.Point",
        "type": "VARIABLE_TYPE"
      },
      "location-after-char-start": 0,
      "location-after-char-end": 0,
      "node-str": "java.awt.Point"
    },
    {
      "type": "insert-node",
      "node": {
        "label": "boolean",
        "type": "VARIABLE_TYPE"
      },
      "location-after-char-start": 0,
      "location-after-char-end": 0,
      "node-str": "boolean"
    },
    {
      "type": "insert-node",
      "node": {
        "label": "fGap",
        "type": "FieldWrite"
      },
      "location-after-char-start": 958,
      "location-after-char-end": 961,
      "node-str": "fGap"
    },
    {
      "type": "insert-node",
      "node": {
        "label": "gap",
        "type": "VariableRead"
      },
      "location-after-char-start": 965,
      "location-after-char-end": 967,
      "node-str": "gap"
    },
    {
      "type": "insert-node",
      "node": {
        "label": "fBorder",
        "type": "FieldWrite"
      },
      "location-after-char-start": 972,
      "location-after-char-end": 978,
      "node-str": "fBorder"
    },
    {
      "type": "insert-node",
      "node": {
        "label": "border",
        "type": "VariableRead"
      },
      "location-after-char-start": 982,
      "location-after-char-end": 987,
      "node-str": "border"
    },
    {
      "type": "insert-node",
      "node": {
        "label": "fVerticalLayout",
        "type": "FieldWrite"
      },
      "location-after-char-start": 992,
      "location-after-char-end": 1006,
      "node-str": "fVerticalLayout"
    },
    {
      "type": "insert-node",
      "node": {
        "label": "vertical",
        "type": "VariableRead"
      },
      "location-after-char-start": 1010,
      "location-after-char-end": 1017,
      "node-str": "vertical"
    },
    {
      "type": "insert-node",
      "node": {
        "label": "java.awt.Container",
        "type": "VARIABLE_TYPE"
      },
      "location-after-char-start": 0,
      "location-after-char-end": 0,
      "node-str": "java.awt.Container"
    },
    {
      "type": "insert-node",
      "node": {
        "label": "minimumLayoutSize",
        "type": "Invocation"
      },
      "location-after-char-start": 1215,
      "location-after-char-end": 1239,
      "node-str": "minimumLayoutSize"
    },
    {
      "type": "insert-node",
      "node": {
        "label": "java.awt.Container",
        "type": "VARIABLE_TYPE"
      },
      "location-after-char-start": 0,
      "location-after-char-end": 0,
      "node-str": "java.awt.Container"
    },
    {
      "type": "insert-node",
      "node": {
        "label": "width",
        "type": "FieldWrite"
      },
      "location-after-char-start": 1928,
      "location-after-char-end": 1936,
      "node-str": "width"
    },
    {
      "type": "insert-node",
      "node": {
        "label": "MUL",
        "type": "BinaryOperator"
      },
      "location-after-char-start": 1941,
      "location-after-char-end": 1953,
      "node-str": "MUL"
    },
    {
      "type": "insert-node",
      "node": {
        "label": "height",
        "type": "FieldWrite"
      },
      "location-after-char-start": 2002,
      "location-after-char-end": 2011,
      "node-str": "height"
    },
    {
      "type": "insert-node",
      "node": {
        "label": "MUL",
        "type": "BinaryOperator"
      },
      "location-after-char-start": 2016,
      "location-after-char-end": 2028,
      "node-str": "MUL"
    },
    {
      "type": "insert-node",
      "node": {
        "label": "dim",
        "type": "VariableRead"
      },
      "location-after-char-start": 2040,
      "location-after-char-end": 2042,
      "node-str": "dim"
    },
    {
      "type": "insert-node",
      "node": {
        "label": "java.awt.Container",
        "type": "VARIABLE_TYPE"
      },
      "location-after-char-start": 0,
      "location-after-char-end": 0,
      "node-str": "java.awt.Container"
    },
    {
      "type": "insert-node",
      "node": {
        "label": "int",
        "type": "VARIABLE_TYPE"
      },
      "location-after-char-start": 0,
      "location-after-char-end": 0,
      "node-str": "int"
    },
    {
      "type": "insert-node",
      "node": {
        "label": "PLUS",
        "type": "BinaryOperator"
      },
      "location-after-char-start": 2191,
      "location-after-char-end": 2213,
      "node-str": "PLUS"
    },
    {
      "type": "insert-node",
      "node": {
        "label": "int",
        "type": "VARIABLE_TYPE"
      },
      "location-after-char-start": 0,
      "location-after-char-end": 0,
      "node-str": "int"
    },
    {
      "type": "insert-node",
      "node": {
        "label": "PLUS",
        "type": "BinaryOperator"
      },
      "location-after-char-start": 2226,
      "location-after-char-end": 2247,
      "node-str": "PLUS"
    },
    {
      "type": "move-subtree",
      "node": {
        "label": "i",
        "type": "LocalVariable"
      },
      "location-before-char-start": 2257,
      "location-before-char-end": 2265,
      "location-after-char-start": 2258,
      "location-after-char-end": 2266,
      "node-str": "i"
    },
    {
      "type": "move-subtree",
      "node": {
        "label": "LT",
        "type": "BinaryOperator"
      },
      "location-before-char-start": 2269,
      "location-before-char-end": 2280,
      "location-after-char-start": 2270,
      "location-after-char-end": 2281,
      "node-str": "LT"
    },
    {
      "type": "insert-node",
      "node": {
        "label": "POSTINC",
        "type": "UnaryOperator"
      },
      "location-after-char-start": 2285,
      "location-after-char-end": 2287,
      "node-str": "POSTINC"
    },
    {
      "type": "move-subtree",
      "node": {
        "label": "m",
        "type": "LocalVariable"
      },
      "location-before-char-start": 2294,
      "location-before-char-end": 2330,
      "location-after-char-start": 2295,
      "location-after-char-end": 2331,
      "node-str": "m"
    },
    {
      "type": "insert-node",
      "node": {
        "label": "if",
        "type": "If"
      },
      "location-after-char-start": 2336,
      "location-after-char-end": 2561,
      "node-str": "if"
    },
    {
      "type": "insert-node",
      "node": {
        "label": "org.jhotdraw.util.PaletteLayout",
        "type": "TypeAccess"
      },
      "location-after-char-start": 0,
      "location-after-char-end": 0,
      "node-str": "org.jhotdraw.util.PaletteLayout"
    },
    {
      "type": "insert-node",
      "node": {
        "label": "org.jhotdraw.util.PaletteLayout",
        "type": "TypeAccess"
      },
      "location-after-char-start": 0,
      "location-after-char-end": 0,
      "node-str": "org.jhotdraw.util.PaletteLayout"
    },
    {
      "type": "insert-node",
      "node": {
        "label": "org.jhotdraw.util.PaletteLayout",
        "type": "TypeAccess"
      },
      "location-after-char-start": 0,
      "location-after-char-end": 0,
      "node-str": "org.jhotdraw.util.PaletteLayout"
    },
    {
      "type": "insert-node",
      "node": {
        "label": "org.jhotdraw.util.PaletteLayout",
        "type": "TypeAccess"
      },
      "location-after-char-start": 0,
      "location-after-char-end": 0,
      "node-str": "org.jhotdraw.util.PaletteLayout"
    },
    {
      "type": "insert-node",
      "node": {
        "label": "target",
        "type": "VariableRead"
      },
      "location-after-char-start": 1233,
      "location-after-char-end": 1238,
      "node-str": "target"
    },
    {
      "type": "insert-node",
      "node": {
        "label": "dim",
        "type": "VariableRead"
      },
      "location-after-char-start": 1928,
      "location-after-char-end": 1930,
      "node-str": "dim"
    },
    {
      "type": "insert-node",
      "node": {
        "label": "2",
        "type": "Literal"
      },
      "location-after-char-start": 1941,
      "location-after-char-end": 1941,
      "node-str": "2"
    },
    {
      "type": "insert-node",
      "node": {
        "label": "x",
        "type": "FieldRead"
      },
      "location-after-char-start": 1945,
      "location-after-char-end": 1953,
      "node-str": "x"
    },
    {
      "type": "insert-node",
      "node": {
        "label": "dim",
        "type": "VariableRead"
      },
      "location-after-char-start": 2002,
      "location-after-char-end": 2004,
      "node-str": "dim"
    },
    {
      "type": "insert-node",
      "node": {
        "label": "2",
        "type": "Literal"
      },
      "location-after-char-start": 2016,
      "location-after-char-end": 2016,
      "node-str": "2"
    },
    {
      "type": "insert-node",
      "node": {
        "label": "y",
        "type": "FieldRead"
      },
      "location-after-char-start": 2020,
      "location-after-char-end": 2028,
      "node-str": "y"
    },
    {
      "type": "insert-node",
      "node": {
        "label": "left",
        "type": "FieldRead"
      },
      "location-after-char-start": 2191,
      "location-after-char-end": 2201,
      "node-str": "left"
    },
    {
      "type": "insert-node",
      "node": {
        "label": "x",
        "type": "FieldRead"
      },
      "location-after-char-start": 2205,
      "location-after-char-end": 2213,
      "node-str": "x"
    },
    {
      "type": "insert-node",
      "node": {
        "label": "top",
        "type": "FieldRead"
      },
      "location-after-char-start": 2226,
      "location-after-char-end": 2235,
      "node-str": "top"
    },
    {
      "type": "insert-node",
      "node": {
        "label": "y",
        "type": "FieldRead"
      },
      "location-after-char-start": 2239,
      "location-after-char-end": 2247,
      "node-str": "y"
    },
    {
      "type": "insert-node",
      "node": {
        "label": "i",
        "type": "VariableWrite"
      },
      "location-after-char-start": 2285,
      "location-after-char-end": 2285,
      "node-str": "i"
    },
    {
      "type": "insert-node",
      "node": {
        "label": "isVisible",
        "type": "Invocation"
      },
      "location-after-char-start": 2340,
      "location-after-char-end": 2352,
      "node-str": "isVisible"
    },
    {
      "type": "insert-node",
      "node": {
        "label": "THEN",
        "type": "then"
      },
      "location-after-char-start": 2355,
      "location-after-char-end": 2561,
      "node-str": "THEN"
    },
    {
      "type": "insert-node",
      "node": {
        "label": "fBorder",
        "type": "FieldRead"
      },
      "location-after-char-start": 1945,
      "location-after-char-end": 1951,
      "node-str": "fBorder"
    },
    {
      "type": "insert-node",
      "node": {
        "label": "fBorder",
        "type": "FieldRead"
      },
      "location-after-char-start": 2020,
      "location-after-char-end": 2026,
      "node-str": "fBorder"
    },
    {
      "type": "insert-node",
      "node": {
        "label": "insets",
        "type": "VariableRead"
      },
      "location-after-char-start": 2191,
      "location-after-char-end": 2196,
      "node-str": "insets"
    },
    {
      "type": "insert-node",
      "node": {
        "label": "fBorder",
        "type": "FieldRead"
      },
      "location-after-char-start": 2205,
      "location-after-char-end": 2211,
      "node-str": "fBorder"
    },
    {
      "type": "insert-node",
      "node": {
        "label": "insets",
        "type": "VariableRead"
      },
      "location-after-char-start": 2226,
      "location-after-char-end": 2231,
      "node-str": "insets"
    },
    {
      "type": "insert-node",
      "node": {
        "label": "fBorder",
        "type": "FieldRead"
      },
      "location-after-char-start": 2239,
      "location-after-char-end": 2245,
      "node-str": "fBorder"
    },
    {
      "type": "insert-node",
      "node": {
        "label": "m",
        "type": "VariableRead"
      },
      "location-after-char-start": 2340,
      "location-after-char-end": 2340,
      "node-str": "m"
    },
    {
      "type": "move-subtree",
      "node": {
        "label": "d",
        "type": "LocalVariable"
      },
      "location-before-char-start": 2360,
      "location-before-char-end": 2392,
      "location-after-char-start": 2361,
      "location-after-char-end": 2393,
      "node-str": "d"
    },
    {
      "type": "move-subtree",
      "node": {
        "label": "setBounds",
        "type": "Invocation"
      },
      "location-before-char-start": 2398,
      "location-before-char-end": 2434,
      "location-after-char-start": 2399,
      "location-after-char-end": 2435,
      "node-str": "setBounds"
    },
    {
      "type": "insert-node",
      "node": {
        "label": "if",
        "type": "If"
      },
      "location-after-char-start": 2441,
      "location-after-char-end": 2556,
      "node-str": "if"
    },
    {
      "type": "insert-node",
      "node": {
        "label": "org.jhotdraw.util.PaletteLayout",
        "type": "TypeAccess"
      },
      "location-after-char-start": 0,
      "location-after-char-end": 0,
      "node-str": "org.jhotdraw.util.PaletteLayout"
    },
    {
      "type": "insert-node",
      "node": {
        "label": "org.jhotdraw.util.PaletteLayout",
        "type": "TypeAccess"
      },
      "location-after-char-start": 0,
      "location-after-char-end": 0,
      "node-str": "org.jhotdraw.util.PaletteLayout"
    },
    {
      "type": "insert-node",
      "node": {
        "label": "org.jhotdraw.util.PaletteLayout",
        "type": "TypeAccess"
      },
      "location-after-char-start": 0,
      "location-after-char-end": 0,
      "node-str": "org.jhotdraw.util.PaletteLayout"
    },
    {
      "type": "insert-node",
      "node": {
        "label": "org.jhotdraw.util.PaletteLayout",
        "type": "TypeAccess"
      },
      "location-after-char-start": 0,
      "location-after-char-end": 0,
      "node-str": "org.jhotdraw.util.PaletteLayout"
    },
    {
      "type": "insert-node",
      "node": {
        "label": "fVerticalLayout",
        "type": "FieldRead"
      },
      "location-after-char-start": 2445,
      "location-after-char-end": 2459,
      "node-str": "fVerticalLayout"
    },
    {
      "type": "insert-node",
      "node": {
        "label": "THEN",
        "type": "then"
      },
      "location-after-char-start": 2462,
      "location-after-char-end": 2504,
      "node-str": "THEN"
    },
    {
      "type": "insert-node",
      "node": {
        "label": "ELSE",
        "type": "else"
      },
      "location-after-char-start": 2515,
      "location-after-char-end": 2556,
      "node-str": "ELSE"
    },
    {
      "type": "update-node",
      "node": {
        "label": "CH.ifa.draw.util.PaletteLayout",
        "type": "TypeAccess"
      },
      "location-before-char-start": 0,
      "location-before-char-end": 0,
      "location-after-char-start": 0,
      "location-after-char-end": 0,
      "node-str": "org.jhotdraw.util.PaletteLayout"
    },
    {
      "type": "insert-node",
      "node": {
        "label": "org.jhotdraw.util.PaletteLayout",
        "type": "TypeAccess"
      },
      "location-after-char-start": 0,
      "location-after-char-end": 0,
      "node-str": "org.jhotdraw.util.PaletteLayout"
    },
    {
      "type": "move-subtree",
      "node": {
        "label": "",
        "type": "OperatorAssignment"
      },
      "location-before-char-start": 2468,
      "location-before-char-end": 2481,
      "location-after-char-start": 2469,
      "location-after-char-end": 2482,
      "node-str": ""
    },
    {
      "type": "insert-node",
      "node": {
        "label": "",
        "type": "OperatorAssignment"
      },
      "location-after-char-start": 2489,
      "location-after-char-end": 2498,
      "node-str": ""
    },
    {
      "type": "move-subtree",
      "node": {
        "label": "",
        "type": "OperatorAssignment"
      },
      "location-before-char-start": 2521,
      "location-before-char-end": 2533,
      "location-after-char-start": 2522,
      "location-after-char-end": 2534,
      "node-str": ""
    },
    {
      "type": "insert-node",
      "node": {
        "label": "",
        "type": "OperatorAssignment"
      },
      "location-after-char-start": 2541,
      "location-after-char-end": 2550,
      "node-str": ""
    },
    {
      "type": "insert-node",
      "node": {
        "label": "y",
        "type": "VariableWrite"
      },
      "location-after-char-start": 2489,
      "location-after-char-end": 2489,
      "node-str": "y"
    },
    {
      "type": "insert-node",
      "node": {
        "label": "fGap",
        "type": "FieldRead"
      },
      "location-after-char-start": 2494,
      "location-after-char-end": 2497,
      "node-str": "fGap"
    },
    {
      "type": "insert-node",
      "node": {
        "label": "x",
        "type": "VariableWrite"
      },
      "location-after-char-start": 2541,
      "location-after-char-end": 2541,
      "node-str": "x"
    },
    {
      "type": "insert-node",
      "node": {
        "label": "fGap",
        "type": "FieldRead"
      },
      "location-after-char-start": 2546,
      "location-after-char-end": 2549,
      "node-str": "fGap"
    },
    {
      "type": "insert-node",
      "node": {
        "label": "org.jhotdraw.util.PaletteLayout",
        "type": "TypeAccess"
      },
      "location-after-char-start": 0,
      "location-after-char-end": 0,
      "node-str": "org.jhotdraw.util.PaletteLayout"
    },
    {
      "type": "insert-node",
      "node": {
        "label": "org.jhotdraw.util.PaletteLayout",
        "type": "TypeAccess"
      },
      "location-after-char-start": 0,
      "location-after-char-end": 0,
      "node-str": "org.jhotdraw.util.PaletteLayout"
    },
    {
      "type": "update-node",
      "node": {
        "label": "CH.ifa.draw.util.PaletteLayout",
        "type": "TypeAccess"
      },
      "location-before-char-start": 0,
      "location-before-char-end": 0,
      "location-after-char-start": 0,
      "location-after-char-end": 0,
      "node-str": "org.jhotdraw.util.PaletteLayout"
    },
    {
      "type": "update-node",
      "node": {
        "label": "CH.ifa.draw.util.PaletteLayout",
        "type": "TypeAccess"
      },
      "location-before-char-start": 0,
      "location-before-char-end": 0,
      "location-after-char-start": 0,
      "location-after-char-end": 0,
      "node-str": "org.jhotdraw.util.PaletteLayout"
    },
    {
      "type": "delete-node",
      "node": {
        "label": "java.awt.Dimension",
        "type": "RETURN_TYPE"
      },
      "location-before-char-start": 0,
      "location-before-char-end": 0,
      "node-str": "java.awt.Dimension"
    },
    {
      "type": "delete-node",
      "node": {
        "label": "public",
        "type": "Modifier"
      },
      "location-before-char-start": 0,
      "location-before-char-end": 0,
      "node-str": "public"
    },
    {
      "type": "delete-node",
      "node": {
        "label": "java.awt.Container",
        "type": "VARIABLE_TYPE"
      },
      "location-before-char-start": 0,
      "location-before-char-end": 0,
      "node-str": "java.awt.Container"
    },
    {
      "type": "delete-node",
      "node": {
        "label": "target",
        "type": "Parameter"
      },
      "location-before-char-start": 1281,
      "location-before-char-end": 1296,
      "node-str": "target"
    },
    {
      "type": "delete-node",
      "node": {
        "label": "dim",
        "type": "VariableRead"
      },
      "location-before-char-start": 1927,
      "location-before-char-end": 1929,
      "node-str": "dim"
    },
    {
      "type": "delete-node",
      "node": {
        "label": "width",
        "type": "FieldWrite"
      },
      "location-before-char-start": 1927,
      "location-before-char-end": 1935,
      "node-str": "width"
    },
    {
      "type": "delete-node",
      "node": {
        "label": "2",
        "type": "Literal"
      },
      "location-before-char-start": 1940,
      "location-before-char-end": 1940,
      "node-str": "2"
    },
    {
      "type": "delete-node",
      "node": {
        "label": "CH.ifa.draw.util.PaletteLayout",
        "type": "TypeAccess"
      },
      "location-before-char-start": 0,
      "location-before-char-end": 0,
      "node-str": "CH.ifa.draw.util.PaletteLayout"
    },
    {
      "type": "delete-node",
      "node": {
        "label": "fBorder",
        "type": "FieldRead"
      },
      "location-before-char-start": 1944,
      "location-before-char-end": 1950,
      "node-str": "fBorder"
    },
    {
      "type": "delete-node",
      "node": {
        "label": "x",
        "type": "FieldRead"
      },
      "location-before-char-start": 1944,
      "location-before-char-end": 1952,
      "node-str": "x"
    },
    {
      "type": "delete-node",
      "node": {
        "label": "MUL",
        "type": "BinaryOperator"
      },
      "location-before-char-start": 1940,
      "location-before-char-end": 1952,
      "node-str": "MUL"
    },
    {
      "type": "delete-node",
      "node": {
        "label": "",
        "type": "OperatorAssignment"
      },
      "location-before-char-start": 1927,
      "location-before-char-end": 1953,
      "node-str": ""
    },
    {
      "type": "delete-node",
      "node": {
        "label": "dim",
        "type": "VariableRead"
      },
      "location-before-char-start": 2001,
      "location-before-char-end": 2003,
      "node-str": "dim"
    },
    {
      "type": "delete-node",
      "node": {
        "label": "height",
        "type": "FieldWrite"
      },
      "location-before-char-start": 2001,
      "location-before-char-end": 2010,
      "node-str": "height"
    },
    {
      "type": "delete-node",
      "node": {
        "label": "2",
        "type": "Literal"
      },
      "location-before-char-start": 2015,
      "location-before-char-end": 2015,
      "node-str": "2"
    },
    {
      "type": "delete-node",
      "node": {
        "label": "CH.ifa.draw.util.PaletteLayout",
        "type": "TypeAccess"
      },
      "location-before-char-start": 0,
      "location-before-char-end": 0,
      "node-str": "CH.ifa.draw.util.PaletteLayout"
    },
    {
      "type": "delete-node",
      "node": {
        "label": "fBorder",
        "type": "FieldRead"
      },
      "location-before-char-start": 2019,
      "location-before-char-end": 2025,
      "node-str": "fBorder"
    },
    {
      "type": "delete-node",
      "node": {
        "label": "y",
        "type": "FieldRead"
      },
      "location-before-char-start": 2019,
      "location-before-char-end": 2027,
      "node-str": "y"
    },
    {
      "type": "delete-node",
      "node": {
        "label": "MUL",
        "type": "BinaryOperator"
      },
      "location-before-char-start": 2015,
      "location-before-char-end": 2027,
      "node-str": "MUL"
    },
    {
      "type": "delete-node",
      "node": {
        "label": "",
        "type": "OperatorAssignment"
      },
      "location-before-char-start": 2001,
      "location-before-char-end": 2028,
      "node-str": ""
    },
    {
      "type": "delete-node",
      "node": {
        "label": "dim",
        "type": "VariableRead"
      },
      "location-before-char-start": 2039,
      "location-before-char-end": 2041,
      "node-str": "dim"
    },
    {
      "type": "delete-node",
      "node": {
        "label": "return",
        "type": "Return"
      },
      "location-before-char-start": 2032,
      "location-before-char-end": 2042,
      "node-str": "return"
    },
    {
      "type": "delete-node",
      "node": {
        "label": "public",
        "type": "Modifier"
      },
      "location-before-char-start": 0,
      "location-before-char-end": 0,
      "node-str": "public"
    },
    {
      "type": "delete-node",
      "node": {
        "label": "int",
        "type": "VARIABLE_TYPE"
      },
      "location-before-char-start": 0,
      "location-before-char-end": 0,
      "node-str": "int"
    },
    {
      "type": "delete-node",
      "node": {
        "label": "fGap",
        "type": "Field"
      },
      "location-before-char-start": 551,
      "location-before-char-end": 575,
      "node-str": "fGap"
    },
    {
      "type": "delete-node",
      "node": {
        "label": "java.awt.Point",
        "type": "VARIABLE_TYPE"
      },
      "location-before-char-start": 0,
      "location-before-char-end": 0,
      "node-str": "java.awt.Point"
    },
    {
      "type": "delete-node",
      "node": {
        "label": "fBorder",
        "type": "Field"
      },
      "location-before-char-start": 578,
      "location-before-char-end": 605,
      "node-str": "fBorder"
    },
    {
      "type": "delete-node",
      "node": {
        "label": "boolean",
        "type": "VARIABLE_TYPE"
      },
      "location-before-char-start": 0,
      "location-before-char-end": 0,
      "node-str": "boolean"
    },
    {
      "type": "delete-node",
      "node": {
        "label": "fVerticalLayout",
        "type": "Field"
      },
      "location-before-char-start": 608,
      "location-before-char-end": 643,
      "node-str": "fVerticalLayout"
    },
    {
      "type": "delete-node",
      "node": {
        "label": "public",
        "type": "Modifier"
      },
      "location-before-char-start": 0,
      "location-before-char-end": 0,
      "node-str": "public"
    },
    {
      "type": "delete-node",
      "node": {
        "label": "int",
        "type": "VARIABLE_TYPE"
      },
      "location-before-char-start": 0,
      "location-before-char-end": 0,
      "node-str": "int"
    },
    {
      "type": "delete-node",
      "node": {
        "label": "gap",
        "type": "Parameter"
      },
      "location-before-char-start": 912,
      "location-before-char-end": 918,
      "node-str": "gap"
    },
    {
      "type": "delete-node",
      "node": {
        "label": "java.awt.Point",
        "type": "VARIABLE_TYPE"
      },
      "location-before-char-start": 0,
      "location-before-char-end": 0,
      "node-str": "java.awt.Point"
    },
    {
      "type": "delete-node",
      "node": {
        "label": "border",
        "type": "Parameter"
      },
      "location-before-char-start": 921,
      "location-before-char-end": 932,
      "node-str": "border"
    },
    {
      "type": "delete-node",
      "node": {
        "label": "boolean",
        "type": "VARIABLE_TYPE"
      },
      "location-before-char-start": 0,
      "location-before-char-end": 0,
      "node-str": "boolean"
    },
    {
      "type": "delete-node",
      "node": {
        "label": "vertical",
        "type": "Parameter"
      },
      "location-before-char-start": 935,
      "location-before-char-end": 950,
      "node-str": "vertical"
    },
    {
      "type": "delete-node",
      "node": {
        "label": "CH.ifa.draw.util.PaletteLayout",
        "type": "TypeAccess"
      },
      "location-before-char-start": 0,
      "location-before-char-end": 0,
      "node-str": "CH.ifa.draw.util.PaletteLayout"
    },
    {
      "type": "delete-node",
      "node": {
        "label": "fGap",
        "type": "FieldWrite"
      },
      "location-before-char-start": 957,
      "location-before-char-end": 960,
      "node-str": "fGap"
    },
    {
      "type": "delete-node",
      "node": {
        "label": "gap",
        "type": "VariableRead"
      },
      "location-before-char-start": 964,
      "location-before-char-end": 966,
      "node-str": "gap"
    },
    {
      "type": "delete-node",
      "node": {
        "label": "\u003d",
        "type": "Assignment"
      },
      "location-before-char-start": 957,
      "location-before-char-end": 967,
      "node-str": "\u003d"
    },
    {
      "type": "delete-node",
      "node": {
        "label": "CH.ifa.draw.util.PaletteLayout",
        "type": "TypeAccess"
      },
      "location-before-char-start": 0,
      "location-before-char-end": 0,
      "node-str": "CH.ifa.draw.util.PaletteLayout"
    },
    {
      "type": "delete-node",
      "node": {
        "label": "fBorder",
        "type": "FieldWrite"
      },
      "location-before-char-start": 971,
      "location-before-char-end": 977,
      "node-str": "fBorder"
    },
    {
      "type": "delete-node",
      "node": {
        "label": "border",
        "type": "VariableRead"
      },
      "location-before-char-start": 981,
      "location-before-char-end": 986,
      "node-str": "border"
    },
    {
      "type": "delete-node",
      "node": {
        "label": "\u003d",
        "type": "Assignment"
      },
      "location-before-char-start": 971,
      "location-before-char-end": 987,
      "node-str": "\u003d"
    },
    {
      "type": "delete-node",
      "node": {
        "label": "CH.ifa.draw.util.PaletteLayout",
        "type": "TypeAccess"
      },
      "location-before-char-start": 0,
      "location-before-char-end": 0,
      "node-str": "CH.ifa.draw.util.PaletteLayout"
    },
    {
      "type": "delete-node",
      "node": {
        "label": "fVerticalLayout",
        "type": "FieldWrite"
      },
      "location-before-char-start": 991,
      "location-before-char-end": 1005,
      "node-str": "fVerticalLayout"
    },
    {
      "type": "delete-node",
      "node": {
        "label": "vertical",
        "type": "VariableRead"
      },
      "location-before-char-start": 1009,
      "location-before-char-end": 1016,
      "node-str": "vertical"
    },
    {
      "type": "delete-node",
      "node": {
        "label": "\u003d",
        "type": "Assignment"
      },
      "location-before-char-start": 991,
      "location-before-char-end": 1017,
      "node-str": "\u003d"
    },
    {
      "type": "delete-node",
      "node": {
        "label": "\u003cinit\u003e",
        "type": "Constructor"
      },
      "location-before-char-start": 891,
      "location-before-char-end": 1020,
      "node-str": "\u003cinit\u003e"
    },
    {
      "type": "delete-node",
      "node": {
        "label": "java.awt.Dimension",
        "type": "RETURN_TYPE"
      },
      "location-before-char-start": 0,
      "location-before-char-end": 0,
      "node-str": "java.awt.Dimension"
    },
    {
      "type": "delete-node",
      "node": {
        "label": "public",
        "type": "Modifier"
      },
      "location-before-char-start": 0,
      "location-before-char-end": 0,
      "node-str": "public"
    },
    {
      "type": "delete-node",
      "node": {
        "label": "java.awt.Container",
        "type": "VARIABLE_TYPE"
      },
      "location-before-char-start": 0,
      "location-before-char-end": 0,
      "node-str": "java.awt.Container"
    },
    {
      "type": "delete-node",
      "node": {
        "label": "target",
        "type": "Parameter"
      },
      "location-before-char-start": 1185,
      "location-before-char-end": 1200,
      "node-str": "target"
    },
    {
      "type": "delete-node",
      "node": {
        "label": "CH.ifa.draw.util.PaletteLayout",
        "type": "TypeAccess"
      },
      "location-before-char-start": 0,
      "location-before-char-end": 0,
      "node-str": "CH.ifa.draw.util.PaletteLayout"
    },
    {
      "type": "delete-node",
      "node": {
        "label": "target",
        "type": "VariableRead"
      },
      "location-before-char-start": 1232,
      "location-before-char-end": 1237,
      "node-str": "target"
    },
    {
      "type": "delete-node",
      "node": {
        "label": "minimumLayoutSize",
        "type": "Invocation"
      },
      "location-before-char-start": 1214,
      "location-before-char-end": 1238,
      "node-str": "minimumLayoutSize"
    },
    {
      "type": "delete-node",
      "node": {
        "label": "return",
        "type": "Return"
      },
      "location-before-char-start": 1207,
      "location-before-char-end": 1239,
      "node-str": "return"
    },
    {
      "type": "delete-node",
      "node": {
        "label": "preferredLayoutSize",
        "type": "Method"
      },
      "location-before-char-start": 1148,
      "location-before-char-end": 1242,
      "node-str": "preferredLayoutSize"
    },
    {
      "type": "delete-node",
      "node": {
        "label": "void",
        "type": "RETURN_TYPE"
      },
      "location-before-char-start": 0,
      "location-before-char-end": 0,
      "node-str": "void"
    },
    {
      "type": "delete-node",
      "node": {
        "label": "public",
        "type": "Modifier"
      },
      "location-before-char-start": 0,
      "location-before-char-end": 0,
      "node-str": "public"
    },
    {
      "type": "delete-node",
      "node": {
        "label": "java.awt.Container",
        "type": "VARIABLE_TYPE"
      },
      "location-before-char-start": 0,
      "location-before-char-end": 0,
      "node-str": "java.awt.Container"
    },
    {
      "type": "delete-node",
      "node": {
        "label": "target",
        "type": "Parameter"
      },
      "location-before-char-start": 2077,
      "location-before-char-end": 2092,
      "node-str": "target"
    },
    {
      "type": "delete-node",
      "node": {
        "label": "int",
        "type": "VARIABLE_TYPE"
      },
      "location-before-char-start": 0,
      "location-before-char-end": 0,
      "node-str": "int"
    },
    {
      "type": "delete-node",
      "node": {
        "label": "insets",
        "type": "VariableRead"
      },
      "location-before-char-start": 2190,
      "location-before-char-end": 2195,
      "node-str": "insets"
    },
    {
      "type": "delete-node",
      "node": {
        "label": "left",
        "type": "FieldRead"
      },
      "location-before-char-start": 2190,
      "location-before-char-end": 2200,
      "node-str": "left"
    },
    {
      "type": "delete-node",
      "node": {
        "label": "CH.ifa.draw.util.PaletteLayout",
        "type": "TypeAccess"
      },
      "location-before-char-start": 0,
      "location-before-char-end": 0,
      "node-str": "CH.ifa.draw.util.PaletteLayout"
    },
    {
      "type": "delete-node",
      "node": {
        "label": "fBorder",
        "type": "FieldRead"
      },
      "location-before-char-start": 2204,
      "location-before-char-end": 2210,
      "node-str": "fBorder"
    },
    {
      "type": "delete-node",
      "node": {
        "label": "x",
        "type": "FieldRead"
      },
      "location-before-char-start": 2204,
      "location-before-char-end": 2212,
      "node-str": "x"
    },
    {
      "type": "delete-node",
      "node": {
        "label": "PLUS",
        "type": "BinaryOperator"
      },
      "location-before-char-start": 2190,
      "location-before-char-end": 2212,
      "node-str": "PLUS"
    },
    {
      "type": "delete-node",
      "node": {
        "label": "x",
        "type": "LocalVariable"
      },
      "location-before-char-start": 2182,
      "location-before-char-end": 2213,
      "node-str": "x"
    },
    {
      "type": "delete-node",
      "node": {
        "label": "int",
        "type": "VARIABLE_TYPE"
      },
      "location-before-char-start": 0,
      "location-before-char-end": 0,
      "node-str": "int"
    },
    {
      "type": "delete-node",
      "node": {
        "label": "insets",
        "type": "VariableRead"
      },
      "location-before-char-start": 2225,
      "location-before-char-end": 2230,
      "node-str": "insets"
    },
    {
      "type": "delete-node",
      "node": {
        "label": "top",
        "type": "FieldRead"
      },
      "location-before-char-start": 2225,
      "location-before-char-end": 2234,
      "node-str": "top"
    },
    {
      "type": "delete-node",
      "node": {
        "label": "CH.ifa.draw.util.PaletteLayout",
        "type": "TypeAccess"
      },
      "location-before-char-start": 0,
      "location-before-char-end": 0,
      "node-str": "CH.ifa.draw.util.PaletteLayout"
    },
    {
      "type": "delete-node",
      "node": {
        "label": "fBorder",
        "type": "FieldRead"
      },
      "location-before-char-start": 2238,
      "location-before-char-end": 2244,
      "node-str": "fBorder"
    },
    {
      "type": "delete-node",
      "node": {
        "label": "y",
        "type": "FieldRead"
      },
      "location-before-char-start": 2238,
      "location-before-char-end": 2246,
      "node-str": "y"
    },
    {
      "type": "delete-node",
      "node": {
        "label": "PLUS",
        "type": "BinaryOperator"
      },
      "location-before-char-start": 2225,
      "location-before-char-end": 2246,
      "node-str": "PLUS"
    },
    {
      "type": "delete-node",
      "node": {
        "label": "y",
        "type": "LocalVariable"
      },
      "location-before-char-start": 2217,
      "location-before-char-end": 2247,
      "node-str": "y"
    },
    {
      "type": "delete-node",
      "node": {
        "label": "i",
        "type": "VariableWrite"
      },
      "location-before-char-start": 2284,
      "location-before-char-end": 2284,
      "node-str": "i"
    },
    {
      "type": "delete-node",
      "node": {
        "label": "POSTINC",
        "type": "UnaryOperator"
      },
      "location-before-char-start": 2284,
      "location-before-char-end": 2286,
      "node-str": "POSTINC"
    },
    {
      "type": "delete-node",
      "node": {
        "label": "m",
        "type": "VariableRead"
      },
      "location-before-char-start": 2339,
      "location-before-char-end": 2339,
      "node-str": "m"
    },
    {
      "type": "delete-node",
      "node": {
        "label": "isVisible",
        "type": "Invocation"
      },
      "location-before-char-start": 2339,
      "location-before-char-end": 2351,
      "node-str": "isVisible"
    },
    {
      "type": "delete-node",
      "node": {
        "label": "CH.ifa.draw.util.PaletteLayout",
        "type": "TypeAccess"
      },
      "location-before-char-start": 0,
      "location-before-char-end": 0,
      "node-str": "CH.ifa.draw.util.PaletteLayout"
    },
    {
      "type": "delete-node",
      "node": {
        "label": "fVerticalLayout",
        "type": "FieldRead"
      },
      "location-before-char-start": 2444,
      "location-before-char-end": 2458,
      "node-str": "fVerticalLayout"
    },
    {
      "type": "delete-node",
      "node": {
        "label": "y",
        "type": "VariableWrite"
      },
      "location-before-char-start": 2488,
      "location-before-char-end": 2488,
      "node-str": "y"
    },
    {
      "type": "delete-node",
      "node": {
        "label": "CH.ifa.draw.util.PaletteLayout",
        "type": "TypeAccess"
      },
      "location-before-char-start": 0,
      "location-before-char-end": 0,
      "node-str": "CH.ifa.draw.util.PaletteLayout"
    },
    {
      "type": "delete-node",
      "node": {
        "label": "fGap",
        "type": "FieldRead"
      },
      "location-before-char-start": 2493,
      "location-before-char-end": 2496,
      "node-str": "fGap"
    },
    {
      "type": "delete-node",
      "node": {
        "label": "",
        "type": "OperatorAssignment"
      },
      "location-before-char-start": 2488,
      "location-before-char-end": 2497,
      "node-str": ""
    },
    {
      "type": "delete-node",
      "node": {
        "label": "THEN",
        "type": "then"
      },
      "location-before-char-start": 2461,
      "location-before-char-end": 2503,
      "node-str": "THEN"
    },
    {
      "type": "delete-node",
      "node": {
        "label": "x",
        "type": "VariableWrite"
      },
      "location-before-char-start": 2540,
      "location-before-char-end": 2540,
      "node-str": "x"
    },
    {
      "type": "delete-node",
      "node": {
        "label": "CH.ifa.draw.util.PaletteLayout",
        "type": "TypeAccess"
      },
      "location-before-char-start": 0,
      "location-before-char-end": 0,
      "node-str": "CH.ifa.draw.util.PaletteLayout"
    },
    {
      "type": "delete-node",
      "node": {
        "label": "fGap",
        "type": "FieldRead"
      },
      "location-before-char-start": 2545,
      "location-before-char-end": 2548,
      "node-str": "fGap"
    },
    {
      "type": "delete-node",
      "node": {
        "label": "",
        "type": "OperatorAssignment"
      },
      "location-before-char-start": 2540,
      "location-before-char-end": 2549,
      "node-str": ""
    },
    {
      "type": "delete-node",
      "node": {
        "label": "ELSE",
        "type": "else"
      },
      "location-before-char-start": 2514,
      "location-before-char-end": 2555,
      "node-str": "ELSE"
    },
    {
      "type": "delete-node",
      "node": {
        "label": "if",
        "type": "If"
      },
      "location-before-char-start": 2440,
      "location-before-char-end": 2555,
      "node-str": "if"
    },
    {
      "type": "delete-node",
      "node": {
        "label": "THEN",
        "type": "then"
      },
      "location-before-char-start": 2354,
      "location-before-char-end": 2560,
      "node-str": "THEN"
    },
    {
      "type": "delete-node",
      "node": {
        "label": "if",
        "type": "If"
      },
      "location-before-char-start": 2335,
      "location-before-char-end": 2560,
      "node-str": "if"
    },
    {
      "type": "delete-node",
      "node": {
        "label": "",
        "type": "For"
      },
      "location-before-char-start": 2252,
      "location-before-char-end": 2564,
      "node-str": ""
    },
    {
      "type": "delete-node",
      "node": {
        "label": "layoutContainer",
        "type": "Method"
      },
      "location-before-char-start": 2049,
      "location-before-char-end": 2567,
      "node-str": "layoutContainer"
    },
    {
      "type": "delete-node",
      "node": {
        "label": "PaletteLayout",
        "type": "Class"
      },
      "location-before-char-start": 383,
      "location-before-char-end": 2569,
      "node-str": "PaletteLayout"
    }
  ],
  "before-file": {},
  "after-file": {},
  "mapping": {}
}