{
  "tool-info": {},
  "diff": [
    {
      "type": "insert-node",
      "node": {
        "label": "dropTarget",
        "type": "Field"
      },
      "location-after-char-start": 18037,
      "location-after-char-end": 18076,
      "node-str": "dropTarget"
    },
    {
      "type": "insert-node",
      "node": {
        "label": "layout",
        "type": "Field"
      },
      "location-after-char-start": 18087,
      "location-after-char-end": 18112,
      "node-str": "layout"
    },
    {
      "type": "insert-node",
      "node": {
        "label": "windowComposite",
        "type": "Field"
      },
      "location-after-char-start": 18118,
      "location-after-char-end": 18151,
      "node-str": "windowComposite"
    },
    {
      "type": "insert-node",
      "node": {
        "label": "drag",
        "type": "Method"
      },
      "location-after-char-start": 18848,
      "location-after-char-end": 19660,
      "node-str": "drag"
    },
    {
      "type": "insert-node",
      "node": {
        "label": "final",
        "type": "Modifier"
      },
      "location-after-char-start": 0,
      "location-after-char-end": 0,
      "node-str": "final"
    },
    {
      "type": "insert-node",
      "node": {
        "label": "draggedTrim",
        "type": "Field"
      },
      "location-after-char-start": 1607,
      "location-after-char-end": 1637,
      "node-str": "draggedTrim"
    },
    {
      "type": "insert-node",
      "node": {
        "label": "threshold",
        "type": "Field"
      },
      "location-after-char-start": 1656,
      "location-after-char-end": 1711,
      "node-str": "threshold"
    },
    {
      "type": "insert-node",
      "node": {
        "label": "insertCarets",
        "type": "Field"
      },
      "location-after-char-start": 1778,
      "location-after-char-end": 1821,
      "node-str": "insertCarets"
    },
    {
      "type": "insert-node",
      "node": {
        "label": "curCaret",
        "type": "Field"
      },
      "location-after-char-start": 1828,
      "location-after-char-end": 1856,
      "node-str": "curCaret"
    },
    {
      "type": "insert-node",
      "node": {
        "label": "border",
        "type": "Field"
      },
      "location-after-char-start": 1863,
      "location-after-char-end": 1895,
      "node-str": "border"
    },
    {
      "type": "insert-node",
      "node": {
        "label": "docked",
        "type": "Field"
      },
      "location-after-char-start": 1902,
      "location-after-char-end": 1931,
      "node-str": "docked"
    },
    {
      "type": "insert-node",
      "node": {
        "label": "cursorAreaId",
        "type": "Field"
      },
      "location-after-char-start": 1950,
      "location-after-char-end": 2049,
      "node-str": "cursorAreaId"
    },
    {
      "type": "insert-node",
      "node": {
        "label": "previousAreaId",
        "type": "Field"
      },
      "location-after-char-start": 2059,
      "location-after-char-end": 2085,
      "node-str": "previousAreaId"
    },
    {
      "type": "insert-node",
      "node": {
        "label": "previousInsertBefore",
        "type": "Field"
      },
      "location-after-char-start": 2095,
      "location-after-char-end": 2135,
      "node-str": "previousInsertBefore"
    },
    {
      "type": "insert-node",
      "node": {
        "label": "setCurCaret",
        "type": "Method"
      },
      "location-after-char-start": 12915,
      "location-after-char-end": 13260,
      "node-str": "setCurCaret"
    },
    {
      "type": "insert-node",
      "node": {
        "label": "org.eclipse.ui.internal.TrimDropTarget$ActualTrimDropTarget",
        "type": "VARIABLE_TYPE"
      },
      "location-after-char-start": 0,
      "location-after-char-end": 0,
      "node-str": "org.eclipse.ui.internal.TrimDropTarget$ActualTrimDropTarget"
    },
    {
      "type": "insert-node",
      "node": {
        "label": "org.eclipse.ui.internal.layout.TrimLayout",
        "type": "VARIABLE_TYPE"
      },
      "location-after-char-start": 0,
      "location-after-char-end": 0,
      "node-str": "org.eclipse.ui.internal.layout.TrimLayout"
    },
    {
      "type": "insert-node",
      "node": {
        "label": "org.eclipse.swt.widgets.Composite",
        "type": "VARIABLE_TYPE"
      },
      "location-after-char-start": 0,
      "location-after-char-end": 0,
      "node-str": "org.eclipse.swt.widgets.Composite"
    },
    {
      "type": "insert-node",
      "node": {
        "label": "org.eclipse.ui.internal.dnd.IDropTarget",
        "type": "RETURN_TYPE"
      },
      "location-after-char-start": 0,
      "location-after-char-end": 0,
      "node-str": "org.eclipse.ui.internal.dnd.IDropTarget"
    },
    {
      "type": "insert-node",
      "node": {
        "label": "public",
        "type": "Modifier"
      },
      "location-after-char-start": 0,
      "location-after-char-end": 0,
      "node-str": "public"
    },
    {
      "type": "insert-node",
      "node": {
        "label": "currentControl",
        "type": "Parameter"
      },
      "location-after-char-start": 19083,
      "location-after-char-end": 19104,
      "node-str": "currentControl"
    },
    {
      "type": "insert-node",
      "node": {
        "label": "draggedObject",
        "type": "Parameter"
      },
      "location-after-char-start": 19107,
      "location-after-char-end": 19126,
      "node-str": "draggedObject"
    },
    {
      "type": "insert-node",
      "node": {
        "label": "position",
        "type": "Parameter"
      },
      "location-after-char-start": 19141,
      "location-after-char-end": 19154,
      "node-str": "position"
    },
    {
      "type": "insert-node",
      "node": {
        "label": "dragRectangle",
        "type": "Parameter"
      },
      "location-after-char-start": 19157,
      "location-after-char-end": 19185,
      "node-str": "dragRectangle"
    },
    {
      "type": "move-subtree",
      "node": {
        "label": "if",
        "type": "If"
      },
      "location-before-char-start": 18754,
      "location-before-char-end": 18816,
      "location-after-char-start": 19234,
      "location-after-char-end": 19296,
      "node-str": "if"
    },
    {
      "type": "insert-node",
      "node": {
        "label": "trim",
        "type": "LocalVariable"
      },
      "location-after-char-start": 19373,
      "location-after-char-end": 19419,
      "node-str": "trim"
    },
    {
      "type": "move-subtree",
      "node": {
        "label": "if",
        "type": "If"
      },
      "location-before-char-start": 18946,
      "location-before-char-end": 19012,
      "location-after-char-start": 19426,
      "location-after-char-end": 19492,
      "node-str": "if"
    },
    {
      "type": "move-subtree",
      "node": {
        "label": "track",
        "type": "Invocation"
      },
      "location-before-char-start": 19025,
      "location-before-char-end": 19051,
      "location-after-char-start": 19505,
      "location-after-char-end": 19531,
      "node-str": "track"
    },
    {
      "type": "insert-node",
      "node": {
        "label": "update",
        "type": "Invocation"
      },
      "location-after-char-start": 19590,
      "location-after-char-end": 19627,
      "node-str": "update"
    },
    {
      "type": "insert-node",
      "node": {
        "label": "return",
        "type": "Return"
      },
      "location-after-char-start": 19637,
      "location-after-char-end": 19654,
      "node-str": "return"
    },
    {
      "type": "insert-node",
      "node": {
        "label": "org.eclipse.ui.IWindowTrim",
        "type": "VARIABLE_TYPE"
      },
      "location-after-char-start": 0,
      "location-after-char-end": 0,
      "node-str": "org.eclipse.ui.IWindowTrim"
    },
    {
      "type": "insert-node",
      "node": {
        "label": "public",
        "type": "Modifier"
      },
      "location-after-char-start": 0,
      "location-after-char-end": 0,
      "node-str": "public"
    },
    {
      "type": "insert-node",
      "node": {
        "label": "int",
        "type": "VARIABLE_TYPE"
      },
      "location-after-char-start": 0,
      "location-after-char-end": 0,
      "node-str": "int"
    },
    {
      "type": "insert-node",
      "node": {
        "label": "100",
        "type": "Literal"
      },
      "location-after-char-start": 1708,
      "location-after-char-end": 1710,
      "node-str": "100"
    },
    {
      "type": "insert-node",
      "node": {
        "label": "java.util.List",
        "type": "VARIABLE_TYPE"
      },
      "location-after-char-start": 0,
      "location-after-char-end": 0,
      "node-str": "java.util.List"
    },
    {
      "type": "insert-node",
      "node": {
        "label": "java.util.ArrayList()",
        "type": "ConstructorCall"
      },
      "location-after-char-start": 1806,
      "location-after-char-end": 1820,
      "node-str": "java.util.ArrayList()"
    },
    {
      "type": "insert-node",
      "node": {
        "label": "org.eclipse.ui.internal.dnd.InsertCaret",
        "type": "VARIABLE_TYPE"
      },
      "location-after-char-start": 0,
      "location-after-char-end": 0,
      "node-str": "org.eclipse.ui.internal.dnd.InsertCaret"
    },
    {
      "type": "insert-node",
      "node": {
        "label": "org.eclipse.ui.internal.dnd.DragBorder",
        "type": "VARIABLE_TYPE"
      },
      "location-after-char-start": 0,
      "location-after-char-end": 0,
      "node-str": "org.eclipse.ui.internal.dnd.DragBorder"
    },
    {
      "type": "insert-node",
      "node": {
        "label": "null",
        "type": "Literal"
      },
      "location-after-char-start": 1891,
      "location-after-char-end": 1894,
      "node-str": "null"
    },
    {
      "type": "insert-node",
      "node": {
        "label": "boolean",
        "type": "VARIABLE_TYPE"
      },
      "location-after-char-start": 0,
      "location-after-char-end": 0,
      "node-str": "boolean"
    },
    {
      "type": "insert-node",
      "node": {
        "label": "true",
        "type": "Literal"
      },
      "location-after-char-start": 1927,
      "location-after-char-end": 1930,
      "node-str": "true"
    },
    {
      "type": "insert-node",
      "node": {
        "label": "int",
        "type": "VARIABLE_TYPE"
      },
      "location-after-char-start": 0,
      "location-after-char-end": 0,
      "node-str": "int"
    },
    {
      "type": "insert-node",
      "node": {
        "label": "int",
        "type": "VARIABLE_TYPE"
      },
      "location-after-char-start": 0,
      "location-after-char-end": 0,
      "node-str": "int"
    },
    {
      "type": "insert-node",
      "node": {
        "label": "org.eclipse.ui.IWindowTrim",
        "type": "VARIABLE_TYPE"
      },
      "location-after-char-start": 0,
      "location-after-char-end": 0,
      "node-str": "org.eclipse.ui.IWindowTrim"
    },
    {
      "type": "insert-node",
      "node": {
        "label": "setCurCaret",
        "type": "Invocation"
      },
      "location-after-char-start": 11984,
      "location-after-char-end": 12009,
      "node-str": "setCurCaret"
    },
    {
      "type": "insert-node",
      "node": {
        "label": "void",
        "type": "RETURN_TYPE"
      },
      "location-after-char-start": 0,
      "location-after-char-end": 0,
      "node-str": "void"
    },
    {
      "type": "insert-node",
      "node": {
        "label": "newCaret",
        "type": "Parameter"
      },
      "location-after-char-start": 12940,
      "location-after-char-end": 12959,
      "node-str": "newCaret"
    },
    {
      "type": "insert-node",
      "node": {
        "label": "if",
        "type": "If"
      },
      "location-after-char-start": 13023,
      "location-after-char-end": 13083,
      "node-str": "if"
    },
    {
      "type": "insert-node",
      "node": {
        "label": "\u003d",
        "type": "Assignment"
      },
      "location-after-char-start": 13104,
      "location-after-char-end": 13123,
      "node-str": "\u003d"
    },
    {
      "type": "insert-node",
      "node": {
        "label": "if",
        "type": "If"
      },
      "location-after-char-start": 13191,
      "location-after-char-end": 13250,
      "node-str": "if"
    },
    {
      "type": "insert-node",
      "node": {
        "label": "org.eclipse.swt.widgets.Control",
        "type": "VARIABLE_TYPE"
      },
      "location-after-char-start": 0,
      "location-after-char-end": 0,
      "node-str": "org.eclipse.swt.widgets.Control"
    },
    {
      "type": "insert-node",
      "node": {
        "label": "java.lang.Object",
        "type": "VARIABLE_TYPE"
      },
      "location-after-char-start": 0,
      "location-after-char-end": 0,
      "node-str": "java.lang.Object"
    },
    {
      "type": "insert-node",
      "node": {
        "label": "org.eclipse.swt.graphics.Point",
        "type": "VARIABLE_TYPE"
      },
      "location-after-char-start": 0,
      "location-after-char-end": 0,
      "node-str": "org.eclipse.swt.graphics.Point"
    },
    {
      "type": "insert-node",
      "node": {
        "label": "org.eclipse.swt.graphics.Rectangle",
        "type": "VARIABLE_TYPE"
      },
      "location-after-char-start": 0,
      "location-after-char-end": 0,
      "node-str": "org.eclipse.swt.graphics.Rectangle"
    },
    {
      "type": "insert-node",
      "node": {
        "label": "final",
        "type": "Modifier"
      },
      "location-after-char-start": 0,
      "location-after-char-end": 0,
      "node-str": "final"
    },
    {
      "type": "insert-node",
      "node": {
        "label": "org.eclipse.ui.IWindowTrim",
        "type": "VARIABLE_TYPE"
      },
      "location-after-char-start": 0,
      "location-after-char-end": 0,
      "node-str": "org.eclipse.ui.IWindowTrim"
    },
    {
      "type": "insert-node",
      "node": {
        "label": "draggedObject",
        "type": "VariableRead"
      },
      "location-after-char-start": 19392,
      "location-after-char-end": 19418,
      "node-str": "draggedObject"
    },
    {
      "type": "insert-node",
      "node": {
        "label": "getDisplay",
        "type": "Invocation"
      },
      "location-after-char-start": 19590,
      "location-after-char-end": 19617,
      "node-str": "getDisplay"
    },
    {
      "type": "insert-node",
      "node": {
        "label": "dropTarget",
        "type": "FieldRead"
      },
      "location-after-char-start": 19644,
      "location-after-char-end": 19653,
      "node-str": "dropTarget"
    },
    {
      "type": "insert-node",
      "node": {
        "label": "if",
        "type": "If"
      },
      "location-after-char-start": 3109,
      "location-after-char-end": 4000,
      "node-str": "if"
    },
    {
      "type": "move-subtree",
      "node": {
        "label": "org.eclipse.ui.internal.TrimDropTarget$ActualTrimDropTarget",
        "type": "TypeAccess"
      },
      "location-before-char-start": 0,
      "location-before-char-end": 0,
      "location-after-char-start": 0,
      "location-after-char-end": 0,
      "node-str": "org.eclipse.ui.internal.TrimDropTarget$ActualTrimDropTarget"
    },
    {
      "type": "move-subtree",
      "node": {
        "label": "closestCaret",
        "type": "VariableRead"
      },
      "location-before-char-start": 11881,
      "location-before-char-end": 11892,
      "location-after-char-start": 11996,
      "location-after-char-end": 12007,
      "node-str": "closestCaret"
    },
    {
      "type": "insert-node",
      "node": {
        "label": "org.eclipse.ui.internal.dnd.InsertCaret",
        "type": "VARIABLE_TYPE"
      },
      "location-after-char-start": 0,
      "location-after-char-end": 0,
      "node-str": "org.eclipse.ui.internal.dnd.InsertCaret"
    },
    {
      "type": "insert-node",
      "node": {
        "label": "NE",
        "type": "BinaryOperator"
      },
      "location-after-char-start": 13027,
      "location-after-char-end": 13042,
      "node-str": "NE"
    },
    {
      "type": "insert-node",
      "node": {
        "label": "THEN",
        "type": "then"
      },
      "location-after-char-start": 13055,
      "location-after-char-end": 13083,
      "node-str": "THEN"
    },
    {
      "type": "insert-node",
      "node": {
        "label": "curCaret",
        "type": "FieldWrite"
      },
      "location-after-char-start": 13104,
      "location-after-char-end": 13111,
      "node-str": "curCaret"
    },
    {
      "type": "insert-node",
      "node": {
        "label": "newCaret",
        "type": "VariableRead"
      },
      "location-after-char-start": 13115,
      "location-after-char-end": 13122,
      "node-str": "newCaret"
    },
    {
      "type": "insert-node",
      "node": {
        "label": "NE",
        "type": "BinaryOperator"
      },
      "location-after-char-start": 13195,
      "location-after-char-end": 13210,
      "node-str": "NE"
    },
    {
      "type": "insert-node",
      "node": {
        "label": "THEN",
        "type": "then"
      },
      "location-after-char-start": 13223,
      "location-after-char-end": 13250,
      "node-str": "THEN"
    },
    {
      "type": "insert-node",
      "node": {
        "label": "windowComposite",
        "type": "FieldRead"
      },
      "location-after-char-start": 19590,
      "location-after-char-end": 19604,
      "node-str": "windowComposite"
    },
    {
      "type": "insert-node",
      "node": {
        "label": "org.eclipse.ui.internal.TrimDropTarget",
        "type": "TypeAccess"
      },
      "location-after-char-start": 0,
      "location-after-char-end": 0,
      "node-str": "org.eclipse.ui.internal.TrimDropTarget"
    },
    {
      "type": "insert-node",
      "node": {
        "label": "NE",
        "type": "BinaryOperator"
      },
      "location-after-char-start": 3114,
      "location-after-char-end": 3148,
      "node-str": "NE"
    },
    {
      "type": "insert-node",
      "node": {
        "label": "THEN",
        "type": "then"
      },
      "location-after-char-start": 3151,
      "location-after-char-end": 4000,
      "node-str": "THEN"
    },
    {
      "type": "insert-node",
      "node": {
        "label": "setCurCaret",
        "type": "Invocation"
      },
      "location-after-char-start": 11693,
      "location-after-char-end": 11710,
      "node-str": "setCurCaret"
    },
    {
      "type": "insert-node",
      "node": {
        "label": "curCaret",
        "type": "FieldRead"
      },
      "location-after-char-start": 13027,
      "location-after-char-end": 13034,
      "node-str": "curCaret"
    },
    {
      "type": "insert-node",
      "node": {
        "label": "null",
        "type": "Literal"
      },
      "location-after-char-start": 13039,
      "location-after-char-end": 13042,
      "node-str": "null"
    },
    {
      "type": "insert-node",
      "node": {
        "label": "setHighlight",
        "type": "Invocation"
      },
      "location-after-char-start": 13055,
      "location-after-char-end": 13083,
      "node-str": "setHighlight"
    },
    {
      "type": "insert-node",
      "node": {
        "label": "org.eclipse.ui.internal.TrimDropTarget$ActualTrimDropTarget",
        "type": "TypeAccess"
      },
      "location-after-char-start": 0,
      "location-after-char-end": 0,
      "node-str": "org.eclipse.ui.internal.TrimDropTarget$ActualTrimDropTarget"
    },
    {
      "type": "insert-node",
      "node": {
        "label": "curCaret",
        "type": "FieldRead"
      },
      "location-after-char-start": 13195,
      "location-after-char-end": 13202,
      "node-str": "curCaret"
    },
    {
      "type": "insert-node",
      "node": {
        "label": "null",
        "type": "Literal"
      },
      "location-after-char-start": 13207,
      "location-after-char-end": 13210,
      "node-str": "null"
    },
    {
      "type": "insert-node",
      "node": {
        "label": "setHighlight",
        "type": "Invocation"
      },
      "location-after-char-start": 13223,
      "location-after-char-end": 13250,
      "node-str": "setHighlight"
    },
    {
      "type": "insert-node",
      "node": {
        "label": "org.eclipse.ui.internal.TrimDropTarget",
        "type": "TypeAccess"
      },
      "location-after-char-start": 0,
      "location-after-char-end": 0,
      "node-str": "org.eclipse.ui.internal.TrimDropTarget"
    },
    {
      "type": "insert-node",
      "node": {
        "label": "BITAND",
        "type": "BinaryOperator"
      },
      "location-after-char-start": 3114,
      "location-after-char-end": 3143,
      "node-str": "BITAND"
    },
    {
      "type": "insert-node",
      "node": {
        "label": "0",
        "type": "Literal"
      },
      "location-after-char-start": 3148,
      "location-after-char-end": 3148,
      "node-str": "0"
    },
    {
      "type": "move-subtree",
      "node": {
        "label": "",
        "type": "Switch"
      },
      "location-before-char-start": 3144,
      "location-before-char-end": 3888,
      "location-after-char-start": 3226,
      "location-after-char-end": 3994,
      "node-str": ""
    },
    {
      "type": "move-subtree",
      "node": {
        "label": "org.eclipse.ui.internal.TrimDropTarget$ActualTrimDropTarget",
        "type": "TypeAccess"
      },
      "location-before-char-start": 0,
      "location-before-char-end": 0,
      "location-after-char-start": 0,
      "location-after-char-end": 0,
      "node-str": "org.eclipse.ui.internal.TrimDropTarget$ActualTrimDropTarget"
    },
    {
      "type": "move-subtree",
      "node": {
        "label": "null",
        "type": "Literal"
      },
      "location-before-char-start": 11592,
      "location-before-char-end": 11595,
      "location-after-char-start": 11705,
      "location-after-char-end": 11708,
      "node-str": "null"
    },
    {
      "type": "insert-node",
      "node": {
        "label": "org.eclipse.ui.internal.TrimDropTarget$ActualTrimDropTarget",
        "type": "TypeAccess"
      },
      "location-after-char-start": 0,
      "location-after-char-end": 0,
      "node-str": "org.eclipse.ui.internal.TrimDropTarget$ActualTrimDropTarget"
    },
    {
      "type": "insert-node",
      "node": {
        "label": "curCaret",
        "type": "FieldRead"
      },
      "location-after-char-start": 13055,
      "location-after-char-end": 13062,
      "node-str": "curCaret"
    },
    {
      "type": "insert-node",
      "node": {
        "label": "false",
        "type": "Literal"
      },
      "location-after-char-start": 13077,
      "location-after-char-end": 13081,
      "node-str": "false"
    },
    {
      "type": "insert-node",
      "node": {
        "label": "org.eclipse.ui.internal.TrimDropTarget$ActualTrimDropTarget",
        "type": "TypeAccess"
      },
      "location-after-char-start": 0,
      "location-after-char-end": 0,
      "node-str": "org.eclipse.ui.internal.TrimDropTarget$ActualTrimDropTarget"
    },
    {
      "type": "insert-node",
      "node": {
        "label": "curCaret",
        "type": "FieldRead"
      },
      "location-after-char-start": 13223,
      "location-after-char-end": 13230,
      "node-str": "curCaret"
    },
    {
      "type": "insert-node",
      "node": {
        "label": "true",
        "type": "Literal"
      },
      "location-after-char-start": 13245,
      "location-after-char-end": 13248,
      "node-str": "true"
    },
    {
      "type": "insert-node",
      "node": {
        "label": "",
        "type": "ArrayRead"
      },
      "location-after-char-start": 3115,
      "location-after-char-end": 3124,
      "node-str": ""
    },
    {
      "type": "insert-node",
      "node": {
        "label": "getValidSides",
        "type": "Invocation"
      },
      "location-after-char-start": 3128,
      "location-after-char-end": 3142,
      "node-str": "getValidSides"
    },
    {
      "type": "insert-node",
      "node": {
        "label": "org.eclipse.ui.internal.TrimDropTarget$ActualTrimDropTarget",
        "type": "TypeAccess"
      },
      "location-after-char-start": 0,
      "location-after-char-end": 0,
      "node-str": "org.eclipse.ui.internal.TrimDropTarget$ActualTrimDropTarget"
    },
    {
      "type": "insert-node",
      "node": {
        "label": "org.eclipse.ui.internal.TrimDropTarget$ActualTrimDropTarget",
        "type": "TypeAccess"
      },
      "location-after-char-start": 0,
      "location-after-char-end": 0,
      "node-str": "org.eclipse.ui.internal.TrimDropTarget$ActualTrimDropTarget"
    },
    {
      "type": "insert-node",
      "node": {
        "label": "areaIds",
        "type": "VariableRead"
      },
      "location-after-char-start": 3115,
      "location-after-char-end": 3121,
      "node-str": "areaIds"
    },
    {
      "type": "insert-node",
      "node": {
        "label": "i",
        "type": "VariableRead"
      },
      "location-after-char-start": 3123,
      "location-after-char-end": 3123,
      "node-str": "i"
    },
    {
      "type": "insert-node",
      "node": {
        "label": "org.eclipse.ui.internal.TrimDropTarget$ActualTrimDropTarget",
        "type": "TypeAccess"
      },
      "location-after-char-start": 0,
      "location-after-char-end": 0,
      "node-str": "org.eclipse.ui.internal.TrimDropTarget$ActualTrimDropTarget"
    },
    {
      "type": "delete-node",
      "node": {
        "label": "final",
        "type": "Modifier"
      },
      "location-before-char-start": 0,
      "location-before-char-end": 0,
      "node-str": "final"
    },
    {
      "type": "delete-node",
      "node": {
        "label": "org.eclipse.ui.IWindowTrim",
        "type": "VARIABLE_TYPE"
      },
      "location-before-char-start": 0,
      "location-before-char-end": 0,
      "node-str": "org.eclipse.ui.IWindowTrim"
    },
    {
      "type": "delete-node",
      "node": {
        "label": "public",
        "type": "Modifier"
      },
      "location-before-char-start": 0,
      "location-before-char-end": 0,
      "node-str": "public"
    },
    {
      "type": "delete-node",
      "node": {
        "label": "draggedTrim",
        "type": "Field"
      },
      "location-before-char-start": 1607,
      "location-before-char-end": 1637,
      "node-str": "draggedTrim"
    },
    {
      "type": "delete-node",
      "node": {
        "label": "int",
        "type": "VARIABLE_TYPE"
      },
      "location-before-char-start": 0,
      "location-before-char-end": 0,
      "node-str": "int"
    },
    {
      "type": "delete-node",
      "node": {
        "label": "100",
        "type": "Literal"
      },
      "location-before-char-start": 1708,
      "location-before-char-end": 1710,
      "node-str": "100"
    },
    {
      "type": "delete-node",
      "node": {
        "label": "threshold",
        "type": "Field"
      },
      "location-before-char-start": 1656,
      "location-before-char-end": 1711,
      "node-str": "threshold"
    },
    {
      "type": "delete-node",
      "node": {
        "label": "java.util.List",
        "type": "VARIABLE_TYPE"
      },
      "location-before-char-start": 0,
      "location-before-char-end": 0,
      "node-str": "java.util.List"
    },
    {
      "type": "delete-node",
      "node": {
        "label": "java.util.ArrayList()",
        "type": "ConstructorCall"
      },
      "location-before-char-start": 1806,
      "location-before-char-end": 1820,
      "node-str": "java.util.ArrayList()"
    },
    {
      "type": "delete-node",
      "node": {
        "label": "insertCarets",
        "type": "Field"
      },
      "location-before-char-start": 1778,
      "location-before-char-end": 1821,
      "node-str": "insertCarets"
    },
    {
      "type": "delete-node",
      "node": {
        "label": "org.eclipse.ui.internal.dnd.InsertCaret",
        "type": "VARIABLE_TYPE"
      },
      "location-before-char-start": 0,
      "location-before-char-end": 0,
      "node-str": "org.eclipse.ui.internal.dnd.InsertCaret"
    },
    {
      "type": "delete-node",
      "node": {
        "label": "curCaret",
        "type": "Field"
      },
      "location-before-char-start": 1828,
      "location-before-char-end": 1856,
      "node-str": "curCaret"
    },
    {
      "type": "delete-node",
      "node": {
        "label": "org.eclipse.ui.internal.dnd.DragBorder",
        "type": "VARIABLE_TYPE"
      },
      "location-before-char-start": 0,
      "location-before-char-end": 0,
      "node-str": "org.eclipse.ui.internal.dnd.DragBorder"
    },
    {
      "type": "delete-node",
      "node": {
        "label": "null",
        "type": "Literal"
      },
      "location-before-char-start": 1891,
      "location-before-char-end": 1894,
      "node-str": "null"
    },
    {
      "type": "delete-node",
      "node": {
        "label": "border",
        "type": "Field"
      },
      "location-before-char-start": 1863,
      "location-before-char-end": 1895,
      "node-str": "border"
    },
    {
      "type": "delete-node",
      "node": {
        "label": "boolean",
        "type": "VARIABLE_TYPE"
      },
      "location-before-char-start": 0,
      "location-before-char-end": 0,
      "node-str": "boolean"
    },
    {
      "type": "delete-node",
      "node": {
        "label": "true",
        "type": "Literal"
      },
      "location-before-char-start": 1927,
      "location-before-char-end": 1930,
      "node-str": "true"
    },
    {
      "type": "delete-node",
      "node": {
        "label": "docked",
        "type": "Field"
      },
      "location-before-char-start": 1902,
      "location-before-char-end": 1931,
      "node-str": "docked"
    },
    {
      "type": "delete-node",
      "node": {
        "label": "int",
        "type": "VARIABLE_TYPE"
      },
      "location-before-char-start": 0,
      "location-before-char-end": 0,
      "node-str": "int"
    },
    {
      "type": "delete-node",
      "node": {
        "label": "cursorAreaId",
        "type": "Field"
      },
      "location-before-char-start": 1950,
      "location-before-char-end": 2049,
      "node-str": "cursorAreaId"
    },
    {
      "type": "delete-node",
      "node": {
        "label": "int",
        "type": "VARIABLE_TYPE"
      },
      "location-before-char-start": 0,
      "location-before-char-end": 0,
      "node-str": "int"
    },
    {
      "type": "delete-node",
      "node": {
        "label": "previousAreaId",
        "type": "Field"
      },
      "location-before-char-start": 2059,
      "location-before-char-end": 2085,
      "node-str": "previousAreaId"
    },
    {
      "type": "delete-node",
      "node": {
        "label": "org.eclipse.ui.IWindowTrim",
        "type": "VARIABLE_TYPE"
      },
      "location-before-char-start": 0,
      "location-before-char-end": 0,
      "node-str": "org.eclipse.ui.IWindowTrim"
    },
    {
      "type": "delete-node",
      "node": {
        "label": "previousInsertBefore",
        "type": "Field"
      },
      "location-before-char-start": 2095,
      "location-before-char-end": 2135,
      "node-str": "previousInsertBefore"
    },
    {
      "type": "delete-node",
      "node": {
        "label": "curCaret",
        "type": "FieldWrite"
      },
      "location-before-char-start": 11581,
      "location-before-char-end": 11588,
      "node-str": "curCaret"
    },
    {
      "type": "delete-node",
      "node": {
        "label": "\u003d",
        "type": "Assignment"
      },
      "location-before-char-start": 11581,
      "location-before-char-end": 11596,
      "node-str": "\u003d"
    },
    {
      "type": "delete-node",
      "node": {
        "label": "curCaret",
        "type": "FieldWrite"
      },
      "location-before-char-start": 11870,
      "location-before-char-end": 11877,
      "node-str": "curCaret"
    },
    {
      "type": "delete-node",
      "node": {
        "label": "\u003d",
        "type": "Assignment"
      },
      "location-before-char-start": 11870,
      "location-before-char-end": 11893,
      "node-str": "\u003d"
    },
    {
      "type": "delete-node",
      "node": {
        "label": "org.eclipse.ui.internal.TrimDropTarget$ActualTrimDropTarget",
        "type": "VARIABLE_TYPE"
      },
      "location-before-char-start": 0,
      "location-before-char-end": 0,
      "node-str": "org.eclipse.ui.internal.TrimDropTarget$ActualTrimDropTarget"
    },
    {
      "type": "delete-node",
      "node": {
        "label": "dropTarget",
        "type": "Field"
      },
      "location-before-char-start": 17557,
      "location-before-char-end": 17596,
      "node-str": "dropTarget"
    },
    {
      "type": "delete-node",
      "node": {
        "label": "org.eclipse.ui.internal.layout.TrimLayout",
        "type": "VARIABLE_TYPE"
      },
      "location-before-char-start": 0,
      "location-before-char-end": 0,
      "node-str": "org.eclipse.ui.internal.layout.TrimLayout"
    },
    {
      "type": "delete-node",
      "node": {
        "label": "layout",
        "type": "Field"
      },
      "location-before-char-start": 17607,
      "location-before-char-end": 17632,
      "node-str": "layout"
    },
    {
      "type": "delete-node",
      "node": {
        "label": "org.eclipse.swt.widgets.Composite",
        "type": "VARIABLE_TYPE"
      },
      "location-before-char-start": 0,
      "location-before-char-end": 0,
      "node-str": "org.eclipse.swt.widgets.Composite"
    },
    {
      "type": "delete-node",
      "node": {
        "label": "windowComposite",
        "type": "Field"
      },
      "location-before-char-start": 17638,
      "location-before-char-end": 17671,
      "node-str": "windowComposite"
    },
    {
      "type": "delete-node",
      "node": {
        "label": "org.eclipse.ui.internal.dnd.IDropTarget",
        "type": "RETURN_TYPE"
      },
      "location-before-char-start": 0,
      "location-before-char-end": 0,
      "node-str": "org.eclipse.ui.internal.dnd.IDropTarget"
    },
    {
      "type": "delete-node",
      "node": {
        "label": "public",
        "type": "Modifier"
      },
      "location-before-char-start": 0,
      "location-before-char-end": 0,
      "node-str": "public"
    },
    {
      "type": "delete-node",
      "node": {
        "label": "org.eclipse.swt.widgets.Control",
        "type": "VARIABLE_TYPE"
      },
      "location-before-char-start": 0,
      "location-before-char-end": 0,
      "node-str": "org.eclipse.swt.widgets.Control"
    },
    {
      "type": "delete-node",
      "node": {
        "label": "currentControl",
        "type": "Parameter"
      },
      "location-before-char-start": 18603,
      "location-before-char-end": 18624,
      "node-str": "currentControl"
    },
    {
      "type": "delete-node",
      "node": {
        "label": "java.lang.Object",
        "type": "VARIABLE_TYPE"
      },
      "location-before-char-start": 0,
      "location-before-char-end": 0,
      "node-str": "java.lang.Object"
    },
    {
      "type": "delete-node",
      "node": {
        "label": "draggedObject",
        "type": "Parameter"
      },
      "location-before-char-start": 18627,
      "location-before-char-end": 18646,
      "node-str": "draggedObject"
    },
    {
      "type": "delete-node",
      "node": {
        "label": "org.eclipse.swt.graphics.Point",
        "type": "VARIABLE_TYPE"
      },
      "location-before-char-start": 0,
      "location-before-char-end": 0,
      "node-str": "org.eclipse.swt.graphics.Point"
    },
    {
      "type": "delete-node",
      "node": {
        "label": "position",
        "type": "Parameter"
      },
      "location-before-char-start": 18661,
      "location-before-char-end": 18674,
      "node-str": "position"
    },
    {
      "type": "delete-node",
      "node": {
        "label": "org.eclipse.swt.graphics.Rectangle",
        "type": "VARIABLE_TYPE"
      },
      "location-before-char-start": 0,
      "location-before-char-end": 0,
      "node-str": "org.eclipse.swt.graphics.Rectangle"
    },
    {
      "type": "delete-node",
      "node": {
        "label": "final",
        "type": "Modifier"
      },
      "location-before-char-start": 0,
      "location-before-char-end": 0,
      "node-str": "final"
    },
    {
      "type": "delete-node",
      "node": {
        "label": "dragRectangle",
        "type": "Parameter"
      },
      "location-before-char-start": 18677,
      "location-before-char-end": 18705,
      "node-str": "dragRectangle"
    },
    {
      "type": "delete-node",
      "node": {
        "label": "org.eclipse.ui.IWindowTrim",
        "type": "VARIABLE_TYPE"
      },
      "location-before-char-start": 0,
      "location-before-char-end": 0,
      "node-str": "org.eclipse.ui.IWindowTrim"
    },
    {
      "type": "delete-node",
      "node": {
        "label": "draggedObject",
        "type": "VariableRead"
      },
      "location-before-char-start": 18912,
      "location-before-char-end": 18938,
      "node-str": "draggedObject"
    },
    {
      "type": "delete-node",
      "node": {
        "label": "trim",
        "type": "LocalVariable"
      },
      "location-before-char-start": 18893,
      "location-before-char-end": 18939,
      "node-str": "trim"
    },
    {
      "type": "delete-node",
      "node": {
        "label": "org.eclipse.ui.internal.TrimDropTarget",
        "type": "TypeAccess"
      },
      "location-before-char-start": 0,
      "location-before-char-end": 0,
      "node-str": "org.eclipse.ui.internal.TrimDropTarget"
    },
    {
      "type": "delete-node",
      "node": {
        "label": "windowComposite",
        "type": "FieldRead"
      },
      "location-before-char-start": 19110,
      "location-before-char-end": 19124,
      "node-str": "windowComposite"
    },
    {
      "type": "delete-node",
      "node": {
        "label": "getShell",
        "type": "Invocation"
      },
      "location-before-char-start": 19110,
      "location-before-char-end": 19135,
      "node-str": "getShell"
    },
    {
      "type": "delete-node",
      "node": {
        "label": "update",
        "type": "Invocation"
      },
      "location-before-char-start": 19110,
      "location-before-char-end": 19145,
      "node-str": "update"
    },
    {
      "type": "delete-node",
      "node": {
        "label": "org.eclipse.ui.internal.TrimDropTarget",
        "type": "TypeAccess"
      },
      "location-before-char-start": 0,
      "location-before-char-end": 0,
      "node-str": "org.eclipse.ui.internal.TrimDropTarget"
    },
    {
      "type": "delete-node",
      "node": {
        "label": "dropTarget",
        "type": "FieldRead"
      },
      "location-before-char-start": 19162,
      "location-before-char-end": 19171,
      "node-str": "dropTarget"
    },
    {
      "type": "delete-node",
      "node": {
        "label": "return",
        "type": "Return"
      },
      "location-before-char-start": 19155,
      "location-before-char-end": 19172,
      "node-str": "return"
    },
    {
      "type": "delete-node",
      "node": {
        "label": "drag",
        "type": "Method"
      },
      "location-before-char-start": 18368,
      "location-before-char-end": 19178,
      "node-str": "drag"
    }
  ],
  "before-file": {},
  "after-file": {},
  "mapping": {}
}