{
  "tool-info": {},
  "diff": [
    {
      "type": "insert-node",
      "node": {
        "label": "value",
        "type": "LocalVariable"
      },
      "location-after-char-start": 4692,
      "location-after-char-end": 4704,
      "node-str": "value"
    },
    {
      "type": "insert-node",
      "node": {
        "label": "",
        "type": "For"
      },
      "location-after-char-start": 4725,
      "location-after-char-end": 4920,
      "node-str": ""
    },
    {
      "type": "insert-node",
      "node": {
        "label": "",
        "type": "For"
      },
      "location-after-char-start": 5064,
      "location-after-char-end": 5259,
      "node-str": ""
    },
    {
      "type": "insert-node",
      "node": {
        "label": "",
        "type": "For"
      },
      "location-after-char-start": 5409,
      "location-after-char-end": 5673,
      "node-str": ""
    },
    {
      "type": "insert-node",
      "node": {
        "label": "java.lang.Object",
        "type": "VARIABLE_TYPE"
      },
      "location-after-char-start": 0,
      "location-after-char-end": 0,
      "node-str": "java.lang.Object"
    },
    {
      "type": "insert-node",
      "node": {
        "label": "j",
        "type": "LocalVariable"
      },
      "location-after-char-start": 4730,
      "location-after-char-end": 4738,
      "node-str": "j"
    },
    {
      "type": "insert-node",
      "node": {
        "label": "LT",
        "type": "BinaryOperator"
      },
      "location-after-char-start": 4741,
      "location-after-char-end": 4762,
      "node-str": "LT"
    },
    {
      "type": "insert-node",
      "node": {
        "label": "POSTINC",
        "type": "UnaryOperator"
      },
      "location-after-char-start": 4765,
      "location-after-char-end": 4767,
      "node-str": "POSTINC"
    },
    {
      "type": "insert-node",
      "node": {
        "label": "\u003d",
        "type": "Assignment"
      },
      "location-after-char-start": 4785,
      "location-after-char-end": 4812,
      "node-str": "\u003d"
    },
    {
      "type": "insert-node",
      "node": {
        "label": "if",
        "type": "If"
      },
      "location-after-char-start": 4827,
      "location-after-char-end": 4909,
      "node-str": "if"
    },
    {
      "type": "insert-node",
      "node": {
        "label": "j",
        "type": "LocalVariable"
      },
      "location-after-char-start": 5069,
      "location-after-char-end": 5077,
      "node-str": "j"
    },
    {
      "type": "insert-node",
      "node": {
        "label": "LT",
        "type": "BinaryOperator"
      },
      "location-after-char-start": 5080,
      "location-after-char-end": 5101,
      "node-str": "LT"
    },
    {
      "type": "insert-node",
      "node": {
        "label": "POSTINC",
        "type": "UnaryOperator"
      },
      "location-after-char-start": 5104,
      "location-after-char-end": 5106,
      "node-str": "POSTINC"
    },
    {
      "type": "insert-node",
      "node": {
        "label": "\u003d",
        "type": "Assignment"
      },
      "location-after-char-start": 5124,
      "location-after-char-end": 5151,
      "node-str": "\u003d"
    },
    {
      "type": "insert-node",
      "node": {
        "label": "if",
        "type": "If"
      },
      "location-after-char-start": 5166,
      "location-after-char-end": 5248,
      "node-str": "if"
    },
    {
      "type": "insert-node",
      "node": {
        "label": "j",
        "type": "LocalVariable"
      },
      "location-after-char-start": 5414,
      "location-after-char-end": 5422,
      "node-str": "j"
    },
    {
      "type": "insert-node",
      "node": {
        "label": "LT",
        "type": "BinaryOperator"
      },
      "location-after-char-start": 5425,
      "location-after-char-end": 5457,
      "node-str": "LT"
    },
    {
      "type": "insert-node",
      "node": {
        "label": "POSTINC",
        "type": "UnaryOperator"
      },
      "location-after-char-start": 5460,
      "location-after-char-end": 5462,
      "node-str": "POSTINC"
    },
    {
      "type": "insert-node",
      "node": {
        "label": "\u003d",
        "type": "Assignment"
      },
      "location-after-char-start": 5480,
      "location-after-char-end": 5507,
      "node-str": "\u003d"
    },
    {
      "type": "insert-node",
      "node": {
        "label": "if",
        "type": "If"
      },
      "location-after-char-start": 5522,
      "location-after-char-end": 5662,
      "node-str": "if"
    },
    {
      "type": "insert-node",
      "node": {
        "label": "int",
        "type": "VARIABLE_TYPE"
      },
      "location-after-char-start": 0,
      "location-after-char-end": 0,
      "node-str": "int"
    },
    {
      "type": "insert-node",
      "node": {
        "label": "0",
        "type": "Literal"
      },
      "location-after-char-start": 4738,
      "location-after-char-end": 4738,
      "node-str": "0"
    },
    {
      "type": "insert-node",
      "node": {
        "label": "j",
        "type": "VariableRead"
      },
      "location-after-char-start": 4741,
      "location-after-char-end": 4741,
      "node-str": "j"
    },
    {
      "type": "insert-node",
      "node": {
        "label": "length",
        "type": "FieldRead"
      },
      "location-after-char-start": 4745,
      "location-after-char-end": 4762,
      "node-str": "length"
    },
    {
      "type": "insert-node",
      "node": {
        "label": "j",
        "type": "VariableWrite"
      },
      "location-after-char-start": 4765,
      "location-after-char-end": 4765,
      "node-str": "j"
    },
    {
      "type": "insert-node",
      "node": {
        "label": "value",
        "type": "VariableWrite"
      },
      "location-after-char-start": 4785,
      "location-after-char-end": 4789,
      "node-str": "value"
    },
    {
      "type": "insert-node",
      "node": {
        "label": "readObject",
        "type": "Invocation"
      },
      "location-after-char-start": 4793,
      "location-after-char-end": 4811,
      "node-str": "readObject"
    },
    {
      "type": "insert-node",
      "node": {
        "label": "NE",
        "type": "BinaryOperator"
      },
      "location-after-char-start": 4831,
      "location-after-char-end": 4843,
      "node-str": "NE"
    },
    {
      "type": "insert-node",
      "node": {
        "label": "THEN",
        "type": "then"
      },
      "location-after-char-start": 4847,
      "location-after-char-end": 4909,
      "node-str": "THEN"
    },
    {
      "type": "insert-node",
      "node": {
        "label": "int",
        "type": "VARIABLE_TYPE"
      },
      "location-after-char-start": 0,
      "location-after-char-end": 0,
      "node-str": "int"
    },
    {
      "type": "insert-node",
      "node": {
        "label": "0",
        "type": "Literal"
      },
      "location-after-char-start": 5077,
      "location-after-char-end": 5077,
      "node-str": "0"
    },
    {
      "type": "insert-node",
      "node": {
        "label": "j",
        "type": "VariableRead"
      },
      "location-after-char-start": 5080,
      "location-after-char-end": 5080,
      "node-str": "j"
    },
    {
      "type": "insert-node",
      "node": {
        "label": "length",
        "type": "FieldRead"
      },
      "location-after-char-start": 5084,
      "location-after-char-end": 5101,
      "node-str": "length"
    },
    {
      "type": "insert-node",
      "node": {
        "label": "j",
        "type": "VariableWrite"
      },
      "location-after-char-start": 5104,
      "location-after-char-end": 5104,
      "node-str": "j"
    },
    {
      "type": "insert-node",
      "node": {
        "label": "value",
        "type": "VariableWrite"
      },
      "location-after-char-start": 5124,
      "location-after-char-end": 5128,
      "node-str": "value"
    },
    {
      "type": "insert-node",
      "node": {
        "label": "readObject",
        "type": "Invocation"
      },
      "location-after-char-start": 5132,
      "location-after-char-end": 5150,
      "node-str": "readObject"
    },
    {
      "type": "insert-node",
      "node": {
        "label": "NE",
        "type": "BinaryOperator"
      },
      "location-after-char-start": 5170,
      "location-after-char-end": 5182,
      "node-str": "NE"
    },
    {
      "type": "insert-node",
      "node": {
        "label": "THEN",
        "type": "then"
      },
      "location-after-char-start": 5186,
      "location-after-char-end": 5248,
      "node-str": "THEN"
    },
    {
      "type": "insert-node",
      "node": {
        "label": "int",
        "type": "VARIABLE_TYPE"
      },
      "location-after-char-start": 0,
      "location-after-char-end": 0,
      "node-str": "int"
    },
    {
      "type": "insert-node",
      "node": {
        "label": "0",
        "type": "Literal"
      },
      "location-after-char-start": 5422,
      "location-after-char-end": 5422,
      "node-str": "0"
    },
    {
      "type": "insert-node",
      "node": {
        "label": "j",
        "type": "VariableRead"
      },
      "location-after-char-start": 5425,
      "location-after-char-end": 5425,
      "node-str": "j"
    },
    {
      "type": "insert-node",
      "node": {
        "label": "size",
        "type": "Invocation"
      },
      "location-after-char-start": 5429,
      "location-after-char-end": 5457,
      "node-str": "size"
    },
    {
      "type": "insert-node",
      "node": {
        "label": "j",
        "type": "VariableWrite"
      },
      "location-after-char-start": 5460,
      "location-after-char-end": 5460,
      "node-str": "j"
    },
    {
      "type": "insert-node",
      "node": {
        "label": "value",
        "type": "VariableWrite"
      },
      "location-after-char-start": 5480,
      "location-after-char-end": 5484,
      "node-str": "value"
    },
    {
      "type": "insert-node",
      "node": {
        "label": "readObject",
        "type": "Invocation"
      },
      "location-after-char-start": 5488,
      "location-after-char-end": 5506,
      "node-str": "readObject"
    },
    {
      "type": "insert-node",
      "node": {
        "label": "NE",
        "type": "BinaryOperator"
      },
      "location-after-char-start": 5526,
      "location-after-char-end": 5538,
      "node-str": "NE"
    },
    {
      "type": "insert-node",
      "node": {
        "label": "THEN",
        "type": "then"
      },
      "location-after-char-start": 5542,
      "location-after-char-end": 5662,
      "node-str": "THEN"
    },
    {
      "type": "insert-node",
      "node": {
        "label": "columnNames",
        "type": "VariableRead"
      },
      "location-after-char-start": 4745,
      "location-after-char-end": 4755,
      "node-str": "columnNames"
    },
    {
      "type": "insert-node",
      "node": {
        "label": "reader",
        "type": "FieldRead"
      },
      "location-after-char-start": 4793,
      "location-after-char-end": 4798,
      "node-str": "reader"
    },
    {
      "type": "insert-node",
      "node": {
        "label": "value",
        "type": "VariableRead"
      },
      "location-after-char-start": 4831,
      "location-after-char-end": 4835,
      "node-str": "value"
    },
    {
      "type": "insert-node",
      "node": {
        "label": "null",
        "type": "Literal"
      },
      "location-after-char-start": 4840,
      "location-after-char-end": 4843,
      "node-str": "null"
    },
    {
      "type": "insert-node",
      "node": {
        "label": "set",
        "type": "Invocation"
      },
      "location-after-char-start": 4866,
      "location-after-char-end": 4894,
      "node-str": "set"
    },
    {
      "type": "insert-node",
      "node": {
        "label": "columnNames",
        "type": "VariableRead"
      },
      "location-after-char-start": 5084,
      "location-after-char-end": 5094,
      "node-str": "columnNames"
    },
    {
      "type": "insert-node",
      "node": {
        "label": "reader",
        "type": "FieldRead"
      },
      "location-after-char-start": 5132,
      "location-after-char-end": 5137,
      "node-str": "reader"
    },
    {
      "type": "insert-node",
      "node": {
        "label": "value",
        "type": "VariableRead"
      },
      "location-after-char-start": 5170,
      "location-after-char-end": 5174,
      "node-str": "value"
    },
    {
      "type": "insert-node",
      "node": {
        "label": "null",
        "type": "Literal"
      },
      "location-after-char-start": 5179,
      "location-after-char-end": 5182,
      "node-str": "null"
    },
    {
      "type": "insert-node",
      "node": {
        "label": "set",
        "type": "Invocation"
      },
      "location-after-char-start": 5205,
      "location-after-char-end": 5233,
      "node-str": "set"
    },
    {
      "type": "insert-node",
      "node": {
        "label": "additionalHeaderfields",
        "type": "FieldRead"
      },
      "location-after-char-start": 5429,
      "location-after-char-end": 5450,
      "node-str": "additionalHeaderfields"
    },
    {
      "type": "insert-node",
      "node": {
        "label": "reader",
        "type": "FieldRead"
      },
      "location-after-char-start": 5488,
      "location-after-char-end": 5493,
      "node-str": "reader"
    },
    {
      "type": "insert-node",
      "node": {
        "label": "value",
        "type": "VariableRead"
      },
      "location-after-char-start": 5526,
      "location-after-char-end": 5530,
      "node-str": "value"
    },
    {
      "type": "insert-node",
      "node": {
        "label": "null",
        "type": "Literal"
      },
      "location-after-char-start": 5535,
      "location-after-char-end": 5538,
      "node-str": "null"
    },
    {
      "type": "insert-node",
      "node": {
        "label": "set",
        "type": "Invocation"
      },
      "location-after-char-start": 5561,
      "location-after-char-end": 5647,
      "node-str": "set"
    },
    {
      "type": "insert-node",
      "node": {
        "label": "org.columba.mail.folder.headercache.AbstractHeaderCache",
        "type": "TypeAccess"
      },
      "location-after-char-start": 0,
      "location-after-char-end": 0,
      "node-str": "org.columba.mail.folder.headercache.AbstractHeaderCache"
    },
    {
      "type": "insert-node",
      "node": {
        "label": "h",
        "type": "VariableRead"
      },
      "location-after-char-start": 4866,
      "location-after-char-end": 4866,
      "node-str": "h"
    },
    {
      "type": "insert-node",
      "node": {
        "label": "",
        "type": "ArrayRead"
      },
      "location-after-char-start": 4872,
      "location-after-char-end": 4885,
      "node-str": ""
    },
    {
      "type": "insert-node",
      "node": {
        "label": "value",
        "type": "VariableRead"
      },
      "location-after-char-start": 4888,
      "location-after-char-end": 4892,
      "node-str": "value"
    },
    {
      "type": "insert-node",
      "node": {
        "label": "org.columba.mail.folder.headercache.AbstractHeaderCache",
        "type": "TypeAccess"
      },
      "location-after-char-start": 0,
      "location-after-char-end": 0,
      "node-str": "org.columba.mail.folder.headercache.AbstractHeaderCache"
    },
    {
      "type": "insert-node",
      "node": {
        "label": "h",
        "type": "VariableRead"
      },
      "location-after-char-start": 5205,
      "location-after-char-end": 5205,
      "node-str": "h"
    },
    {
      "type": "insert-node",
      "node": {
        "label": "",
        "type": "ArrayRead"
      },
      "location-after-char-start": 5211,
      "location-after-char-end": 5224,
      "node-str": ""
    },
    {
      "type": "insert-node",
      "node": {
        "label": "value",
        "type": "VariableRead"
      },
      "location-after-char-start": 5227,
      "location-after-char-end": 5231,
      "node-str": "value"
    },
    {
      "type": "insert-node",
      "node": {
        "label": "org.columba.mail.folder.headercache.AbstractHeaderCache",
        "type": "TypeAccess"
      },
      "location-after-char-start": 0,
      "location-after-char-end": 0,
      "node-str": "org.columba.mail.folder.headercache.AbstractHeaderCache"
    },
    {
      "type": "insert-node",
      "node": {
        "label": "org.columba.mail.folder.headercache.AbstractHeaderCache",
        "type": "TypeAccess"
      },
      "location-after-char-start": 0,
      "location-after-char-end": 0,
      "node-str": "org.columba.mail.folder.headercache.AbstractHeaderCache"
    },
    {
      "type": "insert-node",
      "node": {
        "label": "h",
        "type": "VariableRead"
      },
      "location-after-char-start": 5561,
      "location-after-char-end": 5561,
      "node-str": "h"
    },
    {
      "type": "insert-node",
      "node": {
        "label": "get",
        "type": "Invocation"
      },
      "location-after-char-start": 5567,
      "location-after-char-end": 5604,
      "node-str": "get"
    },
    {
      "type": "insert-node",
      "node": {
        "label": "value",
        "type": "VariableRead"
      },
      "location-after-char-start": 5632,
      "location-after-char-end": 5645,
      "node-str": "value"
    },
    {
      "type": "insert-node",
      "node": {
        "label": "columnNames",
        "type": "VariableRead"
      },
      "location-after-char-start": 4872,
      "location-after-char-end": 4882,
      "node-str": "columnNames"
    },
    {
      "type": "insert-node",
      "node": {
        "label": "j",
        "type": "VariableRead"
      },
      "location-after-char-start": 4884,
      "location-after-char-end": 4884,
      "node-str": "j"
    },
    {
      "type": "insert-node",
      "node": {
        "label": "columnNames",
        "type": "VariableRead"
      },
      "location-after-char-start": 5211,
      "location-after-char-end": 5221,
      "node-str": "columnNames"
    },
    {
      "type": "insert-node",
      "node": {
        "label": "j",
        "type": "VariableRead"
      },
      "location-after-char-start": 5223,
      "location-after-char-end": 5223,
      "node-str": "j"
    },
    {
      "type": "insert-node",
      "node": {
        "label": "additionalHeaderfields",
        "type": "FieldRead"
      },
      "location-after-char-start": 5576,
      "location-after-char-end": 5597,
      "node-str": "additionalHeaderfields"
    },
    {
      "type": "insert-node",
      "node": {
        "label": "j",
        "type": "VariableRead"
      },
      "location-after-char-start": 5603,
      "location-after-char-end": 5603,
      "node-str": "j"
    },
    {
      "type": "insert-node",
      "node": {
        "label": "org.columba.mail.folder.headercache.AbstractHeaderCache",
        "type": "TypeAccess"
      },
      "location-after-char-start": 0,
      "location-after-char-end": 0,
      "node-str": "org.columba.mail.folder.headercache.AbstractHeaderCache"
    },
    {
      "type": "delete-node",
      "node": {
        "label": "int",
        "type": "VARIABLE_TYPE"
      },
      "location-before-char-start": 0,
      "location-before-char-end": 0,
      "node-str": "int"
    },
    {
      "type": "delete-node",
      "node": {
        "label": "0",
        "type": "Literal"
      },
      "location-before-char-start": 4707,
      "location-before-char-end": 4707,
      "node-str": "0"
    },
    {
      "type": "delete-node",
      "node": {
        "label": "j",
        "type": "LocalVariable"
      },
      "location-before-char-start": 4699,
      "location-before-char-end": 4707,
      "node-str": "j"
    },
    {
      "type": "delete-node",
      "node": {
        "label": "j",
        "type": "VariableRead"
      },
      "location-before-char-start": 4710,
      "location-before-char-end": 4710,
      "node-str": "j"
    },
    {
      "type": "delete-node",
      "node": {
        "label": "columnNames",
        "type": "VariableRead"
      },
      "location-before-char-start": 4714,
      "location-before-char-end": 4724,
      "node-str": "columnNames"
    },
    {
      "type": "delete-node",
      "node": {
        "label": "length",
        "type": "FieldRead"
      },
      "location-before-char-start": 4714,
      "location-before-char-end": 4731,
      "node-str": "length"
    },
    {
      "type": "delete-node",
      "node": {
        "label": "LT",
        "type": "BinaryOperator"
      },
      "location-before-char-start": 4710,
      "location-before-char-end": 4731,
      "node-str": "LT"
    },
    {
      "type": "delete-node",
      "node": {
        "label": "j",
        "type": "VariableWrite"
      },
      "location-before-char-start": 4734,
      "location-before-char-end": 4734,
      "node-str": "j"
    },
    {
      "type": "delete-node",
      "node": {
        "label": "POSTINC",
        "type": "UnaryOperator"
      },
      "location-before-char-start": 4734,
      "location-before-char-end": 4736,
      "node-str": "POSTINC"
    },
    {
      "type": "delete-node",
      "node": {
        "label": "h",
        "type": "VariableRead"
      },
      "location-before-char-start": 4754,
      "location-before-char-end": 4754,
      "node-str": "h"
    },
    {
      "type": "delete-node",
      "node": {
        "label": "columnNames",
        "type": "VariableRead"
      },
      "location-before-char-start": 4760,
      "location-before-char-end": 4770,
      "node-str": "columnNames"
    },
    {
      "type": "delete-node",
      "node": {
        "label": "j",
        "type": "VariableRead"
      },
      "location-before-char-start": 4772,
      "location-before-char-end": 4772,
      "node-str": "j"
    },
    {
      "type": "delete-node",
      "node": {
        "label": "",
        "type": "ArrayRead"
      },
      "location-before-char-start": 4760,
      "location-before-char-end": 4773,
      "node-str": ""
    },
    {
      "type": "delete-node",
      "node": {
        "label": "org.columba.mail.folder.headercache.AbstractHeaderCache",
        "type": "TypeAccess"
      },
      "location-before-char-start": 0,
      "location-before-char-end": 0,
      "node-str": "org.columba.mail.folder.headercache.AbstractHeaderCache"
    },
    {
      "type": "delete-node",
      "node": {
        "label": "reader",
        "type": "FieldRead"
      },
      "location-before-char-start": 4776,
      "location-before-char-end": 4781,
      "node-str": "reader"
    },
    {
      "type": "delete-node",
      "node": {
        "label": "readObject",
        "type": "Invocation"
      },
      "location-before-char-start": 4776,
      "location-before-char-end": 4794,
      "node-str": "readObject"
    },
    {
      "type": "delete-node",
      "node": {
        "label": "set",
        "type": "Invocation"
      },
      "location-before-char-start": 4754,
      "location-before-char-end": 4796,
      "node-str": "set"
    },
    {
      "type": "delete-node",
      "node": {
        "label": "",
        "type": "For"
      },
      "location-before-char-start": 4694,
      "location-before-char-end": 4807,
      "node-str": ""
    },
    {
      "type": "delete-node",
      "node": {
        "label": "int",
        "type": "VARIABLE_TYPE"
      },
      "location-before-char-start": 0,
      "location-before-char-end": 0,
      "node-str": "int"
    },
    {
      "type": "delete-node",
      "node": {
        "label": "0",
        "type": "Literal"
      },
      "location-before-char-start": 4964,
      "location-before-char-end": 4964,
      "node-str": "0"
    },
    {
      "type": "delete-node",
      "node": {
        "label": "j",
        "type": "LocalVariable"
      },
      "location-before-char-start": 4956,
      "location-before-char-end": 4964,
      "node-str": "j"
    },
    {
      "type": "delete-node",
      "node": {
        "label": "j",
        "type": "VariableRead"
      },
      "location-before-char-start": 4967,
      "location-before-char-end": 4967,
      "node-str": "j"
    },
    {
      "type": "delete-node",
      "node": {
        "label": "columnNames",
        "type": "VariableRead"
      },
      "location-before-char-start": 4971,
      "location-before-char-end": 4981,
      "node-str": "columnNames"
    },
    {
      "type": "delete-node",
      "node": {
        "label": "length",
        "type": "FieldRead"
      },
      "location-before-char-start": 4971,
      "location-before-char-end": 4988,
      "node-str": "length"
    },
    {
      "type": "delete-node",
      "node": {
        "label": "LT",
        "type": "BinaryOperator"
      },
      "location-before-char-start": 4967,
      "location-before-char-end": 4988,
      "node-str": "LT"
    },
    {
      "type": "delete-node",
      "node": {
        "label": "j",
        "type": "VariableWrite"
      },
      "location-before-char-start": 4991,
      "location-before-char-end": 4991,
      "node-str": "j"
    },
    {
      "type": "delete-node",
      "node": {
        "label": "POSTINC",
        "type": "UnaryOperator"
      },
      "location-before-char-start": 4991,
      "location-before-char-end": 4993,
      "node-str": "POSTINC"
    },
    {
      "type": "delete-node",
      "node": {
        "label": "h",
        "type": "VariableRead"
      },
      "location-before-char-start": 5011,
      "location-before-char-end": 5011,
      "node-str": "h"
    },
    {
      "type": "delete-node",
      "node": {
        "label": "columnNames",
        "type": "VariableRead"
      },
      "location-before-char-start": 5017,
      "location-before-char-end": 5027,
      "node-str": "columnNames"
    },
    {
      "type": "delete-node",
      "node": {
        "label": "j",
        "type": "VariableRead"
      },
      "location-before-char-start": 5029,
      "location-before-char-end": 5029,
      "node-str": "j"
    },
    {
      "type": "delete-node",
      "node": {
        "label": "",
        "type": "ArrayRead"
      },
      "location-before-char-start": 5017,
      "location-before-char-end": 5030,
      "node-str": ""
    },
    {
      "type": "delete-node",
      "node": {
        "label": "org.columba.mail.folder.headercache.AbstractHeaderCache",
        "type": "TypeAccess"
      },
      "location-before-char-start": 0,
      "location-before-char-end": 0,
      "node-str": "org.columba.mail.folder.headercache.AbstractHeaderCache"
    },
    {
      "type": "delete-node",
      "node": {
        "label": "reader",
        "type": "FieldRead"
      },
      "location-before-char-start": 5033,
      "location-before-char-end": 5038,
      "node-str": "reader"
    },
    {
      "type": "delete-node",
      "node": {
        "label": "readObject",
        "type": "Invocation"
      },
      "location-before-char-start": 5033,
      "location-before-char-end": 5051,
      "node-str": "readObject"
    },
    {
      "type": "delete-node",
      "node": {
        "label": "set",
        "type": "Invocation"
      },
      "location-before-char-start": 5011,
      "location-before-char-end": 5053,
      "node-str": "set"
    },
    {
      "type": "delete-node",
      "node": {
        "label": "",
        "type": "For"
      },
      "location-before-char-start": 4951,
      "location-before-char-end": 5064,
      "node-str": ""
    },
    {
      "type": "delete-node",
      "node": {
        "label": "int",
        "type": "VARIABLE_TYPE"
      },
      "location-before-char-start": 0,
      "location-before-char-end": 0,
      "node-str": "int"
    },
    {
      "type": "delete-node",
      "node": {
        "label": "0",
        "type": "Literal"
      },
      "location-before-char-start": 5227,
      "location-before-char-end": 5227,
      "node-str": "0"
    },
    {
      "type": "delete-node",
      "node": {
        "label": "j",
        "type": "LocalVariable"
      },
      "location-before-char-start": 5219,
      "location-before-char-end": 5227,
      "node-str": "j"
    },
    {
      "type": "delete-node",
      "node": {
        "label": "j",
        "type": "VariableRead"
      },
      "location-before-char-start": 5230,
      "location-before-char-end": 5230,
      "node-str": "j"
    },
    {
      "type": "delete-node",
      "node": {
        "label": "org.columba.mail.folder.headercache.AbstractHeaderCache",
        "type": "TypeAccess"
      },
      "location-before-char-start": 0,
      "location-before-char-end": 0,
      "node-str": "org.columba.mail.folder.headercache.AbstractHeaderCache"
    },
    {
      "type": "delete-node",
      "node": {
        "label": "additionalHeaderfields",
        "type": "FieldRead"
      },
      "location-before-char-start": 5234,
      "location-before-char-end": 5255,
      "node-str": "additionalHeaderfields"
    },
    {
      "type": "delete-node",
      "node": {
        "label": "size",
        "type": "Invocation"
      },
      "location-before-char-start": 5234,
      "location-before-char-end": 5262,
      "node-str": "size"
    },
    {
      "type": "delete-node",
      "node": {
        "label": "LT",
        "type": "BinaryOperator"
      },
      "location-before-char-start": 5230,
      "location-before-char-end": 5262,
      "node-str": "LT"
    },
    {
      "type": "delete-node",
      "node": {
        "label": "j",
        "type": "VariableWrite"
      },
      "location-before-char-start": 5265,
      "location-before-char-end": 5265,
      "node-str": "j"
    },
    {
      "type": "delete-node",
      "node": {
        "label": "POSTINC",
        "type": "UnaryOperator"
      },
      "location-before-char-start": 5265,
      "location-before-char-end": 5267,
      "node-str": "POSTINC"
    },
    {
      "type": "delete-node",
      "node": {
        "label": "h",
        "type": "VariableRead"
      },
      "location-before-char-start": 5285,
      "location-before-char-end": 5285,
      "node-str": "h"
    },
    {
      "type": "delete-node",
      "node": {
        "label": "org.columba.mail.folder.headercache.AbstractHeaderCache",
        "type": "TypeAccess"
      },
      "location-before-char-start": 0,
      "location-before-char-end": 0,
      "node-str": "org.columba.mail.folder.headercache.AbstractHeaderCache"
    },
    {
      "type": "delete-node",
      "node": {
        "label": "additionalHeaderfields",
        "type": "FieldRead"
      },
      "location-before-char-start": 5300,
      "location-before-char-end": 5321,
      "node-str": "additionalHeaderfields"
    },
    {
      "type": "delete-node",
      "node": {
        "label": "j",
        "type": "VariableRead"
      },
      "location-before-char-start": 5327,
      "location-before-char-end": 5327,
      "node-str": "j"
    },
    {
      "type": "delete-node",
      "node": {
        "label": "get",
        "type": "Invocation"
      },
      "location-before-char-start": 5291,
      "location-before-char-end": 5328,
      "node-str": "get"
    },
    {
      "type": "delete-node",
      "node": {
        "label": "org.columba.mail.folder.headercache.AbstractHeaderCache",
        "type": "TypeAccess"
      },
      "location-before-char-start": 0,
      "location-before-char-end": 0,
      "node-str": "org.columba.mail.folder.headercache.AbstractHeaderCache"
    },
    {
      "type": "delete-node",
      "node": {
        "label": "reader",
        "type": "FieldRead"
      },
      "location-before-char-start": 5357,
      "location-before-char-end": 5362,
      "node-str": "reader"
    },
    {
      "type": "delete-node",
      "node": {
        "label": "readObject",
        "type": "Invocation"
      },
      "location-before-char-start": 5348,
      "location-before-char-end": 5375,
      "node-str": "readObject"
    },
    {
      "type": "delete-node",
      "node": {
        "label": "set",
        "type": "Invocation"
      },
      "location-before-char-start": 5285,
      "location-before-char-end": 5377,
      "node-str": "set"
    },
    {
      "type": "delete-node",
      "node": {
        "label": "",
        "type": "For"
      },
      "location-before-char-start": 5214,
      "location-before-char-end": 5388,
      "node-str": ""
    }
  ],
  "before-file": {},
  "after-file": {},
  "mapping": {}
}