{
  "tool-info": {},
  "diff": [
    {
      "type": "insert-node",
      "node": {
        "label": "abstract",
        "type": "Modifier"
      },
      "location-after-char-start": 0,
      "location-after-char-end": 0,
      "node-str": "abstract"
    },
    {
      "type": "insert-node",
      "node": {
        "label": "public",
        "type": "Modifier"
      },
      "location-after-char-start": 0,
      "location-after-char-end": 0,
      "node-str": "public"
    },
    {
      "type": "insert-node",
      "node": {
        "label": "aMethod",
        "type": "Method"
      },
      "location-after-char-start": 584,
      "location-after-char-end": 733,
      "node-str": "aMethod"
    },
    {
      "type": "insert-node",
      "node": {
        "label": "aClass",
        "type": "Method"
      },
      "location-after-char-start": 737,
      "location-after-char-end": 819,
      "node-str": "aClass"
    },
    {
      "type": "insert-node",
      "node": {
        "label": "classes",
        "type": "Method"
      },
      "location-after-char-start": 823,
      "location-after-char-end": 951,
      "node-str": "classes"
    },
    {
      "type": "insert-node",
      "node": {
        "label": "anErrorReport",
        "type": "Method"
      },
      "location-after-char-start": 955,
      "location-after-char-end": 1077,
      "node-str": "anErrorReport"
    },
    {
      "type": "insert-node",
      "node": {
        "label": "getRunner",
        "type": "Method"
      },
      "location-after-char-start": 1084,
      "location-after-char-end": 1118,
      "node-str": "getRunner"
    },
    {
      "type": "insert-node",
      "node": {
        "label": "filterWith",
        "type": "Method"
      },
      "location-after-char-start": 1122,
      "location-after-char-end": 1208,
      "node-str": "filterWith"
    },
    {
      "type": "insert-node",
      "node": {
        "label": "sortWith",
        "type": "Method"
      },
      "location-after-char-start": 1752,
      "location-after-char-end": 1855,
      "node-str": "sortWith"
    },
    {
      "type": "insert-node",
      "node": {
        "label": "org.junit.runner.Request",
        "type": "RETURN_TYPE"
      },
      "location-after-char-start": 0,
      "location-after-char-end": 0,
      "node-str": "org.junit.runner.Request"
    },
    {
      "type": "insert-node",
      "node": {
        "label": "public",
        "type": "Modifier"
      },
      "location-after-char-start": 0,
      "location-after-char-end": 0,
      "node-str": "public"
    },
    {
      "type": "insert-node",
      "node": {
        "label": "static",
        "type": "Modifier"
      },
      "location-after-char-start": 0,
      "location-after-char-end": 0,
      "node-str": "static"
    },
    {
      "type": "insert-node",
      "node": {
        "label": "clazz",
        "type": "Parameter"
      },
      "location-after-char-start": 614,
      "location-after-char-end": 627,
      "node-str": "clazz"
    },
    {
      "type": "insert-node",
      "node": {
        "label": "methodName",
        "type": "Parameter"
      },
      "location-after-char-start": 630,
      "location-after-char-end": 646,
      "node-str": "methodName"
    },
    {
      "type": "insert-node",
      "node": {
        "label": "return",
        "type": "Return"
      },
      "location-after-char-start": 653,
      "location-after-char-end": 730,
      "node-str": "return"
    },
    {
      "type": "insert-node",
      "node": {
        "label": "org.junit.runner.Request",
        "type": "RETURN_TYPE"
      },
      "location-after-char-start": 0,
      "location-after-char-end": 0,
      "node-str": "org.junit.runner.Request"
    },
    {
      "type": "insert-node",
      "node": {
        "label": "public",
        "type": "Modifier"
      },
      "location-after-char-start": 0,
      "location-after-char-end": 0,
      "node-str": "public"
    },
    {
      "type": "insert-node",
      "node": {
        "label": "static",
        "type": "Modifier"
      },
      "location-after-char-start": 0,
      "location-after-char-end": 0,
      "node-str": "static"
    },
    {
      "type": "insert-node",
      "node": {
        "label": "clazz",
        "type": "Parameter"
      },
      "location-after-char-start": 766,
      "location-after-char-end": 779,
      "node-str": "clazz"
    },
    {
      "type": "insert-node",
      "node": {
        "label": "return",
        "type": "Return"
      },
      "location-after-char-start": 786,
      "location-after-char-end": 816,
      "node-str": "return"
    },
    {
      "type": "insert-node",
      "node": {
        "label": "org.junit.runner.Request",
        "type": "RETURN_TYPE"
      },
      "location-after-char-start": 0,
      "location-after-char-end": 0,
      "node-str": "org.junit.runner.Request"
    },
    {
      "type": "insert-node",
      "node": {
        "label": "public",
        "type": "Modifier"
      },
      "location-after-char-start": 0,
      "location-after-char-end": 0,
      "node-str": "public"
    },
    {
      "type": "insert-node",
      "node": {
        "label": "static",
        "type": "Modifier"
      },
      "location-after-char-start": 0,
      "location-after-char-end": 0,
      "node-str": "static"
    },
    {
      "type": "insert-node",
      "node": {
        "label": "collectionName",
        "type": "Parameter"
      },
      "location-after-char-start": 853,
      "location-after-char-end": 873,
      "node-str": "collectionName"
    },
    {
      "type": "insert-node",
      "node": {
        "label": "classes",
        "type": "Parameter"
      },
      "location-after-char-start": 876,
      "location-after-char-end": 891,
      "node-str": "classes"
    },
    {
      "type": "insert-node",
      "node": {
        "label": "return",
        "type": "Return"
      },
      "location-after-char-start": 898,
      "location-after-char-end": 948,
      "node-str": "return"
    },
    {
      "type": "insert-node",
      "node": {
        "label": "org.junit.runner.Request",
        "type": "RETURN_TYPE"
      },
      "location-after-char-start": 0,
      "location-after-char-end": 0,
      "node-str": "org.junit.runner.Request"
    },
    {
      "type": "insert-node",
      "node": {
        "label": "public",
        "type": "Modifier"
      },
      "location-after-char-start": 0,
      "location-after-char-end": 0,
      "node-str": "public"
    },
    {
      "type": "insert-node",
      "node": {
        "label": "static",
        "type": "Modifier"
      },
      "location-after-char-start": 0,
      "location-after-char-end": 0,
      "node-str": "static"
    },
    {
      "type": "insert-node",
      "node": {
        "label": "klass",
        "type": "Parameter"
      },
      "location-after-char-start": 991,
      "location-after-char-end": 1004,
      "node-str": "klass"
    },
    {
      "type": "insert-node",
      "node": {
        "label": "cause",
        "type": "Parameter"
      },
      "location-after-char-start": 1007,
      "location-after-char-end": 1021,
      "node-str": "cause"
    },
    {
      "type": "insert-node",
      "node": {
        "label": "return",
        "type": "Return"
      },
      "location-after-char-start": 1028,
      "location-after-char-end": 1074,
      "node-str": "return"
    },
    {
      "type": "insert-node",
      "node": {
        "label": "org.junit.runner.Runner",
        "type": "RETURN_TYPE"
      },
      "location-after-char-start": 0,
      "location-after-char-end": 0,
      "node-str": "org.junit.runner.Runner"
    },
    {
      "type": "insert-node",
      "node": {
        "label": "abstract",
        "type": "Modifier"
      },
      "location-after-char-start": 0,
      "location-after-char-end": 0,
      "node-str": "abstract"
    },
    {
      "type": "insert-node",
      "node": {
        "label": "public",
        "type": "Modifier"
      },
      "location-after-char-start": 0,
      "location-after-char-end": 0,
      "node-str": "public"
    },
    {
      "type": "insert-node",
      "node": {
        "label": "org.junit.runner.Request",
        "type": "RETURN_TYPE"
      },
      "location-after-char-start": 0,
      "location-after-char-end": 0,
      "node-str": "org.junit.runner.Request"
    },
    {
      "type": "insert-node",
      "node": {
        "label": "public",
        "type": "Modifier"
      },
      "location-after-char-start": 0,
      "location-after-char-end": 0,
      "node-str": "public"
    },
    {
      "type": "insert-node",
      "node": {
        "label": "filter",
        "type": "Parameter"
      },
      "location-after-char-start": 1148,
      "location-after-char-end": 1160,
      "node-str": "filter"
    },
    {
      "type": "insert-node",
      "node": {
        "label": "return",
        "type": "Return"
      },
      "location-after-char-start": 1167,
      "location-after-char-end": 1205,
      "node-str": "return"
    },
    {
      "type": "insert-node",
      "node": {
        "label": "org.junit.runner.Request",
        "type": "RETURN_TYPE"
      },
      "location-after-char-start": 0,
      "location-after-char-end": 0,
      "node-str": "org.junit.runner.Request"
    },
    {
      "type": "insert-node",
      "node": {
        "label": "public",
        "type": "Modifier"
      },
      "location-after-char-start": 0,
      "location-after-char-end": 0,
      "node-str": "public"
    },
    {
      "type": "insert-node",
      "node": {
        "label": "comparator",
        "type": "Parameter"
      },
      "location-after-char-start": 1776,
      "location-after-char-end": 1802,
      "node-str": "comparator"
    },
    {
      "type": "insert-node",
      "node": {
        "label": "return",
        "type": "Return"
      },
      "location-after-char-start": 1809,
      "location-after-char-end": 1852,
      "node-str": "return"
    },
    {
      "type": "insert-node",
      "node": {
        "label": "java.lang.Class",
        "type": "VARIABLE_TYPE"
      },
      "location-after-char-start": 0,
      "location-after-char-end": 0,
      "node-str": "java.lang.Class"
    },
    {
      "type": "insert-node",
      "node": {
        "label": "java.lang.String",
        "type": "VARIABLE_TYPE"
      },
      "location-after-char-start": 0,
      "location-after-char-end": 0,
      "node-str": "java.lang.String"
    },
    {
      "type": "insert-node",
      "node": {
        "label": "filterWith",
        "type": "Invocation"
      },
      "location-after-char-start": 660,
      "location-after-char-end": 729,
      "node-str": "filterWith"
    },
    {
      "type": "insert-node",
      "node": {
        "label": "java.lang.Class",
        "type": "VARIABLE_TYPE"
      },
      "location-after-char-start": 0,
      "location-after-char-end": 0,
      "node-str": "java.lang.Class"
    },
    {
      "type": "insert-node",
      "node": {
        "label": "org.junit.runner.internal.request.ClassRequest(java.lang.Class)",
        "type": "ConstructorCall"
      },
      "location-after-char-start": 793,
      "location-after-char-end": 815,
      "node-str": "org.junit.runner.internal.request.ClassRequest(java.lang.Class)"
    },
    {
      "type": "insert-node",
      "node": {
        "label": "java.lang.String",
        "type": "VARIABLE_TYPE"
      },
      "location-after-char-start": 0,
      "location-after-char-end": 0,
      "node-str": "java.lang.String"
    },
    {
      "type": "insert-node",
      "node": {
        "label": "java.lang.Class[]",
        "type": "VARIABLE_TYPE"
      },
      "location-after-char-start": 0,
      "location-after-char-end": 0,
      "node-str": "java.lang.Class[]"
    },
    {
      "type": "insert-node",
      "node": {
        "label": "org.junit.runner.internal.request.ClassesRequest(java.lang.String,java.lang.Class[])",
        "type": "ConstructorCall"
      },
      "location-after-char-start": 905,
      "location-after-char-end": 947,
      "node-str": "org.junit.runner.internal.request.ClassesRequest(java.lang.String,java.lang.Class[])"
    },
    {
      "type": "insert-node",
      "node": {
        "label": "java.lang.Class",
        "type": "VARIABLE_TYPE"
      },
      "location-after-char-start": 0,
      "location-after-char-end": 0,
      "node-str": "java.lang.Class"
    },
    {
      "type": "insert-node",
      "node": {
        "label": "java.lang.Throwable",
        "type": "VARIABLE_TYPE"
      },
      "location-after-char-start": 0,
      "location-after-char-end": 0,
      "node-str": "java.lang.Throwable"
    },
    {
      "type": "insert-node",
      "node": {
        "label": "org.junit.runner.internal.request.ErrorReportingRequest(java.lang.Class,java.lang.Throwable)",
        "type": "ConstructorCall"
      },
      "location-after-char-start": 1035,
      "location-after-char-end": 1073,
      "node-str": "org.junit.runner.internal.request.ErrorReportingRequest(java.lang.Class,java.lang.Throwable)"
    },
    {
      "type": "insert-node",
      "node": {
        "label": "org.junit.runner.extensions.Filter",
        "type": "VARIABLE_TYPE"
      },
      "location-after-char-start": 0,
      "location-after-char-end": 0,
      "node-str": "org.junit.runner.extensions.Filter"
    },
    {
      "type": "insert-node",
      "node": {
        "label": "java.lang.Object()",
        "type": "ConstructorCall"
      },
      "location-after-char-start": 1174,
      "location-after-char-end": 1204,
      "node-str": "java.lang.Object()"
    },
    {
      "type": "insert-node",
      "node": {
        "label": "java.util.Comparator",
        "type": "VARIABLE_TYPE"
      },
      "location-after-char-start": 0,
      "location-after-char-end": 0,
      "node-str": "java.util.Comparator"
    },
    {
      "type": "insert-node",
      "node": {
        "label": "java.lang.Object()",
        "type": "ConstructorCall"
      },
      "location-after-char-start": 1816,
      "location-after-char-end": 1851,
      "node-str": "java.lang.Object()"
    },
    {
      "type": "insert-node",
      "node": {
        "label": "aClass",
        "type": "Invocation"
      },
      "location-after-char-start": 660,
      "location-after-char-end": 680,
      "node-str": "aClass"
    },
    {
      "type": "insert-node",
      "node": {
        "label": "org.junit.plan.LeafPlan(java.lang.Class,java.lang.String)",
        "type": "ConstructorCall"
      },
      "location-after-char-start": 698,
      "location-after-char-end": 728,
      "node-str": "org.junit.plan.LeafPlan(java.lang.Class,java.lang.String)"
    },
    {
      "type": "insert-node",
      "node": {
        "label": "clazz",
        "type": "VariableRead"
      },
      "location-after-char-start": 810,
      "location-after-char-end": 814,
      "node-str": "clazz"
    },
    {
      "type": "insert-node",
      "node": {
        "label": "collectionName",
        "type": "VariableRead"
      },
      "location-after-char-start": 924,
      "location-after-char-end": 937,
      "node-str": "collectionName"
    },
    {
      "type": "insert-node",
      "node": {
        "label": "classes",
        "type": "VariableRead"
      },
      "location-after-char-start": 940,
      "location-after-char-end": 946,
      "node-str": "classes"
    },
    {
      "type": "insert-node",
      "node": {
        "label": "klass",
        "type": "VariableRead"
      },
      "location-after-char-start": 1061,
      "location-after-char-end": 1065,
      "node-str": "klass"
    },
    {
      "type": "insert-node",
      "node": {
        "label": "cause",
        "type": "VariableRead"
      },
      "location-after-char-start": 1068,
      "location-after-char-end": 1072,
      "node-str": "cause"
    },
    {
      "type": "insert-node",
      "node": {
        "label": "this",
        "type": "ThisAccess"
      },
      "location-after-char-start": 1192,
      "location-after-char-end": 1195,
      "node-str": "this"
    },
    {
      "type": "insert-node",
      "node": {
        "label": "filter",
        "type": "VariableRead"
      },
      "location-after-char-start": 1198,
      "location-after-char-end": 1203,
      "node-str": "filter"
    },
    {
      "type": "insert-node",
      "node": {
        "label": "this",
        "type": "ThisAccess"
      },
      "location-after-char-start": 1835,
      "location-after-char-end": 1838,
      "node-str": "this"
    },
    {
      "type": "insert-node",
      "node": {
        "label": "comparator",
        "type": "VariableRead"
      },
      "location-after-char-start": 1841,
      "location-after-char-end": 1850,
      "node-str": "comparator"
    },
    {
      "type": "insert-node",
      "node": {
        "label": "org.junit.runner.Request",
        "type": "TypeAccess"
      },
      "location-after-char-start": 660,
      "location-after-char-end": 666,
      "node-str": "org.junit.runner.Request"
    },
    {
      "type": "insert-node",
      "node": {
        "label": "clazz",
        "type": "VariableRead"
      },
      "location-after-char-start": 675,
      "location-after-char-end": 679,
      "node-str": "clazz"
    },
    {
      "type": "insert-node",
      "node": {
        "label": "clazz",
        "type": "VariableRead"
      },
      "location-after-char-start": 711,
      "location-after-char-end": 715,
      "node-str": "clazz"
    },
    {
      "type": "insert-node",
      "node": {
        "label": "methodName",
        "type": "VariableRead"
      },
      "location-after-char-start": 718,
      "location-after-char-end": 727,
      "node-str": "methodName"
    },
    {
      "type": "insert-node",
      "node": {
        "label": "org.junit.runner.Request",
        "type": "TypeAccess"
      },
      "location-after-char-start": 0,
      "location-after-char-end": 0,
      "node-str": "org.junit.runner.Request"
    },
    {
      "type": "insert-node",
      "node": {
        "label": "org.junit.runner.Request",
        "type": "TypeAccess"
      },
      "location-after-char-start": 0,
      "location-after-char-end": 0,
      "node-str": "org.junit.runner.Request"
    },
    {
      "type": "delete-node",
      "node": {
        "label": "abstract",
        "type": "Modifier"
      },
      "location-before-char-start": 0,
      "location-before-char-end": 0,
      "node-str": "abstract"
    },
    {
      "type": "delete-node",
      "node": {
        "label": "public",
        "type": "Modifier"
      },
      "location-before-char-start": 0,
      "location-before-char-end": 0,
      "node-str": "public"
    },
    {
      "type": "delete-node",
      "node": {
        "label": "org.junit.runner.Request",
        "type": "RETURN_TYPE"
      },
      "location-before-char-start": 0,
      "location-before-char-end": 0,
      "node-str": "org.junit.runner.Request"
    },
    {
      "type": "delete-node",
      "node": {
        "label": "public",
        "type": "Modifier"
      },
      "location-before-char-start": 0,
      "location-before-char-end": 0,
      "node-str": "public"
    },
    {
      "type": "delete-node",
      "node": {
        "label": "static",
        "type": "Modifier"
      },
      "location-before-char-start": 0,
      "location-before-char-end": 0,
      "node-str": "static"
    },
    {
      "type": "delete-node",
      "node": {
        "label": "java.lang.Class",
        "type": "VARIABLE_TYPE"
      },
      "location-before-char-start": 0,
      "location-before-char-end": 0,
      "node-str": "java.lang.Class"
    },
    {
      "type": "delete-node",
      "node": {
        "label": "clazz",
        "type": "Parameter"
      },
      "location-before-char-start": 528,
      "location-before-char-end": 541,
      "node-str": "clazz"
    },
    {
      "type": "delete-node",
      "node": {
        "label": "java.lang.String",
        "type": "VARIABLE_TYPE"
      },
      "location-before-char-start": 0,
      "location-before-char-end": 0,
      "node-str": "java.lang.String"
    },
    {
      "type": "delete-node",
      "node": {
        "label": "methodName",
        "type": "Parameter"
      },
      "location-before-char-start": 544,
      "location-before-char-end": 560,
      "node-str": "methodName"
    },
    {
      "type": "delete-node",
      "node": {
        "label": "org.junit.runner.Request",
        "type": "TypeAccess"
      },
      "location-before-char-start": 574,
      "location-before-char-end": 580,
      "node-str": "org.junit.runner.Request"
    },
    {
      "type": "delete-node",
      "node": {
        "label": "clazz",
        "type": "VariableRead"
      },
      "location-before-char-start": 589,
      "location-before-char-end": 593,
      "node-str": "clazz"
    },
    {
      "type": "delete-node",
      "node": {
        "label": "aClass",
        "type": "Invocation"
      },
      "location-before-char-start": 574,
      "location-before-char-end": 594,
      "node-str": "aClass"
    },
    {
      "type": "delete-node",
      "node": {
        "label": "clazz",
        "type": "VariableRead"
      },
      "location-before-char-start": 625,
      "location-before-char-end": 629,
      "node-str": "clazz"
    },
    {
      "type": "delete-node",
      "node": {
        "label": "methodName",
        "type": "VariableRead"
      },
      "location-before-char-start": 632,
      "location-before-char-end": 641,
      "node-str": "methodName"
    },
    {
      "type": "delete-node",
      "node": {
        "label": "org.junit.plan.LeafPlan(java.lang.Class,java.lang.String)",
        "type": "ConstructorCall"
      },
      "location-before-char-start": 612,
      "location-before-char-end": 642,
      "node-str": "org.junit.plan.LeafPlan(java.lang.Class,java.lang.String)"
    },
    {
      "type": "delete-node",
      "node": {
        "label": "filterWith",
        "type": "Invocation"
      },
      "location-before-char-start": 574,
      "location-before-char-end": 643,
      "node-str": "filterWith"
    },
    {
      "type": "delete-node",
      "node": {
        "label": "return",
        "type": "Return"
      },
      "location-before-char-start": 567,
      "location-before-char-end": 644,
      "node-str": "return"
    },
    {
      "type": "delete-node",
      "node": {
        "label": "aMethod",
        "type": "Method"
      },
      "location-before-char-start": 498,
      "location-before-char-end": 647,
      "node-str": "aMethod"
    },
    {
      "type": "delete-node",
      "node": {
        "label": "org.junit.runner.Request",
        "type": "RETURN_TYPE"
      },
      "location-before-char-start": 0,
      "location-before-char-end": 0,
      "node-str": "org.junit.runner.Request"
    },
    {
      "type": "delete-node",
      "node": {
        "label": "public",
        "type": "Modifier"
      },
      "location-before-char-start": 0,
      "location-before-char-end": 0,
      "node-str": "public"
    },
    {
      "type": "delete-node",
      "node": {
        "label": "static",
        "type": "Modifier"
      },
      "location-before-char-start": 0,
      "location-before-char-end": 0,
      "node-str": "static"
    },
    {
      "type": "delete-node",
      "node": {
        "label": "java.lang.Class",
        "type": "VARIABLE_TYPE"
      },
      "location-before-char-start": 0,
      "location-before-char-end": 0,
      "node-str": "java.lang.Class"
    },
    {
      "type": "delete-node",
      "node": {
        "label": "clazz",
        "type": "Parameter"
      },
      "location-before-char-start": 680,
      "location-before-char-end": 693,
      "node-str": "clazz"
    },
    {
      "type": "delete-node",
      "node": {
        "label": "clazz",
        "type": "VariableRead"
      },
      "location-before-char-start": 724,
      "location-before-char-end": 728,
      "node-str": "clazz"
    },
    {
      "type": "delete-node",
      "node": {
        "label": "org.junit.runner.internal.request.ClassRequest(java.lang.Class)",
        "type": "ConstructorCall"
      },
      "location-before-char-start": 707,
      "location-before-char-end": 729,
      "node-str": "org.junit.runner.internal.request.ClassRequest(java.lang.Class)"
    },
    {
      "type": "delete-node",
      "node": {
        "label": "return",
        "type": "Return"
      },
      "location-before-char-start": 700,
      "location-before-char-end": 730,
      "node-str": "return"
    },
    {
      "type": "delete-node",
      "node": {
        "label": "aClass",
        "type": "Method"
      },
      "location-before-char-start": 651,
      "location-before-char-end": 733,
      "node-str": "aClass"
    },
    {
      "type": "delete-node",
      "node": {
        "label": "org.junit.runner.Request",
        "type": "RETURN_TYPE"
      },
      "location-before-char-start": 0,
      "location-before-char-end": 0,
      "node-str": "org.junit.runner.Request"
    },
    {
      "type": "delete-node",
      "node": {
        "label": "public",
        "type": "Modifier"
      },
      "location-before-char-start": 0,
      "location-before-char-end": 0,
      "node-str": "public"
    },
    {
      "type": "delete-node",
      "node": {
        "label": "static",
        "type": "Modifier"
      },
      "location-before-char-start": 0,
      "location-before-char-end": 0,
      "node-str": "static"
    },
    {
      "type": "delete-node",
      "node": {
        "label": "java.lang.String",
        "type": "VARIABLE_TYPE"
      },
      "location-before-char-start": 0,
      "location-before-char-end": 0,
      "node-str": "java.lang.String"
    },
    {
      "type": "delete-node",
      "node": {
        "label": "name",
        "type": "Parameter"
      },
      "location-before-char-start": 767,
      "location-before-char-end": 777,
      "node-str": "name"
    },
    {
      "type": "delete-node",
      "node": {
        "label": "java.lang.Class[]",
        "type": "VARIABLE_TYPE"
      },
      "location-before-char-start": 0,
      "location-before-char-end": 0,
      "node-str": "java.lang.Class[]"
    },
    {
      "type": "delete-node",
      "node": {
        "label": "classes",
        "type": "Parameter"
      },
      "location-before-char-start": 780,
      "location-before-char-end": 795,
      "node-str": "classes"
    },
    {
      "type": "delete-node",
      "node": {
        "label": "name",
        "type": "VariableRead"
      },
      "location-before-char-start": 828,
      "location-before-char-end": 831,
      "node-str": "name"
    },
    {
      "type": "delete-node",
      "node": {
        "label": "classes",
        "type": "VariableRead"
      },
      "location-before-char-start": 834,
      "location-before-char-end": 840,
      "node-str": "classes"
    },
    {
      "type": "delete-node",
      "node": {
        "label": "org.junit.runner.internal.request.ClassesRequest(java.lang.String,java.lang.Class[])",
        "type": "ConstructorCall"
      },
      "location-before-char-start": 809,
      "location-before-char-end": 841,
      "node-str": "org.junit.runner.internal.request.ClassesRequest(java.lang.String,java.lang.Class[])"
    },
    {
      "type": "delete-node",
      "node": {
        "label": "return",
        "type": "Return"
      },
      "location-before-char-start": 802,
      "location-before-char-end": 842,
      "node-str": "return"
    },
    {
      "type": "delete-node",
      "node": {
        "label": "classes",
        "type": "Method"
      },
      "location-before-char-start": 737,
      "location-before-char-end": 845,
      "node-str": "classes"
    },
    {
      "type": "delete-node",
      "node": {
        "label": "org.junit.runner.Request",
        "type": "RETURN_TYPE"
      },
      "location-before-char-start": 0,
      "location-before-char-end": 0,
      "node-str": "org.junit.runner.Request"
    },
    {
      "type": "delete-node",
      "node": {
        "label": "public",
        "type": "Modifier"
      },
      "location-before-char-start": 0,
      "location-before-char-end": 0,
      "node-str": "public"
    },
    {
      "type": "delete-node",
      "node": {
        "label": "static",
        "type": "Modifier"
      },
      "location-before-char-start": 0,
      "location-before-char-end": 0,
      "node-str": "static"
    },
    {
      "type": "delete-node",
      "node": {
        "label": "java.lang.Class",
        "type": "VARIABLE_TYPE"
      },
      "location-before-char-start": 0,
      "location-before-char-end": 0,
      "node-str": "java.lang.Class"
    },
    {
      "type": "delete-node",
      "node": {
        "label": "klass",
        "type": "Parameter"
      },
      "location-before-char-start": 885,
      "location-before-char-end": 898,
      "node-str": "klass"
    },
    {
      "type": "delete-node",
      "node": {
        "label": "java.lang.Throwable",
        "type": "VARIABLE_TYPE"
      },
      "location-before-char-start": 0,
      "location-before-char-end": 0,
      "node-str": "java.lang.Throwable"
    },
    {
      "type": "delete-node",
      "node": {
        "label": "cause",
        "type": "Parameter"
      },
      "location-before-char-start": 901,
      "location-before-char-end": 915,
      "node-str": "cause"
    },
    {
      "type": "delete-node",
      "node": {
        "label": "klass",
        "type": "VariableRead"
      },
      "location-before-char-start": 955,
      "location-before-char-end": 959,
      "node-str": "klass"
    },
    {
      "type": "delete-node",
      "node": {
        "label": "cause",
        "type": "VariableRead"
      },
      "location-before-char-start": 962,
      "location-before-char-end": 966,
      "node-str": "cause"
    },
    {
      "type": "delete-node",
      "node": {
        "label": "org.junit.runner.internal.request.ErrorReportingRequest(java.lang.Class,java.lang.Throwable)",
        "type": "ConstructorCall"
      },
      "location-before-char-start": 929,
      "location-before-char-end": 967,
      "node-str": "org.junit.runner.internal.request.ErrorReportingRequest(java.lang.Class,java.lang.Throwable)"
    },
    {
      "type": "delete-node",
      "node": {
        "label": "return",
        "type": "Return"
      },
      "location-before-char-start": 922,
      "location-before-char-end": 968,
      "node-str": "return"
    },
    {
      "type": "delete-node",
      "node": {
        "label": "anErrorReport",
        "type": "Method"
      },
      "location-before-char-start": 849,
      "location-before-char-end": 971,
      "node-str": "anErrorReport"
    },
    {
      "type": "delete-node",
      "node": {
        "label": "org.junit.runner.Runner",
        "type": "RETURN_TYPE"
      },
      "location-before-char-start": 0,
      "location-before-char-end": 0,
      "node-str": "org.junit.runner.Runner"
    },
    {
      "type": "delete-node",
      "node": {
        "label": "abstract",
        "type": "Modifier"
      },
      "location-before-char-start": 0,
      "location-before-char-end": 0,
      "node-str": "abstract"
    },
    {
      "type": "delete-node",
      "node": {
        "label": "public",
        "type": "Modifier"
      },
      "location-before-char-start": 0,
      "location-before-char-end": 0,
      "node-str": "public"
    },
    {
      "type": "delete-node",
      "node": {
        "label": "getRunner",
        "type": "Method"
      },
      "location-before-char-start": 978,
      "location-before-char-end": 1012,
      "node-str": "getRunner"
    },
    {
      "type": "delete-node",
      "node": {
        "label": "org.junit.runner.Request",
        "type": "RETURN_TYPE"
      },
      "location-before-char-start": 0,
      "location-before-char-end": 0,
      "node-str": "org.junit.runner.Request"
    },
    {
      "type": "delete-node",
      "node": {
        "label": "public",
        "type": "Modifier"
      },
      "location-before-char-start": 0,
      "location-before-char-end": 0,
      "node-str": "public"
    },
    {
      "type": "delete-node",
      "node": {
        "label": "org.junit.runner.extensions.Filter",
        "type": "VARIABLE_TYPE"
      },
      "location-before-char-start": 0,
      "location-before-char-end": 0,
      "node-str": "org.junit.runner.extensions.Filter"
    },
    {
      "type": "delete-node",
      "node": {
        "label": "filter",
        "type": "Parameter"
      },
      "location-before-char-start": 1042,
      "location-before-char-end": 1054,
      "node-str": "filter"
    },
    {
      "type": "delete-node",
      "node": {
        "label": "org.junit.runner.Request",
        "type": "TypeAccess"
      },
      "location-before-char-start": 0,
      "location-before-char-end": 0,
      "node-str": "org.junit.runner.Request"
    },
    {
      "type": "delete-node",
      "node": {
        "label": "this",
        "type": "ThisAccess"
      },
      "location-before-char-start": 1086,
      "location-before-char-end": 1089,
      "node-str": "this"
    },
    {
      "type": "delete-node",
      "node": {
        "label": "filter",
        "type": "VariableRead"
      },
      "location-before-char-start": 1092,
      "location-before-char-end": 1097,
      "node-str": "filter"
    },
    {
      "type": "delete-node",
      "node": {
        "label": "java.lang.Object()",
        "type": "ConstructorCall"
      },
      "location-before-char-start": 1068,
      "location-before-char-end": 1098,
      "node-str": "java.lang.Object()"
    },
    {
      "type": "delete-node",
      "node": {
        "label": "return",
        "type": "Return"
      },
      "location-before-char-start": 1061,
      "location-before-char-end": 1099,
      "node-str": "return"
    },
    {
      "type": "delete-node",
      "node": {
        "label": "filterWith",
        "type": "Method"
      },
      "location-before-char-start": 1016,
      "location-before-char-end": 1102,
      "node-str": "filterWith"
    },
    {
      "type": "delete-node",
      "node": {
        "label": "org.junit.runner.Request",
        "type": "RETURN_TYPE"
      },
      "location-before-char-start": 0,
      "location-before-char-end": 0,
      "node-str": "org.junit.runner.Request"
    },
    {
      "type": "delete-node",
      "node": {
        "label": "static",
        "type": "Modifier"
      },
      "location-before-char-start": 0,
      "location-before-char-end": 0,
      "node-str": "static"
    },
    {
      "type": "delete-node",
      "node": {
        "label": "java.lang.Class[]",
        "type": "VARIABLE_TYPE"
      },
      "location-before-char-start": 0,
      "location-before-char-end": 0,
      "node-str": "java.lang.Class[]"
    },
    {
      "type": "delete-node",
      "node": {
        "label": "testClasses",
        "type": "Parameter"
      },
      "location-before-char-start": 1669,
      "location-before-char-end": 1688,
      "node-str": "testClasses"
    },
    {
      "type": "delete-node",
      "node": {
        "label": "\"All\"",
        "type": "Literal"
      },
      "location-before-char-start": 1710,
      "location-before-char-end": 1714,
      "node-str": "\"All\""
    },
    {
      "type": "delete-node",
      "node": {
        "label": "testClasses",
        "type": "VariableRead"
      },
      "location-before-char-start": 1717,
      "location-before-char-end": 1727,
      "node-str": "testClasses"
    },
    {
      "type": "delete-node",
      "node": {
        "label": "classes",
        "type": "Invocation"
      },
      "location-before-char-start": 1702,
      "location-before-char-end": 1728,
      "node-str": "classes"
    },
    {
      "type": "delete-node",
      "node": {
        "label": "return",
        "type": "Return"
      },
      "location-before-char-start": 1695,
      "location-before-char-end": 1729,
      "node-str": "return"
    },
    {
      "type": "delete-node",
      "node": {
        "label": "classes",
        "type": "Method"
      },
      "location-before-char-start": 1646,
      "location-before-char-end": 1732,
      "node-str": "classes"
    }
  ],
  "before-file": {},
  "after-file": {},
  "mapping": {}
}