{
  "tool-info": {},
  "diff": [
    {
      "type": "insert-node",
      "node": {
        "label": "",
        "type": "TypeReference"
      },
      "location-after-char-start": 1278,
      "location-after-char-end": 1287,
      "node-str": ""
    },
    {
      "type": "insert-node",
      "node": {
        "label": "selection",
        "type": "Field"
      },
      "location-after-char-start": 1323,
      "location-after-char-end": 1361,
      "node-str": "selection"
    },
    {
      "type": "insert-node",
      "node": {
        "label": "viewer",
        "type": "Field"
      },
      "location-after-char-start": 1391,
      "location-after-char-end": 1416,
      "node-str": "viewer"
    },
    {
      "type": "insert-node",
      "node": {
        "label": "reg",
        "type": "Field"
      },
      "location-after-char-start": 1419,
      "location-after-char-end": 1449,
      "node-str": "reg"
    },
    {
      "type": "insert-node",
      "node": {
        "label": "chosenCapability",
        "type": "Field"
      },
      "location-after-char-start": 1452,
      "location-after-char-end": 1487,
      "node-str": "chosenCapability"
    },
    {
      "type": "insert-node",
      "node": {
        "label": "createControl",
        "type": "Method"
      },
      "location-after-char-start": 2028,
      "location-after-char-end": 3459,
      "node-str": "createControl"
    },
    {
      "type": "insert-node",
      "node": {
        "label": "getContentProvider",
        "type": "Method"
      },
      "location-after-char-start": 3464,
      "location-after-char-end": 4247,
      "node-str": "getContentProvider"
    },
    {
      "type": "insert-node",
      "node": {
        "label": "WizardPage",
        "type": "SUPER_TYPE"
      },
      "location-after-char-start": 0,
      "location-after-char-end": 0,
      "node-str": "WizardPage"
    },
    {
      "type": "insert-node",
      "node": {
        "label": "org.eclipse.ui.internal.dialogs.IStructuredSelection",
        "type": "VARIABLE_TYPE"
      },
      "location-after-char-start": 0,
      "location-after-char-end": 0,
      "node-str": "org.eclipse.ui.internal.dialogs.IStructuredSelection"
    },
    {
      "type": "insert-node",
      "node": {
        "label": "org.eclipse.ui.internal.dialogs.TreeViewer",
        "type": "VARIABLE_TYPE"
      },
      "location-after-char-start": 0,
      "location-after-char-end": 0,
      "node-str": "org.eclipse.ui.internal.dialogs.TreeViewer"
    },
    {
      "type": "insert-node",
      "node": {
        "label": "org.eclipse.ui.internal.dialogs.CapabilityRegistry",
        "type": "VARIABLE_TYPE"
      },
      "location-after-char-start": 0,
      "location-after-char-end": 0,
      "node-str": "org.eclipse.ui.internal.dialogs.CapabilityRegistry"
    },
    {
      "type": "insert-node",
      "node": {
        "label": "org.eclipse.ui.internal.dialogs.Capability",
        "type": "VARIABLE_TYPE"
      },
      "location-after-char-start": 0,
      "location-after-char-end": 0,
      "node-str": "org.eclipse.ui.internal.dialogs.Capability"
    },
    {
      "type": "move-subtree",
      "node": {
        "label": "void",
        "type": "RETURN_TYPE"
      },
      "location-before-char-start": 0,
      "location-before-char-end": 0,
      "location-after-char-start": 0,
      "location-after-char-end": 0,
      "node-str": "void"
    },
    {
      "type": "move-subtree",
      "node": {
        "label": "public",
        "type": "Modifier"
      },
      "location-before-char-start": 0,
      "location-before-char-end": 0,
      "location-after-char-start": 0,
      "location-after-char-end": 0,
      "node-str": "public"
    },
    {
      "type": "move-subtree",
      "node": {
        "label": "parent",
        "type": "Parameter"
      },
      "location-before-char-start": 2686,
      "location-before-char-end": 2701,
      "location-after-char-start": 2112,
      "location-after-char-end": 2127,
      "node-str": "parent"
    },
    {
      "type": "move-subtree",
      "node": {
        "label": "topContainer",
        "type": "LocalVariable"
      },
      "location-before-char-start": 2708,
      "location-before-char-end": 2764,
      "location-after-char-start": 2134,
      "location-after-char-end": 2190,
      "node-str": "topContainer"
    },
    {
      "type": "move-subtree",
      "node": {
        "label": "setLayout",
        "type": "Invocation"
      },
      "location-before-char-start": 2768,
      "location-before-char-end": 2808,
      "location-after-char-start": 2194,
      "location-after-char-end": 2234,
      "node-str": "setLayout"
    },
    {
      "type": "move-subtree",
      "node": {
        "label": "setLayoutData",
        "type": "Invocation"
      },
      "location-before-char-start": 2812,
      "location-before-char-end": 2872,
      "location-after-char-start": 2238,
      "location-after-char-end": 2298,
      "node-str": "setLayoutData"
    },
    {
      "type": "move-subtree",
      "node": {
        "label": "label",
        "type": "LocalVariable"
      },
      "location-before-char-start": 2877,
      "location-before-char-end": 2924,
      "location-after-char-start": 2303,
      "location-after-char-end": 2350,
      "node-str": "label"
    },
    {
      "type": "move-subtree",
      "node": {
        "label": "setText",
        "type": "Invocation"
      },
      "location-before-char-start": 2928,
      "location-before-char-end": 3018,
      "location-after-char-start": 2354,
      "location-after-char-end": 2444,
      "node-str": "setText"
    },
    {
      "type": "move-subtree",
      "node": {
        "label": "data",
        "type": "LocalVariable"
      },
      "location-before-char-start": 3036,
      "location-before-char-end": 3066,
      "location-after-char-start": 2462,
      "location-after-char-end": 2492,
      "node-str": "data"
    },
    {
      "type": "move-subtree",
      "node": {
        "label": "\u003d",
        "type": "Assignment"
      },
      "location-before-char-start": 3070,
      "location-before-char-end": 3102,
      "location-after-char-start": 2496,
      "location-after-char-end": 2528,
      "node-str": "\u003d"
    },
    {
      "type": "move-subtree",
      "node": {
        "label": "setLayoutData",
        "type": "Invocation"
      },
      "location-before-char-start": 3106,
      "location-before-char-end": 3131,
      "location-after-char-start": 2532,
      "location-after-char-end": 2557,
      "node-str": "setLayoutData"
    },
    {
      "type": "move-subtree",
      "node": {
        "label": "\u003d",
        "type": "Assignment"
      },
      "location-before-char-start": 3138,
      "location-before-char-end": 3230,
      "location-after-char-start": 2564,
      "location-after-char-end": 2656,
      "node-str": "\u003d"
    },
    {
      "type": "move-subtree",
      "node": {
        "label": "setLayoutData",
        "type": "Invocation"
      },
      "location-before-char-start": 3234,
      "location-before-char-end": 3298,
      "location-after-char-start": 2660,
      "location-after-char-end": 2724,
      "node-str": "setLayoutData"
    },
    {
      "type": "move-subtree",
      "node": {
        "label": "setLabelProvider",
        "type": "Invocation"
      },
      "location-before-char-start": 3302,
      "location-before-char-end": 3355,
      "location-after-char-start": 2728,
      "location-after-char-end": 2781,
      "node-str": "setLabelProvider"
    },
    {
      "type": "move-subtree",
      "node": {
        "label": "setContentProvider",
        "type": "Invocation"
      },
      "location-before-char-start": 3359,
      "location-before-char-end": 3406,
      "location-after-char-start": 2785,
      "location-after-char-end": 2832,
      "node-str": "setContentProvider"
    },
    {
      "type": "move-subtree",
      "node": {
        "label": "setInput",
        "type": "Invocation"
      },
      "location-before-char-start": 3410,
      "location-before-char-end": 3430,
      "location-after-char-start": 2836,
      "location-after-char-end": 2856,
      "node-str": "setInput"
    },
    {
      "type": "insert-node",
      "node": {
        "label": "addSelectionChangedListener",
        "type": "Invocation"
      },
      "location-after-char-start": 2863,
      "location-after-char-end": 3425,
      "node-str": "addSelectionChangedListener"
    },
    {
      "type": "move-subtree",
      "node": {
        "label": "setControl",
        "type": "Invocation"
      },
      "location-before-char-start": 4006,
      "location-before-char-end": 4030,
      "location-after-char-start": 3432,
      "location-after-char-end": 3456,
      "node-str": "setControl"
    },
    {
      "type": "insert-node",
      "node": {
        "label": "org.eclipse.ui.internal.dialogs.IContentProvider",
        "type": "RETURN_TYPE"
      },
      "location-after-char-start": 0,
      "location-after-char-end": 0,
      "node-str": "org.eclipse.ui.internal.dialogs.IContentProvider"
    },
    {
      "type": "insert-node",
      "node": {
        "label": "return",
        "type": "Return"
      },
      "location-after-char-start": 3572,
      "location-after-char-end": 4244,
      "node-str": "return"
    },
    {
      "type": "update-node",
      "node": {
        "label": "org.eclipse.jface.wizard.IWizardPage",
        "type": "RETURN_TYPE"
      },
      "location-before-char-start": 0,
      "location-before-char-end": 0,
      "location-after-char-start": 0,
      "location-after-char-end": 0,
      "node-str": "org.eclipse.ui.internal.dialogs.IWizardPage"
    },
    {
      "type": "insert-node",
      "node": {
        "label": "caps",
        "type": "LocalVariable"
      },
      "location-after-char-start": 5162,
      "location-after-char-end": 5217,
      "node-str": "caps"
    },
    {
      "type": "insert-node",
      "node": {
        "label": "prereqs",
        "type": "LocalVariable"
      },
      "location-after-char-start": 5513,
      "location-after-char-end": 5561,
      "node-str": "prereqs"
    },
    {
      "type": "insert-node",
      "node": {
        "label": "newCaps",
        "type": "LocalVariable"
      },
      "location-after-char-start": 6492,
      "location-after-char-end": 6546,
      "node-str": "newCaps"
    },
    {
      "type": "update-node",
      "node": {
        "label": "org.eclipse.jface.viewers.IStructuredSelection",
        "type": "VARIABLE_TYPE"
      },
      "location-before-char-start": 0,
      "location-before-char-end": 0,
      "location-after-char-start": 0,
      "location-after-char-end": 0,
      "node-str": "IStructuredSelection"
    },
    {
      "type": "move-subtree",
      "node": {
        "label": "viewer",
        "type": "FieldRead"
      },
      "location-before-char-start": 3437,
      "location-before-char-end": 3442,
      "location-after-char-start": 2863,
      "location-after-char-end": 2868,
      "node-str": "viewer"
    },
    {
      "type": "insert-node",
      "node": {
        "label": "ISelectionChangedListener()",
        "type": "NewClass"
      },
      "location-after-char-start": 2898,
      "location-after-char-end": 3423,
      "node-str": "ISelectionChangedListener()"
    },
    {
      "type": "insert-node",
      "node": {
        "label": "org.eclipse.ui.model.WorkbenchContentProvider()",
        "type": "NewClass"
      },
      "location-after-char-start": 3579,
      "location-after-char-end": 4243,
      "node-str": "org.eclipse.ui.model.WorkbenchContentProvider()"
    },
    {
      "type": "update-node",
      "node": {
        "label": "org.eclipse.jface.wizard.IWizard[]",
        "type": "VARIABLE_TYPE"
      },
      "location-before-char-start": 0,
      "location-before-char-end": 0,
      "location-after-char-start": 0,
      "location-after-char-end": 0,
      "node-str": "IWizard[]"
    },
    {
      "type": "update-node",
      "node": {
        "label": "org.eclipse.jface.wizard.IWizardPage",
        "type": "VARIABLE_TYPE"
      },
      "location-before-char-start": 0,
      "location-before-char-end": 0,
      "location-after-char-start": 0,
      "location-after-char-end": 0,
      "node-str": "IWizardPage"
    },
    {
      "type": "insert-node",
      "node": {
        "label": "Capability[]",
        "type": "VARIABLE_TYPE"
      },
      "location-after-char-start": 0,
      "location-after-char-end": 0,
      "node-str": "Capability[]"
    },
    {
      "type": "move-subtree",
      "node": {
        "label": "getProjectCapabilities",
        "type": "Invocation"
      },
      "location-before-char-start": 5756,
      "location-before-char-end": 5790,
      "location-after-char-start": 5182,
      "location-after-char-end": 5216,
      "node-str": "getProjectCapabilities"
    },
    {
      "type": "insert-node",
      "node": {
        "label": "Capability[]",
        "type": "VARIABLE_TYPE"
      },
      "location-after-char-start": 0,
      "location-after-char-end": 0,
      "node-str": "Capability[]"
    },
    {
      "type": "move-subtree",
      "node": {
        "label": "findCapabilities",
        "type": "Invocation"
      },
      "location-before-char-start": 6110,
      "location-before-char-end": 6134,
      "location-after-char-start": 5536,
      "location-after-char-end": 5560,
      "node-str": "findCapabilities"
    },
    {
      "type": "insert-node",
      "node": {
        "label": "Capability[]",
        "type": "VARIABLE_TYPE"
      },
      "location-after-char-start": 0,
      "location-after-char-end": 0,
      "node-str": "Capability[]"
    },
    {
      "type": "move-subtree",
      "node": {
        "label": "",
        "type": "NewArray"
      },
      "location-before-char-start": 7089,
      "location-before-char-end": 7119,
      "location-after-char-start": 6515,
      "location-after-char-end": 6545,
      "node-str": ""
    },
    {
      "type": "insert-node",
      "node": {
        "label": "1",
        "type": "Class"
      },
      "location-after-char-start": 2930,
      "location-after-char-end": 3423,
      "node-str": "1"
    },
    {
      "type": "insert-node",
      "node": {
        "label": "2",
        "type": "Class"
      },
      "location-after-char-start": 3610,
      "location-after-char-end": 4243,
      "node-str": "2"
    },
    {
      "type": "insert-node",
      "node": {
        "label": "",
        "type": "TypeReference"
      },
      "location-after-char-start": 0,
      "location-after-char-end": 0,
      "node-str": ""
    },
    {
      "type": "insert-node",
      "node": {
        "label": "selectionChanged",
        "type": "Method"
      },
      "location-after-char-start": 2935,
      "location-after-char-end": 3419,
      "node-str": "selectionChanged"
    },
    {
      "type": "move-subtree",
      "node": {
        "label": "",
        "type": "TypeReference"
      },
      "location-before-char-start": 0,
      "location-before-char-end": 0,
      "location-after-char-start": 0,
      "location-after-char-end": 0,
      "node-str": ""
    },
    {
      "type": "move-subtree",
      "node": {
        "label": "getChildren",
        "type": "Method"
      },
      "location-before-char-start": 4189,
      "location-before-char-end": 4587,
      "location-after-char-start": 3615,
      "location-after-char-end": 4013,
      "node-str": "getChildren"
    },
    {
      "type": "insert-node",
      "node": {
        "label": "hasChildren",
        "type": "Method"
      },
      "location-after-char-start": 4022,
      "location-after-char-end": 4239,
      "node-str": "hasChildren"
    },
    {
      "type": "insert-node",
      "node": {
        "label": "ISelectionChangedListener",
        "type": "SUPER_TYPE"
      },
      "location-after-char-start": 0,
      "location-after-char-end": 0,
      "node-str": "ISelectionChangedListener"
    },
    {
      "type": "move-subtree",
      "node": {
        "label": "void",
        "type": "RETURN_TYPE"
      },
      "location-before-char-start": 0,
      "location-before-char-end": 0,
      "location-after-char-start": 0,
      "location-after-char-end": 0,
      "node-str": "void"
    },
    {
      "type": "move-subtree",
      "node": {
        "label": "public",
        "type": "Modifier"
      },
      "location-before-char-start": 0,
      "location-before-char-end": 0,
      "location-after-char-start": 0,
      "location-after-char-end": 0,
      "node-str": "public"
    },
    {
      "type": "insert-node",
      "node": {
        "label": "event",
        "type": "Parameter"
      },
      "location-after-char-start": 2964,
      "location-after-char-end": 2990,
      "node-str": "event"
    },
    {
      "type": "move-subtree",
      "node": {
        "label": "\u003d",
        "type": "Assignment"
      },
      "location-before-char-start": 3573,
      "location-before-char-end": 3596,
      "location-after-char-start": 2999,
      "location-after-char-end": 3022,
      "node-str": "\u003d"
    },
    {
      "type": "insert-node",
      "node": {
        "label": "if",
        "type": "If"
      },
      "location-after-char-start": 3028,
      "location-after-char-end": 3360,
      "node-str": "if"
    },
    {
      "type": "move-subtree",
      "node": {
        "label": "setPageComplete",
        "type": "Invocation"
      },
      "location-before-char-start": 3945,
      "location-before-char-end": 3988,
      "location-after-char-start": 3371,
      "location-after-char-end": 3414,
      "node-str": "setPageComplete"
    },
    {
      "type": "move-subtree",
      "node": {
        "label": "boolean",
        "type": "RETURN_TYPE"
      },
      "location-before-char-start": 0,
      "location-before-char-end": 0,
      "location-after-char-start": 0,
      "location-after-char-end": 0,
      "node-str": "boolean"
    },
    {
      "type": "move-subtree",
      "node": {
        "label": "public",
        "type": "Modifier"
      },
      "location-before-char-start": 0,
      "location-before-char-end": 0,
      "location-after-char-start": 0,
      "location-after-char-end": 0,
      "node-str": "public"
    },
    {
      "type": "move-subtree",
      "node": {
        "label": "element",
        "type": "Parameter"
      },
      "location-before-char-start": 4623,
      "location-before-char-end": 4636,
      "location-after-char-start": 4049,
      "location-after-char-end": 4062,
      "node-str": "element"
    },
    {
      "type": "insert-node",
      "node": {
        "label": "if",
        "type": "If"
      },
      "location-after-char-start": 4071,
      "location-after-char-end": 4130,
      "node-str": "if"
    },
    {
      "type": "insert-node",
      "node": {
        "label": "if",
        "type": "If"
      },
      "location-after-char-start": 4136,
      "location-after-char-end": 4216,
      "node-str": "if"
    },
    {
      "type": "move-subtree",
      "node": {
        "label": "return",
        "type": "Return"
      },
      "location-before-char-start": 4796,
      "location-before-char-end": 4808,
      "location-after-char-start": 4222,
      "location-after-char-end": 4234,
      "node-str": "return"
    },
    {
      "type": "insert-node",
      "node": {
        "label": "SelectionChangedEvent",
        "type": "VARIABLE_TYPE"
      },
      "location-after-char-start": 0,
      "location-after-char-end": 0,
      "node-str": "SelectionChangedEvent"
    },
    {
      "type": "insert-node",
      "node": {
        "label": "INSTANCEOF",
        "type": "BinaryOperator"
      },
      "location-after-char-start": 3032,
      "location-after-char-end": 3083,
      "node-str": "INSTANCEOF"
    },
    {
      "type": "insert-node",
      "node": {
        "label": "THEN",
        "type": "then"
      },
      "location-after-char-start": 3086,
      "location-after-char-end": 3360,
      "node-str": "THEN"
    },
    {
      "type": "insert-node",
      "node": {
        "label": "INSTANCEOF",
        "type": "BinaryOperator"
      },
      "location-after-char-start": 4075,
      "location-after-char-end": 4111,
      "node-str": "INSTANCEOF"
    },
    {
      "type": "move-subtree",
      "node": {
        "label": "THEN",
        "type": "then"
      },
      "location-before-char-start": 4693,
      "location-before-char-end": 4704,
      "location-after-char-start": 4119,
      "location-after-char-end": 4130,
      "node-str": "THEN"
    },
    {
      "type": "insert-node",
      "node": {
        "label": "INSTANCEOF",
        "type": "BinaryOperator"
      },
      "location-after-char-start": 4140,
      "location-after-char-end": 4167,
      "node-str": "INSTANCEOF"
    },
    {
      "type": "move-subtree",
      "node": {
        "label": "THEN",
        "type": "then"
      },
      "location-before-char-start": 4749,
      "location-before-char-end": 4790,
      "location-after-char-start": 4175,
      "location-after-char-end": 4216,
      "node-str": "THEN"
    },
    {
      "type": "move-subtree",
      "node": {
        "label": "getSelection",
        "type": "Invocation"
      },
      "location-before-char-start": 3606,
      "location-before-char-end": 3625,
      "location-after-char-start": 3032,
      "location-after-char-end": 3051,
      "node-str": "getSelection"
    },
    {
      "type": "insert-node",
      "node": {
        "label": "IStructuredSelection",
        "type": "TypeAccess"
      },
      "location-after-char-start": 3064,
      "location-after-char-end": 3083,
      "node-str": "IStructuredSelection"
    },
    {
      "type": "insert-node",
      "node": {
        "label": "sel",
        "type": "LocalVariable"
      },
      "location-after-char-start": 3093,
      "location-after-char-end": 3163,
      "node-str": "sel"
    },
    {
      "type": "insert-node",
      "node": {
        "label": "if",
        "type": "If"
      },
      "location-after-char-start": 3170,
      "location-after-char-end": 3354,
      "node-str": "if"
    },
    {
      "type": "update-node",
      "node": {
        "label": "org.eclipse.ui.internal.registry.CapabilityRegistry",
        "type": "TypeAccess"
      },
      "location-before-char-start": 4274,
      "location-before-char-end": 4291,
      "location-after-char-start": 3700,
      "location-after-char-end": 3717,
      "node-str": "CapabilityRegistry"
    },
    {
      "type": "update-node",
      "node": {
        "label": "org.eclipse.ui.internal.registry.ICategory",
        "type": "TypeAccess"
      },
      "location-before-char-start": 4489,
      "location-before-char-end": 4497,
      "location-after-char-start": 3915,
      "location-after-char-end": 3923,
      "node-str": "ICategory"
    },
    {
      "type": "move-subtree",
      "node": {
        "label": "element",
        "type": "VariableRead"
      },
      "location-before-char-start": 4649,
      "location-before-char-end": 4655,
      "location-after-char-start": 4075,
      "location-after-char-end": 4081,
      "node-str": "element"
    },
    {
      "type": "insert-node",
      "node": {
        "label": "CapabilityRegistry",
        "type": "TypeAccess"
      },
      "location-after-char-start": 4094,
      "location-after-char-end": 4111,
      "node-str": "CapabilityRegistry"
    },
    {
      "type": "move-subtree",
      "node": {
        "label": "element",
        "type": "VariableRead"
      },
      "location-before-char-start": 4714,
      "location-before-char-end": 4720,
      "location-after-char-start": 4140,
      "location-after-char-end": 4146,
      "node-str": "element"
    },
    {
      "type": "insert-node",
      "node": {
        "label": "ICategory",
        "type": "TypeAccess"
      },
      "location-after-char-start": 4159,
      "location-after-char-end": 4167,
      "node-str": "ICategory"
    },
    {
      "type": "insert-node",
      "node": {
        "label": "IStructuredSelection",
        "type": "VARIABLE_TYPE"
      },
      "location-after-char-start": 0,
      "location-after-char-end": 0,
      "node-str": "IStructuredSelection"
    },
    {
      "type": "move-subtree",
      "node": {
        "label": "getSelection",
        "type": "Invocation"
      },
      "location-before-char-start": 3694,
      "location-before-char-end": 3736,
      "location-after-char-start": 3120,
      "location-after-char-end": 3162,
      "node-str": "getSelection"
    },
    {
      "type": "move-subtree",
      "node": {
        "label": "AND",
        "type": "BinaryOperator"
      },
      "location-before-char-start": 3748,
      "location-before-char-end": 3776,
      "location-after-char-start": 3174,
      "location-after-char-end": 3202,
      "node-str": "AND"
    },
    {
      "type": "insert-node",
      "node": {
        "label": "THEN",
        "type": "then"
      },
      "location-after-char-start": 3205,
      "location-after-char-end": 3354,
      "node-str": "THEN"
    },
    {
      "type": "move-subtree",
      "node": {
        "label": "result",
        "type": "LocalVariable"
      },
      "location-before-char-start": 3787,
      "location-before-char-end": 3824,
      "location-after-char-start": 3213,
      "location-after-char-end": 3250,
      "node-str": "result"
    },
    {
      "type": "insert-node",
      "node": {
        "label": "if",
        "type": "If"
      },
      "location-after-char-start": 3258,
      "location-after-char-end": 3347,
      "node-str": "if"
    },
    {
      "type": "insert-node",
      "node": {
        "label": "INSTANCEOF",
        "type": "BinaryOperator"
      },
      "location-after-char-start": 3262,
      "location-after-char-end": 3289,
      "node-str": "INSTANCEOF"
    },
    {
      "type": "move-subtree",
      "node": {
        "label": "THEN",
        "type": "then"
      },
      "location-before-char-start": 3866,
      "location-before-char-end": 3921,
      "location-after-char-start": 3292,
      "location-after-char-end": 3347,
      "node-str": "THEN"
    },
    {
      "type": "move-subtree",
      "node": {
        "label": "result",
        "type": "VariableRead"
      },
      "location-before-char-start": 3836,
      "location-before-char-end": 3841,
      "location-after-char-start": 3262,
      "location-after-char-end": 3267,
      "node-str": "result"
    },
    {
      "type": "insert-node",
      "node": {
        "label": "Capability",
        "type": "TypeAccess"
      },
      "location-after-char-start": 3280,
      "location-after-char-end": 3289,
      "node-str": "Capability"
    },
    {
      "type": "delete-node",
      "node": {
        "label": "org.eclipse.jface.wizard.WizardPage",
        "type": "SUPER_TYPE"
      },
      "location-before-char-start": 0,
      "location-before-char-end": 0,
      "node-str": "org.eclipse.jface.wizard.WizardPage"
    },
    {
      "type": "delete-node",
      "node": {
        "label": "",
        "type": "TypeReference"
      },
      "location-before-char-start": 1852,
      "location-before-char-end": 1861,
      "node-str": ""
    },
    {
      "type": "delete-node",
      "node": {
        "label": "org.eclipse.jface.viewers.IStructuredSelection",
        "type": "VARIABLE_TYPE"
      },
      "location-before-char-start": 0,
      "location-before-char-end": 0,
      "node-str": "org.eclipse.jface.viewers.IStructuredSelection"
    },
    {
      "type": "delete-node",
      "node": {
        "label": "selection",
        "type": "Field"
      },
      "location-before-char-start": 1897,
      "location-before-char-end": 1935,
      "node-str": "selection"
    },
    {
      "type": "delete-node",
      "node": {
        "label": "org.eclipse.jface.viewers.TreeViewer",
        "type": "VARIABLE_TYPE"
      },
      "location-before-char-start": 0,
      "location-before-char-end": 0,
      "node-str": "org.eclipse.jface.viewers.TreeViewer"
    },
    {
      "type": "delete-node",
      "node": {
        "label": "viewer",
        "type": "Field"
      },
      "location-before-char-start": 1965,
      "location-before-char-end": 1990,
      "node-str": "viewer"
    },
    {
      "type": "delete-node",
      "node": {
        "label": "org.eclipse.ui.internal.registry.CapabilityRegistry",
        "type": "VARIABLE_TYPE"
      },
      "location-before-char-start": 0,
      "location-before-char-end": 0,
      "node-str": "org.eclipse.ui.internal.registry.CapabilityRegistry"
    },
    {
      "type": "delete-node",
      "node": {
        "label": "reg",
        "type": "Field"
      },
      "location-before-char-start": 1993,
      "location-before-char-end": 2023,
      "node-str": "reg"
    },
    {
      "type": "delete-node",
      "node": {
        "label": "org.eclipse.ui.internal.registry.Capability",
        "type": "VARIABLE_TYPE"
      },
      "location-before-char-start": 0,
      "location-before-char-end": 0,
      "node-str": "org.eclipse.ui.internal.registry.Capability"
    },
    {
      "type": "delete-node",
      "node": {
        "label": "chosenCapability",
        "type": "Field"
      },
      "location-before-char-start": 2026,
      "location-before-char-end": 2061,
      "node-str": "chosenCapability"
    },
    {
      "type": "delete-node",
      "node": {
        "label": "org.eclipse.jface.viewers.ISelectionChangedListener",
        "type": "SUPER_TYPE"
      },
      "location-before-char-start": 0,
      "location-before-char-end": 0,
      "node-str": "org.eclipse.jface.viewers.ISelectionChangedListener"
    },
    {
      "type": "delete-node",
      "node": {
        "label": "",
        "type": "TypeReference"
      },
      "location-before-char-start": 0,
      "location-before-char-end": 0,
      "node-str": ""
    },
    {
      "type": "delete-node",
      "node": {
        "label": "org.eclipse.jface.viewers.SelectionChangedEvent",
        "type": "VARIABLE_TYPE"
      },
      "location-before-char-start": 0,
      "location-before-char-end": 0,
      "node-str": "org.eclipse.jface.viewers.SelectionChangedEvent"
    },
    {
      "type": "delete-node",
      "node": {
        "label": "event",
        "type": "Parameter"
      },
      "location-before-char-start": 3538,
      "location-before-char-end": 3564,
      "node-str": "event"
    },
    {
      "type": "delete-node",
      "node": {
        "label": "org.eclipse.jface.viewers.IStructuredSelection",
        "type": "TypeAccess"
      },
      "location-before-char-start": 3638,
      "location-before-char-end": 3657,
      "node-str": "org.eclipse.jface.viewers.IStructuredSelection"
    },
    {
      "type": "delete-node",
      "node": {
        "label": "INSTANCEOF",
        "type": "BinaryOperator"
      },
      "location-before-char-start": 3606,
      "location-before-char-end": 3657,
      "node-str": "INSTANCEOF"
    },
    {
      "type": "delete-node",
      "node": {
        "label": "org.eclipse.jface.viewers.IStructuredSelection",
        "type": "VARIABLE_TYPE"
      },
      "location-before-char-start": 0,
      "location-before-char-end": 0,
      "node-str": "org.eclipse.jface.viewers.IStructuredSelection"
    },
    {
      "type": "delete-node",
      "node": {
        "label": "sel",
        "type": "LocalVariable"
      },
      "location-before-char-start": 3667,
      "location-before-char-end": 3737,
      "node-str": "sel"
    },
    {
      "type": "delete-node",
      "node": {
        "label": "org.eclipse.ui.internal.registry.Capability",
        "type": "TypeAccess"
      },
      "location-before-char-start": 3854,
      "location-before-char-end": 3863,
      "node-str": "org.eclipse.ui.internal.registry.Capability"
    },
    {
      "type": "delete-node",
      "node": {
        "label": "INSTANCEOF",
        "type": "BinaryOperator"
      },
      "location-before-char-start": 3836,
      "location-before-char-end": 3863,
      "node-str": "INSTANCEOF"
    },
    {
      "type": "delete-node",
      "node": {
        "label": "if",
        "type": "If"
      },
      "location-before-char-start": 3832,
      "location-before-char-end": 3921,
      "node-str": "if"
    },
    {
      "type": "delete-node",
      "node": {
        "label": "THEN",
        "type": "then"
      },
      "location-before-char-start": 3779,
      "location-before-char-end": 3928,
      "node-str": "THEN"
    },
    {
      "type": "delete-node",
      "node": {
        "label": "if",
        "type": "If"
      },
      "location-before-char-start": 3744,
      "location-before-char-end": 3928,
      "node-str": "if"
    },
    {
      "type": "delete-node",
      "node": {
        "label": "THEN",
        "type": "then"
      },
      "location-before-char-start": 3660,
      "location-before-char-end": 3934,
      "node-str": "THEN"
    },
    {
      "type": "delete-node",
      "node": {
        "label": "if",
        "type": "If"
      },
      "location-before-char-start": 3602,
      "location-before-char-end": 3934,
      "node-str": "if"
    },
    {
      "type": "delete-node",
      "node": {
        "label": "selectionChanged",
        "type": "Method"
      },
      "location-before-char-start": 3509,
      "location-before-char-end": 3993,
      "node-str": "selectionChanged"
    },
    {
      "type": "delete-node",
      "node": {
        "label": "1",
        "type": "Class"
      },
      "location-before-char-start": 3504,
      "location-before-char-end": 3997,
      "node-str": "1"
    },
    {
      "type": "delete-node",
      "node": {
        "label": "org.eclipse.jface.viewers.ISelectionChangedListener()",
        "type": "NewClass"
      },
      "location-before-char-start": 3472,
      "location-before-char-end": 3997,
      "node-str": "org.eclipse.jface.viewers.ISelectionChangedListener()"
    },
    {
      "type": "delete-node",
      "node": {
        "label": "addSelectionChangedListener",
        "type": "Invocation"
      },
      "location-before-char-start": 3437,
      "location-before-char-end": 3999,
      "node-str": "addSelectionChangedListener"
    },
    {
      "type": "delete-node",
      "node": {
        "label": "createControl",
        "type": "Method"
      },
      "location-before-char-start": 2602,
      "location-before-char-end": 4033,
      "node-str": "createControl"
    },
    {
      "type": "delete-node",
      "node": {
        "label": "org.eclipse.jface.viewers.IContentProvider",
        "type": "RETURN_TYPE"
      },
      "location-before-char-start": 0,
      "location-before-char-end": 0,
      "node-str": "org.eclipse.jface.viewers.IContentProvider"
    },
    {
      "type": "delete-node",
      "node": {
        "label": "org.eclipse.ui.internal.registry.CapabilityRegistry",
        "type": "TypeAccess"
      },
      "location-before-char-start": 4668,
      "location-before-char-end": 4685,
      "node-str": "org.eclipse.ui.internal.registry.CapabilityRegistry"
    },
    {
      "type": "delete-node",
      "node": {
        "label": "INSTANCEOF",
        "type": "BinaryOperator"
      },
      "location-before-char-start": 4649,
      "location-before-char-end": 4685,
      "node-str": "INSTANCEOF"
    },
    {
      "type": "delete-node",
      "node": {
        "label": "if",
        "type": "If"
      },
      "location-before-char-start": 4645,
      "location-before-char-end": 4704,
      "node-str": "if"
    },
    {
      "type": "delete-node",
      "node": {
        "label": "org.eclipse.ui.internal.registry.ICategory",
        "type": "TypeAccess"
      },
      "location-before-char-start": 4733,
      "location-before-char-end": 4741,
      "node-str": "org.eclipse.ui.internal.registry.ICategory"
    },
    {
      "type": "delete-node",
      "node": {
        "label": "INSTANCEOF",
        "type": "BinaryOperator"
      },
      "location-before-char-start": 4714,
      "location-before-char-end": 4741,
      "node-str": "INSTANCEOF"
    },
    {
      "type": "delete-node",
      "node": {
        "label": "if",
        "type": "If"
      },
      "location-before-char-start": 4710,
      "location-before-char-end": 4790,
      "node-str": "if"
    },
    {
      "type": "delete-node",
      "node": {
        "label": "hasChildren",
        "type": "Method"
      },
      "location-before-char-start": 4596,
      "location-before-char-end": 4813,
      "node-str": "hasChildren"
    },
    {
      "type": "delete-node",
      "node": {
        "label": "2",
        "type": "Class"
      },
      "location-before-char-start": 4184,
      "location-before-char-end": 4817,
      "node-str": "2"
    },
    {
      "type": "delete-node",
      "node": {
        "label": "org.eclipse.ui.model.WorkbenchContentProvider()",
        "type": "NewClass"
      },
      "location-before-char-start": 4153,
      "location-before-char-end": 4817,
      "node-str": "org.eclipse.ui.model.WorkbenchContentProvider()"
    },
    {
      "type": "delete-node",
      "node": {
        "label": "return",
        "type": "Return"
      },
      "location-before-char-start": 4146,
      "location-before-char-end": 4818,
      "node-str": "return"
    },
    {
      "type": "delete-node",
      "node": {
        "label": "getContentProvider",
        "type": "Method"
      },
      "location-before-char-start": 4038,
      "location-before-char-end": 4821,
      "node-str": "getContentProvider"
    },
    {
      "type": "delete-node",
      "node": {
        "label": "org.eclipse.ui.internal.registry.Capability[]",
        "type": "VARIABLE_TYPE"
      },
      "location-before-char-start": 0,
      "location-before-char-end": 0,
      "node-str": "org.eclipse.ui.internal.registry.Capability[]"
    },
    {
      "type": "delete-node",
      "node": {
        "label": "caps",
        "type": "LocalVariable"
      },
      "location-before-char-start": 5736,
      "location-before-char-end": 5791,
      "node-str": "caps"
    },
    {
      "type": "delete-node",
      "node": {
        "label": "org.eclipse.ui.internal.registry.Capability[]",
        "type": "VARIABLE_TYPE"
      },
      "location-before-char-start": 0,
      "location-before-char-end": 0,
      "node-str": "org.eclipse.ui.internal.registry.Capability[]"
    },
    {
      "type": "delete-node",
      "node": {
        "label": "prereqs",
        "type": "LocalVariable"
      },
      "location-before-char-start": 6087,
      "location-before-char-end": 6135,
      "node-str": "prereqs"
    },
    {
      "type": "delete-node",
      "node": {
        "label": "org.eclipse.ui.internal.registry.Capability[]",
        "type": "VARIABLE_TYPE"
      },
      "location-before-char-start": 0,
      "location-before-char-end": 0,
      "node-str": "org.eclipse.ui.internal.registry.Capability[]"
    },
    {
      "type": "delete-node",
      "node": {
        "label": "newCaps",
        "type": "LocalVariable"
      },
      "location-before-char-start": 7066,
      "location-before-char-end": 7120,
      "node-str": "newCaps"
    }
  ],
  "before-file": {},
  "after-file": {},
  "mapping": {}
}