{
  "tool-info": {},
  "diff": [
    {
      "type": "insert-node",
      "node": {
        "label": "cHGroup",
        "type": "Class"
      },
      "location-after-char-start": 847,
      "location-after-char-end": 1876,
      "node-str": "cHGroup"
    },
    {
      "type": "move-subtree",
      "node": {
        "label": "public",
        "type": "Modifier"
      },
      "location-before-char-start": 0,
      "location-before-char-end": 0,
      "location-after-char-start": 0,
      "location-after-char-end": 0,
      "node-str": "public"
    },
    {
      "type": "move-subtree",
      "node": {
        "label": "",
        "type": "TypeReference"
      },
      "location-before-char-start": 826,
      "location-before-char-end": 837,
      "location-after-char-start": 876,
      "location-after-char-end": 887,
      "node-str": ""
    },
    {
      "type": "insert-node",
      "node": {
        "label": "members",
        "type": "Field"
      },
      "location-after-char-start": 893,
      "location-after-char-end": 905,
      "node-str": "members"
    },
    {
      "type": "move-subtree",
      "node": {
        "label": "\u003cinit\u003e",
        "type": "Constructor"
      },
      "location-before-char-start": 862,
      "location-before-char-end": 909,
      "location-after-char-start": 910,
      "location-after-char-end": 957,
      "node-str": "\u003cinit\u003e"
    },
    {
      "type": "move-subtree",
      "node": {
        "label": "add",
        "type": "Method"
      },
      "location-before-char-start": 913,
      "location-before-char-end": 1014,
      "location-after-char-start": 961,
      "location-after-char-end": 1062,
      "node-str": "add"
    },
    {
      "type": "insert-node",
      "node": {
        "label": "print",
        "type": "Method"
      },
      "location-after-char-start": 1066,
      "location-after-char-end": 1442,
      "node-str": "print"
    },
    {
      "type": "move-subtree",
      "node": {
        "label": "getSize",
        "type": "Method"
      },
      "location-before-char-start": 1301,
      "location-before-char-end": 1728,
      "location-after-char-start": 1446,
      "location-after-char-end": 1873,
      "node-str": "getSize"
    },
    {
      "type": "insert-node",
      "node": {
        "label": "java.util.List",
        "type": "VARIABLE_TYPE"
      },
      "location-after-char-start": 0,
      "location-after-char-end": 0,
      "node-str": "java.util.List"
    },
    {
      "type": "move-subtree",
      "node": {
        "label": "void",
        "type": "RETURN_TYPE"
      },
      "location-before-char-start": 0,
      "location-before-char-end": 0,
      "location-after-char-start": 0,
      "location-after-char-end": 0,
      "node-str": "void"
    },
    {
      "type": "move-subtree",
      "node": {
        "label": "public",
        "type": "Modifier"
      },
      "location-before-char-start": 0,
      "location-before-char-end": 0,
      "location-after-char-start": 0,
      "location-after-char-end": 0,
      "node-str": "public"
    },
    {
      "type": "move-subtree",
      "node": {
        "label": "g",
        "type": "Parameter"
      },
      "location-before-char-start": 1036,
      "location-before-char-end": 1047,
      "location-after-char-start": 1084,
      "location-after-char-end": 1095,
      "node-str": "g"
    },
    {
      "type": "move-subtree",
      "node": {
        "label": "act",
        "type": "LocalVariable"
      },
      "location-before-char-start": 1054,
      "location-before-char-end": 1070,
      "location-after-char-start": 1102,
      "location-after-char-end": 1118,
      "node-str": "act"
    },
    {
      "type": "move-subtree",
      "node": {
        "label": "computePositionAndSize",
        "type": "Invocation"
      },
      "location-before-char-start": 1078,
      "location-before-char-end": 1102,
      "location-after-char-start": 1126,
      "location-after-char-end": 1150,
      "node-str": "computePositionAndSize"
    },
    {
      "type": "insert-node",
      "node": {
        "label": "",
        "type": "For"
      },
      "location-after-char-start": 1157,
      "location-after-char-end": 1439,
      "node-str": ""
    },
    {
      "type": "insert-node",
      "node": {
        "label": "it",
        "type": "LocalVariable"
      },
      "location-after-char-start": 1162,
      "location-after-char-end": 1193,
      "node-str": "it"
    },
    {
      "type": "insert-node",
      "node": {
        "label": "hasNext",
        "type": "Invocation"
      },
      "location-after-char-start": 1196,
      "location-after-char-end": 1207,
      "node-str": "hasNext"
    },
    {
      "type": "insert-node",
      "node": {
        "label": "\u003d",
        "type": "Assignment"
      },
      "location-after-char-start": 1216,
      "location-after-char-end": 1246,
      "node-str": "\u003d"
    },
    {
      "type": "move-subtree",
      "node": {
        "label": "setLocation",
        "type": "Invocation"
      },
      "location-before-char-start": 1194,
      "location-before-char-end": 1248,
      "location-after-char-start": 1339,
      "location-after-char-end": 1393,
      "node-str": "setLocation"
    },
    {
      "type": "move-subtree",
      "node": {
        "label": "setPage",
        "type": "Invocation"
      },
      "location-before-char-start": 1253,
      "location-before-char-end": 1270,
      "location-after-char-start": 1398,
      "location-after-char-end": 1415,
      "node-str": "setPage"
    },
    {
      "type": "move-subtree",
      "node": {
        "label": "print",
        "type": "Invocation"
      },
      "location-before-char-start": 1275,
      "location-before-char-end": 1289,
      "location-after-char-start": 1420,
      "location-after-char-end": 1434,
      "node-str": "print"
    },
    {
      "type": "insert-node",
      "node": {
        "label": "java.util.Iterator",
        "type": "VARIABLE_TYPE"
      },
      "location-after-char-start": 0,
      "location-after-char-end": 0,
      "node-str": "java.util.Iterator"
    },
    {
      "type": "update-node",
      "node": {
        "label": "size",
        "type": "Invocation"
      },
      "location-before-char-start": 1125,
      "location-before-char-end": 1138,
      "location-after-char-start": 1176,
      "location-after-char-end": 1193,
      "node-str": "iterator"
    },
    {
      "type": "move-subtree",
      "node": {
        "label": "size",
        "type": "Invocation"
      },
      "location-before-char-start": 1125,
      "location-before-char-end": 1138,
      "location-after-char-start": 1176,
      "location-after-char-end": 1193,
      "node-str": "iterator"
    },
    {
      "type": "insert-node",
      "node": {
        "label": "it",
        "type": "VariableRead"
      },
      "location-after-char-start": 1196,
      "location-after-char-end": 1197,
      "node-str": "it"
    },
    {
      "type": "move-subtree",
      "node": {
        "label": "act",
        "type": "VariableWrite"
      },
      "location-before-char-start": 1152,
      "location-before-char-end": 1154,
      "location-after-char-start": 1216,
      "location-after-char-end": 1218,
      "node-str": "act"
    },
    {
      "type": "insert-node",
      "node": {
        "label": "next",
        "type": "Invocation"
      },
      "location-after-char-start": 1222,
      "location-after-char-end": 1245,
      "node-str": "next"
    },
    {
      "type": "insert-node",
      "node": {
        "label": "it",
        "type": "VariableRead"
      },
      "location-after-char-start": 1237,
      "location-after-char-end": 1238,
      "node-str": "it"
    },
    {
      "type": "delete-node",
      "node": {
        "label": "java.util.Vector",
        "type": "VARIABLE_TYPE"
      },
      "location-before-char-start": 0,
      "location-before-char-end": 0,
      "node-str": "java.util.Vector"
    },
    {
      "type": "delete-node",
      "node": {
        "label": "members",
        "type": "Field"
      },
      "location-before-char-start": 843,
      "location-before-char-end": 857,
      "node-str": "members"
    },
    {
      "type": "delete-node",
      "node": {
        "label": "int",
        "type": "VARIABLE_TYPE"
      },
      "location-before-char-start": 0,
      "location-before-char-end": 0,
      "node-str": "int"
    },
    {
      "type": "delete-node",
      "node": {
        "label": "0",
        "type": "Literal"
      },
      "location-before-char-start": 1120,
      "location-before-char-end": 1120,
      "node-str": "0"
    },
    {
      "type": "delete-node",
      "node": {
        "label": "i",
        "type": "LocalVariable"
      },
      "location-before-char-start": 1114,
      "location-before-char-end": 1120,
      "node-str": "i"
    },
    {
      "type": "delete-node",
      "node": {
        "label": "i",
        "type": "VariableRead"
      },
      "location-before-char-start": 1123,
      "location-before-char-end": 1123,
      "node-str": "i"
    },
    {
      "type": "delete-node",
      "node": {
        "label": "LT",
        "type": "BinaryOperator"
      },
      "location-before-char-start": 1123,
      "location-before-char-end": 1138,
      "node-str": "LT"
    },
    {
      "type": "delete-node",
      "node": {
        "label": "i",
        "type": "VariableWrite"
      },
      "location-before-char-start": 1141,
      "location-before-char-end": 1141,
      "node-str": "i"
    },
    {
      "type": "delete-node",
      "node": {
        "label": "POSTINC",
        "type": "UnaryOperator"
      },
      "location-before-char-start": 1141,
      "location-before-char-end": 1143,
      "node-str": "POSTINC"
    },
    {
      "type": "delete-node",
      "node": {
        "label": "org.columba.core.print.cHGroup",
        "type": "TypeAccess"
      },
      "location-before-char-start": 0,
      "location-before-char-end": 0,
      "node-str": "org.columba.core.print.cHGroup"
    },
    {
      "type": "delete-node",
      "node": {
        "label": "members",
        "type": "FieldRead"
      },
      "location-before-char-start": 1173,
      "location-before-char-end": 1179,
      "node-str": "members"
    },
    {
      "type": "delete-node",
      "node": {
        "label": "i",
        "type": "VariableRead"
      },
      "location-before-char-start": 1186,
      "location-before-char-end": 1186,
      "node-str": "i"
    },
    {
      "type": "delete-node",
      "node": {
        "label": "get",
        "type": "Invocation"
      },
      "location-before-char-start": 1158,
      "location-before-char-end": 1188,
      "node-str": "get"
    },
    {
      "type": "delete-node",
      "node": {
        "label": "\u003d",
        "type": "Assignment"
      },
      "location-before-char-start": 1152,
      "location-before-char-end": 1189,
      "node-str": "\u003d"
    },
    {
      "type": "delete-node",
      "node": {
        "label": "",
        "type": "For"
      },
      "location-before-char-start": 1109,
      "location-before-char-end": 1294,
      "node-str": ""
    },
    {
      "type": "delete-node",
      "node": {
        "label": "print",
        "type": "Method"
      },
      "location-before-char-start": 1018,
      "location-before-char-end": 1297,
      "node-str": "print"
    },
    {
      "type": "delete-node",
      "node": {
        "label": "cHGroup",
        "type": "Class"
      },
      "location-before-char-start": 797,
      "location-before-char-end": 1731,
      "node-str": "cHGroup"
    }
  ],
  "before-file": {},
  "after-file": {},
  "mapping": {}
}