{
  "tool-info": {},
  "diff": [
    {
      "type": "insert-node",
      "node": {
        "label": "public",
        "type": "Modifier"
      },
      "location-after-char-start": 0,
      "location-after-char-end": 0,
      "node-str": "public"
    },
    {
      "type": "insert-node",
      "node": {
        "label": "",
        "type": "TypeReference"
      },
      "location-after-char-start": 877,
      "location-after-char-end": 882,
      "node-str": ""
    },
    {
      "type": "insert-node",
      "node": {
        "label": "fEditor",
        "type": "Field"
      },
      "location-after-char-start": 954,
      "location-after-char-end": 1055,
      "node-str": "fEditor"
    },
    {
      "type": "insert-node",
      "node": {
        "label": "fSelectionListeners",
        "type": "Field"
      },
      "location-after-char-start": 1059,
      "location-after-char-end": 1162,
      "node-str": "fSelectionListeners"
    },
    {
      "type": "insert-node",
      "node": {
        "label": "fDrawing",
        "type": "Field"
      },
      "location-after-char-start": 1166,
      "location-after-char-end": 1231,
      "node-str": "fDrawing"
    },
    {
      "type": "insert-node",
      "node": {
        "label": "fDamage",
        "type": "Field"
      },
      "location-after-char-start": 1235,
      "location-after-char-end": 1313,
      "node-str": "fDamage"
    },
    {
      "type": "insert-node",
      "node": {
        "label": "fSelection",
        "type": "Field"
      },
      "location-after-char-start": 1317,
      "location-after-char-end": 1404,
      "node-str": "fSelection"
    },
    {
      "type": "insert-node",
      "node": {
        "label": "fSelectionHandles",
        "type": "Field"
      },
      "location-after-char-start": 1408,
      "location-after-char-end": 1491,
      "node-str": "fSelectionHandles"
    },
    {
      "type": "insert-node",
      "node": {
        "label": "fViewSize",
        "type": "Field"
      },
      "location-after-char-start": 1495,
      "location-after-char-end": 1567,
      "node-str": "fViewSize"
    },
    {
      "type": "insert-node",
      "node": {
        "label": "fLastClick",
        "type": "Field"
      },
      "location-after-char-start": 1571,
      "location-after-char-end": 1667,
      "node-str": "fLastClick"
    },
    {
      "type": "insert-node",
      "node": {
        "label": "fBackgrounds",
        "type": "Field"
      },
      "location-after-char-start": 1671,
      "location-after-char-end": 1845,
      "node-str": "fBackgrounds"
    },
    {
      "type": "insert-node",
      "node": {
        "label": "fForegrounds",
        "type": "Field"
      },
      "location-after-char-start": 1849,
      "location-after-char-end": 2022,
      "node-str": "fForegrounds"
    },
    {
      "type": "insert-node",
      "node": {
        "label": "fUpdateStrategy",
        "type": "Field"
      },
      "location-after-char-start": 2026,
      "location-after-char-end": 2116,
      "node-str": "fUpdateStrategy"
    },
    {
      "type": "insert-node",
      "node": {
        "label": "fConstrainer",
        "type": "Field"
      },
      "location-after-char-start": 2120,
      "location-after-char-end": 2241,
      "node-str": "fConstrainer"
    },
    {
      "type": "insert-node",
      "node": {
        "label": "counter",
        "type": "Field"
      },
      "location-after-char-start": 2462,
      "location-after-char-end": 2488,
      "node-str": "counter"
    },
    {
      "type": "insert-node",
      "node": {
        "label": "myCounter",
        "type": "Field"
      },
      "location-after-char-start": 2491,
      "location-after-char-end": 2522,
      "node-str": "myCounter"
    },
    {
      "type": "insert-node",
      "node": {
        "label": "dndh",
        "type": "Field"
      },
      "location-after-char-start": 2526,
      "location-after-char-end": 2548,
      "node-str": "dndh"
    },
    {
      "type": "insert-node",
      "node": {
        "label": "drawingViewSerializedDataVersion",
        "type": "Field"
      },
      "location-after-char-start": 2779,
      "location-after-char-end": 2827,
      "node-str": "drawingViewSerializedDataVersion"
    },
    {
      "type": "insert-node",
      "node": {
        "label": "insertFigures",
        "type": "Method"
      },
      "location-after-char-start": 5738,
      "location-after-char-end": 7504,
      "node-str": "insertFigures"
    },
    {
      "type": "insert-node",
      "node": {
        "label": "ash",
        "type": "Field"
      },
      "location-after-char-start": 20615,
      "location-after-char-end": 20678,
      "node-str": "ash"
    },
    {
      "type": "insert-node",
      "node": {
        "label": "javax.swing.JPanel",
        "type": "SUPER_TYPE"
      },
      "location-after-char-start": 0,
      "location-after-char-end": 0,
      "node-str": "javax.swing.JPanel"
    },
    {
      "type": "insert-node",
      "node": {
        "label": "CH.ifa.draw.standard.DrawingEditor",
        "type": "VARIABLE_TYPE"
      },
      "location-after-char-start": 0,
      "location-after-char-end": 0,
      "node-str": "CH.ifa.draw.standard.DrawingEditor"
    },
    {
      "type": "insert-node",
      "node": {
        "label": "transient",
        "type": "Modifier"
      },
      "location-after-char-start": 0,
      "location-after-char-end": 0,
      "node-str": "transient"
    },
    {
      "type": "insert-node",
      "node": {
        "label": "java.util.List",
        "type": "VARIABLE_TYPE"
      },
      "location-after-char-start": 0,
      "location-after-char-end": 0,
      "node-str": "java.util.List"
    },
    {
      "type": "insert-node",
      "node": {
        "label": "transient",
        "type": "Modifier"
      },
      "location-after-char-start": 0,
      "location-after-char-end": 0,
      "node-str": "transient"
    },
    {
      "type": "insert-node",
      "node": {
        "label": "CH.ifa.draw.standard.Drawing",
        "type": "VARIABLE_TYPE"
      },
      "location-after-char-start": 0,
      "location-after-char-end": 0,
      "node-str": "CH.ifa.draw.standard.Drawing"
    },
    {
      "type": "insert-node",
      "node": {
        "label": "java.awt.Rectangle",
        "type": "VARIABLE_TYPE"
      },
      "location-after-char-start": 0,
      "location-after-char-end": 0,
      "node-str": "java.awt.Rectangle"
    },
    {
      "type": "insert-node",
      "node": {
        "label": "transient",
        "type": "Modifier"
      },
      "location-after-char-start": 0,
      "location-after-char-end": 0,
      "node-str": "transient"
    },
    {
      "type": "insert-node",
      "node": {
        "label": "java.util.List",
        "type": "VARIABLE_TYPE"
      },
      "location-after-char-start": 0,
      "location-after-char-end": 0,
      "node-str": "java.util.List"
    },
    {
      "type": "insert-node",
      "node": {
        "label": "transient",
        "type": "Modifier"
      },
      "location-after-char-start": 0,
      "location-after-char-end": 0,
      "node-str": "transient"
    },
    {
      "type": "insert-node",
      "node": {
        "label": "java.util.List",
        "type": "VARIABLE_TYPE"
      },
      "location-after-char-start": 0,
      "location-after-char-end": 0,
      "node-str": "java.util.List"
    },
    {
      "type": "insert-node",
      "node": {
        "label": "transient",
        "type": "Modifier"
      },
      "location-after-char-start": 0,
      "location-after-char-end": 0,
      "node-str": "transient"
    },
    {
      "type": "insert-node",
      "node": {
        "label": "java.awt.Dimension",
        "type": "VARIABLE_TYPE"
      },
      "location-after-char-start": 0,
      "location-after-char-end": 0,
      "node-str": "java.awt.Dimension"
    },
    {
      "type": "insert-node",
      "node": {
        "label": "java.awt.Point",
        "type": "VARIABLE_TYPE"
      },
      "location-after-char-start": 0,
      "location-after-char-end": 0,
      "node-str": "java.awt.Point"
    },
    {
      "type": "insert-node",
      "node": {
        "label": "java.util.List",
        "type": "VARIABLE_TYPE"
      },
      "location-after-char-start": 0,
      "location-after-char-end": 0,
      "node-str": "java.util.List"
    },
    {
      "type": "insert-node",
      "node": {
        "label": "java.util.List",
        "type": "VARIABLE_TYPE"
      },
      "location-after-char-start": 0,
      "location-after-char-end": 0,
      "node-str": "java.util.List"
    },
    {
      "type": "insert-node",
      "node": {
        "label": "javax.swing.Painter",
        "type": "VARIABLE_TYPE"
      },
      "location-after-char-start": 0,
      "location-after-char-end": 0,
      "node-str": "javax.swing.Painter"
    },
    {
      "type": "insert-node",
      "node": {
        "label": "CH.ifa.draw.standard.PointConstrainer",
        "type": "VARIABLE_TYPE"
      },
      "location-after-char-start": 0,
      "location-after-char-end": 0,
      "node-str": "CH.ifa.draw.standard.PointConstrainer"
    },
    {
      "type": "insert-node",
      "node": {
        "label": "int",
        "type": "VARIABLE_TYPE"
      },
      "location-after-char-start": 0,
      "location-after-char-end": 0,
      "node-str": "int"
    },
    {
      "type": "insert-node",
      "node": {
        "label": "static",
        "type": "Modifier"
      },
      "location-after-char-start": 0,
      "location-after-char-end": 0,
      "node-str": "static"
    },
    {
      "type": "insert-node",
      "node": {
        "label": "int",
        "type": "VARIABLE_TYPE"
      },
      "location-after-char-start": 0,
      "location-after-char-end": 0,
      "node-str": "int"
    },
    {
      "type": "insert-node",
      "node": {
        "label": "counter",
        "type": "FieldRead"
      },
      "location-after-char-start": 2515,
      "location-after-char-end": 2521,
      "node-str": "counter"
    },
    {
      "type": "insert-node",
      "node": {
        "label": "CH.ifa.draw.contrib.dnd.DNDHelper",
        "type": "VARIABLE_TYPE"
      },
      "location-after-char-start": 0,
      "location-after-char-end": 0,
      "node-str": "CH.ifa.draw.contrib.dnd.DNDHelper"
    },
    {
      "type": "insert-node",
      "node": {
        "label": "int",
        "type": "VARIABLE_TYPE"
      },
      "location-after-char-start": 0,
      "location-after-char-end": 0,
      "node-str": "int"
    },
    {
      "type": "insert-node",
      "node": {
        "label": "1",
        "type": "Literal"
      },
      "location-after-char-start": 2826,
      "location-after-char-end": 2826,
      "node-str": "1"
    },
    {
      "type": "insert-node",
      "node": {
        "label": "CH.ifa.draw.standard.FigureEnumeration",
        "type": "RETURN_TYPE"
      },
      "location-after-char-start": 0,
      "location-after-char-end": 0,
      "node-str": "CH.ifa.draw.standard.FigureEnumeration"
    },
    {
      "type": "insert-node",
      "node": {
        "label": "public",
        "type": "Modifier"
      },
      "location-after-char-start": 0,
      "location-after-char-end": 0,
      "node-str": "public"
    },
    {
      "type": "insert-node",
      "node": {
        "label": "fe",
        "type": "Parameter"
      },
      "location-after-char-start": 6128,
      "location-after-char-end": 6147,
      "node-str": "fe"
    },
    {
      "type": "insert-node",
      "node": {
        "label": "dx",
        "type": "Parameter"
      },
      "location-after-char-start": 6150,
      "location-after-char-end": 6155,
      "node-str": "dx"
    },
    {
      "type": "insert-node",
      "node": {
        "label": "dy",
        "type": "Parameter"
      },
      "location-after-char-start": 6158,
      "location-after-char-end": 6163,
      "node-str": "dy"
    },
    {
      "type": "insert-node",
      "node": {
        "label": "bCheck",
        "type": "Parameter"
      },
      "location-after-char-start": 6166,
      "location-after-char-end": 6179,
      "node-str": "bCheck"
    },
    {
      "type": "move-subtree",
      "node": {
        "label": "if",
        "type": "If"
      },
      "location-before-char-start": 6186,
      "location-before-char-end": 6256,
      "location-after-char-start": 6186,
      "location-after-char-end": 6256,
      "node-str": "if"
    },
    {
      "type": "move-subtree",
      "node": {
        "label": "vCF",
        "type": "LocalVariable"
      },
      "location-before-char-start": 6326,
      "location-before-char-end": 6380,
      "location-after-char-start": 6261,
      "location-after-char-end": 6315,
      "node-str": "vCF"
    },
    {
      "type": "insert-node",
      "node": {
        "label": "visitor",
        "type": "LocalVariable"
      },
      "location-after-char-start": 6319,
      "location-after-char-end": 6393,
      "node-str": "visitor"
    },
    {
      "type": "insert-node",
      "node": {
        "label": "while",
        "type": "While"
      },
      "location-after-char-start": 6398,
      "location-after-char-end": 6625,
      "node-str": "while"
    },
    {
      "type": "insert-node",
      "node": {
        "label": "ecf",
        "type": "LocalVariable"
      },
      "location-after-char-start": 6630,
      "location-after-char-end": 6679,
      "node-str": "ecf"
    },
    {
      "type": "insert-node",
      "node": {
        "label": "while",
        "type": "While"
      },
      "location-after-char-start": 6684,
      "location-after-char-end": 7410,
      "node-str": "while"
    },
    {
      "type": "insert-node",
      "node": {
        "label": "addToSelectionAll",
        "type": "Invocation"
      },
      "location-after-char-start": 7415,
      "location-after-char-end": 7462,
      "node-str": "addToSelectionAll"
    },
    {
      "type": "insert-node",
      "node": {
        "label": "return",
        "type": "Return"
      },
      "location-after-char-start": 7466,
      "location-after-char-end": 7501,
      "node-str": "return"
    },
    {
      "type": "insert-node",
      "node": {
        "label": "CH.ifa.draw.standard.StandardDrawingView$ASH",
        "type": "VARIABLE_TYPE"
      },
      "location-after-char-start": 0,
      "location-after-char-end": 0,
      "node-str": "CH.ifa.draw.standard.StandardDrawingView$ASH"
    },
    {
      "type": "insert-node",
      "node": {
        "label": "CH.ifa.draw.standard.StandardDrawingView$ASH(int)",
        "type": "ConstructorCall"
      },
      "location-after-char-start": 20667,
      "location-after-char-end": 20677,
      "node-str": "CH.ifa.draw.standard.StandardDrawingView$ASH(int)"
    },
    {
      "type": "insert-node",
      "node": {
        "label": "FigureEnumeration",
        "type": "VARIABLE_TYPE"
      },
      "location-after-char-start": 0,
      "location-after-char-end": 0,
      "node-str": "FigureEnumeration"
    },
    {
      "type": "insert-node",
      "node": {
        "label": "int",
        "type": "VARIABLE_TYPE"
      },
      "location-after-char-start": 0,
      "location-after-char-end": 0,
      "node-str": "int"
    },
    {
      "type": "insert-node",
      "node": {
        "label": "int",
        "type": "VARIABLE_TYPE"
      },
      "location-after-char-start": 0,
      "location-after-char-end": 0,
      "node-str": "int"
    },
    {
      "type": "insert-node",
      "node": {
        "label": "boolean",
        "type": "VARIABLE_TYPE"
      },
      "location-after-char-start": 0,
      "location-after-char-end": 0,
      "node-str": "boolean"
    },
    {
      "type": "insert-node",
      "node": {
        "label": "InsertIntoDrawingVisitor",
        "type": "VARIABLE_TYPE"
      },
      "location-after-char-start": 0,
      "location-after-char-end": 0,
      "node-str": "InsertIntoDrawingVisitor"
    },
    {
      "type": "insert-node",
      "node": {
        "label": "java.lang.Object()",
        "type": "ConstructorCall"
      },
      "location-after-char-start": 6354,
      "location-after-char-end": 6392,
      "node-str": "java.lang.Object()"
    },
    {
      "type": "insert-node",
      "node": {
        "label": "hasNextFigure",
        "type": "Invocation"
      },
      "location-after-char-start": 6405,
      "location-after-char-end": 6422,
      "node-str": "hasNextFigure"
    },
    {
      "type": "insert-node",
      "node": {
        "label": "figure",
        "type": "LocalVariable"
      },
      "location-after-char-start": 6430,
      "location-after-char-end": 6461,
      "node-str": "figure"
    },
    {
      "type": "insert-node",
      "node": {
        "label": "if",
        "type": "If"
      },
      "location-after-char-start": 6466,
      "location-after-char-end": 6621,
      "node-str": "if"
    },
    {
      "type": "insert-node",
      "node": {
        "label": "FigureEnumeration",
        "type": "VARIABLE_TYPE"
      },
      "location-after-char-start": 0,
      "location-after-char-end": 0,
      "node-str": "FigureEnumeration"
    },
    {
      "type": "insert-node",
      "node": {
        "label": "FigureEnumerator(java.util.List)",
        "type": "ConstructorCall"
      },
      "location-after-char-start": 6654,
      "location-after-char-end": 6678,
      "node-str": "FigureEnumerator(java.util.List)"
    },
    {
      "type": "insert-node",
      "node": {
        "label": "hasNextFigure",
        "type": "Invocation"
      },
      "location-after-char-start": 6691,
      "location-after-char-end": 6709,
      "node-str": "hasNextFigure"
    },
    {
      "type": "insert-node",
      "node": {
        "label": "cf",
        "type": "LocalVariable"
      },
      "location-after-char-start": 6717,
      "location-after-char-end": 6774,
      "node-str": "cf"
    },
    {
      "type": "insert-node",
      "node": {
        "label": "sf",
        "type": "LocalVariable"
      },
      "location-after-char-start": 6779,
      "location-after-char-end": 6807,
      "node-str": "sf"
    },
    {
      "type": "insert-node",
      "node": {
        "label": "ef",
        "type": "LocalVariable"
      },
      "location-after-char-start": 6812,
      "location-after-char-end": 6838,
      "node-str": "ef"
    },
    {
      "type": "insert-node",
      "node": {
        "label": "if",
        "type": "If"
      },
      "location-after-char-start": 6844,
      "location-after-char-end": 7406,
      "node-str": "if"
    },
    {
      "type": "insert-node",
      "node": {
        "label": "CH.ifa.draw.standard.StandardDrawingView",
        "type": "TypeAccess"
      },
      "location-after-char-start": 0,
      "location-after-char-end": 0,
      "node-str": "CH.ifa.draw.standard.StandardDrawingView"
    },
    {
      "type": "insert-node",
      "node": {
        "label": "getInsertedFigures",
        "type": "Invocation"
      },
      "location-after-char-start": 7433,
      "location-after-char-end": 7460,
      "node-str": "getInsertedFigures"
    },
    {
      "type": "insert-node",
      "node": {
        "label": "getInsertedFigures",
        "type": "Invocation"
      },
      "location-after-char-start": 7473,
      "location-after-char-end": 7500,
      "node-str": "getInsertedFigures"
    },
    {
      "type": "insert-node",
      "node": {
        "label": "10",
        "type": "Literal"
      },
      "location-after-char-start": 20675,
      "location-after-char-end": 20676,
      "node-str": "10"
    },
    {
      "type": "insert-node",
      "node": {
        "label": "drawing",
        "type": "Invocation"
      },
      "location-after-char-start": 6383,
      "location-after-char-end": 6391,
      "node-str": "drawing"
    },
    {
      "type": "insert-node",
      "node": {
        "label": "fe",
        "type": "VariableRead"
      },
      "location-after-char-start": 6405,
      "location-after-char-end": 6406,
      "node-str": "fe"
    },
    {
      "type": "insert-node",
      "node": {
        "label": "Figure",
        "type": "VARIABLE_TYPE"
      },
      "location-after-char-start": 0,
      "location-after-char-end": 0,
      "node-str": "Figure"
    },
    {
      "type": "insert-node",
      "node": {
        "label": "nextFigure",
        "type": "Invocation"
      },
      "location-after-char-start": 6446,
      "location-after-char-end": 6460,
      "node-str": "nextFigure"
    },
    {
      "type": "insert-node",
      "node": {
        "label": "INSTANCEOF",
        "type": "BinaryOperator"
      },
      "location-after-char-start": 6470,
      "location-after-char-end": 6503,
      "node-str": "INSTANCEOF"
    },
    {
      "type": "insert-node",
      "node": {
        "label": "THEN",
        "type": "then"
      },
      "location-after-char-start": 6506,
      "location-after-char-end": 6532,
      "node-str": "THEN"
    },
    {
      "type": "insert-node",
      "node": {
        "label": "ELSE",
        "type": "else"
      },
      "location-after-char-start": 6542,
      "location-after-char-end": 6621,
      "node-str": "ELSE"
    },
    {
      "type": "insert-node",
      "node": {
        "label": "vCF",
        "type": "VariableRead"
      },
      "location-after-char-start": 6675,
      "location-after-char-end": 6677,
      "node-str": "vCF"
    },
    {
      "type": "insert-node",
      "node": {
        "label": "ecf",
        "type": "VariableRead"
      },
      "location-after-char-start": 6691,
      "location-after-char-end": 6693,
      "node-str": "ecf"
    },
    {
      "type": "insert-node",
      "node": {
        "label": "ConnectionFigure",
        "type": "VARIABLE_TYPE"
      },
      "location-after-char-start": 0,
      "location-after-char-end": 0,
      "node-str": "ConnectionFigure"
    },
    {
      "type": "insert-node",
      "node": {
        "label": "nextFigure",
        "type": "Invocation"
      },
      "location-after-char-start": 6739,
      "location-after-char-end": 6773,
      "node-str": "nextFigure"
    },
    {
      "type": "insert-node",
      "node": {
        "label": "Figure",
        "type": "VARIABLE_TYPE"
      },
      "location-after-char-start": 0,
      "location-after-char-end": 0,
      "node-str": "Figure"
    },
    {
      "type": "insert-node",
      "node": {
        "label": "startFigure",
        "type": "Invocation"
      },
      "location-after-char-start": 6791,
      "location-after-char-end": 6806,
      "node-str": "startFigure"
    },
    {
      "type": "insert-node",
      "node": {
        "label": "Figure",
        "type": "VARIABLE_TYPE"
      },
      "location-after-char-start": 0,
      "location-after-char-end": 0,
      "node-str": "Figure"
    },
    {
      "type": "insert-node",
      "node": {
        "label": "endFigure",
        "type": "Invocation"
      },
      "location-after-char-start": 6824,
      "location-after-char-end": 6837,
      "node-str": "endFigure"
    },
    {
      "type": "move-subtree",
      "node": {
        "label": "AND",
        "type": "BinaryOperator"
      },
      "location-before-char-start": 6959,
      "location-before-char-end": 7082,
      "location-after-char-start": 6848,
      "location-after-char-end": 6971,
      "node-str": "AND"
    },
    {
      "type": "insert-node",
      "node": {
        "label": "THEN",
        "type": "then"
      },
      "location-after-char-start": 6974,
      "location-after-char-end": 7406,
      "node-str": "THEN"
    },
    {
      "type": "insert-node",
      "node": {
        "label": "visitor",
        "type": "VariableRead"
      },
      "location-after-char-start": 7433,
      "location-after-char-end": 7439,
      "node-str": "visitor"
    },
    {
      "type": "insert-node",
      "node": {
        "label": "visitor",
        "type": "VariableRead"
      },
      "location-after-char-start": 7473,
      "location-after-char-end": 7479,
      "node-str": "visitor"
    },
    {
      "type": "insert-node",
      "node": {
        "label": "CH.ifa.draw.standard.StandardDrawingView",
        "type": "TypeAccess"
      },
      "location-after-char-start": 0,
      "location-after-char-end": 0,
      "node-str": "CH.ifa.draw.standard.StandardDrawingView"
    },
    {
      "type": "insert-node",
      "node": {
        "label": "fe",
        "type": "VariableRead"
      },
      "location-after-char-start": 6446,
      "location-after-char-end": 6447,
      "node-str": "fe"
    },
    {
      "type": "insert-node",
      "node": {
        "label": "figure",
        "type": "VariableRead"
      },
      "location-after-char-start": 6470,
      "location-after-char-end": 6475,
      "node-str": "figure"
    },
    {
      "type": "insert-node",
      "node": {
        "label": "ConnectionFigure",
        "type": "TypeAccess"
      },
      "location-after-char-start": 6488,
      "location-after-char-end": 6503,
      "node-str": "ConnectionFigure"
    },
    {
      "type": "insert-node",
      "node": {
        "label": "add",
        "type": "Invocation"
      },
      "location-after-char-start": 6512,
      "location-after-char-end": 6527,
      "node-str": "add"
    },
    {
      "type": "insert-node",
      "node": {
        "label": "if",
        "type": "If"
      },
      "location-after-char-start": 6542,
      "location-after-char-end": 6621,
      "node-str": "if"
    },
    {
      "type": "insert-node",
      "node": {
        "label": "ecf",
        "type": "VariableRead"
      },
      "location-after-char-start": 6758,
      "location-after-char-end": 6760,
      "node-str": "ecf"
    },
    {
      "type": "insert-node",
      "node": {
        "label": "cf",
        "type": "VariableRead"
      },
      "location-after-char-start": 6791,
      "location-after-char-end": 6792,
      "node-str": "cf"
    },
    {
      "type": "insert-node",
      "node": {
        "label": "cf",
        "type": "VariableRead"
      },
      "location-after-char-start": 6824,
      "location-after-char-end": 6825,
      "node-str": "cf"
    },
    {
      "type": "move-subtree",
      "node": {
        "label": "if",
        "type": "If"
      },
      "location-before-char-start": 7092,
      "location-before-char-end": 7488,
      "location-after-char-start": 6981,
      "location-after-char-end": 7377,
      "node-str": "if"
    },
    {
      "type": "insert-node",
      "node": {
        "label": "visit",
        "type": "Invocation"
      },
      "location-after-char-start": 7384,
      "location-after-char-end": 7401,
      "node-str": "visit"
    },
    {
      "type": "insert-node",
      "node": {
        "label": "vCF",
        "type": "VariableRead"
      },
      "location-after-char-start": 6512,
      "location-after-char-end": 6514,
      "node-str": "vCF"
    },
    {
      "type": "insert-node",
      "node": {
        "label": "figure",
        "type": "VariableRead"
      },
      "location-after-char-start": 6520,
      "location-after-char-end": 6525,
      "node-str": "figure"
    },
    {
      "type": "insert-node",
      "node": {
        "label": "NE",
        "type": "BinaryOperator"
      },
      "location-after-char-start": 6546,
      "location-after-char-end": 6559,
      "node-str": "NE"
    },
    {
      "type": "insert-node",
      "node": {
        "label": "THEN",
        "type": "then"
      },
      "location-after-char-start": 6562,
      "location-after-char-end": 6621,
      "node-str": "THEN"
    },
    {
      "type": "insert-node",
      "node": {
        "label": "cf",
        "type": "VariableRead"
      },
      "location-after-char-start": 7384,
      "location-after-char-end": 7385,
      "node-str": "cf"
    },
    {
      "type": "insert-node",
      "node": {
        "label": "visitor",
        "type": "VariableRead"
      },
      "location-after-char-start": 7393,
      "location-after-char-end": 7399,
      "node-str": "visitor"
    },
    {
      "type": "insert-node",
      "node": {
        "label": "figure",
        "type": "VariableRead"
      },
      "location-after-char-start": 6546,
      "location-after-char-end": 6551,
      "node-str": "figure"
    },
    {
      "type": "insert-node",
      "node": {
        "label": "null",
        "type": "Literal"
      },
      "location-after-char-start": 6556,
      "location-after-char-end": 6559,
      "node-str": "null"
    },
    {
      "type": "insert-node",
      "node": {
        "label": "moveBy",
        "type": "Invocation"
      },
      "location-after-char-start": 6568,
      "location-after-char-end": 6589,
      "node-str": "moveBy"
    },
    {
      "type": "insert-node",
      "node": {
        "label": "visit",
        "type": "Invocation"
      },
      "location-after-char-start": 6595,
      "location-after-char-end": 6616,
      "node-str": "visit"
    },
    {
      "type": "insert-node",
      "node": {
        "label": "figure",
        "type": "VariableRead"
      },
      "location-after-char-start": 6568,
      "location-after-char-end": 6573,
      "node-str": "figure"
    },
    {
      "type": "insert-node",
      "node": {
        "label": "dx",
        "type": "VariableRead"
      },
      "location-after-char-start": 6582,
      "location-after-char-end": 6583,
      "node-str": "dx"
    },
    {
      "type": "insert-node",
      "node": {
        "label": "dy",
        "type": "VariableRead"
      },
      "location-after-char-start": 6586,
      "location-after-char-end": 6587,
      "node-str": "dy"
    },
    {
      "type": "insert-node",
      "node": {
        "label": "figure",
        "type": "VariableRead"
      },
      "location-after-char-start": 6595,
      "location-after-char-end": 6600,
      "node-str": "figure"
    },
    {
      "type": "insert-node",
      "node": {
        "label": "visitor",
        "type": "VariableRead"
      },
      "location-after-char-start": 6608,
      "location-after-char-end": 6614,
      "node-str": "visitor"
    },
    {
      "type": "delete-node",
      "node": {
        "label": "public",
        "type": "Modifier"
      },
      "location-before-char-start": 0,
      "location-before-char-end": 0,
      "node-str": "public"
    },
    {
      "type": "delete-node",
      "node": {
        "label": "javax.swing.JPanel",
        "type": "SUPER_TYPE"
      },
      "location-before-char-start": 0,
      "location-before-char-end": 0,
      "node-str": "javax.swing.JPanel"
    },
    {
      "type": "delete-node",
      "node": {
        "label": "",
        "type": "TypeReference"
      },
      "location-before-char-start": 877,
      "location-before-char-end": 882,
      "node-str": ""
    },
    {
      "type": "delete-node",
      "node": {
        "label": "CH.ifa.draw.standard.DrawingEditor",
        "type": "VARIABLE_TYPE"
      },
      "location-before-char-start": 0,
      "location-before-char-end": 0,
      "node-str": "CH.ifa.draw.standard.DrawingEditor"
    },
    {
      "type": "delete-node",
      "node": {
        "label": "transient",
        "type": "Modifier"
      },
      "location-before-char-start": 0,
      "location-before-char-end": 0,
      "node-str": "transient"
    },
    {
      "type": "delete-node",
      "node": {
        "label": "fEditor",
        "type": "Field"
      },
      "location-before-char-start": 954,
      "location-before-char-end": 1055,
      "node-str": "fEditor"
    },
    {
      "type": "delete-node",
      "node": {
        "label": "java.util.List",
        "type": "VARIABLE_TYPE"
      },
      "location-before-char-start": 0,
      "location-before-char-end": 0,
      "node-str": "java.util.List"
    },
    {
      "type": "delete-node",
      "node": {
        "label": "transient",
        "type": "Modifier"
      },
      "location-before-char-start": 0,
      "location-before-char-end": 0,
      "node-str": "transient"
    },
    {
      "type": "delete-node",
      "node": {
        "label": "fSelectionListeners",
        "type": "Field"
      },
      "location-before-char-start": 1059,
      "location-before-char-end": 1162,
      "node-str": "fSelectionListeners"
    },
    {
      "type": "delete-node",
      "node": {
        "label": "CH.ifa.draw.standard.Drawing",
        "type": "VARIABLE_TYPE"
      },
      "location-before-char-start": 0,
      "location-before-char-end": 0,
      "node-str": "CH.ifa.draw.standard.Drawing"
    },
    {
      "type": "delete-node",
      "node": {
        "label": "fDrawing",
        "type": "Field"
      },
      "location-before-char-start": 1166,
      "location-before-char-end": 1231,
      "node-str": "fDrawing"
    },
    {
      "type": "delete-node",
      "node": {
        "label": "java.awt.Rectangle",
        "type": "VARIABLE_TYPE"
      },
      "location-before-char-start": 0,
      "location-before-char-end": 0,
      "node-str": "java.awt.Rectangle"
    },
    {
      "type": "delete-node",
      "node": {
        "label": "transient",
        "type": "Modifier"
      },
      "location-before-char-start": 0,
      "location-before-char-end": 0,
      "node-str": "transient"
    },
    {
      "type": "delete-node",
      "node": {
        "label": "fDamage",
        "type": "Field"
      },
      "location-before-char-start": 1235,
      "location-before-char-end": 1313,
      "node-str": "fDamage"
    },
    {
      "type": "delete-node",
      "node": {
        "label": "java.util.List",
        "type": "VARIABLE_TYPE"
      },
      "location-before-char-start": 0,
      "location-before-char-end": 0,
      "node-str": "java.util.List"
    },
    {
      "type": "delete-node",
      "node": {
        "label": "transient",
        "type": "Modifier"
      },
      "location-before-char-start": 0,
      "location-before-char-end": 0,
      "node-str": "transient"
    },
    {
      "type": "delete-node",
      "node": {
        "label": "fSelection",
        "type": "Field"
      },
      "location-before-char-start": 1317,
      "location-before-char-end": 1404,
      "node-str": "fSelection"
    },
    {
      "type": "delete-node",
      "node": {
        "label": "java.util.List",
        "type": "VARIABLE_TYPE"
      },
      "location-before-char-start": 0,
      "location-before-char-end": 0,
      "node-str": "java.util.List"
    },
    {
      "type": "delete-node",
      "node": {
        "label": "transient",
        "type": "Modifier"
      },
      "location-before-char-start": 0,
      "location-before-char-end": 0,
      "node-str": "transient"
    },
    {
      "type": "delete-node",
      "node": {
        "label": "fSelectionHandles",
        "type": "Field"
      },
      "location-before-char-start": 1408,
      "location-before-char-end": 1491,
      "node-str": "fSelectionHandles"
    },
    {
      "type": "delete-node",
      "node": {
        "label": "java.awt.Dimension",
        "type": "VARIABLE_TYPE"
      },
      "location-before-char-start": 0,
      "location-before-char-end": 0,
      "node-str": "java.awt.Dimension"
    },
    {
      "type": "delete-node",
      "node": {
        "label": "fViewSize",
        "type": "Field"
      },
      "location-before-char-start": 1495,
      "location-before-char-end": 1567,
      "node-str": "fViewSize"
    },
    {
      "type": "delete-node",
      "node": {
        "label": "java.awt.Point",
        "type": "VARIABLE_TYPE"
      },
      "location-before-char-start": 0,
      "location-before-char-end": 0,
      "node-str": "java.awt.Point"
    },
    {
      "type": "delete-node",
      "node": {
        "label": "fLastClick",
        "type": "Field"
      },
      "location-before-char-start": 1571,
      "location-before-char-end": 1667,
      "node-str": "fLastClick"
    },
    {
      "type": "delete-node",
      "node": {
        "label": "java.util.List",
        "type": "VARIABLE_TYPE"
      },
      "location-before-char-start": 0,
      "location-before-char-end": 0,
      "node-str": "java.util.List"
    },
    {
      "type": "delete-node",
      "node": {
        "label": "fBackgrounds",
        "type": "Field"
      },
      "location-before-char-start": 1671,
      "location-before-char-end": 1845,
      "node-str": "fBackgrounds"
    },
    {
      "type": "delete-node",
      "node": {
        "label": "java.util.List",
        "type": "VARIABLE_TYPE"
      },
      "location-before-char-start": 0,
      "location-before-char-end": 0,
      "node-str": "java.util.List"
    },
    {
      "type": "delete-node",
      "node": {
        "label": "fForegrounds",
        "type": "Field"
      },
      "location-before-char-start": 1849,
      "location-before-char-end": 2022,
      "node-str": "fForegrounds"
    },
    {
      "type": "delete-node",
      "node": {
        "label": "javax.swing.Painter",
        "type": "VARIABLE_TYPE"
      },
      "location-before-char-start": 0,
      "location-before-char-end": 0,
      "node-str": "javax.swing.Painter"
    },
    {
      "type": "delete-node",
      "node": {
        "label": "fUpdateStrategy",
        "type": "Field"
      },
      "location-before-char-start": 2026,
      "location-before-char-end": 2116,
      "node-str": "fUpdateStrategy"
    },
    {
      "type": "delete-node",
      "node": {
        "label": "CH.ifa.draw.standard.PointConstrainer",
        "type": "VARIABLE_TYPE"
      },
      "location-before-char-start": 0,
      "location-before-char-end": 0,
      "node-str": "CH.ifa.draw.standard.PointConstrainer"
    },
    {
      "type": "delete-node",
      "node": {
        "label": "fConstrainer",
        "type": "Field"
      },
      "location-before-char-start": 2120,
      "location-before-char-end": 2241,
      "node-str": "fConstrainer"
    },
    {
      "type": "delete-node",
      "node": {
        "label": "int",
        "type": "VARIABLE_TYPE"
      },
      "location-before-char-start": 0,
      "location-before-char-end": 0,
      "node-str": "int"
    },
    {
      "type": "delete-node",
      "node": {
        "label": "static",
        "type": "Modifier"
      },
      "location-before-char-start": 0,
      "location-before-char-end": 0,
      "node-str": "static"
    },
    {
      "type": "delete-node",
      "node": {
        "label": "counter",
        "type": "Field"
      },
      "location-before-char-start": 2462,
      "location-before-char-end": 2488,
      "node-str": "counter"
    },
    {
      "type": "delete-node",
      "node": {
        "label": "int",
        "type": "VARIABLE_TYPE"
      },
      "location-before-char-start": 0,
      "location-before-char-end": 0,
      "node-str": "int"
    },
    {
      "type": "delete-node",
      "node": {
        "label": "counter",
        "type": "FieldRead"
      },
      "location-before-char-start": 2515,
      "location-before-char-end": 2521,
      "node-str": "counter"
    },
    {
      "type": "delete-node",
      "node": {
        "label": "myCounter",
        "type": "Field"
      },
      "location-before-char-start": 2491,
      "location-before-char-end": 2522,
      "node-str": "myCounter"
    },
    {
      "type": "delete-node",
      "node": {
        "label": "CH.ifa.draw.contrib.dnd.DNDHelper",
        "type": "VARIABLE_TYPE"
      },
      "location-before-char-start": 0,
      "location-before-char-end": 0,
      "node-str": "CH.ifa.draw.contrib.dnd.DNDHelper"
    },
    {
      "type": "delete-node",
      "node": {
        "label": "dndh",
        "type": "Field"
      },
      "location-before-char-start": 2526,
      "location-before-char-end": 2548,
      "node-str": "dndh"
    },
    {
      "type": "delete-node",
      "node": {
        "label": "int",
        "type": "VARIABLE_TYPE"
      },
      "location-before-char-start": 0,
      "location-before-char-end": 0,
      "node-str": "int"
    },
    {
      "type": "delete-node",
      "node": {
        "label": "1",
        "type": "Literal"
      },
      "location-before-char-start": 2826,
      "location-before-char-end": 2826,
      "node-str": "1"
    },
    {
      "type": "delete-node",
      "node": {
        "label": "drawingViewSerializedDataVersion",
        "type": "Field"
      },
      "location-before-char-start": 2779,
      "location-before-char-end": 2827,
      "node-str": "drawingViewSerializedDataVersion"
    },
    {
      "type": "delete-node",
      "node": {
        "label": "CH.ifa.draw.standard.FigureEnumeration",
        "type": "RETURN_TYPE"
      },
      "location-before-char-start": 0,
      "location-before-char-end": 0,
      "node-str": "CH.ifa.draw.standard.FigureEnumeration"
    },
    {
      "type": "delete-node",
      "node": {
        "label": "public",
        "type": "Modifier"
      },
      "location-before-char-start": 0,
      "location-before-char-end": 0,
      "node-str": "public"
    },
    {
      "type": "delete-node",
      "node": {
        "label": "FigureEnumeration",
        "type": "VARIABLE_TYPE"
      },
      "location-before-char-start": 0,
      "location-before-char-end": 0,
      "node-str": "FigureEnumeration"
    },
    {
      "type": "delete-node",
      "node": {
        "label": "fe",
        "type": "Parameter"
      },
      "location-before-char-start": 6128,
      "location-before-char-end": 6147,
      "node-str": "fe"
    },
    {
      "type": "delete-node",
      "node": {
        "label": "int",
        "type": "VARIABLE_TYPE"
      },
      "location-before-char-start": 0,
      "location-before-char-end": 0,
      "node-str": "int"
    },
    {
      "type": "delete-node",
      "node": {
        "label": "dx",
        "type": "Parameter"
      },
      "location-before-char-start": 6150,
      "location-before-char-end": 6155,
      "node-str": "dx"
    },
    {
      "type": "delete-node",
      "node": {
        "label": "int",
        "type": "VARIABLE_TYPE"
      },
      "location-before-char-start": 0,
      "location-before-char-end": 0,
      "node-str": "int"
    },
    {
      "type": "delete-node",
      "node": {
        "label": "dy",
        "type": "Parameter"
      },
      "location-before-char-start": 6158,
      "location-before-char-end": 6163,
      "node-str": "dy"
    },
    {
      "type": "delete-node",
      "node": {
        "label": "boolean",
        "type": "VARIABLE_TYPE"
      },
      "location-before-char-start": 0,
      "location-before-char-end": 0,
      "node-str": "boolean"
    },
    {
      "type": "delete-node",
      "node": {
        "label": "bCheck",
        "type": "Parameter"
      },
      "location-before-char-start": 6166,
      "location-before-char-end": 6179,
      "node-str": "bCheck"
    },
    {
      "type": "delete-node",
      "node": {
        "label": "java.util.List",
        "type": "VARIABLE_TYPE"
      },
      "location-before-char-start": 0,
      "location-before-char-end": 0,
      "node-str": "java.util.List"
    },
    {
      "type": "delete-node",
      "node": {
        "label": "CollectionsFactory",
        "type": "TypeAccess"
      },
      "location-before-char-start": 6281,
      "location-before-char-end": 6298,
      "node-str": "CollectionsFactory"
    },
    {
      "type": "delete-node",
      "node": {
        "label": "current",
        "type": "Invocation"
      },
      "location-before-char-start": 6281,
      "location-before-char-end": 6308,
      "node-str": "current"
    },
    {
      "type": "delete-node",
      "node": {
        "label": "createList",
        "type": "Invocation"
      },
      "location-before-char-start": 6281,
      "location-before-char-end": 6321,
      "node-str": "createList"
    },
    {
      "type": "delete-node",
      "node": {
        "label": "addedFigures",
        "type": "LocalVariable"
      },
      "location-before-char-start": 6261,
      "location-before-char-end": 6322,
      "node-str": "addedFigures"
    },
    {
      "type": "delete-node",
      "node": {
        "label": "fe",
        "type": "VariableRead"
      },
      "location-before-char-start": 6392,
      "location-before-char-end": 6393,
      "node-str": "fe"
    },
    {
      "type": "delete-node",
      "node": {
        "label": "hasNextFigure",
        "type": "Invocation"
      },
      "location-before-char-start": 6392,
      "location-before-char-end": 6409,
      "node-str": "hasNextFigure"
    },
    {
      "type": "delete-node",
      "node": {
        "label": "Figure",
        "type": "VARIABLE_TYPE"
      },
      "location-before-char-start": 0,
      "location-before-char-end": 0,
      "node-str": "Figure"
    },
    {
      "type": "delete-node",
      "node": {
        "label": "fe",
        "type": "VariableRead"
      },
      "location-before-char-start": 6433,
      "location-before-char-end": 6434,
      "node-str": "fe"
    },
    {
      "type": "delete-node",
      "node": {
        "label": "nextFigure",
        "type": "Invocation"
      },
      "location-before-char-start": 6433,
      "location-before-char-end": 6447,
      "node-str": "nextFigure"
    },
    {
      "type": "delete-node",
      "node": {
        "label": "figure",
        "type": "LocalVariable"
      },
      "location-before-char-start": 6417,
      "location-before-char-end": 6448,
      "node-str": "figure"
    },
    {
      "type": "delete-node",
      "node": {
        "label": "figure",
        "type": "VariableRead"
      },
      "location-before-char-start": 6457,
      "location-before-char-end": 6462,
      "node-str": "figure"
    },
    {
      "type": "delete-node",
      "node": {
        "label": "ConnectionFigure",
        "type": "TypeAccess"
      },
      "location-before-char-start": 6475,
      "location-before-char-end": 6490,
      "node-str": "ConnectionFigure"
    },
    {
      "type": "delete-node",
      "node": {
        "label": "INSTANCEOF",
        "type": "BinaryOperator"
      },
      "location-before-char-start": 6457,
      "location-before-char-end": 6490,
      "node-str": "INSTANCEOF"
    },
    {
      "type": "delete-node",
      "node": {
        "label": "vCF",
        "type": "VariableRead"
      },
      "location-before-char-start": 6499,
      "location-before-char-end": 6501,
      "node-str": "vCF"
    },
    {
      "type": "delete-node",
      "node": {
        "label": "figure",
        "type": "VariableRead"
      },
      "location-before-char-start": 6507,
      "location-before-char-end": 6512,
      "node-str": "figure"
    },
    {
      "type": "delete-node",
      "node": {
        "label": "add",
        "type": "Invocation"
      },
      "location-before-char-start": 6499,
      "location-before-char-end": 6514,
      "node-str": "add"
    },
    {
      "type": "delete-node",
      "node": {
        "label": "THEN",
        "type": "then"
      },
      "location-before-char-start": 6493,
      "location-before-char-end": 6519,
      "node-str": "THEN"
    },
    {
      "type": "delete-node",
      "node": {
        "label": "figure",
        "type": "VariableRead"
      },
      "location-before-char-start": 6533,
      "location-before-char-end": 6538,
      "node-str": "figure"
    },
    {
      "type": "delete-node",
      "node": {
        "label": "null",
        "type": "Literal"
      },
      "location-before-char-start": 6543,
      "location-before-char-end": 6546,
      "node-str": "null"
    },
    {
      "type": "delete-node",
      "node": {
        "label": "NE",
        "type": "BinaryOperator"
      },
      "location-before-char-start": 6533,
      "location-before-char-end": 6546,
      "node-str": "NE"
    },
    {
      "type": "delete-node",
      "node": {
        "label": "figure",
        "type": "VariableRead"
      },
      "location-before-char-start": 6555,
      "location-before-char-end": 6560,
      "node-str": "figure"
    },
    {
      "type": "delete-node",
      "node": {
        "label": "dx",
        "type": "VariableRead"
      },
      "location-before-char-start": 6569,
      "location-before-char-end": 6570,
      "node-str": "dx"
    },
    {
      "type": "delete-node",
      "node": {
        "label": "dy",
        "type": "VariableRead"
      },
      "location-before-char-start": 6573,
      "location-before-char-end": 6574,
      "node-str": "dy"
    },
    {
      "type": "delete-node",
      "node": {
        "label": "moveBy",
        "type": "Invocation"
      },
      "location-before-char-start": 6555,
      "location-before-char-end": 6576,
      "node-str": "moveBy"
    },
    {
      "type": "delete-node",
      "node": {
        "label": "figure",
        "type": "VariableWrite"
      },
      "location-before-char-start": 6582,
      "location-before-char-end": 6587,
      "node-str": "figure"
    },
    {
      "type": "delete-node",
      "node": {
        "label": "CH.ifa.draw.standard.StandardDrawingView",
        "type": "TypeAccess"
      },
      "location-before-char-start": 0,
      "location-before-char-end": 0,
      "node-str": "CH.ifa.draw.standard.StandardDrawingView"
    },
    {
      "type": "delete-node",
      "node": {
        "label": "figure",
        "type": "VariableRead"
      },
      "location-before-char-start": 6595,
      "location-before-char-end": 6600,
      "node-str": "figure"
    },
    {
      "type": "delete-node",
      "node": {
        "label": "add",
        "type": "Invocation"
      },
      "location-before-char-start": 6591,
      "location-before-char-end": 6601,
      "node-str": "add"
    },
    {
      "type": "delete-node",
      "node": {
        "label": "\u003d",
        "type": "Assignment"
      },
      "location-before-char-start": 6582,
      "location-before-char-end": 6602,
      "node-str": "\u003d"
    },
    {
      "type": "delete-node",
      "node": {
        "label": "CH.ifa.draw.standard.StandardDrawingView",
        "type": "TypeAccess"
      },
      "location-before-char-start": 0,
      "location-before-char-end": 0,
      "node-str": "CH.ifa.draw.standard.StandardDrawingView"
    },
    {
      "type": "delete-node",
      "node": {
        "label": "figure",
        "type": "VariableRead"
      },
      "location-before-char-start": 6623,
      "location-before-char-end": 6628,
      "node-str": "figure"
    },
    {
      "type": "delete-node",
      "node": {
        "label": "addToSelection",
        "type": "Invocation"
      },
      "location-before-char-start": 6608,
      "location-before-char-end": 6630,
      "node-str": "addToSelection"
    },
    {
      "type": "delete-node",
      "node": {
        "label": "addedFigures",
        "type": "VariableRead"
      },
      "location-before-char-start": 6703,
      "location-before-char-end": 6714,
      "node-str": "addedFigures"
    },
    {
      "type": "delete-node",
      "node": {
        "label": "figure",
        "type": "VariableRead"
      },
      "location-before-char-start": 6720,
      "location-before-char-end": 6725,
      "node-str": "figure"
    },
    {
      "type": "delete-node",
      "node": {
        "label": "add",
        "type": "Invocation"
      },
      "location-before-char-start": 6703,
      "location-before-char-end": 6727,
      "node-str": "add"
    },
    {
      "type": "delete-node",
      "node": {
        "label": "THEN",
        "type": "then"
      },
      "location-before-char-start": 6549,
      "location-before-char-end": 6732,
      "node-str": "THEN"
    },
    {
      "type": "delete-node",
      "node": {
        "label": "if",
        "type": "If"
      },
      "location-before-char-start": 6529,
      "location-before-char-end": 6732,
      "node-str": "if"
    },
    {
      "type": "delete-node",
      "node": {
        "label": "ELSE",
        "type": "else"
      },
      "location-before-char-start": 6529,
      "location-before-char-end": 6732,
      "node-str": "ELSE"
    },
    {
      "type": "delete-node",
      "node": {
        "label": "if",
        "type": "If"
      },
      "location-before-char-start": 6453,
      "location-before-char-end": 6732,
      "node-str": "if"
    },
    {
      "type": "delete-node",
      "node": {
        "label": "while",
        "type": "While"
      },
      "location-before-char-start": 6385,
      "location-before-char-end": 6736,
      "node-str": "while"
    },
    {
      "type": "delete-node",
      "node": {
        "label": "FigureEnumeration",
        "type": "VARIABLE_TYPE"
      },
      "location-before-char-start": 0,
      "location-before-char-end": 0,
      "node-str": "FigureEnumeration"
    },
    {
      "type": "delete-node",
      "node": {
        "label": "vCF",
        "type": "VariableRead"
      },
      "location-before-char-start": 6786,
      "location-before-char-end": 6788,
      "node-str": "vCF"
    },
    {
      "type": "delete-node",
      "node": {
        "label": "FigureEnumerator(java.util.List)",
        "type": "ConstructorCall"
      },
      "location-before-char-start": 6765,
      "location-before-char-end": 6789,
      "node-str": "FigureEnumerator(java.util.List)"
    },
    {
      "type": "delete-node",
      "node": {
        "label": "ecf",
        "type": "LocalVariable"
      },
      "location-before-char-start": 6741,
      "location-before-char-end": 6790,
      "node-str": "ecf"
    },
    {
      "type": "delete-node",
      "node": {
        "label": "ecf",
        "type": "VariableRead"
      },
      "location-before-char-start": 6802,
      "location-before-char-end": 6804,
      "node-str": "ecf"
    },
    {
      "type": "delete-node",
      "node": {
        "label": "hasNextFigure",
        "type": "Invocation"
      },
      "location-before-char-start": 6802,
      "location-before-char-end": 6820,
      "node-str": "hasNextFigure"
    },
    {
      "type": "delete-node",
      "node": {
        "label": "ConnectionFigure",
        "type": "VARIABLE_TYPE"
      },
      "location-before-char-start": 0,
      "location-before-char-end": 0,
      "node-str": "ConnectionFigure"
    },
    {
      "type": "delete-node",
      "node": {
        "label": "ecf",
        "type": "VariableRead"
      },
      "location-before-char-start": 6869,
      "location-before-char-end": 6871,
      "node-str": "ecf"
    },
    {
      "type": "delete-node",
      "node": {
        "label": "nextFigure",
        "type": "Invocation"
      },
      "location-before-char-start": 6850,
      "location-before-char-end": 6884,
      "node-str": "nextFigure"
    },
    {
      "type": "delete-node",
      "node": {
        "label": "cf",
        "type": "LocalVariable"
      },
      "location-before-char-start": 6828,
      "location-before-char-end": 6885,
      "node-str": "cf"
    },
    {
      "type": "delete-node",
      "node": {
        "label": "Figure",
        "type": "VARIABLE_TYPE"
      },
      "location-before-char-start": 0,
      "location-before-char-end": 0,
      "node-str": "Figure"
    },
    {
      "type": "delete-node",
      "node": {
        "label": "cf",
        "type": "VariableRead"
      },
      "location-before-char-start": 6902,
      "location-before-char-end": 6903,
      "node-str": "cf"
    },
    {
      "type": "delete-node",
      "node": {
        "label": "startFigure",
        "type": "Invocation"
      },
      "location-before-char-start": 6902,
      "location-before-char-end": 6917,
      "node-str": "startFigure"
    },
    {
      "type": "delete-node",
      "node": {
        "label": "sf",
        "type": "LocalVariable"
      },
      "location-before-char-start": 6890,
      "location-before-char-end": 6918,
      "node-str": "sf"
    },
    {
      "type": "delete-node",
      "node": {
        "label": "Figure",
        "type": "VARIABLE_TYPE"
      },
      "location-before-char-start": 0,
      "location-before-char-end": 0,
      "node-str": "Figure"
    },
    {
      "type": "delete-node",
      "node": {
        "label": "cf",
        "type": "VariableRead"
      },
      "location-before-char-start": 6935,
      "location-before-char-end": 6936,
      "node-str": "cf"
    },
    {
      "type": "delete-node",
      "node": {
        "label": "endFigure",
        "type": "Invocation"
      },
      "location-before-char-start": 6935,
      "location-before-char-end": 6948,
      "node-str": "endFigure"
    },
    {
      "type": "delete-node",
      "node": {
        "label": "ef",
        "type": "LocalVariable"
      },
      "location-before-char-start": 6923,
      "location-before-char-end": 6949,
      "node-str": "ef"
    },
    {
      "type": "delete-node",
      "node": {
        "label": "Figure",
        "type": "VARIABLE_TYPE"
      },
      "location-before-char-start": 0,
      "location-before-char-end": 0,
      "node-str": "Figure"
    },
    {
      "type": "delete-node",
      "node": {
        "label": "CH.ifa.draw.standard.StandardDrawingView",
        "type": "TypeAccess"
      },
      "location-before-char-start": 0,
      "location-before-char-end": 0,
      "node-str": "CH.ifa.draw.standard.StandardDrawingView"
    },
    {
      "type": "delete-node",
      "node": {
        "label": "cf",
        "type": "VariableRead"
      },
      "location-before-char-start": 7511,
      "location-before-char-end": 7512,
      "node-str": "cf"
    },
    {
      "type": "delete-node",
      "node": {
        "label": "add",
        "type": "Invocation"
      },
      "location-before-char-start": 7507,
      "location-before-char-end": 7513,
      "node-str": "add"
    },
    {
      "type": "delete-node",
      "node": {
        "label": "nf",
        "type": "LocalVariable"
      },
      "location-before-char-start": 7495,
      "location-before-char-end": 7514,
      "node-str": "nf"
    },
    {
      "type": "delete-node",
      "node": {
        "label": "CH.ifa.draw.standard.StandardDrawingView",
        "type": "TypeAccess"
      },
      "location-before-char-start": 0,
      "location-before-char-end": 0,
      "node-str": "CH.ifa.draw.standard.StandardDrawingView"
    },
    {
      "type": "delete-node",
      "node": {
        "label": "nf",
        "type": "VariableRead"
      },
      "location-before-char-start": 7535,
      "location-before-char-end": 7536,
      "node-str": "nf"
    },
    {
      "type": "delete-node",
      "node": {
        "label": "addToSelection",
        "type": "Invocation"
      },
      "location-before-char-start": 7520,
      "location-before-char-end": 7538,
      "node-str": "addToSelection"
    },
    {
      "type": "delete-node",
      "node": {
        "label": "addedFigures",
        "type": "VariableRead"
      },
      "location-before-char-start": 7611,
      "location-before-char-end": 7622,
      "node-str": "addedFigures"
    },
    {
      "type": "delete-node",
      "node": {
        "label": "nf",
        "type": "VariableRead"
      },
      "location-before-char-start": 7628,
      "location-before-char-end": 7629,
      "node-str": "nf"
    },
    {
      "type": "delete-node",
      "node": {
        "label": "add",
        "type": "Invocation"
      },
      "location-before-char-start": 7611,
      "location-before-char-end": 7631,
      "node-str": "add"
    },
    {
      "type": "delete-node",
      "node": {
        "label": "THEN",
        "type": "then"
      },
      "location-before-char-start": 7085,
      "location-before-char-end": 7636,
      "node-str": "THEN"
    },
    {
      "type": "delete-node",
      "node": {
        "label": "if",
        "type": "If"
      },
      "location-before-char-start": 6955,
      "location-before-char-end": 7636,
      "node-str": "if"
    },
    {
      "type": "delete-node",
      "node": {
        "label": "while",
        "type": "While"
      },
      "location-before-char-start": 6795,
      "location-before-char-end": 7640,
      "node-str": "while"
    },
    {
      "type": "delete-node",
      "node": {
        "label": "addedFigures",
        "type": "VariableRead"
      },
      "location-before-char-start": 7673,
      "location-before-char-end": 7684,
      "node-str": "addedFigures"
    },
    {
      "type": "delete-node",
      "node": {
        "label": "FigureEnumerator(java.util.List)",
        "type": "ConstructorCall"
      },
      "location-before-char-start": 7652,
      "location-before-char-end": 7685,
      "node-str": "FigureEnumerator(java.util.List)"
    },
    {
      "type": "delete-node",
      "node": {
        "label": "return",
        "type": "Return"
      },
      "location-before-char-start": 7645,
      "location-before-char-end": 7686,
      "node-str": "return"
    },
    {
      "type": "delete-node",
      "node": {
        "label": "insertFigures",
        "type": "Method"
      },
      "location-before-char-start": 5738,
      "location-before-char-end": 7689,
      "node-str": "insertFigures"
    },
    {
      "type": "delete-node",
      "node": {
        "label": "CH.ifa.draw.standard.StandardDrawingView$ASH",
        "type": "VARIABLE_TYPE"
      },
      "location-before-char-start": 0,
      "location-before-char-end": 0,
      "node-str": "CH.ifa.draw.standard.StandardDrawingView$ASH"
    },
    {
      "type": "delete-node",
      "node": {
        "label": "10",
        "type": "Literal"
      },
      "location-before-char-start": 20860,
      "location-before-char-end": 20861,
      "node-str": "10"
    },
    {
      "type": "delete-node",
      "node": {
        "label": "CH.ifa.draw.standard.StandardDrawingView$ASH(int)",
        "type": "ConstructorCall"
      },
      "location-before-char-start": 20852,
      "location-before-char-end": 20862,
      "node-str": "CH.ifa.draw.standard.StandardDrawingView$ASH(int)"
    },
    {
      "type": "delete-node",
      "node": {
        "label": "ash",
        "type": "Field"
      },
      "location-before-char-start": 20800,
      "location-before-char-end": 20863,
      "node-str": "ash"
    }
  ],
  "before-file": {},
  "after-file": {},
  "mapping": {}
}