{
  "tool-info": {},
  "diff": [
    {
      "type": "insert-node",
      "node": {
        "label": "public",
        "type": "Modifier"
      },
      "location-after-char-start": 0,
      "location-after-char-end": 0,
      "node-str": "public"
    },
    {
      "type": "insert-node",
      "node": {
        "label": "dragToTarget",
        "type": "Method"
      },
      "location-after-char-start": 3152,
      "location-after-char-end": 6731,
      "node-str": "dragToTarget"
    },
    {
      "type": "insert-node",
      "node": {
        "label": "org.eclipse.ui.internal.dnd.IDropTarget",
        "type": "RETURN_TYPE"
      },
      "location-after-char-start": 0,
      "location-after-char-end": 0,
      "node-str": "org.eclipse.ui.internal.dnd.IDropTarget"
    },
    {
      "type": "insert-node",
      "node": {
        "label": "static",
        "type": "Modifier"
      },
      "location-after-char-start": 0,
      "location-after-char-end": 0,
      "node-str": "static"
    },
    {
      "type": "move-subtree",
      "node": {
        "label": "draggedItem",
        "type": "Parameter"
      },
      "location-before-char-start": 4003,
      "location-before-char-end": 4026,
      "location-after-char-start": 4003,
      "location-after-char-end": 4026,
      "node-str": "draggedItem"
    },
    {
      "type": "move-subtree",
      "node": {
        "label": "sourceBounds",
        "type": "Parameter"
      },
      "location-before-char-start": 4029,
      "location-before-char-end": 4056,
      "location-after-char-start": 4029,
      "location-after-char-end": 4056,
      "node-str": "sourceBounds"
    },
    {
      "type": "move-subtree",
      "node": {
        "label": "initialLocation",
        "type": "Parameter"
      },
      "location-before-char-start": 4066,
      "location-before-char-end": 4092,
      "location-after-char-start": 4066,
      "location-after-char-end": 4092,
      "node-str": "initialLocation"
    },
    {
      "type": "move-subtree",
      "node": {
        "label": "allowSnapping",
        "type": "Parameter"
      },
      "location-before-char-start": 4095,
      "location-before-char-end": 4121,
      "location-after-char-start": 4095,
      "location-after-char-end": 4121,
      "node-str": "allowSnapping"
    },
    {
      "type": "move-subtree",
      "node": {
        "label": "display",
        "type": "LocalVariable"
      },
      "location-before-char-start": 4128,
      "location-before-char-end": 4172,
      "location-after-char-start": 4128,
      "location-after-char-end": 4172,
      "node-str": "display"
    },
    {
      "type": "move-subtree",
      "node": {
        "label": "tracker",
        "type": "LocalVariable"
      },
      "location-before-char-start": 4176,
      "location-before-char-end": 4341,
      "location-after-char-start": 4176,
      "location-after-char-end": 4341,
      "node-str": "tracker"
    },
    {
      "type": "move-subtree",
      "node": {
        "label": "setStippled",
        "type": "Invocation"
      },
      "location-before-char-start": 4350,
      "location-before-char-end": 4375,
      "location-after-char-start": 4350,
      "location-after-char-end": 4375,
      "node-str": "setStippled"
    },
    {
      "type": "insert-node",
      "node": {
        "label": "addListener",
        "type": "Invocation"
      },
      "location-after-char-start": 4382,
      "location-after-char-end": 5750,
      "node-str": "addListener"
    },
    {
      "type": "move-subtree",
      "node": {
        "label": "if",
        "type": "If"
      },
      "location-before-char-start": 5464,
      "location-before-char-end": 5628,
      "location-after-char-start": 5757,
      "location-after-char-end": 5921,
      "node-str": "if"
    },
    {
      "type": "move-subtree",
      "node": {
        "label": "startControl",
        "type": "LocalVariable"
      },
      "location-before-char-start": 5762,
      "location-before-char-end": 5811,
      "location-after-char-start": 6055,
      "location-after-char-end": 6104,
      "node-str": "startControl"
    },
    {
      "type": "move-subtree",
      "node": {
        "label": "if",
        "type": "If"
      },
      "location-before-char-start": 5815,
      "location-before-char-end": 5879,
      "location-after-char-start": 6108,
      "location-after-char-end": 6172,
      "node-str": "if"
    },
    {
      "type": "move-subtree",
      "node": {
        "label": "trackingOk",
        "type": "LocalVariable"
      },
      "location-before-char-start": 5948,
      "location-before-char-end": 5983,
      "location-after-char-start": 6241,
      "location-after-char-end": 6276,
      "node-str": "trackingOk"
    },
    {
      "type": "move-subtree",
      "node": {
        "label": "if",
        "type": "If"
      },
      "location-before-char-start": 6026,
      "location-before-char-end": 6091,
      "location-after-char-start": 6319,
      "location-after-char-end": 6384,
      "node-str": "if"
    },
    {
      "type": "move-subtree",
      "node": {
        "label": "finalLocation",
        "type": "LocalVariable"
      },
      "location-before-char-start": 6098,
      "location-before-char-end": 6147,
      "location-after-char-start": 6391,
      "location-after-char-end": 6440,
      "node-str": "finalLocation"
    },
    {
      "type": "move-subtree",
      "node": {
        "label": "dropTarget",
        "type": "LocalVariable"
      },
      "location-before-char-start": 6154,
      "location-before-char-end": 6183,
      "location-after-char-start": 6447,
      "location-after-char-end": 6476,
      "node-str": "dropTarget"
    },
    {
      "type": "move-subtree",
      "node": {
        "label": "if",
        "type": "If"
      },
      "location-before-char-start": 6187,
      "location-before-char-end": 6371,
      "location-after-char-start": 6480,
      "location-after-char-end": 6664,
      "node-str": "if"
    },
    {
      "type": "move-subtree",
      "node": {
        "label": "dispose",
        "type": "Invocation"
      },
      "location-before-char-start": 6394,
      "location-before-char-end": 6411,
      "location-after-char-start": 6687,
      "location-after-char-end": 6704,
      "node-str": "dispose"
    },
    {
      "type": "move-subtree",
      "node": {
        "label": "return",
        "type": "Return"
      },
      "location-before-char-start": 6418,
      "location-before-char-end": 6435,
      "location-after-char-start": 6711,
      "location-after-char-end": 6728,
      "node-str": "return"
    },
    {
      "type": "insert-node",
      "node": {
        "label": "tracker",
        "type": "VariableRead"
      },
      "location-after-char-start": 4382,
      "location-after-char-end": 4388,
      "node-str": "tracker"
    },
    {
      "type": "insert-node",
      "node": {
        "label": "SWT.Move",
        "type": "TypeAccess"
      },
      "location-after-char-start": 4402,
      "location-after-char-end": 4409,
      "node-str": "SWT.Move"
    },
    {
      "type": "insert-node",
      "node": {
        "label": "org.eclipse.swt.widgets.Listener()",
        "type": "NewClass"
      },
      "location-after-char-start": 4412,
      "location-after-char-end": 5748,
      "node-str": "org.eclipse.swt.widgets.Listener()"
    },
    {
      "type": "insert-node",
      "node": {
        "label": "1",
        "type": "Class"
      },
      "location-after-char-start": 4427,
      "location-after-char-end": 5748,
      "node-str": "1"
    },
    {
      "type": "move-subtree",
      "node": {
        "label": "",
        "type": "TypeReference"
      },
      "location-before-char-start": 0,
      "location-before-char-end": 0,
      "location-after-char-start": 0,
      "location-after-char-end": 0,
      "node-str": ""
    },
    {
      "type": "insert-node",
      "node": {
        "label": "handleEvent",
        "type": "Method"
      },
      "location-after-char-start": 4432,
      "location-after-char-end": 5744,
      "node-str": "handleEvent"
    },
    {
      "type": "insert-node",
      "node": {
        "label": "void",
        "type": "RETURN_TYPE"
      },
      "location-after-char-start": 0,
      "location-after-char-end": 0,
      "node-str": "void"
    },
    {
      "type": "insert-node",
      "node": {
        "label": "public",
        "type": "Modifier"
      },
      "location-after-char-start": 0,
      "location-after-char-end": 0,
      "node-str": "public"
    },
    {
      "type": "move-subtree",
      "node": {
        "label": "event",
        "type": "Parameter"
      },
      "location-before-char-start": 4456,
      "location-before-char-end": 4472,
      "location-after-char-start": 4456,
      "location-after-char-end": 4472,
      "node-str": "event"
    },
    {
      "type": "insert-node",
      "node": {
        "label": "syncExec",
        "type": "Invocation"
      },
      "location-after-char-start": 4481,
      "location-after-char-end": 5739,
      "node-str": "syncExec"
    },
    {
      "type": "insert-node",
      "node": {
        "label": "display",
        "type": "VariableRead"
      },
      "location-after-char-start": 4481,
      "location-after-char-end": 4487,
      "node-str": "display"
    },
    {
      "type": "insert-node",
      "node": {
        "label": "org.eclipse.ui.internal.dnd.DragUtil$1$1()",
        "type": "NewClass"
      },
      "location-after-char-start": 4498,
      "location-after-char-end": 5737,
      "node-str": "org.eclipse.ui.internal.dnd.DragUtil$1$1()"
    },
    {
      "type": "insert-node",
      "node": {
        "label": "1",
        "type": "Class"
      },
      "location-after-char-start": 4513,
      "location-after-char-end": 5737,
      "node-str": "1"
    },
    {
      "type": "insert-node",
      "node": {
        "label": "run",
        "type": "Method"
      },
      "location-after-char-start": 4520,
      "location-after-char-end": 5731,
      "node-str": "run"
    },
    {
      "type": "insert-node",
      "node": {
        "label": "void",
        "type": "RETURN_TYPE"
      },
      "location-after-char-start": 0,
      "location-after-char-end": 0,
      "node-str": "void"
    },
    {
      "type": "insert-node",
      "node": {
        "label": "public",
        "type": "Modifier"
      },
      "location-after-char-start": 0,
      "location-after-char-end": 0,
      "node-str": "public"
    },
    {
      "type": "move-subtree",
      "node": {
        "label": "location",
        "type": "LocalVariable"
      },
      "location-before-char-start": 4546,
      "location-before-char-end": 4590,
      "location-after-char-start": 4546,
      "location-after-char-end": 4590,
      "node-str": "location"
    },
    {
      "type": "move-subtree",
      "node": {
        "label": "targetControl",
        "type": "LocalVariable"
      },
      "location-before-char-start": 4613,
      "location-before-char-end": 4663,
      "location-after-char-start": 4613,
      "location-after-char-end": 4663,
      "node-str": "targetControl"
    },
    {
      "type": "move-subtree",
      "node": {
        "label": "target",
        "type": "LocalVariable"
      },
      "location-before-char-start": 4678,
      "location-before-char-end": 4787,
      "location-after-char-start": 4678,
      "location-after-char-end": 4787,
      "node-str": "target"
    },
    {
      "type": "move-subtree",
      "node": {
        "label": "snapTarget",
        "type": "LocalVariable"
      },
      "location-before-char-start": 4803,
      "location-before-char-end": 4830,
      "location-after-char-start": 4803,
      "location-after-char-end": 4830,
      "node-str": "snapTarget"
    },
    {
      "type": "move-subtree",
      "node": {
        "label": "if",
        "type": "If"
      },
      "location-before-char-start": 4845,
      "location-before-char-end": 5061,
      "location-after-char-start": 4845,
      "location-after-char-end": 5061,
      "node-str": "if"
    },
    {
      "type": "insert-node",
      "node": {
        "label": "if",
        "type": "If"
      },
      "location-after-char-start": 5077,
      "location-after-char-end": 5724,
      "node-str": "if"
    },
    {
      "type": "insert-node",
      "node": {
        "label": "allowSnapping",
        "type": "VariableRead"
      },
      "location-after-char-start": 5081,
      "location-after-char-end": 5093,
      "node-str": "allowSnapping"
    },
    {
      "type": "insert-node",
      "node": {
        "label": "THEN",
        "type": "then"
      },
      "location-after-char-start": 5096,
      "location-after-char-end": 5724,
      "node-str": "THEN"
    },
    {
      "type": "move-subtree",
      "node": {
        "label": "if",
        "type": "If"
      },
      "location-before-char-start": 5113,
      "location-before-char-end": 5355,
      "location-after-char-start": 5113,
      "location-after-char-end": 5355,
      "node-str": "if"
    },
    {
      "type": "insert-node",
      "node": {
        "label": "currentRectangles",
        "type": "LocalVariable"
      },
      "location-after-char-start": 5493,
      "location-after-char-end": 5548,
      "node-str": "currentRectangles"
    },
    {
      "type": "insert-node",
      "node": {
        "label": "if",
        "type": "If"
      },
      "location-after-char-start": 5565,
      "location-after-char-end": 5716,
      "node-str": "if"
    },
    {
      "type": "insert-node",
      "node": {
        "label": "org.eclipse.swt.graphics.Rectangle[]",
        "type": "VARIABLE_TYPE"
      },
      "location-after-char-start": 0,
      "location-after-char-end": 0,
      "node-str": "org.eclipse.swt.graphics.Rectangle[]"
    },
    {
      "type": "insert-node",
      "node": {
        "label": "getRectangles",
        "type": "Invocation"
      },
      "location-after-char-start": 5525,
      "location-after-char-end": 5547,
      "node-str": "getRectangles"
    },
    {
      "type": "insert-node",
      "node": {
        "label": "NOT",
        "type": "UnaryOperator"
      },
      "location-after-char-start": 5569,
      "location-after-char-end": 5643,
      "node-str": "NOT"
    },
    {
      "type": "insert-node",
      "node": {
        "label": "THEN",
        "type": "then"
      },
      "location-after-char-start": 5646,
      "location-after-char-end": 5716,
      "node-str": "THEN"
    },
    {
      "type": "insert-node",
      "node": {
        "label": "tracker",
        "type": "VariableRead"
      },
      "location-after-char-start": 5525,
      "location-after-char-end": 5531,
      "node-str": "tracker"
    },
    {
      "type": "insert-node",
      "node": {
        "label": "AND",
        "type": "BinaryOperator"
      },
      "location-after-char-start": 5570,
      "location-after-char-end": 5643,
      "node-str": "AND"
    },
    {
      "type": "move-subtree",
      "node": {
        "label": "setRectangles",
        "type": "Invocation"
      },
      "location-before-char-start": 5372,
      "location-before-char-end": 5423,
      "location-after-char-start": 5656,
      "location-after-char-end": 5707,
      "node-str": "setRectangles"
    },
    {
      "type": "insert-node",
      "node": {
        "label": "EQ",
        "type": "BinaryOperator"
      },
      "location-after-char-start": 5571,
      "location-after-char-end": 5599,
      "node-str": "EQ"
    },
    {
      "type": "insert-node",
      "node": {
        "label": "equals",
        "type": "Invocation"
      },
      "location-after-char-start": 5604,
      "location-after-char-end": 5642,
      "node-str": "equals"
    },
    {
      "type": "insert-node",
      "node": {
        "label": "length",
        "type": "FieldRead"
      },
      "location-after-char-start": 5571,
      "location-after-char-end": 5594,
      "node-str": "length"
    },
    {
      "type": "insert-node",
      "node": {
        "label": "1",
        "type": "Literal"
      },
      "location-after-char-start": 5599,
      "location-after-char-end": 5599,
      "node-str": "1"
    },
    {
      "type": "insert-node",
      "node": {
        "label": "",
        "type": "ArrayRead"
      },
      "location-after-char-start": 5604,
      "location-after-char-end": 5623,
      "node-str": ""
    },
    {
      "type": "insert-node",
      "node": {
        "label": "snapTarget",
        "type": "VariableRead"
      },
      "location-after-char-start": 5632,
      "location-after-char-end": 5641,
      "node-str": "snapTarget"
    },
    {
      "type": "insert-node",
      "node": {
        "label": "currentRectangles",
        "type": "VariableRead"
      },
      "location-after-char-start": 5571,
      "location-after-char-end": 5594,
      "node-str": "currentRectangles"
    },
    {
      "type": "insert-node",
      "node": {
        "label": "currentRectangles",
        "type": "VariableRead"
      },
      "location-after-char-start": 5604,
      "location-after-char-end": 5620,
      "node-str": "currentRectangles"
    },
    {
      "type": "insert-node",
      "node": {
        "label": "0",
        "type": "Literal"
      },
      "location-after-char-start": 5622,
      "location-after-char-end": 5622,
      "node-str": "0"
    },
    {
      "type": "delete-node",
      "node": {
        "label": "public",
        "type": "Modifier"
      },
      "location-before-char-start": 0,
      "location-before-char-end": 0,
      "node-str": "public"
    },
    {
      "type": "delete-node",
      "node": {
        "label": "org.eclipse.ui.internal.dnd.IDropTarget",
        "type": "RETURN_TYPE"
      },
      "location-before-char-start": 0,
      "location-before-char-end": 0,
      "node-str": "org.eclipse.ui.internal.dnd.IDropTarget"
    },
    {
      "type": "delete-node",
      "node": {
        "label": "static",
        "type": "Modifier"
      },
      "location-before-char-start": 0,
      "location-before-char-end": 0,
      "node-str": "static"
    },
    {
      "type": "delete-node",
      "node": {
        "label": "tracker",
        "type": "VariableRead"
      },
      "location-before-char-start": 4382,
      "location-before-char-end": 4388,
      "node-str": "tracker"
    },
    {
      "type": "delete-node",
      "node": {
        "label": "SWT.Move",
        "type": "TypeAccess"
      },
      "location-before-char-start": 4402,
      "location-before-char-end": 4409,
      "node-str": "SWT.Move"
    },
    {
      "type": "delete-node",
      "node": {
        "label": "void",
        "type": "RETURN_TYPE"
      },
      "location-before-char-start": 0,
      "location-before-char-end": 0,
      "node-str": "void"
    },
    {
      "type": "delete-node",
      "node": {
        "label": "public",
        "type": "Modifier"
      },
      "location-before-char-start": 0,
      "location-before-char-end": 0,
      "node-str": "public"
    },
    {
      "type": "delete-node",
      "node": {
        "label": "display",
        "type": "VariableRead"
      },
      "location-before-char-start": 4481,
      "location-before-char-end": 4487,
      "node-str": "display"
    },
    {
      "type": "delete-node",
      "node": {
        "label": "void",
        "type": "RETURN_TYPE"
      },
      "location-before-char-start": 0,
      "location-before-char-end": 0,
      "node-str": "void"
    },
    {
      "type": "delete-node",
      "node": {
        "label": "public",
        "type": "Modifier"
      },
      "location-before-char-start": 0,
      "location-before-char-end": 0,
      "node-str": "public"
    },
    {
      "type": "delete-node",
      "node": {
        "label": "allowSnapping",
        "type": "VariableRead"
      },
      "location-before-char-start": 5081,
      "location-before-char-end": 5093,
      "node-str": "allowSnapping"
    },
    {
      "type": "delete-node",
      "node": {
        "label": "THEN",
        "type": "then"
      },
      "location-before-char-start": 5096,
      "location-before-char-end": 5431,
      "node-str": "THEN"
    },
    {
      "type": "delete-node",
      "node": {
        "label": "if",
        "type": "If"
      },
      "location-before-char-start": 5077,
      "location-before-char-end": 5431,
      "node-str": "if"
    },
    {
      "type": "delete-node",
      "node": {
        "label": "run",
        "type": "Method"
      },
      "location-before-char-start": 4520,
      "location-before-char-end": 5438,
      "node-str": "run"
    },
    {
      "type": "delete-node",
      "node": {
        "label": "1",
        "type": "Class"
      },
      "location-before-char-start": 4513,
      "location-before-char-end": 5444,
      "node-str": "1"
    },
    {
      "type": "delete-node",
      "node": {
        "label": "org.eclipse.ui.internal.dnd.DragUtil$1$1()",
        "type": "NewClass"
      },
      "location-before-char-start": 4498,
      "location-before-char-end": 5444,
      "node-str": "org.eclipse.ui.internal.dnd.DragUtil$1$1()"
    },
    {
      "type": "delete-node",
      "node": {
        "label": "syncExec",
        "type": "Invocation"
      },
      "location-before-char-start": 4481,
      "location-before-char-end": 5446,
      "node-str": "syncExec"
    },
    {
      "type": "delete-node",
      "node": {
        "label": "handleEvent",
        "type": "Method"
      },
      "location-before-char-start": 4432,
      "location-before-char-end": 5451,
      "node-str": "handleEvent"
    },
    {
      "type": "delete-node",
      "node": {
        "label": "1",
        "type": "Class"
      },
      "location-before-char-start": 4427,
      "location-before-char-end": 5455,
      "node-str": "1"
    },
    {
      "type": "delete-node",
      "node": {
        "label": "org.eclipse.swt.widgets.Listener()",
        "type": "NewClass"
      },
      "location-before-char-start": 4412,
      "location-before-char-end": 5455,
      "node-str": "org.eclipse.swt.widgets.Listener()"
    },
    {
      "type": "delete-node",
      "node": {
        "label": "addListener",
        "type": "Invocation"
      },
      "location-before-char-start": 4382,
      "location-before-char-end": 5457,
      "node-str": "addListener"
    },
    {
      "type": "delete-node",
      "node": {
        "label": "dragToTarget",
        "type": "Method"
      },
      "location-before-char-start": 3152,
      "location-before-char-end": 6438,
      "node-str": "dragToTarget"
    }
  ],
  "before-file": {},
  "after-file": {},
  "mapping": {}
}