{
  "tool-info": {},
  "diff": [
    {
      "type": "update-node",
      "node": {
        "label": "getPlan",
        "type": "Method"
      },
      "location-before-char-start": 831,
      "location-before-char-end": 1006,
      "location-after-char-start": 891,
      "location-after-char-end": 1093,
      "node-str": "getDescription"
    },
    {
      "type": "insert-node",
      "node": {
        "label": "getRunners",
        "type": "Method"
      },
      "location-after-char-start": 1097,
      "location-after-char-end": 1152,
      "node-str": "getRunners"
    },
    {
      "type": "insert-node",
      "node": {
        "label": "getName",
        "type": "Method"
      },
      "location-after-char-start": 1568,
      "location-after-char-end": 1614,
      "node-str": "getName"
    },
    {
      "type": "update-node",
      "node": {
        "label": "org.junit.plan.Plan",
        "type": "RETURN_TYPE"
      },
      "location-before-char-start": 0,
      "location-before-char-end": 0,
      "location-after-char-start": 0,
      "location-after-char-end": 0,
      "node-str": "org.junit.runner.description.Description"
    },
    {
      "type": "move-subtree",
      "node": {
        "label": "java.util.List",
        "type": "RETURN_TYPE"
      },
      "location-before-char-start": 0,
      "location-before-char-end": 0,
      "location-after-char-start": 0,
      "location-after-char-end": 0,
      "node-str": "java.util.List"
    },
    {
      "type": "move-subtree",
      "node": {
        "label": "public",
        "type": "Modifier"
      },
      "location-before-char-start": 0,
      "location-before-char-end": 0,
      "location-after-char-start": 0,
      "location-after-char-end": 0,
      "node-str": "public"
    },
    {
      "type": "insert-node",
      "node": {
        "label": "return",
        "type": "Return"
      },
      "location-after-char-start": 1134,
      "location-after-char-end": 1149,
      "node-str": "return"
    },
    {
      "type": "move-subtree",
      "node": {
        "label": "java.lang.String",
        "type": "RETURN_TYPE"
      },
      "location-before-char-start": 0,
      "location-before-char-end": 0,
      "location-after-char-start": 0,
      "location-after-char-end": 0,
      "node-str": "java.lang.String"
    },
    {
      "type": "move-subtree",
      "node": {
        "label": "protected",
        "type": "Modifier"
      },
      "location-before-char-start": 0,
      "location-before-char-end": 0,
      "location-after-char-start": 0,
      "location-after-char-end": 0,
      "node-str": "protected"
    },
    {
      "type": "insert-node",
      "node": {
        "label": "return",
        "type": "Return"
      },
      "location-after-char-start": 1599,
      "location-after-char-end": 1611,
      "node-str": "return"
    },
    {
      "type": "update-node",
      "node": {
        "label": "org.junit.notify.RunNotifier",
        "type": "VARIABLE_TYPE"
      },
      "location-before-char-start": 0,
      "location-before-char-end": 0,
      "location-after-char-start": 0,
      "location-after-char-end": 0,
      "node-str": "org.junit.runner.notification.RunNotifier"
    },
    {
      "type": "update-node",
      "node": {
        "label": "org.junit.plan.CompositePlan",
        "type": "VARIABLE_TYPE"
      },
      "location-before-char-start": 0,
      "location-before-char-end": 0,
      "location-after-char-start": 0,
      "location-after-char-end": 0,
      "node-str": "org.junit.runner.description.SuiteDescription"
    },
    {
      "type": "update-node",
      "node": {
        "label": "org.junit.plan.CompositePlan(java.lang.String)",
        "type": "ConstructorCall"
      },
      "location-before-char-start": 889,
      "location-before-char-end": 912,
      "location-after-char-start": 966,
      "location-after-char-end": 992,
      "node-str": "org.junit.runner.description.SuiteDescription(java.lang.String)"
    },
    {
      "type": "insert-node",
      "node": {
        "label": "fRunners",
        "type": "FieldRead"
      },
      "location-after-char-start": 1141,
      "location-after-char-end": 1148,
      "node-str": "fRunners"
    },
    {
      "type": "update-node",
      "node": {
        "label": "org.junit.runner.extensions.Filter",
        "type": "VARIABLE_TYPE"
      },
      "location-before-char-start": 0,
      "location-before-char-end": 0,
      "location-after-char-start": 0,
      "location-after-char-end": 0,
      "node-str": "org.junit.runner.manipulation.Filter"
    },
    {
      "type": "insert-node",
      "node": {
        "label": "fName",
        "type": "FieldRead"
      },
      "location-after-char-start": 1606,
      "location-after-char-end": 1610,
      "node-str": "fName"
    },
    {
      "type": "update-node",
      "node": {
        "label": "org.junit.runner.extensions.Sorter",
        "type": "VARIABLE_TYPE"
      },
      "location-before-char-start": 0,
      "location-before-char-end": 0,
      "location-after-char-start": 0,
      "location-after-char-end": 0,
      "node-str": "org.junit.runner.manipulation.Sorter"
    },
    {
      "type": "update-node",
      "node": {
        "label": "org.junit.runner.internal.CompositeRunner$1()",
        "type": "NewClass"
      },
      "location-before-char-start": 1593,
      "location-before-char-end": 1728,
      "location-after-char-start": 1687,
      "location-after-char-end": 1836,
      "node-str": "org.junit.internal.runners.CompositeRunner$1()"
    },
    {
      "type": "update-node",
      "node": {
        "label": "org.junit.runner.internal.CompositeRunner",
        "type": "TypeAccess"
      },
      "location-before-char-start": 0,
      "location-before-char-end": 0,
      "location-after-char-start": 0,
      "location-after-char-end": 0,
      "node-str": "org.junit.internal.runners.CompositeRunner"
    },
    {
      "type": "update-node",
      "node": {
        "label": "org.junit.runner.internal.CompositeRunner",
        "type": "TypeAccess"
      },
      "location-before-char-start": 0,
      "location-before-char-end": 0,
      "location-after-char-start": 0,
      "location-after-char-end": 0,
      "node-str": "org.junit.internal.runners.CompositeRunner"
    },
    {
      "type": "update-node",
      "node": {
        "label": "org.junit.runner.internal.CompositeRunner",
        "type": "TypeAccess"
      },
      "location-before-char-start": 0,
      "location-before-char-end": 0,
      "location-after-char-start": 0,
      "location-after-char-end": 0,
      "node-str": "org.junit.internal.runners.CompositeRunner"
    },
    {
      "type": "update-node",
      "node": {
        "label": "getPlan",
        "type": "Invocation"
      },
      "location-before-char-start": 967,
      "location-before-char-end": 982,
      "location-after-char-start": 1047,
      "location-after-char-end": 1069,
      "node-str": "getDescription"
    },
    {
      "type": "insert-node",
      "node": {
        "label": "org.junit.internal.runners.CompositeRunner",
        "type": "TypeAccess"
      },
      "location-after-char-start": 0,
      "location-after-char-end": 0,
      "node-str": "org.junit.internal.runners.CompositeRunner"
    },
    {
      "type": "update-node",
      "node": {
        "label": "org.junit.runner.internal.CompositeRunner",
        "type": "TypeAccess"
      },
      "location-before-char-start": 0,
      "location-before-char-end": 0,
      "location-after-char-start": 0,
      "location-after-char-end": 0,
      "node-str": "org.junit.internal.runners.CompositeRunner"
    },
    {
      "type": "update-node",
      "node": {
        "label": "org.junit.runner.internal.CompositeRunner",
        "type": "TypeAccess"
      },
      "location-before-char-start": 0,
      "location-before-char-end": 0,
      "location-after-char-start": 0,
      "location-after-char-end": 0,
      "node-str": "org.junit.internal.runners.CompositeRunner"
    },
    {
      "type": "insert-node",
      "node": {
        "label": "org.junit.internal.runners.CompositeRunner",
        "type": "TypeAccess"
      },
      "location-after-char-start": 0,
      "location-after-char-end": 0,
      "node-str": "org.junit.internal.runners.CompositeRunner"
    },
    {
      "type": "update-node",
      "node": {
        "label": "org.junit.runner.internal.CompositeRunner",
        "type": "TypeAccess"
      },
      "location-before-char-start": 0,
      "location-before-char-end": 0,
      "location-after-char-start": 0,
      "location-after-char-end": 0,
      "node-str": "org.junit.internal.runners.CompositeRunner"
    },
    {
      "type": "update-node",
      "node": {
        "label": "org.junit.runner.internal.CompositeRunner",
        "type": "TypeAccess"
      },
      "location-before-char-start": 0,
      "location-before-char-end": 0,
      "location-after-char-start": 0,
      "location-after-char-end": 0,
      "node-str": "org.junit.internal.runners.CompositeRunner"
    },
    {
      "type": "update-node",
      "node": {
        "label": "org.junit.runner.internal.CompositeRunner",
        "type": "TypeAccess"
      },
      "location-before-char-start": 0,
      "location-before-char-end": 0,
      "location-after-char-start": 0,
      "location-after-char-end": 0,
      "node-str": "org.junit.internal.runners.CompositeRunner"
    },
    {
      "type": "update-node",
      "node": {
        "label": "getPlan",
        "type": "Invocation"
      },
      "location-before-char-start": 1382,
      "location-before-char-end": 1397,
      "location-after-char-start": 1469,
      "location-after-char-end": 1491,
      "node-str": "getDescription"
    },
    {
      "type": "update-node",
      "node": {
        "label": "org.junit.runner.internal.CompositeRunner",
        "type": "TypeAccess"
      },
      "location-before-char-start": 0,
      "location-before-char-end": 0,
      "location-after-char-start": 0,
      "location-after-char-end": 0,
      "node-str": "org.junit.internal.runners.CompositeRunner"
    },
    {
      "type": "update-node",
      "node": {
        "label": "getPlan",
        "type": "Invocation"
      },
      "location-before-char-start": 1692,
      "location-before-char-end": 1703,
      "location-after-char-start": 1786,
      "location-after-char-end": 1804,
      "node-str": "getDescription"
    },
    {
      "type": "update-node",
      "node": {
        "label": "getPlan",
        "type": "Invocation"
      },
      "location-before-char-start": 1706,
      "location-before-char-end": 1717,
      "location-after-char-start": 1807,
      "location-after-char-end": 1825,
      "node-str": "getDescription"
    },
    {
      "type": "delete-node",
      "node": {
        "label": "org.junit.runner.internal.CompositeRunner",
        "type": "TypeAccess"
      },
      "location-before-char-start": 0,
      "location-before-char-end": 0,
      "node-str": "org.junit.runner.internal.CompositeRunner"
    },
    {
      "type": "delete-node",
      "node": {
        "label": "fRunners",
        "type": "FieldRead"
      },
      "location-before-char-start": 1054,
      "location-before-char-end": 1061,
      "node-str": "fRunners"
    },
    {
      "type": "delete-node",
      "node": {
        "label": "return",
        "type": "Return"
      },
      "location-before-char-start": 1047,
      "location-before-char-end": 1062,
      "node-str": "return"
    },
    {
      "type": "delete-node",
      "node": {
        "label": "getRunners",
        "type": "Method"
      },
      "location-before-char-start": 1010,
      "location-before-char-end": 1065,
      "node-str": "getRunners"
    },
    {
      "type": "delete-node",
      "node": {
        "label": "org.junit.runner.internal.CompositeRunner",
        "type": "TypeAccess"
      },
      "location-before-char-start": 0,
      "location-before-char-end": 0,
      "node-str": "org.junit.runner.internal.CompositeRunner"
    },
    {
      "type": "delete-node",
      "node": {
        "label": "fName",
        "type": "FieldRead"
      },
      "location-before-char-start": 1512,
      "location-before-char-end": 1516,
      "node-str": "fName"
    },
    {
      "type": "delete-node",
      "node": {
        "label": "return",
        "type": "Return"
      },
      "location-before-char-start": 1505,
      "location-before-char-end": 1517,
      "node-str": "return"
    },
    {
      "type": "delete-node",
      "node": {
        "label": "getName",
        "type": "Method"
      },
      "location-before-char-start": 1474,
      "location-before-char-end": 1520,
      "node-str": "getName"
    }
  ],
  "before-file": {},
  "after-file": {},
  "mapping": {}
}