{
  "tool-info": {},
  "diff": [
    {
      "type": "insert-node",
      "node": {
        "label": "SaveAttachmentCommand",
        "type": "Class"
      },
      "location-after-char-start": 1521,
      "location-after-char-end": 4480,
      "node-str": "SaveAttachmentCommand"
    },
    {
      "type": "insert-node",
      "node": {
        "label": "abstract",
        "type": "Modifier"
      },
      "location-after-char-start": 0,
      "location-after-char-end": 0,
      "node-str": "abstract"
    },
    {
      "type": "insert-node",
      "node": {
        "label": "public",
        "type": "Modifier"
      },
      "location-after-char-start": 0,
      "location-after-char-end": 0,
      "node-str": "public"
    },
    {
      "type": "insert-node",
      "node": {
        "label": "",
        "type": "TypeReference"
      },
      "location-after-char-start": 1599,
      "location-after-char-end": 1605,
      "node-str": ""
    },
    {
      "type": "move-subtree",
      "node": {
        "label": "lastDir",
        "type": "Field"
      },
      "location-before-char-start": 1610,
      "location-before-char-end": 1646,
      "location-after-char-start": 1610,
      "location-after-char-end": 1646,
      "node-str": "lastDir"
    },
    {
      "type": "move-subtree",
      "node": {
        "label": "LOG",
        "type": "Field"
      },
      "location-before-char-start": 1650,
      "location-before-char-end": 1755,
      "location-after-char-start": 1650,
      "location-after-char-end": 1755,
      "node-str": "LOG"
    },
    {
      "type": "move-subtree",
      "node": {
        "label": "\u003cinit\u003e",
        "type": "Constructor"
      },
      "location-before-char-start": 1759,
      "location-before-char-end": 1965,
      "location-after-char-start": 1759,
      "location-after-char-end": 1965,
      "node-str": "\u003cinit\u003e"
    },
    {
      "type": "insert-node",
      "node": {
        "label": "execute",
        "type": "Method"
      },
      "location-after-char-start": 1969,
      "location-after-char-end": 3671,
      "node-str": "execute"
    },
    {
      "type": "move-subtree",
      "node": {
        "label": "getFilename",
        "type": "Method"
      },
      "location-before-char-start": 3639,
      "location-before-char-end": 4168,
      "location-after-char-start": 3675,
      "location-after-char-end": 4204,
      "node-str": "getFilename"
    },
    {
      "type": "move-subtree",
      "node": {
        "label": "getDestinationFile",
        "type": "Method"
      },
      "location-before-char-start": 4172,
      "location-before-char-end": 4442,
      "location-after-char-start": 4208,
      "location-after-char-end": 4478,
      "node-str": "getDestinationFile"
    },
    {
      "type": "insert-node",
      "node": {
        "label": "org.columba.core.command.Command",
        "type": "SUPER_TYPE"
      },
      "location-after-char-start": 0,
      "location-after-char-end": 0,
      "node-str": "org.columba.core.command.Command"
    },
    {
      "type": "insert-node",
      "node": {
        "label": "void",
        "type": "RETURN_TYPE"
      },
      "location-after-char-start": 0,
      "location-after-char-end": 0,
      "node-str": "void"
    },
    {
      "type": "insert-node",
      "node": {
        "label": "java.lang.Exception",
        "type": "THROWS"
      },
      "location-after-char-start": 0,
      "location-after-char-end": 0,
      "node-str": "java.lang.Exception"
    },
    {
      "type": "insert-node",
      "node": {
        "label": "public",
        "type": "Modifier"
      },
      "location-after-char-start": 0,
      "location-after-char-end": 0,
      "node-str": "public"
    },
    {
      "type": "insert-node",
      "node": {
        "label": "worker",
        "type": "Parameter"
      },
      "location-after-char-start": 2056,
      "location-after-char-end": 2085,
      "node-str": "worker"
    },
    {
      "type": "move-subtree",
      "node": {
        "label": "r",
        "type": "LocalVariable"
      },
      "location-before-char-start": 2109,
      "location-before-char-end": 2185,
      "location-after-char-start": 2109,
      "location-after-char-end": 2185,
      "node-str": "r"
    },
    {
      "type": "move-subtree",
      "node": {
        "label": "folder",
        "type": "LocalVariable"
      },
      "location-before-char-start": 2189,
      "location-before-char-end": 2237,
      "location-after-char-start": 2189,
      "location-after-char-end": 2237,
      "node-str": "folder"
    },
    {
      "type": "move-subtree",
      "node": {
        "label": "uids",
        "type": "LocalVariable"
      },
      "location-before-char-start": 2241,
      "location-before-char-end": 2268,
      "location-after-char-start": 2241,
      "location-after-char-end": 2268,
      "node-str": "uids"
    },
    {
      "type": "move-subtree",
      "node": {
        "label": "address",
        "type": "LocalVariable"
      },
      "location-before-char-start": 2273,
      "location-before-char-end": 2307,
      "location-after-char-start": 2273,
      "location-after-char-end": 2307,
      "node-str": "address"
    },
    {
      "type": "move-subtree",
      "node": {
        "label": "header",
        "type": "LocalVariable"
      },
      "location-before-char-start": 2312,
      "location-before-char-end": 2404,
      "location-after-char-start": 2312,
      "location-after-char-end": 2404,
      "node-str": "header"
    },
    {
      "type": "move-subtree",
      "node": {
        "label": "bodyStream",
        "type": "LocalVariable"
      },
      "location-before-char-start": 2409,
      "location-before-char-end": 2480,
      "location-after-char-start": 2409,
      "location-after-char-end": 2480,
      "node-str": "bodyStream"
    },
    {
      "type": "move-subtree",
      "node": {
        "label": "\u003d",
        "type": "Assignment"
      },
      "location-before-char-start": 2543,
      "location-before-char-end": 2607,
      "location-after-char-start": 2543,
      "location-after-char-end": 2607,
      "node-str": "\u003d"
    },
    {
      "type": "move-subtree",
      "node": {
        "label": "destFile",
        "type": "LocalVariable"
      },
      "location-before-char-start": 2612,
      "location-before-char-end": 2654,
      "location-after-char-start": 2612,
      "location-after-char-end": 2654,
      "node-str": "destFile"
    },
    {
      "type": "insert-node",
      "node": {
        "label": "if",
        "type": "If"
      },
      "location-after-char-start": 2658,
      "location-after-char-end": 2688,
      "node-str": "if"
    },
    {
      "type": "move-subtree",
      "node": {
        "label": "setDisplayText",
        "type": "Invocation"
      },
      "location-before-char-start": 2659,
      "location-before-char-end": 2712,
      "location-after-char-start": 2695,
      "location-after-char-end": 2748,
      "node-str": "setDisplayText"
    },
    {
      "type": "move-subtree",
      "node": {
        "label": "tempFile",
        "type": "LocalVariable"
      },
      "location-before-char-start": 2746,
      "location-before-char-end": 2808,
      "location-after-char-start": 2782,
      "location-after-char-end": 2844,
      "node-str": "tempFile"
    },
    {
      "type": "move-subtree",
      "node": {
        "label": "if",
        "type": "If"
      },
      "location-before-char-start": 2813,
      "location-before-char-end": 2844,
      "location-after-char-start": 2849,
      "location-after-char-end": 2880,
      "node-str": "if"
    },
    {
      "type": "move-subtree",
      "node": {
        "label": "encoding",
        "type": "LocalVariable"
      },
      "location-before-char-start": 2849,
      "location-before-char-end": 2899,
      "location-after-char-start": 2885,
      "location-after-char-end": 2935,
      "node-str": "encoding"
    },
    {
      "type": "move-subtree",
      "node": {
        "label": "",
        "type": "Switch"
      },
      "location-before-char-start": 2904,
      "location-before-char-end": 3145,
      "location-after-char-start": 2940,
      "location-after-char-end": 3181,
      "node-str": ""
    },
    {
      "type": "move-subtree",
      "node": {
        "label": "if",
        "type": "If"
      },
      "location-before-char-start": 3150,
      "location-before-char-end": 3241,
      "location-after-char-start": 3186,
      "location-after-char-end": 3277,
      "node-str": "if"
    },
    {
      "type": "move-subtree",
      "node": {
        "label": "fileStream",
        "type": "LocalVariable"
      },
      "location-before-char-start": 3246,
      "location-before-char-end": 3306,
      "location-after-char-start": 3282,
      "location-after-char-end": 3342,
      "node-str": "fileStream"
    },
    {
      "type": "move-subtree",
      "node": {
        "label": "streamCopy",
        "type": "Invocation"
      },
      "location-before-char-start": 3310,
      "location-before-char-end": 3356,
      "location-after-char-start": 3346,
      "location-after-char-end": 3392,
      "node-str": "streamCopy"
    },
    {
      "type": "insert-node",
      "node": {
        "label": "close",
        "type": "Invocation"
      },
      "location-after-char-start": 3396,
      "location-after-char-end": 3414,
      "node-str": "close"
    },
    {
      "type": "insert-node",
      "node": {
        "label": "close",
        "type": "Invocation"
      },
      "location-after-char-start": 3418,
      "location-after-char-end": 3436,
      "node-str": "close"
    },
    {
      "type": "move-subtree",
      "node": {
        "label": "renameTo",
        "type": "Invocation"
      },
      "location-before-char-start": 3451,
      "location-before-char-end": 3478,
      "location-after-char-start": 3487,
      "location-after-char-end": 3514,
      "node-str": "renameTo"
    },
    {
      "type": "move-subtree",
      "node": {
        "label": "setProgressBarValue",
        "type": "Invocation"
      },
      "location-before-char-start": 3507,
      "location-before-char-end": 3536,
      "location-after-char-start": 3543,
      "location-after-char-end": 3572,
      "node-str": "setProgressBarValue"
    },
    {
      "type": "insert-node",
      "node": {
        "label": "clearDisplayTextWithDelay",
        "type": "Invocation"
      },
      "location-after-char-start": 3634,
      "location-after-char-end": 3668,
      "node-str": "clearDisplayTextWithDelay"
    },
    {
      "type": "insert-node",
      "node": {
        "label": "org.columba.api.command.IWorkerStatusController",
        "type": "VARIABLE_TYPE"
      },
      "location-after-char-start": 0,
      "location-after-char-end": 0,
      "node-str": "org.columba.api.command.IWorkerStatusController"
    },
    {
      "type": "insert-node",
      "node": {
        "label": "EQ",
        "type": "BinaryOperator"
      },
      "location-after-char-start": 2663,
      "location-after-char-end": 2678,
      "node-str": "EQ"
    },
    {
      "type": "insert-node",
      "node": {
        "label": "THEN",
        "type": "then"
      },
      "location-after-char-start": 2682,
      "location-after-char-end": 2688,
      "node-str": "THEN"
    },
    {
      "type": "insert-node",
      "node": {
        "label": "fileStream",
        "type": "VariableRead"
      },
      "location-after-char-start": 3396,
      "location-after-char-end": 3405,
      "node-str": "fileStream"
    },
    {
      "type": "insert-node",
      "node": {
        "label": "bodyStream",
        "type": "VariableRead"
      },
      "location-after-char-start": 3418,
      "location-after-char-end": 3427,
      "node-str": "bodyStream"
    },
    {
      "type": "insert-node",
      "node": {
        "label": "worker",
        "type": "VariableRead"
      },
      "location-after-char-start": 3634,
      "location-after-char-end": 3639,
      "node-str": "worker"
    },
    {
      "type": "insert-node",
      "node": {
        "label": "destFile",
        "type": "VariableRead"
      },
      "location-after-char-start": 2663,
      "location-after-char-end": 2670,
      "node-str": "destFile"
    },
    {
      "type": "insert-node",
      "node": {
        "label": "null",
        "type": "Literal"
      },
      "location-after-char-start": 2675,
      "location-after-char-end": 2678,
      "node-str": "null"
    },
    {
      "type": "insert-node",
      "node": {
        "label": "return",
        "type": "Return"
      },
      "location-after-char-start": 2682,
      "location-after-char-end": 2688,
      "node-str": "return"
    },
    {
      "type": "delete-node",
      "node": {
        "label": "abstract",
        "type": "Modifier"
      },
      "location-before-char-start": 0,
      "location-before-char-end": 0,
      "node-str": "abstract"
    },
    {
      "type": "delete-node",
      "node": {
        "label": "public",
        "type": "Modifier"
      },
      "location-before-char-start": 0,
      "location-before-char-end": 0,
      "node-str": "public"
    },
    {
      "type": "delete-node",
      "node": {
        "label": "org.columba.core.command.Command",
        "type": "SUPER_TYPE"
      },
      "location-before-char-start": 0,
      "location-before-char-end": 0,
      "node-str": "org.columba.core.command.Command"
    },
    {
      "type": "delete-node",
      "node": {
        "label": "",
        "type": "TypeReference"
      },
      "location-before-char-start": 1599,
      "location-before-char-end": 1605,
      "node-str": ""
    },
    {
      "type": "delete-node",
      "node": {
        "label": "void",
        "type": "RETURN_TYPE"
      },
      "location-before-char-start": 0,
      "location-before-char-end": 0,
      "node-str": "void"
    },
    {
      "type": "delete-node",
      "node": {
        "label": "java.lang.Exception",
        "type": "THROWS"
      },
      "location-before-char-start": 0,
      "location-before-char-end": 0,
      "node-str": "java.lang.Exception"
    },
    {
      "type": "delete-node",
      "node": {
        "label": "public",
        "type": "Modifier"
      },
      "location-before-char-start": 0,
      "location-before-char-end": 0,
      "node-str": "public"
    },
    {
      "type": "delete-node",
      "node": {
        "label": "org.columba.api.command.IWorkerStatusController",
        "type": "VARIABLE_TYPE"
      },
      "location-before-char-start": 0,
      "location-before-char-end": 0,
      "node-str": "org.columba.api.command.IWorkerStatusController"
    },
    {
      "type": "delete-node",
      "node": {
        "label": "worker",
        "type": "Parameter"
      },
      "location-before-char-start": 2056,
      "location-before-char-end": 2085,
      "node-str": "worker"
    },
    {
      "type": "delete-node",
      "node": {
        "label": "fileStream",
        "type": "VariableRead"
      },
      "location-before-char-start": 3360,
      "location-before-char-end": 3369,
      "node-str": "fileStream"
    },
    {
      "type": "delete-node",
      "node": {
        "label": "close",
        "type": "Invocation"
      },
      "location-before-char-start": 3360,
      "location-before-char-end": 3378,
      "node-str": "close"
    },
    {
      "type": "delete-node",
      "node": {
        "label": "bodyStream",
        "type": "VariableRead"
      },
      "location-before-char-start": 3382,
      "location-before-char-end": 3391,
      "node-str": "bodyStream"
    },
    {
      "type": "delete-node",
      "node": {
        "label": "close",
        "type": "Invocation"
      },
      "location-before-char-start": 3382,
      "location-before-char-end": 3400,
      "node-str": "close"
    },
    {
      "type": "delete-node",
      "node": {
        "label": "worker",
        "type": "VariableRead"
      },
      "location-before-char-start": 3598,
      "location-before-char-end": 3603,
      "node-str": "worker"
    },
    {
      "type": "delete-node",
      "node": {
        "label": "clearDisplayTextWithDelay",
        "type": "Invocation"
      },
      "location-before-char-start": 3598,
      "location-before-char-end": 3632,
      "node-str": "clearDisplayTextWithDelay"
    },
    {
      "type": "delete-node",
      "node": {
        "label": "execute",
        "type": "Method"
      },
      "location-before-char-start": 1969,
      "location-before-char-end": 3635,
      "node-str": "execute"
    },
    {
      "type": "delete-node",
      "node": {
        "label": "SaveAttachmentCommand",
        "type": "Class"
      },
      "location-before-char-start": 1521,
      "location-before-char-end": 4444,
      "node-str": "SaveAttachmentCommand"
    }
  ],
  "before-file": {},
  "after-file": {},
  "mapping": {}
}