{
  "tool-info": {},
  "diff": [
    {
      "type": "insert-node",
      "node": {
        "label": "public",
        "type": "Modifier"
      },
      "location-after-char-start": 0,
      "location-after-char-end": 0,
      "node-str": "public"
    },
    {
      "type": "insert-node",
      "node": {
        "label": "",
        "type": "TypeReference"
      },
      "location-after-char-start": 4072,
      "location-after-char-end": 4086,
      "node-str": ""
    },
    {
      "type": "insert-node",
      "node": {
        "label": "org.tigris.scarab.actions.base.BaseModifyIssue",
        "type": "SUPER_TYPE"
      },
      "location-after-char-start": 0,
      "location-after-char-end": 0,
      "node-str": "org.tigris.scarab.actions.base.BaseModifyIssue"
    },
    {
      "type": "insert-node",
      "node": {
        "label": "void",
        "type": "RETURN_TYPE"
      },
      "location-after-char-start": 0,
      "location-after-char-end": 0,
      "node-str": "void"
    },
    {
      "type": "insert-node",
      "node": {
        "label": "java.lang.Exception",
        "type": "THROWS"
      },
      "location-after-char-start": 0,
      "location-after-char-end": 0,
      "node-str": "java.lang.Exception"
    },
    {
      "type": "insert-node",
      "node": {
        "label": "public",
        "type": "Modifier"
      },
      "location-after-char-start": 0,
      "location-after-char-end": 0,
      "node-str": "public"
    },
    {
      "type": "insert-node",
      "node": {
        "label": "data",
        "type": "Parameter"
      },
      "location-after-char-start": 4126,
      "location-after-char-end": 4137,
      "node-str": "data"
    },
    {
      "type": "insert-node",
      "node": {
        "label": "context",
        "type": "Parameter"
      },
      "location-after-char-start": 4140,
      "location-after-char-end": 4162,
      "node-str": "context"
    },
    {
      "type": "insert-node",
      "node": {
        "label": "issue",
        "type": "LocalVariable"
      },
      "location-after-char-start": 4421,
      "location-after-char-end": 4439,
      "node-str": "issue"
    },
    {
      "type": "insert-node",
      "node": {
        "label": "user",
        "type": "LocalVariable"
      },
      "location-after-char-start": 4673,
      "location-after-char-end": 4717,
      "node-str": "user"
    },
    {
      "type": "insert-node",
      "node": {
        "label": "commentField",
        "type": "LocalVariable"
      },
      "location-after-char-start": 5146,
      "location-after-char-end": 5171,
      "node-str": "commentField"
    },
    {
      "type": "insert-node",
      "node": {
        "label": "\u003d",
        "type": "Assignment"
      },
      "location-after-char-start": 5181,
      "location-after-char-end": 5220,
      "node-str": "\u003d"
    },
    {
      "type": "insert-node",
      "node": {
        "label": "setRequired",
        "type": "Invocation"
      },
      "location-after-char-start": 5230,
      "location-after-char-end": 5260,
      "node-str": "setRequired"
    },
    {
      "type": "insert-node",
      "node": {
        "label": "issueType",
        "type": "LocalVariable"
      },
      "location-after-char-start": 5494,
      "location-after-char-end": 5536,
      "node-str": "issueType"
    },
    {
      "type": "insert-node",
      "node": {
        "label": "aval",
        "type": "LocalVariable"
      },
      "location-after-char-start": 5679,
      "location-after-char-end": 5705,
      "node-str": "aval"
    },
    {
      "type": "insert-node",
      "node": {
        "label": "group",
        "type": "LocalVariable"
      },
      "location-after-char-start": 5715,
      "location-after-char-end": 5733,
      "node-str": "group"
    },
    {
      "type": "insert-node",
      "node": {
        "label": "modMap",
        "type": "LocalVariable"
      },
      "location-after-char-start": 5743,
      "location-after-char-end": 5804,
      "node-str": "modMap"
    },
    {
      "type": "insert-node",
      "node": {
        "label": "iter",
        "type": "LocalVariable"
      },
      "location-after-char-start": 5814,
      "location-after-char-end": 5847,
      "node-str": "iter"
    },
    {
      "type": "move-subtree",
      "node": {
        "label": "intake",
        "type": "LocalVariable"
      },
      "location-before-char-start": 11395,
      "location-before-char-end": 11437,
      "location-after-char-start": 9975,
      "location-after-char-end": 10017,
      "node-str": "intake"
    },
    {
      "type": "update-node",
      "node": {
        "label": "group",
        "type": "LocalVariable"
      },
      "location-before-char-start": 13704,
      "location-before-char-end": 13759,
      "location-after-char-start": 11739,
      "location-after-char-end": 11797,
      "node-str": "newGroup"
    },
    {
      "type": "move-subtree",
      "node": {
        "label": "group",
        "type": "LocalVariable"
      },
      "location-before-char-start": 13704,
      "location-before-char-end": 13759,
      "location-after-char-start": 11739,
      "location-after-char-end": 11797,
      "node-str": "newGroup"
    },
    {
      "type": "insert-node",
      "node": {
        "label": "if",
        "type": "If"
      },
      "location-after-char-start": 11807,
      "location-after-char-end": 12144,
      "node-str": "if"
    },
    {
      "type": "insert-node",
      "node": {
        "label": "org.apache.turbine.RunData",
        "type": "VARIABLE_TYPE"
      },
      "location-after-char-start": 0,
      "location-after-char-end": 0,
      "node-str": "org.apache.turbine.RunData"
    },
    {
      "type": "insert-node",
      "node": {
        "label": "org.apache.turbine.TemplateContext",
        "type": "VARIABLE_TYPE"
      },
      "location-after-char-start": 0,
      "location-after-char-end": 0,
      "node-str": "org.apache.turbine.TemplateContext"
    },
    {
      "type": "insert-node",
      "node": {
        "label": "org.tigris.scarab.om.Issue",
        "type": "VARIABLE_TYPE"
      },
      "location-after-char-start": 0,
      "location-after-char-end": 0,
      "node-str": "org.tigris.scarab.om.Issue"
    },
    {
      "type": "insert-node",
      "node": {
        "label": "null",
        "type": "Literal"
      },
      "location-after-char-start": 4435,
      "location-after-char-end": 4438,
      "node-str": "null"
    },
    {
      "type": "insert-node",
      "node": {
        "label": "org.tigris.scarab.om.ScarabUser",
        "type": "VARIABLE_TYPE"
      },
      "location-after-char-start": 0,
      "location-after-char-end": 0,
      "node-str": "org.tigris.scarab.om.ScarabUser"
    },
    {
      "type": "insert-node",
      "node": {
        "label": "getUser",
        "type": "Invocation"
      },
      "location-after-char-start": 4691,
      "location-after-char-end": 4716,
      "node-str": "getUser"
    },
    {
      "type": "insert-node",
      "node": {
        "label": "org.apache.fulcrum.intake.model.Field",
        "type": "VARIABLE_TYPE"
      },
      "location-after-char-start": 0,
      "location-after-char-end": 0,
      "node-str": "org.apache.fulcrum.intake.model.Field"
    },
    {
      "type": "insert-node",
      "node": {
        "label": "null",
        "type": "Literal"
      },
      "location-after-char-start": 5167,
      "location-after-char-end": 5170,
      "node-str": "null"
    },
    {
      "type": "insert-node",
      "node": {
        "label": "commentField",
        "type": "VariableWrite"
      },
      "location-after-char-start": 5181,
      "location-after-char-end": 5192,
      "node-str": "commentField"
    },
    {
      "type": "insert-node",
      "node": {
        "label": "get",
        "type": "Invocation"
      },
      "location-after-char-start": 5196,
      "location-after-char-end": 5219,
      "node-str": "get"
    },
    {
      "type": "insert-node",
      "node": {
        "label": "commentField",
        "type": "VariableRead"
      },
      "location-after-char-start": 5230,
      "location-after-char-end": 5241,
      "node-str": "commentField"
    },
    {
      "type": "insert-node",
      "node": {
        "label": "true",
        "type": "Literal"
      },
      "location-after-char-start": 5255,
      "location-after-char-end": 5258,
      "node-str": "true"
    },
    {
      "type": "insert-node",
      "node": {
        "label": "org.tigris.scarab.om.IssueType",
        "type": "VARIABLE_TYPE"
      },
      "location-after-char-start": 0,
      "location-after-char-end": 0,
      "node-str": "org.tigris.scarab.om.IssueType"
    },
    {
      "type": "insert-node",
      "node": {
        "label": "getIssueType",
        "type": "Invocation"
      },
      "location-after-char-start": 5516,
      "location-after-char-end": 5535,
      "node-str": "getIssueType"
    },
    {
      "type": "insert-node",
      "node": {
        "label": "org.tigris.scarab.om.AttributeValue",
        "type": "VARIABLE_TYPE"
      },
      "location-after-char-start": 0,
      "location-after-char-end": 0,
      "node-str": "org.tigris.scarab.om.AttributeValue"
    },
    {
      "type": "insert-node",
      "node": {
        "label": "null",
        "type": "Literal"
      },
      "location-after-char-start": 5701,
      "location-after-char-end": 5704,
      "node-str": "null"
    },
    {
      "type": "insert-node",
      "node": {
        "label": "org.apache.fulcrum.intake.model.Group",
        "type": "VARIABLE_TYPE"
      },
      "location-after-char-start": 0,
      "location-after-char-end": 0,
      "node-str": "org.apache.fulcrum.intake.model.Group"
    },
    {
      "type": "insert-node",
      "node": {
        "label": "null",
        "type": "Literal"
      },
      "location-after-char-start": 5729,
      "location-after-char-end": 5732,
      "node-str": "null"
    },
    {
      "type": "insert-node",
      "node": {
        "label": "org.apache.commons.collections.SequencedHashMap",
        "type": "VARIABLE_TYPE"
      },
      "location-after-char-start": 0,
      "location-after-char-end": 0,
      "node-str": "org.apache.commons.collections.SequencedHashMap"
    },
    {
      "type": "insert-node",
      "node": {
        "label": "getModuleAttributeValuesMap",
        "type": "Invocation"
      },
      "location-after-char-start": 5769,
      "location-after-char-end": 5803,
      "node-str": "getModuleAttributeValuesMap"
    },
    {
      "type": "insert-node",
      "node": {
        "label": "java.util.Iterator",
        "type": "VARIABLE_TYPE"
      },
      "location-after-char-start": 0,
      "location-after-char-end": 0,
      "node-str": "java.util.Iterator"
    },
    {
      "type": "insert-node",
      "node": {
        "label": "iterator",
        "type": "Invocation"
      },
      "location-after-char-start": 5830,
      "location-after-char-end": 5846,
      "node-str": "iterator"
    },
    {
      "type": "insert-node",
      "node": {
        "label": "NE",
        "type": "BinaryOperator"
      },
      "location-after-char-start": 11811,
      "location-after-char-end": 11826,
      "node-str": "NE"
    },
    {
      "type": "insert-node",
      "node": {
        "label": "THEN",
        "type": "then"
      },
      "location-after-char-start": 11838,
      "location-after-char-end": 12144,
      "node-str": "THEN"
    },
    {
      "type": "insert-node",
      "node": {
        "label": "data",
        "type": "VariableRead"
      },
      "location-after-char-start": 4703,
      "location-after-char-end": 4706,
      "node-str": "data"
    },
    {
      "type": "insert-node",
      "node": {
        "label": "commentGroup",
        "type": "VariableRead"
      },
      "location-after-char-start": 5196,
      "location-after-char-end": 5207,
      "node-str": "commentGroup"
    },
    {
      "type": "insert-node",
      "node": {
        "label": "\"Data\"",
        "type": "Literal"
      },
      "location-after-char-start": 5213,
      "location-after-char-end": 5218,
      "node-str": "\"Data\""
    },
    {
      "type": "insert-node",
      "node": {
        "label": "issue",
        "type": "VariableRead"
      },
      "location-after-char-start": 5516,
      "location-after-char-end": 5520,
      "node-str": "issue"
    },
    {
      "type": "insert-node",
      "node": {
        "label": "issue",
        "type": "VariableRead"
      },
      "location-after-char-start": 5769,
      "location-after-char-end": 5773,
      "node-str": "issue"
    },
    {
      "type": "insert-node",
      "node": {
        "label": "modMap",
        "type": "VariableRead"
      },
      "location-after-char-start": 5830,
      "location-after-char-end": 5835,
      "node-str": "modMap"
    },
    {
      "type": "insert-node",
      "node": {
        "label": "aval2",
        "type": "LocalVariable"
      },
      "location-after-char-start": 6864,
      "location-after-char-end": 6891,
      "node-str": "aval2"
    },
    {
      "type": "insert-node",
      "node": {
        "label": "newAttVals",
        "type": "LocalVariable"
      },
      "location-after-char-start": 6905,
      "location-after-char-end": 6939,
      "node-str": "newAttVals"
    },
    {
      "type": "insert-node",
      "node": {
        "label": "newGroup",
        "type": "VariableRead"
      },
      "location-after-char-start": 11811,
      "location-after-char-end": 11818,
      "node-str": "newGroup"
    },
    {
      "type": "insert-node",
      "node": {
        "label": "null",
        "type": "Literal"
      },
      "location-after-char-start": 11823,
      "location-after-char-end": 11826,
      "node-str": "null"
    },
    {
      "type": "insert-node",
      "node": {
        "label": "newNameField",
        "type": "LocalVariable"
      },
      "location-after-char-start": 11852,
      "location-after-char-end": 11893,
      "node-str": "newNameField"
    },
    {
      "type": "insert-node",
      "node": {
        "label": "if",
        "type": "If"
      },
      "location-after-char-start": 11908,
      "location-after-char-end": 12134,
      "node-str": "if"
    },
    {
      "type": "update-node",
      "node": {
        "label": "\"DataAsString\"",
        "type": "Literal"
      },
      "location-before-char-start": 16364,
      "location-before-char-end": 16377,
      "location-after-char-start": 14622,
      "location-after-char-end": 14627,
      "node-str": "\"Data\""
    },
    {
      "type": "insert-node",
      "node": {
        "label": "resetAssociatedUsers",
        "type": "Invocation"
      },
      "location-after-char-start": 33386,
      "location-after-char-end": 33416,
      "node-str": "resetAssociatedUsers"
    },
    {
      "type": "move-subtree",
      "node": {
        "label": "\"ExplanatoryCommentRequiredToModifyAttributes\"",
        "type": "Literal"
      },
      "location-before-char-start": 6296,
      "location-before-char-end": 6341,
      "location-after-char-start": 5386,
      "location-after-char-end": 5431,
      "node-str": "\"ExplanatoryCommentRequiredToModifyAttributes\""
    },
    {
      "type": "insert-node",
      "node": {
        "label": "org.tigris.scarab.om.AttributeValue",
        "type": "VARIABLE_TYPE"
      },
      "location-after-char-start": 0,
      "location-after-char-end": 0,
      "node-str": "org.tigris.scarab.om.AttributeValue"
    },
    {
      "type": "insert-node",
      "node": {
        "label": "null",
        "type": "Literal"
      },
      "location-after-char-start": 6887,
      "location-after-char-end": 6890,
      "node-str": "null"
    },
    {
      "type": "insert-node",
      "node": {
        "label": "java.util.HashMap",
        "type": "VARIABLE_TYPE"
      },
      "location-after-char-start": 0,
      "location-after-char-end": 0,
      "node-str": "java.util.HashMap"
    },
    {
      "type": "insert-node",
      "node": {
        "label": "java.util.HashMap()",
        "type": "ConstructorCall"
      },
      "location-after-char-start": 6926,
      "location-after-char-end": 6938,
      "node-str": "java.util.HashMap()"
    },
    {
      "type": "insert-node",
      "node": {
        "label": "org.apache.fulcrum.intake.model.Field",
        "type": "VARIABLE_TYPE"
      },
      "location-after-char-start": 0,
      "location-after-char-end": 0,
      "node-str": "org.apache.fulcrum.intake.model.Field"
    },
    {
      "type": "insert-node",
      "node": {
        "label": "get",
        "type": "Invocation"
      },
      "location-after-char-start": 11873,
      "location-after-char-end": 11892,
      "node-str": "get"
    },
    {
      "type": "insert-node",
      "node": {
        "label": "AND",
        "type": "BinaryOperator"
      },
      "location-after-char-start": 11912,
      "location-after-char-end": 11987,
      "node-str": "AND"
    },
    {
      "type": "insert-node",
      "node": {
        "label": "THEN",
        "type": "then"
      },
      "location-after-char-start": 12002,
      "location-after-char-end": 12134,
      "node-str": "THEN"
    },
    {
      "type": "insert-node",
      "node": {
        "label": "ELSE",
        "type": "else"
      },
      "location-after-char-start": 17914,
      "location-after-char-end": 19326,
      "node-str": "ELSE"
    },
    {
      "type": "insert-node",
      "node": {
        "label": "scarabR",
        "type": "VariableRead"
      },
      "location-after-char-start": 33386,
      "location-after-char-end": 33392,
      "node-str": "scarabR"
    },
    {
      "type": "insert-node",
      "node": {
        "label": "newGroup",
        "type": "VariableRead"
      },
      "location-after-char-start": 11873,
      "location-after-char-end": 11880,
      "node-str": "newGroup"
    },
    {
      "type": "insert-node",
      "node": {
        "label": "\"Name\"",
        "type": "Literal"
      },
      "location-after-char-start": 11886,
      "location-after-char-end": 11891,
      "node-str": "\"Name\""
    },
    {
      "type": "insert-node",
      "node": {
        "label": "NE",
        "type": "BinaryOperator"
      },
      "location-after-char-start": 11912,
      "location-after-char-end": 11931,
      "node-str": "NE"
    },
    {
      "type": "insert-node",
      "node": {
        "label": "NOT",
        "type": "UnaryOperator"
      },
      "location-after-char-start": 11953,
      "location-after-char-end": 11987,
      "node-str": "NOT"
    },
    {
      "type": "insert-node",
      "node": {
        "label": "handleAttachment",
        "type": "Invocation"
      },
      "location-after-char-start": 12019,
      "location-after-char-end": 12120,
      "node-str": "handleAttachment"
    },
    {
      "type": "move-subtree",
      "node": {
        "label": "user",
        "type": "LocalVariable"
      },
      "location-before-char-start": 17986,
      "location-before-char-end": 18030,
      "location-after-char-start": 16282,
      "location-after-char-end": 16326,
      "node-str": "user"
    },
    {
      "type": "move-subtree",
      "node": {
        "label": "nameFieldString",
        "type": "LocalVariable"
      },
      "location-before-char-start": 18044,
      "location-before-char-end": 18089,
      "location-after-char-start": 16344,
      "location-after-char-end": 16389,
      "node-str": "nameFieldString"
    },
    {
      "type": "move-subtree",
      "node": {
        "label": "dataFieldString",
        "type": "LocalVariable"
      },
      "location-before-char-start": 18103,
      "location-before-char-end": 18148,
      "location-after-char-start": 16407,
      "location-after-char-end": 16452,
      "node-str": "dataFieldString"
    },
    {
      "type": "move-subtree",
      "node": {
        "label": "activitySet",
        "type": "LocalVariable"
      },
      "location-before-char-start": 18203,
      "location-before-char-end": 18355,
      "location-after-char-start": 16515,
      "location-after-char-end": 16646,
      "node-str": "activitySet"
    },
    {
      "type": "insert-node",
      "node": {
        "label": "if",
        "type": "If"
      },
      "location-after-char-start": 17914,
      "location-after-char-end": 19326,
      "node-str": "if"
    },
    {
      "type": "insert-node",
      "node": {
        "label": "null",
        "type": "Literal"
      },
      "location-after-char-start": 8870,
      "location-after-char-end": 8873,
      "node-str": "null"
    },
    {
      "type": "update-node",
      "node": {
        "label": "\"DataAsString\"",
        "type": "Literal"
      },
      "location-before-char-start": 11627,
      "location-before-char-end": 11640,
      "location-after-char-start": 10493,
      "location-after-char-end": 10498,
      "node-str": "\"Data\""
    },
    {
      "type": "insert-node",
      "node": {
        "label": "newNameField",
        "type": "VariableRead"
      },
      "location-after-char-start": 11912,
      "location-after-char-end": 11923,
      "node-str": "newNameField"
    },
    {
      "type": "insert-node",
      "node": {
        "label": "null",
        "type": "Literal"
      },
      "location-after-char-start": 11928,
      "location-after-char-end": 11931,
      "node-str": "null"
    },
    {
      "type": "insert-node",
      "node": {
        "label": "equals",
        "type": "Invocation"
      },
      "location-after-char-start": 11954,
      "location-after-char-end": 11987,
      "node-str": "equals"
    },
    {
      "type": "insert-node",
      "node": {
        "label": "org.tigris.scarab.actions.ModifyIssue",
        "type": "TypeAccess"
      },
      "location-after-char-start": 0,
      "location-after-char-end": 0,
      "node-str": "org.tigris.scarab.actions.ModifyIssue"
    },
    {
      "type": "insert-node",
      "node": {
        "label": "data",
        "type": "VariableRead"
      },
      "location-after-char-start": 12036,
      "location-after-char-end": 12039,
      "node-str": "data"
    },
    {
      "type": "insert-node",
      "node": {
        "label": "context",
        "type": "VariableRead"
      },
      "location-after-char-start": 12042,
      "location-after-char-end": 12048,
      "node-str": "context"
    },
    {
      "type": "insert-node",
      "node": {
        "label": "Attachment.URL__PK",
        "type": "TypeAccess"
      },
      "location-after-char-start": 12051,
      "location-after-char-end": 12068,
      "node-str": "Attachment.URL__PK"
    },
    {
      "type": "insert-node",
      "node": {
        "label": "newGroup",
        "type": "VariableRead"
      },
      "location-after-char-start": 12104,
      "location-after-char-end": 12111,
      "node-str": "newGroup"
    },
    {
      "type": "insert-node",
      "node": {
        "label": "issue",
        "type": "VariableRead"
      },
      "location-after-char-start": 12114,
      "location-after-char-end": 12118,
      "node-str": "issue"
    },
    {
      "type": "insert-node",
      "node": {
        "label": "AND",
        "type": "BinaryOperator"
      },
      "location-after-char-start": 17918,
      "location-after-char-end": 17966,
      "node-str": "AND"
    },
    {
      "type": "insert-node",
      "node": {
        "label": "THEN",
        "type": "then"
      },
      "location-after-char-start": 17981,
      "location-after-char-end": 19201,
      "node-str": "THEN"
    },
    {
      "type": "move-subtree",
      "node": {
        "label": "ELSE",
        "type": "else"
      },
      "location-before-char-start": 19683,
      "location-before-char-end": 19777,
      "location-after-char-start": 19232,
      "location-after-char-end": 19326,
      "node-str": "ELSE"
    },
    {
      "type": "insert-node",
      "node": {
        "label": "toString",
        "type": "Invocation"
      },
      "location-after-char-start": 11954,
      "location-after-char-end": 11976,
      "node-str": "toString"
    },
    {
      "type": "insert-node",
      "node": {
        "label": "\"\"",
        "type": "Literal"
      },
      "location-after-char-start": 11985,
      "location-after-char-end": 11986,
      "node-str": "\"\""
    },
    {
      "type": "insert-node",
      "node": {
        "label": "equals",
        "type": "Invocation"
      },
      "location-after-char-start": 17918,
      "location-after-char-end": 17943,
      "node-str": "equals"
    },
    {
      "type": "insert-node",
      "node": {
        "label": "isValid",
        "type": "Invocation"
      },
      "location-after-char-start": 17948,
      "location-after-char-end": 17966,
      "node-str": "isValid"
    },
    {
      "type": "insert-node",
      "node": {
        "label": "",
        "type": "Try"
      },
      "location-after-char-start": 17999,
      "location-after-char-end": 19171,
      "node-str": ""
    },
    {
      "type": "insert-node",
      "node": {
        "label": "newNameField",
        "type": "VariableRead"
      },
      "location-after-char-start": 11954,
      "location-after-char-end": 11965,
      "node-str": "newNameField"
    },
    {
      "type": "insert-node",
      "node": {
        "label": "\"autodetect\"",
        "type": "Literal"
      },
      "location-after-char-start": 17918,
      "location-after-char-end": 17929,
      "node-str": "\"autodetect\""
    },
    {
      "type": "insert-node",
      "node": {
        "label": "mimeA",
        "type": "VariableRead"
      },
      "location-after-char-start": 17938,
      "location-after-char-end": 17942,
      "node-str": "mimeA"
    },
    {
      "type": "insert-node",
      "node": {
        "label": "fileField",
        "type": "VariableRead"
      },
      "location-after-char-start": 17948,
      "location-after-char-end": 17956,
      "node-str": "fileField"
    },
    {
      "type": "insert-node",
      "node": {
        "label": "filename",
        "type": "LocalVariable"
      },
      "location-after-char-start": 18042,
      "location-after-char-end": 18131,
      "node-str": "filename"
    },
    {
      "type": "insert-node",
      "node": {
        "label": "contentType",
        "type": "LocalVariable"
      },
      "location-after-char-start": 18153,
      "location-after-char-end": 18246,
      "node-str": "contentType"
    },
    {
      "type": "insert-node",
      "node": {
        "label": "if",
        "type": "If"
      },
      "location-after-char-start": 18268,
      "location-after-char-end": 18620,
      "node-str": "if"
    },
    {
      "type": "insert-node",
      "node": {
        "label": "",
        "type": "Catch"
      },
      "location-after-char-start": 18639,
      "location-after-char-end": 19171,
      "node-str": ""
    },
    {
      "type": "insert-node",
      "node": {
        "label": "java.lang.String",
        "type": "VARIABLE_TYPE"
      },
      "location-after-char-start": 0,
      "location-after-char-end": 0,
      "node-str": "java.lang.String"
    },
    {
      "type": "insert-node",
      "node": {
        "label": "getFileName",
        "type": "Invocation"
      },
      "location-after-char-start": 18085,
      "location-after-char-end": 18130,
      "node-str": "getFileName"
    },
    {
      "type": "insert-node",
      "node": {
        "label": "java.lang.String",
        "type": "VARIABLE_TYPE"
      },
      "location-after-char-start": 0,
      "location-after-char-end": 0,
      "node-str": "java.lang.String"
    },
    {
      "type": "insert-node",
      "node": {
        "label": "getContentType",
        "type": "Invocation"
      },
      "location-after-char-start": 18199,
      "location-after-char-end": 18245,
      "node-str": "getContentType"
    },
    {
      "type": "insert-node",
      "node": {
        "label": "EQ",
        "type": "BinaryOperator"
      },
      "location-after-char-start": 18272,
      "location-after-char-end": 18290,
      "node-str": "EQ"
    },
    {
      "type": "insert-node",
      "node": {
        "label": "THEN",
        "type": "then"
      },
      "location-after-char-start": 18314,
      "location-after-char-end": 18502,
      "node-str": "THEN"
    },
    {
      "type": "insert-node",
      "node": {
        "label": "ELSE",
        "type": "else"
      },
      "location-after-char-start": 18550,
      "location-after-char-end": 18620,
      "node-str": "ELSE"
    },
    {
      "type": "insert-node",
      "node": {
        "label": "e",
        "type": "CatchVariable"
      },
      "location-after-char-start": 18663,
      "location-after-char-end": 18673,
      "node-str": "e"
    },
    {
      "type": "insert-node",
      "node": {
        "label": "setMessage",
        "type": "Invocation"
      },
      "location-after-char-start": 18982,
      "location-after-char-end": 19039,
      "node-str": "setMessage"
    },
    {
      "type": "insert-node",
      "node": {
        "label": "info",
        "type": "Invocation"
      },
      "location-after-char-start": 19061,
      "location-after-char-end": 19153,
      "node-str": "info"
    },
    {
      "type": "insert-node",
      "node": {
        "label": "getValue",
        "type": "Invocation"
      },
      "location-after-char-start": 18085,
      "location-after-char-end": 18116,
      "node-str": "getValue"
    },
    {
      "type": "insert-node",
      "node": {
        "label": "org.apache.fulcrum.mimetype.TurbineMimeTypes",
        "type": "TypeAccess"
      },
      "location-after-char-start": 18199,
      "location-after-char-end": 18214,
      "node-str": "org.apache.fulcrum.mimetype.TurbineMimeTypes"
    },
    {
      "type": "insert-node",
      "node": {
        "label": "filename",
        "type": "VariableRead"
      },
      "location-after-char-start": 18231,
      "location-after-char-end": 18238,
      "node-str": "filename"
    },
    {
      "type": "insert-node",
      "node": {
        "label": "null",
        "type": "Literal"
      },
      "location-after-char-start": 18241,
      "location-after-char-end": 18244,
      "node-str": "null"
    },
    {
      "type": "insert-node",
      "node": {
        "label": "contentType",
        "type": "VariableRead"
      },
      "location-after-char-start": 18272,
      "location-after-char-end": 18282,
      "node-str": "contentType"
    },
    {
      "type": "insert-node",
      "node": {
        "label": "null",
        "type": "Literal"
      },
      "location-after-char-start": 18287,
      "location-after-char-end": 18290,
      "node-str": "null"
    },
    {
      "type": "insert-node",
      "node": {
        "label": "setMessage",
        "type": "Invocation"
      },
      "location-after-char-start": 18394,
      "location-after-char-end": 18480,
      "node-str": "setMessage"
    },
    {
      "type": "insert-node",
      "node": {
        "label": "\u003d",
        "type": "Assignment"
      },
      "location-after-char-start": 18576,
      "location-after-char-end": 18598,
      "node-str": "\u003d"
    },
    {
      "type": "insert-node",
      "node": {
        "label": "java.lang.Exception",
        "type": "VARIABLE_TYPE"
      },
      "location-after-char-start": 0,
      "location-after-char-end": 0,
      "node-str": "java.lang.Exception"
    },
    {
      "type": "insert-node",
      "node": {
        "label": "mimeAField",
        "type": "VariableRead"
      },
      "location-after-char-start": 18982,
      "location-after-char-end": 18991,
      "node-str": "mimeAField"
    },
    {
      "type": "insert-node",
      "node": {
        "label": "\"intake_CouldNotDetermineMimeType\"",
        "type": "Literal"
      },
      "location-after-char-start": 19004,
      "location-after-char-end": 19037,
      "node-str": "\"intake_CouldNotDetermineMimeType\""
    },
    {
      "type": "insert-node",
      "node": {
        "label": "get",
        "type": "Invocation"
      },
      "location-after-char-start": 19061,
      "location-after-char-end": 19069,
      "node-str": "get"
    },
    {
      "type": "insert-node",
      "node": {
        "label": "\"Could not determine mimetype of uploaded file.\"",
        "type": "Literal"
      },
      "location-after-char-start": 19101,
      "location-after-char-end": 19148,
      "node-str": "\"Could not determine mimetype of uploaded file.\""
    },
    {
      "type": "insert-node",
      "node": {
        "label": "e",
        "type": "VariableRead"
      },
      "location-after-char-start": 19151,
      "location-after-char-end": 19151,
      "node-str": "e"
    },
    {
      "type": "insert-node",
      "node": {
        "label": "fileField",
        "type": "VariableRead"
      },
      "location-after-char-start": 18096,
      "location-after-char-end": 18104,
      "node-str": "fileField"
    },
    {
      "type": "insert-node",
      "node": {
        "label": "mimeAField",
        "type": "VariableRead"
      },
      "location-after-char-start": 18394,
      "location-after-char-end": 18403,
      "node-str": "mimeAField"
    },
    {
      "type": "insert-node",
      "node": {
        "label": "\"intake_CouldNotDetermineMimeType\"",
        "type": "Literal"
      },
      "location-after-char-start": 18445,
      "location-after-char-end": 18478,
      "node-str": "\"intake_CouldNotDetermineMimeType\""
    },
    {
      "type": "insert-node",
      "node": {
        "label": "mimeType",
        "type": "VariableWrite"
      },
      "location-after-char-start": 18576,
      "location-after-char-end": 18583,
      "node-str": "mimeType"
    },
    {
      "type": "insert-node",
      "node": {
        "label": "contentType",
        "type": "VariableRead"
      },
      "location-after-char-start": 18587,
      "location-after-char-end": 18597,
      "node-str": "contentType"
    },
    {
      "type": "insert-node",
      "node": {
        "label": "org.tigris.scarab.util.Log",
        "type": "TypeAccess"
      },
      "location-after-char-start": 19061,
      "location-after-char-end": 19063,
      "node-str": "org.tigris.scarab.util.Log"
    },
    {
      "type": "delete-node",
      "node": {
        "label": "public",
        "type": "Modifier"
      },
      "location-before-char-start": 0,
      "location-before-char-end": 0,
      "node-str": "public"
    },
    {
      "type": "delete-node",
      "node": {
        "label": "org.tigris.scarab.actions.base.BaseModifyIssue",
        "type": "SUPER_TYPE"
      },
      "location-before-char-start": 0,
      "location-before-char-end": 0,
      "node-str": "org.tigris.scarab.actions.base.BaseModifyIssue"
    },
    {
      "type": "delete-node",
      "node": {
        "label": "",
        "type": "TypeReference"
      },
      "location-before-char-start": 4913,
      "location-before-char-end": 4927,
      "node-str": ""
    },
    {
      "type": "delete-node",
      "node": {
        "label": "void",
        "type": "RETURN_TYPE"
      },
      "location-before-char-start": 0,
      "location-before-char-end": 0,
      "node-str": "void"
    },
    {
      "type": "delete-node",
      "node": {
        "label": "java.lang.Exception",
        "type": "THROWS"
      },
      "location-before-char-start": 0,
      "location-before-char-end": 0,
      "node-str": "java.lang.Exception"
    },
    {
      "type": "delete-node",
      "node": {
        "label": "public",
        "type": "Modifier"
      },
      "location-before-char-start": 0,
      "location-before-char-end": 0,
      "node-str": "public"
    },
    {
      "type": "delete-node",
      "node": {
        "label": "org.apache.turbine.RunData",
        "type": "VARIABLE_TYPE"
      },
      "location-before-char-start": 0,
      "location-before-char-end": 0,
      "node-str": "org.apache.turbine.RunData"
    },
    {
      "type": "delete-node",
      "node": {
        "label": "data",
        "type": "Parameter"
      },
      "location-before-char-start": 4967,
      "location-before-char-end": 4978,
      "node-str": "data"
    },
    {
      "type": "delete-node",
      "node": {
        "label": "org.apache.turbine.TemplateContext",
        "type": "VARIABLE_TYPE"
      },
      "location-before-char-start": 0,
      "location-before-char-end": 0,
      "node-str": "org.apache.turbine.TemplateContext"
    },
    {
      "type": "delete-node",
      "node": {
        "label": "context",
        "type": "Parameter"
      },
      "location-before-char-start": 4981,
      "location-before-char-end": 5003,
      "node-str": "context"
    },
    {
      "type": "delete-node",
      "node": {
        "label": "org.tigris.scarab.om.Issue",
        "type": "VARIABLE_TYPE"
      },
      "location-before-char-start": 0,
      "location-before-char-end": 0,
      "node-str": "org.tigris.scarab.om.Issue"
    },
    {
      "type": "delete-node",
      "node": {
        "label": "null",
        "type": "Literal"
      },
      "location-before-char-start": 5276,
      "location-before-char-end": 5279,
      "node-str": "null"
    },
    {
      "type": "delete-node",
      "node": {
        "label": "issue",
        "type": "LocalVariable"
      },
      "location-before-char-start": 5262,
      "location-before-char-end": 5280,
      "node-str": "issue"
    },
    {
      "type": "delete-node",
      "node": {
        "label": "org.tigris.scarab.om.ScarabUser",
        "type": "VARIABLE_TYPE"
      },
      "location-before-char-start": 0,
      "location-before-char-end": 0,
      "node-str": "org.tigris.scarab.om.ScarabUser"
    },
    {
      "type": "delete-node",
      "node": {
        "label": "data",
        "type": "VariableRead"
      },
      "location-before-char-start": 5544,
      "location-before-char-end": 5547,
      "node-str": "data"
    },
    {
      "type": "delete-node",
      "node": {
        "label": "getUser",
        "type": "Invocation"
      },
      "location-before-char-start": 5532,
      "location-before-char-end": 5557,
      "node-str": "getUser"
    },
    {
      "type": "delete-node",
      "node": {
        "label": "user",
        "type": "LocalVariable"
      },
      "location-before-char-start": 5514,
      "location-before-char-end": 5558,
      "node-str": "user"
    },
    {
      "type": "delete-node",
      "node": {
        "label": "org.tigris.scarab.om.IssueType",
        "type": "VARIABLE_TYPE"
      },
      "location-before-char-start": 0,
      "location-before-char-end": 0,
      "node-str": "org.tigris.scarab.om.IssueType"
    },
    {
      "type": "delete-node",
      "node": {
        "label": "issue",
        "type": "VariableRead"
      },
      "location-before-char-start": 5813,
      "location-before-char-end": 5817,
      "node-str": "issue"
    },
    {
      "type": "delete-node",
      "node": {
        "label": "getIssueType",
        "type": "Invocation"
      },
      "location-before-char-start": 5813,
      "location-before-char-end": 5832,
      "node-str": "getIssueType"
    },
    {
      "type": "delete-node",
      "node": {
        "label": "issueType",
        "type": "LocalVariable"
      },
      "location-before-char-start": 5791,
      "location-before-char-end": 5833,
      "node-str": "issueType"
    },
    {
      "type": "delete-node",
      "node": {
        "label": "org.apache.fulcrum.intake.model.Field",
        "type": "VARIABLE_TYPE"
      },
      "location-before-char-start": 0,
      "location-before-char-end": 0,
      "node-str": "org.apache.fulcrum.intake.model.Field"
    },
    {
      "type": "delete-node",
      "node": {
        "label": "null",
        "type": "Literal"
      },
      "location-before-char-start": 6060,
      "location-before-char-end": 6063,
      "node-str": "null"
    },
    {
      "type": "delete-node",
      "node": {
        "label": "commentField",
        "type": "LocalVariable"
      },
      "location-before-char-start": 6039,
      "location-before-char-end": 6064,
      "node-str": "commentField"
    },
    {
      "type": "delete-node",
      "node": {
        "label": "commentField",
        "type": "VariableWrite"
      },
      "location-before-char-start": 6074,
      "location-before-char-end": 6085,
      "node-str": "commentField"
    },
    {
      "type": "delete-node",
      "node": {
        "label": "commentGroup",
        "type": "VariableRead"
      },
      "location-before-char-start": 6089,
      "location-before-char-end": 6100,
      "node-str": "commentGroup"
    },
    {
      "type": "delete-node",
      "node": {
        "label": "\"DataAsString\"",
        "type": "Literal"
      },
      "location-before-char-start": 6106,
      "location-before-char-end": 6119,
      "node-str": "\"DataAsString\""
    },
    {
      "type": "delete-node",
      "node": {
        "label": "get",
        "type": "Invocation"
      },
      "location-before-char-start": 6089,
      "location-before-char-end": 6120,
      "node-str": "get"
    },
    {
      "type": "delete-node",
      "node": {
        "label": "\u003d",
        "type": "Assignment"
      },
      "location-before-char-start": 6074,
      "location-before-char-end": 6121,
      "node-str": "\u003d"
    },
    {
      "type": "delete-node",
      "node": {
        "label": "commentField",
        "type": "VariableRead"
      },
      "location-before-char-start": 6131,
      "location-before-char-end": 6142,
      "node-str": "commentField"
    },
    {
      "type": "delete-node",
      "node": {
        "label": "true",
        "type": "Literal"
      },
      "location-before-char-start": 6156,
      "location-before-char-end": 6159,
      "node-str": "true"
    },
    {
      "type": "delete-node",
      "node": {
        "label": "setRequired",
        "type": "Invocation"
      },
      "location-before-char-start": 6131,
      "location-before-char-end": 6161,
      "node-str": "setRequired"
    },
    {
      "type": "delete-node",
      "node": {
        "label": "l10n",
        "type": "VariableRead"
      },
      "location-before-char-start": 6270,
      "location-before-char-end": 6273,
      "node-str": "l10n"
    },
    {
      "type": "delete-node",
      "node": {
        "label": "get",
        "type": "Invocation"
      },
      "location-before-char-start": 6270,
      "location-before-char-end": 6342,
      "node-str": "get"
    },
    {
      "type": "delete-node",
      "node": {
        "label": "org.tigris.scarab.om.AttributeValue",
        "type": "VARIABLE_TYPE"
      },
      "location-before-char-start": 0,
      "location-before-char-end": 0,
      "node-str": "org.tigris.scarab.om.AttributeValue"
    },
    {
      "type": "delete-node",
      "node": {
        "label": "null",
        "type": "Literal"
      },
      "location-before-char-start": 6560,
      "location-before-char-end": 6563,
      "node-str": "null"
    },
    {
      "type": "delete-node",
      "node": {
        "label": "aval",
        "type": "LocalVariable"
      },
      "location-before-char-start": 6538,
      "location-before-char-end": 6564,
      "node-str": "aval"
    },
    {
      "type": "delete-node",
      "node": {
        "label": "org.tigris.scarab.om.AttributeValue",
        "type": "VARIABLE_TYPE"
      },
      "location-before-char-start": 0,
      "location-before-char-end": 0,
      "node-str": "org.tigris.scarab.om.AttributeValue"
    },
    {
      "type": "delete-node",
      "node": {
        "label": "null",
        "type": "Literal"
      },
      "location-before-char-start": 6597,
      "location-before-char-end": 6600,
      "node-str": "null"
    },
    {
      "type": "delete-node",
      "node": {
        "label": "aval2",
        "type": "LocalVariable"
      },
      "location-before-char-start": 6574,
      "location-before-char-end": 6601,
      "node-str": "aval2"
    },
    {
      "type": "delete-node",
      "node": {
        "label": "java.util.HashMap",
        "type": "VARIABLE_TYPE"
      },
      "location-before-char-start": 0,
      "location-before-char-end": 0,
      "node-str": "java.util.HashMap"
    },
    {
      "type": "delete-node",
      "node": {
        "label": "java.util.HashMap()",
        "type": "ConstructorCall"
      },
      "location-before-char-start": 6632,
      "location-before-char-end": 6644,
      "node-str": "java.util.HashMap()"
    },
    {
      "type": "delete-node",
      "node": {
        "label": "newAttVals",
        "type": "LocalVariable"
      },
      "location-before-char-start": 6611,
      "location-before-char-end": 6645,
      "node-str": "newAttVals"
    },
    {
      "type": "delete-node",
      "node": {
        "label": "org.apache.fulcrum.intake.model.Group",
        "type": "VARIABLE_TYPE"
      },
      "location-before-char-start": 0,
      "location-before-char-end": 0,
      "node-str": "org.apache.fulcrum.intake.model.Group"
    },
    {
      "type": "delete-node",
      "node": {
        "label": "null",
        "type": "Literal"
      },
      "location-before-char-start": 6669,
      "location-before-char-end": 6672,
      "node-str": "null"
    },
    {
      "type": "delete-node",
      "node": {
        "label": "group",
        "type": "LocalVariable"
      },
      "location-before-char-start": 6655,
      "location-before-char-end": 6673,
      "node-str": "group"
    },
    {
      "type": "delete-node",
      "node": {
        "label": "org.apache.commons.collections.SequencedHashMap",
        "type": "VARIABLE_TYPE"
      },
      "location-before-char-start": 0,
      "location-before-char-end": 0,
      "node-str": "org.apache.commons.collections.SequencedHashMap"
    },
    {
      "type": "delete-node",
      "node": {
        "label": "issue",
        "type": "VariableRead"
      },
      "location-before-char-start": 6710,
      "location-before-char-end": 6714,
      "node-str": "issue"
    },
    {
      "type": "delete-node",
      "node": {
        "label": "getModuleAttributeValuesMap",
        "type": "Invocation"
      },
      "location-before-char-start": 6710,
      "location-before-char-end": 6744,
      "node-str": "getModuleAttributeValuesMap"
    },
    {
      "type": "delete-node",
      "node": {
        "label": "modMap",
        "type": "LocalVariable"
      },
      "location-before-char-start": 6684,
      "location-before-char-end": 6745,
      "node-str": "modMap"
    },
    {
      "type": "delete-node",
      "node": {
        "label": "java.util.Iterator",
        "type": "VARIABLE_TYPE"
      },
      "location-before-char-start": 0,
      "location-before-char-end": 0,
      "node-str": "java.util.Iterator"
    },
    {
      "type": "delete-node",
      "node": {
        "label": "modMap",
        "type": "VariableRead"
      },
      "location-before-char-start": 6771,
      "location-before-char-end": 6776,
      "node-str": "modMap"
    },
    {
      "type": "delete-node",
      "node": {
        "label": "iterator",
        "type": "Invocation"
      },
      "location-before-char-start": 6771,
      "location-before-char-end": 6787,
      "node-str": "iterator"
    },
    {
      "type": "delete-node",
      "node": {
        "label": "iter",
        "type": "LocalVariable"
      },
      "location-before-char-start": 6755,
      "location-before-char-end": 6788,
      "node-str": "iter"
    },
    {
      "type": "delete-node",
      "node": {
        "label": "data",
        "type": "VariableRead"
      },
      "location-before-char-start": 9856,
      "location-before-char-end": 9859,
      "node-str": "data"
    },
    {
      "type": "delete-node",
      "node": {
        "label": "org.tigris.scarab.om.ScarabUser",
        "type": "VARIABLE_TYPE"
      },
      "location-before-char-start": 0,
      "location-before-char-end": 0,
      "node-str": "org.tigris.scarab.om.ScarabUser"
    },
    {
      "type": "delete-node",
      "node": {
        "label": "data",
        "type": "VariableRead"
      },
      "location-before-char-start": 10856,
      "location-before-char-end": 10859,
      "node-str": "data"
    },
    {
      "type": "delete-node",
      "node": {
        "label": "getUser",
        "type": "Invocation"
      },
      "location-before-char-start": 10844,
      "location-before-char-end": 10869,
      "node-str": "getUser"
    },
    {
      "type": "delete-node",
      "node": {
        "label": "user",
        "type": "LocalVariable"
      },
      "location-before-char-start": 10826,
      "location-before-char-end": 10870,
      "node-str": "user"
    },
    {
      "type": "delete-node",
      "node": {
        "label": "user",
        "type": "VariableRead"
      },
      "location-before-char-start": 10885,
      "location-before-char-end": 10888,
      "node-str": "user"
    },
    {
      "type": "delete-node",
      "node": {
        "label": "ScarabSecurity.ISSUE__EDIT",
        "type": "TypeAccess"
      },
      "location-before-char-start": 10904,
      "location-before-char-end": 10929,
      "node-str": "ScarabSecurity.ISSUE__EDIT"
    },
    {
      "type": "delete-node",
      "node": {
        "label": "issue",
        "type": "VariableRead"
      },
      "location-before-char-start": 10964,
      "location-before-char-end": 10968,
      "node-str": "issue"
    },
    {
      "type": "delete-node",
      "node": {
        "label": "getModule",
        "type": "Invocation"
      },
      "location-before-char-start": 10964,
      "location-before-char-end": 10980,
      "node-str": "getModule"
    },
    {
      "type": "delete-node",
      "node": {
        "label": "hasPermission",
        "type": "Invocation"
      },
      "location-before-char-start": 10885,
      "location-before-char-end": 10981,
      "node-str": "hasPermission"
    },
    {
      "type": "delete-node",
      "node": {
        "label": "NOT",
        "type": "UnaryOperator"
      },
      "location-before-char-start": 10884,
      "location-before-char-end": 10981,
      "node-str": "NOT"
    },
    {
      "type": "delete-node",
      "node": {
        "label": "scarabR",
        "type": "VariableRead"
      },
      "location-before-char-start": 11006,
      "location-before-char-end": 11012,
      "node-str": "scarabR"
    },
    {
      "type": "delete-node",
      "node": {
        "label": "l10n",
        "type": "VariableRead"
      },
      "location-before-char-start": 11030,
      "location-before-char-end": 11033,
      "node-str": "l10n"
    },
    {
      "type": "delete-node",
      "node": {
        "label": "org.tigris.scarab.actions.NO_PERMISSION_MESSAGE",
        "type": "TypeAccess"
      },
      "location-before-char-start": 11039,
      "location-before-char-end": 11059,
      "node-str": "org.tigris.scarab.actions.NO_PERMISSION_MESSAGE"
    },
    {
      "type": "delete-node",
      "node": {
        "label": "get",
        "type": "Invocation"
      },
      "location-before-char-start": 11030,
      "location-before-char-end": 11060,
      "node-str": "get"
    },
    {
      "type": "delete-node",
      "node": {
        "label": "setAlertMessage",
        "type": "Invocation"
      },
      "location-before-char-start": 11006,
      "location-before-char-end": 11062,
      "node-str": "setAlertMessage"
    },
    {
      "type": "delete-node",
      "node": {
        "label": "return",
        "type": "Return"
      },
      "location-before-char-start": 11076,
      "location-before-char-end": 11082,
      "node-str": "return"
    },
    {
      "type": "delete-node",
      "node": {
        "label": "THEN",
        "type": "then"
      },
      "location-before-char-start": 10992,
      "location-before-char-end": 11092,
      "node-str": "THEN"
    },
    {
      "type": "delete-node",
      "node": {
        "label": "if",
        "type": "If"
      },
      "location-before-char-start": 10880,
      "location-before-char-end": 11092,
      "node-str": "if"
    },
    {
      "type": "delete-node",
      "node": {
        "label": "void",
        "type": "RETURN_TYPE"
      },
      "location-before-char-start": 0,
      "location-before-char-end": 0,
      "node-str": "void"
    },
    {
      "type": "delete-node",
      "node": {
        "label": "java.lang.Exception",
        "type": "THROWS"
      },
      "location-before-char-start": 0,
      "location-before-char-end": 0,
      "node-str": "java.lang.Exception"
    },
    {
      "type": "delete-node",
      "node": {
        "label": "public",
        "type": "Modifier"
      },
      "location-before-char-start": 0,
      "location-before-char-end": 0,
      "node-str": "public"
    },
    {
      "type": "delete-node",
      "node": {
        "label": "org.apache.turbine.RunData",
        "type": "VARIABLE_TYPE"
      },
      "location-before-char-start": 0,
      "location-before-char-end": 0,
      "node-str": "org.apache.turbine.RunData"
    },
    {
      "type": "delete-node",
      "node": {
        "label": "data",
        "type": "Parameter"
      },
      "location-before-char-start": 12909,
      "location-before-char-end": 12920,
      "node-str": "data"
    },
    {
      "type": "delete-node",
      "node": {
        "label": "org.apache.turbine.TemplateContext",
        "type": "VARIABLE_TYPE"
      },
      "location-before-char-start": 0,
      "location-before-char-end": 0,
      "node-str": "org.apache.turbine.TemplateContext"
    },
    {
      "type": "delete-node",
      "node": {
        "label": "context",
        "type": "Parameter"
      },
      "location-before-char-start": 12923,
      "location-before-char-end": 12945,
      "node-str": "context"
    },
    {
      "type": "delete-node",
      "node": {
        "label": "org.tigris.scarab.tools.ScarabRequestTool",
        "type": "VARIABLE_TYPE"
      },
      "location-before-char-start": 0,
      "location-before-char-end": 0,
      "node-str": "org.tigris.scarab.tools.ScarabRequestTool"
    },
    {
      "type": "delete-node",
      "node": {
        "label": "org.tigris.scarab.actions.ModifyIssue",
        "type": "TypeAccess"
      },
      "location-before-char-start": 0,
      "location-before-char-end": 0,
      "node-str": "org.tigris.scarab.actions.ModifyIssue"
    },
    {
      "type": "delete-node",
      "node": {
        "label": "context",
        "type": "VariableRead"
      },
      "location-before-char-start": 13037,
      "location-before-char-end": 13043,
      "node-str": "context"
    },
    {
      "type": "delete-node",
      "node": {
        "label": "getScarabRequestTool",
        "type": "Invocation"
      },
      "location-before-char-start": 13016,
      "location-before-char-end": 13044,
      "node-str": "getScarabRequestTool"
    },
    {
      "type": "delete-node",
      "node": {
        "label": "scarabR",
        "type": "LocalVariable"
      },
      "location-before-char-start": 12988,
      "location-before-char-end": 13045,
      "node-str": "scarabR"
    },
    {
      "type": "delete-node",
      "node": {
        "label": "org.tigris.scarab.tools.ScarabLocalizationTool",
        "type": "VARIABLE_TYPE"
      },
      "location-before-char-start": 0,
      "location-before-char-end": 0,
      "node-str": "org.tigris.scarab.tools.ScarabLocalizationTool"
    },
    {
      "type": "delete-node",
      "node": {
        "label": "org.tigris.scarab.actions.ModifyIssue",
        "type": "TypeAccess"
      },
      "location-before-char-start": 0,
      "location-before-char-end": 0,
      "node-str": "org.tigris.scarab.actions.ModifyIssue"
    },
    {
      "type": "delete-node",
      "node": {
        "label": "context",
        "type": "VariableRead"
      },
      "location-before-char-start": 13105,
      "location-before-char-end": 13111,
      "node-str": "context"
    },
    {
      "type": "delete-node",
      "node": {
        "label": "getLocalizationTool",
        "type": "Invocation"
      },
      "location-before-char-start": 13085,
      "location-before-char-end": 13112,
      "node-str": "getLocalizationTool"
    },
    {
      "type": "delete-node",
      "node": {
        "label": "l10n",
        "type": "LocalVariable"
      },
      "location-before-char-start": 13055,
      "location-before-char-end": 13113,
      "node-str": "l10n"
    },
    {
      "type": "delete-node",
      "node": {
        "label": "org.tigris.scarab.om.Issue",
        "type": "VARIABLE_TYPE"
      },
      "location-before-char-start": 0,
      "location-before-char-end": 0,
      "node-str": "org.tigris.scarab.om.Issue"
    },
    {
      "type": "delete-node",
      "node": {
        "label": "null",
        "type": "Literal"
      },
      "location-before-char-start": 13137,
      "location-before-char-end": 13140,
      "node-str": "null"
    },
    {
      "type": "delete-node",
      "node": {
        "label": "issue",
        "type": "LocalVariable"
      },
      "location-before-char-start": 13123,
      "location-before-char-end": 13141,
      "node-str": "issue"
    },
    {
      "type": "delete-node",
      "node": {
        "label": "issue",
        "type": "VariableWrite"
      },
      "location-before-char-start": 13177,
      "location-before-char-end": 13181,
      "node-str": "issue"
    },
    {
      "type": "delete-node",
      "node": {
        "label": "org.tigris.scarab.actions.ModifyIssue",
        "type": "TypeAccess"
      },
      "location-before-char-start": 0,
      "location-before-char-end": 0,
      "node-str": "org.tigris.scarab.actions.ModifyIssue"
    },
    {
      "type": "delete-node",
      "node": {
        "label": "data",
        "type": "VariableRead"
      },
      "location-before-char-start": 13205,
      "location-before-char-end": 13208,
      "node-str": "data"
    },
    {
      "type": "delete-node",
      "node": {
        "label": "getParameters",
        "type": "Invocation"
      },
      "location-before-char-start": 13205,
      "location-before-char-end": 13224,
      "node-str": "getParameters"
    },
    {
      "type": "delete-node",
      "node": {
        "label": "getIssueFromRequest",
        "type": "Invocation"
      },
      "location-before-char-start": 13185,
      "location-before-char-end": 13225,
      "node-str": "getIssueFromRequest"
    },
    {
      "type": "delete-node",
      "node": {
        "label": "\u003d",
        "type": "Assignment"
      },
      "location-before-char-start": 13177,
      "location-before-char-end": 13226,
      "node-str": "\u003d"
    },
    {
      "type": "delete-node",
      "node": {
        "label": "org.tigris.scarab.util.ScarabException",
        "type": "VARIABLE_TYPE"
      },
      "location-before-char-start": 0,
      "location-before-char-end": 0,
      "node-str": "org.tigris.scarab.util.ScarabException"
    },
    {
      "type": "delete-node",
      "node": {
        "label": "se",
        "type": "CatchVariable"
      },
      "location-before-char-start": 13253,
      "location-before-char-end": 13270,
      "node-str": "se"
    },
    {
      "type": "delete-node",
      "node": {
        "label": "scarabR",
        "type": "VariableRead"
      },
      "location-before-char-start": 13295,
      "location-before-char-end": 13301,
      "node-str": "scarabR"
    },
    {
      "type": "delete-node",
      "node": {
        "label": "se",
        "type": "VariableRead"
      },
      "location-before-char-start": 13319,
      "location-before-char-end": 13320,
      "node-str": "se"
    },
    {
      "type": "delete-node",
      "node": {
        "label": "getMessage",
        "type": "Invocation"
      },
      "location-before-char-start": 13319,
      "location-before-char-end": 13333,
      "node-str": "getMessage"
    },
    {
      "type": "delete-node",
      "node": {
        "label": "setAlertMessage",
        "type": "Invocation"
      },
      "location-before-char-start": 13295,
      "location-before-char-end": 13335,
      "node-str": "setAlertMessage"
    },
    {
      "type": "delete-node",
      "node": {
        "label": "return",
        "type": "Return"
      },
      "location-before-char-start": 13349,
      "location-before-char-end": 13355,
      "node-str": "return"
    },
    {
      "type": "delete-node",
      "node": {
        "label": "",
        "type": "Catch"
      },
      "location-before-char-start": 13237,
      "location-before-char-end": 13365,
      "node-str": ""
    },
    {
      "type": "delete-node",
      "node": {
        "label": "",
        "type": "Try"
      },
      "location-before-char-start": 13151,
      "location-before-char-end": 13365,
      "node-str": ""
    },
    {
      "type": "delete-node",
      "node": {
        "label": "org.tigris.scarab.om.ScarabUser",
        "type": "VARIABLE_TYPE"
      },
      "location-before-char-start": 0,
      "location-before-char-end": 0,
      "node-str": "org.tigris.scarab.om.ScarabUser"
    },
    {
      "type": "delete-node",
      "node": {
        "label": "data",
        "type": "VariableRead"
      },
      "location-before-char-start": 13405,
      "location-before-char-end": 13408,
      "node-str": "data"
    },
    {
      "type": "delete-node",
      "node": {
        "label": "getUser",
        "type": "Invocation"
      },
      "location-before-char-start": 13393,
      "location-before-char-end": 13418,
      "node-str": "getUser"
    },
    {
      "type": "delete-node",
      "node": {
        "label": "user",
        "type": "LocalVariable"
      },
      "location-before-char-start": 13375,
      "location-before-char-end": 13419,
      "node-str": "user"
    },
    {
      "type": "delete-node",
      "node": {
        "label": "user",
        "type": "VariableRead"
      },
      "location-before-char-start": 13434,
      "location-before-char-end": 13437,
      "node-str": "user"
    },
    {
      "type": "delete-node",
      "node": {
        "label": "ScarabSecurity.ISSUE__EDIT",
        "type": "TypeAccess"
      },
      "location-before-char-start": 13453,
      "location-before-char-end": 13478,
      "node-str": "ScarabSecurity.ISSUE__EDIT"
    },
    {
      "type": "delete-node",
      "node": {
        "label": "issue",
        "type": "VariableRead"
      },
      "location-before-char-start": 13513,
      "location-before-char-end": 13517,
      "node-str": "issue"
    },
    {
      "type": "delete-node",
      "node": {
        "label": "getModule",
        "type": "Invocation"
      },
      "location-before-char-start": 13513,
      "location-before-char-end": 13529,
      "node-str": "getModule"
    },
    {
      "type": "delete-node",
      "node": {
        "label": "hasPermission",
        "type": "Invocation"
      },
      "location-before-char-start": 13434,
      "location-before-char-end": 13530,
      "node-str": "hasPermission"
    },
    {
      "type": "delete-node",
      "node": {
        "label": "NOT",
        "type": "UnaryOperator"
      },
      "location-before-char-start": 13433,
      "location-before-char-end": 13530,
      "node-str": "NOT"
    },
    {
      "type": "delete-node",
      "node": {
        "label": "scarabR",
        "type": "VariableRead"
      },
      "location-before-char-start": 13555,
      "location-before-char-end": 13561,
      "node-str": "scarabR"
    },
    {
      "type": "delete-node",
      "node": {
        "label": "l10n",
        "type": "VariableRead"
      },
      "location-before-char-start": 13579,
      "location-before-char-end": 13582,
      "node-str": "l10n"
    },
    {
      "type": "delete-node",
      "node": {
        "label": "org.tigris.scarab.actions.NO_PERMISSION_MESSAGE",
        "type": "TypeAccess"
      },
      "location-before-char-start": 13588,
      "location-before-char-end": 13608,
      "node-str": "org.tigris.scarab.actions.NO_PERMISSION_MESSAGE"
    },
    {
      "type": "delete-node",
      "node": {
        "label": "get",
        "type": "Invocation"
      },
      "location-before-char-start": 13579,
      "location-before-char-end": 13609,
      "node-str": "get"
    },
    {
      "type": "delete-node",
      "node": {
        "label": "setAlertMessage",
        "type": "Invocation"
      },
      "location-before-char-start": 13555,
      "location-before-char-end": 13611,
      "node-str": "setAlertMessage"
    },
    {
      "type": "delete-node",
      "node": {
        "label": "return",
        "type": "Return"
      },
      "location-before-char-start": 13625,
      "location-before-char-end": 13631,
      "node-str": "return"
    },
    {
      "type": "delete-node",
      "node": {
        "label": "THEN",
        "type": "then"
      },
      "location-before-char-start": 13541,
      "location-before-char-end": 13641,
      "node-str": "THEN"
    },
    {
      "type": "delete-node",
      "node": {
        "label": "if",
        "type": "If"
      },
      "location-before-char-start": 13429,
      "location-before-char-end": 13641,
      "node-str": "if"
    },
    {
      "type": "delete-node",
      "node": {
        "label": "org.apache.turbine.tool.IntakeTool",
        "type": "VARIABLE_TYPE"
      },
      "location-before-char-start": 0,
      "location-before-char-end": 0,
      "node-str": "org.apache.turbine.tool.IntakeTool"
    },
    {
      "type": "delete-node",
      "node": {
        "label": "org.tigris.scarab.actions.ModifyIssue",
        "type": "TypeAccess"
      },
      "location-before-char-start": 0,
      "location-before-char-end": 0,
      "node-str": "org.tigris.scarab.actions.ModifyIssue"
    },
    {
      "type": "delete-node",
      "node": {
        "label": "context",
        "type": "VariableRead"
      },
      "location-before-char-start": 13686,
      "location-before-char-end": 13692,
      "node-str": "context"
    },
    {
      "type": "delete-node",
      "node": {
        "label": "getIntakeTool",
        "type": "Invocation"
      },
      "location-before-char-start": 13672,
      "location-before-char-end": 13693,
      "node-str": "getIntakeTool"
    },
    {
      "type": "delete-node",
      "node": {
        "label": "intake",
        "type": "LocalVariable"
      },
      "location-before-char-start": 13652,
      "location-before-char-end": 13694,
      "node-str": "intake"
    },
    {
      "type": "delete-node",
      "node": {
        "label": "group",
        "type": "VariableRead"
      },
      "location-before-char-start": 13773,
      "location-before-char-end": 13777,
      "node-str": "group"
    },
    {
      "type": "delete-node",
      "node": {
        "label": "null",
        "type": "Literal"
      },
      "location-before-char-start": 13782,
      "location-before-char-end": 13785,
      "node-str": "null"
    },
    {
      "type": "delete-node",
      "node": {
        "label": "NE",
        "type": "BinaryOperator"
      },
      "location-before-char-start": 13773,
      "location-before-char-end": 13785,
      "node-str": "NE"
    },
    {
      "type": "delete-node",
      "node": {
        "label": "org.tigris.scarab.actions.ModifyIssue",
        "type": "TypeAccess"
      },
      "location-before-char-start": 0,
      "location-before-char-end": 0,
      "node-str": "org.tigris.scarab.actions.ModifyIssue"
    },
    {
      "type": "delete-node",
      "node": {
        "label": "data",
        "type": "VariableRead"
      },
      "location-before-char-start": 13828,
      "location-before-char-end": 13831,
      "node-str": "data"
    },
    {
      "type": "delete-node",
      "node": {
        "label": "context",
        "type": "VariableRead"
      },
      "location-before-char-start": 13834,
      "location-before-char-end": 13840,
      "node-str": "context"
    },
    {
      "type": "delete-node",
      "node": {
        "label": "Attachment.URL__PK",
        "type": "TypeAccess"
      },
      "location-before-char-start": 13843,
      "location-before-char-end": 13860,
      "node-str": "Attachment.URL__PK"
    },
    {
      "type": "delete-node",
      "node": {
        "label": "group",
        "type": "VariableRead"
      },
      "location-before-char-start": 13863,
      "location-before-char-end": 13867,
      "node-str": "group"
    },
    {
      "type": "delete-node",
      "node": {
        "label": "issue",
        "type": "VariableRead"
      },
      "location-before-char-start": 13870,
      "location-before-char-end": 13874,
      "node-str": "issue"
    },
    {
      "type": "delete-node",
      "node": {
        "label": "handleAttachment",
        "type": "Invocation"
      },
      "location-before-char-start": 13811,
      "location-before-char-end": 13876,
      "node-str": "handleAttachment"
    },
    {
      "type": "delete-node",
      "node": {
        "label": "THEN",
        "type": "then"
      },
      "location-before-char-start": 13797,
      "location-before-char-end": 13886,
      "node-str": "THEN"
    },
    {
      "type": "delete-node",
      "node": {
        "label": "if",
        "type": "If"
      },
      "location-before-char-start": 13769,
      "location-before-char-end": 13886,
      "node-str": "if"
    },
    {
      "type": "delete-node",
      "node": {
        "label": "doSubmiturl",
        "type": "Method"
      },
      "location-before-char-start": 12826,
      "location-before-char-end": 13892,
      "node-str": "doSubmiturl"
    },
    {
      "type": "delete-node",
      "node": {
        "label": "data",
        "type": "VariableRead"
      },
      "location-before-char-start": 18547,
      "location-before-char-end": 18550,
      "node-str": "data"
    },
    {
      "type": "delete-node",
      "node": {
        "label": "org.apache.turbine.RunData",
        "type": "VARIABLE_TYPE"
      },
      "location-before-char-start": 0,
      "location-before-char-end": 0,
      "node-str": "org.apache.turbine.RunData"
    },
    {
      "type": "delete-node",
      "node": {
        "label": "data",
        "type": "Parameter"
      },
      "location-before-char-start": 20816,
      "location-before-char-end": 20827,
      "node-str": "data"
    },
    {
      "type": "delete-node",
      "node": {
        "label": "data",
        "type": "VariableRead"
      },
      "location-before-char-start": 23075,
      "location-before-char-end": 23078,
      "node-str": "data"
    },
    {
      "type": "delete-node",
      "node": {
        "label": "data",
        "type": "VariableRead"
      },
      "location-before-char-start": 24901,
      "location-before-char-end": 24904,
      "node-str": "data"
    },
    {
      "type": "delete-node",
      "node": {
        "label": "data",
        "type": "VariableRead"
      },
      "location-before-char-start": 26716,
      "location-before-char-end": 26719,
      "node-str": "data"
    },
    {
      "type": "delete-node",
      "node": {
        "label": "data",
        "type": "VariableRead"
      },
      "location-before-char-start": 29406,
      "location-before-char-end": 29409,
      "node-str": "data"
    },
    {
      "type": "delete-node",
      "node": {
        "label": "data",
        "type": "VariableRead"
      },
      "location-before-char-start": 32695,
      "location-before-char-end": 32698,
      "node-str": "data"
    },
    {
      "type": "delete-node",
      "node": {
        "label": "data",
        "type": "VariableRead"
      },
      "location-before-char-start": 32807,
      "location-before-char-end": 32810,
      "node-str": "data"
    }
  ],
  "before-file": {},
  "after-file": {},
  "mapping": {}
}