{
  "tool-info": {},
  "diff": [
    {
      "type": "insert-node",
      "node": {
        "label": "EntityContainer",
        "type": "Class"
      },
      "location-after-char-start": 744,
      "location-after-char-end": 21178,
      "node-str": "EntityContainer"
    },
    {
      "type": "insert-node",
      "node": {
        "label": "public",
        "type": "Modifier"
      },
      "location-after-char-start": 0,
      "location-after-char-end": 0,
      "node-str": "public"
    },
    {
      "type": "insert-node",
      "node": {
        "label": "",
        "type": "TypeReference"
      },
      "location-after-char-start": 1175,
      "location-after-char-end": 1183,
      "node-str": ""
    },
    {
      "type": "insert-node",
      "node": {
        "label": "homeInterface",
        "type": "Field"
      },
      "location-after-char-start": 1250,
      "location-after-char-end": 1460,
      "node-str": "homeInterface"
    },
    {
      "type": "insert-node",
      "node": {
        "label": "remoteInterface",
        "type": "Field"
      },
      "location-after-char-start": 1466,
      "location-after-char-end": 1538,
      "node-str": "remoteInterface"
    },
    {
      "type": "insert-node",
      "node": {
        "label": "homeMapping",
        "type": "Field"
      },
      "location-after-char-start": 1547,
      "location-after-char-end": 1662,
      "node-str": "homeMapping"
    },
    {
      "type": "insert-node",
      "node": {
        "label": "beanMapping",
        "type": "Field"
      },
      "location-after-char-start": 1668,
      "location-after-char-end": 1780,
      "node-str": "beanMapping"
    },
    {
      "type": "insert-node",
      "node": {
        "label": "containerInvoker",
        "type": "Field"
      },
      "location-after-char-start": 1790,
      "location-after-char-end": 1888,
      "node-str": "containerInvoker"
    },
    {
      "type": "insert-node",
      "node": {
        "label": "persistenceManager",
        "type": "Field"
      },
      "location-after-char-start": 1894,
      "location-after-char-end": 2004,
      "node-str": "persistenceManager"
    },
    {
      "type": "insert-node",
      "node": {
        "label": "instanceCache",
        "type": "Field"
      },
      "location-after-char-start": 2010,
      "location-after-char-end": 2099,
      "node-str": "instanceCache"
    },
    {
      "type": "insert-node",
      "node": {
        "label": "instancePool",
        "type": "Field"
      },
      "location-after-char-start": 2105,
      "location-after-char-end": 2190,
      "node-str": "instancePool"
    },
    {
      "type": "insert-node",
      "node": {
        "label": "interceptor",
        "type": "Field"
      },
      "location-after-char-start": 2196,
      "location-after-char-end": 2341,
      "node-str": "interceptor"
    },
    {
      "type": "move-subtree",
      "node": {
        "label": "setContainerInvoker",
        "type": "Method"
      },
      "location-before-char-start": 2347,
      "location-before-char-end": 2628,
      "location-after-char-start": 2347,
      "location-after-char-end": 2628,
      "node-str": "setContainerInvoker"
    },
    {
      "type": "move-subtree",
      "node": {
        "label": "getContainerInvoker",
        "type": "Method"
      },
      "location-before-char-start": 2634,
      "location-before-char-end": 2719,
      "location-after-char-start": 2634,
      "location-after-char-end": 2719,
      "node-str": "getContainerInvoker"
    },
    {
      "type": "move-subtree",
      "node": {
        "label": "setInstancePool",
        "type": "Method"
      },
      "location-before-char-start": 2725,
      "location-before-char-end": 2921,
      "location-after-char-start": 2725,
      "location-after-char-end": 2921,
      "node-str": "setInstancePool"
    },
    {
      "type": "move-subtree",
      "node": {
        "label": "getInstancePool",
        "type": "Method"
      },
      "location-before-char-start": 2927,
      "location-before-char-end": 3000,
      "location-after-char-start": 2927,
      "location-after-char-end": 3000,
      "node-str": "getInstancePool"
    },
    {
      "type": "move-subtree",
      "node": {
        "label": "setInstanceCache",
        "type": "Method"
      },
      "location-before-char-start": 3006,
      "location-before-char-end": 3206,
      "location-after-char-start": 3006,
      "location-after-char-end": 3206,
      "node-str": "setInstanceCache"
    },
    {
      "type": "move-subtree",
      "node": {
        "label": "getInstanceCache",
        "type": "Method"
      },
      "location-before-char-start": 3212,
      "location-before-char-end": 3288,
      "location-after-char-start": 3212,
      "location-after-char-end": 3288,
      "node-str": "getInstanceCache"
    },
    {
      "type": "move-subtree",
      "node": {
        "label": "getPersistenceManager",
        "type": "Method"
      },
      "location-before-char-start": 3294,
      "location-before-char-end": 3391,
      "location-after-char-start": 3294,
      "location-after-char-end": 3391,
      "node-str": "getPersistenceManager"
    },
    {
      "type": "move-subtree",
      "node": {
        "label": "setPersistenceManager",
        "type": "Method"
      },
      "location-before-char-start": 3397,
      "location-before-char-end": 3627,
      "location-after-char-start": 3397,
      "location-after-char-end": 3627,
      "node-str": "setPersistenceManager"
    },
    {
      "type": "move-subtree",
      "node": {
        "label": "addInterceptor",
        "type": "Method"
      },
      "location-before-char-start": 3633,
      "location-before-char-end": 3968,
      "location-after-char-start": 3633,
      "location-after-char-end": 3968,
      "node-str": "addInterceptor"
    },
    {
      "type": "move-subtree",
      "node": {
        "label": "getInterceptor",
        "type": "Method"
      },
      "location-before-char-start": 3974,
      "location-before-char-end": 4044,
      "location-after-char-start": 3974,
      "location-after-char-end": 4044,
      "node-str": "getInterceptor"
    },
    {
      "type": "move-subtree",
      "node": {
        "label": "getHomeClass",
        "type": "Method"
      },
      "location-before-char-start": 4050,
      "location-before-char-end": 4114,
      "location-after-char-start": 4050,
      "location-after-char-end": 4114,
      "node-str": "getHomeClass"
    },
    {
      "type": "move-subtree",
      "node": {
        "label": "getRemoteClass",
        "type": "Method"
      },
      "location-before-char-start": 4120,
      "location-before-char-end": 4188,
      "location-after-char-start": 4120,
      "location-after-char-end": 4188,
      "node-str": "getRemoteClass"
    },
    {
      "type": "insert-node",
      "node": {
        "label": "init",
        "type": "Method"
      },
      "location-after-char-start": 4195,
      "location-after-char-end": 5489,
      "node-str": "init"
    },
    {
      "type": "insert-node",
      "node": {
        "label": "start",
        "type": "Method"
      },
      "location-after-char-start": 5495,
      "location-after-char-end": 6328,
      "node-str": "start"
    },
    {
      "type": "insert-node",
      "node": {
        "label": "stop",
        "type": "Method"
      },
      "location-after-char-start": 6334,
      "location-after-char-end": 7131,
      "node-str": "stop"
    },
    {
      "type": "insert-node",
      "node": {
        "label": "destroy",
        "type": "Method"
      },
      "location-after-char-start": 7137,
      "location-after-char-end": 7971,
      "node-str": "destroy"
    },
    {
      "type": "move-subtree",
      "node": {
        "label": "invokeHome",
        "type": "Method"
      },
      "location-before-char-start": 7824,
      "location-before-char-end": 7944,
      "location-after-char-start": 7977,
      "location-after-char-end": 8097,
      "node-str": "invokeHome"
    },
    {
      "type": "move-subtree",
      "node": {
        "label": "invoke",
        "type": "Method"
      },
      "location-before-char-start": 7950,
      "location-before-char-end": 8099,
      "location-after-char-start": 8103,
      "location-after-char-end": 8252,
      "node-str": "invoke"
    },
    {
      "type": "move-subtree",
      "node": {
        "label": "remove",
        "type": "Method"
      },
      "location-before-char-start": 8105,
      "location-before-char-end": 8520,
      "location-after-char-start": 8258,
      "location-after-char-end": 8673,
      "node-str": "remove"
    },
    {
      "type": "move-subtree",
      "node": {
        "label": "getHandle",
        "type": "Method"
      },
      "location-before-char-start": 8526,
      "location-before-char-end": 8809,
      "location-after-char-start": 8679,
      "location-after-char-end": 8962,
      "node-str": "getHandle"
    },
    {
      "type": "move-subtree",
      "node": {
        "label": "getPrimaryKey",
        "type": "Method"
      },
      "location-before-char-start": 8815,
      "location-before-char-end": 8967,
      "location-after-char-start": 8968,
      "location-after-char-end": 9120,
      "node-str": "getPrimaryKey"
    },
    {
      "type": "insert-node",
      "node": {
        "label": "getEJBHome",
        "type": "Method"
      },
      "location-after-char-start": 9126,
      "location-after-char-end": 9350,
      "node-str": "getEJBHome"
    },
    {
      "type": "move-subtree",
      "node": {
        "label": "isIdentical",
        "type": "Method"
      },
      "location-before-char-start": 9114,
      "location-before-char-end": 9350,
      "location-after-char-start": 9357,
      "location-after-char-end": 9593,
      "node-str": "isIdentical"
    },
    {
      "type": "move-subtree",
      "node": {
        "label": "find",
        "type": "Method"
      },
      "location-before-char-start": 9356,
      "location-before-char-end": 11050,
      "location-after-char-start": 9599,
      "location-after-char-end": 11293,
      "node-str": "find"
    },
    {
      "type": "move-subtree",
      "node": {
        "label": "createHome",
        "type": "Method"
      },
      "location-before-char-start": 11056,
      "location-before-char-end": 11692,
      "location-after-char-start": 11299,
      "location-after-char-end": 11935,
      "node-str": "createHome"
    },
    {
      "type": "move-subtree",
      "node": {
        "label": "getEJBObject",
        "type": "Method"
      },
      "location-before-char-start": 11698,
      "location-before-char-end": 12031,
      "location-after-char-start": 11941,
      "location-after-char-end": 12274,
      "node-str": "getEJBObject"
    },
    {
      "type": "move-subtree",
      "node": {
        "label": "removeHome",
        "type": "Method"
      },
      "location-before-char-start": 12039,
      "location-before-char-end": 12264,
      "location-after-char-start": 12282,
      "location-after-char-end": 12507,
      "node-str": "removeHome"
    },
    {
      "type": "move-subtree",
      "node": {
        "label": "getEJBMetaDataHome",
        "type": "Method"
      },
      "location-before-char-start": 12270,
      "location-before-char-end": 12425,
      "location-after-char-start": 12513,
      "location-after-char-end": 12668,
      "node-str": "getEJBMetaDataHome"
    },
    {
      "type": "move-subtree",
      "node": {
        "label": "getHomeHandleHome",
        "type": "Method"
      },
      "location-before-char-start": 12431,
      "location-before-char-end": 12591,
      "location-after-char-start": 12674,
      "location-after-char-end": 12834,
      "node-str": "getHomeHandleHome"
    },
    {
      "type": "move-subtree",
      "node": {
        "label": "setupHomeMapping",
        "type": "Method"
      },
      "location-before-char-start": 12598,
      "location-before-char-end": 15033,
      "location-after-char-start": 12841,
      "location-after-char-end": 15276,
      "node-str": "setupHomeMapping"
    },
    {
      "type": "move-subtree",
      "node": {
        "label": "setupBeanMapping",
        "type": "Method"
      },
      "location-before-char-start": 15039,
      "location-before-char-end": 15941,
      "location-after-char-start": 15282,
      "location-after-char-end": 16184,
      "node-str": "setupBeanMapping"
    },
    {
      "type": "move-subtree",
      "node": {
        "label": "createContainerInterceptor",
        "type": "Method"
      },
      "location-before-char-start": 15947,
      "location-before-char-end": 16037,
      "location-after-char-start": 16190,
      "location-after-char-end": 16280,
      "node-str": "createContainerInterceptor"
    },
    {
      "type": "move-subtree",
      "node": {
        "label": "ContainerInterceptor",
        "type": "Class"
      },
      "location-before-char-start": 16046,
      "location-before-char-end": 20933,
      "location-after-char-start": 16289,
      "location-after-char-end": 21176,
      "node-str": "ContainerInterceptor"
    },
    {
      "type": "insert-node",
      "node": {
        "label": "org.jboss.ejb.Container",
        "type": "SUPER_TYPE"
      },
      "location-after-char-start": 0,
      "location-after-char-end": 0,
      "node-str": "org.jboss.ejb.Container"
    },
    {
      "type": "insert-node",
      "node": {
        "label": "java.lang.Class",
        "type": "VARIABLE_TYPE"
      },
      "location-after-char-start": 0,
      "location-after-char-end": 0,
      "node-str": "java.lang.Class"
    },
    {
      "type": "insert-node",
      "node": {
        "label": "protected",
        "type": "Modifier"
      },
      "location-after-char-start": 0,
      "location-after-char-end": 0,
      "node-str": "protected"
    },
    {
      "type": "insert-node",
      "node": {
        "label": "java.lang.Class",
        "type": "VARIABLE_TYPE"
      },
      "location-after-char-start": 0,
      "location-after-char-end": 0,
      "node-str": "java.lang.Class"
    },
    {
      "type": "insert-node",
      "node": {
        "label": "protected",
        "type": "Modifier"
      },
      "location-after-char-start": 0,
      "location-after-char-end": 0,
      "node-str": "protected"
    },
    {
      "type": "insert-node",
      "node": {
        "label": "java.util.Map",
        "type": "VARIABLE_TYPE"
      },
      "location-after-char-start": 0,
      "location-after-char-end": 0,
      "node-str": "java.util.Map"
    },
    {
      "type": "insert-node",
      "node": {
        "label": "protected",
        "type": "Modifier"
      },
      "location-after-char-start": 0,
      "location-after-char-end": 0,
      "node-str": "protected"
    },
    {
      "type": "insert-node",
      "node": {
        "label": "java.util.Map",
        "type": "VARIABLE_TYPE"
      },
      "location-after-char-start": 0,
      "location-after-char-end": 0,
      "node-str": "java.util.Map"
    },
    {
      "type": "insert-node",
      "node": {
        "label": "protected",
        "type": "Modifier"
      },
      "location-after-char-start": 0,
      "location-after-char-end": 0,
      "node-str": "protected"
    },
    {
      "type": "insert-node",
      "node": {
        "label": "org.jboss.ejb.ContainerInvoker",
        "type": "VARIABLE_TYPE"
      },
      "location-after-char-start": 0,
      "location-after-char-end": 0,
      "node-str": "org.jboss.ejb.ContainerInvoker"
    },
    {
      "type": "insert-node",
      "node": {
        "label": "protected",
        "type": "Modifier"
      },
      "location-after-char-start": 0,
      "location-after-char-end": 0,
      "node-str": "protected"
    },
    {
      "type": "insert-node",
      "node": {
        "label": "org.jboss.ejb.EntityPersistenceManager",
        "type": "VARIABLE_TYPE"
      },
      "location-after-char-start": 0,
      "location-after-char-end": 0,
      "node-str": "org.jboss.ejb.EntityPersistenceManager"
    },
    {
      "type": "insert-node",
      "node": {
        "label": "protected",
        "type": "Modifier"
      },
      "location-after-char-start": 0,
      "location-after-char-end": 0,
      "node-str": "protected"
    },
    {
      "type": "insert-node",
      "node": {
        "label": "org.jboss.ejb.InstanceCache",
        "type": "VARIABLE_TYPE"
      },
      "location-after-char-start": 0,
      "location-after-char-end": 0,
      "node-str": "org.jboss.ejb.InstanceCache"
    },
    {
      "type": "insert-node",
      "node": {
        "label": "protected",
        "type": "Modifier"
      },
      "location-after-char-start": 0,
      "location-after-char-end": 0,
      "node-str": "protected"
    },
    {
      "type": "insert-node",
      "node": {
        "label": "org.jboss.ejb.InstancePool",
        "type": "VARIABLE_TYPE"
      },
      "location-after-char-start": 0,
      "location-after-char-end": 0,
      "node-str": "org.jboss.ejb.InstancePool"
    },
    {
      "type": "insert-node",
      "node": {
        "label": "protected",
        "type": "Modifier"
      },
      "location-after-char-start": 0,
      "location-after-char-end": 0,
      "node-str": "protected"
    },
    {
      "type": "insert-node",
      "node": {
        "label": "org.jboss.ejb.Interceptor",
        "type": "VARIABLE_TYPE"
      },
      "location-after-char-start": 0,
      "location-after-char-end": 0,
      "node-str": "org.jboss.ejb.Interceptor"
    },
    {
      "type": "insert-node",
      "node": {
        "label": "protected",
        "type": "Modifier"
      },
      "location-after-char-start": 0,
      "location-after-char-end": 0,
      "node-str": "protected"
    },
    {
      "type": "insert-node",
      "node": {
        "label": "void",
        "type": "RETURN_TYPE"
      },
      "location-after-char-start": 0,
      "location-after-char-end": 0,
      "node-str": "void"
    },
    {
      "type": "insert-node",
      "node": {
        "label": "java.lang.Exception",
        "type": "THROWS"
      },
      "location-after-char-start": 0,
      "location-after-char-end": 0,
      "node-str": "java.lang.Exception"
    },
    {
      "type": "insert-node",
      "node": {
        "label": "public",
        "type": "Modifier"
      },
      "location-after-char-start": 0,
      "location-after-char-end": 0,
      "node-str": "public"
    },
    {
      "type": "move-subtree",
      "node": {
        "label": "oldCl",
        "type": "LocalVariable"
      },
      "location-before-char-start": 4358,
      "location-before-char-end": 4424,
      "location-after-char-start": 4358,
      "location-after-char-end": 4424,
      "node-str": "oldCl"
    },
    {
      "type": "move-subtree",
      "node": {
        "label": "setContextClassLoader",
        "type": "Invocation"
      },
      "location-before-char-start": 4432,
      "location-before-char-end": 4494,
      "location-after-char-start": 4432,
      "location-after-char-end": 4494,
      "node-str": "setContextClassLoader"
    },
    {
      "type": "move-subtree",
      "node": {
        "label": "if",
        "type": "If"
      },
      "location-before-char-start": 4536,
      "location-before-char-end": 4634,
      "location-after-char-start": 4536,
      "location-after-char-end": 4634,
      "node-str": "if"
    },
    {
      "type": "move-subtree",
      "node": {
        "label": "if",
        "type": "If"
      },
      "location-before-char-start": 4642,
      "location-before-char-end": 4746,
      "location-after-char-start": 4642,
      "location-after-char-end": 4746,
      "node-str": "if"
    },
    {
      "type": "insert-node",
      "node": {
        "label": "init",
        "type": "Invocation"
      },
      "location-after-char-start": 4782,
      "location-after-char-end": 4794,
      "node-str": "init"
    },
    {
      "type": "insert-node",
      "node": {
        "label": "setupBeanMapping",
        "type": "Invocation"
      },
      "location-after-char-start": 4833,
      "location-after-char-end": 4851,
      "node-str": "setupBeanMapping"
    },
    {
      "type": "insert-node",
      "node": {
        "label": "setupHomeMapping",
        "type": "Invocation"
      },
      "location-after-char-start": 4890,
      "location-after-char-end": 4908,
      "node-str": "setupHomeMapping"
    },
    {
      "type": "insert-node",
      "node": {
        "label": "init",
        "type": "Invocation"
      },
      "location-after-char-start": 4942,
      "location-after-char-end": 4961,
      "node-str": "init"
    },
    {
      "type": "insert-node",
      "node": {
        "label": "if",
        "type": "If"
      },
      "location-after-char-start": 5002,
      "location-after-char-end": 5064,
      "node-str": "if"
    },
    {
      "type": "insert-node",
      "node": {
        "label": "init",
        "type": "Invocation"
      },
      "location-after-char-start": 5102,
      "location-after-char-end": 5122,
      "node-str": "init"
    },
    {
      "type": "insert-node",
      "node": {
        "label": "init",
        "type": "Invocation"
      },
      "location-after-char-start": 5157,
      "location-after-char-end": 5182,
      "node-str": "init"
    },
    {
      "type": "move-subtree",
      "node": {
        "label": "in",
        "type": "LocalVariable"
      },
      "location-before-char-start": 5209,
      "location-before-char-end": 5237,
      "location-after-char-start": 5248,
      "location-after-char-end": 5276,
      "node-str": "in"
    },
    {
      "type": "move-subtree",
      "node": {
        "label": "while",
        "type": "While"
      },
      "location-before-char-start": 5245,
      "location-before-char-end": 5358,
      "location-after-char-start": 5284,
      "location-after-char-end": 5397,
      "node-str": "while"
    },
    {
      "type": "move-subtree",
      "node": {
        "label": "setContextClassLoader",
        "type": "Invocation"
      },
      "location-before-char-start": 5394,
      "location-before-char-end": 5445,
      "location-after-char-start": 5433,
      "location-after-char-end": 5484,
      "node-str": "setContextClassLoader"
    },
    {
      "type": "insert-node",
      "node": {
        "label": "void",
        "type": "RETURN_TYPE"
      },
      "location-after-char-start": 0,
      "location-after-char-end": 0,
      "node-str": "void"
    },
    {
      "type": "insert-node",
      "node": {
        "label": "java.lang.Exception",
        "type": "THROWS"
      },
      "location-after-char-start": 0,
      "location-after-char-end": 0,
      "node-str": "java.lang.Exception"
    },
    {
      "type": "insert-node",
      "node": {
        "label": "public",
        "type": "Modifier"
      },
      "location-after-char-start": 0,
      "location-after-char-end": 0,
      "node-str": "public"
    },
    {
      "type": "move-subtree",
      "node": {
        "label": "oldCl",
        "type": "LocalVariable"
      },
      "location-before-char-start": 5550,
      "location-before-char-end": 5616,
      "location-after-char-start": 5589,
      "location-after-char-end": 5655,
      "node-str": "oldCl"
    },
    {
      "type": "move-subtree",
      "node": {
        "label": "setContextClassLoader",
        "type": "Invocation"
      },
      "location-before-char-start": 5624,
      "location-before-char-end": 5686,
      "location-after-char-start": 5663,
      "location-after-char-end": 5725,
      "node-str": "setContextClassLoader"
    },
    {
      "type": "insert-node",
      "node": {
        "label": "start",
        "type": "Invocation"
      },
      "location-after-char-start": 5762,
      "location-after-char-end": 5775,
      "node-str": "start"
    },
    {
      "type": "insert-node",
      "node": {
        "label": "if",
        "type": "If"
      },
      "location-after-char-start": 5817,
      "location-after-char-end": 5880,
      "node-str": "if"
    },
    {
      "type": "insert-node",
      "node": {
        "label": "start",
        "type": "Invocation"
      },
      "location-after-char-start": 5919,
      "location-after-char-end": 5940,
      "node-str": "start"
    },
    {
      "type": "insert-node",
      "node": {
        "label": "start",
        "type": "Invocation"
      },
      "location-after-char-start": 5976,
      "location-after-char-end": 6002,
      "node-str": "start"
    },
    {
      "type": "insert-node",
      "node": {
        "label": "start",
        "type": "Invocation"
      },
      "location-after-char-start": 6044,
      "location-after-char-end": 6064,
      "node-str": "start"
    },
    {
      "type": "move-subtree",
      "node": {
        "label": "in",
        "type": "LocalVariable"
      },
      "location-before-char-start": 6040,
      "location-before-char-end": 6068,
      "location-after-char-start": 6118,
      "location-after-char-end": 6146,
      "node-str": "in"
    },
    {
      "type": "move-subtree",
      "node": {
        "label": "while",
        "type": "While"
      },
      "location-before-char-start": 6076,
      "location-before-char-end": 6158,
      "location-after-char-start": 6154,
      "location-after-char-end": 6236,
      "node-str": "while"
    },
    {
      "type": "move-subtree",
      "node": {
        "label": "setContextClassLoader",
        "type": "Invocation"
      },
      "location-before-char-start": 6194,
      "location-before-char-end": 6245,
      "location-after-char-start": 6272,
      "location-after-char-end": 6323,
      "node-str": "setContextClassLoader"
    },
    {
      "type": "insert-node",
      "node": {
        "label": "void",
        "type": "RETURN_TYPE"
      },
      "location-after-char-start": 0,
      "location-after-char-end": 0,
      "node-str": "void"
    },
    {
      "type": "insert-node",
      "node": {
        "label": "public",
        "type": "Modifier"
      },
      "location-after-char-start": 0,
      "location-after-char-end": 0,
      "node-str": "public"
    },
    {
      "type": "move-subtree",
      "node": {
        "label": "oldCl",
        "type": "LocalVariable"
      },
      "location-before-char-start": 6329,
      "location-before-char-end": 6395,
      "location-after-char-start": 6407,
      "location-after-char-end": 6473,
      "node-str": "oldCl"
    },
    {
      "type": "move-subtree",
      "node": {
        "label": "setContextClassLoader",
        "type": "Invocation"
      },
      "location-before-char-start": 6403,
      "location-before-char-end": 6465,
      "location-after-char-start": 6481,
      "location-after-char-end": 6543,
      "node-str": "setContextClassLoader"
    },
    {
      "type": "insert-node",
      "node": {
        "label": "stop",
        "type": "Invocation"
      },
      "location-after-char-start": 6579,
      "location-after-char-end": 6591,
      "node-str": "stop"
    },
    {
      "type": "insert-node",
      "node": {
        "label": "if",
        "type": "If"
      },
      "location-after-char-start": 6632,
      "location-after-char-end": 6691,
      "node-str": "if"
    },
    {
      "type": "insert-node",
      "node": {
        "label": "stop",
        "type": "Invocation"
      },
      "location-after-char-start": 6729,
      "location-after-char-end": 6749,
      "node-str": "stop"
    },
    {
      "type": "insert-node",
      "node": {
        "label": "stop",
        "type": "Invocation"
      },
      "location-after-char-start": 6784,
      "location-after-char-end": 6809,
      "node-str": "stop"
    },
    {
      "type": "insert-node",
      "node": {
        "label": "stop",
        "type": "Invocation"
      },
      "location-after-char-start": 6850,
      "location-after-char-end": 6869,
      "node-str": "stop"
    },
    {
      "type": "move-subtree",
      "node": {
        "label": "in",
        "type": "LocalVariable"
      },
      "location-before-char-start": 6808,
      "location-before-char-end": 6836,
      "location-after-char-start": 6922,
      "location-after-char-end": 6950,
      "node-str": "in"
    },
    {
      "type": "move-subtree",
      "node": {
        "label": "while",
        "type": "While"
      },
      "location-before-char-start": 6844,
      "location-before-char-end": 6925,
      "location-after-char-start": 6958,
      "location-after-char-end": 7039,
      "node-str": "while"
    },
    {
      "type": "move-subtree",
      "node": {
        "label": "setContextClassLoader",
        "type": "Invocation"
      },
      "location-before-char-start": 6961,
      "location-before-char-end": 7012,
      "location-after-char-start": 7075,
      "location-after-char-end": 7126,
      "node-str": "setContextClassLoader"
    },
    {
      "type": "insert-node",
      "node": {
        "label": "void",
        "type": "RETURN_TYPE"
      },
      "location-after-char-start": 0,
      "location-after-char-end": 0,
      "node-str": "void"
    },
    {
      "type": "insert-node",
      "node": {
        "label": "public",
        "type": "Modifier"
      },
      "location-after-char-start": 0,
      "location-after-char-end": 0,
      "node-str": "public"
    },
    {
      "type": "move-subtree",
      "node": {
        "label": "oldCl",
        "type": "LocalVariable"
      },
      "location-before-char-start": 7099,
      "location-before-char-end": 7165,
      "location-after-char-start": 7213,
      "location-after-char-end": 7279,
      "node-str": "oldCl"
    },
    {
      "type": "move-subtree",
      "node": {
        "label": "setContextClassLoader",
        "type": "Invocation"
      },
      "location-before-char-start": 7173,
      "location-before-char-end": 7235,
      "location-after-char-start": 7287,
      "location-after-char-end": 7349,
      "node-str": "setContextClassLoader"
    },
    {
      "type": "insert-node",
      "node": {
        "label": "destroy",
        "type": "Invocation"
      },
      "location-after-char-start": 7388,
      "location-after-char-end": 7403,
      "node-str": "destroy"
    },
    {
      "type": "insert-node",
      "node": {
        "label": "if",
        "type": "If"
      },
      "location-after-char-start": 7447,
      "location-after-char-end": 7512,
      "node-str": "if"
    },
    {
      "type": "insert-node",
      "node": {
        "label": "destroy",
        "type": "Invocation"
      },
      "location-after-char-start": 7553,
      "location-after-char-end": 7576,
      "node-str": "destroy"
    },
    {
      "type": "insert-node",
      "node": {
        "label": "destroy",
        "type": "Invocation"
      },
      "location-after-char-start": 7614,
      "location-after-char-end": 7642,
      "node-str": "destroy"
    },
    {
      "type": "insert-node",
      "node": {
        "label": "destroy",
        "type": "Invocation"
      },
      "location-after-char-start": 7677,
      "location-after-char-end": 7699,
      "node-str": "destroy"
    },
    {
      "type": "move-subtree",
      "node": {
        "label": "in",
        "type": "LocalVariable"
      },
      "location-before-char-start": 7606,
      "location-before-char-end": 7634,
      "location-after-char-start": 7759,
      "location-after-char-end": 7787,
      "node-str": "in"
    },
    {
      "type": "move-subtree",
      "node": {
        "label": "while",
        "type": "While"
      },
      "location-before-char-start": 7642,
      "location-before-char-end": 7726,
      "location-after-char-start": 7795,
      "location-after-char-end": 7879,
      "node-str": "while"
    },
    {
      "type": "move-subtree",
      "node": {
        "label": "setContextClassLoader",
        "type": "Invocation"
      },
      "location-before-char-start": 7762,
      "location-before-char-end": 7813,
      "location-after-char-start": 7915,
      "location-after-char-end": 7966,
      "node-str": "setContextClassLoader"
    },
    {
      "type": "insert-node",
      "node": {
        "label": "javax.ejb.EJBHome",
        "type": "RETURN_TYPE"
      },
      "location-after-char-start": 0,
      "location-after-char-end": 0,
      "node-str": "javax.ejb.EJBHome"
    },
    {
      "type": "insert-node",
      "node": {
        "label": "java.rmi.RemoteException",
        "type": "THROWS"
      },
      "location-after-char-start": 0,
      "location-after-char-end": 0,
      "node-str": "java.rmi.RemoteException"
    },
    {
      "type": "insert-node",
      "node": {
        "label": "public",
        "type": "Modifier"
      },
      "location-after-char-start": 0,
      "location-after-char-end": 0,
      "node-str": "public"
    },
    {
      "type": "insert-node",
      "node": {
        "label": "mi",
        "type": "Parameter"
      },
      "location-after-char-start": 9152,
      "location-after-char-end": 9170,
      "node-str": "mi"
    },
    {
      "type": "insert-node",
      "node": {
        "label": "if",
        "type": "If"
      },
      "location-after-char-start": 9219,
      "location-after-char-end": 9301,
      "node-str": "if"
    },
    {
      "type": "move-subtree",
      "node": {
        "label": "return",
        "type": "Return"
      },
      "location-before-char-start": 9066,
      "location-before-char-end": 9102,
      "location-after-char-start": 9309,
      "location-after-char-end": 9345,
      "node-str": "return"
    },
    {
      "type": "insert-node",
      "node": {
        "label": "super",
        "type": "SuperAccess"
      },
      "location-after-char-start": 4782,
      "location-after-char-end": 4786,
      "node-str": "super"
    },
    {
      "type": "insert-node",
      "node": {
        "label": "org.jboss.ejb.EntityContainer",
        "type": "TypeAccess"
      },
      "location-after-char-start": 0,
      "location-after-char-end": 0,
      "node-str": "org.jboss.ejb.EntityContainer"
    },
    {
      "type": "insert-node",
      "node": {
        "label": "org.jboss.ejb.EntityContainer",
        "type": "TypeAccess"
      },
      "location-after-char-start": 0,
      "location-after-char-end": 0,
      "node-str": "org.jboss.ejb.EntityContainer"
    },
    {
      "type": "insert-node",
      "node": {
        "label": "instancePool",
        "type": "FieldRead"
      },
      "location-after-char-start": 4942,
      "location-after-char-end": 4953,
      "node-str": "instancePool"
    },
    {
      "type": "insert-node",
      "node": {
        "label": "NE",
        "type": "BinaryOperator"
      },
      "location-after-char-start": 5006,
      "location-after-char-end": 5029,
      "node-str": "NE"
    },
    {
      "type": "insert-node",
      "node": {
        "label": "THEN",
        "type": "then"
      },
      "location-after-char-start": 5041,
      "location-after-char-end": 5064,
      "node-str": "THEN"
    },
    {
      "type": "insert-node",
      "node": {
        "label": "instanceCache",
        "type": "FieldRead"
      },
      "location-after-char-start": 5102,
      "location-after-char-end": 5114,
      "node-str": "instanceCache"
    },
    {
      "type": "insert-node",
      "node": {
        "label": "persistenceManager",
        "type": "FieldRead"
      },
      "location-after-char-start": 5157,
      "location-after-char-end": 5174,
      "node-str": "persistenceManager"
    },
    {
      "type": "insert-node",
      "node": {
        "label": "super",
        "type": "SuperAccess"
      },
      "location-after-char-start": 5762,
      "location-after-char-end": 5766,
      "node-str": "super"
    },
    {
      "type": "insert-node",
      "node": {
        "label": "NE",
        "type": "BinaryOperator"
      },
      "location-after-char-start": 5821,
      "location-after-char-end": 5844,
      "node-str": "NE"
    },
    {
      "type": "insert-node",
      "node": {
        "label": "THEN",
        "type": "then"
      },
      "location-after-char-start": 5856,
      "location-after-char-end": 5880,
      "node-str": "THEN"
    },
    {
      "type": "insert-node",
      "node": {
        "label": "instanceCache",
        "type": "FieldRead"
      },
      "location-after-char-start": 5919,
      "location-after-char-end": 5931,
      "node-str": "instanceCache"
    },
    {
      "type": "insert-node",
      "node": {
        "label": "persistenceManager",
        "type": "FieldRead"
      },
      "location-after-char-start": 5976,
      "location-after-char-end": 5993,
      "node-str": "persistenceManager"
    },
    {
      "type": "insert-node",
      "node": {
        "label": "instancePool",
        "type": "FieldRead"
      },
      "location-after-char-start": 6044,
      "location-after-char-end": 6055,
      "node-str": "instancePool"
    },
    {
      "type": "insert-node",
      "node": {
        "label": "super",
        "type": "SuperAccess"
      },
      "location-after-char-start": 6579,
      "location-after-char-end": 6583,
      "node-str": "super"
    },
    {
      "type": "insert-node",
      "node": {
        "label": "NE",
        "type": "BinaryOperator"
      },
      "location-after-char-start": 6636,
      "location-after-char-end": 6659,
      "node-str": "NE"
    },
    {
      "type": "insert-node",
      "node": {
        "label": "THEN",
        "type": "then"
      },
      "location-after-char-start": 6668,
      "location-after-char-end": 6691,
      "node-str": "THEN"
    },
    {
      "type": "insert-node",
      "node": {
        "label": "instanceCache",
        "type": "FieldRead"
      },
      "location-after-char-start": 6729,
      "location-after-char-end": 6741,
      "node-str": "instanceCache"
    },
    {
      "type": "insert-node",
      "node": {
        "label": "persistenceManager",
        "type": "FieldRead"
      },
      "location-after-char-start": 6784,
      "location-after-char-end": 6801,
      "node-str": "persistenceManager"
    },
    {
      "type": "insert-node",
      "node": {
        "label": "instancePool",
        "type": "FieldRead"
      },
      "location-after-char-start": 6850,
      "location-after-char-end": 6861,
      "node-str": "instancePool"
    },
    {
      "type": "insert-node",
      "node": {
        "label": "super",
        "type": "SuperAccess"
      },
      "location-after-char-start": 7388,
      "location-after-char-end": 7392,
      "node-str": "super"
    },
    {
      "type": "insert-node",
      "node": {
        "label": "NE",
        "type": "BinaryOperator"
      },
      "location-after-char-start": 7451,
      "location-after-char-end": 7474,
      "node-str": "NE"
    },
    {
      "type": "insert-node",
      "node": {
        "label": "THEN",
        "type": "then"
      },
      "location-after-char-start": 7486,
      "location-after-char-end": 7512,
      "node-str": "THEN"
    },
    {
      "type": "insert-node",
      "node": {
        "label": "instanceCache",
        "type": "FieldRead"
      },
      "location-after-char-start": 7553,
      "location-after-char-end": 7565,
      "node-str": "instanceCache"
    },
    {
      "type": "insert-node",
      "node": {
        "label": "persistenceManager",
        "type": "FieldRead"
      },
      "location-after-char-start": 7614,
      "location-after-char-end": 7631,
      "node-str": "persistenceManager"
    },
    {
      "type": "insert-node",
      "node": {
        "label": "instancePool",
        "type": "FieldRead"
      },
      "location-after-char-start": 7677,
      "location-after-char-end": 7688,
      "node-str": "instancePool"
    },
    {
      "type": "insert-node",
      "node": {
        "label": "org.jboss.ejb.MethodInvocation",
        "type": "VARIABLE_TYPE"
      },
      "location-after-char-start": 0,
      "location-after-char-end": 0,
      "node-str": "org.jboss.ejb.MethodInvocation"
    },
    {
      "type": "insert-node",
      "node": {
        "label": "EQ",
        "type": "BinaryOperator"
      },
      "location-after-char-start": 9223,
      "location-after-char-end": 9246,
      "node-str": "EQ"
    },
    {
      "type": "insert-node",
      "node": {
        "label": "THEN",
        "type": "then"
      },
      "location-after-char-start": 9258,
      "location-after-char-end": 9301,
      "node-str": "THEN"
    },
    {
      "type": "insert-node",
      "node": {
        "label": "org.jboss.ejb.EntityContainer",
        "type": "TypeAccess"
      },
      "location-after-char-start": 0,
      "location-after-char-end": 0,
      "node-str": "org.jboss.ejb.EntityContainer"
    },
    {
      "type": "insert-node",
      "node": {
        "label": "containerInvoker",
        "type": "FieldRead"
      },
      "location-after-char-start": 5006,
      "location-after-char-end": 5021,
      "node-str": "containerInvoker"
    },
    {
      "type": "insert-node",
      "node": {
        "label": "null",
        "type": "Literal"
      },
      "location-after-char-start": 5026,
      "location-after-char-end": 5029,
      "node-str": "null"
    },
    {
      "type": "insert-node",
      "node": {
        "label": "init",
        "type": "Invocation"
      },
      "location-after-char-start": 5041,
      "location-after-char-end": 5064,
      "node-str": "init"
    },
    {
      "type": "insert-node",
      "node": {
        "label": "org.jboss.ejb.EntityContainer",
        "type": "TypeAccess"
      },
      "location-after-char-start": 0,
      "location-after-char-end": 0,
      "node-str": "org.jboss.ejb.EntityContainer"
    },
    {
      "type": "insert-node",
      "node": {
        "label": "org.jboss.ejb.EntityContainer",
        "type": "TypeAccess"
      },
      "location-after-char-start": 0,
      "location-after-char-end": 0,
      "node-str": "org.jboss.ejb.EntityContainer"
    },
    {
      "type": "insert-node",
      "node": {
        "label": "containerInvoker",
        "type": "FieldRead"
      },
      "location-after-char-start": 5821,
      "location-after-char-end": 5836,
      "node-str": "containerInvoker"
    },
    {
      "type": "insert-node",
      "node": {
        "label": "null",
        "type": "Literal"
      },
      "location-after-char-start": 5841,
      "location-after-char-end": 5844,
      "node-str": "null"
    },
    {
      "type": "insert-node",
      "node": {
        "label": "start",
        "type": "Invocation"
      },
      "location-after-char-start": 5856,
      "location-after-char-end": 5880,
      "node-str": "start"
    },
    {
      "type": "insert-node",
      "node": {
        "label": "org.jboss.ejb.EntityContainer",
        "type": "TypeAccess"
      },
      "location-after-char-start": 0,
      "location-after-char-end": 0,
      "node-str": "org.jboss.ejb.EntityContainer"
    },
    {
      "type": "insert-node",
      "node": {
        "label": "org.jboss.ejb.EntityContainer",
        "type": "TypeAccess"
      },
      "location-after-char-start": 0,
      "location-after-char-end": 0,
      "node-str": "org.jboss.ejb.EntityContainer"
    },
    {
      "type": "insert-node",
      "node": {
        "label": "org.jboss.ejb.EntityContainer",
        "type": "TypeAccess"
      },
      "location-after-char-start": 0,
      "location-after-char-end": 0,
      "node-str": "org.jboss.ejb.EntityContainer"
    },
    {
      "type": "insert-node",
      "node": {
        "label": "containerInvoker",
        "type": "FieldRead"
      },
      "location-after-char-start": 6636,
      "location-after-char-end": 6651,
      "node-str": "containerInvoker"
    },
    {
      "type": "insert-node",
      "node": {
        "label": "null",
        "type": "Literal"
      },
      "location-after-char-start": 6656,
      "location-after-char-end": 6659,
      "node-str": "null"
    },
    {
      "type": "insert-node",
      "node": {
        "label": "stop",
        "type": "Invocation"
      },
      "location-after-char-start": 6668,
      "location-after-char-end": 6691,
      "node-str": "stop"
    },
    {
      "type": "insert-node",
      "node": {
        "label": "org.jboss.ejb.EntityContainer",
        "type": "TypeAccess"
      },
      "location-after-char-start": 0,
      "location-after-char-end": 0,
      "node-str": "org.jboss.ejb.EntityContainer"
    },
    {
      "type": "insert-node",
      "node": {
        "label": "org.jboss.ejb.EntityContainer",
        "type": "TypeAccess"
      },
      "location-after-char-start": 0,
      "location-after-char-end": 0,
      "node-str": "org.jboss.ejb.EntityContainer"
    },
    {
      "type": "insert-node",
      "node": {
        "label": "org.jboss.ejb.EntityContainer",
        "type": "TypeAccess"
      },
      "location-after-char-start": 0,
      "location-after-char-end": 0,
      "node-str": "org.jboss.ejb.EntityContainer"
    },
    {
      "type": "insert-node",
      "node": {
        "label": "containerInvoker",
        "type": "FieldRead"
      },
      "location-after-char-start": 7451,
      "location-after-char-end": 7466,
      "node-str": "containerInvoker"
    },
    {
      "type": "insert-node",
      "node": {
        "label": "null",
        "type": "Literal"
      },
      "location-after-char-start": 7471,
      "location-after-char-end": 7474,
      "node-str": "null"
    },
    {
      "type": "insert-node",
      "node": {
        "label": "destroy",
        "type": "Invocation"
      },
      "location-after-char-start": 7486,
      "location-after-char-end": 7512,
      "node-str": "destroy"
    },
    {
      "type": "insert-node",
      "node": {
        "label": "org.jboss.ejb.EntityContainer",
        "type": "TypeAccess"
      },
      "location-after-char-start": 0,
      "location-after-char-end": 0,
      "node-str": "org.jboss.ejb.EntityContainer"
    },
    {
      "type": "insert-node",
      "node": {
        "label": "org.jboss.ejb.EntityContainer",
        "type": "TypeAccess"
      },
      "location-after-char-start": 0,
      "location-after-char-end": 0,
      "node-str": "org.jboss.ejb.EntityContainer"
    },
    {
      "type": "insert-node",
      "node": {
        "label": "org.jboss.ejb.EntityContainer",
        "type": "TypeAccess"
      },
      "location-after-char-start": 0,
      "location-after-char-end": 0,
      "node-str": "org.jboss.ejb.EntityContainer"
    },
    {
      "type": "insert-node",
      "node": {
        "label": "containerInvoker",
        "type": "FieldRead"
      },
      "location-after-char-start": 9223,
      "location-after-char-end": 9238,
      "node-str": "containerInvoker"
    },
    {
      "type": "insert-node",
      "node": {
        "label": "null",
        "type": "Literal"
      },
      "location-after-char-start": 9243,
      "location-after-char-end": 9246,
      "node-str": "null"
    },
    {
      "type": "insert-node",
      "node": {
        "label": "",
        "type": "Throw"
      },
      "location-after-char-start": 9258,
      "location-after-char-end": 9301,
      "node-str": ""
    },
    {
      "type": "insert-node",
      "node": {
        "label": "org.jboss.ejb.EntityContainer",
        "type": "TypeAccess"
      },
      "location-after-char-start": 0,
      "location-after-char-end": 0,
      "node-str": "org.jboss.ejb.EntityContainer"
    },
    {
      "type": "insert-node",
      "node": {
        "label": "containerInvoker",
        "type": "FieldRead"
      },
      "location-after-char-start": 5041,
      "location-after-char-end": 5056,
      "node-str": "containerInvoker"
    },
    {
      "type": "insert-node",
      "node": {
        "label": "org.jboss.ejb.EntityContainer",
        "type": "TypeAccess"
      },
      "location-after-char-start": 0,
      "location-after-char-end": 0,
      "node-str": "org.jboss.ejb.EntityContainer"
    },
    {
      "type": "insert-node",
      "node": {
        "label": "containerInvoker",
        "type": "FieldRead"
      },
      "location-after-char-start": 5856,
      "location-after-char-end": 5871,
      "node-str": "containerInvoker"
    },
    {
      "type": "insert-node",
      "node": {
        "label": "org.jboss.ejb.EntityContainer",
        "type": "TypeAccess"
      },
      "location-after-char-start": 0,
      "location-after-char-end": 0,
      "node-str": "org.jboss.ejb.EntityContainer"
    },
    {
      "type": "insert-node",
      "node": {
        "label": "containerInvoker",
        "type": "FieldRead"
      },
      "location-after-char-start": 6668,
      "location-after-char-end": 6683,
      "node-str": "containerInvoker"
    },
    {
      "type": "insert-node",
      "node": {
        "label": "org.jboss.ejb.EntityContainer",
        "type": "TypeAccess"
      },
      "location-after-char-start": 0,
      "location-after-char-end": 0,
      "node-str": "org.jboss.ejb.EntityContainer"
    },
    {
      "type": "insert-node",
      "node": {
        "label": "containerInvoker",
        "type": "FieldRead"
      },
      "location-after-char-start": 7486,
      "location-after-char-end": 7501,
      "node-str": "containerInvoker"
    },
    {
      "type": "insert-node",
      "node": {
        "label": "org.jboss.ejb.EntityContainer",
        "type": "TypeAccess"
      },
      "location-after-char-start": 0,
      "location-after-char-end": 0,
      "node-str": "org.jboss.ejb.EntityContainer"
    },
    {
      "type": "insert-node",
      "node": {
        "label": "java.lang.IllegalStateException()",
        "type": "ConstructorCall"
      },
      "location-after-char-start": 9264,
      "location-after-char-end": 9300,
      "node-str": "java.lang.IllegalStateException()"
    },
    {
      "type": "insert-node",
      "node": {
        "label": "org.jboss.ejb.EntityContainer",
        "type": "TypeAccess"
      },
      "location-after-char-start": 0,
      "location-after-char-end": 0,
      "node-str": "org.jboss.ejb.EntityContainer"
    },
    {
      "type": "insert-node",
      "node": {
        "label": "org.jboss.ejb.EntityContainer",
        "type": "TypeAccess"
      },
      "location-after-char-start": 0,
      "location-after-char-end": 0,
      "node-str": "org.jboss.ejb.EntityContainer"
    },
    {
      "type": "insert-node",
      "node": {
        "label": "org.jboss.ejb.EntityContainer",
        "type": "TypeAccess"
      },
      "location-after-char-start": 0,
      "location-after-char-end": 0,
      "node-str": "org.jboss.ejb.EntityContainer"
    },
    {
      "type": "insert-node",
      "node": {
        "label": "org.jboss.ejb.EntityContainer",
        "type": "TypeAccess"
      },
      "location-after-char-start": 0,
      "location-after-char-end": 0,
      "node-str": "org.jboss.ejb.EntityContainer"
    },
    {
      "type": "delete-node",
      "node": {
        "label": "public",
        "type": "Modifier"
      },
      "location-before-char-start": 0,
      "location-before-char-end": 0,
      "node-str": "public"
    },
    {
      "type": "delete-node",
      "node": {
        "label": "org.jboss.ejb.Container",
        "type": "SUPER_TYPE"
      },
      "location-before-char-start": 0,
      "location-before-char-end": 0,
      "node-str": "org.jboss.ejb.Container"
    },
    {
      "type": "delete-node",
      "node": {
        "label": "",
        "type": "TypeReference"
      },
      "location-before-char-start": 1175,
      "location-before-char-end": 1183,
      "node-str": ""
    },
    {
      "type": "delete-node",
      "node": {
        "label": "java.lang.Class",
        "type": "VARIABLE_TYPE"
      },
      "location-before-char-start": 0,
      "location-before-char-end": 0,
      "node-str": "java.lang.Class"
    },
    {
      "type": "delete-node",
      "node": {
        "label": "protected",
        "type": "Modifier"
      },
      "location-before-char-start": 0,
      "location-before-char-end": 0,
      "node-str": "protected"
    },
    {
      "type": "delete-node",
      "node": {
        "label": "homeInterface",
        "type": "Field"
      },
      "location-before-char-start": 1250,
      "location-before-char-end": 1460,
      "node-str": "homeInterface"
    },
    {
      "type": "delete-node",
      "node": {
        "label": "java.lang.Class",
        "type": "VARIABLE_TYPE"
      },
      "location-before-char-start": 0,
      "location-before-char-end": 0,
      "node-str": "java.lang.Class"
    },
    {
      "type": "delete-node",
      "node": {
        "label": "protected",
        "type": "Modifier"
      },
      "location-before-char-start": 0,
      "location-before-char-end": 0,
      "node-str": "protected"
    },
    {
      "type": "delete-node",
      "node": {
        "label": "remoteInterface",
        "type": "Field"
      },
      "location-before-char-start": 1466,
      "location-before-char-end": 1538,
      "node-str": "remoteInterface"
    },
    {
      "type": "delete-node",
      "node": {
        "label": "java.util.Map",
        "type": "VARIABLE_TYPE"
      },
      "location-before-char-start": 0,
      "location-before-char-end": 0,
      "node-str": "java.util.Map"
    },
    {
      "type": "delete-node",
      "node": {
        "label": "protected",
        "type": "Modifier"
      },
      "location-before-char-start": 0,
      "location-before-char-end": 0,
      "node-str": "protected"
    },
    {
      "type": "delete-node",
      "node": {
        "label": "homeMapping",
        "type": "Field"
      },
      "location-before-char-start": 1547,
      "location-before-char-end": 1662,
      "node-str": "homeMapping"
    },
    {
      "type": "delete-node",
      "node": {
        "label": "java.util.Map",
        "type": "VARIABLE_TYPE"
      },
      "location-before-char-start": 0,
      "location-before-char-end": 0,
      "node-str": "java.util.Map"
    },
    {
      "type": "delete-node",
      "node": {
        "label": "protected",
        "type": "Modifier"
      },
      "location-before-char-start": 0,
      "location-before-char-end": 0,
      "node-str": "protected"
    },
    {
      "type": "delete-node",
      "node": {
        "label": "beanMapping",
        "type": "Field"
      },
      "location-before-char-start": 1668,
      "location-before-char-end": 1780,
      "node-str": "beanMapping"
    },
    {
      "type": "delete-node",
      "node": {
        "label": "org.jboss.ejb.ContainerInvoker",
        "type": "VARIABLE_TYPE"
      },
      "location-before-char-start": 0,
      "location-before-char-end": 0,
      "node-str": "org.jboss.ejb.ContainerInvoker"
    },
    {
      "type": "delete-node",
      "node": {
        "label": "protected",
        "type": "Modifier"
      },
      "location-before-char-start": 0,
      "location-before-char-end": 0,
      "node-str": "protected"
    },
    {
      "type": "delete-node",
      "node": {
        "label": "containerInvoker",
        "type": "Field"
      },
      "location-before-char-start": 1790,
      "location-before-char-end": 1888,
      "node-str": "containerInvoker"
    },
    {
      "type": "delete-node",
      "node": {
        "label": "org.jboss.ejb.EntityPersistenceManager",
        "type": "VARIABLE_TYPE"
      },
      "location-before-char-start": 0,
      "location-before-char-end": 0,
      "node-str": "org.jboss.ejb.EntityPersistenceManager"
    },
    {
      "type": "delete-node",
      "node": {
        "label": "protected",
        "type": "Modifier"
      },
      "location-before-char-start": 0,
      "location-before-char-end": 0,
      "node-str": "protected"
    },
    {
      "type": "delete-node",
      "node": {
        "label": "persistenceManager",
        "type": "Field"
      },
      "location-before-char-start": 1894,
      "location-before-char-end": 2004,
      "node-str": "persistenceManager"
    },
    {
      "type": "delete-node",
      "node": {
        "label": "org.jboss.ejb.InstanceCache",
        "type": "VARIABLE_TYPE"
      },
      "location-before-char-start": 0,
      "location-before-char-end": 0,
      "node-str": "org.jboss.ejb.InstanceCache"
    },
    {
      "type": "delete-node",
      "node": {
        "label": "protected",
        "type": "Modifier"
      },
      "location-before-char-start": 0,
      "location-before-char-end": 0,
      "node-str": "protected"
    },
    {
      "type": "delete-node",
      "node": {
        "label": "instanceCache",
        "type": "Field"
      },
      "location-before-char-start": 2010,
      "location-before-char-end": 2099,
      "node-str": "instanceCache"
    },
    {
      "type": "delete-node",
      "node": {
        "label": "org.jboss.ejb.InstancePool",
        "type": "VARIABLE_TYPE"
      },
      "location-before-char-start": 0,
      "location-before-char-end": 0,
      "node-str": "org.jboss.ejb.InstancePool"
    },
    {
      "type": "delete-node",
      "node": {
        "label": "protected",
        "type": "Modifier"
      },
      "location-before-char-start": 0,
      "location-before-char-end": 0,
      "node-str": "protected"
    },
    {
      "type": "delete-node",
      "node": {
        "label": "instancePool",
        "type": "Field"
      },
      "location-before-char-start": 2105,
      "location-before-char-end": 2190,
      "node-str": "instancePool"
    },
    {
      "type": "delete-node",
      "node": {
        "label": "org.jboss.ejb.Interceptor",
        "type": "VARIABLE_TYPE"
      },
      "location-before-char-start": 0,
      "location-before-char-end": 0,
      "node-str": "org.jboss.ejb.Interceptor"
    },
    {
      "type": "delete-node",
      "node": {
        "label": "protected",
        "type": "Modifier"
      },
      "location-before-char-start": 0,
      "location-before-char-end": 0,
      "node-str": "protected"
    },
    {
      "type": "delete-node",
      "node": {
        "label": "interceptor",
        "type": "Field"
      },
      "location-before-char-start": 2196,
      "location-before-char-end": 2341,
      "node-str": "interceptor"
    },
    {
      "type": "delete-node",
      "node": {
        "label": "void",
        "type": "RETURN_TYPE"
      },
      "location-before-char-start": 0,
      "location-before-char-end": 0,
      "node-str": "void"
    },
    {
      "type": "delete-node",
      "node": {
        "label": "java.lang.Exception",
        "type": "THROWS"
      },
      "location-before-char-start": 0,
      "location-before-char-end": 0,
      "node-str": "java.lang.Exception"
    },
    {
      "type": "delete-node",
      "node": {
        "label": "public",
        "type": "Modifier"
      },
      "location-before-char-start": 0,
      "location-before-char-end": 0,
      "node-str": "public"
    },
    {
      "type": "delete-node",
      "node": {
        "label": "super",
        "type": "SuperAccess"
      },
      "location-before-char-start": 4782,
      "location-before-char-end": 4786,
      "node-str": "super"
    },
    {
      "type": "delete-node",
      "node": {
        "label": "init",
        "type": "Invocation"
      },
      "location-before-char-start": 4782,
      "location-before-char-end": 4794,
      "node-str": "init"
    },
    {
      "type": "delete-node",
      "node": {
        "label": "org.jboss.ejb.EntityContainer",
        "type": "TypeAccess"
      },
      "location-before-char-start": 0,
      "location-before-char-end": 0,
      "node-str": "org.jboss.ejb.EntityContainer"
    },
    {
      "type": "delete-node",
      "node": {
        "label": "setupBeanMapping",
        "type": "Invocation"
      },
      "location-before-char-start": 4833,
      "location-before-char-end": 4851,
      "node-str": "setupBeanMapping"
    },
    {
      "type": "delete-node",
      "node": {
        "label": "org.jboss.ejb.EntityContainer",
        "type": "TypeAccess"
      },
      "location-before-char-start": 0,
      "location-before-char-end": 0,
      "node-str": "org.jboss.ejb.EntityContainer"
    },
    {
      "type": "delete-node",
      "node": {
        "label": "setupHomeMapping",
        "type": "Invocation"
      },
      "location-before-char-start": 4890,
      "location-before-char-end": 4908,
      "node-str": "setupHomeMapping"
    },
    {
      "type": "delete-node",
      "node": {
        "label": "org.jboss.ejb.EntityContainer",
        "type": "TypeAccess"
      },
      "location-before-char-start": 0,
      "location-before-char-end": 0,
      "node-str": "org.jboss.ejb.EntityContainer"
    },
    {
      "type": "delete-node",
      "node": {
        "label": "instancePool",
        "type": "FieldRead"
      },
      "location-before-char-start": 4942,
      "location-before-char-end": 4953,
      "node-str": "instancePool"
    },
    {
      "type": "delete-node",
      "node": {
        "label": "init",
        "type": "Invocation"
      },
      "location-before-char-start": 4942,
      "location-before-char-end": 4961,
      "node-str": "init"
    },
    {
      "type": "delete-node",
      "node": {
        "label": "org.jboss.ejb.EntityContainer",
        "type": "TypeAccess"
      },
      "location-before-char-start": 0,
      "location-before-char-end": 0,
      "node-str": "org.jboss.ejb.EntityContainer"
    },
    {
      "type": "delete-node",
      "node": {
        "label": "containerInvoker",
        "type": "FieldRead"
      },
      "location-before-char-start": 5002,
      "location-before-char-end": 5017,
      "node-str": "containerInvoker"
    },
    {
      "type": "delete-node",
      "node": {
        "label": "init",
        "type": "Invocation"
      },
      "location-before-char-start": 5002,
      "location-before-char-end": 5025,
      "node-str": "init"
    },
    {
      "type": "delete-node",
      "node": {
        "label": "org.jboss.ejb.EntityContainer",
        "type": "TypeAccess"
      },
      "location-before-char-start": 0,
      "location-before-char-end": 0,
      "node-str": "org.jboss.ejb.EntityContainer"
    },
    {
      "type": "delete-node",
      "node": {
        "label": "instanceCache",
        "type": "FieldRead"
      },
      "location-before-char-start": 5063,
      "location-before-char-end": 5075,
      "node-str": "instanceCache"
    },
    {
      "type": "delete-node",
      "node": {
        "label": "init",
        "type": "Invocation"
      },
      "location-before-char-start": 5063,
      "location-before-char-end": 5083,
      "node-str": "init"
    },
    {
      "type": "delete-node",
      "node": {
        "label": "org.jboss.ejb.EntityContainer",
        "type": "TypeAccess"
      },
      "location-before-char-start": 0,
      "location-before-char-end": 0,
      "node-str": "org.jboss.ejb.EntityContainer"
    },
    {
      "type": "delete-node",
      "node": {
        "label": "persistenceManager",
        "type": "FieldRead"
      },
      "location-before-char-start": 5118,
      "location-before-char-end": 5135,
      "node-str": "persistenceManager"
    },
    {
      "type": "delete-node",
      "node": {
        "label": "init",
        "type": "Invocation"
      },
      "location-before-char-start": 5118,
      "location-before-char-end": 5143,
      "node-str": "init"
    },
    {
      "type": "delete-node",
      "node": {
        "label": "init",
        "type": "Method"
      },
      "location-before-char-start": 4195,
      "location-before-char-end": 5450,
      "node-str": "init"
    },
    {
      "type": "delete-node",
      "node": {
        "label": "void",
        "type": "RETURN_TYPE"
      },
      "location-before-char-start": 0,
      "location-before-char-end": 0,
      "node-str": "void"
    },
    {
      "type": "delete-node",
      "node": {
        "label": "java.lang.Exception",
        "type": "THROWS"
      },
      "location-before-char-start": 0,
      "location-before-char-end": 0,
      "node-str": "java.lang.Exception"
    },
    {
      "type": "delete-node",
      "node": {
        "label": "public",
        "type": "Modifier"
      },
      "location-before-char-start": 0,
      "location-before-char-end": 0,
      "node-str": "public"
    },
    {
      "type": "delete-node",
      "node": {
        "label": "super",
        "type": "SuperAccess"
      },
      "location-before-char-start": 5723,
      "location-before-char-end": 5727,
      "node-str": "super"
    },
    {
      "type": "delete-node",
      "node": {
        "label": "start",
        "type": "Invocation"
      },
      "location-before-char-start": 5723,
      "location-before-char-end": 5736,
      "node-str": "start"
    },
    {
      "type": "delete-node",
      "node": {
        "label": "org.jboss.ejb.EntityContainer",
        "type": "TypeAccess"
      },
      "location-before-char-start": 0,
      "location-before-char-end": 0,
      "node-str": "org.jboss.ejb.EntityContainer"
    },
    {
      "type": "delete-node",
      "node": {
        "label": "containerInvoker",
        "type": "FieldRead"
      },
      "location-before-char-start": 5778,
      "location-before-char-end": 5793,
      "node-str": "containerInvoker"
    },
    {
      "type": "delete-node",
      "node": {
        "label": "start",
        "type": "Invocation"
      },
      "location-before-char-start": 5778,
      "location-before-char-end": 5802,
      "node-str": "start"
    },
    {
      "type": "delete-node",
      "node": {
        "label": "org.jboss.ejb.EntityContainer",
        "type": "TypeAccess"
      },
      "location-before-char-start": 0,
      "location-before-char-end": 0,
      "node-str": "org.jboss.ejb.EntityContainer"
    },
    {
      "type": "delete-node",
      "node": {
        "label": "instanceCache",
        "type": "FieldRead"
      },
      "location-before-char-start": 5841,
      "location-before-char-end": 5853,
      "node-str": "instanceCache"
    },
    {
      "type": "delete-node",
      "node": {
        "label": "start",
        "type": "Invocation"
      },
      "location-before-char-start": 5841,
      "location-before-char-end": 5862,
      "node-str": "start"
    },
    {
      "type": "delete-node",
      "node": {
        "label": "org.jboss.ejb.EntityContainer",
        "type": "TypeAccess"
      },
      "location-before-char-start": 0,
      "location-before-char-end": 0,
      "node-str": "org.jboss.ejb.EntityContainer"
    },
    {
      "type": "delete-node",
      "node": {
        "label": "persistenceManager",
        "type": "FieldRead"
      },
      "location-before-char-start": 5898,
      "location-before-char-end": 5915,
      "node-str": "persistenceManager"
    },
    {
      "type": "delete-node",
      "node": {
        "label": "start",
        "type": "Invocation"
      },
      "location-before-char-start": 5898,
      "location-before-char-end": 5924,
      "node-str": "start"
    },
    {
      "type": "delete-node",
      "node": {
        "label": "org.jboss.ejb.EntityContainer",
        "type": "TypeAccess"
      },
      "location-before-char-start": 0,
      "location-before-char-end": 0,
      "node-str": "org.jboss.ejb.EntityContainer"
    },
    {
      "type": "delete-node",
      "node": {
        "label": "instancePool",
        "type": "FieldRead"
      },
      "location-before-char-start": 5966,
      "location-before-char-end": 5977,
      "node-str": "instancePool"
    },
    {
      "type": "delete-node",
      "node": {
        "label": "start",
        "type": "Invocation"
      },
      "location-before-char-start": 5966,
      "location-before-char-end": 5986,
      "node-str": "start"
    },
    {
      "type": "delete-node",
      "node": {
        "label": "start",
        "type": "Method"
      },
      "location-before-char-start": 5456,
      "location-before-char-end": 6250,
      "node-str": "start"
    },
    {
      "type": "delete-node",
      "node": {
        "label": "void",
        "type": "RETURN_TYPE"
      },
      "location-before-char-start": 0,
      "location-before-char-end": 0,
      "node-str": "void"
    },
    {
      "type": "delete-node",
      "node": {
        "label": "public",
        "type": "Modifier"
      },
      "location-before-char-start": 0,
      "location-before-char-end": 0,
      "node-str": "public"
    },
    {
      "type": "delete-node",
      "node": {
        "label": "super",
        "type": "SuperAccess"
      },
      "location-before-char-start": 6501,
      "location-before-char-end": 6505,
      "node-str": "super"
    },
    {
      "type": "delete-node",
      "node": {
        "label": "stop",
        "type": "Invocation"
      },
      "location-before-char-start": 6501,
      "location-before-char-end": 6513,
      "node-str": "stop"
    },
    {
      "type": "delete-node",
      "node": {
        "label": "org.jboss.ejb.EntityContainer",
        "type": "TypeAccess"
      },
      "location-before-char-start": 0,
      "location-before-char-end": 0,
      "node-str": "org.jboss.ejb.EntityContainer"
    },
    {
      "type": "delete-node",
      "node": {
        "label": "containerInvoker",
        "type": "FieldRead"
      },
      "location-before-char-start": 6554,
      "location-before-char-end": 6569,
      "node-str": "containerInvoker"
    },
    {
      "type": "delete-node",
      "node": {
        "label": "stop",
        "type": "Invocation"
      },
      "location-before-char-start": 6554,
      "location-before-char-end": 6577,
      "node-str": "stop"
    },
    {
      "type": "delete-node",
      "node": {
        "label": "org.jboss.ejb.EntityContainer",
        "type": "TypeAccess"
      },
      "location-before-char-start": 0,
      "location-before-char-end": 0,
      "node-str": "org.jboss.ejb.EntityContainer"
    },
    {
      "type": "delete-node",
      "node": {
        "label": "instanceCache",
        "type": "FieldRead"
      },
      "location-before-char-start": 6615,
      "location-before-char-end": 6627,
      "node-str": "instanceCache"
    },
    {
      "type": "delete-node",
      "node": {
        "label": "stop",
        "type": "Invocation"
      },
      "location-before-char-start": 6615,
      "location-before-char-end": 6635,
      "node-str": "stop"
    },
    {
      "type": "delete-node",
      "node": {
        "label": "org.jboss.ejb.EntityContainer",
        "type": "TypeAccess"
      },
      "location-before-char-start": 0,
      "location-before-char-end": 0,
      "node-str": "org.jboss.ejb.EntityContainer"
    },
    {
      "type": "delete-node",
      "node": {
        "label": "persistenceManager",
        "type": "FieldRead"
      },
      "location-before-char-start": 6670,
      "location-before-char-end": 6687,
      "node-str": "persistenceManager"
    },
    {
      "type": "delete-node",
      "node": {
        "label": "stop",
        "type": "Invocation"
      },
      "location-before-char-start": 6670,
      "location-before-char-end": 6695,
      "node-str": "stop"
    },
    {
      "type": "delete-node",
      "node": {
        "label": "org.jboss.ejb.EntityContainer",
        "type": "TypeAccess"
      },
      "location-before-char-start": 0,
      "location-before-char-end": 0,
      "node-str": "org.jboss.ejb.EntityContainer"
    },
    {
      "type": "delete-node",
      "node": {
        "label": "instancePool",
        "type": "FieldRead"
      },
      "location-before-char-start": 6736,
      "location-before-char-end": 6747,
      "node-str": "instancePool"
    },
    {
      "type": "delete-node",
      "node": {
        "label": "stop",
        "type": "Invocation"
      },
      "location-before-char-start": 6736,
      "location-before-char-end": 6755,
      "node-str": "stop"
    },
    {
      "type": "delete-node",
      "node": {
        "label": "stop",
        "type": "Method"
      },
      "location-before-char-start": 6256,
      "location-before-char-end": 7017,
      "node-str": "stop"
    },
    {
      "type": "delete-node",
      "node": {
        "label": "void",
        "type": "RETURN_TYPE"
      },
      "location-before-char-start": 0,
      "location-before-char-end": 0,
      "node-str": "void"
    },
    {
      "type": "delete-node",
      "node": {
        "label": "public",
        "type": "Modifier"
      },
      "location-before-char-start": 0,
      "location-before-char-end": 0,
      "node-str": "public"
    },
    {
      "type": "delete-node",
      "node": {
        "label": "super",
        "type": "SuperAccess"
      },
      "location-before-char-start": 7274,
      "location-before-char-end": 7278,
      "node-str": "super"
    },
    {
      "type": "delete-node",
      "node": {
        "label": "destroy",
        "type": "Invocation"
      },
      "location-before-char-start": 7274,
      "location-before-char-end": 7289,
      "node-str": "destroy"
    },
    {
      "type": "delete-node",
      "node": {
        "label": "org.jboss.ejb.EntityContainer",
        "type": "TypeAccess"
      },
      "location-before-char-start": 0,
      "location-before-char-end": 0,
      "node-str": "org.jboss.ejb.EntityContainer"
    },
    {
      "type": "delete-node",
      "node": {
        "label": "containerInvoker",
        "type": "FieldRead"
      },
      "location-before-char-start": 7333,
      "location-before-char-end": 7348,
      "node-str": "containerInvoker"
    },
    {
      "type": "delete-node",
      "node": {
        "label": "destroy",
        "type": "Invocation"
      },
      "location-before-char-start": 7333,
      "location-before-char-end": 7359,
      "node-str": "destroy"
    },
    {
      "type": "delete-node",
      "node": {
        "label": "org.jboss.ejb.EntityContainer",
        "type": "TypeAccess"
      },
      "location-before-char-start": 0,
      "location-before-char-end": 0,
      "node-str": "org.jboss.ejb.EntityContainer"
    },
    {
      "type": "delete-node",
      "node": {
        "label": "instanceCache",
        "type": "FieldRead"
      },
      "location-before-char-start": 7400,
      "location-before-char-end": 7412,
      "node-str": "instanceCache"
    },
    {
      "type": "delete-node",
      "node": {
        "label": "destroy",
        "type": "Invocation"
      },
      "location-before-char-start": 7400,
      "location-before-char-end": 7423,
      "node-str": "destroy"
    },
    {
      "type": "delete-node",
      "node": {
        "label": "org.jboss.ejb.EntityContainer",
        "type": "TypeAccess"
      },
      "location-before-char-start": 0,
      "location-before-char-end": 0,
      "node-str": "org.jboss.ejb.EntityContainer"
    },
    {
      "type": "delete-node",
      "node": {
        "label": "persistenceManager",
        "type": "FieldRead"
      },
      "location-before-char-start": 7461,
      "location-before-char-end": 7478,
      "node-str": "persistenceManager"
    },
    {
      "type": "delete-node",
      "node": {
        "label": "destroy",
        "type": "Invocation"
      },
      "location-before-char-start": 7461,
      "location-before-char-end": 7489,
      "node-str": "destroy"
    },
    {
      "type": "delete-node",
      "node": {
        "label": "org.jboss.ejb.EntityContainer",
        "type": "TypeAccess"
      },
      "location-before-char-start": 0,
      "location-before-char-end": 0,
      "node-str": "org.jboss.ejb.EntityContainer"
    },
    {
      "type": "delete-node",
      "node": {
        "label": "instancePool",
        "type": "FieldRead"
      },
      "location-before-char-start": 7524,
      "location-before-char-end": 7535,
      "node-str": "instancePool"
    },
    {
      "type": "delete-node",
      "node": {
        "label": "destroy",
        "type": "Invocation"
      },
      "location-before-char-start": 7524,
      "location-before-char-end": 7546,
      "node-str": "destroy"
    },
    {
      "type": "delete-node",
      "node": {
        "label": "destroy",
        "type": "Method"
      },
      "location-before-char-start": 7023,
      "location-before-char-end": 7818,
      "node-str": "destroy"
    },
    {
      "type": "delete-node",
      "node": {
        "label": "javax.ejb.EJBHome",
        "type": "RETURN_TYPE"
      },
      "location-before-char-start": 0,
      "location-before-char-end": 0,
      "node-str": "javax.ejb.EJBHome"
    },
    {
      "type": "delete-node",
      "node": {
        "label": "java.rmi.RemoteException",
        "type": "THROWS"
      },
      "location-before-char-start": 0,
      "location-before-char-end": 0,
      "node-str": "java.rmi.RemoteException"
    },
    {
      "type": "delete-node",
      "node": {
        "label": "public",
        "type": "Modifier"
      },
      "location-before-char-start": 0,
      "location-before-char-end": 0,
      "node-str": "public"
    },
    {
      "type": "delete-node",
      "node": {
        "label": "org.jboss.ejb.MethodInvocation",
        "type": "VARIABLE_TYPE"
      },
      "location-before-char-start": 0,
      "location-before-char-end": 0,
      "node-str": "org.jboss.ejb.MethodInvocation"
    },
    {
      "type": "delete-node",
      "node": {
        "label": "mi",
        "type": "Parameter"
      },
      "location-before-char-start": 8999,
      "location-before-char-end": 9017,
      "node-str": "mi"
    },
    {
      "type": "delete-node",
      "node": {
        "label": "getEJBHome",
        "type": "Method"
      },
      "location-before-char-start": 8973,
      "location-before-char-end": 9107,
      "node-str": "getEJBHome"
    },
    {
      "type": "delete-node",
      "node": {
        "label": "EntityContainer",
        "type": "Class"
      },
      "location-before-char-start": 744,
      "location-before-char-end": 20935,
      "node-str": "EntityContainer"
    }
  ],
  "before-file": {},
  "after-file": {},
  "mapping": {}
}