{
  "tool-info": {},
  "diff": [
    {
      "type": "insert-node",
      "node": {
        "label": "public",
        "type": "Modifier"
      },
      "location-after-char-start": 0,
      "location-after-char-end": 0,
      "node-str": "public"
    },
    {
      "type": "insert-node",
      "node": {
        "label": "",
        "type": "TypeReference"
      },
      "location-after-char-start": 631,
      "location-after-char-end": 641,
      "node-str": ""
    },
    {
      "type": "insert-node",
      "node": {
        "label": "objectPort",
        "type": "Field"
      },
      "location-after-char-start": 767,
      "location-after-char-end": 855,
      "node-str": "objectPort"
    },
    {
      "type": "insert-node",
      "node": {
        "label": "registryInetAddress",
        "type": "Field"
      },
      "location-after-char-start": 863,
      "location-after-char-end": 1005,
      "node-str": "registryInetAddress"
    },
    {
      "type": "insert-node",
      "node": {
        "label": "registry",
        "type": "Field"
      },
      "location-after-char-start": 1012,
      "location-after-char-end": 1083,
      "node-str": "registry"
    },
    {
      "type": "insert-node",
      "node": {
        "label": "\u003cinit\u003e",
        "type": "Constructor"
      },
      "location-after-char-start": 1090,
      "location-after-char-end": 1197,
      "node-str": "\u003cinit\u003e"
    },
    {
      "type": "insert-node",
      "node": {
        "label": "isStarted",
        "type": "Method"
      },
      "location-after-char-start": 5316,
      "location-after-char-end": 5906,
      "node-str": "isStarted"
    },
    {
      "type": "insert-node",
      "node": {
        "label": "org.objectweb.carol.jndi.ns.AbsRegistry",
        "type": "SUPER_TYPE"
      },
      "location-after-char-start": 0,
      "location-after-char-end": 0,
      "node-str": "org.objectweb.carol.jndi.ns.AbsRegistry"
    },
    {
      "type": "insert-node",
      "node": {
        "label": "int",
        "type": "VARIABLE_TYPE"
      },
      "location-after-char-start": 0,
      "location-after-char-end": 0,
      "node-str": "int"
    },
    {
      "type": "insert-node",
      "node": {
        "label": "static",
        "type": "Modifier"
      },
      "location-after-char-start": 0,
      "location-after-char-end": 0,
      "node-str": "static"
    },
    {
      "type": "insert-node",
      "node": {
        "label": "0",
        "type": "Literal"
      },
      "location-after-char-start": 854,
      "location-after-char-end": 854,
      "node-str": "0"
    },
    {
      "type": "insert-node",
      "node": {
        "label": "java.net.InetAddress",
        "type": "VARIABLE_TYPE"
      },
      "location-after-char-start": 0,
      "location-after-char-end": 0,
      "node-str": "java.net.InetAddress"
    },
    {
      "type": "insert-node",
      "node": {
        "label": "null",
        "type": "Literal"
      },
      "location-after-char-start": 1001,
      "location-after-char-end": 1004,
      "node-str": "null"
    },
    {
      "type": "insert-node",
      "node": {
        "label": "java.rmi.registry.Registry",
        "type": "VARIABLE_TYPE"
      },
      "location-after-char-start": 0,
      "location-after-char-end": 0,
      "node-str": "java.rmi.registry.Registry"
    },
    {
      "type": "insert-node",
      "node": {
        "label": "static",
        "type": "Modifier"
      },
      "location-after-char-start": 0,
      "location-after-char-end": 0,
      "node-str": "static"
    },
    {
      "type": "insert-node",
      "node": {
        "label": "null",
        "type": "Literal"
      },
      "location-after-char-start": 1079,
      "location-after-char-end": 1082,
      "node-str": "null"
    },
    {
      "type": "insert-node",
      "node": {
        "label": "public",
        "type": "Modifier"
      },
      "location-after-char-start": 0,
      "location-after-char-end": 0,
      "node-str": "public"
    },
    {
      "type": "insert-node",
      "node": {
        "label": "\u003cinit\u003e",
        "type": "Invocation"
      },
      "location-after-char-start": 1165,
      "location-after-char-end": 1191,
      "node-str": "\u003cinit\u003e"
    },
    {
      "type": "insert-node",
      "node": {
        "label": "boolean",
        "type": "RETURN_TYPE"
      },
      "location-after-char-start": 0,
      "location-after-char-end": 0,
      "node-str": "boolean"
    },
    {
      "type": "insert-node",
      "node": {
        "label": "public",
        "type": "Modifier"
      },
      "location-after-char-start": 0,
      "location-after-char-end": 0,
      "node-str": "public"
    },
    {
      "type": "move-subtree",
      "node": {
        "label": "if",
        "type": "If"
      },
      "location-before-char-start": 5670,
      "location-before-char-end": 5727,
      "location-after-char-start": 5488,
      "location-after-char-end": 5545,
      "node-str": "if"
    },
    {
      "type": "insert-node",
      "node": {
        "label": "",
        "type": "Try"
      },
      "location-after-char-start": 5556,
      "location-after-char-end": 5879,
      "node-str": ""
    },
    {
      "type": "insert-node",
      "node": {
        "label": "return",
        "type": "Return"
      },
      "location-after-char-start": 5889,
      "location-after-char-end": 5900,
      "node-str": "return"
    },
    {
      "type": "insert-node",
      "node": {
        "label": "DEFAULT_PORT_NUMBER",
        "type": "FieldRead"
      },
      "location-after-char-start": 1171,
      "location-after-char-end": 1189,
      "node-str": "DEFAULT_PORT_NUMBER"
    },
    {
      "type": "insert-node",
      "node": {
        "label": "if",
        "type": "If"
      },
      "location-after-char-start": 5574,
      "location-after-char-end": 5804,
      "node-str": "if"
    },
    {
      "type": "move-subtree",
      "node": {
        "label": "",
        "type": "Catch"
      },
      "location-before-char-start": 5810,
      "location-before-char-end": 5874,
      "location-after-char-start": 5815,
      "location-after-char-end": 5879,
      "node-str": ""
    },
    {
      "type": "insert-node",
      "node": {
        "label": "true",
        "type": "Literal"
      },
      "location-after-char-start": 5896,
      "location-after-char-end": 5899,
      "node-str": "true"
    },
    {
      "type": "insert-node",
      "node": {
        "label": "NE",
        "type": "BinaryOperator"
      },
      "location-after-char-start": 5578,
      "location-after-char-end": 5604,
      "node-str": "NE"
    },
    {
      "type": "insert-node",
      "node": {
        "label": "THEN",
        "type": "then"
      },
      "location-after-char-start": 5607,
      "location-after-char-end": 5721,
      "node-str": "THEN"
    },
    {
      "type": "insert-node",
      "node": {
        "label": "ELSE",
        "type": "else"
      },
      "location-after-char-start": 5728,
      "location-after-char-end": 5804,
      "node-str": "ELSE"
    },
    {
      "type": "insert-node",
      "node": {
        "label": "registryInetAddress",
        "type": "FieldRead"
      },
      "location-after-char-start": 5578,
      "location-after-char-end": 5596,
      "node-str": "registryInetAddress"
    },
    {
      "type": "insert-node",
      "node": {
        "label": "null",
        "type": "Literal"
      },
      "location-after-char-start": 5601,
      "location-after-char-end": 5604,
      "node-str": "null"
    },
    {
      "type": "insert-node",
      "node": {
        "label": "list",
        "type": "Invocation"
      },
      "location-after-char-start": 5625,
      "location-after-char-end": 5707,
      "node-str": "list"
    },
    {
      "type": "move-subtree",
      "node": {
        "label": "list",
        "type": "Invocation"
      },
      "location-before-char-start": 5755,
      "location-before-char-end": 5799,
      "location-after-char-start": 5746,
      "location-after-char-end": 5790,
      "node-str": "list"
    },
    {
      "type": "insert-node",
      "node": {
        "label": "org.objectweb.carol.jndi.ns.IRMIRegistry",
        "type": "TypeAccess"
      },
      "location-after-char-start": 0,
      "location-after-char-end": 0,
      "node-str": "org.objectweb.carol.jndi.ns.IRMIRegistry"
    },
    {
      "type": "insert-node",
      "node": {
        "label": "getRegistry",
        "type": "Invocation"
      },
      "location-after-char-start": 5625,
      "location-after-char-end": 5699,
      "node-str": "getRegistry"
    },
    {
      "type": "insert-node",
      "node": {
        "label": "java.rmi.registry.LocateRegistry",
        "type": "TypeAccess"
      },
      "location-after-char-start": 5625,
      "location-after-char-end": 5638,
      "node-str": "java.rmi.registry.LocateRegistry"
    },
    {
      "type": "insert-node",
      "node": {
        "label": "getHostAddress",
        "type": "Invocation"
      },
      "location-after-char-start": 5652,
      "location-after-char-end": 5687,
      "node-str": "getHostAddress"
    },
    {
      "type": "insert-node",
      "node": {
        "label": "getPort",
        "type": "Invocation"
      },
      "location-after-char-start": 5690,
      "location-after-char-end": 5698,
      "node-str": "getPort"
    },
    {
      "type": "insert-node",
      "node": {
        "label": "registryInetAddress",
        "type": "FieldRead"
      },
      "location-after-char-start": 5652,
      "location-after-char-end": 5670,
      "node-str": "registryInetAddress"
    },
    {
      "type": "insert-node",
      "node": {
        "label": "org.objectweb.carol.jndi.ns.IRMIRegistry",
        "type": "TypeAccess"
      },
      "location-after-char-start": 0,
      "location-after-char-end": 0,
      "node-str": "org.objectweb.carol.jndi.ns.IRMIRegistry"
    },
    {
      "type": "insert-node",
      "node": {
        "label": "org.objectweb.carol.jndi.ns.IRMIRegistry",
        "type": "TypeAccess"
      },
      "location-after-char-start": 0,
      "location-after-char-end": 0,
      "node-str": "org.objectweb.carol.jndi.ns.IRMIRegistry"
    },
    {
      "type": "delete-node",
      "node": {
        "label": "public",
        "type": "Modifier"
      },
      "location-before-char-start": 0,
      "location-before-char-end": 0,
      "node-str": "public"
    },
    {
      "type": "delete-node",
      "node": {
        "label": "org.objectweb.carol.jndi.ns.AbsRegistry",
        "type": "SUPER_TYPE"
      },
      "location-before-char-start": 0,
      "location-before-char-end": 0,
      "node-str": "org.objectweb.carol.jndi.ns.AbsRegistry"
    },
    {
      "type": "delete-node",
      "node": {
        "label": "",
        "type": "TypeReference"
      },
      "location-before-char-start": 631,
      "location-before-char-end": 641,
      "node-str": ""
    },
    {
      "type": "delete-node",
      "node": {
        "label": "int",
        "type": "VARIABLE_TYPE"
      },
      "location-before-char-start": 0,
      "location-before-char-end": 0,
      "node-str": "int"
    },
    {
      "type": "delete-node",
      "node": {
        "label": "static",
        "type": "Modifier"
      },
      "location-before-char-start": 0,
      "location-before-char-end": 0,
      "node-str": "static"
    },
    {
      "type": "delete-node",
      "node": {
        "label": "0",
        "type": "Literal"
      },
      "location-before-char-start": 854,
      "location-before-char-end": 854,
      "node-str": "0"
    },
    {
      "type": "delete-node",
      "node": {
        "label": "objectPort",
        "type": "Field"
      },
      "location-before-char-start": 767,
      "location-before-char-end": 855,
      "node-str": "objectPort"
    },
    {
      "type": "delete-node",
      "node": {
        "label": "java.net.InetAddress",
        "type": "VARIABLE_TYPE"
      },
      "location-before-char-start": 0,
      "location-before-char-end": 0,
      "node-str": "java.net.InetAddress"
    },
    {
      "type": "delete-node",
      "node": {
        "label": "null",
        "type": "Literal"
      },
      "location-before-char-start": 1001,
      "location-before-char-end": 1004,
      "node-str": "null"
    },
    {
      "type": "delete-node",
      "node": {
        "label": "registryInetAddress",
        "type": "Field"
      },
      "location-before-char-start": 863,
      "location-before-char-end": 1005,
      "node-str": "registryInetAddress"
    },
    {
      "type": "delete-node",
      "node": {
        "label": "java.rmi.registry.Registry",
        "type": "VARIABLE_TYPE"
      },
      "location-before-char-start": 0,
      "location-before-char-end": 0,
      "node-str": "java.rmi.registry.Registry"
    },
    {
      "type": "delete-node",
      "node": {
        "label": "static",
        "type": "Modifier"
      },
      "location-before-char-start": 0,
      "location-before-char-end": 0,
      "node-str": "static"
    },
    {
      "type": "delete-node",
      "node": {
        "label": "null",
        "type": "Literal"
      },
      "location-before-char-start": 1079,
      "location-before-char-end": 1082,
      "node-str": "null"
    },
    {
      "type": "delete-node",
      "node": {
        "label": "registry",
        "type": "Field"
      },
      "location-before-char-start": 1012,
      "location-before-char-end": 1083,
      "node-str": "registry"
    },
    {
      "type": "delete-node",
      "node": {
        "label": "public",
        "type": "Modifier"
      },
      "location-before-char-start": 0,
      "location-before-char-end": 0,
      "node-str": "public"
    },
    {
      "type": "delete-node",
      "node": {
        "label": "DEFAULT_PORT_NUMBER",
        "type": "FieldRead"
      },
      "location-before-char-start": 1171,
      "location-before-char-end": 1189,
      "node-str": "DEFAULT_PORT_NUMBER"
    },
    {
      "type": "delete-node",
      "node": {
        "label": "\u003cinit\u003e",
        "type": "Invocation"
      },
      "location-before-char-start": 1165,
      "location-before-char-end": 1191,
      "node-str": "\u003cinit\u003e"
    },
    {
      "type": "delete-node",
      "node": {
        "label": "\u003cinit\u003e",
        "type": "Constructor"
      },
      "location-before-char-start": 1090,
      "location-before-char-end": 1197,
      "node-str": "\u003cinit\u003e"
    },
    {
      "type": "delete-node",
      "node": {
        "label": "boolean",
        "type": "RETURN_TYPE"
      },
      "location-before-char-start": 0,
      "location-before-char-end": 0,
      "node-str": "boolean"
    },
    {
      "type": "delete-node",
      "node": {
        "label": "public",
        "type": "Modifier"
      },
      "location-before-char-start": 0,
      "location-before-char-end": 0,
      "node-str": "public"
    },
    {
      "type": "delete-node",
      "node": {
        "label": "",
        "type": "Try"
      },
      "location-before-char-start": 5737,
      "location-before-char-end": 5874,
      "node-str": ""
    },
    {
      "type": "delete-node",
      "node": {
        "label": "true",
        "type": "Literal"
      },
      "location-before-char-start": 5891,
      "location-before-char-end": 5894,
      "node-str": "true"
    },
    {
      "type": "delete-node",
      "node": {
        "label": "return",
        "type": "Return"
      },
      "location-before-char-start": 5884,
      "location-before-char-end": 5895,
      "node-str": "return"
    },
    {
      "type": "delete-node",
      "node": {
        "label": "isStarted",
        "type": "Method"
      },
      "location-before-char-start": 5498,
      "location-before-char-end": 5901,
      "node-str": "isStarted"
    }
  ],
  "before-file": {},
  "after-file": {},
  "mapping": {}
}