{
  "tool-info": {},
  "diff": [
    {
      "type": "insert-node",
      "node": {
        "label": "public",
        "type": "Modifier"
      },
      "location-after-char-start": 0,
      "location-after-char-end": 0,
      "node-str": "public"
    },
    {
      "type": "insert-node",
      "node": {
        "label": "",
        "type": "TypeReference"
      },
      "location-after-char-start": 6703,
      "location-after-char-end": 6719,
      "node-str": ""
    },
    {
      "type": "insert-node",
      "node": {
        "label": "windowAdvisor",
        "type": "Field"
      },
      "location-after-char-start": 6755,
      "location-after-char-end": 6799,
      "node-str": "windowAdvisor"
    },
    {
      "type": "insert-node",
      "node": {
        "label": "actionBarAdvisor",
        "type": "Field"
      },
      "location-after-char-start": 6803,
      "location-after-char-end": 6844,
      "node-str": "actionBarAdvisor"
    },
    {
      "type": "insert-node",
      "node": {
        "label": "number",
        "type": "Field"
      },
      "location-after-char-start": 6848,
      "location-after-char-end": 6866,
      "node-str": "number"
    },
    {
      "type": "insert-node",
      "node": {
        "label": "pageList",
        "type": "Field"
      },
      "location-after-char-start": 6870,
      "location-after-char-end": 6912,
      "node-str": "pageList"
    },
    {
      "type": "insert-node",
      "node": {
        "label": "pageListeners",
        "type": "Field"
      },
      "location-after-char-start": 6916,
      "location-after-char-end": 6979,
      "node-str": "pageListeners"
    },
    {
      "type": "insert-node",
      "node": {
        "label": "perspectiveListeners",
        "type": "Field"
      },
      "location-after-char-start": 6983,
      "location-after-char-end": 7067,
      "node-str": "perspectiveListeners"
    },
    {
      "type": "insert-node",
      "node": {
        "label": "actionPresentation",
        "type": "Field"
      },
      "location-after-char-start": 7138,
      "location-after-char-end": 7183,
      "node-str": "actionPresentation"
    },
    {
      "type": "insert-node",
      "node": {
        "label": "actionBars",
        "type": "Field"
      },
      "location-after-char-start": 7187,
      "location-after-char-end": 7220,
      "node-str": "actionBars"
    },
    {
      "type": "insert-node",
      "node": {
        "label": "updateDisabled",
        "type": "Field"
      },
      "location-after-char-start": 7224,
      "location-after-char-end": 7261,
      "node-str": "updateDisabled"
    },
    {
      "type": "insert-node",
      "node": {
        "label": "closing",
        "type": "Field"
      },
      "location-after-char-start": 7265,
      "location-after-char-end": 7296,
      "node-str": "closing"
    },
    {
      "type": "insert-node",
      "node": {
        "label": "shellActivated",
        "type": "Field"
      },
      "location-after-char-start": 7300,
      "location-after-char-end": 7338,
      "node-str": "shellActivated"
    },
    {
      "type": "insert-node",
      "node": {
        "label": "fastViewBar",
        "type": "Field"
      },
      "location-after-char-start": 7342,
      "location-after-char-end": 7373,
      "node-str": "fastViewBar"
    },
    {
      "type": "insert-node",
      "node": {
        "label": "perspectiveSwitcher",
        "type": "Field"
      },
      "location-after-char-start": 7377,
      "location-after-char-end": 7431,
      "node-str": "perspectiveSwitcher"
    },
    {
      "type": "insert-node",
      "node": {
        "label": "defaultLayout",
        "type": "Field"
      },
      "location-after-char-start": 7435,
      "location-after-char-end": 7467,
      "node-str": "defaultLayout"
    },
    {
      "type": "insert-node",
      "node": {
        "label": "progressRegion",
        "type": "Field"
      },
      "location-after-char-start": 7471,
      "location-after-char-end": 7507,
      "node-str": "progressRegion"
    },
    {
      "type": "insert-node",
      "node": {
        "label": "trimMgr2",
        "type": "Field"
      },
      "location-after-char-start": 7511,
      "location-after-char-end": 7589,
      "node-str": "trimMgr2"
    },
    {
      "type": "insert-node",
      "node": {
        "label": "trimContributionMgr",
        "type": "Field"
      },
      "location-after-char-start": 7594,
      "location-after-char-end": 7687,
      "node-str": "trimContributionMgr"
    },
    {
      "type": "insert-node",
      "node": {
        "label": "serviceLocator",
        "type": "Field"
      },
      "location-after-char-start": 7692,
      "location-after-char-end": 7911,
      "node-str": "serviceLocator"
    },
    {
      "type": "insert-node",
      "node": {
        "label": "heapStatus",
        "type": "Field"
      },
      "location-after-char-start": 7915,
      "location-after-char-end": 7944,
      "node-str": "heapStatus"
    },
    {
      "type": "insert-node",
      "node": {
        "label": "heapStatusTrim",
        "type": "Field"
      },
      "location-after-char-start": 7948,
      "location-after-char-end": 7993,
      "node-str": "heapStatusTrim"
    },
    {
      "type": "insert-node",
      "node": {
        "label": "emptyWindowContentsCreated",
        "type": "Field"
      },
      "location-after-char-start": 7997,
      "location-after-char-end": 8047,
      "node-str": "emptyWindowContentsCreated"
    },
    {
      "type": "insert-node",
      "node": {
        "label": "emptyWindowContents",
        "type": "Field"
      },
      "location-after-char-start": 8051,
      "location-after-char-end": 8086,
      "node-str": "emptyWindowContents"
    },
    {
      "type": "insert-node",
      "node": {
        "label": "normalBounds",
        "type": "Field"
      },
      "location-after-char-start": 8090,
      "location-after-char-end": 8120,
      "node-str": "normalBounds"
    },
    {
      "type": "insert-node",
      "node": {
        "label": "asMaximizedState",
        "type": "Field"
      },
      "location-after-char-start": 8124,
      "location-after-char-end": 8164,
      "node-str": "asMaximizedState"
    },
    {
      "type": "insert-node",
      "node": {
        "label": "topBar",
        "type": "Field"
      },
      "location-after-char-start": 8168,
      "location-after-char-end": 8190,
      "node-str": "topBar"
    },
    {
      "type": "insert-node",
      "node": {
        "label": "topBarTrim",
        "type": "Field"
      },
      "location-after-char-start": 8194,
      "location-after-char-end": 8224,
      "node-str": "topBarTrim"
    },
    {
      "type": "insert-node",
      "node": {
        "label": "pageComposite",
        "type": "Field"
      },
      "location-after-char-start": 8368,
      "location-after-char-end": 8498,
      "node-str": "pageComposite"
    },
    {
      "type": "insert-node",
      "node": {
        "label": "submenus",
        "type": "Field"
      },
      "location-after-char-start": 8502,
      "location-after-char-end": 8664,
      "node-str": "submenus"
    },
    {
      "type": "insert-node",
      "node": {
        "label": "windowConfigurer",
        "type": "Field"
      },
      "location-after-char-start": 8668,
      "location-after-char-end": 8866,
      "node-str": "windowConfigurer"
    },
    {
      "type": "insert-node",
      "node": {
        "label": "genericPropertyListeners",
        "type": "Field"
      },
      "location-after-char-start": 8871,
      "location-after-char-end": 9007,
      "node-str": "genericPropertyListeners"
    },
    {
      "type": "insert-node",
      "node": {
        "label": "detachedWindowShells",
        "type": "Field"
      },
      "location-after-char-start": 9011,
      "location-after-char-end": 9049,
      "node-str": "detachedWindowShells"
    },
    {
      "type": "insert-node",
      "node": {
        "label": "trimDropTarget",
        "type": "Field"
      },
      "location-after-char-start": 13373,
      "location-after-char-end": 13410,
      "node-str": "trimDropTarget"
    },
    {
      "type": "insert-node",
      "node": {
        "label": "coolBarVisible",
        "type": "Field"
      },
      "location-after-char-start": 13414,
      "location-after-char-end": 13451,
      "node-str": "coolBarVisible"
    },
    {
      "type": "insert-node",
      "node": {
        "label": "perspectiveBarVisible",
        "type": "Field"
      },
      "location-after-char-start": 13455,
      "location-after-char-end": 13499,
      "node-str": "perspectiveBarVisible"
    },
    {
      "type": "insert-node",
      "node": {
        "label": "fastViewBarVisible",
        "type": "Field"
      },
      "location-after-char-start": 13504,
      "location-after-char-end": 13545,
      "node-str": "fastViewBarVisible"
    },
    {
      "type": "insert-node",
      "node": {
        "label": "statusLineVisible",
        "type": "Field"
      },
      "location-after-char-start": 13549,
      "location-after-char-end": 13589,
      "node-str": "statusLineVisible"
    },
    {
      "type": "insert-node",
      "node": {
        "label": "statusLineTrim",
        "type": "Field"
      },
      "location-after-char-start": 13593,
      "location-after-char-end": 13634,
      "node-str": "statusLineTrim"
    },
    {
      "type": "insert-node",
      "node": {
        "label": "globalActionHandlersByCommandId",
        "type": "Field"
      },
      "location-after-char-start": 13638,
      "location-after-char-end": 14001,
      "node-str": "globalActionHandlersByCommandId"
    },
    {
      "type": "insert-node",
      "node": {
        "label": "handlerActivations",
        "type": "Field"
      },
      "location-after-char-start": 14005,
      "location-after-char-end": 14207,
      "node-str": "handlerActivations"
    },
    {
      "type": "insert-node",
      "node": {
        "label": "largeUpdates",
        "type": "Field"
      },
      "location-after-char-start": 14211,
      "location-after-char-end": 14411,
      "node-str": "largeUpdates"
    },
    {
      "type": "insert-node",
      "node": {
        "label": "tracker",
        "type": "Field"
      },
      "location-after-char-start": 14415,
      "location-after-char-end": 14448,
      "node-str": "tracker"
    },
    {
      "type": "insert-node",
      "node": {
        "label": "busyOpenPage",
        "type": "Method"
      },
      "location-after-char-start": 23142,
      "location-after-char-end": 24100,
      "node-str": "busyOpenPage"
    },
    {
      "type": "insert-node",
      "node": {
        "label": "firePerspectiveChanged",
        "type": "Method"
      },
      "location-after-char-start": 40528,
      "location-after-char-end": 41060,
      "node-str": "firePerspectiveChanged"
    },
    {
      "type": "insert-node",
      "node": {
        "label": "actionSetListeners",
        "type": "Field"
      },
      "location-after-char-start": 93314,
      "location-after-char-end": 93360,
      "node-str": "actionSetListeners"
    },
    {
      "type": "insert-node",
      "node": {
        "label": "setLayoutDataForContents",
        "type": "Method"
      },
      "location-after-char-start": 108519,
      "location-after-char-end": 108661,
      "node-str": "setLayoutDataForContents"
    },
    {
      "type": "insert-node",
      "node": {
        "label": "org.eclipse.jface.window.ApplicationWindow",
        "type": "SUPER_TYPE"
      },
      "location-after-char-start": 0,
      "location-after-char-end": 0,
      "node-str": "org.eclipse.jface.window.ApplicationWindow"
    },
    {
      "type": "insert-node",
      "node": {
        "label": "org.eclipse.ui.application.WorkbenchWindowAdvisor",
        "type": "VARIABLE_TYPE"
      },
      "location-after-char-start": 0,
      "location-after-char-end": 0,
      "node-str": "org.eclipse.ui.application.WorkbenchWindowAdvisor"
    },
    {
      "type": "insert-node",
      "node": {
        "label": "org.eclipse.ui.application.ActionBarAdvisor",
        "type": "VARIABLE_TYPE"
      },
      "location-after-char-start": 0,
      "location-after-char-end": 0,
      "node-str": "org.eclipse.ui.application.ActionBarAdvisor"
    },
    {
      "type": "insert-node",
      "node": {
        "label": "int",
        "type": "VARIABLE_TYPE"
      },
      "location-after-char-start": 0,
      "location-after-char-end": 0,
      "node-str": "int"
    },
    {
      "type": "insert-node",
      "node": {
        "label": "org.eclipse.ui.internal.WorkbenchWindow$PageList",
        "type": "VARIABLE_TYPE"
      },
      "location-after-char-start": 0,
      "location-after-char-end": 0,
      "node-str": "org.eclipse.ui.internal.WorkbenchWindow$PageList"
    },
    {
      "type": "insert-node",
      "node": {
        "label": "org.eclipse.ui.internal.WorkbenchWindow$PageList()",
        "type": "ConstructorCall"
      },
      "location-after-char-start": 6898,
      "location-after-char-end": 6911,
      "node-str": "org.eclipse.ui.internal.WorkbenchWindow$PageList()"
    },
    {
      "type": "insert-node",
      "node": {
        "label": "org.eclipse.ui.internal.PageListenerList",
        "type": "VARIABLE_TYPE"
      },
      "location-after-char-start": 0,
      "location-after-char-end": 0,
      "node-str": "org.eclipse.ui.internal.PageListenerList"
    },
    {
      "type": "insert-node",
      "node": {
        "label": "org.eclipse.ui.internal.PageListenerList()",
        "type": "ConstructorCall"
      },
      "location-after-char-start": 6957,
      "location-after-char-end": 6978,
      "node-str": "org.eclipse.ui.internal.PageListenerList()"
    },
    {
      "type": "insert-node",
      "node": {
        "label": "org.eclipse.ui.internal.PerspectiveListenerList",
        "type": "VARIABLE_TYPE"
      },
      "location-after-char-start": 0,
      "location-after-char-end": 0,
      "node-str": "org.eclipse.ui.internal.PerspectiveListenerList"
    },
    {
      "type": "insert-node",
      "node": {
        "label": "org.eclipse.ui.internal.PerspectiveListenerList()",
        "type": "ConstructorCall"
      },
      "location-after-char-start": 7038,
      "location-after-char-end": 7066,
      "node-str": "org.eclipse.ui.internal.PerspectiveListenerList()"
    },
    {
      "type": "insert-node",
      "node": {
        "label": "org.eclipse.ui.internal.ActionPresentation",
        "type": "VARIABLE_TYPE"
      },
      "location-after-char-start": 0,
      "location-after-char-end": 0,
      "node-str": "org.eclipse.ui.internal.ActionPresentation"
    },
    {
      "type": "insert-node",
      "node": {
        "label": "org.eclipse.ui.internal.WWinActionBars",
        "type": "VARIABLE_TYPE"
      },
      "location-after-char-start": 0,
      "location-after-char-end": 0,
      "node-str": "org.eclipse.ui.internal.WWinActionBars"
    },
    {
      "type": "insert-node",
      "node": {
        "label": "boolean",
        "type": "VARIABLE_TYPE"
      },
      "location-after-char-start": 0,
      "location-after-char-end": 0,
      "node-str": "boolean"
    },
    {
      "type": "insert-node",
      "node": {
        "label": "true",
        "type": "Literal"
      },
      "location-after-char-start": 7257,
      "location-after-char-end": 7260,
      "node-str": "true"
    },
    {
      "type": "insert-node",
      "node": {
        "label": "boolean",
        "type": "VARIABLE_TYPE"
      },
      "location-after-char-start": 0,
      "location-after-char-end": 0,
      "node-str": "boolean"
    },
    {
      "type": "insert-node",
      "node": {
        "label": "false",
        "type": "Literal"
      },
      "location-after-char-start": 7291,
      "location-after-char-end": 7295,
      "node-str": "false"
    },
    {
      "type": "insert-node",
      "node": {
        "label": "boolean",
        "type": "VARIABLE_TYPE"
      },
      "location-after-char-start": 0,
      "location-after-char-end": 0,
      "node-str": "boolean"
    },
    {
      "type": "insert-node",
      "node": {
        "label": "false",
        "type": "Literal"
      },
      "location-after-char-start": 7333,
      "location-after-char-end": 7337,
      "node-str": "false"
    },
    {
      "type": "insert-node",
      "node": {
        "label": "org.eclipse.ui.internal.FastViewBar",
        "type": "VARIABLE_TYPE"
      },
      "location-after-char-start": 0,
      "location-after-char-end": 0,
      "node-str": "org.eclipse.ui.internal.FastViewBar"
    },
    {
      "type": "insert-node",
      "node": {
        "label": "org.eclipse.ui.internal.PerspectiveSwitcher",
        "type": "VARIABLE_TYPE"
      },
      "location-after-char-start": 0,
      "location-after-char-end": 0,
      "node-str": "org.eclipse.ui.internal.PerspectiveSwitcher"
    },
    {
      "type": "insert-node",
      "node": {
        "label": "null",
        "type": "Literal"
      },
      "location-after-char-start": 7427,
      "location-after-char-end": 7430,
      "node-str": "null"
    },
    {
      "type": "insert-node",
      "node": {
        "label": "org.eclipse.ui.internal.layout.TrimLayout",
        "type": "VARIABLE_TYPE"
      },
      "location-after-char-start": 0,
      "location-after-char-end": 0,
      "node-str": "org.eclipse.ui.internal.layout.TrimLayout"
    },
    {
      "type": "insert-node",
      "node": {
        "label": "org.eclipse.ui.internal.progress.ProgressRegion",
        "type": "VARIABLE_TYPE"
      },
      "location-after-char-start": 0,
      "location-after-char-end": 0,
      "node-str": "org.eclipse.ui.internal.progress.ProgressRegion"
    },
    {
      "type": "insert-node",
      "node": {
        "label": "null",
        "type": "Literal"
      },
      "location-after-char-start": 7503,
      "location-after-char-end": 7506,
      "node-str": "null"
    },
    {
      "type": "insert-node",
      "node": {
        "label": "org.eclipse.ui.internal.menus.TrimBarManager2",
        "type": "VARIABLE_TYPE"
      },
      "location-after-char-start": 0,
      "location-after-char-end": 0,
      "node-str": "org.eclipse.ui.internal.menus.TrimBarManager2"
    },
    {
      "type": "insert-node",
      "node": {
        "label": "null",
        "type": "Literal"
      },
      "location-after-char-start": 7585,
      "location-after-char-end": 7588,
      "node-str": "null"
    },
    {
      "type": "insert-node",
      "node": {
        "label": "org.eclipse.ui.internal.menus.TrimContributionManager",
        "type": "VARIABLE_TYPE"
      },
      "location-after-char-start": 0,
      "location-after-char-end": 0,
      "node-str": "org.eclipse.ui.internal.menus.TrimContributionManager"
    },
    {
      "type": "insert-node",
      "node": {
        "label": "null",
        "type": "Literal"
      },
      "location-after-char-start": 7683,
      "location-after-char-end": 7686,
      "node-str": "null"
    },
    {
      "type": "insert-node",
      "node": {
        "label": "org.eclipse.ui.internal.services.ServiceLocator",
        "type": "VARIABLE_TYPE"
      },
      "location-after-char-start": 0,
      "location-after-char-end": 0,
      "node-str": "org.eclipse.ui.internal.services.ServiceLocator"
    },
    {
      "type": "insert-node",
      "node": {
        "label": "final",
        "type": "Modifier"
      },
      "location-after-char-start": 0,
      "location-after-char-end": 0,
      "node-str": "final"
    },
    {
      "type": "insert-node",
      "node": {
        "label": "org.eclipse.ui.internal.HeapStatus",
        "type": "VARIABLE_TYPE"
      },
      "location-after-char-start": 0,
      "location-after-char-end": 0,
      "node-str": "org.eclipse.ui.internal.HeapStatus"
    },
    {
      "type": "insert-node",
      "node": {
        "label": "org.eclipse.ui.internal.WindowTrimProxy",
        "type": "VARIABLE_TYPE"
      },
      "location-after-char-start": 0,
      "location-after-char-end": 0,
      "node-str": "org.eclipse.ui.internal.WindowTrimProxy"
    },
    {
      "type": "insert-node",
      "node": {
        "label": "null",
        "type": "Literal"
      },
      "location-after-char-start": 7989,
      "location-after-char-end": 7992,
      "node-str": "null"
    },
    {
      "type": "insert-node",
      "node": {
        "label": "boolean",
        "type": "VARIABLE_TYPE"
      },
      "location-after-char-start": 0,
      "location-after-char-end": 0,
      "node-str": "boolean"
    },
    {
      "type": "insert-node",
      "node": {
        "label": "false",
        "type": "Literal"
      },
      "location-after-char-start": 8042,
      "location-after-char-end": 8046,
      "node-str": "false"
    },
    {
      "type": "insert-node",
      "node": {
        "label": "org.eclipse.swt.widgets.Control",
        "type": "VARIABLE_TYPE"
      },
      "location-after-char-start": 0,
      "location-after-char-end": 0,
      "node-str": "org.eclipse.swt.widgets.Control"
    },
    {
      "type": "insert-node",
      "node": {
        "label": "org.eclipse.swt.graphics.Rectangle",
        "type": "VARIABLE_TYPE"
      },
      "location-after-char-start": 0,
      "location-after-char-end": 0,
      "node-str": "org.eclipse.swt.graphics.Rectangle"
    },
    {
      "type": "insert-node",
      "node": {
        "label": "boolean",
        "type": "VARIABLE_TYPE"
      },
      "location-after-char-start": 0,
      "location-after-char-end": 0,
      "node-str": "boolean"
    },
    {
      "type": "insert-node",
      "node": {
        "label": "false",
        "type": "Literal"
      },
      "location-after-char-start": 8159,
      "location-after-char-end": 8163,
      "node-str": "false"
    },
    {
      "type": "insert-node",
      "node": {
        "label": "org.eclipse.swt.custom.CBanner",
        "type": "VARIABLE_TYPE"
      },
      "location-after-char-start": 0,
      "location-after-char-end": 0,
      "node-str": "org.eclipse.swt.custom.CBanner"
    },
    {
      "type": "insert-node",
      "node": {
        "label": "org.eclipse.ui.internal.layout.IWindowTrim",
        "type": "VARIABLE_TYPE"
      },
      "location-after-char-start": 0,
      "location-after-char-end": 0,
      "node-str": "org.eclipse.ui.internal.layout.IWindowTrim"
    },
    {
      "type": "insert-node",
      "node": {
        "label": "org.eclipse.swt.widgets.Composite",
        "type": "VARIABLE_TYPE"
      },
      "location-after-char-start": 0,
      "location-after-char-end": 0,
      "node-str": "org.eclipse.swt.widgets.Composite"
    },
    {
      "type": "insert-node",
      "node": {
        "label": "int",
        "type": "VARIABLE_TYPE"
      },
      "location-after-char-start": 0,
      "location-after-char-end": 0,
      "node-str": "int"
    },
    {
      "type": "insert-node",
      "node": {
        "label": "0x0",
        "type": "Literal"
      },
      "location-after-char-start": 8660,
      "location-after-char-end": 8663,
      "node-str": "0x0"
    },
    {
      "type": "insert-node",
      "node": {
        "label": "org.eclipse.ui.internal.WorkbenchWindowConfigurer",
        "type": "VARIABLE_TYPE"
      },
      "location-after-char-start": 0,
      "location-after-char-end": 0,
      "node-str": "org.eclipse.ui.internal.WorkbenchWindowConfigurer"
    },
    {
      "type": "insert-node",
      "node": {
        "label": "null",
        "type": "Literal"
      },
      "location-after-char-start": 8862,
      "location-after-char-end": 8865,
      "node-str": "null"
    },
    {
      "type": "insert-node",
      "node": {
        "label": "org.eclipse.core.runtime.ListenerList",
        "type": "VARIABLE_TYPE"
      },
      "location-after-char-start": 0,
      "location-after-char-end": 0,
      "node-str": "org.eclipse.core.runtime.ListenerList"
    },
    {
      "type": "insert-node",
      "node": {
        "label": "org.eclipse.core.runtime.ListenerList()",
        "type": "ConstructorCall"
      },
      "location-after-char-start": 8989,
      "location-after-char-end": 9006,
      "node-str": "org.eclipse.core.runtime.ListenerList()"
    },
    {
      "type": "insert-node",
      "node": {
        "label": "org.eclipse.ui.internal.ShellPool",
        "type": "VARIABLE_TYPE"
      },
      "location-after-char-start": 0,
      "location-after-char-end": 0,
      "node-str": "org.eclipse.ui.internal.ShellPool"
    },
    {
      "type": "insert-node",
      "node": {
        "label": "org.eclipse.ui.internal.TrimDropTarget",
        "type": "VARIABLE_TYPE"
      },
      "location-after-char-start": 0,
      "location-after-char-end": 0,
      "node-str": "org.eclipse.ui.internal.TrimDropTarget"
    },
    {
      "type": "insert-node",
      "node": {
        "label": "boolean",
        "type": "VARIABLE_TYPE"
      },
      "location-after-char-start": 0,
      "location-after-char-end": 0,
      "node-str": "boolean"
    },
    {
      "type": "insert-node",
      "node": {
        "label": "true",
        "type": "Literal"
      },
      "location-after-char-start": 13447,
      "location-after-char-end": 13450,
      "node-str": "true"
    },
    {
      "type": "insert-node",
      "node": {
        "label": "boolean",
        "type": "VARIABLE_TYPE"
      },
      "location-after-char-start": 0,
      "location-after-char-end": 0,
      "node-str": "boolean"
    },
    {
      "type": "insert-node",
      "node": {
        "label": "true",
        "type": "Literal"
      },
      "location-after-char-start": 13495,
      "location-after-char-end": 13498,
      "node-str": "true"
    },
    {
      "type": "insert-node",
      "node": {
        "label": "boolean",
        "type": "VARIABLE_TYPE"
      },
      "location-after-char-start": 0,
      "location-after-char-end": 0,
      "node-str": "boolean"
    },
    {
      "type": "insert-node",
      "node": {
        "label": "true",
        "type": "Literal"
      },
      "location-after-char-start": 13541,
      "location-after-char-end": 13544,
      "node-str": "true"
    },
    {
      "type": "insert-node",
      "node": {
        "label": "boolean",
        "type": "VARIABLE_TYPE"
      },
      "location-after-char-start": 0,
      "location-after-char-end": 0,
      "node-str": "boolean"
    },
    {
      "type": "insert-node",
      "node": {
        "label": "true",
        "type": "Literal"
      },
      "location-after-char-start": 13585,
      "location-after-char-end": 13588,
      "node-str": "true"
    },
    {
      "type": "insert-node",
      "node": {
        "label": "org.eclipse.ui.internal.layout.IWindowTrim",
        "type": "VARIABLE_TYPE"
      },
      "location-after-char-start": 0,
      "location-after-char-end": 0,
      "node-str": "org.eclipse.ui.internal.layout.IWindowTrim"
    },
    {
      "type": "insert-node",
      "node": {
        "label": "null",
        "type": "Literal"
      },
      "location-after-char-start": 13630,
      "location-after-char-end": 13633,
      "node-str": "null"
    },
    {
      "type": "insert-node",
      "node": {
        "label": "java.util.Map",
        "type": "VARIABLE_TYPE"
      },
      "location-after-char-start": 0,
      "location-after-char-end": 0,
      "node-str": "java.util.Map"
    },
    {
      "type": "insert-node",
      "node": {
        "label": "java.util.HashMap()",
        "type": "ConstructorCall"
      },
      "location-after-char-start": 13988,
      "location-after-char-end": 14000,
      "node-str": "java.util.HashMap()"
    },
    {
      "type": "insert-node",
      "node": {
        "label": "java.util.List",
        "type": "VARIABLE_TYPE"
      },
      "location-after-char-start": 0,
      "location-after-char-end": 0,
      "node-str": "java.util.List"
    },
    {
      "type": "insert-node",
      "node": {
        "label": "java.util.ArrayList()",
        "type": "ConstructorCall"
      },
      "location-after-char-start": 14192,
      "location-after-char-end": 14206,
      "node-str": "java.util.ArrayList()"
    },
    {
      "type": "insert-node",
      "node": {
        "label": "int",
        "type": "VARIABLE_TYPE"
      },
      "location-after-char-start": 0,
      "location-after-char-end": 0,
      "node-str": "int"
    },
    {
      "type": "insert-node",
      "node": {
        "label": "0",
        "type": "Literal"
      },
      "location-after-char-start": 14410,
      "location-after-char-end": 14410,
      "node-str": "0"
    },
    {
      "type": "insert-node",
      "node": {
        "label": "org.eclipse.core.runtime.dynamichelpers.IExtensionTracker",
        "type": "VARIABLE_TYPE"
      },
      "location-after-char-start": 0,
      "location-after-char-end": 0,
      "node-str": "org.eclipse.core.runtime.dynamichelpers.IExtensionTracker"
    },
    {
      "type": "insert-node",
      "node": {
        "label": "org.eclipse.ui.IWorkbenchPage",
        "type": "RETURN_TYPE"
      },
      "location-after-char-start": 0,
      "location-after-char-end": 0,
      "node-str": "org.eclipse.ui.IWorkbenchPage"
    },
    {
      "type": "insert-node",
      "node": {
        "label": "org.eclipse.ui.WorkbenchException",
        "type": "THROWS"
      },
      "location-after-char-start": 0,
      "location-after-char-end": 0,
      "node-str": "org.eclipse.ui.WorkbenchException"
    },
    {
      "type": "insert-node",
      "node": {
        "label": "protected",
        "type": "Modifier"
      },
      "location-after-char-start": 0,
      "location-after-char-end": 0,
      "node-str": "protected"
    },
    {
      "type": "insert-node",
      "node": {
        "label": "perspID",
        "type": "Parameter"
      },
      "location-after-char-start": 23600,
      "location-after-char-end": 23613,
      "node-str": "perspID"
    },
    {
      "type": "insert-node",
      "node": {
        "label": "input",
        "type": "Parameter"
      },
      "location-after-char-start": 23616,
      "location-after-char-end": 23631,
      "node-str": "input"
    },
    {
      "type": "insert-node",
      "node": {
        "label": "newPage",
        "type": "LocalVariable"
      },
      "location-after-char-start": 23667,
      "location-after-char-end": 23696,
      "node-str": "newPage"
    },
    {
      "type": "insert-node",
      "node": {
        "label": "if",
        "type": "If"
      },
      "location-after-char-start": 23701,
      "location-after-char-end": 24078,
      "node-str": "if"
    },
    {
      "type": "insert-node",
      "node": {
        "label": "return",
        "type": "Return"
      },
      "location-after-char-start": 24083,
      "location-after-char-end": 24097,
      "node-str": "return"
    },
    {
      "type": "insert-node",
      "node": {
        "label": "public",
        "type": "Modifier"
      },
      "location-after-char-start": 0,
      "location-after-char-end": 0,
      "node-str": "public"
    },
    {
      "type": "insert-node",
      "node": {
        "label": "void",
        "type": "RETURN_TYPE"
      },
      "location-after-char-start": 0,
      "location-after-char-end": 0,
      "node-str": "void"
    },
    {
      "type": "insert-node",
      "node": {
        "label": "public",
        "type": "Modifier"
      },
      "location-after-char-start": 0,
      "location-after-char-end": 0,
      "node-str": "public"
    },
    {
      "type": "insert-node",
      "node": {
        "label": "page",
        "type": "Parameter"
      },
      "location-after-char-start": 40624,
      "location-after-char-end": 40642,
      "node-str": "page"
    },
    {
      "type": "insert-node",
      "node": {
        "label": "perspective",
        "type": "Parameter"
      },
      "location-after-char-start": 40648,
      "location-after-char-end": 40681,
      "node-str": "perspective"
    },
    {
      "type": "insert-node",
      "node": {
        "label": "partRef",
        "type": "Parameter"
      },
      "location-after-char-start": 40687,
      "location-after-char-end": 40717,
      "node-str": "partRef"
    },
    {
      "type": "insert-node",
      "node": {
        "label": "changeId",
        "type": "Parameter"
      },
      "location-after-char-start": 40720,
      "location-after-char-end": 40734,
      "node-str": "changeId"
    },
    {
      "type": "move-subtree",
      "node": {
        "label": "if",
        "type": "If"
      },
      "location-before-char-start": 40628,
      "location-before-char-end": 40846,
      "location-after-char-start": 40839,
      "location-after-char-end": 41057,
      "node-str": "if"
    },
    {
      "type": "insert-node",
      "node": {
        "label": "org.eclipse.core.runtime.ListenerList",
        "type": "VARIABLE_TYPE"
      },
      "location-after-char-start": 0,
      "location-after-char-end": 0,
      "node-str": "org.eclipse.core.runtime.ListenerList"
    },
    {
      "type": "insert-node",
      "node": {
        "label": "null",
        "type": "Literal"
      },
      "location-after-char-start": 93356,
      "location-after-char-end": 93359,
      "node-str": "null"
    },
    {
      "type": "insert-node",
      "node": {
        "label": "void",
        "type": "RETURN_TYPE"
      },
      "location-after-char-start": 0,
      "location-after-char-end": 0,
      "node-str": "void"
    },
    {
      "type": "insert-node",
      "node": {
        "label": "updateLayoutDataForContents",
        "type": "Invocation"
      },
      "location-after-char-start": 108629,
      "location-after-char-end": 108658,
      "node-str": "updateLayoutDataForContents"
    },
    {
      "type": "insert-node",
      "node": {
        "label": "java.lang.String",
        "type": "VARIABLE_TYPE"
      },
      "location-after-char-start": 0,
      "location-after-char-end": 0,
      "node-str": "java.lang.String"
    },
    {
      "type": "insert-node",
      "node": {
        "label": "org.eclipse.core.runtime.IAdaptable",
        "type": "VARIABLE_TYPE"
      },
      "location-after-char-start": 0,
      "location-after-char-end": 0,
      "node-str": "org.eclipse.core.runtime.IAdaptable"
    },
    {
      "type": "insert-node",
      "node": {
        "label": "org.eclipse.ui.IWorkbenchPage",
        "type": "VARIABLE_TYPE"
      },
      "location-after-char-start": 0,
      "location-after-char-end": 0,
      "node-str": "org.eclipse.ui.IWorkbenchPage"
    },
    {
      "type": "insert-node",
      "node": {
        "label": "null",
        "type": "Literal"
      },
      "location-after-char-start": 23692,
      "location-after-char-end": 23695,
      "node-str": "null"
    },
    {
      "type": "insert-node",
      "node": {
        "label": "isEmpty",
        "type": "Invocation"
      },
      "location-after-char-start": 23705,
      "location-after-char-end": 23722,
      "node-str": "isEmpty"
    },
    {
      "type": "insert-node",
      "node": {
        "label": "THEN",
        "type": "then"
      },
      "location-after-char-start": 23725,
      "location-after-char-end": 23943,
      "node-str": "THEN"
    },
    {
      "type": "move-subtree",
      "node": {
        "label": "ELSE",
        "type": "else"
      },
      "location-before-char-start": 23753,
      "location-before-char-end": 23881,
      "location-after-char-start": 23950,
      "location-after-char-end": 24078,
      "node-str": "ELSE"
    },
    {
      "type": "insert-node",
      "node": {
        "label": "newPage",
        "type": "VariableRead"
      },
      "location-after-char-start": 24090,
      "location-after-char-end": 24096,
      "node-str": "newPage"
    },
    {
      "type": "insert-node",
      "node": {
        "label": "org.eclipse.ui.IWorkbenchPage",
        "type": "VARIABLE_TYPE"
      },
      "location-after-char-start": 0,
      "location-after-char-end": 0,
      "node-str": "org.eclipse.ui.IWorkbenchPage"
    },
    {
      "type": "insert-node",
      "node": {
        "label": "org.eclipse.ui.IPerspectiveDescriptor",
        "type": "VARIABLE_TYPE"
      },
      "location-after-char-start": 0,
      "location-after-char-end": 0,
      "node-str": "org.eclipse.ui.IPerspectiveDescriptor"
    },
    {
      "type": "insert-node",
      "node": {
        "label": "org.eclipse.ui.IWorkbenchPartReference",
        "type": "VARIABLE_TYPE"
      },
      "location-after-char-start": 0,
      "location-after-char-end": 0,
      "node-str": "org.eclipse.ui.IWorkbenchPartReference"
    },
    {
      "type": "insert-node",
      "node": {
        "label": "java.lang.String",
        "type": "VARIABLE_TYPE"
      },
      "location-after-char-start": 0,
      "location-after-char-end": 0,
      "node-str": "java.lang.String"
    },
    {
      "type": "insert-node",
      "node": {
        "label": "org.eclipse.ui.internal.WorkbenchWindow",
        "type": "TypeAccess"
      },
      "location-after-char-start": 0,
      "location-after-char-end": 0,
      "node-str": "org.eclipse.ui.internal.WorkbenchWindow"
    },
    {
      "type": "insert-node",
      "node": {
        "label": "pageList",
        "type": "FieldRead"
      },
      "location-after-char-start": 23705,
      "location-after-char-end": 23712,
      "node-str": "pageList"
    },
    {
      "type": "insert-node",
      "node": {
        "label": "\u003d",
        "type": "Assignment"
      },
      "location-after-char-start": 23730,
      "location-after-char-end": 23858,
      "node-str": "\u003d"
    },
    {
      "type": "insert-node",
      "node": {
        "label": "add",
        "type": "Invocation"
      },
      "location-after-char-start": 23863,
      "location-after-char-end": 23884,
      "node-str": "add"
    },
    {
      "type": "insert-node",
      "node": {
        "label": "firePageOpened",
        "type": "Invocation"
      },
      "location-after-char-start": 23889,
      "location-after-char-end": 23912,
      "node-str": "firePageOpened"
    },
    {
      "type": "insert-node",
      "node": {
        "label": "setActivePage",
        "type": "Invocation"
      },
      "location-after-char-start": 23917,
      "location-after-char-end": 23939,
      "node-str": "setActivePage"
    },
    {
      "type": "insert-node",
      "node": {
        "label": "org.eclipse.ui.internal.WorkbenchWindow",
        "type": "TypeAccess"
      },
      "location-after-char-start": 0,
      "location-after-char-end": 0,
      "node-str": "org.eclipse.ui.internal.WorkbenchWindow"
    },
    {
      "type": "insert-node",
      "node": {
        "label": "newPage",
        "type": "VariableWrite"
      },
      "location-after-char-start": 23730,
      "location-after-char-end": 23736,
      "node-str": "newPage"
    },
    {
      "type": "insert-node",
      "node": {
        "label": "createWorkbenchPage",
        "type": "Invocation"
      },
      "location-after-char-start": 23740,
      "location-after-char-end": 23857,
      "node-str": "createWorkbenchPage"
    },
    {
      "type": "insert-node",
      "node": {
        "label": "pageList",
        "type": "FieldRead"
      },
      "location-after-char-start": 23863,
      "location-after-char-end": 23870,
      "node-str": "pageList"
    },
    {
      "type": "insert-node",
      "node": {
        "label": "newPage",
        "type": "VariableRead"
      },
      "location-after-char-start": 23876,
      "location-after-char-end": 23882,
      "node-str": "newPage"
    },
    {
      "type": "insert-node",
      "node": {
        "label": "org.eclipse.ui.internal.WorkbenchWindow",
        "type": "TypeAccess"
      },
      "location-after-char-start": 0,
      "location-after-char-end": 0,
      "node-str": "org.eclipse.ui.internal.WorkbenchWindow"
    },
    {
      "type": "insert-node",
      "node": {
        "label": "newPage",
        "type": "VariableRead"
      },
      "location-after-char-start": 23904,
      "location-after-char-end": 23910,
      "node-str": "newPage"
    },
    {
      "type": "insert-node",
      "node": {
        "label": "org.eclipse.ui.internal.WorkbenchWindow",
        "type": "TypeAccess"
      },
      "location-after-char-start": 0,
      "location-after-char-end": 0,
      "node-str": "org.eclipse.ui.internal.WorkbenchWindow"
    },
    {
      "type": "insert-node",
      "node": {
        "label": "newPage",
        "type": "VariableRead"
      },
      "location-after-char-start": 23931,
      "location-after-char-end": 23937,
      "node-str": "newPage"
    },
    {
      "type": "insert-node",
      "node": {
        "label": "get",
        "type": "Invocation"
      },
      "location-after-char-start": 23740,
      "location-after-char-end": 23815,
      "node-str": "get"
    },
    {
      "type": "insert-node",
      "node": {
        "label": "this",
        "type": "ThisAccess"
      },
      "location-after-char-start": 23837,
      "location-after-char-end": 23840,
      "node-str": "this"
    },
    {
      "type": "insert-node",
      "node": {
        "label": "perspID",
        "type": "VariableRead"
      },
      "location-after-char-start": 23843,
      "location-after-char-end": 23849,
      "node-str": "perspID"
    },
    {
      "type": "insert-node",
      "node": {
        "label": "input",
        "type": "VariableRead"
      },
      "location-after-char-start": 23852,
      "location-after-char-end": 23856,
      "node-str": "input"
    },
    {
      "type": "insert-node",
      "node": {
        "label": "org.eclipse.ui.internal.WorkbenchWindow",
        "type": "TypeAccess"
      },
      "location-after-char-start": 0,
      "location-after-char-end": 0,
      "node-str": "org.eclipse.ui.internal.WorkbenchWindow"
    },
    {
      "type": "insert-node",
      "node": {
        "label": "org.eclipse.ui.internal.tweaklets.Tweaklets",
        "type": "TypeAccess"
      },
      "location-after-char-start": 23767,
      "location-after-char-end": 23775,
      "node-str": "org.eclipse.ui.internal.tweaklets.Tweaklets"
    },
    {
      "type": "insert-node",
      "node": {
        "label": "WorkbenchImplementation.KEY",
        "type": "TypeAccess"
      },
      "location-after-char-start": 23787,
      "location-after-char-end": 23813,
      "node-str": "WorkbenchImplementation.KEY"
    },
    {
      "type": "insert-node",
      "node": {
        "label": "org.eclipse.ui.internal.WorkbenchWindow",
        "type": "TypeAccess"
      },
      "location-after-char-start": 0,
      "location-after-char-end": 0,
      "node-str": "org.eclipse.ui.internal.WorkbenchWindow"
    },
    {
      "type": "insert-node",
      "node": {
        "label": "createWorkbenchPage",
        "type": "Invocation"
      },
      "location-after-char-start": 62470,
      "location-after-char-end": 62602,
      "node-str": "createWorkbenchPage"
    },
    {
      "type": "insert-node",
      "node": {
        "label": "get",
        "type": "Invocation"
      },
      "location-after-char-start": 62470,
      "location-after-char-end": 62548,
      "node-str": "get"
    },
    {
      "type": "move-subtree",
      "node": {
        "label": "this",
        "type": "ThisAccess"
      },
      "location-before-char-start": 62277,
      "location-before-char-end": 62296,
      "location-after-char-start": 62570,
      "location-after-char-end": 62589,
      "node-str": "this"
    },
    {
      "type": "move-subtree",
      "node": {
        "label": "finalInput",
        "type": "VariableRead"
      },
      "location-before-char-start": 62299,
      "location-before-char-end": 62308,
      "location-after-char-start": 62592,
      "location-after-char-end": 62601,
      "node-str": "finalInput"
    },
    {
      "type": "insert-node",
      "node": {
        "label": "org.eclipse.ui.internal.tweaklets.Tweaklets",
        "type": "TypeAccess"
      },
      "location-after-char-start": 62497,
      "location-after-char-end": 62505,
      "node-str": "org.eclipse.ui.internal.tweaklets.Tweaklets"
    },
    {
      "type": "insert-node",
      "node": {
        "label": "WorkbenchImplementation.KEY",
        "type": "TypeAccess"
      },
      "location-after-char-start": 62520,
      "location-after-char-end": 62546,
      "node-str": "WorkbenchImplementation.KEY"
    },
    {
      "type": "insert-node",
      "node": {
        "label": "createWorkbenchPage",
        "type": "Invocation"
      },
      "location-after-char-start": 63617,
      "location-after-char-end": 63784,
      "node-str": "createWorkbenchPage"
    },
    {
      "type": "insert-node",
      "node": {
        "label": "get",
        "type": "Invocation"
      },
      "location-after-char-start": 63617,
      "location-after-char-end": 63696,
      "node-str": "get"
    },
    {
      "type": "move-subtree",
      "node": {
        "label": "this",
        "type": "ThisAccess"
      },
      "location-before-char-start": 63342,
      "location-before-char-end": 63361,
      "location-after-char-start": 63718,
      "location-after-char-end": 63737,
      "node-str": "this"
    },
    {
      "type": "move-subtree",
      "node": {
        "label": "defPerspID",
        "type": "VariableRead"
      },
      "location-before-char-start": 63364,
      "location-before-char-end": 63373,
      "location-after-char-start": 63740,
      "location-after-char-end": 63749,
      "node-str": "defPerspID"
    },
    {
      "type": "move-subtree",
      "node": {
        "label": "getDefaultPageInput",
        "type": "Invocation"
      },
      "location-before-char-start": 63385,
      "location-before-char-end": 63405,
      "location-after-char-start": 63763,
      "location-after-char-end": 63783,
      "node-str": "getDefaultPageInput"
    },
    {
      "type": "insert-node",
      "node": {
        "label": "org.eclipse.ui.internal.tweaklets.Tweaklets",
        "type": "TypeAccess"
      },
      "location-after-char-start": 63644,
      "location-after-char-end": 63652,
      "node-str": "org.eclipse.ui.internal.tweaklets.Tweaklets"
    },
    {
      "type": "insert-node",
      "node": {
        "label": "WorkbenchImplementation.KEY",
        "type": "TypeAccess"
      },
      "location-after-char-start": 63668,
      "location-after-char-end": 63694,
      "node-str": "WorkbenchImplementation.KEY"
    },
    {
      "type": "delete-node",
      "node": {
        "label": "public",
        "type": "Modifier"
      },
      "location-before-char-start": 0,
      "location-before-char-end": 0,
      "node-str": "public"
    },
    {
      "type": "delete-node",
      "node": {
        "label": "org.eclipse.jface.window.ApplicationWindow",
        "type": "SUPER_TYPE"
      },
      "location-before-char-start": 0,
      "location-before-char-end": 0,
      "node-str": "org.eclipse.jface.window.ApplicationWindow"
    },
    {
      "type": "delete-node",
      "node": {
        "label": "",
        "type": "TypeReference"
      },
      "location-before-char-start": 6585,
      "location-before-char-end": 6601,
      "node-str": ""
    },
    {
      "type": "delete-node",
      "node": {
        "label": "org.eclipse.ui.application.WorkbenchWindowAdvisor",
        "type": "VARIABLE_TYPE"
      },
      "location-before-char-start": 0,
      "location-before-char-end": 0,
      "node-str": "org.eclipse.ui.application.WorkbenchWindowAdvisor"
    },
    {
      "type": "delete-node",
      "node": {
        "label": "windowAdvisor",
        "type": "Field"
      },
      "location-before-char-start": 6637,
      "location-before-char-end": 6681,
      "node-str": "windowAdvisor"
    },
    {
      "type": "delete-node",
      "node": {
        "label": "org.eclipse.ui.application.ActionBarAdvisor",
        "type": "VARIABLE_TYPE"
      },
      "location-before-char-start": 0,
      "location-before-char-end": 0,
      "node-str": "org.eclipse.ui.application.ActionBarAdvisor"
    },
    {
      "type": "delete-node",
      "node": {
        "label": "actionBarAdvisor",
        "type": "Field"
      },
      "location-before-char-start": 6685,
      "location-before-char-end": 6726,
      "node-str": "actionBarAdvisor"
    },
    {
      "type": "delete-node",
      "node": {
        "label": "int",
        "type": "VARIABLE_TYPE"
      },
      "location-before-char-start": 0,
      "location-before-char-end": 0,
      "node-str": "int"
    },
    {
      "type": "delete-node",
      "node": {
        "label": "number",
        "type": "Field"
      },
      "location-before-char-start": 6730,
      "location-before-char-end": 6748,
      "node-str": "number"
    },
    {
      "type": "delete-node",
      "node": {
        "label": "org.eclipse.ui.internal.WorkbenchWindow$PageList",
        "type": "VARIABLE_TYPE"
      },
      "location-before-char-start": 0,
      "location-before-char-end": 0,
      "node-str": "org.eclipse.ui.internal.WorkbenchWindow$PageList"
    },
    {
      "type": "delete-node",
      "node": {
        "label": "org.eclipse.ui.internal.WorkbenchWindow$PageList()",
        "type": "ConstructorCall"
      },
      "location-before-char-start": 6780,
      "location-before-char-end": 6793,
      "node-str": "org.eclipse.ui.internal.WorkbenchWindow$PageList()"
    },
    {
      "type": "delete-node",
      "node": {
        "label": "pageList",
        "type": "Field"
      },
      "location-before-char-start": 6752,
      "location-before-char-end": 6794,
      "node-str": "pageList"
    },
    {
      "type": "delete-node",
      "node": {
        "label": "org.eclipse.ui.internal.PageListenerList",
        "type": "VARIABLE_TYPE"
      },
      "location-before-char-start": 0,
      "location-before-char-end": 0,
      "node-str": "org.eclipse.ui.internal.PageListenerList"
    },
    {
      "type": "delete-node",
      "node": {
        "label": "org.eclipse.ui.internal.PageListenerList()",
        "type": "ConstructorCall"
      },
      "location-before-char-start": 6839,
      "location-before-char-end": 6860,
      "node-str": "org.eclipse.ui.internal.PageListenerList()"
    },
    {
      "type": "delete-node",
      "node": {
        "label": "pageListeners",
        "type": "Field"
      },
      "location-before-char-start": 6798,
      "location-before-char-end": 6861,
      "node-str": "pageListeners"
    },
    {
      "type": "delete-node",
      "node": {
        "label": "org.eclipse.ui.internal.PerspectiveListenerList",
        "type": "VARIABLE_TYPE"
      },
      "location-before-char-start": 0,
      "location-before-char-end": 0,
      "node-str": "org.eclipse.ui.internal.PerspectiveListenerList"
    },
    {
      "type": "delete-node",
      "node": {
        "label": "org.eclipse.ui.internal.PerspectiveListenerList()",
        "type": "ConstructorCall"
      },
      "location-before-char-start": 6920,
      "location-before-char-end": 6948,
      "node-str": "org.eclipse.ui.internal.PerspectiveListenerList()"
    },
    {
      "type": "delete-node",
      "node": {
        "label": "perspectiveListeners",
        "type": "Field"
      },
      "location-before-char-start": 6865,
      "location-before-char-end": 6949,
      "node-str": "perspectiveListeners"
    },
    {
      "type": "delete-node",
      "node": {
        "label": "org.eclipse.ui.internal.ActionPresentation",
        "type": "VARIABLE_TYPE"
      },
      "location-before-char-start": 0,
      "location-before-char-end": 0,
      "node-str": "org.eclipse.ui.internal.ActionPresentation"
    },
    {
      "type": "delete-node",
      "node": {
        "label": "actionPresentation",
        "type": "Field"
      },
      "location-before-char-start": 7020,
      "location-before-char-end": 7065,
      "node-str": "actionPresentation"
    },
    {
      "type": "delete-node",
      "node": {
        "label": "org.eclipse.ui.internal.WWinActionBars",
        "type": "VARIABLE_TYPE"
      },
      "location-before-char-start": 0,
      "location-before-char-end": 0,
      "node-str": "org.eclipse.ui.internal.WWinActionBars"
    },
    {
      "type": "delete-node",
      "node": {
        "label": "actionBars",
        "type": "Field"
      },
      "location-before-char-start": 7069,
      "location-before-char-end": 7102,
      "node-str": "actionBars"
    },
    {
      "type": "delete-node",
      "node": {
        "label": "boolean",
        "type": "VARIABLE_TYPE"
      },
      "location-before-char-start": 0,
      "location-before-char-end": 0,
      "node-str": "boolean"
    },
    {
      "type": "delete-node",
      "node": {
        "label": "true",
        "type": "Literal"
      },
      "location-before-char-start": 7139,
      "location-before-char-end": 7142,
      "node-str": "true"
    },
    {
      "type": "delete-node",
      "node": {
        "label": "updateDisabled",
        "type": "Field"
      },
      "location-before-char-start": 7106,
      "location-before-char-end": 7143,
      "node-str": "updateDisabled"
    },
    {
      "type": "delete-node",
      "node": {
        "label": "boolean",
        "type": "VARIABLE_TYPE"
      },
      "location-before-char-start": 0,
      "location-before-char-end": 0,
      "node-str": "boolean"
    },
    {
      "type": "delete-node",
      "node": {
        "label": "false",
        "type": "Literal"
      },
      "location-before-char-start": 7173,
      "location-before-char-end": 7177,
      "node-str": "false"
    },
    {
      "type": "delete-node",
      "node": {
        "label": "closing",
        "type": "Field"
      },
      "location-before-char-start": 7147,
      "location-before-char-end": 7178,
      "node-str": "closing"
    },
    {
      "type": "delete-node",
      "node": {
        "label": "boolean",
        "type": "VARIABLE_TYPE"
      },
      "location-before-char-start": 0,
      "location-before-char-end": 0,
      "node-str": "boolean"
    },
    {
      "type": "delete-node",
      "node": {
        "label": "false",
        "type": "Literal"
      },
      "location-before-char-start": 7215,
      "location-before-char-end": 7219,
      "node-str": "false"
    },
    {
      "type": "delete-node",
      "node": {
        "label": "shellActivated",
        "type": "Field"
      },
      "location-before-char-start": 7182,
      "location-before-char-end": 7220,
      "node-str": "shellActivated"
    },
    {
      "type": "delete-node",
      "node": {
        "label": "org.eclipse.ui.internal.FastViewBar",
        "type": "VARIABLE_TYPE"
      },
      "location-before-char-start": 0,
      "location-before-char-end": 0,
      "node-str": "org.eclipse.ui.internal.FastViewBar"
    },
    {
      "type": "delete-node",
      "node": {
        "label": "fastViewBar",
        "type": "Field"
      },
      "location-before-char-start": 7224,
      "location-before-char-end": 7255,
      "node-str": "fastViewBar"
    },
    {
      "type": "delete-node",
      "node": {
        "label": "org.eclipse.ui.internal.PerspectiveSwitcher",
        "type": "VARIABLE_TYPE"
      },
      "location-before-char-start": 0,
      "location-before-char-end": 0,
      "node-str": "org.eclipse.ui.internal.PerspectiveSwitcher"
    },
    {
      "type": "delete-node",
      "node": {
        "label": "null",
        "type": "Literal"
      },
      "location-before-char-start": 7309,
      "location-before-char-end": 7312,
      "node-str": "null"
    },
    {
      "type": "delete-node",
      "node": {
        "label": "perspectiveSwitcher",
        "type": "Field"
      },
      "location-before-char-start": 7259,
      "location-before-char-end": 7313,
      "node-str": "perspectiveSwitcher"
    },
    {
      "type": "delete-node",
      "node": {
        "label": "org.eclipse.ui.internal.layout.TrimLayout",
        "type": "VARIABLE_TYPE"
      },
      "location-before-char-start": 0,
      "location-before-char-end": 0,
      "node-str": "org.eclipse.ui.internal.layout.TrimLayout"
    },
    {
      "type": "delete-node",
      "node": {
        "label": "defaultLayout",
        "type": "Field"
      },
      "location-before-char-start": 7317,
      "location-before-char-end": 7349,
      "node-str": "defaultLayout"
    },
    {
      "type": "delete-node",
      "node": {
        "label": "org.eclipse.ui.internal.progress.ProgressRegion",
        "type": "VARIABLE_TYPE"
      },
      "location-before-char-start": 0,
      "location-before-char-end": 0,
      "node-str": "org.eclipse.ui.internal.progress.ProgressRegion"
    },
    {
      "type": "delete-node",
      "node": {
        "label": "null",
        "type": "Literal"
      },
      "location-before-char-start": 7385,
      "location-before-char-end": 7388,
      "node-str": "null"
    },
    {
      "type": "delete-node",
      "node": {
        "label": "progressRegion",
        "type": "Field"
      },
      "location-before-char-start": 7353,
      "location-before-char-end": 7389,
      "node-str": "progressRegion"
    },
    {
      "type": "delete-node",
      "node": {
        "label": "org.eclipse.ui.internal.menus.TrimBarManager2",
        "type": "VARIABLE_TYPE"
      },
      "location-before-char-start": 0,
      "location-before-char-end": 0,
      "node-str": "org.eclipse.ui.internal.menus.TrimBarManager2"
    },
    {
      "type": "delete-node",
      "node": {
        "label": "null",
        "type": "Literal"
      },
      "location-before-char-start": 7467,
      "location-before-char-end": 7470,
      "node-str": "null"
    },
    {
      "type": "delete-node",
      "node": {
        "label": "trimMgr2",
        "type": "Field"
      },
      "location-before-char-start": 7393,
      "location-before-char-end": 7471,
      "node-str": "trimMgr2"
    },
    {
      "type": "delete-node",
      "node": {
        "label": "org.eclipse.ui.internal.menus.TrimContributionManager",
        "type": "VARIABLE_TYPE"
      },
      "location-before-char-start": 0,
      "location-before-char-end": 0,
      "node-str": "org.eclipse.ui.internal.menus.TrimContributionManager"
    },
    {
      "type": "delete-node",
      "node": {
        "label": "null",
        "type": "Literal"
      },
      "location-before-char-start": 7565,
      "location-before-char-end": 7568,
      "node-str": "null"
    },
    {
      "type": "delete-node",
      "node": {
        "label": "trimContributionMgr",
        "type": "Field"
      },
      "location-before-char-start": 7476,
      "location-before-char-end": 7569,
      "node-str": "trimContributionMgr"
    },
    {
      "type": "delete-node",
      "node": {
        "label": "org.eclipse.ui.internal.services.ServiceLocator",
        "type": "VARIABLE_TYPE"
      },
      "location-before-char-start": 0,
      "location-before-char-end": 0,
      "node-str": "org.eclipse.ui.internal.services.ServiceLocator"
    },
    {
      "type": "delete-node",
      "node": {
        "label": "final",
        "type": "Modifier"
      },
      "location-before-char-start": 0,
      "location-before-char-end": 0,
      "node-str": "final"
    },
    {
      "type": "delete-node",
      "node": {
        "label": "serviceLocator",
        "type": "Field"
      },
      "location-before-char-start": 7574,
      "location-before-char-end": 7793,
      "node-str": "serviceLocator"
    },
    {
      "type": "delete-node",
      "node": {
        "label": "org.eclipse.ui.internal.HeapStatus",
        "type": "VARIABLE_TYPE"
      },
      "location-before-char-start": 0,
      "location-before-char-end": 0,
      "node-str": "org.eclipse.ui.internal.HeapStatus"
    },
    {
      "type": "delete-node",
      "node": {
        "label": "heapStatus",
        "type": "Field"
      },
      "location-before-char-start": 7797,
      "location-before-char-end": 7826,
      "node-str": "heapStatus"
    },
    {
      "type": "delete-node",
      "node": {
        "label": "org.eclipse.ui.internal.WindowTrimProxy",
        "type": "VARIABLE_TYPE"
      },
      "location-before-char-start": 0,
      "location-before-char-end": 0,
      "node-str": "org.eclipse.ui.internal.WindowTrimProxy"
    },
    {
      "type": "delete-node",
      "node": {
        "label": "null",
        "type": "Literal"
      },
      "location-before-char-start": 7871,
      "location-before-char-end": 7874,
      "node-str": "null"
    },
    {
      "type": "delete-node",
      "node": {
        "label": "heapStatusTrim",
        "type": "Field"
      },
      "location-before-char-start": 7830,
      "location-before-char-end": 7875,
      "node-str": "heapStatusTrim"
    },
    {
      "type": "delete-node",
      "node": {
        "label": "boolean",
        "type": "VARIABLE_TYPE"
      },
      "location-before-char-start": 0,
      "location-before-char-end": 0,
      "node-str": "boolean"
    },
    {
      "type": "delete-node",
      "node": {
        "label": "false",
        "type": "Literal"
      },
      "location-before-char-start": 7924,
      "location-before-char-end": 7928,
      "node-str": "false"
    },
    {
      "type": "delete-node",
      "node": {
        "label": "emptyWindowContentsCreated",
        "type": "Field"
      },
      "location-before-char-start": 7879,
      "location-before-char-end": 7929,
      "node-str": "emptyWindowContentsCreated"
    },
    {
      "type": "delete-node",
      "node": {
        "label": "org.eclipse.swt.widgets.Control",
        "type": "VARIABLE_TYPE"
      },
      "location-before-char-start": 0,
      "location-before-char-end": 0,
      "node-str": "org.eclipse.swt.widgets.Control"
    },
    {
      "type": "delete-node",
      "node": {
        "label": "emptyWindowContents",
        "type": "Field"
      },
      "location-before-char-start": 7933,
      "location-before-char-end": 7968,
      "node-str": "emptyWindowContents"
    },
    {
      "type": "delete-node",
      "node": {
        "label": "org.eclipse.swt.graphics.Rectangle",
        "type": "VARIABLE_TYPE"
      },
      "location-before-char-start": 0,
      "location-before-char-end": 0,
      "node-str": "org.eclipse.swt.graphics.Rectangle"
    },
    {
      "type": "delete-node",
      "node": {
        "label": "normalBounds",
        "type": "Field"
      },
      "location-before-char-start": 7972,
      "location-before-char-end": 8002,
      "node-str": "normalBounds"
    },
    {
      "type": "delete-node",
      "node": {
        "label": "boolean",
        "type": "VARIABLE_TYPE"
      },
      "location-before-char-start": 0,
      "location-before-char-end": 0,
      "node-str": "boolean"
    },
    {
      "type": "delete-node",
      "node": {
        "label": "false",
        "type": "Literal"
      },
      "location-before-char-start": 8041,
      "location-before-char-end": 8045,
      "node-str": "false"
    },
    {
      "type": "delete-node",
      "node": {
        "label": "asMaximizedState",
        "type": "Field"
      },
      "location-before-char-start": 8006,
      "location-before-char-end": 8046,
      "node-str": "asMaximizedState"
    },
    {
      "type": "delete-node",
      "node": {
        "label": "org.eclipse.swt.custom.CBanner",
        "type": "VARIABLE_TYPE"
      },
      "location-before-char-start": 0,
      "location-before-char-end": 0,
      "node-str": "org.eclipse.swt.custom.CBanner"
    },
    {
      "type": "delete-node",
      "node": {
        "label": "topBar",
        "type": "Field"
      },
      "location-before-char-start": 8050,
      "location-before-char-end": 8072,
      "node-str": "topBar"
    },
    {
      "type": "delete-node",
      "node": {
        "label": "org.eclipse.ui.internal.layout.IWindowTrim",
        "type": "VARIABLE_TYPE"
      },
      "location-before-char-start": 0,
      "location-before-char-end": 0,
      "node-str": "org.eclipse.ui.internal.layout.IWindowTrim"
    },
    {
      "type": "delete-node",
      "node": {
        "label": "topBarTrim",
        "type": "Field"
      },
      "location-before-char-start": 8076,
      "location-before-char-end": 8106,
      "node-str": "topBarTrim"
    },
    {
      "type": "delete-node",
      "node": {
        "label": "org.eclipse.swt.widgets.Composite",
        "type": "VARIABLE_TYPE"
      },
      "location-before-char-start": 0,
      "location-before-char-end": 0,
      "node-str": "org.eclipse.swt.widgets.Composite"
    },
    {
      "type": "delete-node",
      "node": {
        "label": "pageComposite",
        "type": "Field"
      },
      "location-before-char-start": 8250,
      "location-before-char-end": 8380,
      "node-str": "pageComposite"
    },
    {
      "type": "delete-node",
      "node": {
        "label": "int",
        "type": "VARIABLE_TYPE"
      },
      "location-before-char-start": 0,
      "location-before-char-end": 0,
      "node-str": "int"
    },
    {
      "type": "delete-node",
      "node": {
        "label": "0x0",
        "type": "Literal"
      },
      "location-before-char-start": 8542,
      "location-before-char-end": 8545,
      "node-str": "0x0"
    },
    {
      "type": "delete-node",
      "node": {
        "label": "submenus",
        "type": "Field"
      },
      "location-before-char-start": 8384,
      "location-before-char-end": 8546,
      "node-str": "submenus"
    },
    {
      "type": "delete-node",
      "node": {
        "label": "org.eclipse.ui.internal.WorkbenchWindowConfigurer",
        "type": "VARIABLE_TYPE"
      },
      "location-before-char-start": 0,
      "location-before-char-end": 0,
      "node-str": "org.eclipse.ui.internal.WorkbenchWindowConfigurer"
    },
    {
      "type": "delete-node",
      "node": {
        "label": "null",
        "type": "Literal"
      },
      "location-before-char-start": 8744,
      "location-before-char-end": 8747,
      "node-str": "null"
    },
    {
      "type": "delete-node",
      "node": {
        "label": "windowConfigurer",
        "type": "Field"
      },
      "location-before-char-start": 8550,
      "location-before-char-end": 8748,
      "node-str": "windowConfigurer"
    },
    {
      "type": "delete-node",
      "node": {
        "label": "org.eclipse.core.runtime.ListenerList",
        "type": "VARIABLE_TYPE"
      },
      "location-before-char-start": 0,
      "location-before-char-end": 0,
      "node-str": "org.eclipse.core.runtime.ListenerList"
    },
    {
      "type": "delete-node",
      "node": {
        "label": "org.eclipse.core.runtime.ListenerList()",
        "type": "ConstructorCall"
      },
      "location-before-char-start": 8871,
      "location-before-char-end": 8888,
      "node-str": "org.eclipse.core.runtime.ListenerList()"
    },
    {
      "type": "delete-node",
      "node": {
        "label": "genericPropertyListeners",
        "type": "Field"
      },
      "location-before-char-start": 8753,
      "location-before-char-end": 8889,
      "node-str": "genericPropertyListeners"
    },
    {
      "type": "delete-node",
      "node": {
        "label": "org.eclipse.ui.internal.ShellPool",
        "type": "VARIABLE_TYPE"
      },
      "location-before-char-start": 0,
      "location-before-char-end": 0,
      "node-str": "org.eclipse.ui.internal.ShellPool"
    },
    {
      "type": "delete-node",
      "node": {
        "label": "detachedWindowShells",
        "type": "Field"
      },
      "location-before-char-start": 8893,
      "location-before-char-end": 8931,
      "node-str": "detachedWindowShells"
    },
    {
      "type": "delete-node",
      "node": {
        "label": "org.eclipse.ui.internal.TrimDropTarget",
        "type": "VARIABLE_TYPE"
      },
      "location-before-char-start": 0,
      "location-before-char-end": 0,
      "node-str": "org.eclipse.ui.internal.TrimDropTarget"
    },
    {
      "type": "delete-node",
      "node": {
        "label": "trimDropTarget",
        "type": "Field"
      },
      "location-before-char-start": 13255,
      "location-before-char-end": 13292,
      "node-str": "trimDropTarget"
    },
    {
      "type": "delete-node",
      "node": {
        "label": "boolean",
        "type": "VARIABLE_TYPE"
      },
      "location-before-char-start": 0,
      "location-before-char-end": 0,
      "node-str": "boolean"
    },
    {
      "type": "delete-node",
      "node": {
        "label": "true",
        "type": "Literal"
      },
      "location-before-char-start": 13329,
      "location-before-char-end": 13332,
      "node-str": "true"
    },
    {
      "type": "delete-node",
      "node": {
        "label": "coolBarVisible",
        "type": "Field"
      },
      "location-before-char-start": 13296,
      "location-before-char-end": 13333,
      "node-str": "coolBarVisible"
    },
    {
      "type": "delete-node",
      "node": {
        "label": "boolean",
        "type": "VARIABLE_TYPE"
      },
      "location-before-char-start": 0,
      "location-before-char-end": 0,
      "node-str": "boolean"
    },
    {
      "type": "delete-node",
      "node": {
        "label": "true",
        "type": "Literal"
      },
      "location-before-char-start": 13377,
      "location-before-char-end": 13380,
      "node-str": "true"
    },
    {
      "type": "delete-node",
      "node": {
        "label": "perspectiveBarVisible",
        "type": "Field"
      },
      "location-before-char-start": 13337,
      "location-before-char-end": 13381,
      "node-str": "perspectiveBarVisible"
    },
    {
      "type": "delete-node",
      "node": {
        "label": "boolean",
        "type": "VARIABLE_TYPE"
      },
      "location-before-char-start": 0,
      "location-before-char-end": 0,
      "node-str": "boolean"
    },
    {
      "type": "delete-node",
      "node": {
        "label": "true",
        "type": "Literal"
      },
      "location-before-char-start": 13423,
      "location-before-char-end": 13426,
      "node-str": "true"
    },
    {
      "type": "delete-node",
      "node": {
        "label": "fastViewBarVisible",
        "type": "Field"
      },
      "location-before-char-start": 13386,
      "location-before-char-end": 13427,
      "node-str": "fastViewBarVisible"
    },
    {
      "type": "delete-node",
      "node": {
        "label": "boolean",
        "type": "VARIABLE_TYPE"
      },
      "location-before-char-start": 0,
      "location-before-char-end": 0,
      "node-str": "boolean"
    },
    {
      "type": "delete-node",
      "node": {
        "label": "true",
        "type": "Literal"
      },
      "location-before-char-start": 13467,
      "location-before-char-end": 13470,
      "node-str": "true"
    },
    {
      "type": "delete-node",
      "node": {
        "label": "statusLineVisible",
        "type": "Field"
      },
      "location-before-char-start": 13431,
      "location-before-char-end": 13471,
      "node-str": "statusLineVisible"
    },
    {
      "type": "delete-node",
      "node": {
        "label": "org.eclipse.ui.internal.layout.IWindowTrim",
        "type": "VARIABLE_TYPE"
      },
      "location-before-char-start": 0,
      "location-before-char-end": 0,
      "node-str": "org.eclipse.ui.internal.layout.IWindowTrim"
    },
    {
      "type": "delete-node",
      "node": {
        "label": "null",
        "type": "Literal"
      },
      "location-before-char-start": 13512,
      "location-before-char-end": 13515,
      "node-str": "null"
    },
    {
      "type": "delete-node",
      "node": {
        "label": "statusLineTrim",
        "type": "Field"
      },
      "location-before-char-start": 13475,
      "location-before-char-end": 13516,
      "node-str": "statusLineTrim"
    },
    {
      "type": "delete-node",
      "node": {
        "label": "java.util.Map",
        "type": "VARIABLE_TYPE"
      },
      "location-before-char-start": 0,
      "location-before-char-end": 0,
      "node-str": "java.util.Map"
    },
    {
      "type": "delete-node",
      "node": {
        "label": "java.util.HashMap()",
        "type": "ConstructorCall"
      },
      "location-before-char-start": 13870,
      "location-before-char-end": 13882,
      "node-str": "java.util.HashMap()"
    },
    {
      "type": "delete-node",
      "node": {
        "label": "globalActionHandlersByCommandId",
        "type": "Field"
      },
      "location-before-char-start": 13520,
      "location-before-char-end": 13883,
      "node-str": "globalActionHandlersByCommandId"
    },
    {
      "type": "delete-node",
      "node": {
        "label": "java.util.List",
        "type": "VARIABLE_TYPE"
      },
      "location-before-char-start": 0,
      "location-before-char-end": 0,
      "node-str": "java.util.List"
    },
    {
      "type": "delete-node",
      "node": {
        "label": "java.util.ArrayList()",
        "type": "ConstructorCall"
      },
      "location-before-char-start": 14074,
      "location-before-char-end": 14088,
      "node-str": "java.util.ArrayList()"
    },
    {
      "type": "delete-node",
      "node": {
        "label": "handlerActivations",
        "type": "Field"
      },
      "location-before-char-start": 13887,
      "location-before-char-end": 14089,
      "node-str": "handlerActivations"
    },
    {
      "type": "delete-node",
      "node": {
        "label": "int",
        "type": "VARIABLE_TYPE"
      },
      "location-before-char-start": 0,
      "location-before-char-end": 0,
      "node-str": "int"
    },
    {
      "type": "delete-node",
      "node": {
        "label": "0",
        "type": "Literal"
      },
      "location-before-char-start": 14292,
      "location-before-char-end": 14292,
      "node-str": "0"
    },
    {
      "type": "delete-node",
      "node": {
        "label": "largeUpdates",
        "type": "Field"
      },
      "location-before-char-start": 14093,
      "location-before-char-end": 14293,
      "node-str": "largeUpdates"
    },
    {
      "type": "delete-node",
      "node": {
        "label": "org.eclipse.core.runtime.dynamichelpers.IExtensionTracker",
        "type": "VARIABLE_TYPE"
      },
      "location-before-char-start": 0,
      "location-before-char-end": 0,
      "node-str": "org.eclipse.core.runtime.dynamichelpers.IExtensionTracker"
    },
    {
      "type": "delete-node",
      "node": {
        "label": "tracker",
        "type": "Field"
      },
      "location-before-char-start": 14297,
      "location-before-char-end": 14330,
      "node-str": "tracker"
    },
    {
      "type": "delete-node",
      "node": {
        "label": "org.eclipse.ui.IWorkbenchPage",
        "type": "RETURN_TYPE"
      },
      "location-before-char-start": 0,
      "location-before-char-end": 0,
      "node-str": "org.eclipse.ui.IWorkbenchPage"
    },
    {
      "type": "delete-node",
      "node": {
        "label": "org.eclipse.ui.WorkbenchException",
        "type": "THROWS"
      },
      "location-before-char-start": 0,
      "location-before-char-end": 0,
      "node-str": "org.eclipse.ui.WorkbenchException"
    },
    {
      "type": "delete-node",
      "node": {
        "label": "protected",
        "type": "Modifier"
      },
      "location-before-char-start": 0,
      "location-before-char-end": 0,
      "node-str": "protected"
    },
    {
      "type": "delete-node",
      "node": {
        "label": "java.lang.String",
        "type": "VARIABLE_TYPE"
      },
      "location-before-char-start": 0,
      "location-before-char-end": 0,
      "node-str": "java.lang.String"
    },
    {
      "type": "delete-node",
      "node": {
        "label": "perspID",
        "type": "Parameter"
      },
      "location-before-char-start": 23482,
      "location-before-char-end": 23495,
      "node-str": "perspID"
    },
    {
      "type": "delete-node",
      "node": {
        "label": "org.eclipse.core.runtime.IAdaptable",
        "type": "VARIABLE_TYPE"
      },
      "location-before-char-start": 0,
      "location-before-char-end": 0,
      "node-str": "org.eclipse.core.runtime.IAdaptable"
    },
    {
      "type": "delete-node",
      "node": {
        "label": "input",
        "type": "Parameter"
      },
      "location-before-char-start": 23498,
      "location-before-char-end": 23513,
      "node-str": "input"
    },
    {
      "type": "delete-node",
      "node": {
        "label": "org.eclipse.ui.IWorkbenchPage",
        "type": "VARIABLE_TYPE"
      },
      "location-before-char-start": 0,
      "location-before-char-end": 0,
      "node-str": "org.eclipse.ui.IWorkbenchPage"
    },
    {
      "type": "delete-node",
      "node": {
        "label": "null",
        "type": "Literal"
      },
      "location-before-char-start": 23574,
      "location-before-char-end": 23577,
      "node-str": "null"
    },
    {
      "type": "delete-node",
      "node": {
        "label": "newPage",
        "type": "LocalVariable"
      },
      "location-before-char-start": 23549,
      "location-before-char-end": 23578,
      "node-str": "newPage"
    },
    {
      "type": "delete-node",
      "node": {
        "label": "org.eclipse.ui.internal.WorkbenchWindow",
        "type": "TypeAccess"
      },
      "location-before-char-start": 0,
      "location-before-char-end": 0,
      "node-str": "org.eclipse.ui.internal.WorkbenchWindow"
    },
    {
      "type": "delete-node",
      "node": {
        "label": "pageList",
        "type": "FieldRead"
      },
      "location-before-char-start": 23587,
      "location-before-char-end": 23594,
      "node-str": "pageList"
    },
    {
      "type": "delete-node",
      "node": {
        "label": "isEmpty",
        "type": "Invocation"
      },
      "location-before-char-start": 23587,
      "location-before-char-end": 23604,
      "node-str": "isEmpty"
    },
    {
      "type": "delete-node",
      "node": {
        "label": "newPage",
        "type": "VariableWrite"
      },
      "location-before-char-start": 23612,
      "location-before-char-end": 23618,
      "node-str": "newPage"
    },
    {
      "type": "delete-node",
      "node": {
        "label": "org.eclipse.ui.internal.WorkbenchWindow",
        "type": "TypeAccess"
      },
      "location-before-char-start": 0,
      "location-before-char-end": 0,
      "node-str": "org.eclipse.ui.internal.WorkbenchWindow"
    },
    {
      "type": "delete-node",
      "node": {
        "label": "this",
        "type": "ThisAccess"
      },
      "location-before-char-start": 23640,
      "location-before-char-end": 23643,
      "node-str": "this"
    },
    {
      "type": "delete-node",
      "node": {
        "label": "perspID",
        "type": "VariableRead"
      },
      "location-before-char-start": 23646,
      "location-before-char-end": 23652,
      "node-str": "perspID"
    },
    {
      "type": "delete-node",
      "node": {
        "label": "input",
        "type": "VariableRead"
      },
      "location-before-char-start": 23655,
      "location-before-char-end": 23659,
      "node-str": "input"
    },
    {
      "type": "delete-node",
      "node": {
        "label": "org.eclipse.ui.internal.WorkbenchPage(org.eclipse.ui.internal.WorkbenchWindow,java.lang.String,org.eclipse.core.runtime.IAdaptable)",
        "type": "ConstructorCall"
      },
      "location-before-char-start": 23622,
      "location-before-char-end": 23660,
      "node-str": "org.eclipse.ui.internal.WorkbenchPage(org.eclipse.ui.internal.WorkbenchWindow,java.lang.String,org.eclipse.core.runtime.IAdaptable)"
    },
    {
      "type": "delete-node",
      "node": {
        "label": "\u003d",
        "type": "Assignment"
      },
      "location-before-char-start": 23612,
      "location-before-char-end": 23661,
      "node-str": "\u003d"
    },
    {
      "type": "delete-node",
      "node": {
        "label": "org.eclipse.ui.internal.WorkbenchWindow",
        "type": "TypeAccess"
      },
      "location-before-char-start": 0,
      "location-before-char-end": 0,
      "node-str": "org.eclipse.ui.internal.WorkbenchWindow"
    },
    {
      "type": "delete-node",
      "node": {
        "label": "pageList",
        "type": "FieldRead"
      },
      "location-before-char-start": 23666,
      "location-before-char-end": 23673,
      "node-str": "pageList"
    },
    {
      "type": "delete-node",
      "node": {
        "label": "newPage",
        "type": "VariableRead"
      },
      "location-before-char-start": 23679,
      "location-before-char-end": 23685,
      "node-str": "newPage"
    },
    {
      "type": "delete-node",
      "node": {
        "label": "add",
        "type": "Invocation"
      },
      "location-before-char-start": 23666,
      "location-before-char-end": 23687,
      "node-str": "add"
    },
    {
      "type": "delete-node",
      "node": {
        "label": "org.eclipse.ui.internal.WorkbenchWindow",
        "type": "TypeAccess"
      },
      "location-before-char-start": 0,
      "location-before-char-end": 0,
      "node-str": "org.eclipse.ui.internal.WorkbenchWindow"
    },
    {
      "type": "delete-node",
      "node": {
        "label": "newPage",
        "type": "VariableRead"
      },
      "location-before-char-start": 23707,
      "location-before-char-end": 23713,
      "node-str": "newPage"
    },
    {
      "type": "delete-node",
      "node": {
        "label": "firePageOpened",
        "type": "Invocation"
      },
      "location-before-char-start": 23692,
      "location-before-char-end": 23715,
      "node-str": "firePageOpened"
    },
    {
      "type": "delete-node",
      "node": {
        "label": "org.eclipse.ui.internal.WorkbenchWindow",
        "type": "TypeAccess"
      },
      "location-before-char-start": 0,
      "location-before-char-end": 0,
      "node-str": "org.eclipse.ui.internal.WorkbenchWindow"
    },
    {
      "type": "delete-node",
      "node": {
        "label": "newPage",
        "type": "VariableRead"
      },
      "location-before-char-start": 23734,
      "location-before-char-end": 23740,
      "node-str": "newPage"
    },
    {
      "type": "delete-node",
      "node": {
        "label": "setActivePage",
        "type": "Invocation"
      },
      "location-before-char-start": 23720,
      "location-before-char-end": 23742,
      "node-str": "setActivePage"
    },
    {
      "type": "delete-node",
      "node": {
        "label": "THEN",
        "type": "then"
      },
      "location-before-char-start": 23607,
      "location-before-char-end": 23746,
      "node-str": "THEN"
    },
    {
      "type": "delete-node",
      "node": {
        "label": "if",
        "type": "If"
      },
      "location-before-char-start": 23583,
      "location-before-char-end": 23881,
      "node-str": "if"
    },
    {
      "type": "delete-node",
      "node": {
        "label": "newPage",
        "type": "VariableRead"
      },
      "location-before-char-start": 23893,
      "location-before-char-end": 23899,
      "node-str": "newPage"
    },
    {
      "type": "delete-node",
      "node": {
        "label": "return",
        "type": "Return"
      },
      "location-before-char-start": 23886,
      "location-before-char-end": 23900,
      "node-str": "return"
    },
    {
      "type": "delete-node",
      "node": {
        "label": "busyOpenPage",
        "type": "Method"
      },
      "location-before-char-start": 23024,
      "location-before-char-end": 23903,
      "node-str": "busyOpenPage"
    },
    {
      "type": "delete-node",
      "node": {
        "label": "void",
        "type": "RETURN_TYPE"
      },
      "location-before-char-start": 0,
      "location-before-char-end": 0,
      "node-str": "void"
    },
    {
      "type": "delete-node",
      "node": {
        "label": "org.eclipse.ui.IWorkbenchPage",
        "type": "VARIABLE_TYPE"
      },
      "location-before-char-start": 0,
      "location-before-char-end": 0,
      "node-str": "org.eclipse.ui.IWorkbenchPage"
    },
    {
      "type": "delete-node",
      "node": {
        "label": "page",
        "type": "Parameter"
      },
      "location-before-char-start": 40413,
      "location-before-char-end": 40431,
      "node-str": "page"
    },
    {
      "type": "delete-node",
      "node": {
        "label": "org.eclipse.ui.IPerspectiveDescriptor",
        "type": "VARIABLE_TYPE"
      },
      "location-before-char-start": 0,
      "location-before-char-end": 0,
      "node-str": "org.eclipse.ui.IPerspectiveDescriptor"
    },
    {
      "type": "delete-node",
      "node": {
        "label": "perspective",
        "type": "Parameter"
      },
      "location-before-char-start": 40437,
      "location-before-char-end": 40470,
      "node-str": "perspective"
    },
    {
      "type": "delete-node",
      "node": {
        "label": "org.eclipse.ui.IWorkbenchPartReference",
        "type": "VARIABLE_TYPE"
      },
      "location-before-char-start": 0,
      "location-before-char-end": 0,
      "node-str": "org.eclipse.ui.IWorkbenchPartReference"
    },
    {
      "type": "delete-node",
      "node": {
        "label": "partRef",
        "type": "Parameter"
      },
      "location-before-char-start": 40476,
      "location-before-char-end": 40506,
      "node-str": "partRef"
    },
    {
      "type": "delete-node",
      "node": {
        "label": "java.lang.String",
        "type": "VARIABLE_TYPE"
      },
      "location-before-char-start": 0,
      "location-before-char-end": 0,
      "node-str": "java.lang.String"
    },
    {
      "type": "delete-node",
      "node": {
        "label": "changeId",
        "type": "Parameter"
      },
      "location-before-char-start": 40509,
      "location-before-char-end": 40523,
      "node-str": "changeId"
    },
    {
      "type": "delete-node",
      "node": {
        "label": "firePerspectiveChanged",
        "type": "Method"
      },
      "location-before-char-start": 40324,
      "location-before-char-end": 40849,
      "node-str": "firePerspectiveChanged"
    },
    {
      "type": "delete-node",
      "node": {
        "label": "org.eclipse.ui.internal.WorkbenchPage(org.eclipse.ui.internal.WorkbenchWindow,org.eclipse.core.runtime.IAdaptable)",
        "type": "ConstructorCall"
      },
      "location-before-char-start": 62259,
      "location-before-char-end": 62309,
      "node-str": "org.eclipse.ui.internal.WorkbenchPage(org.eclipse.ui.internal.WorkbenchWindow,org.eclipse.core.runtime.IAdaptable)"
    },
    {
      "type": "delete-node",
      "node": {
        "label": "org.eclipse.ui.internal.WorkbenchPage(org.eclipse.ui.internal.WorkbenchWindow,java.lang.String,org.eclipse.core.runtime.IAdaptable)",
        "type": "ConstructorCall"
      },
      "location-before-char-start": 63324,
      "location-before-char-end": 63406,
      "node-str": "org.eclipse.ui.internal.WorkbenchPage(org.eclipse.ui.internal.WorkbenchWindow,java.lang.String,org.eclipse.core.runtime.IAdaptable)"
    },
    {
      "type": "delete-node",
      "node": {
        "label": "org.eclipse.core.runtime.ListenerList",
        "type": "VARIABLE_TYPE"
      },
      "location-before-char-start": 0,
      "location-before-char-end": 0,
      "node-str": "org.eclipse.core.runtime.ListenerList"
    },
    {
      "type": "delete-node",
      "node": {
        "label": "null",
        "type": "Literal"
      },
      "location-before-char-start": 92978,
      "location-before-char-end": 92981,
      "node-str": "null"
    },
    {
      "type": "delete-node",
      "node": {
        "label": "actionSetListeners",
        "type": "Field"
      },
      "location-before-char-start": 92936,
      "location-before-char-end": 92982,
      "node-str": "actionSetListeners"
    },
    {
      "type": "delete-node",
      "node": {
        "label": "void",
        "type": "RETURN_TYPE"
      },
      "location-before-char-start": 0,
      "location-before-char-end": 0,
      "node-str": "void"
    },
    {
      "type": "delete-node",
      "node": {
        "label": "org.eclipse.ui.internal.WorkbenchWindow",
        "type": "TypeAccess"
      },
      "location-before-char-start": 0,
      "location-before-char-end": 0,
      "node-str": "org.eclipse.ui.internal.WorkbenchWindow"
    },
    {
      "type": "delete-node",
      "node": {
        "label": "updateLayoutDataForContents",
        "type": "Invocation"
      },
      "location-before-char-start": 108251,
      "location-before-char-end": 108280,
      "node-str": "updateLayoutDataForContents"
    },
    {
      "type": "delete-node",
      "node": {
        "label": "setLayoutDataForContents",
        "type": "Method"
      },
      "location-before-char-start": 108141,
      "location-before-char-end": 108283,
      "node-str": "setLayoutDataForContents"
    }
  ],
  "before-file": {},
  "after-file": {},
  "mapping": {}
}