{
  "tool-info": {},
  "diff": [
    {
      "type": "insert-node",
      "node": {
        "label": "abstract",
        "type": "Modifier"
      },
      "location-after-char-start": 0,
      "location-after-char-end": 0,
      "node-str": "abstract"
    },
    {
      "type": "insert-node",
      "node": {
        "label": "public",
        "type": "Modifier"
      },
      "location-after-char-start": 0,
      "location-after-char-end": 0,
      "node-str": "public"
    },
    {
      "type": "insert-node",
      "node": {
        "label": "",
        "type": "TypeReference"
      },
      "location-after-char-start": 1024,
      "location-after-char-end": 1037,
      "node-str": ""
    },
    {
      "type": "insert-node",
      "node": {
        "label": "fComponent",
        "type": "Field"
      },
      "location-after-char-start": 1079,
      "location-after-char-end": 1140,
      "node-str": "fComponent"
    },
    {
      "type": "insert-node",
      "node": {
        "label": "decoratorFigureSerializedDataVersion",
        "type": "Field"
      },
      "location-after-char-start": 1248,
      "location-after-char-end": 1300,
      "node-str": "decoratorFigureSerializedDataVersion"
    },
    {
      "type": "insert-node",
      "node": {
        "label": "initialize",
        "type": "Method"
      },
      "location-after-char-start": 1512,
      "location-after-char-end": 1670,
      "node-str": "initialize"
    },
    {
      "type": "insert-node",
      "node": {
        "label": "peelDecoration",
        "type": "Method"
      },
      "location-after-char-start": 2318,
      "location-after-char-end": 2587,
      "node-str": "peelDecoration"
    },
    {
      "type": "insert-node",
      "node": {
        "label": "visit",
        "type": "Method"
      },
      "location-after-char-start": 7149,
      "location-after-char-end": 7258,
      "node-str": "visit"
    },
    {
      "type": "insert-node",
      "node": {
        "label": "getTextHolder",
        "type": "Method"
      },
      "location-after-char-start": 7262,
      "location-after-char-end": 7346,
      "node-str": "getTextHolder"
    },
    {
      "type": "insert-node",
      "node": {
        "label": "AbstractFigure",
        "type": "SUPER_TYPE"
      },
      "location-after-char-start": 0,
      "location-after-char-end": 0,
      "node-str": "AbstractFigure"
    },
    {
      "type": "insert-node",
      "node": {
        "label": "CH.ifa.draw.standard.Figure",
        "type": "VARIABLE_TYPE"
      },
      "location-after-char-start": 0,
      "location-after-char-end": 0,
      "node-str": "CH.ifa.draw.standard.Figure"
    },
    {
      "type": "insert-node",
      "node": {
        "label": "int",
        "type": "VARIABLE_TYPE"
      },
      "location-after-char-start": 0,
      "location-after-char-end": 0,
      "node-str": "int"
    },
    {
      "type": "insert-node",
      "node": {
        "label": "1",
        "type": "Literal"
      },
      "location-after-char-start": 1299,
      "location-after-char-end": 1299,
      "node-str": "1"
    },
    {
      "type": "insert-node",
      "node": {
        "label": "void",
        "type": "RETURN_TYPE"
      },
      "location-after-char-start": 0,
      "location-after-char-end": 0,
      "node-str": "void"
    },
    {
      "type": "insert-node",
      "node": {
        "label": "protected",
        "type": "Modifier"
      },
      "location-after-char-start": 0,
      "location-after-char-end": 0,
      "node-str": "protected"
    },
    {
      "type": "insert-node",
      "node": {
        "label": "addDependendFigure",
        "type": "Invocation"
      },
      "location-after-char-start": 2281,
      "location-after-char-end": 2311,
      "node-str": "addDependendFigure"
    },
    {
      "type": "insert-node",
      "node": {
        "label": "CH.ifa.draw.standard.Figure",
        "type": "RETURN_TYPE"
      },
      "location-after-char-start": 0,
      "location-after-char-end": 0,
      "node-str": "CH.ifa.draw.standard.Figure"
    },
    {
      "type": "insert-node",
      "node": {
        "label": "public",
        "type": "Modifier"
      },
      "location-after-char-start": 0,
      "location-after-char-end": 0,
      "node-str": "public"
    },
    {
      "type": "move-subtree",
      "node": {
        "label": "removeFromContainer",
        "type": "Invocation"
      },
      "location-before-char-start": 2403,
      "location-before-char-end": 2449,
      "location-after-char-start": 2417,
      "location-after-char-end": 2463,
      "node-str": "removeFromContainer"
    },
    {
      "type": "insert-node",
      "node": {
        "label": "removeDependendFigure",
        "type": "Invocation"
      },
      "location-after-char-start": 2510,
      "location-after-char-end": 2553,
      "node-str": "removeDependendFigure"
    },
    {
      "type": "insert-node",
      "node": {
        "label": "return",
        "type": "Return"
      },
      "location-after-char-start": 2557,
      "location-after-char-end": 2584,
      "node-str": "return"
    },
    {
      "type": "insert-node",
      "node": {
        "label": "void",
        "type": "RETURN_TYPE"
      },
      "location-after-char-start": 0,
      "location-after-char-end": 0,
      "node-str": "void"
    },
    {
      "type": "insert-node",
      "node": {
        "label": "public",
        "type": "Modifier"
      },
      "location-after-char-start": 0,
      "location-after-char-end": 0,
      "node-str": "public"
    },
    {
      "type": "insert-node",
      "node": {
        "label": "visitor",
        "type": "Parameter"
      },
      "location-after-char-start": 7167,
      "location-after-char-end": 7187,
      "node-str": "visitor"
    },
    {
      "type": "insert-node",
      "node": {
        "label": "visit",
        "type": "Invocation"
      },
      "location-after-char-start": 7194,
      "location-after-char-end": 7214,
      "node-str": "visit"
    },
    {
      "type": "insert-node",
      "node": {
        "label": "CH.ifa.draw.standard.TextHolder",
        "type": "RETURN_TYPE"
      },
      "location-after-char-start": 0,
      "location-after-char-end": 0,
      "node-str": "CH.ifa.draw.standard.TextHolder"
    },
    {
      "type": "insert-node",
      "node": {
        "label": "public",
        "type": "Modifier"
      },
      "location-after-char-start": 0,
      "location-after-char-end": 0,
      "node-str": "public"
    },
    {
      "type": "insert-node",
      "node": {
        "label": "return",
        "type": "Return"
      },
      "location-after-char-start": 7300,
      "location-after-char-end": 7343,
      "node-str": "return"
    },
    {
      "type": "insert-node",
      "node": {
        "label": "CH.ifa.draw.standard.DecoratorFigure",
        "type": "TypeAccess"
      },
      "location-after-char-start": 0,
      "location-after-char-end": 0,
      "node-str": "CH.ifa.draw.standard.DecoratorFigure"
    },
    {
      "type": "insert-node",
      "node": {
        "label": "fComponent",
        "type": "FieldRead"
      },
      "location-after-char-start": 2300,
      "location-after-char-end": 2309,
      "node-str": "fComponent"
    },
    {
      "type": "insert-node",
      "node": {
        "label": "CH.ifa.draw.standard.DecoratorFigure",
        "type": "TypeAccess"
      },
      "location-after-char-start": 0,
      "location-after-char-end": 0,
      "node-str": "CH.ifa.draw.standard.DecoratorFigure"
    },
    {
      "type": "insert-node",
      "node": {
        "label": "getDecoratedFigure",
        "type": "Invocation"
      },
      "location-after-char-start": 2532,
      "location-after-char-end": 2551,
      "node-str": "getDecoratedFigure"
    },
    {
      "type": "insert-node",
      "node": {
        "label": "getDecoratedFigure",
        "type": "Invocation"
      },
      "location-after-char-start": 2564,
      "location-after-char-end": 2583,
      "node-str": "getDecoratedFigure"
    },
    {
      "type": "insert-node",
      "node": {
        "label": "FigureVisitor",
        "type": "VARIABLE_TYPE"
      },
      "location-after-char-start": 0,
      "location-after-char-end": 0,
      "node-str": "FigureVisitor"
    },
    {
      "type": "insert-node",
      "node": {
        "label": "super",
        "type": "SuperAccess"
      },
      "location-after-char-start": 7194,
      "location-after-char-end": 7198,
      "node-str": "super"
    },
    {
      "type": "insert-node",
      "node": {
        "label": "visitor",
        "type": "VariableRead"
      },
      "location-after-char-start": 7206,
      "location-after-char-end": 7212,
      "node-str": "visitor"
    },
    {
      "type": "insert-node",
      "node": {
        "label": "getTextHolder",
        "type": "Invocation"
      },
      "location-after-char-start": 7307,
      "location-after-char-end": 7342,
      "node-str": "getTextHolder"
    },
    {
      "type": "insert-node",
      "node": {
        "label": "CH.ifa.draw.standard.DecoratorFigure",
        "type": "TypeAccess"
      },
      "location-after-char-start": 0,
      "location-after-char-end": 0,
      "node-str": "CH.ifa.draw.standard.DecoratorFigure"
    },
    {
      "type": "insert-node",
      "node": {
        "label": "CH.ifa.draw.standard.DecoratorFigure",
        "type": "TypeAccess"
      },
      "location-after-char-start": 0,
      "location-after-char-end": 0,
      "node-str": "CH.ifa.draw.standard.DecoratorFigure"
    },
    {
      "type": "insert-node",
      "node": {
        "label": "CH.ifa.draw.standard.DecoratorFigure",
        "type": "TypeAccess"
      },
      "location-after-char-start": 0,
      "location-after-char-end": 0,
      "node-str": "CH.ifa.draw.standard.DecoratorFigure"
    },
    {
      "type": "insert-node",
      "node": {
        "label": "getDecoratedFigure",
        "type": "Invocation"
      },
      "location-after-char-start": 7307,
      "location-after-char-end": 7326,
      "node-str": "getDecoratedFigure"
    },
    {
      "type": "insert-node",
      "node": {
        "label": "CH.ifa.draw.standard.DecoratorFigure",
        "type": "TypeAccess"
      },
      "location-after-char-start": 0,
      "location-after-char-end": 0,
      "node-str": "CH.ifa.draw.standard.DecoratorFigure"
    },
    {
      "type": "delete-node",
      "node": {
        "label": "abstract",
        "type": "Modifier"
      },
      "location-before-char-start": 0,
      "location-before-char-end": 0,
      "node-str": "abstract"
    },
    {
      "type": "delete-node",
      "node": {
        "label": "public",
        "type": "Modifier"
      },
      "location-before-char-start": 0,
      "location-before-char-end": 0,
      "node-str": "public"
    },
    {
      "type": "delete-node",
      "node": {
        "label": "AbstractFigure",
        "type": "SUPER_TYPE"
      },
      "location-before-char-start": 0,
      "location-before-char-end": 0,
      "node-str": "AbstractFigure"
    },
    {
      "type": "delete-node",
      "node": {
        "label": "",
        "type": "TypeReference"
      },
      "location-before-char-start": 1044,
      "location-before-char-end": 1057,
      "node-str": ""
    },
    {
      "type": "delete-node",
      "node": {
        "label": "CH.ifa.draw.standard.Figure",
        "type": "VARIABLE_TYPE"
      },
      "location-before-char-start": 0,
      "location-before-char-end": 0,
      "node-str": "CH.ifa.draw.standard.Figure"
    },
    {
      "type": "delete-node",
      "node": {
        "label": "fComponent",
        "type": "Field"
      },
      "location-before-char-start": 1099,
      "location-before-char-end": 1160,
      "node-str": "fComponent"
    },
    {
      "type": "delete-node",
      "node": {
        "label": "int",
        "type": "VARIABLE_TYPE"
      },
      "location-before-char-start": 0,
      "location-before-char-end": 0,
      "node-str": "int"
    },
    {
      "type": "delete-node",
      "node": {
        "label": "1",
        "type": "Literal"
      },
      "location-before-char-start": 1319,
      "location-before-char-end": 1319,
      "node-str": "1"
    },
    {
      "type": "delete-node",
      "node": {
        "label": "decoratorFigureSerializedDataVersion",
        "type": "Field"
      },
      "location-before-char-start": 1268,
      "location-before-char-end": 1320,
      "node-str": "decoratorFigureSerializedDataVersion"
    },
    {
      "type": "delete-node",
      "node": {
        "label": "void",
        "type": "RETURN_TYPE"
      },
      "location-before-char-start": 0,
      "location-before-char-end": 0,
      "node-str": "void"
    },
    {
      "type": "delete-node",
      "node": {
        "label": "protected",
        "type": "Modifier"
      },
      "location-before-char-start": 0,
      "location-before-char-end": 0,
      "node-str": "protected"
    },
    {
      "type": "delete-node",
      "node": {
        "label": "initialize",
        "type": "Method"
      },
      "location-before-char-start": 1532,
      "location-before-char-end": 1690,
      "node-str": "initialize"
    },
    {
      "type": "delete-node",
      "node": {
        "label": "CH.ifa.draw.standard.Figure",
        "type": "RETURN_TYPE"
      },
      "location-before-char-start": 0,
      "location-before-char-end": 0,
      "node-str": "CH.ifa.draw.standard.Figure"
    },
    {
      "type": "delete-node",
      "node": {
        "label": "public",
        "type": "Modifier"
      },
      "location-before-char-start": 0,
      "location-before-char-end": 0,
      "node-str": "public"
    },
    {
      "type": "delete-node",
      "node": {
        "label": "CH.ifa.draw.standard.DecoratorFigure",
        "type": "TypeAccess"
      },
      "location-before-char-start": 0,
      "location-before-char-end": 0,
      "node-str": "CH.ifa.draw.standard.DecoratorFigure"
    },
    {
      "type": "delete-node",
      "node": {
        "label": "getDecoratedFigure",
        "type": "Invocation"
      },
      "location-before-char-start": 2503,
      "location-before-char-end": 2522,
      "node-str": "getDecoratedFigure"
    },
    {
      "type": "delete-node",
      "node": {
        "label": "return",
        "type": "Return"
      },
      "location-before-char-start": 2496,
      "location-before-char-end": 2523,
      "node-str": "return"
    },
    {
      "type": "delete-node",
      "node": {
        "label": "peelDecoration",
        "type": "Method"
      },
      "location-before-char-start": 2304,
      "location-before-char-end": 2526,
      "node-str": "peelDecoration"
    }
  ],
  "before-file": {},
  "after-file": {},
  "mapping": {}
}