{
  "tool-info": {},
  "diff": [
    {
      "type": "insert-node",
      "node": {
        "label": "PropPanelClassifier",
        "type": "Class"
      },
      "location-after-char-start": 4364,
      "location-after-char-end": 15150,
      "node-str": "PropPanelClassifier"
    },
    {
      "type": "insert-node",
      "node": {
        "label": "abstract",
        "type": "Modifier"
      },
      "location-after-char-start": 0,
      "location-after-char-end": 0,
      "node-str": "abstract"
    },
    {
      "type": "insert-node",
      "node": {
        "label": "public",
        "type": "Modifier"
      },
      "location-after-char-start": 0,
      "location-after-char-end": 0,
      "node-str": "public"
    },
    {
      "type": "insert-node",
      "node": {
        "label": "",
        "type": "TypeReference"
      },
      "location-after-char-start": 4414,
      "location-after-char-end": 4431,
      "node-str": ""
    },
    {
      "type": "insert-node",
      "node": {
        "label": "_modifiersPanel",
        "type": "Field"
      },
      "location-after-char-start": 4440,
      "location-after-char-end": 4472,
      "node-str": "_modifiersPanel"
    },
    {
      "type": "insert-node",
      "node": {
        "label": "extendsScroll",
        "type": "Field"
      },
      "location-after-char-start": 4478,
      "location-after-char-end": 4513,
      "node-str": "extendsScroll"
    },
    {
      "type": "insert-node",
      "node": {
        "label": "implementsScroll",
        "type": "Field"
      },
      "location-after-char-start": 4519,
      "location-after-char-end": 4557,
      "node-str": "implementsScroll"
    },
    {
      "type": "insert-node",
      "node": {
        "label": "derivedScroll",
        "type": "Field"
      },
      "location-after-char-start": 4563,
      "location-after-char-end": 4598,
      "node-str": "derivedScroll"
    },
    {
      "type": "insert-node",
      "node": {
        "label": "opsScroll",
        "type": "Field"
      },
      "location-after-char-start": 4604,
      "location-after-char-end": 4635,
      "node-str": "opsScroll"
    },
    {
      "type": "insert-node",
      "node": {
        "label": "attrScroll",
        "type": "Field"
      },
      "location-after-char-start": 4641,
      "location-after-char-end": 4673,
      "node-str": "attrScroll"
    },
    {
      "type": "insert-node",
      "node": {
        "label": "connectScroll",
        "type": "Field"
      },
      "location-after-char-start": 4679,
      "location-after-char-end": 4714,
      "node-str": "connectScroll"
    },
    {
      "type": "insert-node",
      "node": {
        "label": "innerScroll",
        "type": "Field"
      },
      "location-after-char-start": 4720,
      "location-after-char-end": 4753,
      "node-str": "innerScroll"
    },
    {
      "type": "insert-node",
      "node": {
        "label": "_implementsModel",
        "type": "Field"
      },
      "location-after-char-start": 4764,
      "location-after-char-end": 4818,
      "node-str": "_implementsModel"
    },
    {
      "type": "insert-node",
      "node": {
        "label": "_connectModel",
        "type": "Field"
      },
      "location-after-char-start": 4824,
      "location-after-char-end": 4875,
      "node-str": "_connectModel"
    },
    {
      "type": "insert-node",
      "node": {
        "label": "\u003cinit\u003e",
        "type": "Constructor"
      },
      "location-after-char-start": 4880,
      "location-after-char-end": 5054,
      "node-str": "\u003cinit\u003e"
    },
    {
      "type": "insert-node",
      "node": {
        "label": "\u003cinit\u003e",
        "type": "Constructor"
      },
      "location-after-char-start": 5061,
      "location-after-char-end": 5200,
      "node-str": "\u003cinit\u003e"
    },
    {
      "type": "insert-node",
      "node": {
        "label": "\u003cinit\u003e",
        "type": "Constructor"
      },
      "location-after-char-start": 5205,
      "location-after-char-end": 5330,
      "node-str": "\u003cinit\u003e"
    },
    {
      "type": "insert-node",
      "node": {
        "label": "addOperation",
        "type": "Method"
      },
      "location-after-char-start": 5338,
      "location-after-char-end": 5599,
      "node-str": "addOperation"
    },
    {
      "type": "move-subtree",
      "node": {
        "label": "addAttribute",
        "type": "Method"
      },
      "location-before-char-start": 5747,
      "location-before-char-end": 6019,
      "location-after-char-start": 5606,
      "location-after-char-end": 5878,
      "node-str": "addAttribute"
    },
    {
      "type": "move-subtree",
      "node": {
        "label": "isAcceptibleBaseMetaClass",
        "type": "Method"
      },
      "location-before-char-start": 6022,
      "location-before-char-end": 6817,
      "location-after-char-start": 5881,
      "location-after-char-end": 6676,
      "node-str": "isAcceptibleBaseMetaClass"
    },
    {
      "type": "move-subtree",
      "node": {
        "label": "addRealization",
        "type": "Method"
      },
      "location-before-char-start": 6828,
      "location-before-char-end": 9234,
      "location-after-char-start": 6687,
      "location-after-char-end": 9093,
      "node-str": "addRealization"
    },
    {
      "type": "move-subtree",
      "node": {
        "label": "getRealizations",
        "type": "Method"
      },
      "location-before-char-start": 9242,
      "location-before-char-end": 9557,
      "location-after-char-start": 9101,
      "location-after-char-end": 9416,
      "node-str": "getRealizations"
    },
    {
      "type": "move-subtree",
      "node": {
        "label": "deleteRealization",
        "type": "Method"
      },
      "location-before-char-start": 9565,
      "location-before-char-end": 10601,
      "location-after-char-start": 9424,
      "location-after-char-end": 10460,
      "node-str": "deleteRealization"
    },
    {
      "type": "move-subtree",
      "node": {
        "label": "initialize",
        "type": "Method"
      },
      "location-before-char-start": 10630,
      "location-before-char-end": 15244,
      "location-after-char-start": 10489,
      "location-after-char-end": 15103,
      "node-str": "initialize"
    },
    {
      "type": "insert-node",
      "node": {
        "label": "org.argouml.uml.ui.foundation.core.PropPanelNamespace",
        "type": "SUPER_TYPE"
      },
      "location-after-char-start": 0,
      "location-after-char-end": 0,
      "node-str": "org.argouml.uml.ui.foundation.core.PropPanelNamespace"
    },
    {
      "type": "insert-node",
      "node": {
        "label": "javax.swing.JPanel",
        "type": "VARIABLE_TYPE"
      },
      "location-after-char-start": 0,
      "location-after-char-end": 0,
      "node-str": "javax.swing.JPanel"
    },
    {
      "type": "insert-node",
      "node": {
        "label": "protected",
        "type": "Modifier"
      },
      "location-after-char-start": 0,
      "location-after-char-end": 0,
      "node-str": "protected"
    },
    {
      "type": "insert-node",
      "node": {
        "label": "javax.swing.JScrollPane",
        "type": "VARIABLE_TYPE"
      },
      "location-after-char-start": 0,
      "location-after-char-end": 0,
      "node-str": "javax.swing.JScrollPane"
    },
    {
      "type": "insert-node",
      "node": {
        "label": "protected",
        "type": "Modifier"
      },
      "location-after-char-start": 0,
      "location-after-char-end": 0,
      "node-str": "protected"
    },
    {
      "type": "insert-node",
      "node": {
        "label": "javax.swing.JScrollPane",
        "type": "VARIABLE_TYPE"
      },
      "location-after-char-start": 0,
      "location-after-char-end": 0,
      "node-str": "javax.swing.JScrollPane"
    },
    {
      "type": "insert-node",
      "node": {
        "label": "protected",
        "type": "Modifier"
      },
      "location-after-char-start": 0,
      "location-after-char-end": 0,
      "node-str": "protected"
    },
    {
      "type": "insert-node",
      "node": {
        "label": "javax.swing.JScrollPane",
        "type": "VARIABLE_TYPE"
      },
      "location-after-char-start": 0,
      "location-after-char-end": 0,
      "node-str": "javax.swing.JScrollPane"
    },
    {
      "type": "insert-node",
      "node": {
        "label": "protected",
        "type": "Modifier"
      },
      "location-after-char-start": 0,
      "location-after-char-end": 0,
      "node-str": "protected"
    },
    {
      "type": "insert-node",
      "node": {
        "label": "javax.swing.JScrollPane",
        "type": "VARIABLE_TYPE"
      },
      "location-after-char-start": 0,
      "location-after-char-end": 0,
      "node-str": "javax.swing.JScrollPane"
    },
    {
      "type": "insert-node",
      "node": {
        "label": "protected",
        "type": "Modifier"
      },
      "location-after-char-start": 0,
      "location-after-char-end": 0,
      "node-str": "protected"
    },
    {
      "type": "insert-node",
      "node": {
        "label": "javax.swing.JScrollPane",
        "type": "VARIABLE_TYPE"
      },
      "location-after-char-start": 0,
      "location-after-char-end": 0,
      "node-str": "javax.swing.JScrollPane"
    },
    {
      "type": "insert-node",
      "node": {
        "label": "protected",
        "type": "Modifier"
      },
      "location-after-char-start": 0,
      "location-after-char-end": 0,
      "node-str": "protected"
    },
    {
      "type": "insert-node",
      "node": {
        "label": "javax.swing.JScrollPane",
        "type": "VARIABLE_TYPE"
      },
      "location-after-char-start": 0,
      "location-after-char-end": 0,
      "node-str": "javax.swing.JScrollPane"
    },
    {
      "type": "insert-node",
      "node": {
        "label": "protected",
        "type": "Modifier"
      },
      "location-after-char-start": 0,
      "location-after-char-end": 0,
      "node-str": "protected"
    },
    {
      "type": "insert-node",
      "node": {
        "label": "javax.swing.JScrollPane",
        "type": "VARIABLE_TYPE"
      },
      "location-after-char-start": 0,
      "location-after-char-end": 0,
      "node-str": "javax.swing.JScrollPane"
    },
    {
      "type": "insert-node",
      "node": {
        "label": "protected",
        "type": "Modifier"
      },
      "location-after-char-start": 0,
      "location-after-char-end": 0,
      "node-str": "protected"
    },
    {
      "type": "insert-node",
      "node": {
        "label": "org.argouml.uml.ui.UMLReflectionListModel",
        "type": "VARIABLE_TYPE"
      },
      "location-after-char-start": 0,
      "location-after-char-end": 0,
      "node-str": "org.argouml.uml.ui.UMLReflectionListModel"
    },
    {
      "type": "insert-node",
      "node": {
        "label": "null",
        "type": "Literal"
      },
      "location-after-char-start": 4814,
      "location-after-char-end": 4817,
      "node-str": "null"
    },
    {
      "type": "insert-node",
      "node": {
        "label": "org.argouml.uml.ui.UMLReflectionListModel",
        "type": "VARIABLE_TYPE"
      },
      "location-after-char-start": 0,
      "location-after-char-end": 0,
      "node-str": "org.argouml.uml.ui.UMLReflectionListModel"
    },
    {
      "type": "insert-node",
      "node": {
        "label": "null",
        "type": "Literal"
      },
      "location-after-char-start": 4871,
      "location-after-char-end": 4874,
      "node-str": "null"
    },
    {
      "type": "insert-node",
      "node": {
        "label": "public",
        "type": "Modifier"
      },
      "location-after-char-start": 0,
      "location-after-char-end": 0,
      "node-str": "public"
    },
    {
      "type": "insert-node",
      "node": {
        "label": "name",
        "type": "Parameter"
      },
      "location-after-char-start": 4991,
      "location-after-char-end": 5001,
      "node-str": "name"
    },
    {
      "type": "insert-node",
      "node": {
        "label": "columns",
        "type": "Parameter"
      },
      "location-after-char-start": 5004,
      "location-after-char-end": 5014,
      "node-str": "columns"
    },
    {
      "type": "insert-node",
      "node": {
        "label": "\u003cinit\u003e",
        "type": "Invocation"
      },
      "location-after-char-start": 5025,
      "location-after-char-end": 5050,
      "node-str": "\u003cinit\u003e"
    },
    {
      "type": "insert-node",
      "node": {
        "label": "public",
        "type": "Modifier"
      },
      "location-after-char-start": 0,
      "location-after-char-end": 0,
      "node-str": "public"
    },
    {
      "type": "insert-node",
      "node": {
        "label": "title",
        "type": "Parameter"
      },
      "location-after-char-start": 5088,
      "location-after-char-end": 5099,
      "node-str": "title"
    },
    {
      "type": "insert-node",
      "node": {
        "label": "icon",
        "type": "Parameter"
      },
      "location-after-char-start": 5102,
      "location-after-char-end": 5115,
      "node-str": "icon"
    },
    {
      "type": "insert-node",
      "node": {
        "label": "orientation",
        "type": "Parameter"
      },
      "location-after-char-start": 5118,
      "location-after-char-end": 5140,
      "node-str": "orientation"
    },
    {
      "type": "insert-node",
      "node": {
        "label": "\u003cinit\u003e",
        "type": "Invocation"
      },
      "location-after-char-start": 5148,
      "location-after-char-end": 5179,
      "node-str": "\u003cinit\u003e"
    },
    {
      "type": "insert-node",
      "node": {
        "label": "initialize",
        "type": "Invocation"
      },
      "location-after-char-start": 5184,
      "location-after-char-end": 5196,
      "node-str": "initialize"
    },
    {
      "type": "insert-node",
      "node": {
        "label": "public",
        "type": "Modifier"
      },
      "location-after-char-start": 0,
      "location-after-char-end": 0,
      "node-str": "public"
    },
    {
      "type": "insert-node",
      "node": {
        "label": "name",
        "type": "Parameter"
      },
      "location-after-char-start": 5232,
      "location-after-char-end": 5242,
      "node-str": "name"
    },
    {
      "type": "insert-node",
      "node": {
        "label": "icon",
        "type": "Parameter"
      },
      "location-after-char-start": 5245,
      "location-after-char-end": 5258,
      "node-str": "icon"
    },
    {
      "type": "insert-node",
      "node": {
        "label": "columns",
        "type": "Parameter"
      },
      "location-after-char-start": 5261,
      "location-after-char-end": 5271,
      "node-str": "columns"
    },
    {
      "type": "insert-node",
      "node": {
        "label": "\u003cinit\u003e",
        "type": "Invocation"
      },
      "location-after-char-start": 5282,
      "location-after-char-end": 5306,
      "node-str": "\u003cinit\u003e"
    },
    {
      "type": "insert-node",
      "node": {
        "label": "initialize",
        "type": "Invocation"
      },
      "location-after-char-start": 5314,
      "location-after-char-end": 5326,
      "node-str": "initialize"
    },
    {
      "type": "insert-node",
      "node": {
        "label": "void",
        "type": "RETURN_TYPE"
      },
      "location-after-char-start": 0,
      "location-after-char-end": 0,
      "node-str": "void"
    },
    {
      "type": "insert-node",
      "node": {
        "label": "public",
        "type": "Modifier"
      },
      "location-after-char-start": 0,
      "location-after-char-end": 0,
      "node-str": "public"
    },
    {
      "type": "insert-node",
      "node": {
        "label": "target",
        "type": "LocalVariable"
      },
      "location-after-char-start": 5375,
      "location-after-char-end": 5402,
      "node-str": "target"
    },
    {
      "type": "insert-node",
      "node": {
        "label": "if",
        "type": "If"
      },
      "location-after-char-start": 5412,
      "location-after-char-end": 5593,
      "node-str": "if"
    },
    {
      "type": "insert-node",
      "node": {
        "label": "java.lang.String",
        "type": "VARIABLE_TYPE"
      },
      "location-after-char-start": 0,
      "location-after-char-end": 0,
      "node-str": "java.lang.String"
    },
    {
      "type": "insert-node",
      "node": {
        "label": "int",
        "type": "VARIABLE_TYPE"
      },
      "location-after-char-start": 0,
      "location-after-char-end": 0,
      "node-str": "int"
    },
    {
      "type": "insert-node",
      "node": {
        "label": "name",
        "type": "VariableRead"
      },
      "location-after-char-start": 5030,
      "location-after-char-end": 5033,
      "node-str": "name"
    },
    {
      "type": "insert-node",
      "node": {
        "label": "null",
        "type": "Literal"
      },
      "location-after-char-start": 5036,
      "location-after-char-end": 5039,
      "node-str": "null"
    },
    {
      "type": "insert-node",
      "node": {
        "label": "columns",
        "type": "VariableRead"
      },
      "location-after-char-start": 5042,
      "location-after-char-end": 5048,
      "node-str": "columns"
    },
    {
      "type": "insert-node",
      "node": {
        "label": "java.lang.String",
        "type": "VARIABLE_TYPE"
      },
      "location-after-char-start": 0,
      "location-after-char-end": 0,
      "node-str": "java.lang.String"
    },
    {
      "type": "insert-node",
      "node": {
        "label": "javax.swing.ImageIcon",
        "type": "VARIABLE_TYPE"
      },
      "location-after-char-start": 0,
      "location-after-char-end": 0,
      "node-str": "javax.swing.ImageIcon"
    },
    {
      "type": "insert-node",
      "node": {
        "label": "org.argouml.swingext.Orientation",
        "type": "VARIABLE_TYPE"
      },
      "location-after-char-start": 0,
      "location-after-char-end": 0,
      "node-str": "org.argouml.swingext.Orientation"
    },
    {
      "type": "insert-node",
      "node": {
        "label": "title",
        "type": "VariableRead"
      },
      "location-after-char-start": 5154,
      "location-after-char-end": 5158,
      "node-str": "title"
    },
    {
      "type": "insert-node",
      "node": {
        "label": "icon",
        "type": "VariableRead"
      },
      "location-after-char-start": 5161,
      "location-after-char-end": 5164,
      "node-str": "icon"
    },
    {
      "type": "insert-node",
      "node": {
        "label": "orientation",
        "type": "VariableRead"
      },
      "location-after-char-start": 5167,
      "location-after-char-end": 5177,
      "node-str": "orientation"
    },
    {
      "type": "insert-node",
      "node": {
        "label": "org.argouml.uml.ui.foundation.core.PropPanelClassifier",
        "type": "TypeAccess"
      },
      "location-after-char-start": 0,
      "location-after-char-end": 0,
      "node-str": "org.argouml.uml.ui.foundation.core.PropPanelClassifier"
    },
    {
      "type": "insert-node",
      "node": {
        "label": "java.lang.String",
        "type": "VARIABLE_TYPE"
      },
      "location-after-char-start": 0,
      "location-after-char-end": 0,
      "node-str": "java.lang.String"
    },
    {
      "type": "insert-node",
      "node": {
        "label": "javax.swing.ImageIcon",
        "type": "VARIABLE_TYPE"
      },
      "location-after-char-start": 0,
      "location-after-char-end": 0,
      "node-str": "javax.swing.ImageIcon"
    },
    {
      "type": "insert-node",
      "node": {
        "label": "int",
        "type": "VARIABLE_TYPE"
      },
      "location-after-char-start": 0,
      "location-after-char-end": 0,
      "node-str": "int"
    },
    {
      "type": "insert-node",
      "node": {
        "label": "name",
        "type": "VariableRead"
      },
      "location-after-char-start": 5288,
      "location-after-char-end": 5291,
      "node-str": "name"
    },
    {
      "type": "insert-node",
      "node": {
        "label": "icon",
        "type": "VariableRead"
      },
      "location-after-char-start": 5293,
      "location-after-char-end": 5296,
      "node-str": "icon"
    },
    {
      "type": "insert-node",
      "node": {
        "label": "columns",
        "type": "VariableRead"
      },
      "location-after-char-start": 5298,
      "location-after-char-end": 5304,
      "node-str": "columns"
    },
    {
      "type": "insert-node",
      "node": {
        "label": "org.argouml.uml.ui.foundation.core.PropPanelClassifier",
        "type": "TypeAccess"
      },
      "location-after-char-start": 0,
      "location-after-char-end": 0,
      "node-str": "org.argouml.uml.ui.foundation.core.PropPanelClassifier"
    },
    {
      "type": "insert-node",
      "node": {
        "label": "java.lang.Object",
        "type": "VARIABLE_TYPE"
      },
      "location-after-char-start": 0,
      "location-after-char-end": 0,
      "node-str": "java.lang.Object"
    },
    {
      "type": "insert-node",
      "node": {
        "label": "getTarget",
        "type": "Invocation"
      },
      "location-after-char-start": 5391,
      "location-after-char-end": 5401,
      "node-str": "getTarget"
    },
    {
      "type": "insert-node",
      "node": {
        "label": "INSTANCEOF",
        "type": "BinaryOperator"
      },
      "location-after-char-start": 5415,
      "location-after-char-end": 5443,
      "node-str": "INSTANCEOF"
    },
    {
      "type": "insert-node",
      "node": {
        "label": "THEN",
        "type": "then"
      },
      "location-after-char-start": 5446,
      "location-after-char-end": 5593,
      "node-str": "THEN"
    },
    {
      "type": "insert-node",
      "node": {
        "label": "org.argouml.uml.ui.foundation.core.PropPanelClassifier",
        "type": "TypeAccess"
      },
      "location-after-char-start": 0,
      "location-after-char-end": 0,
      "node-str": "org.argouml.uml.ui.foundation.core.PropPanelClassifier"
    },
    {
      "type": "insert-node",
      "node": {
        "label": "target",
        "type": "VariableRead"
      },
      "location-after-char-start": 5415,
      "location-after-char-end": 5420,
      "node-str": "target"
    },
    {
      "type": "insert-node",
      "node": {
        "label": "ru.novosoft.uml.foundation.core.MClassifier",
        "type": "TypeAccess"
      },
      "location-after-char-start": 5433,
      "location-after-char-end": 5443,
      "node-str": "ru.novosoft.uml.foundation.core.MClassifier"
    },
    {
      "type": "insert-node",
      "node": {
        "label": "newOper",
        "type": "LocalVariable"
      },
      "location-after-char-start": 5460,
      "location-after-char-end": 5550,
      "node-str": "newOper"
    },
    {
      "type": "insert-node",
      "node": {
        "label": "navigateTo",
        "type": "Invocation"
      },
      "location-after-char-start": 5564,
      "location-after-char-end": 5583,
      "node-str": "navigateTo"
    },
    {
      "type": "insert-node",
      "node": {
        "label": "ru.novosoft.uml.foundation.core.MOperation",
        "type": "VARIABLE_TYPE"
      },
      "location-after-char-start": 0,
      "location-after-char-end": 0,
      "node-str": "ru.novosoft.uml.foundation.core.MOperation"
    },
    {
      "type": "insert-node",
      "node": {
        "label": "buildOperation",
        "type": "Invocation"
      },
      "location-after-char-start": 5481,
      "location-after-char-end": 5549,
      "node-str": "buildOperation"
    },
    {
      "type": "insert-node",
      "node": {
        "label": "org.argouml.uml.ui.foundation.core.PropPanelClassifier",
        "type": "TypeAccess"
      },
      "location-after-char-start": 0,
      "location-after-char-end": 0,
      "node-str": "org.argouml.uml.ui.foundation.core.PropPanelClassifier"
    },
    {
      "type": "insert-node",
      "node": {
        "label": "newOper",
        "type": "VariableRead"
      },
      "location-after-char-start": 5575,
      "location-after-char-end": 5581,
      "node-str": "newOper"
    },
    {
      "type": "insert-node",
      "node": {
        "label": "getCore",
        "type": "Invocation"
      },
      "location-after-char-start": 5481,
      "location-after-char-end": 5513,
      "node-str": "getCore"
    },
    {
      "type": "insert-node",
      "node": {
        "label": "target",
        "type": "VariableRead"
      },
      "location-after-char-start": 5530,
      "location-after-char-end": 5548,
      "node-str": "target"
    },
    {
      "type": "insert-node",
      "node": {
        "label": "getFactory",
        "type": "Invocation"
      },
      "location-after-char-start": 5481,
      "location-after-char-end": 5503,
      "node-str": "getFactory"
    },
    {
      "type": "insert-node",
      "node": {
        "label": "org.argouml.model.uml.UmlFactory",
        "type": "TypeAccess"
      },
      "location-after-char-start": 5481,
      "location-after-char-end": 5490,
      "node-str": "org.argouml.model.uml.UmlFactory"
    },
    {
      "type": "delete-node",
      "node": {
        "label": "abstract",
        "type": "Modifier"
      },
      "location-before-char-start": 0,
      "location-before-char-end": 0,
      "node-str": "abstract"
    },
    {
      "type": "delete-node",
      "node": {
        "label": "public",
        "type": "Modifier"
      },
      "location-before-char-start": 0,
      "location-before-char-end": 0,
      "node-str": "public"
    },
    {
      "type": "delete-node",
      "node": {
        "label": "org.argouml.uml.ui.foundation.core.PropPanelNamespace",
        "type": "SUPER_TYPE"
      },
      "location-before-char-start": 0,
      "location-before-char-end": 0,
      "node-str": "org.argouml.uml.ui.foundation.core.PropPanelNamespace"
    },
    {
      "type": "delete-node",
      "node": {
        "label": "",
        "type": "TypeReference"
      },
      "location-before-char-start": 4368,
      "location-before-char-end": 4385,
      "node-str": ""
    },
    {
      "type": "delete-node",
      "node": {
        "label": "javax.swing.JPanel",
        "type": "VARIABLE_TYPE"
      },
      "location-before-char-start": 0,
      "location-before-char-end": 0,
      "node-str": "javax.swing.JPanel"
    },
    {
      "type": "delete-node",
      "node": {
        "label": "protected",
        "type": "Modifier"
      },
      "location-before-char-start": 0,
      "location-before-char-end": 0,
      "node-str": "protected"
    },
    {
      "type": "delete-node",
      "node": {
        "label": "_modifiersPanel",
        "type": "Field"
      },
      "location-before-char-start": 4394,
      "location-before-char-end": 4426,
      "node-str": "_modifiersPanel"
    },
    {
      "type": "delete-node",
      "node": {
        "label": "javax.swing.JScrollPane",
        "type": "VARIABLE_TYPE"
      },
      "location-before-char-start": 0,
      "location-before-char-end": 0,
      "node-str": "javax.swing.JScrollPane"
    },
    {
      "type": "delete-node",
      "node": {
        "label": "protected",
        "type": "Modifier"
      },
      "location-before-char-start": 0,
      "location-before-char-end": 0,
      "node-str": "protected"
    },
    {
      "type": "delete-node",
      "node": {
        "label": "extendsScroll",
        "type": "Field"
      },
      "location-before-char-start": 4432,
      "location-before-char-end": 4467,
      "node-str": "extendsScroll"
    },
    {
      "type": "delete-node",
      "node": {
        "label": "javax.swing.JScrollPane",
        "type": "VARIABLE_TYPE"
      },
      "location-before-char-start": 0,
      "location-before-char-end": 0,
      "node-str": "javax.swing.JScrollPane"
    },
    {
      "type": "delete-node",
      "node": {
        "label": "protected",
        "type": "Modifier"
      },
      "location-before-char-start": 0,
      "location-before-char-end": 0,
      "node-str": "protected"
    },
    {
      "type": "delete-node",
      "node": {
        "label": "implementsScroll",
        "type": "Field"
      },
      "location-before-char-start": 4473,
      "location-before-char-end": 4511,
      "node-str": "implementsScroll"
    },
    {
      "type": "delete-node",
      "node": {
        "label": "javax.swing.JScrollPane",
        "type": "VARIABLE_TYPE"
      },
      "location-before-char-start": 0,
      "location-before-char-end": 0,
      "node-str": "javax.swing.JScrollPane"
    },
    {
      "type": "delete-node",
      "node": {
        "label": "protected",
        "type": "Modifier"
      },
      "location-before-char-start": 0,
      "location-before-char-end": 0,
      "node-str": "protected"
    },
    {
      "type": "delete-node",
      "node": {
        "label": "derivedScroll",
        "type": "Field"
      },
      "location-before-char-start": 4517,
      "location-before-char-end": 4552,
      "node-str": "derivedScroll"
    },
    {
      "type": "delete-node",
      "node": {
        "label": "javax.swing.JScrollPane",
        "type": "VARIABLE_TYPE"
      },
      "location-before-char-start": 0,
      "location-before-char-end": 0,
      "node-str": "javax.swing.JScrollPane"
    },
    {
      "type": "delete-node",
      "node": {
        "label": "protected",
        "type": "Modifier"
      },
      "location-before-char-start": 0,
      "location-before-char-end": 0,
      "node-str": "protected"
    },
    {
      "type": "delete-node",
      "node": {
        "label": "opsScroll",
        "type": "Field"
      },
      "location-before-char-start": 4558,
      "location-before-char-end": 4589,
      "node-str": "opsScroll"
    },
    {
      "type": "delete-node",
      "node": {
        "label": "javax.swing.JScrollPane",
        "type": "VARIABLE_TYPE"
      },
      "location-before-char-start": 0,
      "location-before-char-end": 0,
      "node-str": "javax.swing.JScrollPane"
    },
    {
      "type": "delete-node",
      "node": {
        "label": "protected",
        "type": "Modifier"
      },
      "location-before-char-start": 0,
      "location-before-char-end": 0,
      "node-str": "protected"
    },
    {
      "type": "delete-node",
      "node": {
        "label": "attrScroll",
        "type": "Field"
      },
      "location-before-char-start": 4595,
      "location-before-char-end": 4627,
      "node-str": "attrScroll"
    },
    {
      "type": "delete-node",
      "node": {
        "label": "javax.swing.JScrollPane",
        "type": "VARIABLE_TYPE"
      },
      "location-before-char-start": 0,
      "location-before-char-end": 0,
      "node-str": "javax.swing.JScrollPane"
    },
    {
      "type": "delete-node",
      "node": {
        "label": "protected",
        "type": "Modifier"
      },
      "location-before-char-start": 0,
      "location-before-char-end": 0,
      "node-str": "protected"
    },
    {
      "type": "delete-node",
      "node": {
        "label": "connectScroll",
        "type": "Field"
      },
      "location-before-char-start": 4633,
      "location-before-char-end": 4668,
      "node-str": "connectScroll"
    },
    {
      "type": "delete-node",
      "node": {
        "label": "javax.swing.JScrollPane",
        "type": "VARIABLE_TYPE"
      },
      "location-before-char-start": 0,
      "location-before-char-end": 0,
      "node-str": "javax.swing.JScrollPane"
    },
    {
      "type": "delete-node",
      "node": {
        "label": "protected",
        "type": "Modifier"
      },
      "location-before-char-start": 0,
      "location-before-char-end": 0,
      "node-str": "protected"
    },
    {
      "type": "delete-node",
      "node": {
        "label": "innerScroll",
        "type": "Field"
      },
      "location-before-char-start": 4674,
      "location-before-char-end": 4707,
      "node-str": "innerScroll"
    },
    {
      "type": "delete-node",
      "node": {
        "label": "org.argouml.uml.ui.UMLReflectionListModel",
        "type": "VARIABLE_TYPE"
      },
      "location-before-char-start": 0,
      "location-before-char-end": 0,
      "node-str": "org.argouml.uml.ui.UMLReflectionListModel"
    },
    {
      "type": "delete-node",
      "node": {
        "label": "null",
        "type": "Literal"
      },
      "location-before-char-start": 4768,
      "location-before-char-end": 4771,
      "node-str": "null"
    },
    {
      "type": "delete-node",
      "node": {
        "label": "_implementsModel",
        "type": "Field"
      },
      "location-before-char-start": 4718,
      "location-before-char-end": 4772,
      "node-str": "_implementsModel"
    },
    {
      "type": "delete-node",
      "node": {
        "label": "org.argouml.uml.ui.UMLReflectionListModel",
        "type": "VARIABLE_TYPE"
      },
      "location-before-char-start": 0,
      "location-before-char-end": 0,
      "node-str": "org.argouml.uml.ui.UMLReflectionListModel"
    },
    {
      "type": "delete-node",
      "node": {
        "label": "null",
        "type": "Literal"
      },
      "location-before-char-start": 4825,
      "location-before-char-end": 4828,
      "node-str": "null"
    },
    {
      "type": "delete-node",
      "node": {
        "label": "_connectModel",
        "type": "Field"
      },
      "location-before-char-start": 4778,
      "location-before-char-end": 4829,
      "node-str": "_connectModel"
    },
    {
      "type": "delete-node",
      "node": {
        "label": "public",
        "type": "Modifier"
      },
      "location-before-char-start": 0,
      "location-before-char-end": 0,
      "node-str": "public"
    },
    {
      "type": "delete-node",
      "node": {
        "label": "java.lang.String",
        "type": "VARIABLE_TYPE"
      },
      "location-before-char-start": 0,
      "location-before-char-end": 0,
      "node-str": "java.lang.String"
    },
    {
      "type": "delete-node",
      "node": {
        "label": "name",
        "type": "Parameter"
      },
      "location-before-char-start": 4945,
      "location-before-char-end": 4955,
      "node-str": "name"
    },
    {
      "type": "delete-node",
      "node": {
        "label": "int",
        "type": "VARIABLE_TYPE"
      },
      "location-before-char-start": 0,
      "location-before-char-end": 0,
      "node-str": "int"
    },
    {
      "type": "delete-node",
      "node": {
        "label": "columns",
        "type": "Parameter"
      },
      "location-before-char-start": 4958,
      "location-before-char-end": 4968,
      "node-str": "columns"
    },
    {
      "type": "delete-node",
      "node": {
        "label": "name",
        "type": "VariableRead"
      },
      "location-before-char-start": 4984,
      "location-before-char-end": 4987,
      "node-str": "name"
    },
    {
      "type": "delete-node",
      "node": {
        "label": "null",
        "type": "Literal"
      },
      "location-before-char-start": 4990,
      "location-before-char-end": 4993,
      "node-str": "null"
    },
    {
      "type": "delete-node",
      "node": {
        "label": "columns",
        "type": "VariableRead"
      },
      "location-before-char-start": 4996,
      "location-before-char-end": 5002,
      "node-str": "columns"
    },
    {
      "type": "delete-node",
      "node": {
        "label": "\u003cinit\u003e",
        "type": "Invocation"
      },
      "location-before-char-start": 4979,
      "location-before-char-end": 5004,
      "node-str": "\u003cinit\u003e"
    },
    {
      "type": "delete-node",
      "node": {
        "label": "\u003cinit\u003e",
        "type": "Constructor"
      },
      "location-before-char-start": 4834,
      "location-before-char-end": 5008,
      "node-str": "\u003cinit\u003e"
    },
    {
      "type": "delete-node",
      "node": {
        "label": "public",
        "type": "Modifier"
      },
      "location-before-char-start": 0,
      "location-before-char-end": 0,
      "node-str": "public"
    },
    {
      "type": "delete-node",
      "node": {
        "label": "java.lang.String",
        "type": "VARIABLE_TYPE"
      },
      "location-before-char-start": 0,
      "location-before-char-end": 0,
      "node-str": "java.lang.String"
    },
    {
      "type": "delete-node",
      "node": {
        "label": "title",
        "type": "Parameter"
      },
      "location-before-char-start": 5042,
      "location-before-char-end": 5053,
      "node-str": "title"
    },
    {
      "type": "delete-node",
      "node": {
        "label": "javax.swing.ImageIcon",
        "type": "VARIABLE_TYPE"
      },
      "location-before-char-start": 0,
      "location-before-char-end": 0,
      "node-str": "javax.swing.ImageIcon"
    },
    {
      "type": "delete-node",
      "node": {
        "label": "icon",
        "type": "Parameter"
      },
      "location-before-char-start": 5056,
      "location-before-char-end": 5069,
      "node-str": "icon"
    },
    {
      "type": "delete-node",
      "node": {
        "label": "org.argouml.swingext.Orientation",
        "type": "VARIABLE_TYPE"
      },
      "location-before-char-start": 0,
      "location-before-char-end": 0,
      "node-str": "org.argouml.swingext.Orientation"
    },
    {
      "type": "delete-node",
      "node": {
        "label": "orientation",
        "type": "Parameter"
      },
      "location-before-char-start": 5072,
      "location-before-char-end": 5094,
      "node-str": "orientation"
    },
    {
      "type": "delete-node",
      "node": {
        "label": "title",
        "type": "VariableRead"
      },
      "location-before-char-start": 5108,
      "location-before-char-end": 5112,
      "node-str": "title"
    },
    {
      "type": "delete-node",
      "node": {
        "label": "icon",
        "type": "VariableRead"
      },
      "location-before-char-start": 5115,
      "location-before-char-end": 5118,
      "node-str": "icon"
    },
    {
      "type": "delete-node",
      "node": {
        "label": "orientation",
        "type": "VariableRead"
      },
      "location-before-char-start": 5121,
      "location-before-char-end": 5131,
      "node-str": "orientation"
    },
    {
      "type": "delete-node",
      "node": {
        "label": "\u003cinit\u003e",
        "type": "Invocation"
      },
      "location-before-char-start": 5102,
      "location-before-char-end": 5133,
      "node-str": "\u003cinit\u003e"
    },
    {
      "type": "delete-node",
      "node": {
        "label": "org.argouml.uml.ui.foundation.core.PropPanelClassifier",
        "type": "TypeAccess"
      },
      "location-before-char-start": 0,
      "location-before-char-end": 0,
      "node-str": "org.argouml.uml.ui.foundation.core.PropPanelClassifier"
    },
    {
      "type": "delete-node",
      "node": {
        "label": "initialize",
        "type": "Invocation"
      },
      "location-before-char-start": 5138,
      "location-before-char-end": 5150,
      "node-str": "initialize"
    },
    {
      "type": "delete-node",
      "node": {
        "label": "\u003cinit\u003e",
        "type": "Constructor"
      },
      "location-before-char-start": 5015,
      "location-before-char-end": 5154,
      "node-str": "\u003cinit\u003e"
    },
    {
      "type": "delete-node",
      "node": {
        "label": "public",
        "type": "Modifier"
      },
      "location-before-char-start": 0,
      "location-before-char-end": 0,
      "node-str": "public"
    },
    {
      "type": "delete-node",
      "node": {
        "label": "java.lang.String",
        "type": "VARIABLE_TYPE"
      },
      "location-before-char-start": 0,
      "location-before-char-end": 0,
      "node-str": "java.lang.String"
    },
    {
      "type": "delete-node",
      "node": {
        "label": "name",
        "type": "Parameter"
      },
      "location-before-char-start": 5186,
      "location-before-char-end": 5196,
      "node-str": "name"
    },
    {
      "type": "delete-node",
      "node": {
        "label": "javax.swing.ImageIcon",
        "type": "VARIABLE_TYPE"
      },
      "location-before-char-start": 0,
      "location-before-char-end": 0,
      "node-str": "javax.swing.ImageIcon"
    },
    {
      "type": "delete-node",
      "node": {
        "label": "icon",
        "type": "Parameter"
      },
      "location-before-char-start": 5199,
      "location-before-char-end": 5212,
      "node-str": "icon"
    },
    {
      "type": "delete-node",
      "node": {
        "label": "int",
        "type": "VARIABLE_TYPE"
      },
      "location-before-char-start": 0,
      "location-before-char-end": 0,
      "node-str": "int"
    },
    {
      "type": "delete-node",
      "node": {
        "label": "columns",
        "type": "Parameter"
      },
      "location-before-char-start": 5215,
      "location-before-char-end": 5225,
      "node-str": "columns"
    },
    {
      "type": "delete-node",
      "node": {
        "label": "name",
        "type": "VariableRead"
      },
      "location-before-char-start": 5242,
      "location-before-char-end": 5245,
      "node-str": "name"
    },
    {
      "type": "delete-node",
      "node": {
        "label": "icon",
        "type": "VariableRead"
      },
      "location-before-char-start": 5247,
      "location-before-char-end": 5250,
      "node-str": "icon"
    },
    {
      "type": "delete-node",
      "node": {
        "label": "columns",
        "type": "VariableRead"
      },
      "location-before-char-start": 5252,
      "location-before-char-end": 5258,
      "node-str": "columns"
    },
    {
      "type": "delete-node",
      "node": {
        "label": "\u003cinit\u003e",
        "type": "Invocation"
      },
      "location-before-char-start": 5236,
      "location-before-char-end": 5260,
      "node-str": "\u003cinit\u003e"
    },
    {
      "type": "delete-node",
      "node": {
        "label": "org.argouml.uml.ui.foundation.core.PropPanelClassifier",
        "type": "TypeAccess"
      },
      "location-before-char-start": 0,
      "location-before-char-end": 0,
      "node-str": "org.argouml.uml.ui.foundation.core.PropPanelClassifier"
    },
    {
      "type": "delete-node",
      "node": {
        "label": "initialize",
        "type": "Invocation"
      },
      "location-before-char-start": 5268,
      "location-before-char-end": 5280,
      "node-str": "initialize"
    },
    {
      "type": "delete-node",
      "node": {
        "label": "\u003cinit\u003e",
        "type": "Constructor"
      },
      "location-before-char-start": 5159,
      "location-before-char-end": 5284,
      "node-str": "\u003cinit\u003e"
    },
    {
      "type": "delete-node",
      "node": {
        "label": "void",
        "type": "RETURN_TYPE"
      },
      "location-before-char-start": 0,
      "location-before-char-end": 0,
      "node-str": "void"
    },
    {
      "type": "delete-node",
      "node": {
        "label": "public",
        "type": "Modifier"
      },
      "location-before-char-start": 0,
      "location-before-char-end": 0,
      "node-str": "public"
    },
    {
      "type": "delete-node",
      "node": {
        "label": "java.lang.Object",
        "type": "VARIABLE_TYPE"
      },
      "location-before-char-start": 0,
      "location-before-char-end": 0,
      "node-str": "java.lang.Object"
    },
    {
      "type": "delete-node",
      "node": {
        "label": "org.argouml.uml.ui.foundation.core.PropPanelClassifier",
        "type": "TypeAccess"
      },
      "location-before-char-start": 0,
      "location-before-char-end": 0,
      "node-str": "org.argouml.uml.ui.foundation.core.PropPanelClassifier"
    },
    {
      "type": "delete-node",
      "node": {
        "label": "getTarget",
        "type": "Invocation"
      },
      "location-before-char-start": 5345,
      "location-before-char-end": 5355,
      "node-str": "getTarget"
    },
    {
      "type": "delete-node",
      "node": {
        "label": "target",
        "type": "LocalVariable"
      },
      "location-before-char-start": 5329,
      "location-before-char-end": 5356,
      "node-str": "target"
    },
    {
      "type": "delete-node",
      "node": {
        "label": "target",
        "type": "VariableRead"
      },
      "location-before-char-start": 5369,
      "location-before-char-end": 5374,
      "node-str": "target"
    },
    {
      "type": "delete-node",
      "node": {
        "label": "ru.novosoft.uml.foundation.core.MClassifier",
        "type": "TypeAccess"
      },
      "location-before-char-start": 5387,
      "location-before-char-end": 5397,
      "node-str": "ru.novosoft.uml.foundation.core.MClassifier"
    },
    {
      "type": "delete-node",
      "node": {
        "label": "INSTANCEOF",
        "type": "BinaryOperator"
      },
      "location-before-char-start": 5369,
      "location-before-char-end": 5397,
      "node-str": "INSTANCEOF"
    },
    {
      "type": "delete-node",
      "node": {
        "label": "ru.novosoft.uml.foundation.core.MClassifier",
        "type": "VARIABLE_TYPE"
      },
      "location-before-char-start": 0,
      "location-before-char-end": 0,
      "node-str": "ru.novosoft.uml.foundation.core.MClassifier"
    },
    {
      "type": "delete-node",
      "node": {
        "label": "target",
        "type": "VariableRead"
      },
      "location-before-char-start": 5439,
      "location-before-char-end": 5458,
      "node-str": "target"
    },
    {
      "type": "delete-node",
      "node": {
        "label": "classifier",
        "type": "LocalVariable"
      },
      "location-before-char-start": 5414,
      "location-before-char-end": 5459,
      "node-str": "classifier"
    },
    {
      "type": "delete-node",
      "node": {
        "label": "ru.novosoft.uml.foundation.core.MOperation",
        "type": "VARIABLE_TYPE"
      },
      "location-before-char-start": 0,
      "location-before-char-end": 0,
      "node-str": "ru.novosoft.uml.foundation.core.MOperation"
    },
    {
      "type": "delete-node",
      "node": {
        "label": "org.argouml.model.uml.UmlFactory",
        "type": "TypeAccess"
      },
      "location-before-char-start": 5491,
      "location-before-char-end": 5500,
      "node-str": "org.argouml.model.uml.UmlFactory"
    },
    {
      "type": "delete-node",
      "node": {
        "label": "getFactory",
        "type": "Invocation"
      },
      "location-before-char-start": 5491,
      "location-before-char-end": 5513,
      "node-str": "getFactory"
    },
    {
      "type": "delete-node",
      "node": {
        "label": "getCore",
        "type": "Invocation"
      },
      "location-before-char-start": 5491,
      "location-before-char-end": 5523,
      "node-str": "getCore"
    },
    {
      "type": "delete-node",
      "node": {
        "label": "classifier",
        "type": "VariableRead"
      },
      "location-before-char-start": 5540,
      "location-before-char-end": 5549,
      "node-str": "classifier"
    },
    {
      "type": "delete-node",
      "node": {
        "label": "buildOperation",
        "type": "Invocation"
      },
      "location-before-char-start": 5491,
      "location-before-char-end": 5550,
      "node-str": "buildOperation"
    },
    {
      "type": "delete-node",
      "node": {
        "label": "oper",
        "type": "LocalVariable"
      },
      "location-before-char-start": 5473,
      "location-before-char-end": 5551,
      "node-str": "oper"
    },
    {
      "type": "delete-node",
      "node": {
        "label": "org.argouml.uml.ui.foundation.core.PropPanelClassifier",
        "type": "TypeAccess"
      },
      "location-before-char-start": 0,
      "location-before-char-end": 0,
      "node-str": "org.argouml.uml.ui.foundation.core.PropPanelClassifier"
    },
    {
      "type": "delete-node",
      "node": {
        "label": "oper",
        "type": "VariableRead"
      },
      "location-before-char-start": 5719,
      "location-before-char-end": 5722,
      "node-str": "oper"
    },
    {
      "type": "delete-node",
      "node": {
        "label": "navigateTo",
        "type": "Invocation"
      },
      "location-before-char-start": 5708,
      "location-before-char-end": 5724,
      "node-str": "navigateTo"
    },
    {
      "type": "delete-node",
      "node": {
        "label": "THEN",
        "type": "then"
      },
      "location-before-char-start": 5400,
      "location-before-char-end": 5734,
      "node-str": "THEN"
    },
    {
      "type": "delete-node",
      "node": {
        "label": "if",
        "type": "If"
      },
      "location-before-char-start": 5366,
      "location-before-char-end": 5734,
      "node-str": "if"
    },
    {
      "type": "delete-node",
      "node": {
        "label": "addOperation",
        "type": "Method"
      },
      "location-before-char-start": 5292,
      "location-before-char-end": 5740,
      "node-str": "addOperation"
    },
    {
      "type": "delete-node",
      "node": {
        "label": "PropPanelClassifier",
        "type": "Class"
      },
      "location-before-char-start": 4318,
      "location-before-char-end": 15291,
      "node-str": "PropPanelClassifier"
    }
  ],
  "before-file": {},
  "after-file": {},
  "mapping": {}
}