{
  "tool-info": {},
  "diff": [
    {
      "type": "insert-node",
      "node": {
        "label": "DatabaseInitializer",
        "type": "Class"
      },
      "location-after-char-start": 2842,
      "location-after-char-end": 7557,
      "node-str": "DatabaseInitializer"
    },
    {
      "type": "move-subtree",
      "node": {
        "label": "public",
        "type": "Modifier"
      },
      "location-before-char-start": 0,
      "location-before-char-end": 0,
      "location-after-char-start": 0,
      "location-after-char-end": 0,
      "node-str": "public"
    },
    {
      "type": "move-subtree",
      "node": {
        "label": "",
        "type": "TypeReference"
      },
      "location-before-char-start": 2981,
      "location-before-char-end": 2991,
      "location-after-char-start": 2981,
      "location-after-char-end": 2991,
      "node-str": ""
    },
    {
      "type": "move-subtree",
      "node": {
        "label": "PRE_L10N",
        "type": "Field"
      },
      "location-before-char-start": 2999,
      "location-before-char-end": 3048,
      "location-after-char-start": 2999,
      "location-after-char-end": 3048,
      "node-str": "PRE_L10N"
    },
    {
      "type": "move-subtree",
      "node": {
        "label": "POST_L10N",
        "type": "Field"
      },
      "location-before-char-start": 3054,
      "location-before-char-end": 3105,
      "location-after-char-start": 3054,
      "location-after-char-end": 3105,
      "node-str": "POST_L10N"
    },
    {
      "type": "move-subtree",
      "node": {
        "label": "DB_L10N_STATE",
        "type": "Field"
      },
      "location-before-char-start": 3111,
      "location-before-char-end": 3170,
      "location-after-char-start": 3111,
      "location-after-char-end": 3170,
      "node-str": "DB_L10N_STATE"
    },
    {
      "type": "insert-node",
      "node": {
        "label": "init",
        "type": "Method"
      },
      "location-after-char-start": 3177,
      "location-after-char-end": 4464,
      "node-str": "init"
    },
    {
      "type": "move-subtree",
      "node": {
        "label": "getInputData",
        "type": "Method"
      },
      "location-before-char-start": 4495,
      "location-before-char-end": 5078,
      "location-after-char-start": 4471,
      "location-after-char-end": 5054,
      "node-str": "getInputData"
    },
    {
      "type": "move-subtree",
      "node": {
        "label": "initdb",
        "type": "Method"
      },
      "location-before-char-start": 5085,
      "location-before-char-end": 7579,
      "location-after-char-start": 5061,
      "location-after-char-end": 7555,
      "node-str": "initdb"
    },
    {
      "type": "move-subtree",
      "node": {
        "label": "void",
        "type": "RETURN_TYPE"
      },
      "location-before-char-start": 0,
      "location-before-char-end": 0,
      "location-after-char-start": 0,
      "location-after-char-end": 0,
      "node-str": "void"
    },
    {
      "type": "move-subtree",
      "node": {
        "label": "org.apache.fulcrum.InitializationException",
        "type": "THROWS"
      },
      "location-before-char-start": 0,
      "location-before-char-end": 0,
      "location-after-char-start": 0,
      "location-after-char-end": 0,
      "node-str": "org.apache.fulcrum.InitializationException"
    },
    {
      "type": "move-subtree",
      "node": {
        "label": "public",
        "type": "Modifier"
      },
      "location-before-char-start": 0,
      "location-before-char-end": 0,
      "location-after-char-start": 0,
      "location-after-char-end": 0,
      "node-str": "public"
    },
    {
      "type": "insert-node",
      "node": {
        "label": "",
        "type": "Try"
      },
      "location-after-char-start": 3318,
      "location-after-char-end": 4375,
      "node-str": ""
    },
    {
      "type": "move-subtree",
      "node": {
        "label": "setInit",
        "type": "Invocation"
      },
      "location-before-char-start": 4469,
      "location-before-char-end": 4482,
      "location-after-char-start": 4445,
      "location-after-char-end": 4458,
      "node-str": "setInit"
    },
    {
      "type": "insert-node",
      "node": {
        "label": "dbState",
        "type": "LocalVariable"
      },
      "location-after-char-start": 3344,
      "location-after-char-end": 3424,
      "node-str": "dbState"
    },
    {
      "type": "insert-node",
      "node": {
        "label": "if",
        "type": "If"
      },
      "location-after-char-start": 3438,
      "location-after-char-end": 4206,
      "node-str": "if"
    },
    {
      "type": "move-subtree",
      "node": {
        "label": "",
        "type": "Catch"
      },
      "location-before-char-start": 4241,
      "location-before-char-end": 4399,
      "location-after-char-start": 4217,
      "location-after-char-end": 4375,
      "node-str": ""
    },
    {
      "type": "insert-node",
      "node": {
        "label": "java.lang.String",
        "type": "VARIABLE_TYPE"
      },
      "location-after-char-start": 0,
      "location-after-char-end": 0,
      "node-str": "java.lang.String"
    },
    {
      "type": "update-node",
      "node": {
        "label": "getInstance",
        "type": "Invocation"
      },
      "location-before-char-start": 3386,
      "location-before-char-end": 3434,
      "location-after-char-start": 3377,
      "location-after-char-end": 3423,
      "node-str": "getString"
    },
    {
      "type": "move-subtree",
      "node": {
        "label": "getInstance",
        "type": "Invocation"
      },
      "location-before-char-start": 3386,
      "location-before-char-end": 3434,
      "location-after-char-start": 3377,
      "location-after-char-end": 3423,
      "node-str": "getString"
    },
    {
      "type": "insert-node",
      "node": {
        "label": "equals",
        "type": "Invocation"
      },
      "location-after-char-start": 3442,
      "location-after-char-end": 3465,
      "node-str": "equals"
    },
    {
      "type": "insert-node",
      "node": {
        "label": "THEN",
        "type": "then"
      },
      "location-after-char-start": 3481,
      "location-after-char-end": 4206,
      "node-str": "THEN"
    },
    {
      "type": "move-subtree",
      "node": {
        "label": "dbState",
        "type": "VariableRead"
      },
      "location-before-char-start": 3453,
      "location-before-char-end": 3459,
      "location-after-char-start": 3442,
      "location-after-char-end": 3448,
      "node-str": "dbState"
    },
    {
      "type": "move-subtree",
      "node": {
        "label": "PRE_L10N",
        "type": "FieldRead"
      },
      "location-before-char-start": 3479,
      "location-before-char-end": 3486,
      "location-after-char-start": 3457,
      "location-after-char-end": 3464,
      "node-str": "PRE_L10N"
    },
    {
      "type": "move-subtree",
      "node": {
        "label": "defaultLocale",
        "type": "LocalVariable"
      },
      "location-before-char-start": 3521,
      "location-before-char-end": 3665,
      "location-after-char-start": 3499,
      "location-after-char-end": 3643,
      "node-str": "defaultLocale"
    },
    {
      "type": "move-subtree",
      "node": {
        "label": "start",
        "type": "LocalVariable"
      },
      "location-before-char-start": 3684,
      "location-before-char-end": 3723,
      "location-after-char-start": 3662,
      "location-after-char-end": 3701,
      "node-str": "start"
    },
    {
      "type": "move-subtree",
      "node": {
        "label": "info",
        "type": "Invocation"
      },
      "location-before-char-start": 3741,
      "location-before-char-end": 3877,
      "location-after-char-start": 3719,
      "location-after-char-end": 3855,
      "node-str": "info"
    },
    {
      "type": "insert-node",
      "node": {
        "label": "setString",
        "type": "Invocation"
      },
      "location-after-char-start": 3873,
      "location-after-char-end": 3931,
      "node-str": "setString"
    },
    {
      "type": "move-subtree",
      "node": {
        "label": "initdb",
        "type": "Invocation"
      },
      "location-before-char-start": 3972,
      "location-before-char-end": 3993,
      "location-after-char-start": 3949,
      "location-after-char-end": 3970,
      "node-str": "initdb"
    },
    {
      "type": "insert-node",
      "node": {
        "label": "setString",
        "type": "Invocation"
      },
      "location-after-char-start": 3993,
      "location-after-char-end": 4051,
      "node-str": "setString"
    },
    {
      "type": "move-subtree",
      "node": {
        "label": "info",
        "type": "Invocation"
      },
      "location-before-char-start": 4093,
      "location-before-char-end": 4216,
      "location-after-char-start": 4069,
      "location-after-char-end": 4192,
      "node-str": "info"
    },
    {
      "type": "insert-node",
      "node": {
        "label": "org.tigris.scarab.om.GlobalParameterManager",
        "type": "TypeAccess"
      },
      "location-after-char-start": 3873,
      "location-after-char-end": 3894,
      "node-str": "org.tigris.scarab.om.GlobalParameterManager"
    },
    {
      "type": "insert-node",
      "node": {
        "label": "DB_L10N_STATE",
        "type": "FieldRead"
      },
      "location-after-char-start": 3906,
      "location-after-char-end": 3918,
      "node-str": "DB_L10N_STATE"
    },
    {
      "type": "move-subtree",
      "node": {
        "label": "\"started\"",
        "type": "Literal"
      },
      "location-before-char-start": 3912,
      "location-before-char-end": 3920,
      "location-after-char-start": 3921,
      "location-after-char-end": 3929,
      "node-str": "\"started\""
    },
    {
      "type": "insert-node",
      "node": {
        "label": "org.tigris.scarab.om.GlobalParameterManager",
        "type": "TypeAccess"
      },
      "location-after-char-start": 3993,
      "location-after-char-end": 4014,
      "node-str": "org.tigris.scarab.om.GlobalParameterManager"
    },
    {
      "type": "insert-node",
      "node": {
        "label": "DB_L10N_STATE",
        "type": "FieldRead"
      },
      "location-after-char-start": 4026,
      "location-after-char-end": 4038,
      "node-str": "DB_L10N_STATE"
    },
    {
      "type": "move-subtree",
      "node": {
        "label": "POST_L10N",
        "type": "FieldRead"
      },
      "location-before-char-start": 4033,
      "location-before-char-end": 4041,
      "location-after-char-start": 4041,
      "location-after-char-end": 4049,
      "node-str": "POST_L10N"
    },
    {
      "type": "delete-node",
      "node": {
        "label": "org.tigris.scarab.om.GlobalParameter",
        "type": "VARIABLE_TYPE"
      },
      "location-before-char-start": 0,
      "location-before-char-end": 0,
      "node-str": "org.tigris.scarab.om.GlobalParameter"
    },
    {
      "type": "delete-node",
      "node": {
        "label": "dbState",
        "type": "LocalVariable"
      },
      "location-before-char-start": 3344,
      "location-before-char-end": 3435,
      "node-str": "dbState"
    },
    {
      "type": "delete-node",
      "node": {
        "label": "getValue",
        "type": "Invocation"
      },
      "location-before-char-start": 3453,
      "location-before-char-end": 3470,
      "node-str": "getValue"
    },
    {
      "type": "delete-node",
      "node": {
        "label": "equals",
        "type": "Invocation"
      },
      "location-before-char-start": 3453,
      "location-before-char-end": 3487,
      "node-str": "equals"
    },
    {
      "type": "delete-node",
      "node": {
        "label": "dbState",
        "type": "VariableRead"
      },
      "location-before-char-start": 3895,
      "location-before-char-end": 3901,
      "node-str": "dbState"
    },
    {
      "type": "delete-node",
      "node": {
        "label": "setValue",
        "type": "Invocation"
      },
      "location-before-char-start": 3895,
      "location-before-char-end": 3922,
      "node-str": "setValue"
    },
    {
      "type": "delete-node",
      "node": {
        "label": "dbState",
        "type": "VariableRead"
      },
      "location-before-char-start": 3940,
      "location-before-char-end": 3946,
      "node-str": "dbState"
    },
    {
      "type": "delete-node",
      "node": {
        "label": "save",
        "type": "Invocation"
      },
      "location-before-char-start": 3940,
      "location-before-char-end": 3954,
      "node-str": "save"
    },
    {
      "type": "delete-node",
      "node": {
        "label": "dbState",
        "type": "VariableRead"
      },
      "location-before-char-start": 4016,
      "location-before-char-end": 4022,
      "node-str": "dbState"
    },
    {
      "type": "delete-node",
      "node": {
        "label": "setValue",
        "type": "Invocation"
      },
      "location-before-char-start": 4016,
      "location-before-char-end": 4043,
      "node-str": "setValue"
    },
    {
      "type": "delete-node",
      "node": {
        "label": "dbState",
        "type": "VariableRead"
      },
      "location-before-char-start": 4061,
      "location-before-char-end": 4067,
      "node-str": "dbState"
    },
    {
      "type": "delete-node",
      "node": {
        "label": "save",
        "type": "Invocation"
      },
      "location-before-char-start": 4061,
      "location-before-char-end": 4075,
      "node-str": "save"
    },
    {
      "type": "delete-node",
      "node": {
        "label": "THEN",
        "type": "then"
      },
      "location-before-char-start": 3503,
      "location-before-char-end": 4230,
      "node-str": "THEN"
    },
    {
      "type": "delete-node",
      "node": {
        "label": "if",
        "type": "If"
      },
      "location-before-char-start": 3449,
      "location-before-char-end": 4230,
      "node-str": "if"
    },
    {
      "type": "delete-node",
      "node": {
        "label": "",
        "type": "Try"
      },
      "location-before-char-start": 3318,
      "location-before-char-end": 4399,
      "node-str": ""
    },
    {
      "type": "delete-node",
      "node": {
        "label": "init",
        "type": "Method"
      },
      "location-before-char-start": 3177,
      "location-before-char-end": 4488,
      "node-str": "init"
    },
    {
      "type": "delete-node",
      "node": {
        "label": "DatabaseInitializer",
        "type": "Class"
      },
      "location-before-char-start": 2842,
      "location-before-char-end": 7581,
      "node-str": "DatabaseInitializer"
    }
  ],
  "before-file": {},
  "after-file": {},
  "mapping": {}
}