{
  "tool-info": {},
  "diff": [
    {
      "type": "insert-node",
      "node": {
        "label": "SecurityInterceptor",
        "type": "Class"
      },
      "location-after-char-start": 795,
      "location-after-char-end": 8430,
      "node-str": "SecurityInterceptor"
    },
    {
      "type": "move-subtree",
      "node": {
        "label": "public",
        "type": "Modifier"
      },
      "location-before-char-start": 0,
      "location-before-char-end": 0,
      "location-after-char-start": 0,
      "location-after-char-end": 0,
      "node-str": "public"
    },
    {
      "type": "move-subtree",
      "node": {
        "label": "",
        "type": "TypeReference"
      },
      "location-before-char-start": 1223,
      "location-before-char-end": 1241,
      "location-after-char-start": 1223,
      "location-after-char-end": 1241,
      "node-str": ""
    },
    {
      "type": "move-subtree",
      "node": {
        "label": "securityManager",
        "type": "Field"
      },
      "location-before-char-start": 1248,
      "location-before-char-end": 1343,
      "location-after-char-start": 1248,
      "location-after-char-end": 1343,
      "node-str": "securityManager"
    },
    {
      "type": "move-subtree",
      "node": {
        "label": "realmMapping",
        "type": "Field"
      },
      "location-before-char-start": 1349,
      "location-before-char-end": 1431,
      "location-after-char-start": 1349,
      "location-after-char-end": 1431,
      "node-str": "realmMapping"
    },
    {
      "type": "move-subtree",
      "node": {
        "label": "runAsIdentity",
        "type": "Field"
      },
      "location-before-char-start": 1437,
      "location-before-char-end": 1527,
      "location-after-char-start": 1437,
      "location-after-char-end": 1527,
      "node-str": "runAsIdentity"
    },
    {
      "type": "move-subtree",
      "node": {
        "label": "securityRoles",
        "type": "Field"
      },
      "location-before-char-start": 1533,
      "location-before-char-end": 1612,
      "location-after-char-start": 1533,
      "location-after-char-end": 1612,
      "node-str": "securityRoles"
    },
    {
      "type": "move-subtree",
      "node": {
        "label": "setContainer",
        "type": "Method"
      },
      "location-before-char-start": 1618,
      "location-before-char-end": 2964,
      "location-after-char-start": 1618,
      "location-after-char-end": 2964,
      "node-str": "setContainer"
    },
    {
      "type": "move-subtree",
      "node": {
        "label": "start",
        "type": "Method"
      },
      "location-before-char-start": 2970,
      "location-before-char-end": 3106,
      "location-after-char-start": 2970,
      "location-after-char-end": 3106,
      "node-str": "start"
    },
    {
      "type": "move-subtree",
      "node": {
        "label": "invokeHome",
        "type": "Method"
      },
      "location-before-char-start": 3112,
      "location-before-char-end": 3785,
      "location-after-char-start": 3112,
      "location-after-char-end": 3785,
      "node-str": "invokeHome"
    },
    {
      "type": "move-subtree",
      "node": {
        "label": "invoke",
        "type": "Method"
      },
      "location-before-char-start": 3791,
      "location-before-char-end": 4456,
      "location-after-char-start": 3791,
      "location-after-char-end": 4456,
      "node-str": "invoke"
    },
    {
      "type": "insert-node",
      "node": {
        "label": "checkSecurityAssociation",
        "type": "Method"
      },
      "location-after-char-start": 4462,
      "location-after-char-end": 8428,
      "node-str": "checkSecurityAssociation"
    },
    {
      "type": "move-subtree",
      "node": {
        "label": "void",
        "type": "RETURN_TYPE"
      },
      "location-before-char-start": 0,
      "location-before-char-end": 0,
      "location-after-char-start": 0,
      "location-after-char-end": 0,
      "node-str": "void"
    },
    {
      "type": "move-subtree",
      "node": {
        "label": "java.lang.Exception",
        "type": "THROWS"
      },
      "location-before-char-start": 0,
      "location-before-char-end": 0,
      "location-after-char-start": 0,
      "location-after-char-end": 0,
      "node-str": "java.lang.Exception"
    },
    {
      "type": "move-subtree",
      "node": {
        "label": "mi",
        "type": "Parameter"
      },
      "location-before-char-start": 4769,
      "location-before-char-end": 4781,
      "location-after-char-start": 4769,
      "location-after-char-end": 4781,
      "node-str": "mi"
    },
    {
      "type": "move-subtree",
      "node": {
        "label": "principal",
        "type": "LocalVariable"
      },
      "location-before-char-start": 4818,
      "location-before-char-end": 4857,
      "location-after-char-start": 4818,
      "location-after-char-end": 4857,
      "node-str": "principal"
    },
    {
      "type": "move-subtree",
      "node": {
        "label": "credential",
        "type": "LocalVariable"
      },
      "location-before-char-start": 4865,
      "location-before-char-end": 4903,
      "location-after-char-start": 4865,
      "location-after-char-end": 4903,
      "node-str": "credential"
    },
    {
      "type": "move-subtree",
      "node": {
        "label": "trace",
        "type": "LocalVariable"
      },
      "location-before-char-start": 4911,
      "location-before-char-end": 4946,
      "location-after-char-start": 4911,
      "location-after-char-end": 4946,
      "node-str": "trace"
    },
    {
      "type": "move-subtree",
      "node": {
        "label": "if",
        "type": "If"
      },
      "location-before-char-start": 5040,
      "location-before-char-end": 5281,
      "location-after-char-start": 5040,
      "location-after-char-end": 5281,
      "node-str": "if"
    },
    {
      "type": "insert-node",
      "node": {
        "label": "if",
        "type": "If"
      },
      "location-after-char-start": 5290,
      "location-after-char-end": 5409,
      "node-str": "if"
    },
    {
      "type": "move-subtree",
      "node": {
        "label": "callerRunAsIdentity",
        "type": "LocalVariable"
      },
      "location-before-char-start": 5520,
      "location-before-char-end": 5591,
      "location-after-char-start": 5462,
      "location-after-char-end": 5533,
      "node-str": "callerRunAsIdentity"
    },
    {
      "type": "insert-node",
      "node": {
        "label": "if",
        "type": "If"
      },
      "location-after-char-start": 5541,
      "location-after-char-end": 6193,
      "node-str": "if"
    },
    {
      "type": "move-subtree",
      "node": {
        "label": "iface",
        "type": "LocalVariable"
      },
      "location-before-char-start": 6370,
      "location-before-char-end": 6405,
      "location-after-char-start": 6238,
      "location-after-char-end": 6273,
      "node-str": "iface"
    },
    {
      "type": "move-subtree",
      "node": {
        "label": "methodRoles",
        "type": "LocalVariable"
      },
      "location-before-char-start": 6413,
      "location-before-char-end": 6484,
      "location-after-char-start": 6281,
      "location-after-char-end": 6352,
      "node-str": "methodRoles"
    },
    {
      "type": "insert-node",
      "node": {
        "label": "if",
        "type": "If"
      },
      "location-after-char-start": 6360,
      "location-after-char-end": 6798,
      "node-str": "if"
    },
    {
      "type": "insert-node",
      "node": {
        "label": "if",
        "type": "If"
      },
      "location-after-char-start": 6868,
      "location-after-char-end": 8423,
      "node-str": "if"
    },
    {
      "type": "move-subtree",
      "node": {
        "label": "EQ",
        "type": "BinaryOperator"
      },
      "location-before-char-start": 5294,
      "location-before-char-end": 5313,
      "location-after-char-start": 5294,
      "location-after-char-end": 5313,
      "node-str": "EQ"
    },
    {
      "type": "insert-node",
      "node": {
        "label": "THEN",
        "type": "then"
      },
      "location-after-char-start": 5322,
      "location-after-char-end": 5409,
      "node-str": "THEN"
    },
    {
      "type": "move-subtree",
      "node": {
        "label": "EQ",
        "type": "BinaryOperator"
      },
      "location-before-char-start": 5603,
      "location-before-char-end": 5629,
      "location-after-char-start": 5545,
      "location-after-char-end": 5571,
      "node-str": "EQ"
    },
    {
      "type": "insert-node",
      "node": {
        "label": "THEN",
        "type": "then"
      },
      "location-after-char-start": 5580,
      "location-after-char-end": 6193,
      "node-str": "THEN"
    },
    {
      "type": "move-subtree",
      "node": {
        "label": "EQ",
        "type": "BinaryOperator"
      },
      "location-before-char-start": 6496,
      "location-before-char-end": 6514,
      "location-after-char-start": 6364,
      "location-after-char-end": 6382,
      "node-str": "EQ"
    },
    {
      "type": "insert-node",
      "node": {
        "label": "THEN",
        "type": "then"
      },
      "location-after-char-start": 6391,
      "location-after-char-end": 6640,
      "node-str": "THEN"
    },
    {
      "type": "move-subtree",
      "node": {
        "label": "ELSE",
        "type": "else"
      },
      "location-before-char-start": 6856,
      "location-before-char-end": 7001,
      "location-after-char-start": 6653,
      "location-after-char-end": 6798,
      "node-str": "ELSE"
    },
    {
      "type": "move-subtree",
      "node": {
        "label": "EQ",
        "type": "BinaryOperator"
      },
      "location-before-char-start": 7075,
      "location-before-char-end": 7139,
      "location-after-char-start": 6872,
      "location-after-char-end": 6936,
      "node-str": "EQ"
    },
    {
      "type": "insert-node",
      "node": {
        "label": "THEN",
        "type": "then"
      },
      "location-after-char-start": 6945,
      "location-after-char-end": 8423,
      "node-str": "THEN"
    },
    {
      "type": "insert-node",
      "node": {
        "label": "",
        "type": "Throw"
      },
      "location-after-char-start": 5333,
      "location-after-char-end": 5401,
      "node-str": ""
    },
    {
      "type": "move-subtree",
      "node": {
        "label": "setSecurityRoles",
        "type": "Invocation"
      },
      "location-before-char-start": 5712,
      "location-before-char-end": 5768,
      "location-after-char-start": 5654,
      "location-after-char-end": 5710,
      "node-str": "setSecurityRoles"
    },
    {
      "type": "insert-node",
      "node": {
        "label": "if",
        "type": "If"
      },
      "location-after-char-start": 5721,
      "location-after-char-end": 6185,
      "node-str": "if"
    },
    {
      "type": "move-subtree",
      "node": {
        "label": "method",
        "type": "LocalVariable"
      },
      "location-before-char-start": 6534,
      "location-before-char-end": 6574,
      "location-after-char-start": 6402,
      "location-after-char-end": 6442,
      "node-str": "method"
    },
    {
      "type": "move-subtree",
      "node": {
        "label": "msg",
        "type": "LocalVariable"
      },
      "location-before-char-start": 6585,
      "location-before-char-end": 6687,
      "location-after-char-start": 6453,
      "location-after-char-end": 6555,
      "node-str": "msg"
    },
    {
      "type": "move-subtree",
      "node": {
        "label": "e",
        "type": "LocalVariable"
      },
      "location-before-char-start": 6723,
      "location-before-char-end": 6771,
      "location-after-char-start": 6566,
      "location-after-char-end": 6614,
      "node-str": "e"
    },
    {
      "type": "insert-node",
      "node": {
        "label": "",
        "type": "Throw"
      },
      "location-after-char-start": 6625,
      "location-after-char-end": 6632,
      "node-str": ""
    },
    {
      "type": "insert-node",
      "node": {
        "label": "if",
        "type": "If"
      },
      "location-after-char-start": 7010,
      "location-after-char-end": 8415,
      "node-str": "if"
    },
    {
      "type": "move-subtree",
      "node": {
        "label": "java.lang.SecurityException(java.lang.String)",
        "type": "ConstructorCall"
      },
      "location-before-char-start": 5396,
      "location-before-char-end": 5457,
      "location-after-char-start": 5339,
      "location-after-char-end": 5400,
      "node-str": "java.lang.SecurityException(java.lang.String)"
    },
    {
      "type": "move-subtree",
      "node": {
        "label": "EQ",
        "type": "BinaryOperator"
      },
      "location-before-char-start": 5783,
      "location-before-char-end": 5837,
      "location-after-char-start": 5725,
      "location-after-char-end": 5779,
      "node-str": "EQ"
    },
    {
      "type": "insert-node",
      "node": {
        "label": "THEN",
        "type": "then"
      },
      "location-after-char-start": 5791,
      "location-after-char-end": 5962,
      "node-str": "THEN"
    },
    {
      "type": "move-subtree",
      "node": {
        "label": "ELSE",
        "type": "else"
      },
      "location-before-char-start": 6119,
      "location-before-char-end": 6317,
      "location-after-char-start": 5987,
      "location-after-char-end": 6185,
      "node-str": "ELSE"
    },
    {
      "type": "move-subtree",
      "node": {
        "label": "e",
        "type": "VariableRead"
      },
      "location-before-char-start": 6833,
      "location-before-char-end": 6833,
      "location-after-char-start": 6631,
      "location-after-char-end": 6631,
      "node-str": "e"
    },
    {
      "type": "move-subtree",
      "node": {
        "label": "EQ",
        "type": "BinaryOperator"
      },
      "location-before-char-start": 7217,
      "location-before-char-end": 7243,
      "location-after-char-start": 7014,
      "location-after-char-end": 7040,
      "node-str": "EQ"
    },
    {
      "type": "insert-node",
      "node": {
        "label": "THEN",
        "type": "then"
      },
      "location-after-char-start": 7052,
      "location-after-char-end": 7719,
      "node-str": "THEN"
    },
    {
      "type": "insert-node",
      "node": {
        "label": "ELSE",
        "type": "else"
      },
      "location-after-char-start": 7795,
      "location-after-char-end": 8415,
      "node-str": "ELSE"
    },
    {
      "type": "move-subtree",
      "node": {
        "label": "msg",
        "type": "LocalVariable"
      },
      "location-before-char-start": 5863,
      "location-before-char-end": 5926,
      "location-after-char-start": 5805,
      "location-after-char-end": 5868,
      "node-str": "msg"
    },
    {
      "type": "move-subtree",
      "node": {
        "label": "e",
        "type": "LocalVariable"
      },
      "location-before-char-start": 5968,
      "location-before-char-end": 6016,
      "location-after-char-start": 5882,
      "location-after-char-end": 5930,
      "node-str": "e"
    },
    {
      "type": "insert-node",
      "node": {
        "label": "",
        "type": "Throw"
      },
      "location-after-char-start": 5944,
      "location-after-char-end": 5951,
      "node-str": ""
    },
    {
      "type": "insert-node",
      "node": {
        "label": "if",
        "type": "If"
      },
      "location-after-char-start": 7159,
      "location-after-char-end": 7708,
      "node-str": "if"
    },
    {
      "type": "insert-node",
      "node": {
        "label": "if",
        "type": "If"
      },
      "location-after-char-start": 7881,
      "location-after-char-end": 8404,
      "node-str": "if"
    },
    {
      "type": "move-subtree",
      "node": {
        "label": "e",
        "type": "VariableRead"
      },
      "location-before-char-start": 6081,
      "location-before-char-end": 6081,
      "location-after-char-start": 5950,
      "location-after-char-end": 5950,
      "node-str": "e"
    },
    {
      "type": "move-subtree",
      "node": {
        "label": "EQ",
        "type": "BinaryOperator"
      },
      "location-before-char-start": 7366,
      "location-before-char-end": 7427,
      "location-after-char-start": 7163,
      "location-after-char-end": 7224,
      "node-str": "EQ"
    },
    {
      "type": "insert-node",
      "node": {
        "label": "THEN",
        "type": "then"
      },
      "location-after-char-start": 7239,
      "location-after-char-end": 7708,
      "node-str": "THEN"
    },
    {
      "type": "move-subtree",
      "node": {
        "label": "EQ",
        "type": "BinaryOperator"
      },
      "location-before-char-start": 8165,
      "location-before-char-end": 8222,
      "location-after-char-start": 7885,
      "location-after-char-end": 7942,
      "node-str": "EQ"
    },
    {
      "type": "insert-node",
      "node": {
        "label": "THEN",
        "type": "then"
      },
      "location-after-char-start": 7957,
      "location-after-char-end": 8404,
      "node-str": "THEN"
    },
    {
      "type": "move-subtree",
      "node": {
        "label": "userRoles",
        "type": "LocalVariable"
      },
      "location-before-char-start": 7459,
      "location-before-char-end": 7511,
      "location-after-char-start": 7256,
      "location-after-char-end": 7308,
      "node-str": "userRoles"
    },
    {
      "type": "move-subtree",
      "node": {
        "label": "method",
        "type": "LocalVariable"
      },
      "location-before-char-start": 7528,
      "location-before-char-end": 7568,
      "location-after-char-start": 7325,
      "location-after-char-end": 7365,
      "node-str": "method"
    },
    {
      "type": "move-subtree",
      "node": {
        "label": "msg",
        "type": "LocalVariable"
      },
      "location-before-char-start": 7585,
      "location-before-char-end": 7808,
      "location-after-char-start": 7382,
      "location-after-char-end": 7605,
      "node-str": "msg"
    },
    {
      "type": "move-subtree",
      "node": {
        "label": "e",
        "type": "LocalVariable"
      },
      "location-before-char-start": 7856,
      "location-before-char-end": 7904,
      "location-after-char-start": 7622,
      "location-after-char-end": 7670,
      "node-str": "e"
    },
    {
      "type": "insert-node",
      "node": {
        "label": "",
        "type": "Throw"
      },
      "location-after-char-start": 7687,
      "location-after-char-end": 7694,
      "node-str": ""
    },
    {
      "type": "move-subtree",
      "node": {
        "label": "method",
        "type": "LocalVariable"
      },
      "location-before-char-start": 8254,
      "location-before-char-end": 8294,
      "location-after-char-start": 7974,
      "location-after-char-end": 8014,
      "node-str": "method"
    },
    {
      "type": "move-subtree",
      "node": {
        "label": "msg",
        "type": "LocalVariable"
      },
      "location-before-char-start": 8311,
      "location-before-char-end": 8581,
      "location-after-char-start": 8031,
      "location-after-char-end": 8301,
      "node-str": "msg"
    },
    {
      "type": "move-subtree",
      "node": {
        "label": "e",
        "type": "LocalVariable"
      },
      "location-before-char-start": 8629,
      "location-before-char-end": 8677,
      "location-after-char-start": 8318,
      "location-after-char-end": 8366,
      "node-str": "e"
    },
    {
      "type": "insert-node",
      "node": {
        "label": "",
        "type": "Throw"
      },
      "location-after-char-start": 8383,
      "location-after-char-end": 8390,
      "node-str": ""
    },
    {
      "type": "move-subtree",
      "node": {
        "label": "e",
        "type": "VariableRead"
      },
      "location-before-char-start": 7972,
      "location-before-char-end": 7972,
      "location-after-char-start": 7693,
      "location-after-char-end": 7693,
      "node-str": "e"
    },
    {
      "type": "move-subtree",
      "node": {
        "label": "e",
        "type": "VariableRead"
      },
      "location-before-char-start": 8745,
      "location-before-char-end": 8745,
      "location-after-char-start": 8389,
      "location-after-char-end": 8389,
      "node-str": "e"
    },
    {
      "type": "delete-node",
      "node": {
        "label": "\"checkSecurityAssociation\"",
        "type": "Literal"
      },
      "location-before-char-start": 5356,
      "location-before-char-end": 5381,
      "node-str": "\"checkSecurityAssociation\""
    },
    {
      "type": "delete-node",
      "node": {
        "label": "javax.ejb.EJBException(java.lang.String,java.lang.SecurityException)",
        "type": "ConstructorCall"
      },
      "location-before-char-start": 5339,
      "location-before-char-end": 5458,
      "node-str": "javax.ejb.EJBException(java.lang.String,java.lang.SecurityException)"
    },
    {
      "type": "delete-node",
      "node": {
        "label": "",
        "type": "Throw"
      },
      "location-before-char-start": 5333,
      "location-before-char-end": 5459,
      "node-str": ""
    },
    {
      "type": "delete-node",
      "node": {
        "label": "THEN",
        "type": "then"
      },
      "location-before-char-start": 5322,
      "location-before-char-end": 5467,
      "node-str": "THEN"
    },
    {
      "type": "delete-node",
      "node": {
        "label": "if",
        "type": "If"
      },
      "location-before-char-start": 5290,
      "location-before-char-end": 5467,
      "node-str": "if"
    },
    {
      "type": "delete-node",
      "node": {
        "label": "log",
        "type": "FieldRead"
      },
      "location-before-char-start": 5940,
      "location-before-char-end": 5942,
      "node-str": "log"
    },
    {
      "type": "delete-node",
      "node": {
        "label": "msg",
        "type": "VariableRead"
      },
      "location-before-char-start": 5950,
      "location-before-char-end": 5952,
      "node-str": "msg"
    },
    {
      "type": "delete-node",
      "node": {
        "label": "error",
        "type": "Invocation"
      },
      "location-before-char-start": 5940,
      "location-before-char-end": 5954,
      "node-str": "error"
    },
    {
      "type": "delete-node",
      "node": {
        "label": "\"checkSecurityAssociation\"",
        "type": "Literal"
      },
      "location-before-char-start": 6053,
      "location-before-char-end": 6078,
      "node-str": "\"checkSecurityAssociation\""
    },
    {
      "type": "delete-node",
      "node": {
        "label": "javax.ejb.EJBException(java.lang.String,java.lang.SecurityException)",
        "type": "ConstructorCall"
      },
      "location-before-char-start": 6036,
      "location-before-char-end": 6082,
      "node-str": "javax.ejb.EJBException(java.lang.String,java.lang.SecurityException)"
    },
    {
      "type": "delete-node",
      "node": {
        "label": "",
        "type": "Throw"
      },
      "location-before-char-start": 6030,
      "location-before-char-end": 6083,
      "node-str": ""
    },
    {
      "type": "delete-node",
      "node": {
        "label": "THEN",
        "type": "then"
      },
      "location-before-char-start": 5849,
      "location-before-char-end": 6094,
      "node-str": "THEN"
    },
    {
      "type": "delete-node",
      "node": {
        "label": "if",
        "type": "If"
      },
      "location-before-char-start": 5779,
      "location-before-char-end": 6317,
      "node-str": "if"
    },
    {
      "type": "delete-node",
      "node": {
        "label": "THEN",
        "type": "then"
      },
      "location-before-char-start": 5638,
      "location-before-char-end": 6325,
      "node-str": "THEN"
    },
    {
      "type": "delete-node",
      "node": {
        "label": "if",
        "type": "If"
      },
      "location-before-char-start": 5599,
      "location-before-char-end": 6325,
      "node-str": "if"
    },
    {
      "type": "delete-node",
      "node": {
        "label": "log",
        "type": "FieldRead"
      },
      "location-before-char-start": 6698,
      "location-before-char-end": 6700,
      "node-str": "log"
    },
    {
      "type": "delete-node",
      "node": {
        "label": "msg",
        "type": "VariableRead"
      },
      "location-before-char-start": 6708,
      "location-before-char-end": 6710,
      "node-str": "msg"
    },
    {
      "type": "delete-node",
      "node": {
        "label": "error",
        "type": "Invocation"
      },
      "location-before-char-start": 6698,
      "location-before-char-end": 6712,
      "node-str": "error"
    },
    {
      "type": "delete-node",
      "node": {
        "label": "\"checkSecurityAssociation\"",
        "type": "Literal"
      },
      "location-before-char-start": 6805,
      "location-before-char-end": 6830,
      "node-str": "\"checkSecurityAssociation\""
    },
    {
      "type": "delete-node",
      "node": {
        "label": "javax.ejb.EJBException(java.lang.String,java.lang.SecurityException)",
        "type": "ConstructorCall"
      },
      "location-before-char-start": 6788,
      "location-before-char-end": 6834,
      "node-str": "javax.ejb.EJBException(java.lang.String,java.lang.SecurityException)"
    },
    {
      "type": "delete-node",
      "node": {
        "label": "",
        "type": "Throw"
      },
      "location-before-char-start": 6782,
      "location-before-char-end": 6835,
      "node-str": ""
    },
    {
      "type": "delete-node",
      "node": {
        "label": "THEN",
        "type": "then"
      },
      "location-before-char-start": 6523,
      "location-before-char-end": 6843,
      "node-str": "THEN"
    },
    {
      "type": "delete-node",
      "node": {
        "label": "if",
        "type": "If"
      },
      "location-before-char-start": 6492,
      "location-before-char-end": 7001,
      "node-str": "if"
    },
    {
      "type": "delete-node",
      "node": {
        "label": "log",
        "type": "FieldRead"
      },
      "location-before-char-start": 7825,
      "location-before-char-end": 7827,
      "node-str": "log"
    },
    {
      "type": "delete-node",
      "node": {
        "label": "msg",
        "type": "VariableRead"
      },
      "location-before-char-start": 7835,
      "location-before-char-end": 7837,
      "node-str": "msg"
    },
    {
      "type": "delete-node",
      "node": {
        "label": "error",
        "type": "Invocation"
      },
      "location-before-char-start": 7825,
      "location-before-char-end": 7839,
      "node-str": "error"
    },
    {
      "type": "delete-node",
      "node": {
        "label": "\"checkSecurityAssociation\"",
        "type": "Literal"
      },
      "location-before-char-start": 7944,
      "location-before-char-end": 7969,
      "node-str": "\"checkSecurityAssociation\""
    },
    {
      "type": "delete-node",
      "node": {
        "label": "javax.ejb.EJBException(java.lang.String,java.lang.SecurityException)",
        "type": "ConstructorCall"
      },
      "location-before-char-start": 7927,
      "location-before-char-end": 7973,
      "node-str": "javax.ejb.EJBException(java.lang.String,java.lang.SecurityException)"
    },
    {
      "type": "delete-node",
      "node": {
        "label": "",
        "type": "Throw"
      },
      "location-before-char-start": 7921,
      "location-before-char-end": 7974,
      "node-str": ""
    },
    {
      "type": "delete-node",
      "node": {
        "label": "THEN",
        "type": "then"
      },
      "location-before-char-start": 7442,
      "location-before-char-end": 7988,
      "node-str": "THEN"
    },
    {
      "type": "delete-node",
      "node": {
        "label": "if",
        "type": "If"
      },
      "location-before-char-start": 7362,
      "location-before-char-end": 7988,
      "node-str": "if"
    },
    {
      "type": "delete-node",
      "node": {
        "label": "THEN",
        "type": "then"
      },
      "location-before-char-start": 7255,
      "location-before-char-end": 7999,
      "node-str": "THEN"
    },
    {
      "type": "delete-node",
      "node": {
        "label": "log",
        "type": "FieldRead"
      },
      "location-before-char-start": 8598,
      "location-before-char-end": 8600,
      "node-str": "log"
    },
    {
      "type": "delete-node",
      "node": {
        "label": "msg",
        "type": "VariableRead"
      },
      "location-before-char-start": 8608,
      "location-before-char-end": 8610,
      "node-str": "msg"
    },
    {
      "type": "delete-node",
      "node": {
        "label": "error",
        "type": "Invocation"
      },
      "location-before-char-start": 8598,
      "location-before-char-end": 8612,
      "node-str": "error"
    },
    {
      "type": "delete-node",
      "node": {
        "label": "\"checkSecurityAssociation\"",
        "type": "Literal"
      },
      "location-before-char-start": 8717,
      "location-before-char-end": 8742,
      "node-str": "\"checkSecurityAssociation\""
    },
    {
      "type": "delete-node",
      "node": {
        "label": "javax.ejb.EJBException(java.lang.String,java.lang.SecurityException)",
        "type": "ConstructorCall"
      },
      "location-before-char-start": 8700,
      "location-before-char-end": 8746,
      "node-str": "javax.ejb.EJBException(java.lang.String,java.lang.SecurityException)"
    },
    {
      "type": "delete-node",
      "node": {
        "label": "",
        "type": "Throw"
      },
      "location-before-char-start": 8694,
      "location-before-char-end": 8747,
      "node-str": ""
    },
    {
      "type": "delete-node",
      "node": {
        "label": "THEN",
        "type": "then"
      },
      "location-before-char-start": 8237,
      "location-before-char-end": 8761,
      "node-str": "THEN"
    },
    {
      "type": "delete-node",
      "node": {
        "label": "if",
        "type": "If"
      },
      "location-before-char-start": 8161,
      "location-before-char-end": 8761,
      "node-str": "if"
    },
    {
      "type": "delete-node",
      "node": {
        "label": "ELSE",
        "type": "else"
      },
      "location-before-char-start": 8075,
      "location-before-char-end": 8772,
      "node-str": "ELSE"
    },
    {
      "type": "delete-node",
      "node": {
        "label": "if",
        "type": "If"
      },
      "location-before-char-start": 7213,
      "location-before-char-end": 8772,
      "node-str": "if"
    },
    {
      "type": "delete-node",
      "node": {
        "label": "THEN",
        "type": "then"
      },
      "location-before-char-start": 7148,
      "location-before-char-end": 8780,
      "node-str": "THEN"
    },
    {
      "type": "delete-node",
      "node": {
        "label": "if",
        "type": "If"
      },
      "location-before-char-start": 7071,
      "location-before-char-end": 8780,
      "node-str": "if"
    },
    {
      "type": "delete-node",
      "node": {
        "label": "checkSecurityAssociation",
        "type": "Method"
      },
      "location-before-char-start": 4462,
      "location-before-char-end": 8785,
      "node-str": "checkSecurityAssociation"
    },
    {
      "type": "delete-node",
      "node": {
        "label": "SecurityInterceptor",
        "type": "Class"
      },
      "location-before-char-start": 795,
      "location-before-char-end": 8787,
      "node-str": "SecurityInterceptor"
    }
  ],
  "before-file": {},
  "after-file": {},
  "mapping": {}
}