{
  "tool-info": {},
  "diff": [
    {
      "type": "insert-node",
      "node": {
        "label": "",
        "type": "PackageDeclaration"
      },
      "location-after-char-start": 2761,
      "location-after-char-end": 2800,
      "node-str": ""
    },
    {
      "type": "insert-node",
      "node": {
        "label": "",
        "type": "ImportDeclaration"
      },
      "location-after-char-start": 2802,
      "location-after-char-end": 2825,
      "node-str": ""
    },
    {
      "type": "insert-node",
      "node": {
        "label": "",
        "type": "ImportDeclaration"
      },
      "location-after-char-start": 2826,
      "location-after-char-end": 2844,
      "node-str": ""
    },
    {
      "type": "insert-node",
      "node": {
        "label": "",
        "type": "ImportDeclaration"
      },
      "location-after-char-start": 2845,
      "location-after-char-end": 2864,
      "node-str": ""
    },
    {
      "type": "insert-node",
      "node": {
        "label": "",
        "type": "ImportDeclaration"
      },
      "location-after-char-start": 2865,
      "location-after-char-end": 2882,
      "node-str": ""
    },
    {
      "type": "insert-node",
      "node": {
        "label": "",
        "type": "ImportDeclaration"
      },
      "location-after-char-start": 2883,
      "location-after-char-end": 2919,
      "node-str": ""
    },
    {
      "type": "insert-node",
      "node": {
        "label": "org.apache.tomcat.util.threads",
        "type": "QualifiedName"
      },
      "location-after-char-start": 2769,
      "location-after-char-end": 2799,
      "node-str": "org.apache.tomcat.util.threads"
    },
    {
      "type": "insert-node",
      "node": {
        "label": "java.util.zip",
        "type": "QualifiedName"
      },
      "location-after-char-start": 2809,
      "location-after-char-end": 2822,
      "node-str": "java.util.zip"
    },
    {
      "type": "insert-node",
      "node": {
        "label": "java.net",
        "type": "QualifiedName"
      },
      "location-after-char-start": 2833,
      "location-after-char-end": 2841,
      "node-str": "java.net"
    },
    {
      "type": "insert-node",
      "node": {
        "label": "java.util",
        "type": "QualifiedName"
      },
      "location-after-char-start": 2852,
      "location-after-char-end": 2861,
      "node-str": "java.util"
    },
    {
      "type": "insert-node",
      "node": {
        "label": "java.io",
        "type": "QualifiedName"
      },
      "location-after-char-start": 2872,
      "location-after-char-end": 2879,
      "node-str": "java.io"
    },
    {
      "type": "insert-node",
      "node": {
        "label": "org.apache.tomcat.util.log",
        "type": "QualifiedName"
      },
      "location-after-char-start": 2890,
      "location-after-char-end": 2916,
      "node-str": "org.apache.tomcat.util.log"
    },
    {
      "type": "insert-node",
      "node": {
        "label": "",
        "type": "Javadoc"
      },
      "location-after-char-start": 2922,
      "location-after-char-end": 3026,
      "node-str": ""
    },
    {
      "type": "insert-node",
      "node": {
        "label": "public",
        "type": "Modifier"
      },
      "location-after-char-start": 3027,
      "location-after-char-end": 3033,
      "node-str": "public"
    },
    {
      "type": "insert-node",
      "node": {
        "label": "class",
        "type": "TYPE_DECLARATION_KIND"
      },
      "location-after-char-start": 3034,
      "location-after-char-end": 3039,
      "node-str": "class"
    },
    {
      "type": "insert-node",
      "node": {
        "label": "ThreadPool",
        "type": "SimpleName"
      },
      "location-after-char-start": 3040,
      "location-after-char-end": 3050,
      "node-str": "ThreadPool"
    },
    {
      "type": "insert-node",
      "node": {
        "label": "",
        "type": "FieldDeclaration"
      },
      "location-after-char-start": 3100,
      "location-after-char-end": 3142,
      "node-str": ""
    },
    {
      "type": "insert-node",
      "node": {
        "label": "",
        "type": "FieldDeclaration"
      },
      "location-after-char-start": 3147,
      "location-after-char-end": 3194,
      "node-str": ""
    },
    {
      "type": "insert-node",
      "node": {
        "label": "",
        "type": "FieldDeclaration"
      },
      "location-after-char-start": 3199,
      "location-after-char-end": 3245,
      "node-str": ""
    },
    {
      "type": "insert-node",
      "node": {
        "label": "",
        "type": "FieldDeclaration"
      },
      "location-after-char-start": 3358,
      "location-after-char-end": 3380,
      "node-str": ""
    },
    {
      "type": "insert-node",
      "node": {
        "label": "",
        "type": "FieldDeclaration"
      },
      "location-after-char-start": 3466,
      "location-after-char-end": 3500,
      "node-str": ""
    },
    {
      "type": "insert-node",
      "node": {
        "label": "",
        "type": "FieldDeclaration"
      },
      "location-after-char-start": 3582,
      "location-after-char-end": 3607,
      "node-str": ""
    },
    {
      "type": "insert-node",
      "node": {
        "label": "",
        "type": "FieldDeclaration"
      },
      "location-after-char-start": 3694,
      "location-after-char-end": 3724,
      "node-str": ""
    },
    {
      "type": "insert-node",
      "node": {
        "label": "",
        "type": "FieldDeclaration"
      },
      "location-after-char-start": 3811,
      "location-after-char-end": 3841,
      "node-str": ""
    },
    {
      "type": "insert-node",
      "node": {
        "label": "",
        "type": "FieldDeclaration"
      },
      "location-after-char-start": 3900,
      "location-after-char-end": 3933,
      "node-str": ""
    },
    {
      "type": "insert-node",
      "node": {
        "label": "",
        "type": "FieldDeclaration"
      },
      "location-after-char-start": 3997,
      "location-after-char-end": 4030,
      "node-str": ""
    },
    {
      "type": "insert-node",
      "node": {
        "label": "",
        "type": "FieldDeclaration"
      },
      "location-after-char-start": 4120,
      "location-after-char-end": 4150,
      "node-str": ""
    },
    {
      "type": "insert-node",
      "node": {
        "label": "",
        "type": "FieldDeclaration"
      },
      "location-after-char-start": 4156,
      "location-after-char-end": 4175,
      "node-str": ""
    },
    {
      "type": "insert-node",
      "node": {
        "label": "",
        "type": "FieldDeclaration"
      },
      "location-after-char-start": 7712,
      "location-after-char-end": 7740,
      "node-str": ""
    },
    {
      "type": "insert-node",
      "node": {
        "label": "",
        "type": "TagElement"
      },
      "location-after-char-start": 2929,
      "location-after-char-end": 2996,
      "node-str": ""
    },
    {
      "type": "insert-node",
      "node": {
        "label": "",
        "type": "TagElement"
      },
      "location-after-char-start": 3003,
      "location-after-char-end": 3022,
      "node-str": ""
    },
    {
      "type": "insert-node",
      "node": {
        "label": "public",
        "type": "Modifier"
      },
      "location-after-char-start": 3100,
      "location-after-char-end": 3106,
      "node-str": "public"
    },
    {
      "type": "insert-node",
      "node": {
        "label": "static",
        "type": "Modifier"
      },
      "location-after-char-start": 3107,
      "location-after-char-end": 3113,
      "node-str": "static"
    },
    {
      "type": "insert-node",
      "node": {
        "label": "final",
        "type": "Modifier"
      },
      "location-after-char-start": 3114,
      "location-after-char-end": 3119,
      "node-str": "final"
    },
    {
      "type": "insert-node",
      "node": {
        "label": "int",
        "type": "PrimitiveType"
      },
      "location-after-char-start": 3120,
      "location-after-char-end": 3123,
      "node-str": "int"
    },
    {
      "type": "insert-node",
      "node": {
        "label": "",
        "type": "VariableDeclarationFragment"
      },
      "location-after-char-start": 3124,
      "location-after-char-end": 3141,
      "node-str": ""
    },
    {
      "type": "insert-node",
      "node": {
        "label": "public",
        "type": "Modifier"
      },
      "location-after-char-start": 3147,
      "location-after-char-end": 3153,
      "node-str": "public"
    },
    {
      "type": "insert-node",
      "node": {
        "label": "static",
        "type": "Modifier"
      },
      "location-after-char-start": 3154,
      "location-after-char-end": 3160,
      "node-str": "static"
    },
    {
      "type": "insert-node",
      "node": {
        "label": "final",
        "type": "Modifier"
      },
      "location-after-char-start": 3161,
      "location-after-char-end": 3166,
      "node-str": "final"
    },
    {
      "type": "insert-node",
      "node": {
        "label": "int",
        "type": "PrimitiveType"
      },
      "location-after-char-start": 3167,
      "location-after-char-end": 3170,
      "node-str": "int"
    },
    {
      "type": "insert-node",
      "node": {
        "label": "",
        "type": "VariableDeclarationFragment"
      },
      "location-after-char-start": 3171,
      "location-after-char-end": 3193,
      "node-str": ""
    },
    {
      "type": "insert-node",
      "node": {
        "label": "public",
        "type": "Modifier"
      },
      "location-after-char-start": 3199,
      "location-after-char-end": 3205,
      "node-str": "public"
    },
    {
      "type": "insert-node",
      "node": {
        "label": "static",
        "type": "Modifier"
      },
      "location-after-char-start": 3206,
      "location-after-char-end": 3212,
      "node-str": "static"
    },
    {
      "type": "insert-node",
      "node": {
        "label": "final",
        "type": "Modifier"
      },
      "location-after-char-start": 3213,
      "location-after-char-end": 3218,
      "node-str": "final"
    },
    {
      "type": "insert-node",
      "node": {
        "label": "int",
        "type": "PrimitiveType"
      },
      "location-after-char-start": 3219,
      "location-after-char-end": 3222,
      "node-str": "int"
    },
    {
      "type": "insert-node",
      "node": {
        "label": "",
        "type": "VariableDeclarationFragment"
      },
      "location-after-char-start": 3223,
      "location-after-char-end": 3244,
      "node-str": ""
    },
    {
      "type": "insert-node",
      "node": {
        "label": "protected",
        "type": "Modifier"
      },
      "location-after-char-start": 3358,
      "location-after-char-end": 3367,
      "node-str": "protected"
    },
    {
      "type": "insert-node",
      "node": {
        "label": "",
        "type": "SimpleType"
      },
      "location-after-char-start": 3368,
      "location-after-char-end": 3374,
      "node-str": ""
    },
    {
      "type": "insert-node",
      "node": {
        "label": "",
        "type": "VariableDeclarationFragment"
      },
      "location-after-char-start": 3375,
      "location-after-char-end": 3379,
      "node-str": ""
    },
    {
      "type": "insert-node",
      "node": {
        "label": "protected",
        "type": "Modifier"
      },
      "location-after-char-start": 3466,
      "location-after-char-end": 3475,
      "node-str": "protected"
    },
    {
      "type": "insert-node",
      "node": {
        "label": "",
        "type": "SimpleType"
      },
      "location-after-char-start": 3476,
      "location-after-char-end": 3491,
      "node-str": ""
    },
    {
      "type": "insert-node",
      "node": {
        "label": "",
        "type": "VariableDeclarationFragment"
      },
      "location-after-char-start": 3492,
      "location-after-char-end": 3499,
      "node-str": ""
    },
    {
      "type": "insert-node",
      "node": {
        "label": "protected",
        "type": "Modifier"
      },
      "location-after-char-start": 3582,
      "location-after-char-end": 3591,
      "node-str": "protected"
    },
    {
      "type": "insert-node",
      "node": {
        "label": "int",
        "type": "PrimitiveType"
      },
      "location-after-char-start": 3592,
      "location-after-char-end": 3595,
      "node-str": "int"
    },
    {
      "type": "insert-node",
      "node": {
        "label": "",
        "type": "VariableDeclarationFragment"
      },
      "location-after-char-start": 3596,
      "location-after-char-end": 3606,
      "node-str": ""
    },
    {
      "type": "insert-node",
      "node": {
        "label": "protected",
        "type": "Modifier"
      },
      "location-after-char-start": 3694,
      "location-after-char-end": 3703,
      "node-str": "protected"
    },
    {
      "type": "insert-node",
      "node": {
        "label": "int",
        "type": "PrimitiveType"
      },
      "location-after-char-start": 3704,
      "location-after-char-end": 3707,
      "node-str": "int"
    },
    {
      "type": "insert-node",
      "node": {
        "label": "",
        "type": "VariableDeclarationFragment"
      },
      "location-after-char-start": 3708,
      "location-after-char-end": 3723,
      "node-str": ""
    },
    {
      "type": "insert-node",
      "node": {
        "label": "protected",
        "type": "Modifier"
      },
      "location-after-char-start": 3811,
      "location-after-char-end": 3820,
      "node-str": "protected"
    },
    {
      "type": "insert-node",
      "node": {
        "label": "int",
        "type": "PrimitiveType"
      },
      "location-after-char-start": 3821,
      "location-after-char-end": 3824,
      "node-str": "int"
    },
    {
      "type": "insert-node",
      "node": {
        "label": "",
        "type": "VariableDeclarationFragment"
      },
      "location-after-char-start": 3825,
      "location-after-char-end": 3840,
      "node-str": ""
    },
    {
      "type": "insert-node",
      "node": {
        "label": "protected",
        "type": "Modifier"
      },
      "location-after-char-start": 3900,
      "location-after-char-end": 3909,
      "node-str": "protected"
    },
    {
      "type": "insert-node",
      "node": {
        "label": "int",
        "type": "PrimitiveType"
      },
      "location-after-char-start": 3910,
      "location-after-char-end": 3913,
      "node-str": "int"
    },
    {
      "type": "insert-node",
      "node": {
        "label": "",
        "type": "VariableDeclarationFragment"
      },
      "location-after-char-start": 3914,
      "location-after-char-end": 3932,
      "node-str": ""
    },
    {
      "type": "insert-node",
      "node": {
        "label": "protected",
        "type": "Modifier"
      },
      "location-after-char-start": 3997,
      "location-after-char-end": 4006,
      "node-str": "protected"
    },
    {
      "type": "insert-node",
      "node": {
        "label": "int",
        "type": "PrimitiveType"
      },
      "location-after-char-start": 4007,
      "location-after-char-end": 4010,
      "node-str": "int"
    },
    {
      "type": "insert-node",
      "node": {
        "label": "",
        "type": "VariableDeclarationFragment"
      },
      "location-after-char-start": 4011,
      "location-after-char-end": 4029,
      "node-str": ""
    },
    {
      "type": "insert-node",
      "node": {
        "label": "protected",
        "type": "Modifier"
      },
      "location-after-char-start": 4120,
      "location-after-char-end": 4129,
      "node-str": "protected"
    },
    {
      "type": "insert-node",
      "node": {
        "label": "boolean",
        "type": "PrimitiveType"
      },
      "location-after-char-start": 4130,
      "location-after-char-end": 4137,
      "node-str": "boolean"
    },
    {
      "type": "insert-node",
      "node": {
        "label": "",
        "type": "VariableDeclarationFragment"
      },
      "location-after-char-start": 4138,
      "location-after-char-end": 4149,
      "node-str": ""
    },
    {
      "type": "insert-node",
      "node": {
        "label": "static",
        "type": "Modifier"
      },
      "location-after-char-start": 4156,
      "location-after-char-end": 4162,
      "node-str": "static"
    },
    {
      "type": "insert-node",
      "node": {
        "label": "int",
        "type": "PrimitiveType"
      },
      "location-after-char-start": 4163,
      "location-after-char-end": 4166,
      "node-str": "int"
    },
    {
      "type": "insert-node",
      "node": {
        "label": "",
        "type": "VariableDeclarationFragment"
      },
      "location-after-char-start": 4167,
      "location-after-char-end": 4174,
      "node-str": ""
    },
    {
      "type": "insert-node",
      "node": {
        "label": "static",
        "type": "Modifier"
      },
      "location-after-char-start": 7712,
      "location-after-char-end": 7718,
      "node-str": "static"
    },
    {
      "type": "insert-node",
      "node": {
        "label": "boolean",
        "type": "PrimitiveType"
      },
      "location-after-char-start": 7719,
      "location-after-char-end": 7726,
      "node-str": "boolean"
    },
    {
      "type": "insert-node",
      "node": {
        "label": "",
        "type": "VariableDeclarationFragment"
      },
      "location-after-char-start": 7727,
      "location-after-char-end": 7739,
      "node-str": ""
    },
    {
      "type": "insert-node",
      "node": {
        "label": "",
        "type": "Javadoc"
      },
      "location-after-char-start": 11582,
      "location-after-char-end": 11655,
      "node-str": ""
    },
    {
      "type": "insert-node",
      "node": {
        "label": "class",
        "type": "TYPE_DECLARATION_KIND"
      },
      "location-after-char-start": 11660,
      "location-after-char-end": 11665,
      "node-str": "class"
    },
    {
      "type": "insert-node",
      "node": {
        "label": "MonitorRunnable",
        "type": "SimpleName"
      },
      "location-after-char-start": 11666,
      "location-after-char-end": 11681,
      "node-str": "MonitorRunnable"
    },
    {
      "type": "insert-node",
      "node": {
        "label": "",
        "type": "SimpleType"
      },
      "location-after-char-start": 11693,
      "location-after-char-end": 11701,
      "node-str": ""
    },
    {
      "type": "insert-node",
      "node": {
        "label": "",
        "type": "FieldDeclaration"
      },
      "location-after-char-start": 11712,
      "location-after-char-end": 11725,
      "node-str": ""
    },
    {
      "type": "insert-node",
      "node": {
        "label": "",
        "type": "FieldDeclaration"
      },
      "location-after-char-start": 11734,
      "location-after-char-end": 11747,
      "node-str": ""
    },
    {
      "type": "insert-node",
      "node": {
        "label": "",
        "type": "FieldDeclaration"
      },
      "location-after-char-start": 11756,
      "location-after-char-end": 11783,
      "node-str": ""
    },
    {
      "type": "insert-node",
      "node": {
        "label": "",
        "type": "Javadoc"
      },
      "location-after-char-start": 12854,
      "location-after-char-end": 12977,
      "node-str": ""
    },
    {
      "type": "insert-node",
      "node": {
        "label": "class",
        "type": "TYPE_DECLARATION_KIND"
      },
      "location-after-char-start": 12982,
      "location-after-char-end": 12987,
      "node-str": "class"
    },
    {
      "type": "insert-node",
      "node": {
        "label": "ControlRunnable",
        "type": "SimpleName"
      },
      "location-after-char-start": 12988,
      "location-after-char-end": 13003,
      "node-str": "ControlRunnable"
    },
    {
      "type": "insert-node",
      "node": {
        "label": "",
        "type": "SimpleType"
      },
      "location-after-char-start": 13015,
      "location-after-char-end": 13023,
      "node-str": ""
    },
    {
      "type": "insert-node",
      "node": {
        "label": "",
        "type": "FieldDeclaration"
      },
      "location-after-char-start": 13666,
      "location-after-char-end": 13687,
      "node-str": ""
    },
    {
      "type": "insert-node",
      "node": {
        "label": "A thread pool that is trying to copy the apache process management.",
        "type": "TextElement"
      },
      "location-after-char-start": 2929,
      "location-after-char-end": 2996,
      "node-str": "A thread pool that is trying to copy the apache process management."
    },
    {
      "type": "insert-node",
      "node": {
        "label": " Gal Shachor",
        "type": "TextElement"
      },
      "location-after-char-start": 3010,
      "location-after-char-end": 3022,
      "node-str": " Gal Shachor"
    },
    {
      "type": "insert-node",
      "node": {
        "label": "MAX_THREADS",
        "type": "SimpleName"
      },
      "location-after-char-start": 3124,
      "location-after-char-end": 3135,
      "node-str": "MAX_THREADS"
    },
    {
      "type": "insert-node",
      "node": {
        "label": "200",
        "type": "NumberLiteral"
      },
      "location-after-char-start": 3138,
      "location-after-char-end": 3141,
      "node-str": "200"
    },
    {
      "type": "insert-node",
      "node": {
        "label": "MAX_SPARE_THREADS",
        "type": "SimpleName"
      },
      "location-after-char-start": 3171,
      "location-after-char-end": 3188,
      "node-str": "MAX_SPARE_THREADS"
    },
    {
      "type": "insert-node",
      "node": {
        "label": "50",
        "type": "NumberLiteral"
      },
      "location-after-char-start": 3191,
      "location-after-char-end": 3193,
      "node-str": "50"
    },
    {
      "type": "insert-node",
      "node": {
        "label": "MIN_SPARE_THREADS",
        "type": "SimpleName"
      },
      "location-after-char-start": 3223,
      "location-after-char-end": 3240,
      "node-str": "MIN_SPARE_THREADS"
    },
    {
      "type": "insert-node",
      "node": {
        "label": "4",
        "type": "NumberLiteral"
      },
      "location-after-char-start": 3243,
      "location-after-char-end": 3244,
      "node-str": "4"
    },
    {
      "type": "insert-node",
      "node": {
        "label": "Vector",
        "type": "SimpleName"
      },
      "location-after-char-start": 3368,
      "location-after-char-end": 3374,
      "node-str": "Vector"
    },
    {
      "type": "insert-node",
      "node": {
        "label": "pool",
        "type": "SimpleName"
      },
      "location-after-char-start": 3375,
      "location-after-char-end": 3379,
      "node-str": "pool"
    },
    {
      "type": "insert-node",
      "node": {
        "label": "MonitorRunnable",
        "type": "SimpleName"
      },
      "location-after-char-start": 3476,
      "location-after-char-end": 3491,
      "node-str": "MonitorRunnable"
    },
    {
      "type": "insert-node",
      "node": {
        "label": "monitor",
        "type": "SimpleName"
      },
      "location-after-char-start": 3492,
      "location-after-char-end": 3499,
      "node-str": "monitor"
    },
    {
      "type": "insert-node",
      "node": {
        "label": "maxThreads",
        "type": "SimpleName"
      },
      "location-after-char-start": 3596,
      "location-after-char-end": 3606,
      "node-str": "maxThreads"
    },
    {
      "type": "insert-node",
      "node": {
        "label": "minSpareThreads",
        "type": "SimpleName"
      },
      "location-after-char-start": 3708,
      "location-after-char-end": 3723,
      "node-str": "minSpareThreads"
    },
    {
      "type": "insert-node",
      "node": {
        "label": "maxSpareThreads",
        "type": "SimpleName"
      },
      "location-after-char-start": 3825,
      "location-after-char-end": 3840,
      "node-str": "maxSpareThreads"
    },
    {
      "type": "insert-node",
      "node": {
        "label": "currentThreadCount",
        "type": "SimpleName"
      },
      "location-after-char-start": 3914,
      "location-after-char-end": 3932,
      "node-str": "currentThreadCount"
    },
    {
      "type": "insert-node",
      "node": {
        "label": "currentThreadsBusy",
        "type": "SimpleName"
      },
      "location-after-char-start": 4011,
      "location-after-char-end": 4029,
      "node-str": "currentThreadsBusy"
    },
    {
      "type": "insert-node",
      "node": {
        "label": "stopThePool",
        "type": "SimpleName"
      },
      "location-after-char-start": 4138,
      "location-after-char-end": 4149,
      "node-str": "stopThePool"
    },
    {
      "type": "insert-node",
      "node": {
        "label": "debug",
        "type": "SimpleName"
      },
      "location-after-char-start": 4167,
      "location-after-char-end": 4172,
      "node-str": "debug"
    },
    {
      "type": "insert-node",
      "node": {
        "label": "0",
        "type": "NumberLiteral"
      },
      "location-after-char-start": 4173,
      "location-after-char-end": 4174,
      "node-str": "0"
    },
    {
      "type": "insert-node",
      "node": {
        "label": "logfull",
        "type": "SimpleName"
      },
      "location-after-char-start": 7727,
      "location-after-char-end": 7734,
      "node-str": "logfull"
    },
    {
      "type": "insert-node",
      "node": {
        "label": "true",
        "type": "BooleanLiteral"
      },
      "location-after-char-start": 7735,
      "location-after-char-end": 7739,
      "node-str": "true"
    },
    {
      "type": "insert-node",
      "node": {
        "label": "",
        "type": "ExpressionStatement"
      },
      "location-after-char-start": 11548,
      "location-after-char-end": 11566,
      "node-str": ""
    },
    {
      "type": "insert-node",
      "node": {
        "label": "",
        "type": "TagElement"
      },
      "location-after-char-start": 11594,
      "location-after-char-end": 11647,
      "node-str": ""
    },
    {
      "type": "insert-node",
      "node": {
        "label": "Runnable",
        "type": "SimpleName"
      },
      "location-after-char-start": 11693,
      "location-after-char-end": 11701,
      "node-str": "Runnable"
    },
    {
      "type": "insert-node",
      "node": {
        "label": "",
        "type": "SimpleType"
      },
      "location-after-char-start": 11712,
      "location-after-char-end": 11722,
      "node-str": ""
    },
    {
      "type": "insert-node",
      "node": {
        "label": "",
        "type": "VariableDeclarationFragment"
      },
      "location-after-char-start": 11723,
      "location-after-char-end": 11724,
      "node-str": ""
    },
    {
      "type": "insert-node",
      "node": {
        "label": "",
        "type": "SimpleType"
      },
      "location-after-char-start": 11734,
      "location-after-char-end": 11740,
      "node-str": ""
    },
    {
      "type": "insert-node",
      "node": {
        "label": "",
        "type": "VariableDeclarationFragment"
      },
      "location-after-char-start": 11745,
      "location-after-char-end": 11746,
      "node-str": ""
    },
    {
      "type": "insert-node",
      "node": {
        "label": "boolean",
        "type": "PrimitiveType"
      },
      "location-after-char-start": 11756,
      "location-after-char-end": 11763,
      "node-str": "boolean"
    },
    {
      "type": "insert-node",
      "node": {
        "label": "",
        "type": "VariableDeclarationFragment"
      },
      "location-after-char-start": 11767,
      "location-after-char-end": 11782,
      "node-str": ""
    },
    {
      "type": "insert-node",
      "node": {
        "label": "",
        "type": "TagElement"
      },
      "location-after-char-start": 12865,
      "location-after-char-end": 12969,
      "node-str": ""
    },
    {
      "type": "insert-node",
      "node": {
        "label": "Runnable",
        "type": "SimpleName"
      },
      "location-after-char-start": 13015,
      "location-after-char-end": 13023,
      "node-str": "Runnable"
    },
    {
      "type": "insert-node",
      "node": {
        "label": "",
        "type": "SimpleType"
      },
      "location-after-char-start": 13666,
      "location-after-char-end": 13672,
      "node-str": ""
    },
    {
      "type": "insert-node",
      "node": {
        "label": "",
        "type": "VariableDeclarationFragment"
      },
      "location-after-char-start": 13673,
      "location-after-char-end": 13686,
      "node-str": ""
    },
    {
      "type": "insert-node",
      "node": {
        "label": "public",
        "type": "Modifier"
      },
      "location-after-char-start": 14016,
      "location-after-char-end": 14022,
      "node-str": "public"
    },
    {
      "type": "insert-node",
      "node": {
        "label": "void",
        "type": "PrimitiveType"
      },
      "location-after-char-start": 14023,
      "location-after-char-end": 14027,
      "node-str": "void"
    },
    {
      "type": "insert-node",
      "node": {
        "label": "run",
        "type": "SimpleName"
      },
      "location-after-char-start": 14028,
      "location-after-char-end": 14031,
      "node-str": "run"
    },
    {
      "type": "insert-node",
      "node": {
        "label": "",
        "type": "MethodInvocation"
      },
      "location-after-char-start": 11548,
      "location-after-char-end": 11565,
      "node-str": ""
    },
    {
      "type": "insert-node",
      "node": {
        "label": "Periodically execute an action - cleanup in this case",
        "type": "TextElement"
      },
      "location-after-char-start": 11594,
      "location-after-char-end": 11647,
      "node-str": "Periodically execute an action - cleanup in this case"
    },
    {
      "type": "insert-node",
      "node": {
        "label": "ThreadPool",
        "type": "SimpleName"
      },
      "location-after-char-start": 11712,
      "location-after-char-end": 11722,
      "node-str": "ThreadPool"
    },
    {
      "type": "insert-node",
      "node": {
        "label": "p",
        "type": "SimpleName"
      },
      "location-after-char-start": 11723,
      "location-after-char-end": 11724,
      "node-str": "p"
    },
    {
      "type": "insert-node",
      "node": {
        "label": "Thread",
        "type": "SimpleName"
      },
      "location-after-char-start": 11734,
      "location-after-char-end": 11740,
      "node-str": "Thread"
    },
    {
      "type": "insert-node",
      "node": {
        "label": "t",
        "type": "SimpleName"
      },
      "location-after-char-start": 11745,
      "location-after-char-end": 11746,
      "node-str": "t"
    },
    {
      "type": "insert-node",
      "node": {
        "label": "shouldTerminate",
        "type": "SimpleName"
      },
      "location-after-char-start": 11767,
      "location-after-char-end": 11782,
      "node-str": "shouldTerminate"
    },
    {
      "type": "insert-node",
      "node": {
        "label": "A Thread object that executes various actions ( ThreadPoolRunnable )",
        "type": "TextElement"
      },
      "location-after-char-start": 12865,
      "location-after-char-end": 12933,
      "node-str": "A Thread object that executes various actions ( ThreadPoolRunnable )"
    },
    {
      "type": "insert-node",
      "node": {
        "label": "under control of ThreadPool",
        "type": "TextElement"
      },
      "location-after-char-start": 12942,
      "location-after-char-end": 12969,
      "node-str": "under control of ThreadPool"
    },
    {
      "type": "insert-node",
      "node": {
        "label": "Object",
        "type": "SimpleName"
      },
      "location-after-char-start": 13666,
      "location-after-char-end": 13672,
      "node-str": "Object"
    },
    {
      "type": "insert-node",
      "node": {
        "label": "thData",
        "type": "SimpleName"
      },
      "location-after-char-start": 13673,
      "location-after-char-end": 13679,
      "node-str": "thData"
    },
    {
      "type": "insert-node",
      "node": {
        "label": "",
        "type": "Dimension"
      },
      "location-after-char-start": 13679,
      "location-after-char-end": 13681,
      "node-str": ""
    },
    {
      "type": "insert-node",
      "node": {
        "label": "",
        "type": "NullLiteral"
      },
      "location-after-char-start": 13682,
      "location-after-char-end": 13686,
      "node-str": ""
    },
    {
      "type": "insert-node",
      "node": {
        "label": "",
        "type": "METHOD_INVOCATION_RECEIVER"
      },
      "location-after-char-start": 11548,
      "location-after-char-end": 11557,
      "node-str": ""
    },
    {
      "type": "insert-node",
      "node": {
        "label": "flush",
        "type": "SimpleName"
      },
      "location-after-char-start": 11558,
      "location-after-char-end": 11563,
      "node-str": "flush"
    },
    {
      "type": "insert-node",
      "node": {
        "label": "true",
        "type": "BooleanLiteral"
      },
      "location-after-char-start": 14055,
      "location-after-char-end": 14059,
      "node-str": "true"
    },
    {
      "type": "insert-node",
      "node": {
        "label": "loghelper",
        "type": "SimpleName"
      },
      "location-after-char-start": 11548,
      "location-after-char-end": 11557,
      "node-str": "loghelper"
    },
    {
      "type": "insert-node",
      "node": {
        "label": "",
        "type": "IfStatement"
      },
      "location-after-char-start": 16115,
      "location-after-char-end": 16189,
      "node-str": ""
    },
    {
      "type": "insert-node",
      "node": {
        "label": "",
        "type": "ExpressionStatement"
      },
      "location-after-char-start": 12634,
      "location-after-char-end": 12652,
      "node-str": ""
    },
    {
      "type": "insert-node",
      "node": {
        "label": "shouldTerminate",
        "type": "SimpleName"
      },
      "location-after-char-start": 16118,
      "location-after-char-end": 16133,
      "node-str": "shouldTerminate"
    },
    {
      "type": "insert-node",
      "node": {
        "label": "",
        "type": "Block"
      },
      "location-after-char-start": 16135,
      "location-after-char-end": 16189,
      "node-str": ""
    },
    {
      "type": "insert-node",
      "node": {
        "label": "",
        "type": "ExpressionStatement"
      },
      "location-after-char-start": 16382,
      "location-after-char-end": 16400,
      "node-str": ""
    },
    {
      "type": "insert-node",
      "node": {
        "label": "",
        "type": "MethodInvocation"
      },
      "location-after-char-start": 12634,
      "location-after-char-end": 12651,
      "node-str": ""
    },
    {
      "type": "insert-node",
      "node": {
        "label": "",
        "type": "BreakStatement"
      },
      "location-after-char-start": 16161,
      "location-after-char-end": 16167,
      "node-str": ""
    },
    {
      "type": "insert-node",
      "node": {
        "label": "",
        "type": "MethodInvocation"
      },
      "location-after-char-start": 16382,
      "location-after-char-end": 16399,
      "node-str": ""
    },
    {
      "type": "insert-node",
      "node": {
        "label": "",
        "type": "METHOD_INVOCATION_RECEIVER"
      },
      "location-after-char-start": 12634,
      "location-after-char-end": 12643,
      "node-str": ""
    },
    {
      "type": "insert-node",
      "node": {
        "label": "flush",
        "type": "SimpleName"
      },
      "location-after-char-start": 12644,
      "location-after-char-end": 12649,
      "node-str": "flush"
    },
    {
      "type": "insert-node",
      "node": {
        "label": "",
        "type": "ExpressionStatement"
      },
      "location-after-char-start": 15178,
      "location-after-char-end": 15196,
      "node-str": ""
    },
    {
      "type": "insert-node",
      "node": {
        "label": "",
        "type": "METHOD_INVOCATION_RECEIVER"
      },
      "location-after-char-start": 16382,
      "location-after-char-end": 16391,
      "node-str": ""
    },
    {
      "type": "insert-node",
      "node": {
        "label": "flush",
        "type": "SimpleName"
      },
      "location-after-char-start": 16392,
      "location-after-char-end": 16397,
      "node-str": "flush"
    },
    {
      "type": "insert-node",
      "node": {
        "label": "loghelper",
        "type": "SimpleName"
      },
      "location-after-char-start": 12634,
      "location-after-char-end": 12643,
      "node-str": "loghelper"
    },
    {
      "type": "insert-node",
      "node": {
        "label": "",
        "type": "MethodInvocation"
      },
      "location-after-char-start": 15178,
      "location-after-char-end": 15195,
      "node-str": ""
    },
    {
      "type": "insert-node",
      "node": {
        "label": "loghelper",
        "type": "SimpleName"
      },
      "location-after-char-start": 16382,
      "location-after-char-end": 16391,
      "node-str": "loghelper"
    },
    {
      "type": "insert-node",
      "node": {
        "label": "",
        "type": "METHOD_INVOCATION_RECEIVER"
      },
      "location-after-char-start": 15178,
      "location-after-char-end": 15187,
      "node-str": ""
    },
    {
      "type": "insert-node",
      "node": {
        "label": "flush",
        "type": "SimpleName"
      },
      "location-after-char-start": 15188,
      "location-after-char-end": 15193,
      "node-str": "flush"
    },
    {
      "type": "insert-node",
      "node": {
        "label": "loghelper",
        "type": "SimpleName"
      },
      "location-after-char-start": 15178,
      "location-after-char-end": 15187,
      "node-str": "loghelper"
    },
    {
      "type": "delete-node",
      "node": {
        "label": "org.apache.tomcat.util.threads",
        "type": "QualifiedName"
      },
      "location-before-char-start": 2769,
      "location-before-char-end": 2799,
      "node-str": "org.apache.tomcat.util.threads"
    },
    {
      "type": "delete-node",
      "node": {
        "label": "",
        "type": "PackageDeclaration"
      },
      "location-before-char-start": 2761,
      "location-before-char-end": 2800,
      "node-str": ""
    },
    {
      "type": "delete-node",
      "node": {
        "label": "java.util.zip",
        "type": "QualifiedName"
      },
      "location-before-char-start": 2809,
      "location-before-char-end": 2822,
      "node-str": "java.util.zip"
    },
    {
      "type": "delete-node",
      "node": {
        "label": "",
        "type": "ImportDeclaration"
      },
      "location-before-char-start": 2802,
      "location-before-char-end": 2825,
      "node-str": ""
    },
    {
      "type": "delete-node",
      "node": {
        "label": "java.net",
        "type": "QualifiedName"
      },
      "location-before-char-start": 2833,
      "location-before-char-end": 2841,
      "node-str": "java.net"
    },
    {
      "type": "delete-node",
      "node": {
        "label": "",
        "type": "ImportDeclaration"
      },
      "location-before-char-start": 2826,
      "location-before-char-end": 2844,
      "node-str": ""
    },
    {
      "type": "delete-node",
      "node": {
        "label": "java.util",
        "type": "QualifiedName"
      },
      "location-before-char-start": 2852,
      "location-before-char-end": 2861,
      "node-str": "java.util"
    },
    {
      "type": "delete-node",
      "node": {
        "label": "",
        "type": "ImportDeclaration"
      },
      "location-before-char-start": 2845,
      "location-before-char-end": 2864,
      "node-str": ""
    },
    {
      "type": "delete-node",
      "node": {
        "label": "java.io",
        "type": "QualifiedName"
      },
      "location-before-char-start": 2872,
      "location-before-char-end": 2879,
      "node-str": "java.io"
    },
    {
      "type": "delete-node",
      "node": {
        "label": "",
        "type": "ImportDeclaration"
      },
      "location-before-char-start": 2865,
      "location-before-char-end": 2882,
      "node-str": ""
    },
    {
      "type": "delete-node",
      "node": {
        "label": "org.apache.tomcat.util.log",
        "type": "QualifiedName"
      },
      "location-before-char-start": 2890,
      "location-before-char-end": 2916,
      "node-str": "org.apache.tomcat.util.log"
    },
    {
      "type": "delete-node",
      "node": {
        "label": "",
        "type": "ImportDeclaration"
      },
      "location-before-char-start": 2883,
      "location-before-char-end": 2919,
      "node-str": ""
    },
    {
      "type": "delete-node",
      "node": {
        "label": "A thread pool that is trying to copy the apache process management.",
        "type": "TextElement"
      },
      "location-before-char-start": 2929,
      "location-before-char-end": 2996,
      "node-str": "A thread pool that is trying to copy the apache process management."
    },
    {
      "type": "delete-node",
      "node": {
        "label": "",
        "type": "TagElement"
      },
      "location-before-char-start": 2929,
      "location-before-char-end": 2996,
      "node-str": ""
    },
    {
      "type": "delete-node",
      "node": {
        "label": " Gal Shachor",
        "type": "TextElement"
      },
      "location-before-char-start": 3010,
      "location-before-char-end": 3022,
      "node-str": " Gal Shachor"
    },
    {
      "type": "delete-node",
      "node": {
        "label": "",
        "type": "TagElement"
      },
      "location-before-char-start": 3003,
      "location-before-char-end": 3022,
      "node-str": ""
    },
    {
      "type": "delete-node",
      "node": {
        "label": "",
        "type": "Javadoc"
      },
      "location-before-char-start": 2922,
      "location-before-char-end": 3026,
      "node-str": ""
    },
    {
      "type": "delete-node",
      "node": {
        "label": "public",
        "type": "Modifier"
      },
      "location-before-char-start": 3027,
      "location-before-char-end": 3033,
      "node-str": "public"
    },
    {
      "type": "delete-node",
      "node": {
        "label": "class",
        "type": "TYPE_DECLARATION_KIND"
      },
      "location-before-char-start": 3034,
      "location-before-char-end": 3039,
      "node-str": "class"
    },
    {
      "type": "delete-node",
      "node": {
        "label": "ThreadPool",
        "type": "SimpleName"
      },
      "location-before-char-start": 3040,
      "location-before-char-end": 3050,
      "node-str": "ThreadPool"
    },
    {
      "type": "delete-node",
      "node": {
        "label": "public",
        "type": "Modifier"
      },
      "location-before-char-start": 3100,
      "location-before-char-end": 3106,
      "node-str": "public"
    },
    {
      "type": "delete-node",
      "node": {
        "label": "static",
        "type": "Modifier"
      },
      "location-before-char-start": 3107,
      "location-before-char-end": 3113,
      "node-str": "static"
    },
    {
      "type": "delete-node",
      "node": {
        "label": "final",
        "type": "Modifier"
      },
      "location-before-char-start": 3114,
      "location-before-char-end": 3119,
      "node-str": "final"
    },
    {
      "type": "delete-node",
      "node": {
        "label": "int",
        "type": "PrimitiveType"
      },
      "location-before-char-start": 3120,
      "location-before-char-end": 3123,
      "node-str": "int"
    },
    {
      "type": "delete-node",
      "node": {
        "label": "MAX_THREADS",
        "type": "SimpleName"
      },
      "location-before-char-start": 3124,
      "location-before-char-end": 3135,
      "node-str": "MAX_THREADS"
    },
    {
      "type": "delete-node",
      "node": {
        "label": "200",
        "type": "NumberLiteral"
      },
      "location-before-char-start": 3138,
      "location-before-char-end": 3141,
      "node-str": "200"
    },
    {
      "type": "delete-node",
      "node": {
        "label": "",
        "type": "VariableDeclarationFragment"
      },
      "location-before-char-start": 3124,
      "location-before-char-end": 3141,
      "node-str": ""
    },
    {
      "type": "delete-node",
      "node": {
        "label": "",
        "type": "FieldDeclaration"
      },
      "location-before-char-start": 3100,
      "location-before-char-end": 3142,
      "node-str": ""
    },
    {
      "type": "delete-node",
      "node": {
        "label": "public",
        "type": "Modifier"
      },
      "location-before-char-start": 3147,
      "location-before-char-end": 3153,
      "node-str": "public"
    },
    {
      "type": "delete-node",
      "node": {
        "label": "static",
        "type": "Modifier"
      },
      "location-before-char-start": 3154,
      "location-before-char-end": 3160,
      "node-str": "static"
    },
    {
      "type": "delete-node",
      "node": {
        "label": "final",
        "type": "Modifier"
      },
      "location-before-char-start": 3161,
      "location-before-char-end": 3166,
      "node-str": "final"
    },
    {
      "type": "delete-node",
      "node": {
        "label": "int",
        "type": "PrimitiveType"
      },
      "location-before-char-start": 3167,
      "location-before-char-end": 3170,
      "node-str": "int"
    },
    {
      "type": "delete-node",
      "node": {
        "label": "MAX_SPARE_THREADS",
        "type": "SimpleName"
      },
      "location-before-char-start": 3171,
      "location-before-char-end": 3188,
      "node-str": "MAX_SPARE_THREADS"
    },
    {
      "type": "delete-node",
      "node": {
        "label": "50",
        "type": "NumberLiteral"
      },
      "location-before-char-start": 3191,
      "location-before-char-end": 3193,
      "node-str": "50"
    },
    {
      "type": "delete-node",
      "node": {
        "label": "",
        "type": "VariableDeclarationFragment"
      },
      "location-before-char-start": 3171,
      "location-before-char-end": 3193,
      "node-str": ""
    },
    {
      "type": "delete-node",
      "node": {
        "label": "",
        "type": "FieldDeclaration"
      },
      "location-before-char-start": 3147,
      "location-before-char-end": 3194,
      "node-str": ""
    },
    {
      "type": "delete-node",
      "node": {
        "label": "public",
        "type": "Modifier"
      },
      "location-before-char-start": 3199,
      "location-before-char-end": 3205,
      "node-str": "public"
    },
    {
      "type": "delete-node",
      "node": {
        "label": "static",
        "type": "Modifier"
      },
      "location-before-char-start": 3206,
      "location-before-char-end": 3212,
      "node-str": "static"
    },
    {
      "type": "delete-node",
      "node": {
        "label": "final",
        "type": "Modifier"
      },
      "location-before-char-start": 3213,
      "location-before-char-end": 3218,
      "node-str": "final"
    },
    {
      "type": "delete-node",
      "node": {
        "label": "int",
        "type": "PrimitiveType"
      },
      "location-before-char-start": 3219,
      "location-before-char-end": 3222,
      "node-str": "int"
    },
    {
      "type": "delete-node",
      "node": {
        "label": "MIN_SPARE_THREADS",
        "type": "SimpleName"
      },
      "location-before-char-start": 3223,
      "location-before-char-end": 3240,
      "node-str": "MIN_SPARE_THREADS"
    },
    {
      "type": "delete-node",
      "node": {
        "label": "4",
        "type": "NumberLiteral"
      },
      "location-before-char-start": 3243,
      "location-before-char-end": 3244,
      "node-str": "4"
    },
    {
      "type": "delete-node",
      "node": {
        "label": "",
        "type": "VariableDeclarationFragment"
      },
      "location-before-char-start": 3223,
      "location-before-char-end": 3244,
      "node-str": ""
    },
    {
      "type": "delete-node",
      "node": {
        "label": "",
        "type": "FieldDeclaration"
      },
      "location-before-char-start": 3199,
      "location-before-char-end": 3245,
      "node-str": ""
    },
    {
      "type": "delete-node",
      "node": {
        "label": "protected",
        "type": "Modifier"
      },
      "location-before-char-start": 3358,
      "location-before-char-end": 3367,
      "node-str": "protected"
    },
    {
      "type": "delete-node",
      "node": {
        "label": "Vector",
        "type": "SimpleName"
      },
      "location-before-char-start": 3368,
      "location-before-char-end": 3374,
      "node-str": "Vector"
    },
    {
      "type": "delete-node",
      "node": {
        "label": "",
        "type": "SimpleType"
      },
      "location-before-char-start": 3368,
      "location-before-char-end": 3374,
      "node-str": ""
    },
    {
      "type": "delete-node",
      "node": {
        "label": "pool",
        "type": "SimpleName"
      },
      "location-before-char-start": 3375,
      "location-before-char-end": 3379,
      "node-str": "pool"
    },
    {
      "type": "delete-node",
      "node": {
        "label": "",
        "type": "VariableDeclarationFragment"
      },
      "location-before-char-start": 3375,
      "location-before-char-end": 3379,
      "node-str": ""
    },
    {
      "type": "delete-node",
      "node": {
        "label": "",
        "type": "FieldDeclaration"
      },
      "location-before-char-start": 3358,
      "location-before-char-end": 3380,
      "node-str": ""
    },
    {
      "type": "delete-node",
      "node": {
        "label": "protected",
        "type": "Modifier"
      },
      "location-before-char-start": 3466,
      "location-before-char-end": 3475,
      "node-str": "protected"
    },
    {
      "type": "delete-node",
      "node": {
        "label": "MonitorRunnable",
        "type": "SimpleName"
      },
      "location-before-char-start": 3476,
      "location-before-char-end": 3491,
      "node-str": "MonitorRunnable"
    },
    {
      "type": "delete-node",
      "node": {
        "label": "",
        "type": "SimpleType"
      },
      "location-before-char-start": 3476,
      "location-before-char-end": 3491,
      "node-str": ""
    },
    {
      "type": "delete-node",
      "node": {
        "label": "monitor",
        "type": "SimpleName"
      },
      "location-before-char-start": 3492,
      "location-before-char-end": 3499,
      "node-str": "monitor"
    },
    {
      "type": "delete-node",
      "node": {
        "label": "",
        "type": "VariableDeclarationFragment"
      },
      "location-before-char-start": 3492,
      "location-before-char-end": 3499,
      "node-str": ""
    },
    {
      "type": "delete-node",
      "node": {
        "label": "",
        "type": "FieldDeclaration"
      },
      "location-before-char-start": 3466,
      "location-before-char-end": 3500,
      "node-str": ""
    },
    {
      "type": "delete-node",
      "node": {
        "label": "protected",
        "type": "Modifier"
      },
      "location-before-char-start": 3582,
      "location-before-char-end": 3591,
      "node-str": "protected"
    },
    {
      "type": "delete-node",
      "node": {
        "label": "int",
        "type": "PrimitiveType"
      },
      "location-before-char-start": 3592,
      "location-before-char-end": 3595,
      "node-str": "int"
    },
    {
      "type": "delete-node",
      "node": {
        "label": "maxThreads",
        "type": "SimpleName"
      },
      "location-before-char-start": 3596,
      "location-before-char-end": 3606,
      "node-str": "maxThreads"
    },
    {
      "type": "delete-node",
      "node": {
        "label": "",
        "type": "VariableDeclarationFragment"
      },
      "location-before-char-start": 3596,
      "location-before-char-end": 3606,
      "node-str": ""
    },
    {
      "type": "delete-node",
      "node": {
        "label": "",
        "type": "FieldDeclaration"
      },
      "location-before-char-start": 3582,
      "location-before-char-end": 3607,
      "node-str": ""
    },
    {
      "type": "delete-node",
      "node": {
        "label": "protected",
        "type": "Modifier"
      },
      "location-before-char-start": 3694,
      "location-before-char-end": 3703,
      "node-str": "protected"
    },
    {
      "type": "delete-node",
      "node": {
        "label": "int",
        "type": "PrimitiveType"
      },
      "location-before-char-start": 3704,
      "location-before-char-end": 3707,
      "node-str": "int"
    },
    {
      "type": "delete-node",
      "node": {
        "label": "minSpareThreads",
        "type": "SimpleName"
      },
      "location-before-char-start": 3708,
      "location-before-char-end": 3723,
      "node-str": "minSpareThreads"
    },
    {
      "type": "delete-node",
      "node": {
        "label": "",
        "type": "VariableDeclarationFragment"
      },
      "location-before-char-start": 3708,
      "location-before-char-end": 3723,
      "node-str": ""
    },
    {
      "type": "delete-node",
      "node": {
        "label": "",
        "type": "FieldDeclaration"
      },
      "location-before-char-start": 3694,
      "location-before-char-end": 3724,
      "node-str": ""
    },
    {
      "type": "delete-node",
      "node": {
        "label": "protected",
        "type": "Modifier"
      },
      "location-before-char-start": 3811,
      "location-before-char-end": 3820,
      "node-str": "protected"
    },
    {
      "type": "delete-node",
      "node": {
        "label": "int",
        "type": "PrimitiveType"
      },
      "location-before-char-start": 3821,
      "location-before-char-end": 3824,
      "node-str": "int"
    },
    {
      "type": "delete-node",
      "node": {
        "label": "maxSpareThreads",
        "type": "SimpleName"
      },
      "location-before-char-start": 3825,
      "location-before-char-end": 3840,
      "node-str": "maxSpareThreads"
    },
    {
      "type": "delete-node",
      "node": {
        "label": "",
        "type": "VariableDeclarationFragment"
      },
      "location-before-char-start": 3825,
      "location-before-char-end": 3840,
      "node-str": ""
    },
    {
      "type": "delete-node",
      "node": {
        "label": "",
        "type": "FieldDeclaration"
      },
      "location-before-char-start": 3811,
      "location-before-char-end": 3841,
      "node-str": ""
    },
    {
      "type": "delete-node",
      "node": {
        "label": "protected",
        "type": "Modifier"
      },
      "location-before-char-start": 3900,
      "location-before-char-end": 3909,
      "node-str": "protected"
    },
    {
      "type": "delete-node",
      "node": {
        "label": "int",
        "type": "PrimitiveType"
      },
      "location-before-char-start": 3910,
      "location-before-char-end": 3913,
      "node-str": "int"
    },
    {
      "type": "delete-node",
      "node": {
        "label": "currentThreadCount",
        "type": "SimpleName"
      },
      "location-before-char-start": 3914,
      "location-before-char-end": 3932,
      "node-str": "currentThreadCount"
    },
    {
      "type": "delete-node",
      "node": {
        "label": "",
        "type": "VariableDeclarationFragment"
      },
      "location-before-char-start": 3914,
      "location-before-char-end": 3932,
      "node-str": ""
    },
    {
      "type": "delete-node",
      "node": {
        "label": "",
        "type": "FieldDeclaration"
      },
      "location-before-char-start": 3900,
      "location-before-char-end": 3933,
      "node-str": ""
    },
    {
      "type": "delete-node",
      "node": {
        "label": "protected",
        "type": "Modifier"
      },
      "location-before-char-start": 3997,
      "location-before-char-end": 4006,
      "node-str": "protected"
    },
    {
      "type": "delete-node",
      "node": {
        "label": "int",
        "type": "PrimitiveType"
      },
      "location-before-char-start": 4007,
      "location-before-char-end": 4010,
      "node-str": "int"
    },
    {
      "type": "delete-node",
      "node": {
        "label": "currentThreadsBusy",
        "type": "SimpleName"
      },
      "location-before-char-start": 4011,
      "location-before-char-end": 4029,
      "node-str": "currentThreadsBusy"
    },
    {
      "type": "delete-node",
      "node": {
        "label": "",
        "type": "VariableDeclarationFragment"
      },
      "location-before-char-start": 4011,
      "location-before-char-end": 4029,
      "node-str": ""
    },
    {
      "type": "delete-node",
      "node": {
        "label": "",
        "type": "FieldDeclaration"
      },
      "location-before-char-start": 3997,
      "location-before-char-end": 4030,
      "node-str": ""
    },
    {
      "type": "delete-node",
      "node": {
        "label": "protected",
        "type": "Modifier"
      },
      "location-before-char-start": 4120,
      "location-before-char-end": 4129,
      "node-str": "protected"
    },
    {
      "type": "delete-node",
      "node": {
        "label": "boolean",
        "type": "PrimitiveType"
      },
      "location-before-char-start": 4130,
      "location-before-char-end": 4137,
      "node-str": "boolean"
    },
    {
      "type": "delete-node",
      "node": {
        "label": "stopThePool",
        "type": "SimpleName"
      },
      "location-before-char-start": 4138,
      "location-before-char-end": 4149,
      "node-str": "stopThePool"
    },
    {
      "type": "delete-node",
      "node": {
        "label": "",
        "type": "VariableDeclarationFragment"
      },
      "location-before-char-start": 4138,
      "location-before-char-end": 4149,
      "node-str": ""
    },
    {
      "type": "delete-node",
      "node": {
        "label": "",
        "type": "FieldDeclaration"
      },
      "location-before-char-start": 4120,
      "location-before-char-end": 4150,
      "node-str": ""
    },
    {
      "type": "delete-node",
      "node": {
        "label": "static",
        "type": "Modifier"
      },
      "location-before-char-start": 4156,
      "location-before-char-end": 4162,
      "node-str": "static"
    },
    {
      "type": "delete-node",
      "node": {
        "label": "int",
        "type": "PrimitiveType"
      },
      "location-before-char-start": 4163,
      "location-before-char-end": 4166,
      "node-str": "int"
    },
    {
      "type": "delete-node",
      "node": {
        "label": "debug",
        "type": "SimpleName"
      },
      "location-before-char-start": 4167,
      "location-before-char-end": 4172,
      "node-str": "debug"
    },
    {
      "type": "delete-node",
      "node": {
        "label": "0",
        "type": "NumberLiteral"
      },
      "location-before-char-start": 4173,
      "location-before-char-end": 4174,
      "node-str": "0"
    },
    {
      "type": "delete-node",
      "node": {
        "label": "",
        "type": "VariableDeclarationFragment"
      },
      "location-before-char-start": 4167,
      "location-before-char-end": 4174,
      "node-str": ""
    },
    {
      "type": "delete-node",
      "node": {
        "label": "",
        "type": "FieldDeclaration"
      },
      "location-before-char-start": 4156,
      "location-before-char-end": 4175,
      "node-str": ""
    },
    {
      "type": "delete-node",
      "node": {
        "label": "static",
        "type": "Modifier"
      },
      "location-before-char-start": 7712,
      "location-before-char-end": 7718,
      "node-str": "static"
    },
    {
      "type": "delete-node",
      "node": {
        "label": "boolean",
        "type": "PrimitiveType"
      },
      "location-before-char-start": 7719,
      "location-before-char-end": 7726,
      "node-str": "boolean"
    },
    {
      "type": "delete-node",
      "node": {
        "label": "logfull",
        "type": "SimpleName"
      },
      "location-before-char-start": 7727,
      "location-before-char-end": 7734,
      "node-str": "logfull"
    },
    {
      "type": "delete-node",
      "node": {
        "label": "true",
        "type": "BooleanLiteral"
      },
      "location-before-char-start": 7735,
      "location-before-char-end": 7739,
      "node-str": "true"
    },
    {
      "type": "delete-node",
      "node": {
        "label": "",
        "type": "VariableDeclarationFragment"
      },
      "location-before-char-start": 7727,
      "location-before-char-end": 7739,
      "node-str": ""
    },
    {
      "type": "delete-node",
      "node": {
        "label": "",
        "type": "FieldDeclaration"
      },
      "location-before-char-start": 7712,
      "location-before-char-end": 7740,
      "node-str": ""
    },
    {
      "type": "delete-node",
      "node": {
        "label": "Periodically execute an action - cleanup in this case",
        "type": "TextElement"
      },
      "location-before-char-start": 11574,
      "location-before-char-end": 11627,
      "node-str": "Periodically execute an action - cleanup in this case"
    },
    {
      "type": "delete-node",
      "node": {
        "label": "",
        "type": "TagElement"
      },
      "location-before-char-start": 11574,
      "location-before-char-end": 11627,
      "node-str": ""
    },
    {
      "type": "delete-node",
      "node": {
        "label": "",
        "type": "Javadoc"
      },
      "location-before-char-start": 11562,
      "location-before-char-end": 11635,
      "node-str": ""
    },
    {
      "type": "delete-node",
      "node": {
        "label": "class",
        "type": "TYPE_DECLARATION_KIND"
      },
      "location-before-char-start": 11640,
      "location-before-char-end": 11645,
      "node-str": "class"
    },
    {
      "type": "delete-node",
      "node": {
        "label": "MonitorRunnable",
        "type": "SimpleName"
      },
      "location-before-char-start": 11646,
      "location-before-char-end": 11661,
      "node-str": "MonitorRunnable"
    },
    {
      "type": "delete-node",
      "node": {
        "label": "Runnable",
        "type": "SimpleName"
      },
      "location-before-char-start": 11673,
      "location-before-char-end": 11681,
      "node-str": "Runnable"
    },
    {
      "type": "delete-node",
      "node": {
        "label": "",
        "type": "SimpleType"
      },
      "location-before-char-start": 11673,
      "location-before-char-end": 11681,
      "node-str": ""
    },
    {
      "type": "delete-node",
      "node": {
        "label": "ThreadPool",
        "type": "SimpleName"
      },
      "location-before-char-start": 11692,
      "location-before-char-end": 11702,
      "node-str": "ThreadPool"
    },
    {
      "type": "delete-node",
      "node": {
        "label": "",
        "type": "SimpleType"
      },
      "location-before-char-start": 11692,
      "location-before-char-end": 11702,
      "node-str": ""
    },
    {
      "type": "delete-node",
      "node": {
        "label": "p",
        "type": "SimpleName"
      },
      "location-before-char-start": 11703,
      "location-before-char-end": 11704,
      "node-str": "p"
    },
    {
      "type": "delete-node",
      "node": {
        "label": "",
        "type": "VariableDeclarationFragment"
      },
      "location-before-char-start": 11703,
      "location-before-char-end": 11704,
      "node-str": ""
    },
    {
      "type": "delete-node",
      "node": {
        "label": "",
        "type": "FieldDeclaration"
      },
      "location-before-char-start": 11692,
      "location-before-char-end": 11705,
      "node-str": ""
    },
    {
      "type": "delete-node",
      "node": {
        "label": "Thread",
        "type": "SimpleName"
      },
      "location-before-char-start": 11714,
      "location-before-char-end": 11720,
      "node-str": "Thread"
    },
    {
      "type": "delete-node",
      "node": {
        "label": "",
        "type": "SimpleType"
      },
      "location-before-char-start": 11714,
      "location-before-char-end": 11720,
      "node-str": ""
    },
    {
      "type": "delete-node",
      "node": {
        "label": "t",
        "type": "SimpleName"
      },
      "location-before-char-start": 11725,
      "location-before-char-end": 11726,
      "node-str": "t"
    },
    {
      "type": "delete-node",
      "node": {
        "label": "",
        "type": "VariableDeclarationFragment"
      },
      "location-before-char-start": 11725,
      "location-before-char-end": 11726,
      "node-str": ""
    },
    {
      "type": "delete-node",
      "node": {
        "label": "",
        "type": "FieldDeclaration"
      },
      "location-before-char-start": 11714,
      "location-before-char-end": 11727,
      "node-str": ""
    },
    {
      "type": "delete-node",
      "node": {
        "label": "boolean",
        "type": "PrimitiveType"
      },
      "location-before-char-start": 11736,
      "location-before-char-end": 11743,
      "node-str": "boolean"
    },
    {
      "type": "delete-node",
      "node": {
        "label": "shouldTerminate",
        "type": "SimpleName"
      },
      "location-before-char-start": 11747,
      "location-before-char-end": 11762,
      "node-str": "shouldTerminate"
    },
    {
      "type": "delete-node",
      "node": {
        "label": "",
        "type": "VariableDeclarationFragment"
      },
      "location-before-char-start": 11747,
      "location-before-char-end": 11762,
      "node-str": ""
    },
    {
      "type": "delete-node",
      "node": {
        "label": "",
        "type": "FieldDeclaration"
      },
      "location-before-char-start": 11736,
      "location-before-char-end": 11763,
      "node-str": ""
    },
    {
      "type": "delete-node",
      "node": {
        "label": "Log.ERROR",
        "type": "QualifiedName"
      },
      "location-before-char-start": 12607,
      "location-before-char-end": 12616,
      "node-str": "Log.ERROR"
    },
    {
      "type": "delete-node",
      "node": {
        "label": "A Thread object that executes various actions ( ThreadPoolRunnable )",
        "type": "TextElement"
      },
      "location-before-char-start": 12831,
      "location-before-char-end": 12899,
      "node-str": "A Thread object that executes various actions ( ThreadPoolRunnable )"
    },
    {
      "type": "delete-node",
      "node": {
        "label": "under control of ThreadPool",
        "type": "TextElement"
      },
      "location-before-char-start": 12908,
      "location-before-char-end": 12935,
      "node-str": "under control of ThreadPool"
    },
    {
      "type": "delete-node",
      "node": {
        "label": "",
        "type": "TagElement"
      },
      "location-before-char-start": 12831,
      "location-before-char-end": 12935,
      "node-str": ""
    },
    {
      "type": "delete-node",
      "node": {
        "label": "",
        "type": "Javadoc"
      },
      "location-before-char-start": 12820,
      "location-before-char-end": 12943,
      "node-str": ""
    },
    {
      "type": "delete-node",
      "node": {
        "label": "class",
        "type": "TYPE_DECLARATION_KIND"
      },
      "location-before-char-start": 12948,
      "location-before-char-end": 12953,
      "node-str": "class"
    },
    {
      "type": "delete-node",
      "node": {
        "label": "ControlRunnable",
        "type": "SimpleName"
      },
      "location-before-char-start": 12954,
      "location-before-char-end": 12969,
      "node-str": "ControlRunnable"
    },
    {
      "type": "delete-node",
      "node": {
        "label": "Runnable",
        "type": "SimpleName"
      },
      "location-before-char-start": 12981,
      "location-before-char-end": 12989,
      "node-str": "Runnable"
    },
    {
      "type": "delete-node",
      "node": {
        "label": "",
        "type": "SimpleType"
      },
      "location-before-char-start": 12981,
      "location-before-char-end": 12989,
      "node-str": ""
    },
    {
      "type": "delete-node",
      "node": {
        "label": "Object",
        "type": "SimpleName"
      },
      "location-before-char-start": 13632,
      "location-before-char-end": 13638,
      "node-str": "Object"
    },
    {
      "type": "delete-node",
      "node": {
        "label": "",
        "type": "SimpleType"
      },
      "location-before-char-start": 13632,
      "location-before-char-end": 13638,
      "node-str": ""
    },
    {
      "type": "delete-node",
      "node": {
        "label": "thData",
        "type": "SimpleName"
      },
      "location-before-char-start": 13639,
      "location-before-char-end": 13645,
      "node-str": "thData"
    },
    {
      "type": "delete-node",
      "node": {
        "label": "",
        "type": "Dimension"
      },
      "location-before-char-start": 13645,
      "location-before-char-end": 13647,
      "node-str": ""
    },
    {
      "type": "delete-node",
      "node": {
        "label": "",
        "type": "NullLiteral"
      },
      "location-before-char-start": 13648,
      "location-before-char-end": 13652,
      "node-str": ""
    },
    {
      "type": "delete-node",
      "node": {
        "label": "",
        "type": "VariableDeclarationFragment"
      },
      "location-before-char-start": 13639,
      "location-before-char-end": 13652,
      "node-str": ""
    },
    {
      "type": "delete-node",
      "node": {
        "label": "",
        "type": "FieldDeclaration"
      },
      "location-before-char-start": 13632,
      "location-before-char-end": 13653,
      "node-str": ""
    },
    {
      "type": "delete-node",
      "node": {
        "label": "public",
        "type": "Modifier"
      },
      "location-before-char-start": 13982,
      "location-before-char-end": 13988,
      "node-str": "public"
    },
    {
      "type": "delete-node",
      "node": {
        "label": "void",
        "type": "PrimitiveType"
      },
      "location-before-char-start": 13989,
      "location-before-char-end": 13993,
      "node-str": "void"
    },
    {
      "type": "delete-node",
      "node": {
        "label": "run",
        "type": "SimpleName"
      },
      "location-before-char-start": 13994,
      "location-before-char-end": 13997,
      "node-str": "run"
    },
    {
      "type": "delete-node",
      "node": {
        "label": "true",
        "type": "BooleanLiteral"
      },
      "location-before-char-start": 14021,
      "location-before-char-end": 14025,
      "node-str": "true"
    },
    {
      "type": "delete-node",
      "node": {
        "label": "shouldTerminate",
        "type": "SimpleName"
      },
      "location-before-char-start": 16128,
      "location-before-char-end": 16143,
      "node-str": "shouldTerminate"
    },
    {
      "type": "delete-node",
      "node": {
        "label": "",
        "type": "BreakStatement"
      },
      "location-before-char-start": 16171,
      "location-before-char-end": 16177,
      "node-str": ""
    },
    {
      "type": "delete-node",
      "node": {
        "label": "",
        "type": "Block"
      },
      "location-before-char-start": 16145,
      "location-before-char-end": 16199,
      "node-str": ""
    },
    {
      "type": "delete-node",
      "node": {
        "label": "",
        "type": "IfStatement"
      },
      "location-before-char-start": 16125,
      "location-before-char-end": 16199,
      "node-str": ""
    },
    {
      "type": "delete-node",
      "node": {
        "label": "noThData",
        "type": "SimpleName"
      },
      "location-before-char-start": 16623,
      "location-before-char-end": 16631,
      "node-str": "noThData"
    },
    {
      "type": "delete-node",
      "node": {
        "label": "\u003d",
        "type": "ASSIGNMENT_OPERATOR"
      },
      "location-before-char-start": 16632,
      "location-before-char-end": 16633,
      "node-str": "\u003d"
    },
    {
      "type": "delete-node",
      "node": {
        "label": "true",
        "type": "BooleanLiteral"
      },
      "location-before-char-start": 16634,
      "location-before-char-end": 16638,
      "node-str": "true"
    },
    {
      "type": "delete-node",
      "node": {
        "label": "",
        "type": "Assignment"
      },
      "location-before-char-start": 16623,
      "location-before-char-end": 16638,
      "node-str": ""
    },
    {
      "type": "delete-node",
      "node": {
        "label": "",
        "type": "ExpressionStatement"
      },
      "location-before-char-start": 16623,
      "location-before-char-end": 16639,
      "node-str": ""
    }
  ],
  "before-file": {},
  "after-file": {},
  "mapping": {}
}