{
  "tool-info": {},
  "diff": [
    {
      "type": "insert-node",
      "node": {
        "label": "",
        "type": "ImportDeclaration"
      },
      "location-after-char-start": 408,
      "location-after-char-end": 438,
      "node-str": ""
    },
    {
      "type": "insert-node",
      "node": {
        "label": "",
        "type": "TypeDeclaration"
      },
      "location-after-char-start": 612,
      "location-after-char-end": 1884,
      "node-str": ""
    },
    {
      "type": "insert-node",
      "node": {
        "label": "org.apache.log4j.Level",
        "type": "QualifiedName"
      },
      "location-after-char-start": 415,
      "location-after-char-end": 437,
      "node-str": "org.apache.log4j.Level"
    },
    {
      "type": "move-subtree",
      "node": {
        "label": "",
        "type": "Javadoc"
      },
      "location-before-char-start": 615,
      "location-before-char-end": 653,
      "location-after-char-start": 612,
      "location-after-char-end": 650,
      "node-str": ""
    },
    {
      "type": "move-subtree",
      "node": {
        "label": "public",
        "type": "Modifier"
      },
      "location-before-char-start": 654,
      "location-before-char-end": 660,
      "location-after-char-start": 651,
      "location-after-char-end": 657,
      "node-str": "public"
    },
    {
      "type": "move-subtree",
      "node": {
        "label": "class",
        "type": "TYPE_DECLARATION_KIND"
      },
      "location-before-char-start": 661,
      "location-before-char-end": 666,
      "location-after-char-start": 658,
      "location-after-char-end": 663,
      "node-str": "class"
    },
    {
      "type": "move-subtree",
      "node": {
        "label": "DOMTest",
        "type": "SimpleName"
      },
      "location-before-char-start": 667,
      "location-before-char-end": 674,
      "location-after-char-start": 664,
      "location-after-char-end": 671,
      "node-str": "DOMTest"
    },
    {
      "type": "move-subtree",
      "node": {
        "label": "",
        "type": "FieldDeclaration"
      },
      "location-before-char-start": 679,
      "location-before-char-end": 741,
      "location-after-char-start": 676,
      "location-after-char-end": 738,
      "node-str": ""
    },
    {
      "type": "move-subtree",
      "node": {
        "label": "",
        "type": "MethodDeclaration"
      },
      "location-before-char-start": 746,
      "location-before-char-end": 910,
      "location-after-char-start": 743,
      "location-after-char-end": 907,
      "node-str": ""
    },
    {
      "type": "move-subtree",
      "node": {
        "label": "",
        "type": "MethodDeclaration"
      },
      "location-before-char-start": 914,
      "location-before-char-end": 1086,
      "location-after-char-start": 911,
      "location-after-char-end": 1083,
      "node-str": ""
    },
    {
      "type": "move-subtree",
      "node": {
        "label": "",
        "type": "MethodDeclaration"
      },
      "location-before-char-start": 1092,
      "location-before-char-end": 1178,
      "location-after-char-start": 1089,
      "location-after-char-end": 1175,
      "node-str": ""
    },
    {
      "type": "insert-node",
      "node": {
        "label": "",
        "type": "MethodDeclaration"
      },
      "location-after-char-start": 1179,
      "location-after-char-end": 1882,
      "node-str": ""
    },
    {
      "type": "move-subtree",
      "node": {
        "label": "static",
        "type": "Modifier"
      },
      "location-before-char-start": 1182,
      "location-before-char-end": 1188,
      "location-after-char-start": 1179,
      "location-after-char-end": 1185,
      "node-str": "static"
    },
    {
      "type": "move-subtree",
      "node": {
        "label": "void",
        "type": "PrimitiveType"
      },
      "location-before-char-start": 1191,
      "location-before-char-end": 1195,
      "location-after-char-start": 1188,
      "location-after-char-end": 1192,
      "node-str": "void"
    },
    {
      "type": "move-subtree",
      "node": {
        "label": "test",
        "type": "SimpleName"
      },
      "location-before-char-start": 1196,
      "location-before-char-end": 1200,
      "location-after-char-start": 1193,
      "location-after-char-end": 1197,
      "node-str": "test"
    },
    {
      "type": "insert-node",
      "node": {
        "label": "",
        "type": "Block"
      },
      "location-after-char-start": 1200,
      "location-after-char-end": 1882,
      "node-str": ""
    },
    {
      "type": "move-subtree",
      "node": {
        "label": "",
        "type": "VariableDeclarationStatement"
      },
      "location-before-char-start": 1209,
      "location-before-char-end": 1220,
      "location-after-char-start": 1206,
      "location-after-char-end": 1217,
      "node-str": ""
    },
    {
      "type": "move-subtree",
      "node": {
        "label": "",
        "type": "VariableDeclarationStatement"
      },
      "location-before-char-start": 1225,
      "location-before-char-end": 1262,
      "location-after-char-start": 1222,
      "location-after-char-end": 1259,
      "node-str": ""
    },
    {
      "type": "move-subtree",
      "node": {
        "label": "",
        "type": "ExpressionStatement"
      },
      "location-before-char-start": 1272,
      "location-before-char-end": 1300,
      "location-after-char-start": 1269,
      "location-after-char-end": 1297,
      "node-str": ""
    },
    {
      "type": "move-subtree",
      "node": {
        "label": "",
        "type": "ExpressionStatement"
      },
      "location-before-char-start": 1305,
      "location-before-char-end": 1332,
      "location-after-char-start": 1302,
      "location-after-char-end": 1329,
      "node-str": ""
    },
    {
      "type": "move-subtree",
      "node": {
        "label": "",
        "type": "ExpressionStatement"
      },
      "location-before-char-start": 1346,
      "location-before-char-end": 1374,
      "location-after-char-start": 1343,
      "location-after-char-end": 1371,
      "node-str": ""
    },
    {
      "type": "move-subtree",
      "node": {
        "label": "",
        "type": "ExpressionStatement"
      },
      "location-before-char-start": 1379,
      "location-before-char-end": 1405,
      "location-after-char-start": 1376,
      "location-after-char-end": 1402,
      "node-str": ""
    },
    {
      "type": "move-subtree",
      "node": {
        "label": "",
        "type": "ExpressionStatement"
      },
      "location-before-char-start": 1419,
      "location-before-char-end": 1447,
      "location-after-char-start": 1416,
      "location-after-char-end": 1444,
      "node-str": ""
    },
    {
      "type": "move-subtree",
      "node": {
        "label": "",
        "type": "ExpressionStatement"
      },
      "location-before-char-start": 1452,
      "location-before-char-end": 1478,
      "location-after-char-start": 1449,
      "location-after-char-end": 1475,
      "node-str": ""
    },
    {
      "type": "move-subtree",
      "node": {
        "label": "",
        "type": "ExpressionStatement"
      },
      "location-before-char-start": 1492,
      "location-before-char-end": 1520,
      "location-after-char-start": 1489,
      "location-after-char-end": 1517,
      "node-str": ""
    },
    {
      "type": "move-subtree",
      "node": {
        "label": "",
        "type": "ExpressionStatement"
      },
      "location-before-char-start": 1525,
      "location-before-char-end": 1552,
      "location-after-char-start": 1522,
      "location-after-char-end": 1549,
      "node-str": ""
    },
    {
      "type": "insert-node",
      "node": {
        "label": "",
        "type": "ExpressionStatement"
      },
      "location-after-char-start": 1559,
      "location-after-char-end": 1598,
      "node-str": ""
    },
    {
      "type": "insert-node",
      "node": {
        "label": "",
        "type": "ExpressionStatement"
      },
      "location-after-char-start": 1603,
      "location-after-char-end": 1641,
      "node-str": ""
    },
    {
      "type": "move-subtree",
      "node": {
        "label": "",
        "type": "VariableDeclarationStatement"
      },
      "location-before-char-start": 1664,
      "location-before-char-end": 1708,
      "location-after-char-start": 1655,
      "location-after-char-end": 1699,
      "node-str": ""
    },
    {
      "type": "move-subtree",
      "node": {
        "label": "",
        "type": "ExpressionStatement"
      },
      "location-before-char-start": 1713,
      "location-before-char-end": 1744,
      "location-after-char-start": 1704,
      "location-after-char-end": 1735,
      "node-str": ""
    },
    {
      "type": "move-subtree",
      "node": {
        "label": "",
        "type": "ExpressionStatement"
      },
      "location-before-char-start": 1749,
      "location-before-char-end": 1779,
      "location-after-char-start": 1740,
      "location-after-char-end": 1770,
      "node-str": ""
    },
    {
      "type": "move-subtree",
      "node": {
        "label": "",
        "type": "ExpressionStatement"
      },
      "location-before-char-start": 1789,
      "location-before-char-end": 1820,
      "location-after-char-start": 1780,
      "location-after-char-end": 1811,
      "node-str": ""
    },
    {
      "type": "move-subtree",
      "node": {
        "label": "",
        "type": "ExpressionStatement"
      },
      "location-before-char-start": 1825,
      "location-before-char-end": 1855,
      "location-after-char-start": 1816,
      "location-after-char-end": 1846,
      "node-str": ""
    },
    {
      "type": "move-subtree",
      "node": {
        "label": "",
        "type": "ExpressionStatement"
      },
      "location-before-char-start": 1865,
      "location-before-char-end": 1887,
      "location-after-char-start": 1856,
      "location-after-char-end": 1878,
      "node-str": ""
    },
    {
      "type": "insert-node",
      "node": {
        "label": "",
        "type": "MethodInvocation"
      },
      "location-after-char-start": 1559,
      "location-after-char-end": 1597,
      "node-str": ""
    },
    {
      "type": "insert-node",
      "node": {
        "label": "",
        "type": "MethodInvocation"
      },
      "location-after-char-start": 1603,
      "location-after-char-end": 1640,
      "node-str": ""
    },
    {
      "type": "move-subtree",
      "node": {
        "label": "",
        "type": "METHOD_INVOCATION_RECEIVER"
      },
      "location-before-char-start": 1562,
      "location-before-char-end": 1565,
      "location-after-char-start": 1559,
      "location-after-char-end": 1562,
      "node-str": ""
    },
    {
      "type": "move-subtree",
      "node": {
        "label": "log",
        "type": "SimpleName"
      },
      "location-before-char-start": 1566,
      "location-before-char-end": 1569,
      "location-after-char-start": 1563,
      "location-after-char-end": 1566,
      "node-str": "log"
    },
    {
      "type": "insert-node",
      "node": {
        "label": "",
        "type": "METHOD_INVOCATION_ARGUMENTS"
      },
      "location-after-char-start": 1567,
      "location-after-char-end": 1596,
      "node-str": ""
    },
    {
      "type": "move-subtree",
      "node": {
        "label": "",
        "type": "METHOD_INVOCATION_RECEIVER"
      },
      "location-before-char-start": 1609,
      "location-before-char-end": 1613,
      "location-after-char-start": 1603,
      "location-after-char-end": 1607,
      "node-str": ""
    },
    {
      "type": "move-subtree",
      "node": {
        "label": "log",
        "type": "SimpleName"
      },
      "location-before-char-start": 1614,
      "location-before-char-end": 1617,
      "location-after-char-start": 1608,
      "location-after-char-end": 1611,
      "node-str": "log"
    },
    {
      "type": "insert-node",
      "node": {
        "label": "",
        "type": "METHOD_INVOCATION_ARGUMENTS"
      },
      "location-after-char-start": 1612,
      "location-after-char-end": 1639,
      "node-str": ""
    },
    {
      "type": "insert-node",
      "node": {
        "label": "Level.FATAL",
        "type": "QualifiedName"
      },
      "location-after-char-start": 1567,
      "location-after-char-end": 1578,
      "node-str": "Level.FATAL"
    },
    {
      "type": "move-subtree",
      "node": {
        "label": "",
        "type": "InfixExpression"
      },
      "location-before-char-start": 1586,
      "location-before-char-end": 1602,
      "location-after-char-start": 1580,
      "location-after-char-end": 1596,
      "node-str": ""
    },
    {
      "type": "insert-node",
      "node": {
        "label": "Level.FATAL",
        "type": "QualifiedName"
      },
      "location-after-char-start": 1612,
      "location-after-char-end": 1623,
      "node-str": "Level.FATAL"
    },
    {
      "type": "move-subtree",
      "node": {
        "label": "",
        "type": "InfixExpression"
      },
      "location-before-char-start": 1634,
      "location-before-char-end": 1648,
      "location-after-char-start": 1625,
      "location-after-char-end": 1639,
      "node-str": ""
    },
    {
      "type": "delete-node",
      "node": {
        "label": "org.apache.log4j.Priority",
        "type": "QualifiedName"
      },
      "location-before-char-start": 415,
      "location-before-char-end": 440,
      "node-str": "org.apache.log4j.Priority"
    },
    {
      "type": "delete-node",
      "node": {
        "label": "",
        "type": "ImportDeclaration"
      },
      "location-before-char-start": 408,
      "location-before-char-end": 441,
      "node-str": ""
    },
    {
      "type": "delete-node",
      "node": {
        "label": "Priority.FATAL",
        "type": "QualifiedName"
      },
      "location-before-char-start": 1570,
      "location-before-char-end": 1584,
      "node-str": "Priority.FATAL"
    },
    {
      "type": "delete-node",
      "node": {
        "label": "",
        "type": "METHOD_INVOCATION_ARGUMENTS"
      },
      "location-before-char-start": 1570,
      "location-before-char-end": 1602,
      "node-str": ""
    },
    {
      "type": "delete-node",
      "node": {
        "label": "",
        "type": "MethodInvocation"
      },
      "location-before-char-start": 1562,
      "location-before-char-end": 1603,
      "node-str": ""
    },
    {
      "type": "delete-node",
      "node": {
        "label": "",
        "type": "ExpressionStatement"
      },
      "location-before-char-start": 1562,
      "location-before-char-end": 1604,
      "node-str": ""
    },
    {
      "type": "delete-node",
      "node": {
        "label": "Priority.FATAL",
        "type": "QualifiedName"
      },
      "location-before-char-start": 1618,
      "location-before-char-end": 1632,
      "node-str": "Priority.FATAL"
    },
    {
      "type": "delete-node",
      "node": {
        "label": "",
        "type": "METHOD_INVOCATION_ARGUMENTS"
      },
      "location-before-char-start": 1618,
      "location-before-char-end": 1648,
      "node-str": ""
    },
    {
      "type": "delete-node",
      "node": {
        "label": "",
        "type": "MethodInvocation"
      },
      "location-before-char-start": 1609,
      "location-before-char-end": 1649,
      "node-str": ""
    },
    {
      "type": "delete-node",
      "node": {
        "label": "",
        "type": "ExpressionStatement"
      },
      "location-before-char-start": 1609,
      "location-before-char-end": 1650,
      "node-str": ""
    },
    {
      "type": "delete-node",
      "node": {
        "label": "",
        "type": "Block"
      },
      "location-before-char-start": 1203,
      "location-before-char-end": 1891,
      "node-str": ""
    },
    {
      "type": "delete-node",
      "node": {
        "label": "",
        "type": "MethodDeclaration"
      },
      "location-before-char-start": 1182,
      "location-before-char-end": 1891,
      "node-str": ""
    },
    {
      "type": "delete-node",
      "node": {
        "label": "",
        "type": "TypeDeclaration"
      },
      "location-before-char-start": 615,
      "location-before-char-end": 1893,
      "node-str": ""
    }
  ],
  "before-file": {},
  "after-file": {},
  "mapping": {}
}