{
  "tool-info": {},
  "diff": [
    {
      "type": "insert-node",
      "node": {
        "label": "AbstractMenuGenerator",
        "type": "Class"
      },
      "location-after-char-start": 1362,
      "location-after-char-end": 9961,
      "node-str": "AbstractMenuGenerator"
    },
    {
      "type": "insert-node",
      "node": {
        "label": "abstract",
        "type": "Modifier"
      },
      "location-after-char-start": 0,
      "location-after-char-end": 0,
      "node-str": "abstract"
    },
    {
      "type": "insert-node",
      "node": {
        "label": "public",
        "type": "Modifier"
      },
      "location-after-char-start": 0,
      "location-after-char-end": 0,
      "node-str": "public"
    },
    {
      "type": "insert-node",
      "node": {
        "label": "LOG",
        "type": "Field"
      },
      "location-after-char-start": 1436,
      "location-after-char-end": 1515,
      "node-str": "LOG"
    },
    {
      "type": "insert-node",
      "node": {
        "label": "menuRoot",
        "type": "Field"
      },
      "location-after-char-start": 1522,
      "location-after-char-end": 1551,
      "node-str": "menuRoot"
    },
    {
      "type": "insert-node",
      "node": {
        "label": "xmlFile",
        "type": "Field"
      },
      "location-after-char-start": 1557,
      "location-after-char-end": 1580,
      "node-str": "xmlFile"
    },
    {
      "type": "insert-node",
      "node": {
        "label": "frameController",
        "type": "Field"
      },
      "location-after-char-start": 1586,
      "location-after-char-end": 1625,
      "node-str": "frameController"
    },
    {
      "type": "move-subtree",
      "node": {
        "label": "\u003cinit\u003e",
        "type": "Constructor"
      },
      "location-before-char-start": 1715,
      "location-before-char-end": 1956,
      "location-after-char-start": 1632,
      "location-after-char-end": 1865,
      "node-str": "\u003cinit\u003e"
    },
    {
      "type": "move-subtree",
      "node": {
        "label": "getString",
        "type": "Method"
      },
      "location-before-char-start": 1965,
      "location-before-char-end": 2103,
      "location-after-char-start": 1872,
      "location-after-char-end": 2008,
      "node-str": "getString"
    },
    {
      "type": "insert-node",
      "node": {
        "label": "getMenuRoot",
        "type": "Method"
      },
      "location-after-char-start": 2015,
      "location-after-char-end": 2154,
      "node-str": "getMenuRoot"
    },
    {
      "type": "insert-node",
      "node": {
        "label": "getRootElementName",
        "type": "Method"
      },
      "location-after-char-start": 2161,
      "location-after-char-end": 2246,
      "node-str": "getRootElementName"
    },
    {
      "type": "move-subtree",
      "node": {
        "label": "extendMenuFromFile",
        "type": "Method"
      },
      "location-before-char-start": 2358,
      "location-before-char-end": 2830,
      "location-after-char-start": 2253,
      "location-after-char-end": 2713,
      "node-str": "extendMenuFromFile"
    },
    {
      "type": "move-subtree",
      "node": {
        "label": "extendMenu",
        "type": "Method"
      },
      "location-before-char-start": 2839,
      "location-before-char-end": 3971,
      "location-after-char-start": 2720,
      "location-after-char-end": 3823,
      "node-str": "extendMenu"
    },
    {
      "type": "move-subtree",
      "node": {
        "label": "createExtension",
        "type": "Method"
      },
      "location-before-char-start": 3980,
      "location-before-char-end": 5351,
      "location-after-char-start": 3830,
      "location-after-char-end": 5162,
      "node-str": "createExtension"
    },
    {
      "type": "move-subtree",
      "node": {
        "label": "createMenu",
        "type": "Method"
      },
      "location-before-char-start": 5360,
      "location-before-char-end": 5787,
      "location-after-char-start": 5169,
      "location-after-char-end": 5585,
      "node-str": "createMenu"
    },
    {
      "type": "insert-node",
      "node": {
        "label": "createMenuEntries",
        "type": "Method"
      },
      "location-after-char-start": 5592,
      "location-after-char-end": 9615,
      "node-str": "createMenuEntries"
    },
    {
      "type": "move-subtree",
      "node": {
        "label": "createSubMenu",
        "type": "Method"
      },
      "location-before-char-start": 10010,
      "location-before-char-end": 10357,
      "location-after-char-start": 9622,
      "location-after-char-end": 9959,
      "node-str": "createSubMenu"
    },
    {
      "type": "insert-node",
      "node": {
        "label": "java.util.logging.Logger",
        "type": "VARIABLE_TYPE"
      },
      "location-after-char-start": 0,
      "location-after-char-end": 0,
      "node-str": "java.util.logging.Logger"
    },
    {
      "type": "insert-node",
      "node": {
        "label": "final",
        "type": "Modifier"
      },
      "location-after-char-start": 0,
      "location-after-char-end": 0,
      "node-str": "final"
    },
    {
      "type": "insert-node",
      "node": {
        "label": "static",
        "type": "Modifier"
      },
      "location-after-char-start": 0,
      "location-after-char-end": 0,
      "node-str": "static"
    },
    {
      "type": "insert-node",
      "node": {
        "label": "getLogger",
        "type": "Invocation"
      },
      "location-after-char-start": 1470,
      "location-after-char-end": 1514,
      "node-str": "getLogger"
    },
    {
      "type": "insert-node",
      "node": {
        "label": "org.columba.core.xml.XmlElement",
        "type": "VARIABLE_TYPE"
      },
      "location-after-char-start": 0,
      "location-after-char-end": 0,
      "node-str": "org.columba.core.xml.XmlElement"
    },
    {
      "type": "insert-node",
      "node": {
        "label": "protected",
        "type": "Modifier"
      },
      "location-after-char-start": 0,
      "location-after-char-end": 0,
      "node-str": "protected"
    },
    {
      "type": "insert-node",
      "node": {
        "label": "org.columba.core.xml.XmlIO",
        "type": "VARIABLE_TYPE"
      },
      "location-after-char-start": 0,
      "location-after-char-end": 0,
      "node-str": "org.columba.core.xml.XmlIO"
    },
    {
      "type": "insert-node",
      "node": {
        "label": "protected",
        "type": "Modifier"
      },
      "location-after-char-start": 0,
      "location-after-char-end": 0,
      "node-str": "protected"
    },
    {
      "type": "insert-node",
      "node": {
        "label": "org.columba.core.gui.frame.FrameMediator",
        "type": "VARIABLE_TYPE"
      },
      "location-after-char-start": 0,
      "location-after-char-end": 0,
      "node-str": "org.columba.core.gui.frame.FrameMediator"
    },
    {
      "type": "insert-node",
      "node": {
        "label": "protected",
        "type": "Modifier"
      },
      "location-after-char-start": 0,
      "location-after-char-end": 0,
      "node-str": "protected"
    },
    {
      "type": "insert-node",
      "node": {
        "label": "org.columba.core.xml.XmlElement",
        "type": "RETURN_TYPE"
      },
      "location-after-char-start": 0,
      "location-after-char-end": 0,
      "node-str": "org.columba.core.xml.XmlElement"
    },
    {
      "type": "insert-node",
      "node": {
        "label": "abstract",
        "type": "Modifier"
      },
      "location-after-char-start": 0,
      "location-after-char-end": 0,
      "node-str": "abstract"
    },
    {
      "type": "insert-node",
      "node": {
        "label": "public",
        "type": "Modifier"
      },
      "location-after-char-start": 0,
      "location-after-char-end": 0,
      "node-str": "public"
    },
    {
      "type": "insert-node",
      "node": {
        "label": "java.lang.String",
        "type": "RETURN_TYPE"
      },
      "location-after-char-start": 0,
      "location-after-char-end": 0,
      "node-str": "java.lang.String"
    },
    {
      "type": "insert-node",
      "node": {
        "label": "abstract",
        "type": "Modifier"
      },
      "location-after-char-start": 0,
      "location-after-char-end": 0,
      "node-str": "abstract"
    },
    {
      "type": "insert-node",
      "node": {
        "label": "public",
        "type": "Modifier"
      },
      "location-after-char-start": 0,
      "location-after-char-end": 0,
      "node-str": "public"
    },
    {
      "type": "insert-node",
      "node": {
        "label": "void",
        "type": "RETURN_TYPE"
      },
      "location-after-char-start": 0,
      "location-after-char-end": 0,
      "node-str": "void"
    },
    {
      "type": "insert-node",
      "node": {
        "label": "protected",
        "type": "Modifier"
      },
      "location-after-char-start": 0,
      "location-after-char-end": 0,
      "node-str": "protected"
    },
    {
      "type": "insert-node",
      "node": {
        "label": "menu",
        "type": "Parameter"
      },
      "location-after-char-start": 5625,
      "location-after-char-end": 5634,
      "node-str": "menu"
    },
    {
      "type": "insert-node",
      "node": {
        "label": "it",
        "type": "Parameter"
      },
      "location-after-char-start": 5637,
      "location-after-char-end": 5651,
      "node-str": "it"
    },
    {
      "type": "insert-node",
      "node": {
        "label": "lastWasSeparator",
        "type": "LocalVariable"
      },
      "location-after-char-start": 5664,
      "location-after-char-end": 5696,
      "node-str": "lastWasSeparator"
    },
    {
      "type": "insert-node",
      "node": {
        "label": "while",
        "type": "While"
      },
      "location-after-char-start": 5707,
      "location-after-char-end": 9507,
      "node-str": "while"
    },
    {
      "type": "move-subtree",
      "node": {
        "label": "if",
        "type": "If"
      },
      "location-before-char-start": 9901,
      "location-before-char-end": 9994,
      "location-after-char-start": 9518,
      "location-after-char-end": 9609,
      "node-str": "if"
    },
    {
      "type": "insert-node",
      "node": {
        "label": "java.util.logging.Logger",
        "type": "TypeAccess"
      },
      "location-after-char-start": 1470,
      "location-after-char-end": 1475,
      "node-str": "java.util.logging.Logger"
    },
    {
      "type": "insert-node",
      "node": {
        "label": "\"org.columba.core.gui.menu\"",
        "type": "Literal"
      },
      "location-after-char-start": 1487,
      "location-after-char-end": 1513,
      "node-str": "\"org.columba.core.gui.menu\""
    },
    {
      "type": "insert-node",
      "node": {
        "label": "javax.swing.JMenu",
        "type": "VARIABLE_TYPE"
      },
      "location-after-char-start": 0,
      "location-after-char-end": 0,
      "node-str": "javax.swing.JMenu"
    },
    {
      "type": "insert-node",
      "node": {
        "label": "java.util.ListIterator",
        "type": "VARIABLE_TYPE"
      },
      "location-after-char-start": 0,
      "location-after-char-end": 0,
      "node-str": "java.util.ListIterator"
    },
    {
      "type": "insert-node",
      "node": {
        "label": "boolean",
        "type": "VARIABLE_TYPE"
      },
      "location-after-char-start": 0,
      "location-after-char-end": 0,
      "node-str": "boolean"
    },
    {
      "type": "insert-node",
      "node": {
        "label": "false",
        "type": "Literal"
      },
      "location-after-char-start": 5691,
      "location-after-char-end": 5695,
      "node-str": "false"
    },
    {
      "type": "insert-node",
      "node": {
        "label": "hasNext",
        "type": "Invocation"
      },
      "location-after-char-start": 5714,
      "location-after-char-end": 5725,
      "node-str": "hasNext"
    },
    {
      "type": "move-subtree",
      "node": {
        "label": "next",
        "type": "LocalVariable"
      },
      "location-before-char-start": 5950,
      "location-before-char-end": 5990,
      "location-after-char-start": 5742,
      "location-after-char-end": 5782,
      "node-str": "next"
    },
    {
      "type": "move-subtree",
      "node": {
        "label": "name",
        "type": "LocalVariable"
      },
      "location-before-char-start": 6005,
      "location-before-char-end": 6033,
      "location-after-char-start": 5796,
      "location-after-char-end": 5824,
      "node-str": "name"
    },
    {
      "type": "insert-node",
      "node": {
        "label": "if",
        "type": "If"
      },
      "location-after-char-start": 5839,
      "location-after-char-end": 9497,
      "node-str": "if"
    },
    {
      "type": "insert-node",
      "node": {
        "label": "it",
        "type": "VariableRead"
      },
      "location-after-char-start": 5714,
      "location-after-char-end": 5715,
      "node-str": "it"
    },
    {
      "type": "insert-node",
      "node": {
        "label": "equals",
        "type": "Invocation"
      },
      "location-after-char-start": 5843,
      "location-after-char-end": 5865,
      "node-str": "equals"
    },
    {
      "type": "insert-node",
      "node": {
        "label": "THEN",
        "type": "then"
      },
      "location-after-char-start": 5868,
      "location-after-char-end": 9169,
      "node-str": "THEN"
    },
    {
      "type": "move-subtree",
      "node": {
        "label": "ELSE",
        "type": "else"
      },
      "location-before-char-start": 9547,
      "location-before-char-end": 9877,
      "location-after-char-start": 9176,
      "location-after-char-end": 9497,
      "node-str": "ELSE"
    },
    {
      "type": "insert-node",
      "node": {
        "label": "name",
        "type": "VariableRead"
      },
      "location-after-char-start": 5843,
      "location-after-char-end": 5846,
      "node-str": "name"
    },
    {
      "type": "insert-node",
      "node": {
        "label": "\"menuitem\"",
        "type": "Literal"
      },
      "location-after-char-start": 5855,
      "location-after-char-end": 5864,
      "node-str": "\"menuitem\""
    },
    {
      "type": "insert-node",
      "node": {
        "label": "if",
        "type": "If"
      },
      "location-after-char-start": 5886,
      "location-after-char-end": 9155,
      "node-str": "if"
    },
    {
      "type": "move-subtree",
      "node": {
        "label": "NE",
        "type": "BinaryOperator"
      },
      "location-before-char-start": 6102,
      "location-before-char-end": 6136,
      "location-after-char-start": 5890,
      "location-after-char-end": 5924,
      "node-str": "NE"
    },
    {
      "type": "insert-node",
      "node": {
        "label": "THEN",
        "type": "then"
      },
      "location-after-char-start": 5927,
      "location-after-char-end": 7439,
      "node-str": "THEN"
    },
    {
      "type": "insert-node",
      "node": {
        "label": "ELSE",
        "type": "else"
      },
      "location-after-char-start": 7446,
      "location-after-char-end": 9155,
      "node-str": "ELSE"
    },
    {
      "type": "insert-node",
      "node": {
        "label": "",
        "type": "Try"
      },
      "location-after-char-start": 5949,
      "location-after-char-end": 7421,
      "node-str": ""
    },
    {
      "type": "insert-node",
      "node": {
        "label": "if",
        "type": "If"
      },
      "location-after-char-start": 7446,
      "location-after-char-end": 9155,
      "node-str": "if"
    },
    {
      "type": "move-subtree",
      "node": {
        "label": "action",
        "type": "LocalVariable"
      },
      "location-before-char-start": 6193,
      "location-before-char-end": 6441,
      "location-after-char-start": 5979,
      "location-after-char-end": 6225,
      "node-str": "action"
    },
    {
      "type": "move-subtree",
      "node": {
        "label": "if",
        "type": "If"
      },
      "location-before-char-start": 6470,
      "location-before-char-end": 7041,
      "location-after-char-start": 6252,
      "location-after-char-end": 6813,
      "node-str": "if"
    },
    {
      "type": "insert-node",
      "node": {
        "label": "",
        "type": "Catch"
      },
      "location-after-char-start": 6836,
      "location-after-char-end": 7421,
      "node-str": ""
    },
    {
      "type": "move-subtree",
      "node": {
        "label": "NE",
        "type": "BinaryOperator"
      },
      "location-before-char-start": 7729,
      "location-before-char-end": 7771,
      "location-after-char-start": 7450,
      "location-after-char-end": 7492,
      "node-str": "NE"
    },
    {
      "type": "insert-node",
      "node": {
        "label": "THEN",
        "type": "then"
      },
      "location-after-char-start": 7495,
      "location-after-char-end": 8480,
      "node-str": "THEN"
    },
    {
      "type": "insert-node",
      "node": {
        "label": "ELSE",
        "type": "else"
      },
      "location-after-char-start": 8487,
      "location-after-char-end": 9155,
      "node-str": "ELSE"
    },
    {
      "type": "insert-node",
      "node": {
        "label": "e",
        "type": "CatchVariable"
      },
      "location-after-char-start": 6844,
      "location-after-char-end": 6854,
      "node-str": "e"
    },
    {
      "type": "insert-node",
      "node": {
        "label": "dialog",
        "type": "LocalVariable"
      },
      "location-after-char-start": 6883,
      "location-after-char-end": 6923,
      "node-str": "dialog"
    },
    {
      "type": "move-subtree",
      "node": {
        "label": "showDialog",
        "type": "Invocation"
      },
      "location-before-char-start": 7180,
      "location-before-char-end": 7404,
      "location-after-char-start": 6949,
      "location-after-char-end": 7179,
      "node-str": "showDialog"
    },
    {
      "type": "insert-node",
      "node": {
        "label": "if",
        "type": "If"
      },
      "location-after-char-start": 7206,
      "location-after-char-end": 7399,
      "node-str": "if"
    },
    {
      "type": "insert-node",
      "node": {
        "label": "",
        "type": "Try"
      },
      "location-after-char-start": 7517,
      "location-after-char-end": 8462,
      "node-str": ""
    },
    {
      "type": "insert-node",
      "node": {
        "label": "if",
        "type": "If"
      },
      "location-after-char-start": 8487,
      "location-after-char-end": 9155,
      "node-str": "if"
    },
    {
      "type": "insert-node",
      "node": {
        "label": "java.lang.Exception",
        "type": "VARIABLE_TYPE"
      },
      "location-after-char-start": 0,
      "location-after-char-end": 0,
      "node-str": "java.lang.Exception"
    },
    {
      "type": "insert-node",
      "node": {
        "label": "org.columba.core.gui.util.NotifyDialog",
        "type": "VARIABLE_TYPE"
      },
      "location-after-char-start": 0,
      "location-after-char-end": 0,
      "node-str": "org.columba.core.gui.util.NotifyDialog"
    },
    {
      "type": "insert-node",
      "node": {
        "label": "org.columba.core.gui.util.NotifyDialog()",
        "type": "ConstructorCall"
      },
      "location-after-char-start": 6905,
      "location-after-char-end": 6922,
      "node-str": "org.columba.core.gui.util.NotifyDialog()"
    },
    {
      "type": "insert-node",
      "node": {
        "label": "DEBUG",
        "type": "FieldRead"
      },
      "location-after-char-start": 7210,
      "location-after-char-end": 7228,
      "node-str": "DEBUG"
    },
    {
      "type": "insert-node",
      "node": {
        "label": "THEN",
        "type": "then"
      },
      "location-after-char-start": 7231,
      "location-after-char-end": 7399,
      "node-str": "THEN"
    },
    {
      "type": "move-subtree",
      "node": {
        "label": "action",
        "type": "LocalVariable"
      },
      "location-before-char-start": 7828,
      "location-before-char-end": 8114,
      "location-after-char-start": 7547,
      "location-after-char-end": 7831,
      "node-str": "action"
    },
    {
      "type": "move-subtree",
      "node": {
        "label": "if",
        "type": "If"
      },
      "location-before-char-start": 8143,
      "location-before-char-end": 8546,
      "location-after-char-start": 7858,
      "location-after-char-end": 8253,
      "node-str": "if"
    },
    {
      "type": "insert-node",
      "node": {
        "label": "",
        "type": "Catch"
      },
      "location-after-char-start": 8276,
      "location-after-char-end": 8462,
      "node-str": ""
    },
    {
      "type": "move-subtree",
      "node": {
        "label": "NE",
        "type": "BinaryOperator"
      },
      "location-before-char-start": 8832,
      "location-before-char-end": 8865,
      "location-after-char-start": 8491,
      "location-after-char-end": 8524,
      "node-str": "NE"
    },
    {
      "type": "insert-node",
      "node": {
        "label": "THEN",
        "type": "then"
      },
      "location-after-char-start": 8527,
      "location-after-char-end": 9155,
      "node-str": "THEN"
    },
    {
      "type": "insert-node",
      "node": {
        "label": "org.columba.core.main.MainInterface",
        "type": "TypeAccess"
      },
      "location-after-char-start": 0,
      "location-after-char-end": 0,
      "node-str": "org.columba.core.main.MainInterface"
    },
    {
      "type": "insert-node",
      "node": {
        "label": "severe",
        "type": "Invocation"
      },
      "location-after-char-start": 7261,
      "location-after-char-end": 7324,
      "node-str": "severe"
    },
    {
      "type": "insert-node",
      "node": {
        "label": "printStackTrace",
        "type": "Invocation"
      },
      "location-after-char-start": 7354,
      "location-after-char-end": 7373,
      "node-str": "printStackTrace"
    },
    {
      "type": "insert-node",
      "node": {
        "label": "e",
        "type": "CatchVariable"
      },
      "location-after-char-start": 8284,
      "location-after-char-end": 8294,
      "node-str": "e"
    },
    {
      "type": "insert-node",
      "node": {
        "label": "severe",
        "type": "Invocation"
      },
      "location-after-char-start": 8323,
      "location-after-char-end": 8395,
      "node-str": "severe"
    },
    {
      "type": "insert-node",
      "node": {
        "label": "printStackTrace",
        "type": "Invocation"
      },
      "location-after-char-start": 8421,
      "location-after-char-end": 8440,
      "node-str": "printStackTrace"
    },
    {
      "type": "insert-node",
      "node": {
        "label": "",
        "type": "Try"
      },
      "location-after-char-start": 8549,
      "location-after-char-end": 9137,
      "node-str": ""
    },
    {
      "type": "insert-node",
      "node": {
        "label": "LOG",
        "type": "FieldRead"
      },
      "location-after-char-start": 7261,
      "location-after-char-end": 7263,
      "node-str": "LOG"
    },
    {
      "type": "move-subtree",
      "node": {
        "label": "PLUS",
        "type": "BinaryOperator"
      },
      "location-before-char-start": 7514,
      "location-before-char-end": 7597,
      "location-after-char-start": 7272,
      "location-after-char-end": 7322,
      "node-str": "PLUS"
    },
    {
      "type": "insert-node",
      "node": {
        "label": "e",
        "type": "VariableRead"
      },
      "location-after-char-start": 7354,
      "location-after-char-end": 7354,
      "node-str": "e"
    },
    {
      "type": "insert-node",
      "node": {
        "label": "java.lang.Exception",
        "type": "VARIABLE_TYPE"
      },
      "location-after-char-start": 0,
      "location-after-char-end": 0,
      "node-str": "java.lang.Exception"
    },
    {
      "type": "insert-node",
      "node": {
        "label": "LOG",
        "type": "FieldRead"
      },
      "location-after-char-start": 8323,
      "location-after-char-end": 8325,
      "node-str": "LOG"
    },
    {
      "type": "move-subtree",
      "node": {
        "label": "PLUS",
        "type": "BinaryOperator"
      },
      "location-before-char-start": 8643,
      "location-before-char-end": 8731,
      "location-after-char-start": 8334,
      "location-after-char-end": 8393,
      "node-str": "PLUS"
    },
    {
      "type": "insert-node",
      "node": {
        "label": "e",
        "type": "VariableRead"
      },
      "location-after-char-start": 8421,
      "location-after-char-end": 8421,
      "node-str": "e"
    },
    {
      "type": "move-subtree",
      "node": {
        "label": "imenu",
        "type": "LocalVariable"
      },
      "location-before-char-start": 8922,
      "location-before-char-end": 9151,
      "location-after-char-start": 8579,
      "location-after-char-end": 8806,
      "node-str": "imenu"
    },
    {
      "type": "move-subtree",
      "node": {
        "label": "if",
        "type": "If"
      },
      "location-before-char-start": 9180,
      "location-before-char-end": 9272,
      "location-after-char-start": 8833,
      "location-after-char-end": 8923,
      "node-str": "if"
    },
    {
      "type": "insert-node",
      "node": {
        "label": "\u003d",
        "type": "Assignment"
      },
      "location-after-char-start": 8950,
      "location-after-char-end": 8974,
      "node-str": "\u003d"
    },
    {
      "type": "insert-node",
      "node": {
        "label": "",
        "type": "Catch"
      },
      "location-after-char-start": 8997,
      "location-after-char-end": 9137,
      "node-str": ""
    },
    {
      "type": "insert-node",
      "node": {
        "label": "lastWasSeparator",
        "type": "VariableWrite"
      },
      "location-after-char-start": 8950,
      "location-after-char-end": 8965,
      "node-str": "lastWasSeparator"
    },
    {
      "type": "insert-node",
      "node": {
        "label": "false",
        "type": "Literal"
      },
      "location-after-char-start": 8969,
      "location-after-char-end": 8973,
      "node-str": "false"
    },
    {
      "type": "insert-node",
      "node": {
        "label": "e",
        "type": "CatchVariable"
      },
      "location-after-char-start": 9005,
      "location-after-char-end": 9015,
      "node-str": "e"
    },
    {
      "type": "insert-node",
      "node": {
        "label": "printStackTrace",
        "type": "Invocation"
      },
      "location-after-char-start": 9044,
      "location-after-char-end": 9063,
      "node-str": "printStackTrace"
    },
    {
      "type": "insert-node",
      "node": {
        "label": "severe",
        "type": "Invocation"
      },
      "location-after-char-start": 9089,
      "location-after-char-end": 9115,
      "node-str": "severe"
    },
    {
      "type": "insert-node",
      "node": {
        "label": "java.lang.Exception",
        "type": "VARIABLE_TYPE"
      },
      "location-after-char-start": 0,
      "location-after-char-end": 0,
      "node-str": "java.lang.Exception"
    },
    {
      "type": "insert-node",
      "node": {
        "label": "e",
        "type": "VariableRead"
      },
      "location-after-char-start": 9044,
      "location-after-char-end": 9044,
      "node-str": "e"
    },
    {
      "type": "insert-node",
      "node": {
        "label": "LOG",
        "type": "FieldRead"
      },
      "location-after-char-start": 9089,
      "location-after-char-end": 9091,
      "node-str": "LOG"
    },
    {
      "type": "insert-node",
      "node": {
        "label": "getMessage",
        "type": "Invocation"
      },
      "location-after-char-start": 9100,
      "location-after-char-end": 9113,
      "node-str": "getMessage"
    },
    {
      "type": "insert-node",
      "node": {
        "label": "e",
        "type": "VariableRead"
      },
      "location-after-char-start": 9100,
      "location-after-char-end": 9100,
      "node-str": "e"
    },
    {
      "type": "delete-node",
      "node": {
        "label": "abstract",
        "type": "Modifier"
      },
      "location-before-char-start": 0,
      "location-before-char-end": 0,
      "node-str": "abstract"
    },
    {
      "type": "delete-node",
      "node": {
        "label": "public",
        "type": "Modifier"
      },
      "location-before-char-start": 0,
      "location-before-char-end": 0,
      "node-str": "public"
    },
    {
      "type": "delete-node",
      "node": {
        "label": "org.columba.core.xml.XmlElement",
        "type": "VARIABLE_TYPE"
      },
      "location-before-char-start": 0,
      "location-before-char-end": 0,
      "node-str": "org.columba.core.xml.XmlElement"
    },
    {
      "type": "delete-node",
      "node": {
        "label": "protected",
        "type": "Modifier"
      },
      "location-before-char-start": 0,
      "location-before-char-end": 0,
      "node-str": "protected"
    },
    {
      "type": "delete-node",
      "node": {
        "label": "menuRoot",
        "type": "Field"
      },
      "location-before-char-start": 1601,
      "location-before-char-end": 1630,
      "node-str": "menuRoot"
    },
    {
      "type": "delete-node",
      "node": {
        "label": "org.columba.core.xml.XmlIO",
        "type": "VARIABLE_TYPE"
      },
      "location-before-char-start": 0,
      "location-before-char-end": 0,
      "node-str": "org.columba.core.xml.XmlIO"
    },
    {
      "type": "delete-node",
      "node": {
        "label": "protected",
        "type": "Modifier"
      },
      "location-before-char-start": 0,
      "location-before-char-end": 0,
      "node-str": "protected"
    },
    {
      "type": "delete-node",
      "node": {
        "label": "xmlFile",
        "type": "Field"
      },
      "location-before-char-start": 1637,
      "location-before-char-end": 1660,
      "node-str": "xmlFile"
    },
    {
      "type": "delete-node",
      "node": {
        "label": "org.columba.core.gui.frame.FrameMediator",
        "type": "VARIABLE_TYPE"
      },
      "location-before-char-start": 0,
      "location-before-char-end": 0,
      "node-str": "org.columba.core.gui.frame.FrameMediator"
    },
    {
      "type": "delete-node",
      "node": {
        "label": "protected",
        "type": "Modifier"
      },
      "location-before-char-start": 0,
      "location-before-char-end": 0,
      "node-str": "protected"
    },
    {
      "type": "delete-node",
      "node": {
        "label": "frameController",
        "type": "Field"
      },
      "location-before-char-start": 1667,
      "location-before-char-end": 1706,
      "node-str": "frameController"
    },
    {
      "type": "delete-node",
      "node": {
        "label": "org.columba.core.xml.XmlElement",
        "type": "RETURN_TYPE"
      },
      "location-before-char-start": 0,
      "location-before-char-end": 0,
      "node-str": "org.columba.core.xml.XmlElement"
    },
    {
      "type": "delete-node",
      "node": {
        "label": "abstract",
        "type": "Modifier"
      },
      "location-before-char-start": 0,
      "location-before-char-end": 0,
      "node-str": "abstract"
    },
    {
      "type": "delete-node",
      "node": {
        "label": "public",
        "type": "Modifier"
      },
      "location-before-char-start": 0,
      "location-before-char-end": 0,
      "node-str": "public"
    },
    {
      "type": "delete-node",
      "node": {
        "label": "getMenuRoot",
        "type": "Method"
      },
      "location-before-char-start": 2112,
      "location-before-char-end": 2254,
      "node-str": "getMenuRoot"
    },
    {
      "type": "delete-node",
      "node": {
        "label": "java.lang.String",
        "type": "RETURN_TYPE"
      },
      "location-before-char-start": 0,
      "location-before-char-end": 0,
      "node-str": "java.lang.String"
    },
    {
      "type": "delete-node",
      "node": {
        "label": "abstract",
        "type": "Modifier"
      },
      "location-before-char-start": 0,
      "location-before-char-end": 0,
      "node-str": "abstract"
    },
    {
      "type": "delete-node",
      "node": {
        "label": "public",
        "type": "Modifier"
      },
      "location-before-char-start": 0,
      "location-before-char-end": 0,
      "node-str": "public"
    },
    {
      "type": "delete-node",
      "node": {
        "label": "getRootElementName",
        "type": "Method"
      },
      "location-before-char-start": 2263,
      "location-before-char-end": 2349,
      "node-str": "getRootElementName"
    },
    {
      "type": "delete-node",
      "node": {
        "label": "void",
        "type": "RETURN_TYPE"
      },
      "location-before-char-start": 0,
      "location-before-char-end": 0,
      "node-str": "void"
    },
    {
      "type": "delete-node",
      "node": {
        "label": "protected",
        "type": "Modifier"
      },
      "location-before-char-start": 0,
      "location-before-char-end": 0,
      "node-str": "protected"
    },
    {
      "type": "delete-node",
      "node": {
        "label": "javax.swing.JMenu",
        "type": "VARIABLE_TYPE"
      },
      "location-before-char-start": 0,
      "location-before-char-end": 0,
      "node-str": "javax.swing.JMenu"
    },
    {
      "type": "delete-node",
      "node": {
        "label": "menu",
        "type": "Parameter"
      },
      "location-before-char-start": 5829,
      "location-before-char-end": 5838,
      "node-str": "menu"
    },
    {
      "type": "delete-node",
      "node": {
        "label": "java.util.ListIterator",
        "type": "VARIABLE_TYPE"
      },
      "location-before-char-start": 0,
      "location-before-char-end": 0,
      "node-str": "java.util.ListIterator"
    },
    {
      "type": "delete-node",
      "node": {
        "label": "it",
        "type": "Parameter"
      },
      "location-before-char-start": 5841,
      "location-before-char-end": 5855,
      "node-str": "it"
    },
    {
      "type": "delete-node",
      "node": {
        "label": "boolean",
        "type": "VARIABLE_TYPE"
      },
      "location-before-char-start": 0,
      "location-before-char-end": 0,
      "node-str": "boolean"
    },
    {
      "type": "delete-node",
      "node": {
        "label": "false",
        "type": "Literal"
      },
      "location-before-char-start": 5896,
      "location-before-char-end": 5900,
      "node-str": "false"
    },
    {
      "type": "delete-node",
      "node": {
        "label": "lastWasSeparator",
        "type": "LocalVariable"
      },
      "location-before-char-start": 5869,
      "location-before-char-end": 5901,
      "node-str": "lastWasSeparator"
    },
    {
      "type": "delete-node",
      "node": {
        "label": "it",
        "type": "VariableRead"
      },
      "location-before-char-start": 5921,
      "location-before-char-end": 5922,
      "node-str": "it"
    },
    {
      "type": "delete-node",
      "node": {
        "label": "hasNext",
        "type": "Invocation"
      },
      "location-before-char-start": 5921,
      "location-before-char-end": 5932,
      "node-str": "hasNext"
    },
    {
      "type": "delete-node",
      "node": {
        "label": "name",
        "type": "VariableRead"
      },
      "location-before-char-start": 6054,
      "location-before-char-end": 6057,
      "node-str": "name"
    },
    {
      "type": "delete-node",
      "node": {
        "label": "\"menuitem\"",
        "type": "Literal"
      },
      "location-before-char-start": 6066,
      "location-before-char-end": 6075,
      "node-str": "\"menuitem\""
    },
    {
      "type": "delete-node",
      "node": {
        "label": "equals",
        "type": "Invocation"
      },
      "location-before-char-start": 6054,
      "location-before-char-end": 6076,
      "node-str": "equals"
    },
    {
      "type": "delete-node",
      "node": {
        "label": "java.lang.Exception",
        "type": "VARIABLE_TYPE"
      },
      "location-before-char-start": 0,
      "location-before-char-end": 0,
      "node-str": "java.lang.Exception"
    },
    {
      "type": "delete-node",
      "node": {
        "label": "e",
        "type": "CatchVariable"
      },
      "location-before-char-start": 7073,
      "location-before-char-end": 7083,
      "node-str": "e"
    },
    {
      "type": "delete-node",
      "node": {
        "label": "org.columba.core.gui.util.NotifyDialog",
        "type": "VARIABLE_TYPE"
      },
      "location-before-char-start": 0,
      "location-before-char-end": 0,
      "node-str": "org.columba.core.gui.util.NotifyDialog"
    },
    {
      "type": "delete-node",
      "node": {
        "label": "org.columba.core.gui.util.NotifyDialog()",
        "type": "ConstructorCall"
      },
      "location-before-char-start": 7135,
      "location-before-char-end": 7152,
      "node-str": "org.columba.core.gui.util.NotifyDialog()"
    },
    {
      "type": "delete-node",
      "node": {
        "label": "dialog",
        "type": "LocalVariable"
      },
      "location-before-char-start": 7113,
      "location-before-char-end": 7153,
      "node-str": "dialog"
    },
    {
      "type": "delete-node",
      "node": {
        "label": "org.columba.core.main.MainInterface",
        "type": "TypeAccess"
      },
      "location-before-char-start": 0,
      "location-before-char-end": 0,
      "node-str": "org.columba.core.main.MainInterface"
    },
    {
      "type": "delete-node",
      "node": {
        "label": "DEBUG",
        "type": "FieldRead"
      },
      "location-before-char-start": 7437,
      "location-before-char-end": 7455,
      "node-str": "DEBUG"
    },
    {
      "type": "delete-node",
      "node": {
        "label": "ColumbaLogger.log",
        "type": "TypeAccess"
      },
      "location-before-char-start": 7489,
      "location-before-char-end": 7505,
      "node-str": "ColumbaLogger.log"
    },
    {
      "type": "delete-node",
      "node": {
        "label": "severe",
        "type": "Invocation"
      },
      "location-before-char-start": 7489,
      "location-before-char-end": 7599,
      "node-str": "severe"
    },
    {
      "type": "delete-node",
      "node": {
        "label": "e",
        "type": "VariableRead"
      },
      "location-before-char-start": 7630,
      "location-before-char-end": 7630,
      "node-str": "e"
    },
    {
      "type": "delete-node",
      "node": {
        "label": "printStackTrace",
        "type": "Invocation"
      },
      "location-before-char-start": 7630,
      "location-before-char-end": 7649,
      "node-str": "printStackTrace"
    },
    {
      "type": "delete-node",
      "node": {
        "label": "THEN",
        "type": "then"
      },
      "location-before-char-start": 7458,
      "location-before-char-end": 7676,
      "node-str": "THEN"
    },
    {
      "type": "delete-node",
      "node": {
        "label": "if",
        "type": "If"
      },
      "location-before-char-start": 7433,
      "location-before-char-end": 7676,
      "node-str": "if"
    },
    {
      "type": "delete-node",
      "node": {
        "label": "",
        "type": "Catch"
      },
      "location-before-char-start": 7065,
      "location-before-char-end": 7699,
      "node-str": ""
    },
    {
      "type": "delete-node",
      "node": {
        "label": "",
        "type": "Try"
      },
      "location-before-char-start": 6162,
      "location-before-char-end": 7699,
      "node-str": ""
    },
    {
      "type": "delete-node",
      "node": {
        "label": "THEN",
        "type": "then"
      },
      "location-before-char-start": 6139,
      "location-before-char-end": 7718,
      "node-str": "THEN"
    },
    {
      "type": "delete-node",
      "node": {
        "label": "java.lang.Exception",
        "type": "VARIABLE_TYPE"
      },
      "location-before-char-start": 0,
      "location-before-char-end": 0,
      "node-str": "java.lang.Exception"
    },
    {
      "type": "delete-node",
      "node": {
        "label": "e",
        "type": "CatchVariable"
      },
      "location-before-char-start": 8578,
      "location-before-char-end": 8588,
      "node-str": "e"
    },
    {
      "type": "delete-node",
      "node": {
        "label": "ColumbaLogger.log",
        "type": "TypeAccess"
      },
      "location-before-char-start": 8618,
      "location-before-char-end": 8634,
      "node-str": "ColumbaLogger.log"
    },
    {
      "type": "delete-node",
      "node": {
        "label": "severe",
        "type": "Invocation"
      },
      "location-before-char-start": 8618,
      "location-before-char-end": 8733,
      "node-str": "severe"
    },
    {
      "type": "delete-node",
      "node": {
        "label": "e",
        "type": "VariableRead"
      },
      "location-before-char-start": 8760,
      "location-before-char-end": 8760,
      "node-str": "e"
    },
    {
      "type": "delete-node",
      "node": {
        "label": "printStackTrace",
        "type": "Invocation"
      },
      "location-before-char-start": 8760,
      "location-before-char-end": 8779,
      "node-str": "printStackTrace"
    },
    {
      "type": "delete-node",
      "node": {
        "label": "",
        "type": "Catch"
      },
      "location-before-char-start": 8570,
      "location-before-char-end": 8802,
      "node-str": ""
    },
    {
      "type": "delete-node",
      "node": {
        "label": "",
        "type": "Try"
      },
      "location-before-char-start": 7797,
      "location-before-char-end": 8802,
      "node-str": ""
    },
    {
      "type": "delete-node",
      "node": {
        "label": "THEN",
        "type": "then"
      },
      "location-before-char-start": 7774,
      "location-before-char-end": 8821,
      "node-str": "THEN"
    },
    {
      "type": "delete-node",
      "node": {
        "label": "lastWasSeparator",
        "type": "VariableWrite"
      },
      "location-before-char-start": 9301,
      "location-before-char-end": 9316,
      "node-str": "lastWasSeparator"
    },
    {
      "type": "delete-node",
      "node": {
        "label": "false",
        "type": "Literal"
      },
      "location-before-char-start": 9320,
      "location-before-char-end": 9324,
      "node-str": "false"
    },
    {
      "type": "delete-node",
      "node": {
        "label": "\u003d",
        "type": "Assignment"
      },
      "location-before-char-start": 9301,
      "location-before-char-end": 9325,
      "node-str": "\u003d"
    },
    {
      "type": "delete-node",
      "node": {
        "label": "java.lang.Exception",
        "type": "VARIABLE_TYPE"
      },
      "location-before-char-start": 0,
      "location-before-char-end": 0,
      "node-str": "java.lang.Exception"
    },
    {
      "type": "delete-node",
      "node": {
        "label": "e",
        "type": "CatchVariable"
      },
      "location-before-char-start": 9357,
      "location-before-char-end": 9367,
      "node-str": "e"
    },
    {
      "type": "delete-node",
      "node": {
        "label": "e",
        "type": "VariableRead"
      },
      "location-before-char-start": 9397,
      "location-before-char-end": 9397,
      "node-str": "e"
    },
    {
      "type": "delete-node",
      "node": {
        "label": "printStackTrace",
        "type": "Invocation"
      },
      "location-before-char-start": 9397,
      "location-before-char-end": 9416,
      "node-str": "printStackTrace"
    },
    {
      "type": "delete-node",
      "node": {
        "label": "ColumbaLogger.log",
        "type": "TypeAccess"
      },
      "location-before-char-start": 9443,
      "location-before-char-end": 9459,
      "node-str": "ColumbaLogger.log"
    },
    {
      "type": "delete-node",
      "node": {
        "label": "e",
        "type": "VariableRead"
      },
      "location-before-char-start": 9468,
      "location-before-char-end": 9468,
      "node-str": "e"
    },
    {
      "type": "delete-node",
      "node": {
        "label": "getMessage",
        "type": "Invocation"
      },
      "location-before-char-start": 9468,
      "location-before-char-end": 9481,
      "node-str": "getMessage"
    },
    {
      "type": "delete-node",
      "node": {
        "label": "severe",
        "type": "Invocation"
      },
      "location-before-char-start": 9443,
      "location-before-char-end": 9483,
      "node-str": "severe"
    },
    {
      "type": "delete-node",
      "node": {
        "label": "",
        "type": "Catch"
      },
      "location-before-char-start": 9349,
      "location-before-char-end": 9506,
      "node-str": ""
    },
    {
      "type": "delete-node",
      "node": {
        "label": "",
        "type": "Try"
      },
      "location-before-char-start": 8891,
      "location-before-char-end": 9506,
      "node-str": ""
    },
    {
      "type": "delete-node",
      "node": {
        "label": "THEN",
        "type": "then"
      },
      "location-before-char-start": 8868,
      "location-before-char-end": 9525,
      "node-str": "THEN"
    },
    {
      "type": "delete-node",
      "node": {
        "label": "if",
        "type": "If"
      },
      "location-before-char-start": 8828,
      "location-before-char-end": 9525,
      "node-str": "if"
    },
    {
      "type": "delete-node",
      "node": {
        "label": "ELSE",
        "type": "else"
      },
      "location-before-char-start": 8828,
      "location-before-char-end": 9525,
      "node-str": "ELSE"
    },
    {
      "type": "delete-node",
      "node": {
        "label": "if",
        "type": "If"
      },
      "location-before-char-start": 7725,
      "location-before-char-end": 9525,
      "node-str": "if"
    },
    {
      "type": "delete-node",
      "node": {
        "label": "ELSE",
        "type": "else"
      },
      "location-before-char-start": 7725,
      "location-before-char-end": 9525,
      "node-str": "ELSE"
    },
    {
      "type": "delete-node",
      "node": {
        "label": "if",
        "type": "If"
      },
      "location-before-char-start": 6098,
      "location-before-char-end": 9525,
      "node-str": "if"
    },
    {
      "type": "delete-node",
      "node": {
        "label": "THEN",
        "type": "then"
      },
      "location-before-char-start": 6079,
      "location-before-char-end": 9540,
      "node-str": "THEN"
    },
    {
      "type": "delete-node",
      "node": {
        "label": "if",
        "type": "If"
      },
      "location-before-char-start": 6050,
      "location-before-char-end": 9877,
      "node-str": "if"
    },
    {
      "type": "delete-node",
      "node": {
        "label": "while",
        "type": "While"
      },
      "location-before-char-start": 5914,
      "location-before-char-end": 9888,
      "node-str": "while"
    },
    {
      "type": "delete-node",
      "node": {
        "label": "createMenuEntries",
        "type": "Method"
      },
      "location-before-char-start": 5796,
      "location-before-char-end": 10001,
      "node-str": "createMenuEntries"
    },
    {
      "type": "delete-node",
      "node": {
        "label": "AbstractMenuGenerator",
        "type": "Class"
      },
      "location-before-char-start": 1415,
      "location-before-char-end": 10360,
      "node-str": "AbstractMenuGenerator"
    }
  ],
  "before-file": {},
  "after-file": {},
  "mapping": {}
}