{
  "tool-info": {},
  "diff": [
    {
      "type": "insert-node",
      "node": {
        "label": "public",
        "type": "Modifier"
      },
      "location-after-char-start": 0,
      "location-after-char-end": 0,
      "node-str": "public"
    },
    {
      "type": "insert-node",
      "node": {
        "label": "",
        "type": "TypeReference"
      },
      "location-after-char-start": 370,
      "location-after-char-end": 376,
      "node-str": ""
    },
    {
      "type": "insert-node",
      "node": {
        "label": "fDrawing",
        "type": "Field"
      },
      "location-after-char-start": 410,
      "location-after-char-end": 442,
      "node-str": "fDrawing"
    },
    {
      "type": "insert-node",
      "node": {
        "label": "fTool",
        "type": "Field"
      },
      "location-after-char-start": 448,
      "location-after-char-end": 477,
      "node-str": "fTool"
    },
    {
      "type": "insert-node",
      "node": {
        "label": "fView",
        "type": "Field"
      },
      "location-after-char-start": 483,
      "location-after-char-end": 516,
      "node-str": "fView"
    },
    {
      "type": "insert-node",
      "node": {
        "label": "fIconkit",
        "type": "Field"
      },
      "location-after-char-start": 522,
      "location-after-char-end": 554,
      "node-str": "fIconkit"
    },
    {
      "type": "insert-node",
      "node": {
        "label": "toolDone",
        "type": "Method"
      },
      "location-after-char-start": 1886,
      "location-after-char-end": 2005,
      "node-str": "toolDone"
    },
    {
      "type": "insert-node",
      "node": {
        "label": "figureSelectionChanged",
        "type": "Method"
      },
      "location-after-char-start": 2012,
      "location-after-char-end": 2143,
      "node-str": "figureSelectionChanged"
    },
    {
      "type": "insert-node",
      "node": {
        "label": "javax.swing.JApplet",
        "type": "SUPER_TYPE"
      },
      "location-after-char-start": 0,
      "location-after-char-end": 0,
      "node-str": "javax.swing.JApplet"
    },
    {
      "type": "insert-node",
      "node": {
        "label": "CH.ifa.draw.samples.javadraw.Drawing",
        "type": "VARIABLE_TYPE"
      },
      "location-after-char-start": 0,
      "location-after-char-end": 0,
      "node-str": "CH.ifa.draw.samples.javadraw.Drawing"
    },
    {
      "type": "insert-node",
      "node": {
        "label": "CH.ifa.draw.samples.javadraw.Tool",
        "type": "VARIABLE_TYPE"
      },
      "location-after-char-start": 0,
      "location-after-char-end": 0,
      "node-str": "CH.ifa.draw.samples.javadraw.Tool"
    },
    {
      "type": "insert-node",
      "node": {
        "label": "CH.ifa.draw.samples.javadraw.StandardDrawingView",
        "type": "VARIABLE_TYPE"
      },
      "location-after-char-start": 0,
      "location-after-char-end": 0,
      "node-str": "CH.ifa.draw.samples.javadraw.StandardDrawingView"
    },
    {
      "type": "insert-node",
      "node": {
        "label": "CH.ifa.draw.samples.javadraw.Iconkit",
        "type": "VARIABLE_TYPE"
      },
      "location-after-char-start": 0,
      "location-after-char-end": 0,
      "node-str": "CH.ifa.draw.samples.javadraw.Iconkit"
    },
    {
      "type": "insert-node",
      "node": {
        "label": "void",
        "type": "RETURN_TYPE"
      },
      "location-after-char-start": 0,
      "location-after-char-end": 0,
      "node-str": "void"
    },
    {
      "type": "insert-node",
      "node": {
        "label": "public",
        "type": "Modifier"
      },
      "location-after-char-start": 0,
      "location-after-char-end": 0,
      "node-str": "public"
    },
    {
      "type": "insert-node",
      "node": {
        "label": "void",
        "type": "RETURN_TYPE"
      },
      "location-after-char-start": 0,
      "location-after-char-end": 0,
      "node-str": "void"
    },
    {
      "type": "insert-node",
      "node": {
        "label": "public",
        "type": "Modifier"
      },
      "location-after-char-start": 0,
      "location-after-char-end": 0,
      "node-str": "public"
    },
    {
      "type": "insert-node",
      "node": {
        "label": "view",
        "type": "Parameter"
      },
      "location-after-char-start": 2124,
      "location-after-char-end": 2139,
      "node-str": "view"
    },
    {
      "type": "insert-node",
      "node": {
        "label": "DrawingView",
        "type": "VARIABLE_TYPE"
      },
      "location-after-char-start": 0,
      "location-after-char-end": 0,
      "node-str": "DrawingView"
    },
    {
      "type": "delete-node",
      "node": {
        "label": "public",
        "type": "Modifier"
      },
      "location-before-char-start": 0,
      "location-before-char-end": 0,
      "node-str": "public"
    },
    {
      "type": "delete-node",
      "node": {
        "label": "javax.swing.JApplet",
        "type": "SUPER_TYPE"
      },
      "location-before-char-start": 0,
      "location-before-char-end": 0,
      "node-str": "javax.swing.JApplet"
    },
    {
      "type": "delete-node",
      "node": {
        "label": "",
        "type": "TypeReference"
      },
      "location-before-char-start": 370,
      "location-before-char-end": 376,
      "node-str": ""
    },
    {
      "type": "delete-node",
      "node": {
        "label": "CH.ifa.draw.samples.javadraw.Drawing",
        "type": "VARIABLE_TYPE"
      },
      "location-before-char-start": 0,
      "location-before-char-end": 0,
      "node-str": "CH.ifa.draw.samples.javadraw.Drawing"
    },
    {
      "type": "delete-node",
      "node": {
        "label": "fDrawing",
        "type": "Field"
      },
      "location-before-char-start": 410,
      "location-before-char-end": 442,
      "node-str": "fDrawing"
    },
    {
      "type": "delete-node",
      "node": {
        "label": "CH.ifa.draw.samples.javadraw.Tool",
        "type": "VARIABLE_TYPE"
      },
      "location-before-char-start": 0,
      "location-before-char-end": 0,
      "node-str": "CH.ifa.draw.samples.javadraw.Tool"
    },
    {
      "type": "delete-node",
      "node": {
        "label": "fTool",
        "type": "Field"
      },
      "location-before-char-start": 448,
      "location-before-char-end": 477,
      "node-str": "fTool"
    },
    {
      "type": "delete-node",
      "node": {
        "label": "CH.ifa.draw.samples.javadraw.StandardDrawingView",
        "type": "VARIABLE_TYPE"
      },
      "location-before-char-start": 0,
      "location-before-char-end": 0,
      "node-str": "CH.ifa.draw.samples.javadraw.StandardDrawingView"
    },
    {
      "type": "delete-node",
      "node": {
        "label": "fView",
        "type": "Field"
      },
      "location-before-char-start": 483,
      "location-before-char-end": 516,
      "node-str": "fView"
    },
    {
      "type": "delete-node",
      "node": {
        "label": "CH.ifa.draw.samples.javadraw.Iconkit",
        "type": "VARIABLE_TYPE"
      },
      "location-before-char-start": 0,
      "location-before-char-end": 0,
      "node-str": "CH.ifa.draw.samples.javadraw.Iconkit"
    },
    {
      "type": "delete-node",
      "node": {
        "label": "fIconkit",
        "type": "Field"
      },
      "location-before-char-start": 522,
      "location-before-char-end": 554,
      "node-str": "fIconkit"
    },
    {
      "type": "delete-node",
      "node": {
        "label": "void",
        "type": "RETURN_TYPE"
      },
      "location-before-char-start": 0,
      "location-before-char-end": 0,
      "node-str": "void"
    },
    {
      "type": "delete-node",
      "node": {
        "label": "public",
        "type": "Modifier"
      },
      "location-before-char-start": 0,
      "location-before-char-end": 0,
      "node-str": "public"
    },
    {
      "type": "delete-node",
      "node": {
        "label": "toolDone",
        "type": "Method"
      },
      "location-before-char-start": 1886,
      "location-before-char-end": 2005,
      "node-str": "toolDone"
    },
    {
      "type": "delete-node",
      "node": {
        "label": "void",
        "type": "RETURN_TYPE"
      },
      "location-before-char-start": 0,
      "location-before-char-end": 0,
      "node-str": "void"
    },
    {
      "type": "delete-node",
      "node": {
        "label": "public",
        "type": "Modifier"
      },
      "location-before-char-start": 0,
      "location-before-char-end": 0,
      "node-str": "public"
    },
    {
      "type": "delete-node",
      "node": {
        "label": "DrawingView",
        "type": "VARIABLE_TYPE"
      },
      "location-before-char-start": 0,
      "location-before-char-end": 0,
      "node-str": "DrawingView"
    },
    {
      "type": "delete-node",
      "node": {
        "label": "view",
        "type": "Parameter"
      },
      "location-before-char-start": 2118,
      "location-before-char-end": 2133,
      "node-str": "view"
    },
    {
      "type": "delete-node",
      "node": {
        "label": "selectionChanged",
        "type": "Method"
      },
      "location-before-char-start": 2012,
      "location-before-char-end": 2137,
      "node-str": "selectionChanged"
    }
  ],
  "before-file": {},
  "after-file": {},
  "mapping": {}
}