{
  "tool-info": {},
  "diff": [
    {
      "type": "insert-node",
      "node": {
        "label": "public",
        "type": "Modifier"
      },
      "location-after-char-start": 0,
      "location-after-char-end": 0,
      "node-str": "public"
    },
    {
      "type": "insert-node",
      "node": {
        "label": "numShowItems",
        "type": "Field"
      },
      "location-after-char-start": 1664,
      "location-after-char-end": 1692,
      "node-str": "numShowItems"
    },
    {
      "type": "insert-node",
      "node": {
        "label": "getSizeHints",
        "type": "Method"
      },
      "location-after-char-start": 4907,
      "location-after-char-end": 5620,
      "node-str": "getSizeHints"
    },
    {
      "type": "insert-node",
      "node": {
        "label": "getNumShowItems",
        "type": "Method"
      },
      "location-after-char-start": 5625,
      "location-after-char-end": 5808,
      "node-str": "getNumShowItems"
    },
    {
      "type": "insert-node",
      "node": {
        "label": "int",
        "type": "VARIABLE_TYPE"
      },
      "location-after-char-start": 0,
      "location-after-char-end": 0,
      "node-str": "int"
    },
    {
      "type": "insert-node",
      "node": {
        "label": "1",
        "type": "Literal"
      },
      "location-after-char-start": 1691,
      "location-after-char-end": 1691,
      "node-str": "1"
    },
    {
      "type": "insert-node",
      "node": {
        "label": "itemsToShow",
        "type": "Parameter"
      },
      "location-after-char-start": 1995,
      "location-after-char-end": 2009,
      "node-str": "itemsToShow"
    },
    {
      "type": "insert-node",
      "node": {
        "label": "\u003d",
        "type": "Assignment"
      },
      "location-after-char-start": 2027,
      "location-after-char-end": 2053,
      "node-str": "\u003d"
    },
    {
      "type": "insert-node",
      "node": {
        "label": "org.eclipse.swt.graphics.Point",
        "type": "RETURN_TYPE"
      },
      "location-after-char-start": 0,
      "location-after-char-end": 0,
      "node-str": "org.eclipse.swt.graphics.Point"
    },
    {
      "type": "insert-node",
      "node": {
        "label": "public",
        "type": "Modifier"
      },
      "location-after-char-start": 0,
      "location-after-char-end": 0,
      "node-str": "public"
    },
    {
      "type": "insert-node",
      "node": {
        "label": "display",
        "type": "LocalVariable"
      },
      "location-after-char-start": 5084,
      "location-after-char-end": 5121,
      "node-str": "display"
    },
    {
      "type": "insert-node",
      "node": {
        "label": "gc",
        "type": "LocalVariable"
      },
      "location-after-char-start": 5128,
      "location-after-char-end": 5151,
      "node-str": "gc"
    },
    {
      "type": "insert-node",
      "node": {
        "label": "fm",
        "type": "LocalVariable"
      },
      "location-after-char-start": 5155,
      "location-after-char-end": 5191,
      "node-str": "fm"
    },
    {
      "type": "insert-node",
      "node": {
        "label": "charWidth",
        "type": "LocalVariable"
      },
      "location-after-char-start": 5195,
      "location-after-char-end": 5235,
      "node-str": "charWidth"
    },
    {
      "type": "insert-node",
      "node": {
        "label": "charHeight",
        "type": "LocalVariable"
      },
      "location-after-char-start": 5239,
      "location-after-char-end": 5270,
      "node-str": "charHeight"
    },
    {
      "type": "insert-node",
      "node": {
        "label": "maxWidth",
        "type": "LocalVariable"
      },
      "location-after-char-start": 5274,
      "location-after-char-end": 5318,
      "node-str": "maxWidth"
    },
    {
      "type": "insert-node",
      "node": {
        "label": "maxHeight",
        "type": "LocalVariable"
      },
      "location-after-char-start": 5322,
      "location-after-char-end": 5368,
      "node-str": "maxHeight"
    },
    {
      "type": "insert-node",
      "node": {
        "label": "fontWidth",
        "type": "LocalVariable"
      },
      "location-after-char-start": 5372,
      "location-after-char-end": 5402,
      "node-str": "fontWidth"
    },
    {
      "type": "insert-node",
      "node": {
        "label": "fontHeight",
        "type": "LocalVariable"
      },
      "location-after-char-start": 5406,
      "location-after-char-end": 5448,
      "node-str": "fontHeight"
    },
    {
      "type": "insert-node",
      "node": {
        "label": "if",
        "type": "If"
      },
      "location-after-char-start": 5452,
      "location-after-char-end": 5501,
      "node-str": "if"
    },
    {
      "type": "insert-node",
      "node": {
        "label": "if",
        "type": "If"
      },
      "location-after-char-start": 5505,
      "location-after-char-end": 5558,
      "node-str": "if"
    },
    {
      "type": "insert-node",
      "node": {
        "label": "dispose",
        "type": "Invocation"
      },
      "location-after-char-start": 5562,
      "location-after-char-end": 5574,
      "node-str": "dispose"
    },
    {
      "type": "insert-node",
      "node": {
        "label": "return",
        "type": "Return"
      },
      "location-after-char-start": 5578,
      "location-after-char-end": 5617,
      "node-str": "return"
    },
    {
      "type": "insert-node",
      "node": {
        "label": "int",
        "type": "RETURN_TYPE"
      },
      "location-after-char-start": 0,
      "location-after-char-end": 0,
      "node-str": "int"
    },
    {
      "type": "insert-node",
      "node": {
        "label": "public",
        "type": "Modifier"
      },
      "location-after-char-start": 0,
      "location-after-char-end": 0,
      "node-str": "public"
    },
    {
      "type": "insert-node",
      "node": {
        "label": "return",
        "type": "Return"
      },
      "location-after-char-start": 5786,
      "location-after-char-end": 5805,
      "node-str": "return"
    },
    {
      "type": "insert-node",
      "node": {
        "label": "int",
        "type": "VARIABLE_TYPE"
      },
      "location-after-char-start": 0,
      "location-after-char-end": 0,
      "node-str": "int"
    },
    {
      "type": "insert-node",
      "node": {
        "label": "numShowItems",
        "type": "FieldWrite"
      },
      "location-after-char-start": 2027,
      "location-after-char-end": 2038,
      "node-str": "numShowItems"
    },
    {
      "type": "insert-node",
      "node": {
        "label": "itemsToShow",
        "type": "VariableRead"
      },
      "location-after-char-start": 2042,
      "location-after-char-end": 2052,
      "node-str": "itemsToShow"
    },
    {
      "type": "insert-node",
      "node": {
        "label": "org.eclipse.swt.widgets.Display",
        "type": "VARIABLE_TYPE"
      },
      "location-after-char-start": 0,
      "location-after-char-end": 0,
      "node-str": "org.eclipse.swt.widgets.Display"
    },
    {
      "type": "insert-node",
      "node": {
        "label": "getDisplay",
        "type": "Invocation"
      },
      "location-after-char-start": 5102,
      "location-after-char-end": 5120,
      "node-str": "getDisplay"
    },
    {
      "type": "insert-node",
      "node": {
        "label": "org.eclipse.swt.graphics.GC",
        "type": "VARIABLE_TYPE"
      },
      "location-after-char-start": 0,
      "location-after-char-end": 0,
      "node-str": "org.eclipse.swt.graphics.GC"
    },
    {
      "type": "insert-node",
      "node": {
        "label": "java.lang.Object()",
        "type": "ConstructorCall"
      },
      "location-after-char-start": 5136,
      "location-after-char-end": 5150,
      "node-str": "java.lang.Object()"
    },
    {
      "type": "insert-node",
      "node": {
        "label": "org.eclipse.swt.graphics.FontMetrics",
        "type": "VARIABLE_TYPE"
      },
      "location-after-char-start": 0,
      "location-after-char-end": 0,
      "node-str": "org.eclipse.swt.graphics.FontMetrics"
    },
    {
      "type": "insert-node",
      "node": {
        "label": "getFontMetrics",
        "type": "Invocation"
      },
      "location-after-char-start": 5172,
      "location-after-char-end": 5190,
      "node-str": "getFontMetrics"
    },
    {
      "type": "insert-node",
      "node": {
        "label": "int",
        "type": "VARIABLE_TYPE"
      },
      "location-after-char-start": 0,
      "location-after-char-end": 0,
      "node-str": "int"
    },
    {
      "type": "insert-node",
      "node": {
        "label": "getAverageCharWidth",
        "type": "Invocation"
      },
      "location-after-char-start": 5211,
      "location-after-char-end": 5234,
      "node-str": "getAverageCharWidth"
    },
    {
      "type": "insert-node",
      "node": {
        "label": "int",
        "type": "VARIABLE_TYPE"
      },
      "location-after-char-start": 0,
      "location-after-char-end": 0,
      "node-str": "int"
    },
    {
      "type": "insert-node",
      "node": {
        "label": "getHeight",
        "type": "Invocation"
      },
      "location-after-char-start": 5256,
      "location-after-char-end": 5269,
      "node-str": "getHeight"
    },
    {
      "type": "insert-node",
      "node": {
        "label": "int",
        "type": "VARIABLE_TYPE"
      },
      "location-after-char-start": 0,
      "location-after-char-end": 0,
      "node-str": "int"
    },
    {
      "type": "insert-node",
      "node": {
        "label": "DIV",
        "type": "BinaryOperator"
      },
      "location-after-char-start": 5289,
      "location-after-char-end": 5317,
      "node-str": "DIV"
    },
    {
      "type": "insert-node",
      "node": {
        "label": "int",
        "type": "VARIABLE_TYPE"
      },
      "location-after-char-start": 0,
      "location-after-char-end": 0,
      "node-str": "int"
    },
    {
      "type": "insert-node",
      "node": {
        "label": "DIV",
        "type": "BinaryOperator"
      },
      "location-after-char-start": 5338,
      "location-after-char-end": 5367,
      "node-str": "DIV"
    },
    {
      "type": "insert-node",
      "node": {
        "label": "int",
        "type": "VARIABLE_TYPE"
      },
      "location-after-char-start": 0,
      "location-after-char-end": 0,
      "node-str": "int"
    },
    {
      "type": "insert-node",
      "node": {
        "label": "MUL",
        "type": "BinaryOperator"
      },
      "location-after-char-start": 5388,
      "location-after-char-end": 5401,
      "node-str": "MUL"
    },
    {
      "type": "insert-node",
      "node": {
        "label": "int",
        "type": "VARIABLE_TYPE"
      },
      "location-after-char-start": 0,
      "location-after-char-end": 0,
      "node-str": "int"
    },
    {
      "type": "insert-node",
      "node": {
        "label": "MUL",
        "type": "BinaryOperator"
      },
      "location-after-char-start": 5423,
      "location-after-char-end": 5447,
      "node-str": "MUL"
    },
    {
      "type": "insert-node",
      "node": {
        "label": "LT",
        "type": "BinaryOperator"
      },
      "location-after-char-start": 5456,
      "location-after-char-end": 5475,
      "node-str": "LT"
    },
    {
      "type": "insert-node",
      "node": {
        "label": "THEN",
        "type": "then"
      },
      "location-after-char-start": 5481,
      "location-after-char-end": 5501,
      "node-str": "THEN"
    },
    {
      "type": "insert-node",
      "node": {
        "label": "LT",
        "type": "BinaryOperator"
      },
      "location-after-char-start": 5509,
      "location-after-char-end": 5530,
      "node-str": "LT"
    },
    {
      "type": "insert-node",
      "node": {
        "label": "THEN",
        "type": "then"
      },
      "location-after-char-start": 5536,
      "location-after-char-end": 5558,
      "node-str": "THEN"
    },
    {
      "type": "insert-node",
      "node": {
        "label": "gc",
        "type": "VariableRead"
      },
      "location-after-char-start": 5562,
      "location-after-char-end": 5563,
      "node-str": "gc"
    },
    {
      "type": "insert-node",
      "node": {
        "label": "org.eclipse.swt.graphics.Point(int,int)",
        "type": "ConstructorCall"
      },
      "location-after-char-start": 5585,
      "location-after-char-end": 5616,
      "node-str": "org.eclipse.swt.graphics.Point(int,int)"
    },
    {
      "type": "insert-node",
      "node": {
        "label": "numShowItems",
        "type": "FieldRead"
      },
      "location-after-char-start": 5793,
      "location-after-char-end": 5804,
      "node-str": "numShowItems"
    },
    {
      "type": "insert-node",
      "node": {
        "label": "org.eclipse.ui.internal.progress.ProgressViewer",
        "type": "TypeAccess"
      },
      "location-after-char-start": 0,
      "location-after-char-end": 0,
      "node-str": "org.eclipse.ui.internal.progress.ProgressViewer"
    },
    {
      "type": "insert-node",
      "node": {
        "label": "canvas",
        "type": "FieldRead"
      },
      "location-after-char-start": 5102,
      "location-after-char-end": 5107,
      "node-str": "canvas"
    },
    {
      "type": "insert-node",
      "node": {
        "label": "display",
        "type": "VariableRead"
      },
      "location-after-char-start": 5143,
      "location-after-char-end": 5149,
      "node-str": "display"
    },
    {
      "type": "insert-node",
      "node": {
        "label": "gc",
        "type": "VariableRead"
      },
      "location-after-char-start": 5172,
      "location-after-char-end": 5173,
      "node-str": "gc"
    },
    {
      "type": "insert-node",
      "node": {
        "label": "fm",
        "type": "VariableRead"
      },
      "location-after-char-start": 5211,
      "location-after-char-end": 5212,
      "node-str": "fm"
    },
    {
      "type": "insert-node",
      "node": {
        "label": "fm",
        "type": "VariableRead"
      },
      "location-after-char-start": 5256,
      "location-after-char-end": 5257,
      "node-str": "fm"
    },
    {
      "type": "insert-node",
      "node": {
        "label": "width",
        "type": "FieldRead"
      },
      "location-after-char-start": 5289,
      "location-after-char-end": 5313,
      "node-str": "width"
    },
    {
      "type": "insert-node",
      "node": {
        "label": "3",
        "type": "Literal"
      },
      "location-after-char-start": 5317,
      "location-after-char-end": 5317,
      "node-str": "3"
    },
    {
      "type": "insert-node",
      "node": {
        "label": "height",
        "type": "FieldRead"
      },
      "location-after-char-start": 5338,
      "location-after-char-end": 5363,
      "node-str": "height"
    },
    {
      "type": "insert-node",
      "node": {
        "label": "6",
        "type": "Literal"
      },
      "location-after-char-start": 5367,
      "location-after-char-end": 5367,
      "node-str": "6"
    },
    {
      "type": "insert-node",
      "node": {
        "label": "charWidth",
        "type": "VariableRead"
      },
      "location-after-char-start": 5388,
      "location-after-char-end": 5396,
      "node-str": "charWidth"
    },
    {
      "type": "insert-node",
      "node": {
        "label": "36",
        "type": "Literal"
      },
      "location-after-char-start": 5400,
      "location-after-char-end": 5401,
      "node-str": "36"
    },
    {
      "type": "insert-node",
      "node": {
        "label": "charHeight",
        "type": "VariableRead"
      },
      "location-after-char-start": 5423,
      "location-after-char-end": 5432,
      "node-str": "charHeight"
    },
    {
      "type": "insert-node",
      "node": {
        "label": "numShowItems",
        "type": "FieldRead"
      },
      "location-after-char-start": 5436,
      "location-after-char-end": 5447,
      "node-str": "numShowItems"
    },
    {
      "type": "insert-node",
      "node": {
        "label": "maxWidth",
        "type": "VariableRead"
      },
      "location-after-char-start": 5456,
      "location-after-char-end": 5463,
      "node-str": "maxWidth"
    },
    {
      "type": "insert-node",
      "node": {
        "label": "fontWidth",
        "type": "VariableRead"
      },
      "location-after-char-start": 5467,
      "location-after-char-end": 5475,
      "node-str": "fontWidth"
    },
    {
      "type": "insert-node",
      "node": {
        "label": "\u003d",
        "type": "Assignment"
      },
      "location-after-char-start": 5481,
      "location-after-char-end": 5501,
      "node-str": "\u003d"
    },
    {
      "type": "insert-node",
      "node": {
        "label": "maxHeight",
        "type": "VariableRead"
      },
      "location-after-char-start": 5509,
      "location-after-char-end": 5517,
      "node-str": "maxHeight"
    },
    {
      "type": "insert-node",
      "node": {
        "label": "fontHeight",
        "type": "VariableRead"
      },
      "location-after-char-start": 5521,
      "location-after-char-end": 5530,
      "node-str": "fontHeight"
    },
    {
      "type": "insert-node",
      "node": {
        "label": "\u003d",
        "type": "Assignment"
      },
      "location-after-char-start": 5536,
      "location-after-char-end": 5558,
      "node-str": "\u003d"
    },
    {
      "type": "insert-node",
      "node": {
        "label": "fontWidth",
        "type": "VariableRead"
      },
      "location-after-char-start": 5595,
      "location-after-char-end": 5603,
      "node-str": "fontWidth"
    },
    {
      "type": "insert-node",
      "node": {
        "label": "fontHeight",
        "type": "VariableRead"
      },
      "location-after-char-start": 5606,
      "location-after-char-end": 5615,
      "node-str": "fontHeight"
    },
    {
      "type": "insert-node",
      "node": {
        "label": "org.eclipse.ui.internal.progress.ProgressViewer",
        "type": "TypeAccess"
      },
      "location-after-char-start": 0,
      "location-after-char-end": 0,
      "node-str": "org.eclipse.ui.internal.progress.ProgressViewer"
    },
    {
      "type": "insert-node",
      "node": {
        "label": "org.eclipse.ui.internal.progress.ProgressViewer",
        "type": "TypeAccess"
      },
      "location-after-char-start": 0,
      "location-after-char-end": 0,
      "node-str": "org.eclipse.ui.internal.progress.ProgressViewer"
    },
    {
      "type": "insert-node",
      "node": {
        "label": "getBounds",
        "type": "Invocation"
      },
      "location-after-char-start": 5289,
      "location-after-char-end": 5307,
      "node-str": "getBounds"
    },
    {
      "type": "insert-node",
      "node": {
        "label": "getBounds",
        "type": "Invocation"
      },
      "location-after-char-start": 5338,
      "location-after-char-end": 5356,
      "node-str": "getBounds"
    },
    {
      "type": "insert-node",
      "node": {
        "label": "org.eclipse.ui.internal.progress.ProgressViewer",
        "type": "TypeAccess"
      },
      "location-after-char-start": 0,
      "location-after-char-end": 0,
      "node-str": "org.eclipse.ui.internal.progress.ProgressViewer"
    },
    {
      "type": "insert-node",
      "node": {
        "label": "fontWidth",
        "type": "VariableWrite"
      },
      "location-after-char-start": 5481,
      "location-after-char-end": 5489,
      "node-str": "fontWidth"
    },
    {
      "type": "insert-node",
      "node": {
        "label": "maxWidth",
        "type": "VariableRead"
      },
      "location-after-char-start": 5493,
      "location-after-char-end": 5500,
      "node-str": "maxWidth"
    },
    {
      "type": "insert-node",
      "node": {
        "label": "fontHeight",
        "type": "VariableWrite"
      },
      "location-after-char-start": 5536,
      "location-after-char-end": 5545,
      "node-str": "fontHeight"
    },
    {
      "type": "insert-node",
      "node": {
        "label": "maxHeight",
        "type": "VariableRead"
      },
      "location-after-char-start": 5549,
      "location-after-char-end": 5557,
      "node-str": "maxHeight"
    },
    {
      "type": "insert-node",
      "node": {
        "label": "display",
        "type": "VariableRead"
      },
      "location-after-char-start": 5289,
      "location-after-char-end": 5295,
      "node-str": "display"
    },
    {
      "type": "insert-node",
      "node": {
        "label": "display",
        "type": "VariableRead"
      },
      "location-after-char-start": 5338,
      "location-after-char-end": 5344,
      "node-str": "display"
    },
    {
      "type": "delete-node",
      "node": {
        "label": "public",
        "type": "Modifier"
      },
      "location-before-char-start": 0,
      "location-before-char-end": 0,
      "node-str": "public"
    }
  ],
  "before-file": {},
  "after-file": {},
  "mapping": {}
}