{
  "tool-info": {},
  "diff": [
    {
      "type": "insert-node",
      "node": {
        "label": "",
        "type": "PackageDeclaration"
      },
      "location-after-char-start": 329,
      "location-after-char-end": 354,
      "node-str": ""
    },
    {
      "type": "insert-node",
      "node": {
        "label": "",
        "type": "ImportDeclaration"
      },
      "location-after-char-start": 356,
      "location-after-char-end": 382,
      "node-str": ""
    },
    {
      "type": "insert-node",
      "node": {
        "label": "",
        "type": "ImportDeclaration"
      },
      "location-after-char-start": 383,
      "location-after-char-end": 401,
      "node-str": ""
    },
    {
      "type": "insert-node",
      "node": {
        "label": "CH.ifa.draw.util",
        "type": "QualifiedName"
      },
      "location-after-char-start": 337,
      "location-after-char-end": 353,
      "node-str": "CH.ifa.draw.util"
    },
    {
      "type": "insert-node",
      "node": {
        "label": "javax.swing.JPanel",
        "type": "QualifiedName"
      },
      "location-after-char-start": 363,
      "location-after-char-end": 381,
      "node-str": "javax.swing.JPanel"
    },
    {
      "type": "insert-node",
      "node": {
        "label": "java.awt",
        "type": "QualifiedName"
      },
      "location-after-char-start": 390,
      "location-after-char-end": 398,
      "node-str": "java.awt"
    },
    {
      "type": "insert-node",
      "node": {
        "label": "",
        "type": "Javadoc"
      },
      "location-after-char-start": 403,
      "location-after-char-end": 513,
      "node-str": ""
    },
    {
      "type": "insert-node",
      "node": {
        "label": "public",
        "type": "Modifier"
      },
      "location-after-char-start": 514,
      "location-after-char-end": 520,
      "node-str": "public"
    },
    {
      "type": "insert-node",
      "node": {
        "label": "class",
        "type": "TYPE_DECLARATION_KIND"
      },
      "location-after-char-start": 522,
      "location-after-char-end": 527,
      "node-str": "class"
    },
    {
      "type": "insert-node",
      "node": {
        "label": "Filler",
        "type": "SimpleName"
      },
      "location-after-char-start": 528,
      "location-after-char-end": 534,
      "node-str": "Filler"
    },
    {
      "type": "insert-node",
      "node": {
        "label": "",
        "type": "SimpleType"
      },
      "location-after-char-start": 545,
      "location-after-char-end": 551,
      "node-str": ""
    },
    {
      "type": "insert-node",
      "node": {
        "label": "",
        "type": "TagElement"
      },
      "location-after-char-start": 410,
      "location-after-char-end": 474,
      "node-str": ""
    },
    {
      "type": "insert-node",
      "node": {
        "label": "",
        "type": "TagElement"
      },
      "location-after-char-start": 481,
      "location-after-char-end": 509,
      "node-str": ""
    },
    {
      "type": "insert-node",
      "node": {
        "label": "JPanel",
        "type": "SimpleName"
      },
      "location-after-char-start": 545,
      "location-after-char-end": 551,
      "node-str": "JPanel"
    },
    {
      "type": "insert-node",
      "node": {
        "label": "A component that can be used to reserve white space in a layout.",
        "type": "TextElement"
      },
      "location-after-char-start": 410,
      "location-after-char-end": 474,
      "node-str": "A component that can be used to reserve white space in a layout."
    },
    {
      "type": "insert-node",
      "node": {
        "label": " \u003c$CURRENT_VERSION$\u003e",
        "type": "TextElement"
      },
      "location-after-char-start": 489,
      "location-after-char-end": 509,
      "node-str": " \u003c$CURRENT_VERSION$\u003e"
    },
    {
      "type": "insert-node",
      "node": {
        "label": "",
        "type": "Block"
      },
      "location-after-char-start": 1050,
      "location-after-char-end": 1078,
      "node-str": ""
    },
    {
      "type": "move-subtree",
      "node": {
        "label": "",
        "type": "ReturnStatement"
      },
      "location-before-char-start": 818,
      "location-before-char-end": 837,
      "location-after-char-start": 1055,
      "location-after-char-end": 1074,
      "node-str": ""
    },
    {
      "type": "delete-node",
      "node": {
        "label": "CH.ifa.draw.util",
        "type": "QualifiedName"
      },
      "location-before-char-start": 42,
      "location-before-char-end": 58,
      "node-str": "CH.ifa.draw.util"
    },
    {
      "type": "delete-node",
      "node": {
        "label": "",
        "type": "PackageDeclaration"
      },
      "location-before-char-start": 34,
      "location-before-char-end": 59,
      "node-str": ""
    },
    {
      "type": "delete-node",
      "node": {
        "label": "javax.swing.JPanel",
        "type": "QualifiedName"
      },
      "location-before-char-start": 68,
      "location-before-char-end": 86,
      "node-str": "javax.swing.JPanel"
    },
    {
      "type": "delete-node",
      "node": {
        "label": "",
        "type": "ImportDeclaration"
      },
      "location-before-char-start": 61,
      "location-before-char-end": 87,
      "node-str": ""
    },
    {
      "type": "delete-node",
      "node": {
        "label": "java.awt",
        "type": "QualifiedName"
      },
      "location-before-char-start": 95,
      "location-before-char-end": 103,
      "node-str": "java.awt"
    },
    {
      "type": "delete-node",
      "node": {
        "label": "",
        "type": "ImportDeclaration"
      },
      "location-before-char-start": 88,
      "location-before-char-end": 106,
      "node-str": ""
    },
    {
      "type": "delete-node",
      "node": {
        "label": "A component that can be used to reserve white space in a layout.",
        "type": "TextElement"
      },
      "location-before-char-start": 115,
      "location-before-char-end": 179,
      "node-str": "A component that can be used to reserve white space in a layout."
    },
    {
      "type": "delete-node",
      "node": {
        "label": "",
        "type": "TagElement"
      },
      "location-before-char-start": 115,
      "location-before-char-end": 179,
      "node-str": ""
    },
    {
      "type": "delete-node",
      "node": {
        "label": "",
        "type": "Javadoc"
      },
      "location-before-char-start": 108,
      "location-before-char-end": 183,
      "node-str": ""
    },
    {
      "type": "delete-node",
      "node": {
        "label": "public",
        "type": "Modifier"
      },
      "location-before-char-start": 186,
      "location-before-char-end": 192,
      "node-str": "public"
    },
    {
      "type": "delete-node",
      "node": {
        "label": "class",
        "type": "TYPE_DECLARATION_KIND"
      },
      "location-before-char-start": 194,
      "location-before-char-end": 199,
      "node-str": "class"
    },
    {
      "type": "delete-node",
      "node": {
        "label": "Filler",
        "type": "SimpleName"
      },
      "location-before-char-start": 200,
      "location-before-char-end": 206,
      "node-str": "Filler"
    },
    {
      "type": "delete-node",
      "node": {
        "label": "JPanel",
        "type": "SimpleName"
      },
      "location-before-char-start": 223,
      "location-before-char-end": 229,
      "node-str": "JPanel"
    },
    {
      "type": "delete-node",
      "node": {
        "label": "",
        "type": "SimpleType"
      },
      "location-before-char-start": 223,
      "location-before-char-end": 229,
      "node-str": ""
    }
  ],
  "before-file": {},
  "after-file": {},
  "mapping": {}
}