{
  "tool-info": {},
  "diff": [
    {
      "type": "insert-node",
      "node": {
        "label": "public",
        "type": "Modifier"
      },
      "location-after-char-start": 0,
      "location-after-char-end": 0,
      "node-str": "public"
    },
    {
      "type": "insert-node",
      "node": {
        "label": "",
        "type": "TypeReference"
      },
      "location-after-char-start": 1444,
      "location-after-char-end": 1462,
      "node-str": ""
    },
    {
      "type": "insert-node",
      "node": {
        "label": "container",
        "type": "Field"
      },
      "location-after-char-start": 1707,
      "location-after-char-end": 1751,
      "node-str": "container"
    },
    {
      "type": "insert-node",
      "node": {
        "label": "register",
        "type": "Method"
      },
      "location-after-char-start": 4513,
      "location-after-char-end": 5677,
      "node-str": "register"
    },
    {
      "type": "insert-node",
      "node": {
        "label": "org.jboss.ejb.plugins.AbstractInterceptor",
        "type": "SUPER_TYPE"
      },
      "location-after-char-start": 0,
      "location-after-char-end": 0,
      "node-str": "org.jboss.ejb.plugins.AbstractInterceptor"
    },
    {
      "type": "insert-node",
      "node": {
        "label": "org.jboss.ejb.StatefulSessionContainer",
        "type": "VARIABLE_TYPE"
      },
      "location-after-char-start": 0,
      "location-after-char-end": 0,
      "node-str": "org.jboss.ejb.StatefulSessionContainer"
    },
    {
      "type": "insert-node",
      "node": {
        "label": "protected",
        "type": "Modifier"
      },
      "location-after-char-start": 0,
      "location-after-char-end": 0,
      "node-str": "protected"
    },
    {
      "type": "insert-node",
      "node": {
        "label": "void",
        "type": "RETURN_TYPE"
      },
      "location-after-char-start": 0,
      "location-after-char-end": 0,
      "node-str": "void"
    },
    {
      "type": "insert-node",
      "node": {
        "label": "protected",
        "type": "Modifier"
      },
      "location-after-char-start": 0,
      "location-after-char-end": 0,
      "node-str": "protected"
    },
    {
      "type": "insert-node",
      "node": {
        "label": "ctx",
        "type": "Parameter"
      },
      "location-after-char-start": 4537,
      "location-after-char-end": 4557,
      "node-str": "ctx"
    },
    {
      "type": "insert-node",
      "node": {
        "label": "tx",
        "type": "Parameter"
      },
      "location-after-char-start": 4560,
      "location-after-char-end": 4573,
      "node-str": "tx"
    },
    {
      "type": "insert-node",
      "node": {
        "label": "lock",
        "type": "Parameter"
      },
      "location-after-char-start": 4576,
      "location-after-char-end": 4588,
      "node-str": "lock"
    },
    {
      "type": "insert-node",
      "node": {
        "label": "synch",
        "type": "LocalVariable"
      },
      "location-after-char-start": 4640,
      "location-after-char-end": 4710,
      "node-str": "synch"
    },
    {
      "type": "move-subtree",
      "node": {
        "label": "",
        "type": "Try"
      },
      "location-before-char-start": 4729,
      "location-before-char-end": 5676,
      "location-after-char-start": 4725,
      "location-after-char-end": 5672,
      "node-str": ""
    },
    {
      "type": "insert-node",
      "node": {
        "label": "org.jboss.ejb.EnterpriseContext",
        "type": "VARIABLE_TYPE"
      },
      "location-after-char-start": 0,
      "location-after-char-end": 0,
      "node-str": "org.jboss.ejb.EnterpriseContext"
    },
    {
      "type": "insert-node",
      "node": {
        "label": "javax.transaction.Transaction",
        "type": "VARIABLE_TYPE"
      },
      "location-after-char-start": 0,
      "location-after-char-end": 0,
      "node-str": "javax.transaction.Transaction"
    },
    {
      "type": "insert-node",
      "node": {
        "label": "org.jboss.ejb.BeanLock",
        "type": "VARIABLE_TYPE"
      },
      "location-after-char-start": 0,
      "location-after-char-end": 0,
      "node-str": "org.jboss.ejb.BeanLock"
    },
    {
      "type": "insert-node",
      "node": {
        "label": "org.jboss.ejb.plugins.StatefulSessionInstanceInterceptor$InstanceSynchronization",
        "type": "VARIABLE_TYPE"
      },
      "location-after-char-start": 0,
      "location-after-char-end": 0,
      "node-str": "org.jboss.ejb.plugins.StatefulSessionInstanceInterceptor$InstanceSynchronization"
    },
    {
      "type": "insert-node",
      "node": {
        "label": "org.jboss.ejb.plugins.StatefulSessionInstanceInterceptor$InstanceSynchronization(org.jboss.ejb.EnterpriseContext,org.jboss.ejb.BeanLock)",
        "type": "ConstructorCall"
      },
      "location-after-char-start": 4672,
      "location-after-char-end": 4709,
      "node-str": "org.jboss.ejb.plugins.StatefulSessionInstanceInterceptor$InstanceSynchronization(org.jboss.ejb.EnterpriseContext,org.jboss.ejb.BeanLock)"
    },
    {
      "type": "insert-node",
      "node": {
        "label": "ctx",
        "type": "VariableRead"
      },
      "location-after-char-start": 4700,
      "location-after-char-end": 4702,
      "node-str": "ctx"
    },
    {
      "type": "insert-node",
      "node": {
        "label": "lock",
        "type": "VariableRead"
      },
      "location-after-char-start": 4705,
      "location-after-char-end": 4708,
      "node-str": "lock"
    },
    {
      "type": "delete-node",
      "node": {
        "label": "public",
        "type": "Modifier"
      },
      "location-before-char-start": 0,
      "location-before-char-end": 0,
      "node-str": "public"
    },
    {
      "type": "delete-node",
      "node": {
        "label": "org.jboss.ejb.plugins.AbstractInterceptor",
        "type": "SUPER_TYPE"
      },
      "location-before-char-start": 0,
      "location-before-char-end": 0,
      "node-str": "org.jboss.ejb.plugins.AbstractInterceptor"
    },
    {
      "type": "delete-node",
      "node": {
        "label": "",
        "type": "TypeReference"
      },
      "location-before-char-start": 1444,
      "location-before-char-end": 1462,
      "node-str": ""
    },
    {
      "type": "delete-node",
      "node": {
        "label": "org.jboss.ejb.StatefulSessionContainer",
        "type": "VARIABLE_TYPE"
      },
      "location-before-char-start": 0,
      "location-before-char-end": 0,
      "node-str": "org.jboss.ejb.StatefulSessionContainer"
    },
    {
      "type": "delete-node",
      "node": {
        "label": "protected",
        "type": "Modifier"
      },
      "location-before-char-start": 0,
      "location-before-char-end": 0,
      "node-str": "protected"
    },
    {
      "type": "delete-node",
      "node": {
        "label": "container",
        "type": "Field"
      },
      "location-before-char-start": 1707,
      "location-before-char-end": 1751,
      "node-str": "container"
    },
    {
      "type": "delete-node",
      "node": {
        "label": "void",
        "type": "RETURN_TYPE"
      },
      "location-before-char-start": 0,
      "location-before-char-end": 0,
      "node-str": "void"
    },
    {
      "type": "delete-node",
      "node": {
        "label": "protected",
        "type": "Modifier"
      },
      "location-before-char-start": 0,
      "location-before-char-end": 0,
      "node-str": "protected"
    },
    {
      "type": "delete-node",
      "node": {
        "label": "org.jboss.ejb.EnterpriseContext",
        "type": "VARIABLE_TYPE"
      },
      "location-before-char-start": 0,
      "location-before-char-end": 0,
      "node-str": "org.jboss.ejb.EnterpriseContext"
    },
    {
      "type": "delete-node",
      "node": {
        "label": "ctx",
        "type": "Parameter"
      },
      "location-before-char-start": 4537,
      "location-before-char-end": 4557,
      "node-str": "ctx"
    },
    {
      "type": "delete-node",
      "node": {
        "label": "javax.transaction.Transaction",
        "type": "VARIABLE_TYPE"
      },
      "location-before-char-start": 0,
      "location-before-char-end": 0,
      "node-str": "javax.transaction.Transaction"
    },
    {
      "type": "delete-node",
      "node": {
        "label": "tx",
        "type": "Parameter"
      },
      "location-before-char-start": 4560,
      "location-before-char-end": 4573,
      "node-str": "tx"
    },
    {
      "type": "delete-node",
      "node": {
        "label": "org.jboss.ejb.BeanLock",
        "type": "VARIABLE_TYPE"
      },
      "location-before-char-start": 0,
      "location-before-char-end": 0,
      "node-str": "org.jboss.ejb.BeanLock"
    },
    {
      "type": "delete-node",
      "node": {
        "label": "lock",
        "type": "Parameter"
      },
      "location-before-char-start": 4576,
      "location-before-char-end": 4588,
      "node-str": "lock"
    },
    {
      "type": "delete-node",
      "node": {
        "label": "org.jboss.ejb.plugins.StatefulSessionInstanceInterceptor$InstanceSynchronization",
        "type": "VARIABLE_TYPE"
      },
      "location-before-char-start": 0,
      "location-before-char-end": 0,
      "node-str": "org.jboss.ejb.plugins.StatefulSessionInstanceInterceptor$InstanceSynchronization"
    },
    {
      "type": "delete-node",
      "node": {
        "label": "tx",
        "type": "VariableRead"
      },
      "location-before-char-start": 4700,
      "location-before-char-end": 4701,
      "node-str": "tx"
    },
    {
      "type": "delete-node",
      "node": {
        "label": "ctx",
        "type": "VariableRead"
      },
      "location-before-char-start": 4704,
      "location-before-char-end": 4706,
      "node-str": "ctx"
    },
    {
      "type": "delete-node",
      "node": {
        "label": "lock",
        "type": "VariableRead"
      },
      "location-before-char-start": 4709,
      "location-before-char-end": 4712,
      "node-str": "lock"
    },
    {
      "type": "delete-node",
      "node": {
        "label": "org.jboss.ejb.plugins.StatefulSessionInstanceInterceptor$InstanceSynchronization(javax.transaction.Transaction,org.jboss.ejb.EnterpriseContext,org.jboss.ejb.BeanLock)",
        "type": "ConstructorCall"
      },
      "location-before-char-start": 4672,
      "location-before-char-end": 4713,
      "node-str": "org.jboss.ejb.plugins.StatefulSessionInstanceInterceptor$InstanceSynchronization(javax.transaction.Transaction,org.jboss.ejb.EnterpriseContext,org.jboss.ejb.BeanLock)"
    },
    {
      "type": "delete-node",
      "node": {
        "label": "synch",
        "type": "LocalVariable"
      },
      "location-before-char-start": 4640,
      "location-before-char-end": 4714,
      "node-str": "synch"
    },
    {
      "type": "delete-node",
      "node": {
        "label": "register",
        "type": "Method"
      },
      "location-before-char-start": 4513,
      "location-before-char-end": 5681,
      "node-str": "register"
    },
    {
      "type": "delete-node",
      "node": {
        "label": "javax.transaction.Transaction",
        "type": "VARIABLE_TYPE"
      },
      "location-before-char-start": 0,
      "location-before-char-end": 0,
      "node-str": "javax.transaction.Transaction"
    },
    {
      "type": "delete-node",
      "node": {
        "label": "tx",
        "type": "Field"
      },
      "location-before-char-start": 11536,
      "location-before-char-end": 11615,
      "node-str": "tx"
    },
    {
      "type": "delete-node",
      "node": {
        "label": "javax.transaction.Transaction",
        "type": "VARIABLE_TYPE"
      },
      "location-before-char-start": 0,
      "location-before-char-end": 0,
      "node-str": "javax.transaction.Transaction"
    },
    {
      "type": "delete-node",
      "node": {
        "label": "tx",
        "type": "Parameter"
      },
      "location-before-char-start": 12167,
      "location-before-char-end": 12180,
      "node-str": "tx"
    },
    {
      "type": "delete-node",
      "node": {
        "label": "org.jboss.ejb.plugins.StatefulSessionInstanceInterceptor$InstanceSynchronization",
        "type": "TypeAccess"
      },
      "location-before-char-start": 0,
      "location-before-char-end": 0,
      "node-str": "org.jboss.ejb.plugins.StatefulSessionInstanceInterceptor$InstanceSynchronization"
    },
    {
      "type": "delete-node",
      "node": {
        "label": "this",
        "type": "ThisAccess"
      },
      "location-before-char-start": 12238,
      "location-before-char-end": 12241,
      "node-str": "this"
    },
    {
      "type": "delete-node",
      "node": {
        "label": "tx",
        "type": "FieldWrite"
      },
      "location-before-char-start": 12238,
      "location-before-char-end": 12244,
      "node-str": "tx"
    },
    {
      "type": "delete-node",
      "node": {
        "label": "tx",
        "type": "VariableRead"
      },
      "location-before-char-start": 12248,
      "location-before-char-end": 12249,
      "node-str": "tx"
    },
    {
      "type": "delete-node",
      "node": {
        "label": "\u003d",
        "type": "Assignment"
      },
      "location-before-char-start": 12238,
      "location-before-char-end": 12250,
      "node-str": "\u003d"
    }
  ],
  "before-file": {},
  "after-file": {},
  "mapping": {}
}