{
  "tool-info": {},
  "diff": [
    {
      "type": "insert-node",
      "node": {
        "label": "TEXT_MARGIN",
        "type": "Field"
      },
      "location-after-char-start": 2953,
      "location-after-char-end": 2993,
      "node-str": "TEXT_MARGIN"
    },
    {
      "type": "insert-node",
      "node": {
        "label": "item",
        "type": "Field"
      },
      "location-after-char-start": 3411,
      "location-after-char-end": 3433,
      "node-str": "item"
    },
    {
      "type": "insert-node",
      "node": {
        "label": "recreateWrappedText",
        "type": "Method"
      },
      "location-after-char-start": 12625,
      "location-after-char-end": 13057,
      "node-str": "recreateWrappedText"
    },
    {
      "type": "insert-node",
      "node": {
        "label": "configureText",
        "type": "Method"
      },
      "location-after-char-start": 13061,
      "location-after-char-end": 13781,
      "node-str": "configureText"
    },
    {
      "type": "insert-node",
      "node": {
        "label": "int",
        "type": "VARIABLE_TYPE"
      },
      "location-after-char-start": 0,
      "location-after-char-end": 0,
      "node-str": "int"
    },
    {
      "type": "move-subtree",
      "node": {
        "label": "final",
        "type": "Modifier"
      },
      "location-before-char-start": 0,
      "location-before-char-end": 0,
      "location-after-char-start": 0,
      "location-after-char-end": 0,
      "node-str": "final"
    },
    {
      "type": "insert-node",
      "node": {
        "label": "static",
        "type": "Modifier"
      },
      "location-after-char-start": 0,
      "location-after-char-end": 0,
      "node-str": "static"
    },
    {
      "type": "insert-node",
      "node": {
        "label": "5",
        "type": "Literal"
      },
      "location-after-char-start": 2992,
      "location-after-char-end": 2992,
      "node-str": "5"
    },
    {
      "type": "move-subtree",
      "node": {
        "label": "org.eclipse.ui.internal.about.AboutItem",
        "type": "VARIABLE_TYPE"
      },
      "location-before-char-start": 0,
      "location-before-char-end": 0,
      "location-after-char-start": 0,
      "location-after-char-end": 0,
      "node-str": "org.eclipse.ui.internal.about.AboutItem"
    },
    {
      "type": "insert-node",
      "node": {
        "label": "\u003d",
        "type": "Assignment"
      },
      "location-after-char-start": 6939,
      "location-after-char-end": 6950,
      "node-str": "\u003d"
    },
    {
      "type": "insert-node",
      "node": {
        "label": "setSize",
        "type": "Invocation"
      },
      "location-after-char-start": 10542,
      "location-after-char-end": 10591,
      "node-str": "setSize"
    },
    {
      "type": "insert-node",
      "node": {
        "label": "void",
        "type": "RETURN_TYPE"
      },
      "location-after-char-start": 0,
      "location-after-char-end": 0,
      "node-str": "void"
    },
    {
      "type": "insert-node",
      "node": {
        "label": "parent",
        "type": "Parameter"
      },
      "location-after-char-start": 12650,
      "location-after-char-end": 12665,
      "node-str": "parent"
    },
    {
      "type": "insert-node",
      "node": {
        "label": "withScrolling",
        "type": "Parameter"
      },
      "location-after-char-start": 12668,
      "location-after-char-end": 12688,
      "node-str": "withScrolling"
    },
    {
      "type": "insert-node",
      "node": {
        "label": "style",
        "type": "LocalVariable"
      },
      "location-after-char-start": 12695,
      "location-after-char-end": 12722,
      "node-str": "style"
    },
    {
      "type": "insert-node",
      "node": {
        "label": "if",
        "type": "If"
      },
      "location-after-char-start": 12726,
      "location-after-char-end": 12812,
      "node-str": "if"
    },
    {
      "type": "insert-node",
      "node": {
        "label": "hasFocus",
        "type": "LocalVariable"
      },
      "location-after-char-start": 12816,
      "location-after-char-end": 12856,
      "node-str": "hasFocus"
    },
    {
      "type": "insert-node",
      "node": {
        "label": "selection",
        "type": "LocalVariable"
      },
      "location-after-char-start": 12860,
      "location-after-char-end": 12897,
      "node-str": "selection"
    },
    {
      "type": "insert-node",
      "node": {
        "label": "dispose",
        "type": "Invocation"
      },
      "location-after-char-start": 12901,
      "location-after-char-end": 12915,
      "node-str": "dispose"
    },
    {
      "type": "insert-node",
      "node": {
        "label": "\u003d",
        "type": "Assignment"
      },
      "location-after-char-start": 12919,
      "location-after-char-end": 12955,
      "node-str": "\u003d"
    },
    {
      "type": "insert-node",
      "node": {
        "label": "configureText",
        "type": "Invocation"
      },
      "location-after-char-start": 12959,
      "location-after-char-end": 12980,
      "node-str": "configureText"
    },
    {
      "type": "insert-node",
      "node": {
        "label": "if",
        "type": "If"
      },
      "location-after-char-start": 12984,
      "location-after-char-end": 13022,
      "node-str": "if"
    },
    {
      "type": "insert-node",
      "node": {
        "label": "setSelection",
        "type": "Invocation"
      },
      "location-after-char-start": 13026,
      "location-after-char-end": 13054,
      "node-str": "setSelection"
    },
    {
      "type": "insert-node",
      "node": {
        "label": "void",
        "type": "RETURN_TYPE"
      },
      "location-after-char-start": 0,
      "location-after-char-end": 0,
      "node-str": "void"
    },
    {
      "type": "insert-node",
      "node": {
        "label": "parent",
        "type": "Parameter"
      },
      "location-after-char-start": 13080,
      "location-after-char-end": 13101,
      "node-str": "parent"
    },
    {
      "type": "insert-node",
      "node": {
        "label": "background",
        "type": "LocalVariable"
      },
      "location-after-char-start": 13218,
      "location-after-char-end": 13289,
      "node-str": "background"
    },
    {
      "type": "insert-node",
      "node": {
        "label": "foreground",
        "type": "LocalVariable"
      },
      "location-after-char-start": 13293,
      "location-after-char-end": 13364,
      "node-str": "foreground"
    },
    {
      "type": "move-subtree",
      "node": {
        "label": "setFont",
        "type": "Invocation"
      },
      "location-before-char-start": 11772,
      "location-before-char-end": 11802,
      "location-after-char-start": 13369,
      "location-after-char-end": 13399,
      "node-str": "setFont"
    },
    {
      "type": "insert-node",
      "node": {
        "label": "setText",
        "type": "Invocation"
      },
      "location-after-char-start": 13403,
      "location-after-char-end": 13431,
      "node-str": "setText"
    },
    {
      "type": "move-subtree",
      "node": {
        "label": "setCursor",
        "type": "Invocation"
      },
      "location-before-char-start": 11858,
      "location-before-char-end": 11878,
      "location-after-char-start": 13435,
      "location-after-char-end": 13455,
      "node-str": "setCursor"
    },
    {
      "type": "move-subtree",
      "node": {
        "label": "setBackground",
        "type": "Invocation"
      },
      "location-before-char-start": 11892,
      "location-before-char-end": 11922,
      "location-after-char-start": 13459,
      "location-after-char-end": 13489,
      "node-str": "setBackground"
    },
    {
      "type": "move-subtree",
      "node": {
        "label": "setForeground",
        "type": "Invocation"
      },
      "location-before-char-start": 11936,
      "location-before-char-end": 11966,
      "location-after-char-start": 13493,
      "location-after-char-end": 13523,
      "node-str": "setForeground"
    },
    {
      "type": "insert-node",
      "node": {
        "label": "setMargins",
        "type": "Invocation"
      },
      "location-after-char-start": 13527,
      "location-after-char-end": 13584,
      "node-str": "setMargins"
    },
    {
      "type": "move-subtree",
      "node": {
        "label": "\u003d",
        "type": "Assignment"
      },
      "location-before-char-start": 11993,
      "location-before-char-end": 12038,
      "location-after-char-start": 13589,
      "location-after-char-end": 13634,
      "node-str": "\u003d"
    },
    {
      "type": "move-subtree",
      "node": {
        "label": "setItem",
        "type": "Invocation"
      },
      "location-before-char-start": 12052,
      "location-before-char-end": 12082,
      "location-after-char-start": 13638,
      "location-after-char-end": 13668,
      "node-str": "setItem"
    },
    {
      "type": "move-subtree",
      "node": {
        "label": "createTextMenu",
        "type": "Invocation"
      },
      "location-before-char-start": 12109,
      "location-before-char-end": 12125,
      "location-after-char-start": 13673,
      "location-after-char-end": 13689,
      "node-str": "createTextMenu"
    },
    {
      "type": "move-subtree",
      "node": {
        "label": "gd",
        "type": "LocalVariable"
      },
      "location-before-char-start": 12146,
      "location-before-char-end": 12174,
      "location-after-char-start": 13694,
      "location-after-char-end": 13752,
      "node-str": "gd"
    },
    {
      "type": "move-subtree",
      "node": {
        "label": "setLayoutData",
        "type": "Invocation"
      },
      "location-before-char-start": 12320,
      "location-before-char-end": 12342,
      "location-after-char-start": 13756,
      "location-after-char-end": 13778,
      "node-str": "setLayoutData"
    },
    {
      "type": "insert-node",
      "node": {
        "label": "item",
        "type": "FieldWrite"
      },
      "location-after-char-start": 6939,
      "location-after-char-end": 6942,
      "node-str": "item"
    },
    {
      "type": "move-subtree",
      "node": {
        "label": "null",
        "type": "Literal"
      },
      "location-before-char-start": 6899,
      "location-before-char-end": 6902,
      "location-after-char-start": 6946,
      "location-after-char-end": 6949,
      "node-str": "null"
    },
    {
      "type": "update-node",
      "node": {
        "label": "org.eclipse.swt.layout.GridData()",
        "type": "ConstructorCall"
      },
      "location-before-char-start": 10323,
      "location-before-char-end": 10336,
      "location-after-char-start": 10364,
      "location-after-char-end": 10407,
      "node-str": "java.lang.Object()"
    },
    {
      "type": "insert-node",
      "node": {
        "label": "topContainer",
        "type": "VariableRead"
      },
      "location-after-char-start": 10542,
      "location-after-char-end": 10553,
      "node-str": "topContainer"
    },
    {
      "type": "move-subtree",
      "node": {
        "label": "432",
        "type": "Literal"
      },
      "location-before-char-start": 10682,
      "location-before-char-end": 10684,
      "location-after-char-start": 10563,
      "location-after-char-end": 10565,
      "node-str": "432"
    },
    {
      "type": "move-subtree",
      "node": {
        "label": "topContainerHeightHint",
        "type": "VariableRead"
      },
      "location-before-char-start": 10555,
      "location-before-char-end": 10576,
      "location-after-char-start": 10568,
      "location-after-char-end": 10589,
      "node-str": "topContainerHeightHint"
    },
    {
      "type": "move-subtree",
      "node": {
        "label": "minWidth",
        "type": "LocalVariable"
      },
      "location-before-char-start": 10661,
      "location-before-char-end": 10685,
      "location-after-char-start": 10829,
      "location-after-char-end": 10863,
      "node-str": "xTrim"
    },
    {
      "type": "insert-node",
      "node": {
        "label": "org.eclipse.swt.widgets.Composite",
        "type": "VARIABLE_TYPE"
      },
      "location-after-char-start": 0,
      "location-after-char-end": 0,
      "node-str": "org.eclipse.swt.widgets.Composite"
    },
    {
      "type": "insert-node",
      "node": {
        "label": "boolean",
        "type": "VARIABLE_TYPE"
      },
      "location-after-char-start": 0,
      "location-after-char-end": 0,
      "node-str": "boolean"
    },
    {
      "type": "insert-node",
      "node": {
        "label": "int",
        "type": "VARIABLE_TYPE"
      },
      "location-after-char-start": 0,
      "location-after-char-end": 0,
      "node-str": "int"
    },
    {
      "type": "insert-node",
      "node": {
        "label": "getStyle",
        "type": "Invocation"
      },
      "location-after-char-start": 12707,
      "location-after-char-end": 12721,
      "node-str": "getStyle"
    },
    {
      "type": "insert-node",
      "node": {
        "label": "withScrolling",
        "type": "VariableRead"
      },
      "location-after-char-start": 12730,
      "location-after-char-end": 12742,
      "node-str": "withScrolling"
    },
    {
      "type": "insert-node",
      "node": {
        "label": "THEN",
        "type": "then"
      },
      "location-after-char-start": 12745,
      "location-after-char-end": 12775,
      "node-str": "THEN"
    },
    {
      "type": "insert-node",
      "node": {
        "label": "ELSE",
        "type": "else"
      },
      "location-after-char-start": 12782,
      "location-after-char-end": 12812,
      "node-str": "ELSE"
    },
    {
      "type": "insert-node",
      "node": {
        "label": "boolean",
        "type": "VARIABLE_TYPE"
      },
      "location-after-char-start": 0,
      "location-after-char-end": 0,
      "node-str": "boolean"
    },
    {
      "type": "insert-node",
      "node": {
        "label": "isFocusControl",
        "type": "Invocation"
      },
      "location-after-char-start": 12835,
      "location-after-char-end": 12855,
      "node-str": "isFocusControl"
    },
    {
      "type": "insert-node",
      "node": {
        "label": "org.eclipse.swt.graphics.Point",
        "type": "VARIABLE_TYPE"
      },
      "location-after-char-start": 0,
      "location-after-char-end": 0,
      "node-str": "org.eclipse.swt.graphics.Point"
    },
    {
      "type": "insert-node",
      "node": {
        "label": "getSelection",
        "type": "Invocation"
      },
      "location-after-char-start": 12878,
      "location-after-char-end": 12896,
      "node-str": "getSelection"
    },
    {
      "type": "insert-node",
      "node": {
        "label": "text",
        "type": "FieldRead"
      },
      "location-after-char-start": 12901,
      "location-after-char-end": 12904,
      "node-str": "text"
    },
    {
      "type": "insert-node",
      "node": {
        "label": "text",
        "type": "FieldWrite"
      },
      "location-after-char-start": 12919,
      "location-after-char-end": 12922,
      "node-str": "text"
    },
    {
      "type": "insert-node",
      "node": {
        "label": "java.lang.Object()",
        "type": "ConstructorCall"
      },
      "location-after-char-start": 12926,
      "location-after-char-end": 12954,
      "node-str": "java.lang.Object()"
    },
    {
      "type": "insert-node",
      "node": {
        "label": "org.eclipse.ui.internal.dialogs.AboutDialog",
        "type": "TypeAccess"
      },
      "location-after-char-start": 0,
      "location-after-char-end": 0,
      "node-str": "org.eclipse.ui.internal.dialogs.AboutDialog"
    },
    {
      "type": "insert-node",
      "node": {
        "label": "parent",
        "type": "VariableRead"
      },
      "location-after-char-start": 12973,
      "location-after-char-end": 12978,
      "node-str": "parent"
    },
    {
      "type": "insert-node",
      "node": {
        "label": "hasFocus",
        "type": "VariableRead"
      },
      "location-after-char-start": 12988,
      "location-after-char-end": 12995,
      "node-str": "hasFocus"
    },
    {
      "type": "insert-node",
      "node": {
        "label": "THEN",
        "type": "then"
      },
      "location-after-char-start": 12998,
      "location-after-char-end": 13022,
      "node-str": "THEN"
    },
    {
      "type": "insert-node",
      "node": {
        "label": "text",
        "type": "FieldRead"
      },
      "location-after-char-start": 13026,
      "location-after-char-end": 13029,
      "node-str": "text"
    },
    {
      "type": "insert-node",
      "node": {
        "label": "selection",
        "type": "VariableRead"
      },
      "location-after-char-start": 13044,
      "location-after-char-end": 13052,
      "node-str": "selection"
    },
    {
      "type": "move-subtree",
      "node": {
        "label": "org.eclipse.swt.widgets.Composite",
        "type": "VARIABLE_TYPE"
      },
      "location-before-char-start": 0,
      "location-before-char-end": 0,
      "location-after-char-start": 0,
      "location-after-char-end": 0,
      "node-str": "org.eclipse.swt.widgets.Composite"
    },
    {
      "type": "move-subtree",
      "node": {
        "label": "final",
        "type": "Modifier"
      },
      "location-before-char-start": 0,
      "location-before-char-end": 0,
      "location-after-char-start": 0,
      "location-after-char-end": 0,
      "node-str": "final"
    },
    {
      "type": "insert-node",
      "node": {
        "label": "org.eclipse.swt.graphics.Color",
        "type": "VARIABLE_TYPE"
      },
      "location-after-char-start": 0,
      "location-after-char-end": 0,
      "node-str": "org.eclipse.swt.graphics.Color"
    },
    {
      "type": "insert-node",
      "node": {
        "label": "getBannerBackground",
        "type": "Invocation"
      },
      "location-after-char-start": 13237,
      "location-after-char-end": 13288,
      "node-str": "getBannerBackground"
    },
    {
      "type": "insert-node",
      "node": {
        "label": "org.eclipse.swt.graphics.Color",
        "type": "VARIABLE_TYPE"
      },
      "location-after-char-start": 0,
      "location-after-char-end": 0,
      "node-str": "org.eclipse.swt.graphics.Color"
    },
    {
      "type": "insert-node",
      "node": {
        "label": "getBannerForeground",
        "type": "Invocation"
      },
      "location-after-char-start": 13312,
      "location-after-char-end": 13363,
      "node-str": "getBannerForeground"
    },
    {
      "type": "insert-node",
      "node": {
        "label": "text",
        "type": "FieldRead"
      },
      "location-after-char-start": 13403,
      "location-after-char-end": 13406,
      "node-str": "text"
    },
    {
      "type": "insert-node",
      "node": {
        "label": "getText",
        "type": "Invocation"
      },
      "location-after-char-start": 13416,
      "location-after-char-end": 13429,
      "node-str": "getText"
    },
    {
      "type": "insert-node",
      "node": {
        "label": "text",
        "type": "FieldRead"
      },
      "location-after-char-start": 13527,
      "location-after-char-end": 13530,
      "node-str": "text"
    },
    {
      "type": "insert-node",
      "node": {
        "label": "TEXT_MARGIN",
        "type": "FieldRead"
      },
      "location-after-char-start": 13543,
      "location-after-char-end": 13553,
      "node-str": "TEXT_MARGIN"
    },
    {
      "type": "insert-node",
      "node": {
        "label": "TEXT_MARGIN",
        "type": "FieldRead"
      },
      "location-after-char-start": 13556,
      "location-after-char-end": 13566,
      "node-str": "TEXT_MARGIN"
    },
    {
      "type": "insert-node",
      "node": {
        "label": "TEXT_MARGIN",
        "type": "FieldRead"
      },
      "location-after-char-start": 13569,
      "location-after-char-end": 13579,
      "node-str": "TEXT_MARGIN"
    },
    {
      "type": "insert-node",
      "node": {
        "label": "0",
        "type": "Literal"
      },
      "location-after-char-start": 13582,
      "location-after-char-end": 13582,
      "node-str": "0"
    },
    {
      "type": "insert-node",
      "node": {
        "label": "item",
        "type": "FieldRead"
      },
      "location-after-char-start": 13663,
      "location-after-char-end": 13666,
      "node-str": "item"
    },
    {
      "type": "update-node",
      "node": {
        "label": "org.eclipse.swt.layout.GridData()",
        "type": "ConstructorCall"
      },
      "location-before-char-start": 12160,
      "location-before-char-end": 12173,
      "location-after-char-start": 13708,
      "location-after-char-end": 13751,
      "node-str": "java.lang.Object()"
    },
    {
      "type": "insert-node",
      "node": {
        "label": "org.eclipse.ui.internal.dialogs.AboutDialog",
        "type": "TypeAccess"
      },
      "location-after-char-start": 0,
      "location-after-char-end": 0,
      "node-str": "org.eclipse.ui.internal.dialogs.AboutDialog"
    },
    {
      "type": "update-node",
      "node": {
        "label": "H_SCROLL",
        "type": "FieldRead"
      },
      "location-before-char-start": 11226,
      "location-before-char-end": 11237,
      "location-after-char-start": 10377,
      "location-after-char-end": 10384,
      "node-str": "FILL"
    },
    {
      "type": "move-subtree",
      "node": {
        "label": "H_SCROLL",
        "type": "FieldRead"
      },
      "location-before-char-start": 11226,
      "location-before-char-end": 11237,
      "location-after-char-start": 10377,
      "location-after-char-end": 10384,
      "node-str": "FILL"
    },
    {
      "type": "update-node",
      "node": {
        "label": "NONE",
        "type": "FieldRead"
      },
      "location-before-char-start": 11426,
      "location-before-char-end": 11433,
      "location-after-char-start": 10387,
      "location-after-char-end": 10394,
      "node-str": "FILL"
    },
    {
      "type": "move-subtree",
      "node": {
        "label": "NONE",
        "type": "FieldRead"
      },
      "location-before-char-start": 11426,
      "location-before-char-end": 11433,
      "location-after-char-start": 10387,
      "location-after-char-end": 10394,
      "node-str": "FILL"
    },
    {
      "type": "move-subtree",
      "node": {
        "label": "true",
        "type": "Literal"
      },
      "location-before-char-start": 10523,
      "location-before-char-end": 10526,
      "location-after-char-start": 10397,
      "location-after-char-end": 10400,
      "node-str": "true"
    },
    {
      "type": "move-subtree",
      "node": {
        "label": "true",
        "type": "Literal"
      },
      "location-before-char-start": 13236,
      "location-before-char-end": 13239,
      "location-after-char-start": 10403,
      "location-after-char-end": 10406,
      "node-str": "true"
    },
    {
      "type": "insert-node",
      "node": {
        "label": "item",
        "type": "FieldRead"
      },
      "location-after-char-start": 10614,
      "location-after-char-end": 10617,
      "node-str": "item"
    },
    {
      "type": "insert-node",
      "node": {
        "label": "configureText",
        "type": "Invocation"
      },
      "location-after-char-start": 10711,
      "location-after-char-end": 10738,
      "node-str": "configureText"
    },
    {
      "type": "insert-node",
      "node": {
        "label": "rect",
        "type": "LocalVariable"
      },
      "location-after-char-start": 10775,
      "location-after-char-end": 10824,
      "node-str": "rect"
    },
    {
      "type": "update-node",
      "node": {
        "label": "minWidth",
        "type": "LocalVariable"
      },
      "location-before-char-start": 10661,
      "location-before-char-end": 10685,
      "location-after-char-start": 10829,
      "location-after-char-end": 10863,
      "node-str": "xTrim"
    },
    {
      "type": "update-node",
      "node": {
        "label": "inresize",
        "type": "LocalVariable"
      },
      "location-before-char-start": 12495,
      "location-before-char-end": 12536,
      "location-after-char-start": 10868,
      "location-after-char-end": 10903,
      "node-str": "yTrim"
    },
    {
      "type": "insert-node",
      "node": {
        "label": "text",
        "type": "FieldRead"
      },
      "location-after-char-start": 12707,
      "location-after-char-end": 12710,
      "node-str": "text"
    },
    {
      "type": "insert-node",
      "node": {
        "label": "",
        "type": "OperatorAssignment"
      },
      "location-after-char-start": 12750,
      "location-after-char-end": 12771,
      "node-str": ""
    },
    {
      "type": "insert-node",
      "node": {
        "label": "",
        "type": "OperatorAssignment"
      },
      "location-after-char-start": 12787,
      "location-after-char-end": 12808,
      "node-str": ""
    },
    {
      "type": "insert-node",
      "node": {
        "label": "text",
        "type": "FieldRead"
      },
      "location-after-char-start": 12835,
      "location-after-char-end": 12838,
      "node-str": "text"
    },
    {
      "type": "insert-node",
      "node": {
        "label": "text",
        "type": "FieldRead"
      },
      "location-after-char-start": 12878,
      "location-after-char-end": 12881,
      "node-str": "text"
    },
    {
      "type": "insert-node",
      "node": {
        "label": "org.eclipse.ui.internal.dialogs.AboutDialog",
        "type": "TypeAccess"
      },
      "location-after-char-start": 0,
      "location-after-char-end": 0,
      "node-str": "org.eclipse.ui.internal.dialogs.AboutDialog"
    },
    {
      "type": "insert-node",
      "node": {
        "label": "org.eclipse.ui.internal.dialogs.AboutDialog",
        "type": "TypeAccess"
      },
      "location-after-char-start": 0,
      "location-after-char-end": 0,
      "node-str": "org.eclipse.ui.internal.dialogs.AboutDialog"
    },
    {
      "type": "insert-node",
      "node": {
        "label": "parent",
        "type": "VariableRead"
      },
      "location-after-char-start": 12941,
      "location-after-char-end": 12946,
      "node-str": "parent"
    },
    {
      "type": "insert-node",
      "node": {
        "label": "style",
        "type": "VariableRead"
      },
      "location-after-char-start": 12949,
      "location-after-char-end": 12953,
      "node-str": "style"
    },
    {
      "type": "insert-node",
      "node": {
        "label": "setFocus",
        "type": "Invocation"
      },
      "location-after-char-start": 13003,
      "location-after-char-end": 13018,
      "node-str": "setFocus"
    },
    {
      "type": "insert-node",
      "node": {
        "label": "org.eclipse.ui.internal.dialogs.AboutDialog",
        "type": "TypeAccess"
      },
      "location-after-char-start": 0,
      "location-after-char-end": 0,
      "node-str": "org.eclipse.ui.internal.dialogs.AboutDialog"
    },
    {
      "type": "insert-node",
      "node": {
        "label": "org.eclipse.jface.resource.JFaceColors",
        "type": "TypeAccess"
      },
      "location-after-char-start": 13237,
      "location-after-char-end": 13247,
      "node-str": "org.eclipse.jface.resource.JFaceColors"
    },
    {
      "type": "insert-node",
      "node": {
        "label": "getDisplay",
        "type": "Invocation"
      },
      "location-after-char-start": 13269,
      "location-after-char-end": 13287,
      "node-str": "getDisplay"
    },
    {
      "type": "insert-node",
      "node": {
        "label": "org.eclipse.jface.resource.JFaceColors",
        "type": "TypeAccess"
      },
      "location-after-char-start": 13312,
      "location-after-char-end": 13322,
      "node-str": "org.eclipse.jface.resource.JFaceColors"
    },
    {
      "type": "insert-node",
      "node": {
        "label": "getDisplay",
        "type": "Invocation"
      },
      "location-after-char-start": 13344,
      "location-after-char-end": 13362,
      "node-str": "getDisplay"
    },
    {
      "type": "insert-node",
      "node": {
        "label": "org.eclipse.ui.internal.dialogs.AboutDialog",
        "type": "TypeAccess"
      },
      "location-after-char-start": 0,
      "location-after-char-end": 0,
      "node-str": "org.eclipse.ui.internal.dialogs.AboutDialog"
    },
    {
      "type": "insert-node",
      "node": {
        "label": "item",
        "type": "FieldRead"
      },
      "location-after-char-start": 13416,
      "location-after-char-end": 13419,
      "node-str": "item"
    },
    {
      "type": "insert-node",
      "node": {
        "label": "org.eclipse.ui.internal.dialogs.AboutDialog",
        "type": "TypeAccess"
      },
      "location-after-char-start": 0,
      "location-after-char-end": 0,
      "node-str": "org.eclipse.ui.internal.dialogs.AboutDialog"
    },
    {
      "type": "insert-node",
      "node": {
        "label": "org.eclipse.ui.internal.dialogs.AboutDialog",
        "type": "TypeAccess"
      },
      "location-after-char-start": 0,
      "location-after-char-end": 0,
      "node-str": "org.eclipse.ui.internal.dialogs.AboutDialog"
    },
    {
      "type": "insert-node",
      "node": {
        "label": "FILL",
        "type": "FieldRead"
      },
      "location-after-char-start": 13721,
      "location-after-char-end": 13728,
      "node-str": "FILL"
    },
    {
      "type": "insert-node",
      "node": {
        "label": "FILL",
        "type": "FieldRead"
      },
      "location-after-char-start": 13731,
      "location-after-char-end": 13738,
      "node-str": "FILL"
    },
    {
      "type": "insert-node",
      "node": {
        "label": "true",
        "type": "Literal"
      },
      "location-after-char-start": 13741,
      "location-after-char-end": 13744,
      "node-str": "true"
    },
    {
      "type": "insert-node",
      "node": {
        "label": "true",
        "type": "Literal"
      },
      "location-after-char-start": 13747,
      "location-after-char-end": 13750,
      "node-str": "true"
    },
    {
      "type": "insert-node",
      "node": {
        "label": "org.eclipse.ui.internal.dialogs.AboutDialog",
        "type": "TypeAccess"
      },
      "location-after-char-start": 0,
      "location-after-char-end": 0,
      "node-str": "org.eclipse.ui.internal.dialogs.AboutDialog"
    },
    {
      "type": "move-subtree",
      "node": {
        "label": "java.lang.Object()",
        "type": "ConstructorCall"
      },
      "location-before-char-start": 11167,
      "location-before-char-end": 11238,
      "location-after-char-start": 10640,
      "location-after-char-end": 10705,
      "node-str": "java.lang.Object()"
    },
    {
      "type": "insert-node",
      "node": {
        "label": "org.eclipse.ui.internal.dialogs.AboutDialog",
        "type": "TypeAccess"
      },
      "location-after-char-start": 0,
      "location-after-char-end": 0,
      "node-str": "org.eclipse.ui.internal.dialogs.AboutDialog"
    },
    {
      "type": "update-node",
      "node": {
        "label": "item",
        "type": "VariableRead"
      },
      "location-before-char-start": 11829,
      "location-before-char-end": 11832,
      "location-after-char-start": 10725,
      "location-after-char-end": 10736,
      "node-str": "topContainer"
    },
    {
      "type": "move-subtree",
      "node": {
        "label": "item",
        "type": "VariableRead"
      },
      "location-before-char-start": 11829,
      "location-before-char-end": 11832,
      "location-after-char-start": 10725,
      "location-after-char-end": 10736,
      "node-str": "topContainer"
    },
    {
      "type": "insert-node",
      "node": {
        "label": "org.eclipse.swt.graphics.Rectangle",
        "type": "VARIABLE_TYPE"
      },
      "location-after-char-start": 0,
      "location-after-char-end": 0,
      "node-str": "org.eclipse.swt.graphics.Rectangle"
    },
    {
      "type": "update-node",
      "node": {
        "label": "setText",
        "type": "Invocation"
      },
      "location-before-char-start": 11816,
      "location-before-char-end": 11844,
      "location-after-char-start": 10792,
      "location-after-char-end": 10823,
      "node-str": "computeTrim"
    },
    {
      "type": "move-subtree",
      "node": {
        "label": "setText",
        "type": "Invocation"
      },
      "location-before-char-start": 11816,
      "location-before-char-end": 11844,
      "location-after-char-start": 10792,
      "location-after-char-end": 10823,
      "node-str": "computeTrim"
    },
    {
      "type": "move-subtree",
      "node": {
        "label": "final",
        "type": "Modifier"
      },
      "location-before-char-start": 0,
      "location-before-char-end": 0,
      "location-after-char-start": 0,
      "location-after-char-end": 0,
      "node-str": "final"
    },
    {
      "type": "insert-node",
      "node": {
        "label": "MINUS",
        "type": "BinaryOperator"
      },
      "location-after-char-start": 10847,
      "location-after-char-end": 10862,
      "node-str": "MINUS"
    },
    {
      "type": "update-node",
      "node": {
        "label": "boolean[]",
        "type": "VARIABLE_TYPE"
      },
      "location-before-char-start": 0,
      "location-before-char-end": 0,
      "location-after-char-start": 0,
      "location-after-char-end": 0,
      "node-str": "int"
    },
    {
      "type": "insert-node",
      "node": {
        "label": "MINUS",
        "type": "BinaryOperator"
      },
      "location-after-char-start": 10886,
      "location-after-char-end": 10902,
      "node-str": "MINUS"
    },
    {
      "type": "update-node",
      "node": {
        "label": "textComposite",
        "type": "VariableRead"
      },
      "location-before-char-start": 12591,
      "location-before-char-end": 12603,
      "location-after-char-start": 10909,
      "location-after-char-end": 10920,
      "node-str": "topContainer"
    },
    {
      "type": "insert-node",
      "node": {
        "label": "org.eclipse.ui.internal.dialogs.AboutDialog",
        "type": "TypeAccess"
      },
      "location-after-char-start": 0,
      "location-after-char-end": 0,
      "node-str": "org.eclipse.ui.internal.dialogs.AboutDialog"
    },
    {
      "type": "insert-node",
      "node": {
        "label": "style",
        "type": "VariableWrite"
      },
      "location-after-char-start": 12750,
      "location-after-char-end": 12754,
      "node-str": "style"
    },
    {
      "type": "move-subtree",
      "node": {
        "label": "V_SCROLL",
        "type": "FieldRead"
      },
      "location-before-char-start": 11211,
      "location-before-char-end": 11222,
      "location-after-char-start": 12759,
      "location-after-char-end": 12770,
      "node-str": "V_SCROLL"
    },
    {
      "type": "insert-node",
      "node": {
        "label": "style",
        "type": "VariableWrite"
      },
      "location-after-char-start": 12787,
      "location-after-char-end": 12791,
      "node-str": "style"
    },
    {
      "type": "insert-node",
      "node": {
        "label": "V_SCROLL",
        "type": "FieldRead"
      },
      "location-after-char-start": 12796,
      "location-after-char-end": 12807,
      "node-str": "V_SCROLL"
    },
    {
      "type": "insert-node",
      "node": {
        "label": "org.eclipse.ui.internal.dialogs.AboutDialog",
        "type": "TypeAccess"
      },
      "location-after-char-start": 0,
      "location-after-char-end": 0,
      "node-str": "org.eclipse.ui.internal.dialogs.AboutDialog"
    },
    {
      "type": "insert-node",
      "node": {
        "label": "org.eclipse.ui.internal.dialogs.AboutDialog",
        "type": "TypeAccess"
      },
      "location-after-char-start": 0,
      "location-after-char-end": 0,
      "node-str": "org.eclipse.ui.internal.dialogs.AboutDialog"
    },
    {
      "type": "insert-node",
      "node": {
        "label": "text",
        "type": "FieldRead"
      },
      "location-after-char-start": 13003,
      "location-after-char-end": 13006,
      "node-str": "text"
    },
    {
      "type": "insert-node",
      "node": {
        "label": "parent",
        "type": "VariableRead"
      },
      "location-after-char-start": 13269,
      "location-after-char-end": 13274,
      "node-str": "parent"
    },
    {
      "type": "insert-node",
      "node": {
        "label": "parent",
        "type": "VariableRead"
      },
      "location-after-char-start": 13344,
      "location-after-char-end": 13349,
      "node-str": "parent"
    },
    {
      "type": "insert-node",
      "node": {
        "label": "org.eclipse.ui.internal.dialogs.AboutDialog",
        "type": "TypeAccess"
      },
      "location-after-char-start": 0,
      "location-after-char-end": 0,
      "node-str": "org.eclipse.ui.internal.dialogs.AboutDialog"
    },
    {
      "type": "insert-node",
      "node": {
        "label": "org.eclipse.swt.SWT",
        "type": "TypeAccess"
      },
      "location-after-char-start": 0,
      "location-after-char-end": 0,
      "node-str": "org.eclipse.swt.SWT"
    },
    {
      "type": "insert-node",
      "node": {
        "label": "org.eclipse.swt.SWT",
        "type": "TypeAccess"
      },
      "location-after-char-start": 0,
      "location-after-char-end": 0,
      "node-str": "org.eclipse.swt.SWT"
    },
    {
      "type": "insert-node",
      "node": {
        "label": "item",
        "type": "FieldRead"
      },
      "location-after-char-start": 9205,
      "location-after-char-end": 9208,
      "node-str": "item"
    },
    {
      "type": "move-subtree",
      "node": {
        "label": "BITOR",
        "type": "BinaryOperator"
      },
      "location-before-char-start": 11607,
      "location-before-char-end": 11642,
      "location-after-char-start": 10669,
      "location-after-char-end": 10704,
      "node-str": "BITOR"
    },
    {
      "type": "insert-node",
      "node": {
        "label": "0",
        "type": "Literal"
      },
      "location-after-char-start": 10809,
      "location-after-char-end": 10809,
      "node-str": "0"
    },
    {
      "type": "move-subtree",
      "node": {
        "label": "0",
        "type": "Literal"
      },
      "location-before-char-start": 13169,
      "location-before-char-end": 13169,
      "location-after-char-start": 10812,
      "location-after-char-end": 10812,
      "node-str": "0"
    },
    {
      "type": "update-node",
      "node": {
        "label": "20",
        "type": "Literal"
      },
      "location-before-char-start": 12433,
      "location-before-char-end": 12434,
      "location-after-char-start": 10815,
      "location-after-char-end": 10817,
      "node-str": "100"
    },
    {
      "type": "move-subtree",
      "node": {
        "label": "20",
        "type": "Literal"
      },
      "location-before-char-start": 12433,
      "location-before-char-end": 12434,
      "location-after-char-start": 10815,
      "location-after-char-end": 10817,
      "node-str": "100"
    },
    {
      "type": "insert-node",
      "node": {
        "label": "100",
        "type": "Literal"
      },
      "location-after-char-start": 10820,
      "location-after-char-end": 10822,
      "node-str": "100"
    },
    {
      "type": "insert-node",
      "node": {
        "label": "width",
        "type": "FieldRead"
      },
      "location-after-char-start": 10847,
      "location-after-char-end": 10856,
      "node-str": "width"
    },
    {
      "type": "update-node",
      "node": {
        "label": "20",
        "type": "Literal"
      },
      "location-before-char-start": 12483,
      "location-before-char-end": 12484,
      "location-after-char-start": 10860,
      "location-after-char-end": 10862,
      "node-str": "100"
    },
    {
      "type": "move-subtree",
      "node": {
        "label": "20",
        "type": "Literal"
      },
      "location-before-char-start": 12483,
      "location-before-char-end": 12484,
      "location-after-char-start": 10860,
      "location-after-char-end": 10862,
      "node-str": "100"
    },
    {
      "type": "insert-node",
      "node": {
        "label": "height",
        "type": "FieldRead"
      },
      "location-after-char-start": 10886,
      "location-after-char-end": 10896,
      "node-str": "height"
    },
    {
      "type": "update-node",
      "node": {
        "label": "1",
        "type": "Literal"
      },
      "location-before-char-start": 12534,
      "location-before-char-end": 12534,
      "location-after-char-start": 10900,
      "location-after-char-end": 10902,
      "node-str": "100"
    },
    {
      "type": "move-subtree",
      "node": {
        "label": "1",
        "type": "Literal"
      },
      "location-before-char-start": 12534,
      "location-before-char-end": 12534,
      "location-after-char-start": 10900,
      "location-after-char-end": 10902,
      "node-str": "100"
    },
    {
      "type": "insert-node",
      "node": {
        "label": "org.eclipse.swt.SWT",
        "type": "TypeAccess"
      },
      "location-after-char-start": 0,
      "location-after-char-end": 0,
      "node-str": "org.eclipse.swt.SWT"
    },
    {
      "type": "insert-node",
      "node": {
        "label": "org.eclipse.ui.internal.dialogs.AboutDialog",
        "type": "TypeAccess"
      },
      "location-after-char-start": 0,
      "location-after-char-end": 0,
      "node-str": "org.eclipse.ui.internal.dialogs.AboutDialog"
    },
    {
      "type": "insert-node",
      "node": {
        "label": "org.eclipse.ui.internal.dialogs.AboutDialog",
        "type": "TypeAccess"
      },
      "location-after-char-start": 0,
      "location-after-char-end": 0,
      "node-str": "org.eclipse.ui.internal.dialogs.AboutDialog"
    },
    {
      "type": "update-node",
      "node": {
        "label": "scroller",
        "type": "VariableRead"
      },
      "location-before-char-start": 12444,
      "location-before-char-end": 12451,
      "location-after-char-start": 10847,
      "location-after-char-end": 10856,
      "node-str": "rect"
    },
    {
      "type": "move-subtree",
      "node": {
        "label": "scroller",
        "type": "VariableRead"
      },
      "location-before-char-start": 12444,
      "location-before-char-end": 12451,
      "location-after-char-start": 10847,
      "location-after-char-end": 10856,
      "node-str": "rect"
    },
    {
      "type": "insert-node",
      "node": {
        "label": "rect",
        "type": "VariableRead"
      },
      "location-after-char-start": 10886,
      "location-after-char-end": 10896,
      "node-str": "rect"
    },
    {
      "type": "update-node",
      "node": {
        "label": "computeSize",
        "type": "Invocation"
      },
      "location-before-char-start": 13299,
      "location-before-char-end": 13346,
      "location-after-char-start": 11018,
      "location-after-char-end": 11056,
      "node-str": "setSize"
    },
    {
      "type": "move-subtree",
      "node": {
        "label": "computeSize",
        "type": "Invocation"
      },
      "location-before-char-start": 13299,
      "location-before-char-end": 13346,
      "location-after-char-start": 11018,
      "location-after-char-end": 11056,
      "node-str": "setSize"
    },
    {
      "type": "update-node",
      "node": {
        "label": "p",
        "type": "LocalVariable"
      },
      "location-before-char-start": 13289,
      "location-before-char-end": 13347,
      "location-after-char-start": 11128,
      "location-after-char-end": 11155,
      "node-str": "size"
    },
    {
      "type": "move-subtree",
      "node": {
        "label": "p",
        "type": "LocalVariable"
      },
      "location-before-char-start": 13289,
      "location-before-char-end": 13347,
      "location-after-char-start": 11128,
      "location-after-char-end": 11155,
      "node-str": "size"
    },
    {
      "type": "insert-node",
      "node": {
        "label": "availableHeight",
        "type": "LocalVariable"
      },
      "location-after-char-start": 11162,
      "location-after-char-end": 11198,
      "node-str": "availableHeight"
    },
    {
      "type": "update-node",
      "node": {
        "label": "width",
        "type": "LocalVariable"
      },
      "location-before-char-start": 12994,
      "location-before-char-end": 13041,
      "location-after-char-start": 11205,
      "location-after-char-end": 11260,
      "node-str": "availableWidth"
    },
    {
      "type": "update-node",
      "node": {
        "label": "p",
        "type": "LocalVariable"
      },
      "location-before-char-start": 13051,
      "location-before-char-end": 13106,
      "location-after-char-start": 11267,
      "location-after-char-end": 11334,
      "node-str": "newSize"
    },
    {
      "type": "insert-node",
      "node": {
        "label": "style",
        "type": "LocalVariable"
      },
      "location-after-char-start": 11341,
      "location-after-char-end": 11368,
      "node-str": "style"
    },
    {
      "type": "insert-node",
      "node": {
        "label": "if",
        "type": "If"
      },
      "location-after-char-start": 11375,
      "location-after-char-end": 11624,
      "node-str": "if"
    },
    {
      "type": "update-node",
      "node": {
        "label": "setContent",
        "type": "Invocation"
      },
      "location-before-char-start": 13467,
      "location-before-char-end": 13501,
      "location-after-char-start": 11631,
      "location-after-char-end": 11656,
      "node-str": "layout"
    },
    {
      "type": "move-subtree",
      "node": {
        "label": "setContent",
        "type": "Invocation"
      },
      "location-before-char-start": 13467,
      "location-before-char-end": 13501,
      "location-after-char-start": 11631,
      "location-after-char-end": 11656,
      "node-str": "layout"
    },
    {
      "type": "insert-node",
      "node": {
        "label": "item",
        "type": "FieldWrite"
      },
      "location-after-char-start": 7499,
      "location-after-char-end": 7502,
      "node-str": "item"
    },
    {
      "type": "insert-node",
      "node": {
        "label": "text",
        "type": "FieldRead"
      },
      "location-after-char-start": 11018,
      "location-after-char-end": 11021,
      "node-str": "text"
    },
    {
      "type": "insert-node",
      "node": {
        "label": "SWT.DEFAULT",
        "type": "TypeAccess"
      },
      "location-after-char-start": 11031,
      "location-after-char-end": 11041,
      "node-str": "SWT.DEFAULT"
    },
    {
      "type": "update-node",
      "node": {
        "label": "textComposite",
        "type": "VariableRead"
      },
      "location-before-char-start": 12829,
      "location-before-char-end": 12841,
      "location-after-char-start": 11063,
      "location-after-char-end": 11074,
      "node-str": "topContainer"
    },
    {
      "type": "insert-node",
      "node": {
        "label": "getSize",
        "type": "Invocation"
      },
      "location-after-char-start": 11141,
      "location-after-char-end": 11154,
      "node-str": "getSize"
    },
    {
      "type": "insert-node",
      "node": {
        "label": "int",
        "type": "VARIABLE_TYPE"
      },
      "location-after-char-start": 0,
      "location-after-char-end": 0,
      "node-str": "int"
    },
    {
      "type": "insert-node",
      "node": {
        "label": "MINUS",
        "type": "BinaryOperator"
      },
      "location-after-char-start": 11184,
      "location-after-char-end": 11197,
      "node-str": "MINUS"
    },
    {
      "type": "insert-node",
      "node": {
        "label": "MINUS",
        "type": "BinaryOperator"
      },
      "location-after-char-start": 11226,
      "location-after-char-end": 11259,
      "node-str": "MINUS"
    },
    {
      "type": "insert-node",
      "node": {
        "label": "int",
        "type": "VARIABLE_TYPE"
      },
      "location-after-char-start": 0,
      "location-after-char-end": 0,
      "node-str": "int"
    },
    {
      "type": "insert-node",
      "node": {
        "label": "getStyle",
        "type": "Invocation"
      },
      "location-after-char-start": 11353,
      "location-after-char-end": 11367,
      "node-str": "getStyle"
    },
    {
      "type": "insert-node",
      "node": {
        "label": "GT",
        "type": "BinaryOperator"
      },
      "location-after-char-start": 11379,
      "location-after-char-end": 11405,
      "node-str": "GT"
    },
    {
      "type": "insert-node",
      "node": {
        "label": "THEN",
        "type": "then"
      },
      "location-after-char-start": 11408,
      "location-after-char-end": 11512,
      "node-str": "THEN"
    },
    {
      "type": "insert-node",
      "node": {
        "label": "ELSE",
        "type": "else"
      },
      "location-after-char-start": 11519,
      "location-after-char-end": 11624,
      "node-str": "ELSE"
    },
    {
      "type": "update-node",
      "node": {
        "label": "scroller",
        "type": "VariableRead"
      },
      "location-before-char-start": 13467,
      "location-before-char-end": 13474,
      "location-after-char-start": 11631,
      "location-after-char-end": 11642,
      "node-str": "topContainer"
    },
    {
      "type": "move-subtree",
      "node": {
        "label": "true",
        "type": "Literal"
      },
      "location-before-char-start": 12763,
      "location-before-char-end": 12766,
      "location-after-char-start": 11651,
      "location-after-char-end": 11654,
      "node-str": "true"
    },
    {
      "type": "insert-node",
      "node": {
        "label": "org.eclipse.ui.internal.dialogs.AboutDialog",
        "type": "TypeAccess"
      },
      "location-after-char-start": 0,
      "location-after-char-end": 0,
      "node-str": "org.eclipse.ui.internal.dialogs.AboutDialog"
    },
    {
      "type": "insert-node",
      "node": {
        "label": "org.eclipse.ui.internal.dialogs.AboutDialog",
        "type": "TypeAccess"
      },
      "location-after-char-start": 0,
      "location-after-char-end": 0,
      "node-str": "org.eclipse.ui.internal.dialogs.AboutDialog"
    },
    {
      "type": "insert-node",
      "node": {
        "label": "text",
        "type": "FieldRead"
      },
      "location-after-char-start": 11141,
      "location-after-char-end": 11144,
      "node-str": "text"
    },
    {
      "type": "insert-node",
      "node": {
        "label": "y",
        "type": "FieldRead"
      },
      "location-after-char-start": 11184,
      "location-after-char-end": 11189,
      "node-str": "y"
    },
    {
      "type": "insert-node",
      "node": {
        "label": "yTrim",
        "type": "VariableRead"
      },
      "location-after-char-start": 11193,
      "location-after-char-end": 11197,
      "node-str": "yTrim"
    },
    {
      "type": "insert-node",
      "node": {
        "label": "MINUS",
        "type": "BinaryOperator"
      },
      "location-after-char-start": 11226,
      "location-after-char-end": 11239,
      "node-str": "MINUS"
    },
    {
      "type": "insert-node",
      "node": {
        "label": "MUL",
        "type": "BinaryOperator"
      },
      "location-after-char-start": 11243,
      "location-after-char-end": 11259,
      "node-str": "MUL"
    },
    {
      "type": "insert-node",
      "node": {
        "label": "text",
        "type": "FieldRead"
      },
      "location-after-char-start": 11283,
      "location-after-char-end": 11286,
      "node-str": "text"
    },
    {
      "type": "update-node",
      "node": {
        "label": "width",
        "type": "VariableRead"
      },
      "location-before-char-start": 13087,
      "location-before-char-end": 13091,
      "location-after-char-start": 11300,
      "location-after-char-end": 11313,
      "node-str": "availableWidth"
    },
    {
      "type": "move-subtree",
      "node": {
        "label": "true",
        "type": "Literal"
      },
      "location-before-char-start": 12308,
      "location-before-char-end": 12311,
      "location-after-char-start": 11329,
      "location-after-char-end": 11332,
      "node-str": "true"
    },
    {
      "type": "update-node",
      "node": {
        "label": "x",
        "type": "FieldRead"
      },
      "location-before-char-start": 13377,
      "location-before-char-end": 13379,
      "location-after-char-start": 11353,
      "location-after-char-end": 11356,
      "node-str": "text"
    },
    {
      "type": "move-subtree",
      "node": {
        "label": "x",
        "type": "FieldRead"
      },
      "location-before-char-start": 13377,
      "location-before-char-end": 13379,
      "location-after-char-start": 11353,
      "location-after-char-end": 11356,
      "node-str": "text"
    },
    {
      "type": "move-subtree",
      "node": {
        "label": "y",
        "type": "FieldRead"
      },
      "location-before-char-start": 13146,
      "location-before-char-end": 13148,
      "location-after-char-start": 11379,
      "location-after-char-end": 11387,
      "node-str": "y"
    },
    {
      "type": "insert-node",
      "node": {
        "label": "availableHeight",
        "type": "VariableRead"
      },
      "location-after-char-start": 11391,
      "location-after-char-end": 11405,
      "node-str": "availableHeight"
    },
    {
      "type": "insert-node",
      "node": {
        "label": "if",
        "type": "If"
      },
      "location-after-char-start": 11416,
      "location-after-char-end": 11505,
      "node-str": "if"
    },
    {
      "type": "move-subtree",
      "node": {
        "label": "if",
        "type": "If"
      },
      "location-before-char-start": 12707,
      "location-before-char-end": 12739,
      "location-after-char-start": 11527,
      "location-after-char-end": 11617,
      "node-str": "if"
    },
    {
      "type": "insert-node",
      "node": {
        "label": "org.eclipse.ui.internal.dialogs.AboutDialog",
        "type": "TypeAccess"
      },
      "location-after-char-start": 0,
      "location-after-char-end": 0,
      "node-str": "org.eclipse.ui.internal.dialogs.AboutDialog"
    },
    {
      "type": "insert-node",
      "node": {
        "label": "size",
        "type": "VariableRead"
      },
      "location-after-char-start": 11184,
      "location-after-char-end": 11189,
      "node-str": "size"
    },
    {
      "type": "update-node",
      "node": {
        "label": "width",
        "type": "FieldRead"
      },
      "location-before-char-start": 13006,
      "location-before-char-end": 13040,
      "location-after-char-start": 11226,
      "location-after-char-end": 11231,
      "node-str": "x"
    },
    {
      "type": "move-subtree",
      "node": {
        "label": "width",
        "type": "FieldRead"
      },
      "location-before-char-start": 13006,
      "location-before-char-end": 13040,
      "location-after-char-start": 11226,
      "location-after-char-end": 11231,
      "node-str": "x"
    },
    {
      "type": "insert-node",
      "node": {
        "label": "xTrim",
        "type": "VariableRead"
      },
      "location-after-char-start": 11235,
      "location-after-char-end": 11239,
      "node-str": "xTrim"
    },
    {
      "type": "insert-node",
      "node": {
        "label": "2",
        "type": "Literal"
      },
      "location-after-char-start": 11244,
      "location-after-char-end": 11244,
      "node-str": "2"
    },
    {
      "type": "insert-node",
      "node": {
        "label": "TEXT_MARGIN",
        "type": "FieldRead"
      },
      "location-after-char-start": 11248,
      "location-after-char-end": 11258,
      "node-str": "TEXT_MARGIN"
    },
    {
      "type": "insert-node",
      "node": {
        "label": "org.eclipse.ui.internal.dialogs.AboutDialog",
        "type": "TypeAccess"
      },
      "location-after-char-start": 0,
      "location-after-char-end": 0,
      "node-str": "org.eclipse.ui.internal.dialogs.AboutDialog"
    },
    {
      "type": "insert-node",
      "node": {
        "label": "org.eclipse.ui.internal.dialogs.AboutDialog",
        "type": "TypeAccess"
      },
      "location-after-char-start": 0,
      "location-after-char-end": 0,
      "node-str": "org.eclipse.ui.internal.dialogs.AboutDialog"
    },
    {
      "type": "update-node",
      "node": {
        "label": "p",
        "type": "VariableRead"
      },
      "location-before-char-start": 13146,
      "location-before-char-end": 13148,
      "location-after-char-start": 11379,
      "location-after-char-end": 11387,
      "node-str": "newSize"
    },
    {
      "type": "insert-node",
      "node": {
        "label": "EQ",
        "type": "BinaryOperator"
      },
      "location-after-char-start": 11420,
      "location-after-char-end": 11446,
      "node-str": "EQ"
    },
    {
      "type": "insert-node",
      "node": {
        "label": "THEN",
        "type": "then"
      },
      "location-after-char-start": 11449,
      "location-after-char-end": 11505,
      "node-str": "THEN"
    },
    {
      "type": "insert-node",
      "node": {
        "label": "NE",
        "type": "BinaryOperator"
      },
      "location-after-char-start": 11531,
      "location-after-char-end": 11557,
      "node-str": "NE"
    },
    {
      "type": "update-node",
      "node": {
        "label": "textComposite",
        "type": "VariableRead"
      },
      "location-before-char-start": 13006,
      "location-before-char-end": 13018,
      "location-after-char-start": 11226,
      "location-after-char-end": 11231,
      "node-str": "size"
    },
    {
      "type": "move-subtree",
      "node": {
        "label": "textComposite",
        "type": "VariableRead"
      },
      "location-before-char-start": 13006,
      "location-before-char-end": 13018,
      "location-after-char-start": 11226,
      "location-after-char-end": 11231,
      "node-str": "size"
    },
    {
      "type": "insert-node",
      "node": {
        "label": "BITAND",
        "type": "BinaryOperator"
      },
      "location-after-char-start": 11420,
      "location-after-char-end": 11441,
      "node-str": "BITAND"
    },
    {
      "type": "move-subtree",
      "node": {
        "label": "0",
        "type": "Literal"
      },
      "location-before-char-start": 12758,
      "location-before-char-end": 12758,
      "location-after-char-start": 11446,
      "location-after-char-end": 11446,
      "node-str": "0"
    },
    {
      "type": "update-node",
      "node": {
        "label": "setExpandVertical",
        "type": "Invocation"
      },
      "location-before-char-start": 13249,
      "location-before-char-end": 13281,
      "location-after-char-start": 11458,
      "location-after-char-end": 11497,
      "node-str": "recreateWrappedText"
    },
    {
      "type": "move-subtree",
      "node": {
        "label": "setExpandVertical",
        "type": "Invocation"
      },
      "location-before-char-start": 13249,
      "location-before-char-end": 13281,
      "location-after-char-start": 11458,
      "location-after-char-end": 11497,
      "node-str": "recreateWrappedText"
    },
    {
      "type": "insert-node",
      "node": {
        "label": "BITAND",
        "type": "BinaryOperator"
      },
      "location-after-char-start": 11531,
      "location-after-char-end": 11552,
      "node-str": "BITAND"
    },
    {
      "type": "move-subtree",
      "node": {
        "label": "0",
        "type": "Literal"
      },
      "location-before-char-start": 12720,
      "location-before-char-end": 12720,
      "location-after-char-start": 11557,
      "location-after-char-end": 11557,
      "node-str": "0"
    },
    {
      "type": "update-node",
      "node": {
        "label": "setMinHeight",
        "type": "Invocation"
      },
      "location-before-char-start": 13432,
      "location-before-char-end": 13458,
      "location-after-char-start": 11569,
      "location-after-char-end": 11609,
      "node-str": "recreateWrappedText"
    },
    {
      "type": "move-subtree",
      "node": {
        "label": "setMinHeight",
        "type": "Invocation"
      },
      "location-before-char-start": 13432,
      "location-before-char-end": 13458,
      "location-after-char-start": 11569,
      "location-after-char-end": 11609,
      "node-str": "recreateWrappedText"
    },
    {
      "type": "update-node",
      "node": {
        "label": "inresize",
        "type": "VariableRead"
      },
      "location-before-char-start": 13160,
      "location-before-char-end": 13167,
      "location-after-char-start": 11421,
      "location-after-char-end": 11425,
      "node-str": "style"
    },
    {
      "type": "move-subtree",
      "node": {
        "label": "inresize",
        "type": "VariableRead"
      },
      "location-before-char-start": 13160,
      "location-before-char-end": 13167,
      "location-after-char-start": 11421,
      "location-after-char-end": 11425,
      "node-str": "style"
    },
    {
      "type": "insert-node",
      "node": {
        "label": "V_SCROLL",
        "type": "FieldRead"
      },
      "location-after-char-start": 11429,
      "location-after-char-end": 11440,
      "node-str": "V_SCROLL"
    },
    {
      "type": "insert-node",
      "node": {
        "label": "org.eclipse.ui.internal.dialogs.AboutDialog$2",
        "type": "TypeAccess"
      },
      "location-after-char-start": 0,
      "location-after-char-end": 0,
      "node-str": "org.eclipse.ui.internal.dialogs.AboutDialog$2"
    },
    {
      "type": "update-node",
      "node": {
        "label": "scroller",
        "type": "VariableRead"
      },
      "location-before-char-start": 13249,
      "location-before-char-end": 13256,
      "location-after-char-start": 11478,
      "location-after-char-end": 11489,
      "node-str": "topContainer"
    },
    {
      "type": "update-node",
      "node": {
        "label": "inresize",
        "type": "VariableRead"
      },
      "location-before-char-start": 12711,
      "location-before-char-end": 12718,
      "location-after-char-start": 11532,
      "location-after-char-end": 11536,
      "node-str": "style"
    },
    {
      "type": "move-subtree",
      "node": {
        "label": "inresize",
        "type": "VariableRead"
      },
      "location-before-char-start": 12711,
      "location-before-char-end": 12718,
      "location-after-char-start": 11532,
      "location-after-char-end": 11536,
      "node-str": "style"
    },
    {
      "type": "insert-node",
      "node": {
        "label": "V_SCROLL",
        "type": "FieldRead"
      },
      "location-after-char-start": 11540,
      "location-after-char-end": 11551,
      "node-str": "V_SCROLL"
    },
    {
      "type": "insert-node",
      "node": {
        "label": "org.eclipse.ui.internal.dialogs.AboutDialog$2",
        "type": "TypeAccess"
      },
      "location-after-char-start": 0,
      "location-after-char-end": 0,
      "node-str": "org.eclipse.ui.internal.dialogs.AboutDialog$2"
    },
    {
      "type": "update-node",
      "node": {
        "label": "scroller",
        "type": "VariableRead"
      },
      "location-before-char-start": 13432,
      "location-before-char-end": 13439,
      "location-after-char-start": 11589,
      "location-after-char-end": 11600,
      "node-str": "topContainer"
    },
    {
      "type": "move-subtree",
      "node": {
        "label": "false",
        "type": "Literal"
      },
      "location-before-char-start": 13174,
      "location-before-char-end": 13178,
      "location-after-char-start": 11603,
      "location-after-char-end": 11607,
      "node-str": "false"
    },
    {
      "type": "insert-node",
      "node": {
        "label": "org.eclipse.swt.SWT",
        "type": "TypeAccess"
      },
      "location-after-char-start": 0,
      "location-after-char-end": 0,
      "node-str": "org.eclipse.swt.SWT"
    },
    {
      "type": "insert-node",
      "node": {
        "label": "org.eclipse.swt.SWT",
        "type": "TypeAccess"
      },
      "location-after-char-start": 0,
      "location-after-char-end": 0,
      "node-str": "org.eclipse.swt.SWT"
    },
    {
      "type": "delete-node",
      "node": {
        "label": "item",
        "type": "LocalVariable"
      },
      "location-before-char-start": 6882,
      "location-before-char-end": 6903,
      "node-str": "item"
    },
    {
      "type": "delete-node",
      "node": {
        "label": "item",
        "type": "VariableWrite"
      },
      "location-before-char-start": 7452,
      "location-before-char-end": 7455,
      "node-str": "item"
    },
    {
      "type": "delete-node",
      "node": {
        "label": "item",
        "type": "VariableRead"
      },
      "location-before-char-start": 9158,
      "location-before-char-end": 9161,
      "node-str": "item"
    },
    {
      "type": "delete-node",
      "node": {
        "label": "data",
        "type": "VariableWrite"
      },
      "location-before-char-start": 10347,
      "location-before-char-end": 10370,
      "node-str": "data"
    },
    {
      "type": "delete-node",
      "node": {
        "label": "horizontalAlignment",
        "type": "FieldWrite"
      },
      "location-before-char-start": 10347,
      "location-before-char-end": 10370,
      "node-str": "horizontalAlignment"
    },
    {
      "type": "delete-node",
      "node": {
        "label": "org.eclipse.swt.layout.GridData",
        "type": "TypeAccess"
      },
      "location-before-char-start": 0,
      "location-before-char-end": 0,
      "node-str": "org.eclipse.swt.layout.GridData"
    },
    {
      "type": "delete-node",
      "node": {
        "label": "FILL",
        "type": "FieldRead"
      },
      "location-before-char-start": 10374,
      "location-before-char-end": 10386,
      "node-str": "FILL"
    },
    {
      "type": "delete-node",
      "node": {
        "label": "\u003d",
        "type": "Assignment"
      },
      "location-before-char-start": 10347,
      "location-before-char-end": 10387,
      "node-str": "\u003d"
    },
    {
      "type": "delete-node",
      "node": {
        "label": "data",
        "type": "VariableWrite"
      },
      "location-before-char-start": 10397,
      "location-before-char-end": 10418,
      "node-str": "data"
    },
    {
      "type": "delete-node",
      "node": {
        "label": "verticalAlignment",
        "type": "FieldWrite"
      },
      "location-before-char-start": 10397,
      "location-before-char-end": 10418,
      "node-str": "verticalAlignment"
    },
    {
      "type": "delete-node",
      "node": {
        "label": "org.eclipse.swt.layout.GridData",
        "type": "TypeAccess"
      },
      "location-before-char-start": 0,
      "location-before-char-end": 0,
      "node-str": "org.eclipse.swt.layout.GridData"
    },
    {
      "type": "delete-node",
      "node": {
        "label": "FILL",
        "type": "FieldRead"
      },
      "location-before-char-start": 10422,
      "location-before-char-end": 10434,
      "node-str": "FILL"
    },
    {
      "type": "delete-node",
      "node": {
        "label": "\u003d",
        "type": "Assignment"
      },
      "location-before-char-start": 10397,
      "location-before-char-end": 10435,
      "node-str": "\u003d"
    },
    {
      "type": "delete-node",
      "node": {
        "label": "data",
        "type": "VariableWrite"
      },
      "location-before-char-start": 10445,
      "location-before-char-end": 10474,
      "node-str": "data"
    },
    {
      "type": "delete-node",
      "node": {
        "label": "grabExcessHorizontalSpace",
        "type": "FieldWrite"
      },
      "location-before-char-start": 10445,
      "location-before-char-end": 10474,
      "node-str": "grabExcessHorizontalSpace"
    },
    {
      "type": "delete-node",
      "node": {
        "label": "true",
        "type": "Literal"
      },
      "location-before-char-start": 10478,
      "location-before-char-end": 10481,
      "node-str": "true"
    },
    {
      "type": "delete-node",
      "node": {
        "label": "\u003d",
        "type": "Assignment"
      },
      "location-before-char-start": 10445,
      "location-before-char-end": 10482,
      "node-str": "\u003d"
    },
    {
      "type": "delete-node",
      "node": {
        "label": "data",
        "type": "VariableWrite"
      },
      "location-before-char-start": 10492,
      "location-before-char-end": 10519,
      "node-str": "data"
    },
    {
      "type": "delete-node",
      "node": {
        "label": "grabExcessVerticalSpace",
        "type": "FieldWrite"
      },
      "location-before-char-start": 10492,
      "location-before-char-end": 10519,
      "node-str": "grabExcessVerticalSpace"
    },
    {
      "type": "delete-node",
      "node": {
        "label": "\u003d",
        "type": "Assignment"
      },
      "location-before-char-start": 10492,
      "location-before-char-end": 10527,
      "node-str": "\u003d"
    },
    {
      "type": "delete-node",
      "node": {
        "label": "data",
        "type": "VariableWrite"
      },
      "location-before-char-start": 10537,
      "location-before-char-end": 10551,
      "node-str": "data"
    },
    {
      "type": "delete-node",
      "node": {
        "label": "heightHint",
        "type": "FieldWrite"
      },
      "location-before-char-start": 10537,
      "location-before-char-end": 10551,
      "node-str": "heightHint"
    },
    {
      "type": "delete-node",
      "node": {
        "label": "\u003d",
        "type": "Assignment"
      },
      "location-before-char-start": 10537,
      "location-before-char-end": 10577,
      "node-str": "\u003d"
    },
    {
      "type": "delete-node",
      "node": {
        "label": "item",
        "type": "VariableRead"
      },
      "location-before-char-start": 10642,
      "location-before-char-end": 10645,
      "node-str": "item"
    },
    {
      "type": "delete-node",
      "node": {
        "label": "org.eclipse.swt.custom.ScrolledComposite",
        "type": "VARIABLE_TYPE"
      },
      "location-before-char-start": 0,
      "location-before-char-end": 0,
      "node-str": "org.eclipse.swt.custom.ScrolledComposite"
    },
    {
      "type": "delete-node",
      "node": {
        "label": "scroller",
        "type": "LocalVariable"
      },
      "location-before-char-start": 10690,
      "location-before-char-end": 11239,
      "node-str": "scroller"
    },
    {
      "type": "delete-node",
      "node": {
        "label": "data",
        "type": "VariableWrite"
      },
      "location-before-char-start": 11250,
      "location-before-char-end": 11253,
      "node-str": "data"
    },
    {
      "type": "delete-node",
      "node": {
        "label": "org.eclipse.swt.layout.GridData",
        "type": "TypeAccess"
      },
      "location-before-char-start": 0,
      "location-before-char-end": 0,
      "node-str": "org.eclipse.swt.layout.GridData"
    },
    {
      "type": "delete-node",
      "node": {
        "label": "FILL_BOTH",
        "type": "FieldRead"
      },
      "location-before-char-start": 11270,
      "location-before-char-end": 11287,
      "node-str": "FILL_BOTH"
    },
    {
      "type": "delete-node",
      "node": {
        "label": "java.lang.Object()",
        "type": "ConstructorCall"
      },
      "location-before-char-start": 11257,
      "location-before-char-end": 11288,
      "node-str": "java.lang.Object()"
    },
    {
      "type": "delete-node",
      "node": {
        "label": "\u003d",
        "type": "Assignment"
      },
      "location-before-char-start": 11250,
      "location-before-char-end": 11289,
      "node-str": "\u003d"
    },
    {
      "type": "delete-node",
      "node": {
        "label": "data",
        "type": "VariableWrite"
      },
      "location-before-char-start": 11300,
      "location-before-char-end": 11313,
      "node-str": "data"
    },
    {
      "type": "delete-node",
      "node": {
        "label": "widthHint",
        "type": "FieldWrite"
      },
      "location-before-char-start": 11300,
      "location-before-char-end": 11313,
      "node-str": "widthHint"
    },
    {
      "type": "delete-node",
      "node": {
        "label": "minWidth",
        "type": "VariableRead"
      },
      "location-before-char-start": 11317,
      "location-before-char-end": 11324,
      "node-str": "minWidth"
    },
    {
      "type": "delete-node",
      "node": {
        "label": "\u003d",
        "type": "Assignment"
      },
      "location-before-char-start": 11300,
      "location-before-char-end": 11325,
      "node-str": "\u003d"
    },
    {
      "type": "delete-node",
      "node": {
        "label": "scroller",
        "type": "VariableRead"
      },
      "location-before-char-start": 11333,
      "location-before-char-end": 11340,
      "node-str": "scroller"
    },
    {
      "type": "delete-node",
      "node": {
        "label": "data",
        "type": "VariableRead"
      },
      "location-before-char-start": 11356,
      "location-before-char-end": 11359,
      "node-str": "data"
    },
    {
      "type": "delete-node",
      "node": {
        "label": "setLayoutData",
        "type": "Invocation"
      },
      "location-before-char-start": 11333,
      "location-before-char-end": 11361,
      "node-str": "setLayoutData"
    },
    {
      "type": "delete-node",
      "node": {
        "label": "scroller",
        "type": "VariableRead"
      },
      "location-before-char-start": 11416,
      "location-before-char-end": 11423,
      "node-str": "scroller"
    },
    {
      "type": "delete-node",
      "node": {
        "label": "java.lang.Object()",
        "type": "ConstructorCall"
      },
      "location-before-char-start": 11402,
      "location-before-char-end": 11434,
      "node-str": "java.lang.Object()"
    },
    {
      "type": "delete-node",
      "node": {
        "label": "textComposite",
        "type": "LocalVariable"
      },
      "location-before-char-start": 11370,
      "location-before-char-end": 11435,
      "node-str": "textComposite"
    },
    {
      "type": "delete-node",
      "node": {
        "label": "textComposite",
        "type": "VariableRead"
      },
      "location-before-char-start": 11443,
      "location-before-char-end": 11455,
      "node-str": "textComposite"
    },
    {
      "type": "delete-node",
      "node": {
        "label": "background",
        "type": "VariableRead"
      },
      "location-before-char-start": 11471,
      "location-before-char-end": 11480,
      "node-str": "background"
    },
    {
      "type": "delete-node",
      "node": {
        "label": "setBackground",
        "type": "Invocation"
      },
      "location-before-char-start": 11443,
      "location-before-char-end": 11482,
      "node-str": "setBackground"
    },
    {
      "type": "delete-node",
      "node": {
        "label": "layout",
        "type": "VariableWrite"
      },
      "location-before-char-start": 11497,
      "location-before-char-end": 11502,
      "node-str": "layout"
    },
    {
      "type": "delete-node",
      "node": {
        "label": "org.eclipse.swt.layout.GridLayout()",
        "type": "ConstructorCall"
      },
      "location-before-char-start": 11506,
      "location-before-char-end": 11521,
      "node-str": "org.eclipse.swt.layout.GridLayout()"
    },
    {
      "type": "delete-node",
      "node": {
        "label": "\u003d",
        "type": "Assignment"
      },
      "location-before-char-start": 11497,
      "location-before-char-end": 11522,
      "node-str": "\u003d"
    },
    {
      "type": "delete-node",
      "node": {
        "label": "textComposite",
        "type": "VariableRead"
      },
      "location-before-char-start": 11530,
      "location-before-char-end": 11542,
      "node-str": "textComposite"
    },
    {
      "type": "delete-node",
      "node": {
        "label": "layout",
        "type": "VariableRead"
      },
      "location-before-char-start": 11554,
      "location-before-char-end": 11559,
      "node-str": "layout"
    },
    {
      "type": "delete-node",
      "node": {
        "label": "setLayout",
        "type": "Invocation"
      },
      "location-before-char-start": 11530,
      "location-before-char-end": 11561,
      "node-str": "setLayout"
    },
    {
      "type": "delete-node",
      "node": {
        "label": "BITOR",
        "type": "BinaryOperator"
      },
      "location-before-char-start": 11211,
      "location-before-char-end": 11237,
      "node-str": "BITOR"
    },
    {
      "type": "delete-node",
      "node": {
        "label": "textComposite",
        "type": "VariableRead"
      },
      "location-before-char-start": 11592,
      "location-before-char-end": 11604,
      "node-str": "textComposite"
    },
    {
      "type": "delete-node",
      "node": {
        "label": "java.lang.Object()",
        "type": "ConstructorCall"
      },
      "location-before-char-start": 11577,
      "location-before-char-end": 11643,
      "node-str": "java.lang.Object()"
    },
    {
      "type": "delete-node",
      "node": {
        "label": "getText",
        "type": "Invocation"
      },
      "location-before-char-start": 11829,
      "location-before-char-end": 11842,
      "node-str": "getText"
    },
    {
      "type": "delete-node",
      "node": {
        "label": "gd",
        "type": "VariableWrite"
      },
      "location-before-char-start": 12182,
      "location-before-char-end": 12201,
      "node-str": "gd"
    },
    {
      "type": "delete-node",
      "node": {
        "label": "verticalAlignment",
        "type": "FieldWrite"
      },
      "location-before-char-start": 12182,
      "location-before-char-end": 12201,
      "node-str": "verticalAlignment"
    },
    {
      "type": "delete-node",
      "node": {
        "label": "org.eclipse.swt.layout.GridData",
        "type": "TypeAccess"
      },
      "location-before-char-start": 0,
      "location-before-char-end": 0,
      "node-str": "org.eclipse.swt.layout.GridData"
    },
    {
      "type": "delete-node",
      "node": {
        "label": "BEGINNING",
        "type": "FieldRead"
      },
      "location-before-char-start": 12205,
      "location-before-char-end": 12222,
      "node-str": "BEGINNING"
    },
    {
      "type": "delete-node",
      "node": {
        "label": "\u003d",
        "type": "Assignment"
      },
      "location-before-char-start": 12182,
      "location-before-char-end": 12223,
      "node-str": "\u003d"
    },
    {
      "type": "delete-node",
      "node": {
        "label": "gd",
        "type": "VariableWrite"
      },
      "location-before-char-start": 12231,
      "location-before-char-end": 12252,
      "node-str": "gd"
    },
    {
      "type": "delete-node",
      "node": {
        "label": "horizontalAlignment",
        "type": "FieldWrite"
      },
      "location-before-char-start": 12231,
      "location-before-char-end": 12252,
      "node-str": "horizontalAlignment"
    },
    {
      "type": "delete-node",
      "node": {
        "label": "org.eclipse.swt.layout.GridData",
        "type": "TypeAccess"
      },
      "location-before-char-start": 0,
      "location-before-char-end": 0,
      "node-str": "org.eclipse.swt.layout.GridData"
    },
    {
      "type": "delete-node",
      "node": {
        "label": "FILL",
        "type": "FieldRead"
      },
      "location-before-char-start": 12256,
      "location-before-char-end": 12268,
      "node-str": "FILL"
    },
    {
      "type": "delete-node",
      "node": {
        "label": "\u003d",
        "type": "Assignment"
      },
      "location-before-char-start": 12231,
      "location-before-char-end": 12269,
      "node-str": "\u003d"
    },
    {
      "type": "delete-node",
      "node": {
        "label": "gd",
        "type": "VariableWrite"
      },
      "location-before-char-start": 12277,
      "location-before-char-end": 12304,
      "node-str": "gd"
    },
    {
      "type": "delete-node",
      "node": {
        "label": "grabExcessHorizontalSpace",
        "type": "FieldWrite"
      },
      "location-before-char-start": 12277,
      "location-before-char-end": 12304,
      "node-str": "grabExcessHorizontalSpace"
    },
    {
      "type": "delete-node",
      "node": {
        "label": "\u003d",
        "type": "Assignment"
      },
      "location-before-char-start": 12277,
      "location-before-char-end": 12312,
      "node-str": "\u003d"
    },
    {
      "type": "delete-node",
      "node": {
        "label": "scroller",
        "type": "VariableRead"
      },
      "location-before-char-start": 12392,
      "location-before-char-end": 12399,
      "node-str": "scroller"
    },
    {
      "type": "delete-node",
      "node": {
        "label": "getHorizontalBar",
        "type": "Invocation"
      },
      "location-before-char-start": 12392,
      "location-before-char-end": 12418,
      "node-str": "getHorizontalBar"
    },
    {
      "type": "delete-node",
      "node": {
        "label": "setIncrement",
        "type": "Invocation"
      },
      "location-before-char-start": 12392,
      "location-before-char-end": 12436,
      "node-str": "setIncrement"
    },
    {
      "type": "delete-node",
      "node": {
        "label": "getVerticalBar",
        "type": "Invocation"
      },
      "location-before-char-start": 12444,
      "location-before-char-end": 12468,
      "node-str": "getVerticalBar"
    },
    {
      "type": "delete-node",
      "node": {
        "label": "setIncrement",
        "type": "Invocation"
      },
      "location-before-char-start": 12444,
      "location-before-char-end": 12486,
      "node-str": "setIncrement"
    },
    {
      "type": "delete-node",
      "node": {
        "label": "",
        "type": "NewArray"
      },
      "location-before-char-start": 12522,
      "location-before-char-end": 12535,
      "node-str": ""
    },
    {
      "type": "delete-node",
      "node": {
        "label": "textComposite",
        "type": "VariableRead"
      },
      "location-before-char-start": 13299,
      "location-before-char-end": 13311,
      "node-str": "textComposite"
    },
    {
      "type": "delete-node",
      "node": {
        "label": "minWidth",
        "type": "VariableRead"
      },
      "location-before-char-start": 13325,
      "location-before-char-end": 13332,
      "node-str": "minWidth"
    },
    {
      "type": "delete-node",
      "node": {
        "label": "inresize",
        "type": "VariableRead"
      },
      "location-before-char-start": 12749,
      "location-before-char-end": 12756,
      "node-str": "inresize"
    },
    {
      "type": "delete-node",
      "node": {
        "label": "",
        "type": "ArrayWrite"
      },
      "location-before-char-start": 12749,
      "location-before-char-end": 12759,
      "node-str": ""
    },
    {
      "type": "delete-node",
      "node": {
        "label": "\u003d",
        "type": "Assignment"
      },
      "location-before-char-start": 12749,
      "location-before-char-end": 12767,
      "node-str": "\u003d"
    },
    {
      "type": "delete-node",
      "node": {
        "label": "getClientArea",
        "type": "Invocation"
      },
      "location-before-char-start": 13006,
      "location-before-char-end": 13034,
      "node-str": "getClientArea"
    },
    {
      "type": "delete-node",
      "node": {
        "label": "textComposite",
        "type": "VariableRead"
      },
      "location-before-char-start": 13061,
      "location-before-char-end": 13073,
      "node-str": "textComposite"
    },
    {
      "type": "delete-node",
      "node": {
        "label": "p",
        "type": "VariableRead"
      },
      "location-before-char-start": 13377,
      "location-before-char-end": 13379,
      "node-str": "p"
    },
    {
      "type": "delete-node",
      "node": {
        "label": "",
        "type": "ArrayRead"
      },
      "location-before-char-start": 12711,
      "location-before-char-end": 12721,
      "node-str": ""
    },
    {
      "type": "delete-node",
      "node": {
        "label": "p",
        "type": "VariableRead"
      },
      "location-before-char-start": 13454,
      "location-before-char-end": 13456,
      "node-str": "p"
    },
    {
      "type": "delete-node",
      "node": {
        "label": "y",
        "type": "FieldRead"
      },
      "location-before-char-start": 13454,
      "location-before-char-end": 13456,
      "node-str": "y"
    },
    {
      "type": "delete-node",
      "node": {
        "label": "return",
        "type": "Return"
      },
      "location-before-char-start": 12733,
      "location-before-char-end": 12739,
      "node-str": "return"
    },
    {
      "type": "delete-node",
      "node": {
        "label": "textComposite",
        "type": "VariableRead"
      },
      "location-before-char-start": 13487,
      "location-before-char-end": 13499,
      "node-str": "textComposite"
    },
    {
      "type": "delete-node",
      "node": {
        "label": "scroller",
        "type": "VariableRead"
      },
      "location-before-char-start": 13116,
      "location-before-char-end": 13123,
      "node-str": "scroller"
    },
    {
      "type": "delete-node",
      "node": {
        "label": "minWidth",
        "type": "VariableRead"
      },
      "location-before-char-start": 13136,
      "location-before-char-end": 13143,
      "node-str": "minWidth"
    },
    {
      "type": "delete-node",
      "node": {
        "label": "setMinSize",
        "type": "Invocation"
      },
      "location-before-char-start": 13116,
      "location-before-char-end": 13150,
      "node-str": "setMinSize"
    },
    {
      "type": "delete-node",
      "node": {
        "label": "",
        "type": "ArrayWrite"
      },
      "location-before-char-start": 13160,
      "location-before-char-end": 13170,
      "node-str": ""
    },
    {
      "type": "delete-node",
      "node": {
        "label": "\u003d",
        "type": "Assignment"
      },
      "location-before-char-start": 13160,
      "location-before-char-end": 13179,
      "node-str": "\u003d"
    },
    {
      "type": "delete-node",
      "node": {
        "label": "scroller",
        "type": "VariableRead"
      },
      "location-before-char-start": 13207,
      "location-before-char-end": 13214,
      "node-str": "scroller"
    },
    {
      "type": "delete-node",
      "node": {
        "label": "setExpandHorizontal",
        "type": "Invocation"
      },
      "location-before-char-start": 13207,
      "location-before-char-end": 13241,
      "node-str": "setExpandHorizontal"
    },
    {
      "type": "delete-node",
      "node": {
        "label": "textComposite",
        "type": "VariableRead"
      },
      "location-before-char-start": 13355,
      "location-before-char-end": 13367,
      "node-str": "textComposite"
    },
    {
      "type": "delete-node",
      "node": {
        "label": "p",
        "type": "VariableRead"
      },
      "location-before-char-start": 13382,
      "location-before-char-end": 13384,
      "node-str": "p"
    },
    {
      "type": "delete-node",
      "node": {
        "label": "y",
        "type": "FieldRead"
      },
      "location-before-char-start": 13382,
      "location-before-char-end": 13384,
      "node-str": "y"
    },
    {
      "type": "delete-node",
      "node": {
        "label": "setSize",
        "type": "Invocation"
      },
      "location-before-char-start": 13355,
      "location-before-char-end": 13386,
      "node-str": "setSize"
    },
    {
      "type": "delete-node",
      "node": {
        "label": "scroller",
        "type": "VariableRead"
      },
      "location-before-char-start": 13394,
      "location-before-char-end": 13401,
      "node-str": "scroller"
    },
    {
      "type": "delete-node",
      "node": {
        "label": "minWidth",
        "type": "VariableRead"
      },
      "location-before-char-start": 13415,
      "location-before-char-end": 13422,
      "node-str": "minWidth"
    },
    {
      "type": "delete-node",
      "node": {
        "label": "setMinWidth",
        "type": "Invocation"
      },
      "location-before-char-start": 13394,
      "location-before-char-end": 13424,
      "node-str": "setMinWidth"
    },
    {
      "type": "delete-node",
      "node": {
        "label": "item",
        "type": "VariableRead"
      },
      "location-before-char-start": 12077,
      "location-before-char-end": 12080,
      "node-str": "item"
    }
  ],
  "before-file": {},
  "after-file": {},
  "mapping": {}
}