{
  "tool-info": {},
  "diff": [
    {
      "type": "insert-node",
      "node": {
        "label": "",
        "type": "TypeDeclaration"
      },
      "location-after-char-start": 768,
      "location-after-char-end": 2678,
      "node-str": ""
    },
    {
      "type": "insert-node",
      "node": {
        "label": "public",
        "type": "Modifier"
      },
      "location-after-char-start": 768,
      "location-after-char-end": 774,
      "node-str": "public"
    },
    {
      "type": "insert-node",
      "node": {
        "label": "class",
        "type": "TYPE_DECLARATION_KIND"
      },
      "location-after-char-start": 775,
      "location-after-char-end": 780,
      "node-str": "class"
    },
    {
      "type": "insert-node",
      "node": {
        "label": "UnsuccessfulWithDataPointFields",
        "type": "SimpleName"
      },
      "location-after-char-start": 781,
      "location-after-char-end": 812,
      "node-str": "UnsuccessfulWithDataPointFields"
    },
    {
      "type": "move-subtree",
      "node": {
        "label": "",
        "type": "TypeDeclaration"
      },
      "location-before-char-start": 816,
      "location-before-char-end": 985,
      "location-after-char-start": 816,
      "location-after-char-end": 985,
      "node-str": ""
    },
    {
      "type": "move-subtree",
      "node": {
        "label": "",
        "type": "MethodDeclaration"
      },
      "location-before-char-start": 988,
      "location-before-char-end": 1151,
      "location-after-char-start": 988,
      "location-after-char-end": 1151,
      "node-str": ""
    },
    {
      "type": "move-subtree",
      "node": {
        "label": "",
        "type": "MethodDeclaration"
      },
      "location-before-char-start": 1154,
      "location-before-char-end": 1325,
      "location-after-char-start": 1154,
      "location-after-char-end": 1325,
      "node-str": ""
    },
    {
      "type": "move-subtree",
      "node": {
        "label": "",
        "type": "MethodDeclaration"
      },
      "location-before-char-start": 1328,
      "location-before-char-end": 1473,
      "location-after-char-start": 1328,
      "location-after-char-end": 1473,
      "node-str": ""
    },
    {
      "type": "move-subtree",
      "node": {
        "label": "",
        "type": "TypeDeclaration"
      },
      "location-before-char-start": 1476,
      "location-before-char-end": 1657,
      "location-after-char-start": 1476,
      "location-after-char-end": 1657,
      "node-str": ""
    },
    {
      "type": "insert-node",
      "node": {
        "label": "",
        "type": "MethodDeclaration"
      },
      "location-after-char-start": 1660,
      "location-after-char-end": 1829,
      "node-str": ""
    },
    {
      "type": "move-subtree",
      "node": {
        "label": "",
        "type": "TypeDeclaration"
      },
      "location-before-char-start": 1828,
      "location-before-char-end": 2035,
      "location-after-char-start": 1832,
      "location-after-char-end": 2039,
      "node-str": ""
    },
    {
      "type": "move-subtree",
      "node": {
        "label": "",
        "type": "MethodDeclaration"
      },
      "location-before-char-start": 2038,
      "location-before-char-end": 2187,
      "location-after-char-start": 2042,
      "location-after-char-end": 2191,
      "node-str": ""
    },
    {
      "type": "move-subtree",
      "node": {
        "label": "",
        "type": "TypeDeclaration"
      },
      "location-before-char-start": 2190,
      "location-before-char-end": 2368,
      "location-after-char-start": 2194,
      "location-after-char-end": 2372,
      "node-str": ""
    },
    {
      "type": "move-subtree",
      "node": {
        "label": "",
        "type": "MethodDeclaration"
      },
      "location-before-char-start": 2371,
      "location-before-char-end": 2672,
      "location-after-char-start": 2375,
      "location-after-char-end": 2676,
      "node-str": ""
    },
    {
      "type": "move-subtree",
      "node": {
        "label": "",
        "type": "MarkerAnnotation"
      },
      "location-before-char-start": 1660,
      "location-before-char-end": 1665,
      "location-after-char-start": 1660,
      "location-after-char-end": 1665,
      "node-str": ""
    },
    {
      "type": "insert-node",
      "node": {
        "label": "public",
        "type": "Modifier"
      },
      "location-after-char-start": 1667,
      "location-after-char-end": 1673,
      "node-str": "public"
    },
    {
      "type": "insert-node",
      "node": {
        "label": "void",
        "type": "PrimitiveType"
      },
      "location-after-char-start": 1674,
      "location-after-char-end": 1678,
      "node-str": "void"
    },
    {
      "type": "insert-node",
      "node": {
        "label": "reportBadParams",
        "type": "SimpleName"
      },
      "location-after-char-start": 1679,
      "location-after-char-end": 1694,
      "node-str": "reportBadParams"
    },
    {
      "type": "move-subtree",
      "node": {
        "label": "",
        "type": "SimpleType"
      },
      "location-before-char-start": 1704,
      "location-before-char-end": 1713,
      "location-after-char-start": 1704,
      "location-after-char-end": 1713,
      "node-str": ""
    },
    {
      "type": "insert-node",
      "node": {
        "label": "",
        "type": "Block"
      },
      "location-after-char-start": 1714,
      "location-after-char-end": 1829,
      "node-str": ""
    },
    {
      "type": "insert-node",
      "node": {
        "label": "",
        "type": "ExpressionStatement"
      },
      "location-after-char-start": 1718,
      "location-after-char-end": 1826,
      "node-str": ""
    },
    {
      "type": "insert-node",
      "node": {
        "label": "",
        "type": "MethodInvocation"
      },
      "location-after-char-start": 1718,
      "location-after-char-end": 1825,
      "node-str": ""
    },
    {
      "type": "insert-node",
      "node": {
        "label": "assertThat",
        "type": "SimpleName"
      },
      "location-after-char-start": 1718,
      "location-after-char-end": 1728,
      "node-str": "assertThat"
    },
    {
      "type": "insert-node",
      "node": {
        "label": "",
        "type": "METHOD_INVOCATION_ARGUMENTS"
      },
      "location-after-char-start": 1729,
      "location-after-char-end": 1824,
      "node-str": ""
    },
    {
      "type": "move-subtree",
      "node": {
        "label": "",
        "type": "MethodInvocation"
      },
      "location-before-char-start": 1729,
      "location-before-char-end": 1762,
      "location-after-char-start": 1729,
      "location-after-char-end": 1762,
      "node-str": ""
    },
    {
      "type": "insert-node",
      "node": {
        "label": "",
        "type": "MethodInvocation"
      },
      "location-after-char-start": 1768,
      "location-after-char-end": 1824,
      "node-str": ""
    },
    {
      "type": "insert-node",
      "node": {
        "label": "hasSingleFailureContaining",
        "type": "SimpleName"
      },
      "location-after-char-start": 1768,
      "location-after-char-end": 1794,
      "node-str": "hasSingleFailureContaining"
    },
    {
      "type": "insert-node",
      "node": {
        "label": "",
        "type": "METHOD_INVOCATION_ARGUMENTS"
      },
      "location-after-char-start": 1795,
      "location-after-char-end": 1823,
      "node-str": ""
    },
    {
      "type": "insert-node",
      "node": {
        "label": "\"everythingIsZero(ONE, ONE)\"",
        "type": "StringLiteral"
      },
      "location-after-char-start": 1795,
      "location-after-char-end": 1823,
      "node-str": "\"everythingIsZero(ONE, ONE)\""
    },
    {
      "type": "delete-node",
      "node": {
        "label": "public",
        "type": "Modifier"
      },
      "location-before-char-start": 768,
      "location-before-char-end": 774,
      "node-str": "public"
    },
    {
      "type": "delete-node",
      "node": {
        "label": "class",
        "type": "TYPE_DECLARATION_KIND"
      },
      "location-before-char-start": 775,
      "location-before-char-end": 780,
      "node-str": "class"
    },
    {
      "type": "delete-node",
      "node": {
        "label": "UnsuccessfulWithDataPointFields",
        "type": "SimpleName"
      },
      "location-before-char-start": 781,
      "location-before-char-end": 812,
      "node-str": "UnsuccessfulWithDataPointFields"
    },
    {
      "type": "delete-node",
      "node": {
        "label": "public",
        "type": "Modifier"
      },
      "location-before-char-start": 1667,
      "location-before-char-end": 1673,
      "node-str": "public"
    },
    {
      "type": "delete-node",
      "node": {
        "label": "void",
        "type": "PrimitiveType"
      },
      "location-before-char-start": 1674,
      "location-before-char-end": 1678,
      "node-str": "void"
    },
    {
      "type": "delete-node",
      "node": {
        "label": "reportBadParams",
        "type": "SimpleName"
      },
      "location-before-char-start": 1679,
      "location-before-char-end": 1694,
      "node-str": "reportBadParams"
    },
    {
      "type": "delete-node",
      "node": {
        "label": "assertThat",
        "type": "SimpleName"
      },
      "location-before-char-start": 1718,
      "location-before-char-end": 1728,
      "node-str": "assertThat"
    },
    {
      "type": "delete-node",
      "node": {
        "label": "hasSingleFailureContaining",
        "type": "SimpleName"
      },
      "location-before-char-start": 1768,
      "location-before-char-end": 1794,
      "node-str": "hasSingleFailureContaining"
    },
    {
      "type": "delete-node",
      "node": {
        "label": "\"everythingIsZero(1, 1)\"",
        "type": "StringLiteral"
      },
      "location-before-char-start": 1795,
      "location-before-char-end": 1819,
      "node-str": "\"everythingIsZero(1, 1)\""
    },
    {
      "type": "delete-node",
      "node": {
        "label": "",
        "type": "METHOD_INVOCATION_ARGUMENTS"
      },
      "location-before-char-start": 1795,
      "location-before-char-end": 1819,
      "node-str": ""
    },
    {
      "type": "delete-node",
      "node": {
        "label": "",
        "type": "MethodInvocation"
      },
      "location-before-char-start": 1768,
      "location-before-char-end": 1820,
      "node-str": ""
    },
    {
      "type": "delete-node",
      "node": {
        "label": "",
        "type": "METHOD_INVOCATION_ARGUMENTS"
      },
      "location-before-char-start": 1729,
      "location-before-char-end": 1820,
      "node-str": ""
    },
    {
      "type": "delete-node",
      "node": {
        "label": "",
        "type": "MethodInvocation"
      },
      "location-before-char-start": 1718,
      "location-before-char-end": 1821,
      "node-str": ""
    },
    {
      "type": "delete-node",
      "node": {
        "label": "",
        "type": "ExpressionStatement"
      },
      "location-before-char-start": 1718,
      "location-before-char-end": 1822,
      "node-str": ""
    },
    {
      "type": "delete-node",
      "node": {
        "label": "",
        "type": "Block"
      },
      "location-before-char-start": 1714,
      "location-before-char-end": 1825,
      "node-str": ""
    },
    {
      "type": "delete-node",
      "node": {
        "label": "",
        "type": "MethodDeclaration"
      },
      "location-before-char-start": 1660,
      "location-before-char-end": 1825,
      "node-str": ""
    },
    {
      "type": "delete-node",
      "node": {
        "label": "",
        "type": "TypeDeclaration"
      },
      "location-before-char-start": 768,
      "location-before-char-end": 2674,
      "node-str": ""
    }
  ],
  "before-file": {},
  "after-file": {},
  "mapping": {}
}