{
  "tool-info": {},
  "diff": [
    {
      "type": "insert-node",
      "node": {
        "label": "ProgressFloatingWindow",
        "type": "Class"
      },
      "location-after-char-start": 1597,
      "location-after-char-end": 10065,
      "node-str": "ProgressFloatingWindow"
    },
    {
      "type": "insert-node",
      "node": {
        "label": "",
        "type": "TypeReference"
      },
      "location-after-char-start": 1722,
      "location-after-char-end": 1737,
      "node-str": ""
    },
    {
      "type": "insert-node",
      "node": {
        "label": "viewer",
        "type": "Field"
      },
      "location-after-char-start": 1742,
      "location-after-char-end": 1760,
      "node-str": "viewer"
    },
    {
      "type": "insert-node",
      "node": {
        "label": "window",
        "type": "Field"
      },
      "location-after-char-start": 1763,
      "location-after-char-end": 1785,
      "node-str": "window"
    },
    {
      "type": "insert-node",
      "node": {
        "label": "maxSize",
        "type": "Field"
      },
      "location-after-char-start": 1788,
      "location-after-char-end": 1813,
      "node-str": "maxSize"
    },
    {
      "type": "insert-node",
      "node": {
        "label": "\u003cinit\u003e",
        "type": "Constructor"
      },
      "location-after-char-start": 1816,
      "location-after-char-end": 2137,
      "node-str": "\u003cinit\u003e"
    },
    {
      "type": "insert-node",
      "node": {
        "label": "getLayout",
        "type": "Method"
      },
      "location-after-char-start": 2140,
      "location-after-char-end": 2367,
      "node-str": "getLayout"
    },
    {
      "type": "insert-node",
      "node": {
        "label": "configureShell",
        "type": "Method"
      },
      "location-after-char-start": 2370,
      "location-after-char-end": 2643,
      "node-str": "configureShell"
    },
    {
      "type": "insert-node",
      "node": {
        "label": "createContents",
        "type": "Method"
      },
      "location-after-char-start": 2646,
      "location-after-char-end": 3702,
      "node-str": "createContents"
    },
    {
      "type": "update-node",
      "node": {
        "label": "createContents",
        "type": "Method"
      },
      "location-before-char-start": 2015,
      "location-before-char-end": 4515,
      "location-after-char-start": 3705,
      "location-after-char-end": 5415,
      "node-str": "viewerLabelProvider"
    },
    {
      "type": "move-subtree",
      "node": {
        "label": "createContents",
        "type": "Method"
      },
      "location-before-char-start": 2015,
      "location-before-char-end": 4515,
      "location-after-char-start": 3705,
      "location-after-char-end": 5415,
      "node-str": "viewerLabelProvider"
    },
    {
      "type": "insert-node",
      "node": {
        "label": "adjustSize",
        "type": "Method"
      },
      "location-after-char-start": 5418,
      "location-after-char-end": 5768,
      "node-str": "adjustSize"
    },
    {
      "type": "move-subtree",
      "node": {
        "label": "setRegion",
        "type": "Method"
      },
      "location-before-char-start": 4878,
      "location-before-char-end": 6367,
      "location-after-char-start": 5771,
      "location-after-char-end": 7260,
      "node-str": "setRegion"
    },
    {
      "type": "move-subtree",
      "node": {
        "label": "initContentProvider",
        "type": "Method"
      },
      "location-before-char-start": 6370,
      "location-before-char-end": 6606,
      "location-after-char-start": 7263,
      "location-after-char-end": 7499,
      "node-str": "initContentProvider"
    },
    {
      "type": "move-subtree",
      "node": {
        "label": "getTransparencyValue",
        "type": "Method"
      },
      "location-before-char-start": 6609,
      "location-before-char-end": 6767,
      "location-after-char-start": 7502,
      "location-after-char-end": 7660,
      "node-str": "getTransparencyValue"
    },
    {
      "type": "move-subtree",
      "node": {
        "label": "close",
        "type": "Method"
      },
      "location-before-char-start": 6770,
      "location-before-char-end": 7083,
      "location-after-char-start": 7663,
      "location-after-char-end": 7976,
      "node-str": "close"
    },
    {
      "type": "move-subtree",
      "node": {
        "label": "open",
        "type": "Method"
      },
      "location-before-char-start": 7086,
      "location-before-char-end": 7404,
      "location-after-char-start": 7979,
      "location-after-char-end": 8297,
      "node-str": "open"
    },
    {
      "type": "move-subtree",
      "node": {
        "label": "getMaximumSize",
        "type": "Method"
      },
      "location-before-char-start": 7407,
      "location-before-char-end": 7605,
      "location-after-char-start": 8300,
      "location-after-char-end": 8498,
      "node-str": "getMaximumSize"
    },
    {
      "type": "insert-node",
      "node": {
        "label": "setBackground",
        "type": "Method"
      },
      "location-after-char-start": 8501,
      "location-after-char-end": 8744,
      "node-str": "setBackground"
    },
    {
      "type": "insert-node",
      "node": {
        "label": "createButtons",
        "type": "Method"
      },
      "location-after-char-start": 8747,
      "location-after-char-end": 10063,
      "node-str": "createButtons"
    },
    {
      "type": "insert-node",
      "node": {
        "label": "org.eclipse.ui.internal.AssociatedWindow",
        "type": "SUPER_TYPE"
      },
      "location-after-char-start": 0,
      "location-after-char-end": 0,
      "node-str": "org.eclipse.ui.internal.AssociatedWindow"
    },
    {
      "type": "insert-node",
      "node": {
        "label": "org.eclipse.jface.viewers.TableViewer",
        "type": "VARIABLE_TYPE"
      },
      "location-after-char-start": 0,
      "location-after-char-end": 0,
      "node-str": "org.eclipse.jface.viewers.TableViewer"
    },
    {
      "type": "insert-node",
      "node": {
        "label": "org.eclipse.ui.internal.WorkbenchWindow",
        "type": "VARIABLE_TYPE"
      },
      "location-after-char-start": 0,
      "location-after-char-end": 0,
      "node-str": "org.eclipse.ui.internal.WorkbenchWindow"
    },
    {
      "type": "insert-node",
      "node": {
        "label": "int",
        "type": "VARIABLE_TYPE"
      },
      "location-after-char-start": 0,
      "location-after-char-end": 0,
      "node-str": "int"
    },
    {
      "type": "insert-node",
      "node": {
        "label": "500",
        "type": "Literal"
      },
      "location-after-char-start": 1810,
      "location-after-char-end": 1812,
      "node-str": "500"
    },
    {
      "type": "insert-node",
      "node": {
        "label": "workbenchWindow",
        "type": "Parameter"
      },
      "location-after-char-start": 1953,
      "location-after-char-end": 1983,
      "node-str": "workbenchWindow"
    },
    {
      "type": "insert-node",
      "node": {
        "label": "associatedControl",
        "type": "Parameter"
      },
      "location-after-char-start": 1989,
      "location-after-char-end": 2013,
      "node-str": "associatedControl"
    },
    {
      "type": "insert-node",
      "node": {
        "label": "\u003cinit\u003e",
        "type": "Invocation"
      },
      "location-after-char-start": 2020,
      "location-after-char-end": 2072,
      "node-str": "\u003cinit\u003e"
    },
    {
      "type": "insert-node",
      "node": {
        "label": "\u003d",
        "type": "Assignment"
      },
      "location-after-char-start": 2076,
      "location-after-char-end": 2105,
      "node-str": "\u003d"
    },
    {
      "type": "insert-node",
      "node": {
        "label": "setShellStyle",
        "type": "Invocation"
      },
      "location-after-char-start": 2109,
      "location-after-char-end": 2134,
      "node-str": "setShellStyle"
    },
    {
      "type": "insert-node",
      "node": {
        "label": "org.eclipse.swt.widgets.Layout",
        "type": "RETURN_TYPE"
      },
      "location-after-char-start": 0,
      "location-after-char-end": 0,
      "node-str": "org.eclipse.swt.widgets.Layout"
    },
    {
      "type": "insert-node",
      "node": {
        "label": "protected",
        "type": "Modifier"
      },
      "location-after-char-start": 0,
      "location-after-char-end": 0,
      "node-str": "protected"
    },
    {
      "type": "insert-node",
      "node": {
        "label": "layout",
        "type": "LocalVariable"
      },
      "location-after-char-start": 2258,
      "location-after-char-end": 2294,
      "node-str": "layout"
    },
    {
      "type": "insert-node",
      "node": {
        "label": "\u003d",
        "type": "Assignment"
      },
      "location-after-char-start": 2298,
      "location-after-char-end": 2321,
      "node-str": "\u003d"
    },
    {
      "type": "insert-node",
      "node": {
        "label": "\u003d",
        "type": "Assignment"
      },
      "location-after-char-start": 2325,
      "location-after-char-end": 2347,
      "node-str": "\u003d"
    },
    {
      "type": "insert-node",
      "node": {
        "label": "return",
        "type": "Return"
      },
      "location-after-char-start": 2351,
      "location-after-char-end": 2364,
      "node-str": "return"
    },
    {
      "type": "insert-node",
      "node": {
        "label": "void",
        "type": "RETURN_TYPE"
      },
      "location-after-char-start": 0,
      "location-after-char-end": 0,
      "node-str": "void"
    },
    {
      "type": "insert-node",
      "node": {
        "label": "protected",
        "type": "Modifier"
      },
      "location-after-char-start": 0,
      "location-after-char-end": 0,
      "node-str": "protected"
    },
    {
      "type": "insert-node",
      "node": {
        "label": "newShell",
        "type": "Parameter"
      },
      "location-after-char-start": 2528,
      "location-after-char-end": 2541,
      "node-str": "newShell"
    },
    {
      "type": "insert-node",
      "node": {
        "label": "configureShell",
        "type": "Invocation"
      },
      "location-after-char-start": 2548,
      "location-after-char-end": 2578,
      "node-str": "configureShell"
    },
    {
      "type": "insert-node",
      "node": {
        "label": "setLayout",
        "type": "Invocation"
      },
      "location-after-char-start": 2582,
      "location-after-char-end": 2613,
      "node-str": "setLayout"
    },
    {
      "type": "insert-node",
      "node": {
        "label": "setBackground",
        "type": "Invocation"
      },
      "location-after-char-start": 2617,
      "location-after-char-end": 2640,
      "node-str": "setBackground"
    },
    {
      "type": "insert-node",
      "node": {
        "label": "org.eclipse.swt.widgets.Control",
        "type": "RETURN_TYPE"
      },
      "location-after-char-start": 0,
      "location-after-char-end": 0,
      "node-str": "org.eclipse.swt.widgets.Control"
    },
    {
      "type": "insert-node",
      "node": {
        "label": "protected",
        "type": "Modifier"
      },
      "location-after-char-start": 0,
      "location-after-char-end": 0,
      "node-str": "protected"
    },
    {
      "type": "insert-node",
      "node": {
        "label": "root",
        "type": "Parameter"
      },
      "location-after-char-start": 2802,
      "location-after-char-end": 2815,
      "node-str": "root"
    },
    {
      "type": "insert-node",
      "node": {
        "label": "buttonBar",
        "type": "LocalVariable"
      },
      "location-after-char-start": 2822,
      "location-after-char-end": 2861,
      "node-str": "buttonBar"
    },
    {
      "type": "move-subtree",
      "node": {
        "label": "\u003d",
        "type": "Assignment"
      },
      "location-before-char-start": 2191,
      "location-before-char-end": 2569,
      "location-after-char-start": 2865,
      "location-after-char-end": 3243,
      "node-str": "\u003d"
    },
    {
      "type": "insert-node",
      "node": {
        "label": "setUseHashlookup",
        "type": "Invocation"
      },
      "location-after-char-start": 3247,
      "location-after-char-end": 3276,
      "node-str": "setUseHashlookup"
    },
    {
      "type": "move-subtree",
      "node": {
        "label": "setSorter",
        "type": "Invocation"
      },
      "location-before-char-start": 2606,
      "location-before-char-end": 2669,
      "location-after-char-start": 3280,
      "location-after-char-end": 3343,
      "node-str": "setSorter"
    },
    {
      "type": "insert-node",
      "node": {
        "label": "setBackground",
        "type": "Invocation"
      },
      "location-after-char-start": 3347,
      "location-after-char-end": 3381,
      "node-str": "setBackground"
    },
    {
      "type": "insert-node",
      "node": {
        "label": "tableData",
        "type": "LocalVariable"
      },
      "location-after-char-start": 3385,
      "location-after-char-end": 3420,
      "node-str": "tableData"
    },
    {
      "type": "insert-node",
      "node": {
        "label": "\u003d",
        "type": "Assignment"
      },
      "location-after-char-start": 3424,
      "location-after-char-end": 3462,
      "node-str": "\u003d"
    },
    {
      "type": "insert-node",
      "node": {
        "label": "\u003d",
        "type": "Assignment"
      },
      "location-after-char-start": 3466,
      "location-after-char-end": 3507,
      "node-str": "\u003d"
    },
    {
      "type": "insert-node",
      "node": {
        "label": "\u003d",
        "type": "Assignment"
      },
      "location-after-char-start": 3511,
      "location-after-char-end": 3548,
      "node-str": "\u003d"
    },
    {
      "type": "insert-node",
      "node": {
        "label": "setLayoutData",
        "type": "Invocation"
      },
      "location-after-char-start": 3552,
      "location-after-char-end": 3594,
      "node-str": "setLayoutData"
    },
    {
      "type": "insert-node",
      "node": {
        "label": "initContentProvider",
        "type": "Invocation"
      },
      "location-after-char-start": 3598,
      "location-after-char-end": 3619,
      "node-str": "initContentProvider"
    },
    {
      "type": "insert-node",
      "node": {
        "label": "setLabelProvider",
        "type": "Invocation"
      },
      "location-after-char-start": 3623,
      "location-after-char-end": 3669,
      "node-str": "setLabelProvider"
    },
    {
      "type": "insert-node",
      "node": {
        "label": "return",
        "type": "Return"
      },
      "location-after-char-start": 3673,
      "location-after-char-end": 3699,
      "node-str": "return"
    },
    {
      "type": "update-node",
      "node": {
        "label": "org.eclipse.swt.widgets.Control",
        "type": "RETURN_TYPE"
      },
      "location-before-char-start": 0,
      "location-before-char-end": 0,
      "location-after-char-start": 0,
      "location-after-char-end": 0,
      "node-str": "org.eclipse.jface.viewers.LabelProvider"
    },
    {
      "type": "insert-node",
      "node": {
        "label": "return",
        "type": "Return"
      },
      "location-after-char-start": 3840,
      "location-after-char-end": 5412,
      "node-str": "return"
    },
    {
      "type": "insert-node",
      "node": {
        "label": "void",
        "type": "RETURN_TYPE"
      },
      "location-after-char-start": 0,
      "location-after-char-end": 0,
      "node-str": "void"
    },
    {
      "type": "insert-node",
      "node": {
        "label": "size",
        "type": "LocalVariable"
      },
      "location-after-char-start": 5493,
      "location-after-char-end": 5554,
      "node-str": "size"
    },
    {
      "type": "insert-node",
      "node": {
        "label": "",
        "type": "OperatorAssignment"
      },
      "location-after-char-start": 5558,
      "location-after-char-end": 5569,
      "node-str": ""
    },
    {
      "type": "insert-node",
      "node": {
        "label": "",
        "type": "OperatorAssignment"
      },
      "location-after-char-start": 5573,
      "location-after-char-end": 5584,
      "node-str": ""
    },
    {
      "type": "move-subtree",
      "node": {
        "label": "maxSize",
        "type": "LocalVariable"
      },
      "location-before-char-start": 4695,
      "location-before-char-end": 4755,
      "location-after-char-start": 5588,
      "location-after-char-end": 5648,
      "node-str": "maxSize"
    },
    {
      "type": "move-subtree",
      "node": {
        "label": "if",
        "type": "If"
      },
      "location-before-char-start": 4759,
      "location-before-char-end": 4784,
      "location-after-char-start": 5652,
      "location-after-char-end": 5677,
      "node-str": "if"
    },
    {
      "type": "insert-node",
      "node": {
        "label": "\u003d",
        "type": "Assignment"
      },
      "location-after-char-start": 5681,
      "location-after-char-end": 5697,
      "node-str": "\u003d"
    },
    {
      "type": "insert-node",
      "node": {
        "label": "setSize",
        "type": "Invocation"
      },
      "location-after-char-start": 5701,
      "location-after-char-end": 5725,
      "node-str": "setSize"
    },
    {
      "type": "insert-node",
      "node": {
        "label": "moveShell",
        "type": "Invocation"
      },
      "location-after-char-start": 5729,
      "location-after-char-end": 5750,
      "node-str": "moveShell"
    },
    {
      "type": "insert-node",
      "node": {
        "label": "setRegion",
        "type": "Invocation"
      },
      "location-after-char-start": 5754,
      "location-after-char-end": 5765,
      "node-str": "setRegion"
    },
    {
      "type": "insert-node",
      "node": {
        "label": "void",
        "type": "RETURN_TYPE"
      },
      "location-after-char-start": 0,
      "location-after-char-end": 0,
      "node-str": "void"
    },
    {
      "type": "insert-node",
      "node": {
        "label": "control",
        "type": "Parameter"
      },
      "location-after-char-start": 8630,
      "location-after-char-end": 8644,
      "node-str": "control"
    },
    {
      "type": "insert-node",
      "node": {
        "label": "setBackground",
        "type": "Invocation"
      },
      "location-after-char-start": 8651,
      "location-after-char-end": 8741,
      "node-str": "setBackground"
    },
    {
      "type": "insert-node",
      "node": {
        "label": "org.eclipse.swt.widgets.Control",
        "type": "RETURN_TYPE"
      },
      "location-after-char-start": 0,
      "location-after-char-end": 0,
      "node-str": "org.eclipse.swt.widgets.Control"
    },
    {
      "type": "insert-node",
      "node": {
        "label": "parent",
        "type": "Parameter"
      },
      "location-after-char-start": 8777,
      "location-after-char-end": 8792,
      "node-str": "parent"
    },
    {
      "type": "insert-node",
      "node": {
        "label": "buttonBar",
        "type": "LocalVariable"
      },
      "location-after-char-start": 8799,
      "location-after-char-end": 8854,
      "node-str": "buttonBar"
    },
    {
      "type": "insert-node",
      "node": {
        "label": "setBackground",
        "type": "Invocation"
      },
      "location-after-char-start": 8858,
      "location-after-char-end": 8882,
      "node-str": "setBackground"
    },
    {
      "type": "insert-node",
      "node": {
        "label": "minimize",
        "type": "LocalVariable"
      },
      "location-after-char-start": 8889,
      "location-after-char-end": 8942,
      "node-str": "minimize"
    },
    {
      "type": "insert-node",
      "node": {
        "label": "setImage",
        "type": "Invocation"
      },
      "location-after-char-start": 8946,
      "location-after-char-end": 9023,
      "node-str": "setImage"
    },
    {
      "type": "insert-node",
      "node": {
        "label": "addSelectionListener",
        "type": "Invocation"
      },
      "location-after-char-start": 9027,
      "location-after-char-end": 9321,
      "node-str": "addSelectionListener"
    },
    {
      "type": "insert-node",
      "node": {
        "label": "setToolTipText",
        "type": "Invocation"
      },
      "location-after-char-start": 9328,
      "location-after-char-end": 9376,
      "node-str": "setToolTipText"
    },
    {
      "type": "insert-node",
      "node": {
        "label": "maximize",
        "type": "LocalVariable"
      },
      "location-after-char-start": 9383,
      "location-after-char-end": 9436,
      "node-str": "maximize"
    },
    {
      "type": "insert-node",
      "node": {
        "label": "setImage",
        "type": "Invocation"
      },
      "location-after-char-start": 9440,
      "location-after-char-end": 9517,
      "node-str": "setImage"
    },
    {
      "type": "insert-node",
      "node": {
        "label": "addSelectionListener",
        "type": "Invocation"
      },
      "location-after-char-start": 9521,
      "location-after-char-end": 9830,
      "node-str": "addSelectionListener"
    },
    {
      "type": "insert-node",
      "node": {
        "label": "setToolTipText",
        "type": "Invocation"
      },
      "location-after-char-start": 9837,
      "location-after-char-end": 9882,
      "node-str": "setToolTipText"
    },
    {
      "type": "insert-node",
      "node": {
        "label": "barData",
        "type": "LocalVariable"
      },
      "location-after-char-start": 9889,
      "location-after-char-end": 9922,
      "node-str": "barData"
    },
    {
      "type": "insert-node",
      "node": {
        "label": "\u003d",
        "type": "Assignment"
      },
      "location-after-char-start": 9926,
      "location-after-char-end": 9965,
      "node-str": "\u003d"
    },
    {
      "type": "insert-node",
      "node": {
        "label": "\u003d",
        "type": "Assignment"
      },
      "location-after-char-start": 9969,
      "location-after-char-end": 10004,
      "node-str": "\u003d"
    },
    {
      "type": "insert-node",
      "node": {
        "label": "setLayoutData",
        "type": "Invocation"
      },
      "location-after-char-start": 10008,
      "location-after-char-end": 10040,
      "node-str": "setLayoutData"
    },
    {
      "type": "insert-node",
      "node": {
        "label": "return",
        "type": "Return"
      },
      "location-after-char-start": 10044,
      "location-after-char-end": 10060,
      "node-str": "return"
    },
    {
      "type": "insert-node",
      "node": {
        "label": "org.eclipse.ui.internal.WorkbenchWindow",
        "type": "VARIABLE_TYPE"
      },
      "location-after-char-start": 0,
      "location-after-char-end": 0,
      "node-str": "org.eclipse.ui.internal.WorkbenchWindow"
    },
    {
      "type": "insert-node",
      "node": {
        "label": "org.eclipse.swt.widgets.Control",
        "type": "VARIABLE_TYPE"
      },
      "location-after-char-start": 0,
      "location-after-char-end": 0,
      "node-str": "org.eclipse.swt.widgets.Control"
    },
    {
      "type": "insert-node",
      "node": {
        "label": "getShell",
        "type": "Invocation"
      },
      "location-after-char-start": 2026,
      "location-after-char-end": 2051,
      "node-str": "getShell"
    },
    {
      "type": "insert-node",
      "node": {
        "label": "associatedControl",
        "type": "VariableRead"
      },
      "location-after-char-start": 2054,
      "location-after-char-end": 2070,
      "node-str": "associatedControl"
    },
    {
      "type": "insert-node",
      "node": {
        "label": "window",
        "type": "FieldWrite"
      },
      "location-after-char-start": 2076,
      "location-after-char-end": 2086,
      "node-str": "window"
    },
    {
      "type": "insert-node",
      "node": {
        "label": "workbenchWindow",
        "type": "VariableRead"
      },
      "location-after-char-start": 2090,
      "location-after-char-end": 2104,
      "node-str": "workbenchWindow"
    },
    {
      "type": "insert-node",
      "node": {
        "label": "org.eclipse.ui.internal.progress.ProgressFloatingWindow",
        "type": "TypeAccess"
      },
      "location-after-char-start": 0,
      "location-after-char-end": 0,
      "node-str": "org.eclipse.ui.internal.progress.ProgressFloatingWindow"
    },
    {
      "type": "insert-node",
      "node": {
        "label": "SWT.RESIZE",
        "type": "TypeAccess"
      },
      "location-after-char-start": 2123,
      "location-after-char-end": 2132,
      "node-str": "SWT.RESIZE"
    },
    {
      "type": "insert-node",
      "node": {
        "label": "org.eclipse.swt.layout.FormLayout",
        "type": "VARIABLE_TYPE"
      },
      "location-after-char-start": 0,
      "location-after-char-end": 0,
      "node-str": "org.eclipse.swt.layout.FormLayout"
    },
    {
      "type": "insert-node",
      "node": {
        "label": "org.eclipse.swt.layout.FormLayout()",
        "type": "ConstructorCall"
      },
      "location-after-char-start": 2278,
      "location-after-char-end": 2293,
      "node-str": "org.eclipse.swt.layout.FormLayout()"
    },
    {
      "type": "insert-node",
      "node": {
        "label": "marginHeight",
        "type": "FieldWrite"
      },
      "location-after-char-start": 2298,
      "location-after-char-end": 2316,
      "node-str": "marginHeight"
    },
    {
      "type": "insert-node",
      "node": {
        "label": "5",
        "type": "Literal"
      },
      "location-after-char-start": 2320,
      "location-after-char-end": 2320,
      "node-str": "5"
    },
    {
      "type": "insert-node",
      "node": {
        "label": "marginWidth",
        "type": "FieldWrite"
      },
      "location-after-char-start": 2325,
      "location-after-char-end": 2342,
      "node-str": "marginWidth"
    },
    {
      "type": "insert-node",
      "node": {
        "label": "5",
        "type": "Literal"
      },
      "location-after-char-start": 2346,
      "location-after-char-end": 2346,
      "node-str": "5"
    },
    {
      "type": "insert-node",
      "node": {
        "label": "layout",
        "type": "VariableRead"
      },
      "location-after-char-start": 2358,
      "location-after-char-end": 2363,
      "node-str": "layout"
    },
    {
      "type": "insert-node",
      "node": {
        "label": "org.eclipse.swt.widgets.Shell",
        "type": "VARIABLE_TYPE"
      },
      "location-after-char-start": 0,
      "location-after-char-end": 0,
      "node-str": "org.eclipse.swt.widgets.Shell"
    },
    {
      "type": "insert-node",
      "node": {
        "label": "super",
        "type": "SuperAccess"
      },
      "location-after-char-start": 2548,
      "location-after-char-end": 2552,
      "node-str": "super"
    },
    {
      "type": "insert-node",
      "node": {
        "label": "newShell",
        "type": "VariableRead"
      },
      "location-after-char-start": 2569,
      "location-after-char-end": 2576,
      "node-str": "newShell"
    },
    {
      "type": "insert-node",
      "node": {
        "label": "newShell",
        "type": "VariableRead"
      },
      "location-after-char-start": 2582,
      "location-after-char-end": 2589,
      "node-str": "newShell"
    },
    {
      "type": "insert-node",
      "node": {
        "label": "getLayout",
        "type": "Invocation"
      },
      "location-after-char-start": 2601,
      "location-after-char-end": 2611,
      "node-str": "getLayout"
    },
    {
      "type": "insert-node",
      "node": {
        "label": "org.eclipse.ui.internal.progress.ProgressFloatingWindow",
        "type": "TypeAccess"
      },
      "location-after-char-start": 0,
      "location-after-char-end": 0,
      "node-str": "org.eclipse.ui.internal.progress.ProgressFloatingWindow"
    },
    {
      "type": "insert-node",
      "node": {
        "label": "newShell",
        "type": "VariableRead"
      },
      "location-after-char-start": 2631,
      "location-after-char-end": 2638,
      "node-str": "newShell"
    },
    {
      "type": "insert-node",
      "node": {
        "label": "org.eclipse.swt.widgets.Composite",
        "type": "VARIABLE_TYPE"
      },
      "location-after-char-start": 0,
      "location-after-char-end": 0,
      "node-str": "org.eclipse.swt.widgets.Composite"
    },
    {
      "type": "insert-node",
      "node": {
        "label": "org.eclipse.swt.widgets.Control",
        "type": "VARIABLE_TYPE"
      },
      "location-after-char-start": 0,
      "location-after-char-end": 0,
      "node-str": "org.eclipse.swt.widgets.Control"
    },
    {
      "type": "insert-node",
      "node": {
        "label": "createButtons",
        "type": "Invocation"
      },
      "location-after-char-start": 2842,
      "location-after-char-end": 2860,
      "node-str": "createButtons"
    },
    {
      "type": "insert-node",
      "node": {
        "label": "viewer",
        "type": "FieldRead"
      },
      "location-after-char-start": 3247,
      "location-after-char-end": 3252,
      "node-str": "viewer"
    },
    {
      "type": "insert-node",
      "node": {
        "label": "true",
        "type": "Literal"
      },
      "location-after-char-start": 3271,
      "location-after-char-end": 3274,
      "node-str": "true"
    },
    {
      "type": "insert-node",
      "node": {
        "label": "org.eclipse.ui.internal.progress.ProgressFloatingWindow",
        "type": "TypeAccess"
      },
      "location-after-char-start": 0,
      "location-after-char-end": 0,
      "node-str": "org.eclipse.ui.internal.progress.ProgressFloatingWindow"
    },
    {
      "type": "insert-node",
      "node": {
        "label": "getControl",
        "type": "Invocation"
      },
      "location-after-char-start": 3361,
      "location-after-char-end": 3379,
      "node-str": "getControl"
    },
    {
      "type": "insert-node",
      "node": {
        "label": "org.eclipse.swt.layout.FormData",
        "type": "VARIABLE_TYPE"
      },
      "location-after-char-start": 0,
      "location-after-char-end": 0,
      "node-str": "org.eclipse.swt.layout.FormData"
    },
    {
      "type": "insert-node",
      "node": {
        "label": "org.eclipse.swt.layout.FormData()",
        "type": "ConstructorCall"
      },
      "location-after-char-start": 3406,
      "location-after-char-end": 3419,
      "node-str": "org.eclipse.swt.layout.FormData()"
    },
    {
      "type": "insert-node",
      "node": {
        "label": "left",
        "type": "FieldWrite"
      },
      "location-after-char-start": 3424,
      "location-after-char-end": 3437,
      "node-str": "left"
    },
    {
      "type": "insert-node",
      "node": {
        "label": "org.eclipse.swt.layout.FormAttachment(int)",
        "type": "ConstructorCall"
      },
      "location-after-char-start": 3441,
      "location-after-char-end": 3461,
      "node-str": "org.eclipse.swt.layout.FormAttachment(int)"
    },
    {
      "type": "insert-node",
      "node": {
        "label": "right",
        "type": "FieldWrite"
      },
      "location-after-char-start": 3466,
      "location-after-char-end": 3480,
      "node-str": "right"
    },
    {
      "type": "insert-node",
      "node": {
        "label": "org.eclipse.swt.layout.FormAttachment(int)",
        "type": "ConstructorCall"
      },
      "location-after-char-start": 3484,
      "location-after-char-end": 3506,
      "node-str": "org.eclipse.swt.layout.FormAttachment(int)"
    },
    {
      "type": "insert-node",
      "node": {
        "label": "top",
        "type": "FieldWrite"
      },
      "location-after-char-start": 3511,
      "location-after-char-end": 3523,
      "node-str": "top"
    },
    {
      "type": "insert-node",
      "node": {
        "label": "org.eclipse.swt.layout.FormAttachment(int)",
        "type": "ConstructorCall"
      },
      "location-after-char-start": 3527,
      "location-after-char-end": 3547,
      "node-str": "org.eclipse.swt.layout.FormAttachment(int)"
    },
    {
      "type": "insert-node",
      "node": {
        "label": "getTable",
        "type": "Invocation"
      },
      "location-after-char-start": 3552,
      "location-after-char-end": 3568,
      "node-str": "getTable"
    },
    {
      "type": "insert-node",
      "node": {
        "label": "tableData",
        "type": "VariableRead"
      },
      "location-after-char-start": 3584,
      "location-after-char-end": 3592,
      "node-str": "tableData"
    },
    {
      "type": "insert-node",
      "node": {
        "label": "org.eclipse.ui.internal.progress.ProgressFloatingWindow",
        "type": "TypeAccess"
      },
      "location-after-char-start": 0,
      "location-after-char-end": 0,
      "node-str": "org.eclipse.ui.internal.progress.ProgressFloatingWindow"
    },
    {
      "type": "insert-node",
      "node": {
        "label": "viewer",
        "type": "FieldRead"
      },
      "location-after-char-start": 3623,
      "location-after-char-end": 3628,
      "node-str": "viewer"
    },
    {
      "type": "insert-node",
      "node": {
        "label": "viewerLabelProvider",
        "type": "Invocation"
      },
      "location-after-char-start": 3647,
      "location-after-char-end": 3667,
      "node-str": "viewerLabelProvider"
    },
    {
      "type": "insert-node",
      "node": {
        "label": "getControl",
        "type": "Invocation"
      },
      "location-after-char-start": 3680,
      "location-after-char-end": 3698,
      "node-str": "getControl"
    },
    {
      "type": "move-subtree",
      "node": {
        "label": "org.eclipse.jface.viewers.LabelProvider()",
        "type": "NewClass"
      },
      "location-before-char-start": 2916,
      "location-before-char-end": 4480,
      "location-after-char-start": 3847,
      "location-after-char-end": 5411,
      "node-str": "org.eclipse.jface.viewers.LabelProvider()"
    },
    {
      "type": "insert-node",
      "node": {
        "label": "org.eclipse.swt.graphics.Point",
        "type": "VARIABLE_TYPE"
      },
      "location-after-char-start": 0,
      "location-after-char-end": 0,
      "node-str": "org.eclipse.swt.graphics.Point"
    },
    {
      "type": "insert-node",
      "node": {
        "label": "computeSize",
        "type": "Invocation"
      },
      "location-after-char-start": 5506,
      "location-after-char-end": 5553,
      "node-str": "computeSize"
    },
    {
      "type": "insert-node",
      "node": {
        "label": "x",
        "type": "FieldWrite"
      },
      "location-after-char-start": 5558,
      "location-after-char-end": 5563,
      "node-str": "x"
    },
    {
      "type": "insert-node",
      "node": {
        "label": "5",
        "type": "Literal"
      },
      "location-after-char-start": 5568,
      "location-after-char-end": 5568,
      "node-str": "5"
    },
    {
      "type": "insert-node",
      "node": {
        "label": "y",
        "type": "FieldWrite"
      },
      "location-after-char-start": 5573,
      "location-after-char-end": 5578,
      "node-str": "y"
    },
    {
      "type": "insert-node",
      "node": {
        "label": "5",
        "type": "Literal"
      },
      "location-after-char-start": 5583,
      "location-after-char-end": 5583,
      "node-str": "5"
    },
    {
      "type": "insert-node",
      "node": {
        "label": "x",
        "type": "FieldWrite"
      },
      "location-after-char-start": 5681,
      "location-after-char-end": 5686,
      "node-str": "x"
    },
    {
      "type": "insert-node",
      "node": {
        "label": "maxSize",
        "type": "VariableRead"
      },
      "location-after-char-start": 5690,
      "location-after-char-end": 5696,
      "node-str": "maxSize"
    },
    {
      "type": "insert-node",
      "node": {
        "label": "getShell",
        "type": "Invocation"
      },
      "location-after-char-start": 5701,
      "location-after-char-end": 5710,
      "node-str": "getShell"
    },
    {
      "type": "insert-node",
      "node": {
        "label": "size",
        "type": "VariableRead"
      },
      "location-after-char-start": 5720,
      "location-after-char-end": 5723,
      "node-str": "size"
    },
    {
      "type": "insert-node",
      "node": {
        "label": "org.eclipse.ui.internal.progress.ProgressFloatingWindow",
        "type": "TypeAccess"
      },
      "location-after-char-start": 0,
      "location-after-char-end": 0,
      "node-str": "org.eclipse.ui.internal.progress.ProgressFloatingWindow"
    },
    {
      "type": "insert-node",
      "node": {
        "label": "getShell",
        "type": "Invocation"
      },
      "location-after-char-start": 5739,
      "location-after-char-end": 5748,
      "node-str": "getShell"
    },
    {
      "type": "insert-node",
      "node": {
        "label": "org.eclipse.ui.internal.progress.ProgressFloatingWindow",
        "type": "TypeAccess"
      },
      "location-after-char-start": 0,
      "location-after-char-end": 0,
      "node-str": "org.eclipse.ui.internal.progress.ProgressFloatingWindow"
    },
    {
      "type": "insert-node",
      "node": {
        "label": "org.eclipse.swt.widgets.Control",
        "type": "VARIABLE_TYPE"
      },
      "location-after-char-start": 0,
      "location-after-char-end": 0,
      "node-str": "org.eclipse.swt.widgets.Control"
    },
    {
      "type": "insert-node",
      "node": {
        "label": "control",
        "type": "VariableRead"
      },
      "location-after-char-start": 8651,
      "location-after-char-end": 8657,
      "node-str": "control"
    },
    {
      "type": "insert-node",
      "node": {
        "label": "getSystemColor",
        "type": "Invocation"
      },
      "location-after-char-start": 8673,
      "location-after-char-end": 8739,
      "node-str": "getSystemColor"
    },
    {
      "type": "insert-node",
      "node": {
        "label": "org.eclipse.swt.widgets.Composite",
        "type": "VARIABLE_TYPE"
      },
      "location-after-char-start": 0,
      "location-after-char-end": 0,
      "node-str": "org.eclipse.swt.widgets.Composite"
    },
    {
      "type": "insert-node",
      "node": {
        "label": "org.eclipse.swt.widgets.ToolBar",
        "type": "VARIABLE_TYPE"
      },
      "location-after-char-start": 0,
      "location-after-char-end": 0,
      "node-str": "org.eclipse.swt.widgets.ToolBar"
    },
    {
      "type": "insert-node",
      "node": {
        "label": "java.lang.Object()",
        "type": "ConstructorCall"
      },
      "location-after-char-start": 8819,
      "location-after-char-end": 8853,
      "node-str": "java.lang.Object()"
    },
    {
      "type": "insert-node",
      "node": {
        "label": "org.eclipse.ui.internal.progress.ProgressFloatingWindow",
        "type": "TypeAccess"
      },
      "location-after-char-start": 0,
      "location-after-char-end": 0,
      "node-str": "org.eclipse.ui.internal.progress.ProgressFloatingWindow"
    },
    {
      "type": "insert-node",
      "node": {
        "label": "buttonBar",
        "type": "VariableRead"
      },
      "location-after-char-start": 8872,
      "location-after-char-end": 8880,
      "node-str": "buttonBar"
    },
    {
      "type": "insert-node",
      "node": {
        "label": "org.eclipse.swt.widgets.ToolItem",
        "type": "VARIABLE_TYPE"
      },
      "location-after-char-start": 0,
      "location-after-char-end": 0,
      "node-str": "org.eclipse.swt.widgets.ToolItem"
    },
    {
      "type": "insert-node",
      "node": {
        "label": "java.lang.Object()",
        "type": "ConstructorCall"
      },
      "location-after-char-start": 8909,
      "location-after-char-end": 8941,
      "node-str": "java.lang.Object()"
    },
    {
      "type": "insert-node",
      "node": {
        "label": "minimize",
        "type": "VariableRead"
      },
      "location-after-char-start": 8946,
      "location-after-char-end": 8953,
      "node-str": "minimize"
    },
    {
      "type": "insert-node",
      "node": {
        "label": "getImage",
        "type": "Invocation"
      },
      "location-after-char-start": 8969,
      "location-after-char-end": 9021,
      "node-str": "getImage"
    },
    {
      "type": "insert-node",
      "node": {
        "label": "minimize",
        "type": "VariableRead"
      },
      "location-after-char-start": 9027,
      "location-after-char-end": 9034,
      "node-str": "minimize"
    },
    {
      "type": "insert-node",
      "node": {
        "label": "org.eclipse.swt.events.SelectionAdapter()",
        "type": "NewClass"
      },
      "location-after-char-start": 9057,
      "location-after-char-end": 9319,
      "node-str": "org.eclipse.swt.events.SelectionAdapter()"
    },
    {
      "type": "insert-node",
      "node": {
        "label": "minimize",
        "type": "VariableRead"
      },
      "location-after-char-start": 9328,
      "location-after-char-end": 9335,
      "node-str": "minimize"
    },
    {
      "type": "insert-node",
      "node": {
        "label": "\"Close progress window\"",
        "type": "Literal"
      },
      "location-after-char-start": 9352,
      "location-after-char-end": 9374,
      "node-str": "\"Close progress window\""
    },
    {
      "type": "insert-node",
      "node": {
        "label": "org.eclipse.swt.widgets.ToolItem",
        "type": "VARIABLE_TYPE"
      },
      "location-after-char-start": 0,
      "location-after-char-end": 0,
      "node-str": "org.eclipse.swt.widgets.ToolItem"
    },
    {
      "type": "insert-node",
      "node": {
        "label": "java.lang.Object()",
        "type": "ConstructorCall"
      },
      "location-after-char-start": 9403,
      "location-after-char-end": 9435,
      "node-str": "java.lang.Object()"
    },
    {
      "type": "insert-node",
      "node": {
        "label": "maximize",
        "type": "VariableRead"
      },
      "location-after-char-start": 9440,
      "location-after-char-end": 9447,
      "node-str": "maximize"
    },
    {
      "type": "insert-node",
      "node": {
        "label": "getImage",
        "type": "Invocation"
      },
      "location-after-char-start": 9463,
      "location-after-char-end": 9515,
      "node-str": "getImage"
    },
    {
      "type": "insert-node",
      "node": {
        "label": "maximize",
        "type": "VariableRead"
      },
      "location-after-char-start": 9521,
      "location-after-char-end": 9528,
      "node-str": "maximize"
    },
    {
      "type": "insert-node",
      "node": {
        "label": "org.eclipse.swt.events.SelectionAdapter()",
        "type": "NewClass"
      },
      "location-after-char-start": 9551,
      "location-after-char-end": 9828,
      "node-str": "org.eclipse.swt.events.SelectionAdapter()"
    },
    {
      "type": "insert-node",
      "node": {
        "label": "maximize",
        "type": "VariableRead"
      },
      "location-after-char-start": 9837,
      "location-after-char-end": 9844,
      "node-str": "maximize"
    },
    {
      "type": "insert-node",
      "node": {
        "label": "\"Open progress view\"",
        "type": "Literal"
      },
      "location-after-char-start": 9861,
      "location-after-char-end": 9880,
      "node-str": "\"Open progress view\""
    },
    {
      "type": "insert-node",
      "node": {
        "label": "org.eclipse.swt.layout.FormData",
        "type": "VARIABLE_TYPE"
      },
      "location-after-char-start": 0,
      "location-after-char-end": 0,
      "node-str": "org.eclipse.swt.layout.FormData"
    },
    {
      "type": "insert-node",
      "node": {
        "label": "org.eclipse.swt.layout.FormData()",
        "type": "ConstructorCall"
      },
      "location-after-char-start": 9908,
      "location-after-char-end": 9921,
      "node-str": "org.eclipse.swt.layout.FormData()"
    },
    {
      "type": "insert-node",
      "node": {
        "label": "right",
        "type": "FieldWrite"
      },
      "location-after-char-start": 9926,
      "location-after-char-end": 9938,
      "node-str": "right"
    },
    {
      "type": "insert-node",
      "node": {
        "label": "org.eclipse.swt.layout.FormAttachment(int)",
        "type": "ConstructorCall"
      },
      "location-after-char-start": 9942,
      "location-after-char-end": 9964,
      "node-str": "org.eclipse.swt.layout.FormAttachment(int)"
    },
    {
      "type": "insert-node",
      "node": {
        "label": "top",
        "type": "FieldWrite"
      },
      "location-after-char-start": 9969,
      "location-after-char-end": 9979,
      "node-str": "top"
    },
    {
      "type": "insert-node",
      "node": {
        "label": "org.eclipse.swt.layout.FormAttachment(int)",
        "type": "ConstructorCall"
      },
      "location-after-char-start": 9983,
      "location-after-char-end": 10003,
      "node-str": "org.eclipse.swt.layout.FormAttachment(int)"
    },
    {
      "type": "insert-node",
      "node": {
        "label": "buttonBar",
        "type": "VariableRead"
      },
      "location-after-char-start": 10008,
      "location-after-char-end": 10016,
      "node-str": "buttonBar"
    },
    {
      "type": "insert-node",
      "node": {
        "label": "barData",
        "type": "VariableRead"
      },
      "location-after-char-start": 10032,
      "location-after-char-end": 10038,
      "node-str": "barData"
    },
    {
      "type": "insert-node",
      "node": {
        "label": "buttonBar",
        "type": "VariableRead"
      },
      "location-after-char-start": 10051,
      "location-after-char-end": 10059,
      "node-str": "buttonBar"
    },
    {
      "type": "insert-node",
      "node": {
        "label": "workbenchWindow",
        "type": "VariableRead"
      },
      "location-after-char-start": 2026,
      "location-after-char-end": 2040,
      "node-str": "workbenchWindow"
    },
    {
      "type": "insert-node",
      "node": {
        "label": "this",
        "type": "ThisAccess"
      },
      "location-after-char-start": 2076,
      "location-after-char-end": 2079,
      "node-str": "this"
    },
    {
      "type": "insert-node",
      "node": {
        "label": "layout",
        "type": "VariableWrite"
      },
      "location-after-char-start": 2298,
      "location-after-char-end": 2316,
      "node-str": "layout"
    },
    {
      "type": "insert-node",
      "node": {
        "label": "layout",
        "type": "VariableWrite"
      },
      "location-after-char-start": 2325,
      "location-after-char-end": 2342,
      "node-str": "layout"
    },
    {
      "type": "insert-node",
      "node": {
        "label": "org.eclipse.ui.internal.progress.ProgressFloatingWindow",
        "type": "TypeAccess"
      },
      "location-after-char-start": 0,
      "location-after-char-end": 0,
      "node-str": "org.eclipse.ui.internal.progress.ProgressFloatingWindow"
    },
    {
      "type": "insert-node",
      "node": {
        "label": "org.eclipse.ui.internal.progress.ProgressFloatingWindow",
        "type": "TypeAccess"
      },
      "location-after-char-start": 0,
      "location-after-char-end": 0,
      "node-str": "org.eclipse.ui.internal.progress.ProgressFloatingWindow"
    },
    {
      "type": "insert-node",
      "node": {
        "label": "root",
        "type": "VariableRead"
      },
      "location-after-char-start": 2856,
      "location-after-char-end": 2859,
      "node-str": "root"
    },
    {
      "type": "insert-node",
      "node": {
        "label": "org.eclipse.ui.internal.progress.ProgressFloatingWindow",
        "type": "TypeAccess"
      },
      "location-after-char-start": 0,
      "location-after-char-end": 0,
      "node-str": "org.eclipse.ui.internal.progress.ProgressFloatingWindow"
    },
    {
      "type": "insert-node",
      "node": {
        "label": "viewer",
        "type": "FieldRead"
      },
      "location-after-char-start": 3361,
      "location-after-char-end": 3366,
      "node-str": "viewer"
    },
    {
      "type": "insert-node",
      "node": {
        "label": "tableData",
        "type": "VariableWrite"
      },
      "location-after-char-start": 3424,
      "location-after-char-end": 3437,
      "node-str": "tableData"
    },
    {
      "type": "insert-node",
      "node": {
        "label": "0",
        "type": "Literal"
      },
      "location-after-char-start": 3460,
      "location-after-char-end": 3460,
      "node-str": "0"
    },
    {
      "type": "insert-node",
      "node": {
        "label": "tableData",
        "type": "VariableWrite"
      },
      "location-after-char-start": 3466,
      "location-after-char-end": 3480,
      "node-str": "tableData"
    },
    {
      "type": "insert-node",
      "node": {
        "label": "100",
        "type": "Literal"
      },
      "location-after-char-start": 3503,
      "location-after-char-end": 3505,
      "node-str": "100"
    },
    {
      "type": "insert-node",
      "node": {
        "label": "tableData",
        "type": "VariableWrite"
      },
      "location-after-char-start": 3511,
      "location-after-char-end": 3523,
      "node-str": "tableData"
    },
    {
      "type": "insert-node",
      "node": {
        "label": "0",
        "type": "Literal"
      },
      "location-after-char-start": 3546,
      "location-after-char-end": 3546,
      "node-str": "0"
    },
    {
      "type": "insert-node",
      "node": {
        "label": "viewer",
        "type": "FieldRead"
      },
      "location-after-char-start": 3552,
      "location-after-char-end": 3557,
      "node-str": "viewer"
    },
    {
      "type": "insert-node",
      "node": {
        "label": "org.eclipse.ui.internal.progress.ProgressFloatingWindow",
        "type": "TypeAccess"
      },
      "location-after-char-start": 0,
      "location-after-char-end": 0,
      "node-str": "org.eclipse.ui.internal.progress.ProgressFloatingWindow"
    },
    {
      "type": "insert-node",
      "node": {
        "label": "org.eclipse.ui.internal.progress.ProgressFloatingWindow",
        "type": "TypeAccess"
      },
      "location-after-char-start": 0,
      "location-after-char-end": 0,
      "node-str": "org.eclipse.ui.internal.progress.ProgressFloatingWindow"
    },
    {
      "type": "insert-node",
      "node": {
        "label": "viewer",
        "type": "FieldRead"
      },
      "location-after-char-start": 3680,
      "location-after-char-end": 3685,
      "node-str": "viewer"
    },
    {
      "type": "insert-node",
      "node": {
        "label": "getShell",
        "type": "Invocation"
      },
      "location-after-char-start": 5506,
      "location-after-char-end": 5515,
      "node-str": "getShell"
    },
    {
      "type": "insert-node",
      "node": {
        "label": "SWT.DEFAULT",
        "type": "TypeAccess"
      },
      "location-after-char-start": 5529,
      "location-after-char-end": 5539,
      "node-str": "SWT.DEFAULT"
    },
    {
      "type": "insert-node",
      "node": {
        "label": "SWT.DEFAULT",
        "type": "TypeAccess"
      },
      "location-after-char-start": 5542,
      "location-after-char-end": 5552,
      "node-str": "SWT.DEFAULT"
    },
    {
      "type": "insert-node",
      "node": {
        "label": "size",
        "type": "VariableWrite"
      },
      "location-after-char-start": 5558,
      "location-after-char-end": 5563,
      "node-str": "size"
    },
    {
      "type": "insert-node",
      "node": {
        "label": "size",
        "type": "VariableWrite"
      },
      "location-after-char-start": 5573,
      "location-after-char-end": 5578,
      "node-str": "size"
    },
    {
      "type": "insert-node",
      "node": {
        "label": "size",
        "type": "VariableWrite"
      },
      "location-after-char-start": 5681,
      "location-after-char-end": 5686,
      "node-str": "size"
    },
    {
      "type": "insert-node",
      "node": {
        "label": "org.eclipse.ui.internal.progress.ProgressFloatingWindow",
        "type": "TypeAccess"
      },
      "location-after-char-start": 0,
      "location-after-char-end": 0,
      "node-str": "org.eclipse.ui.internal.progress.ProgressFloatingWindow"
    },
    {
      "type": "insert-node",
      "node": {
        "label": "org.eclipse.ui.internal.progress.ProgressFloatingWindow",
        "type": "TypeAccess"
      },
      "location-after-char-start": 0,
      "location-after-char-end": 0,
      "node-str": "org.eclipse.ui.internal.progress.ProgressFloatingWindow"
    },
    {
      "type": "insert-node",
      "node": {
        "label": "getDisplay",
        "type": "Invocation"
      },
      "location-after-char-start": 8673,
      "location-after-char-end": 8692,
      "node-str": "getDisplay"
    },
    {
      "type": "insert-node",
      "node": {
        "label": "SWT.COLOR_INFO_BACKGROUND",
        "type": "TypeAccess"
      },
      "location-after-char-start": 8714,
      "location-after-char-end": 8738,
      "node-str": "SWT.COLOR_INFO_BACKGROUND"
    },
    {
      "type": "insert-node",
      "node": {
        "label": "parent",
        "type": "VariableRead"
      },
      "location-after-char-start": 8831,
      "location-after-char-end": 8836,
      "node-str": "parent"
    },
    {
      "type": "insert-node",
      "node": {
        "label": "HORIZONTAL",
        "type": "FieldRead"
      },
      "location-after-char-start": 8839,
      "location-after-char-end": 8852,
      "node-str": "HORIZONTAL"
    },
    {
      "type": "insert-node",
      "node": {
        "label": "buttonBar",
        "type": "VariableRead"
      },
      "location-after-char-start": 8922,
      "location-after-char-end": 8930,
      "node-str": "buttonBar"
    },
    {
      "type": "insert-node",
      "node": {
        "label": "NONE",
        "type": "FieldRead"
      },
      "location-after-char-start": 8933,
      "location-after-char-end": 8940,
      "node-str": "NONE"
    },
    {
      "type": "insert-node",
      "node": {
        "label": "org.eclipse.jface.resource.JFaceResources",
        "type": "TypeAccess"
      },
      "location-after-char-start": 8969,
      "location-after-char-end": 8982,
      "node-str": "org.eclipse.jface.resource.JFaceResources"
    },
    {
      "type": "insert-node",
      "node": {
        "label": "ProgressManager.MINIMIZE_KEY",
        "type": "TypeAccess"
      },
      "location-after-char-start": 8993,
      "location-after-char-end": 9020,
      "node-str": "ProgressManager.MINIMIZE_KEY"
    },
    {
      "type": "insert-node",
      "node": {
        "label": "3",
        "type": "Class"
      },
      "location-after-char-start": 9080,
      "location-after-char-end": 9319,
      "node-str": "3"
    },
    {
      "type": "insert-node",
      "node": {
        "label": "buttonBar",
        "type": "VariableRead"
      },
      "location-after-char-start": 9416,
      "location-after-char-end": 9424,
      "node-str": "buttonBar"
    },
    {
      "type": "insert-node",
      "node": {
        "label": "NONE",
        "type": "FieldRead"
      },
      "location-after-char-start": 9427,
      "location-after-char-end": 9434,
      "node-str": "NONE"
    },
    {
      "type": "insert-node",
      "node": {
        "label": "org.eclipse.jface.resource.JFaceResources",
        "type": "TypeAccess"
      },
      "location-after-char-start": 9463,
      "location-after-char-end": 9476,
      "node-str": "org.eclipse.jface.resource.JFaceResources"
    },
    {
      "type": "insert-node",
      "node": {
        "label": "ProgressManager.MAXIMIZE_KEY",
        "type": "TypeAccess"
      },
      "location-after-char-start": 9487,
      "location-after-char-end": 9514,
      "node-str": "ProgressManager.MAXIMIZE_KEY"
    },
    {
      "type": "insert-node",
      "node": {
        "label": "4",
        "type": "Class"
      },
      "location-after-char-start": 9574,
      "location-after-char-end": 9828,
      "node-str": "4"
    },
    {
      "type": "insert-node",
      "node": {
        "label": "barData",
        "type": "VariableWrite"
      },
      "location-after-char-start": 9926,
      "location-after-char-end": 9938,
      "node-str": "barData"
    },
    {
      "type": "insert-node",
      "node": {
        "label": "100",
        "type": "Literal"
      },
      "location-after-char-start": 9961,
      "location-after-char-end": 9963,
      "node-str": "100"
    },
    {
      "type": "insert-node",
      "node": {
        "label": "barData",
        "type": "VariableWrite"
      },
      "location-after-char-start": 9969,
      "location-after-char-end": 9979,
      "node-str": "barData"
    },
    {
      "type": "insert-node",
      "node": {
        "label": "0",
        "type": "Literal"
      },
      "location-after-char-start": 10002,
      "location-after-char-end": 10002,
      "node-str": "0"
    },
    {
      "type": "insert-node",
      "node": {
        "label": "org.eclipse.ui.internal.progress.ProgressFloatingWindow",
        "type": "TypeAccess"
      },
      "location-after-char-start": 0,
      "location-after-char-end": 0,
      "node-str": "org.eclipse.ui.internal.progress.ProgressFloatingWindow"
    },
    {
      "type": "insert-node",
      "node": {
        "label": "org.eclipse.ui.internal.progress.ProgressFloatingWindow",
        "type": "TypeAccess"
      },
      "location-after-char-start": 0,
      "location-after-char-end": 0,
      "node-str": "org.eclipse.ui.internal.progress.ProgressFloatingWindow"
    },
    {
      "type": "insert-node",
      "node": {
        "label": "org.eclipse.ui.internal.progress.ProgressFloatingWindow",
        "type": "TypeAccess"
      },
      "location-after-char-start": 0,
      "location-after-char-end": 0,
      "node-str": "org.eclipse.ui.internal.progress.ProgressFloatingWindow"
    },
    {
      "type": "insert-node",
      "node": {
        "label": "org.eclipse.ui.internal.progress.ProgressFloatingWindow",
        "type": "TypeAccess"
      },
      "location-after-char-start": 0,
      "location-after-char-end": 0,
      "node-str": "org.eclipse.ui.internal.progress.ProgressFloatingWindow"
    },
    {
      "type": "insert-node",
      "node": {
        "label": "org.eclipse.ui.internal.progress.ProgressFloatingWindow",
        "type": "TypeAccess"
      },
      "location-after-char-start": 0,
      "location-after-char-end": 0,
      "node-str": "org.eclipse.ui.internal.progress.ProgressFloatingWindow"
    },
    {
      "type": "insert-node",
      "node": {
        "label": "control",
        "type": "VariableRead"
      },
      "location-after-char-start": 8673,
      "location-after-char-end": 8679,
      "node-str": "control"
    },
    {
      "type": "insert-node",
      "node": {
        "label": "org.eclipse.swt.SWT",
        "type": "TypeAccess"
      },
      "location-after-char-start": 0,
      "location-after-char-end": 0,
      "node-str": "org.eclipse.swt.SWT"
    },
    {
      "type": "insert-node",
      "node": {
        "label": "org.eclipse.swt.SWT",
        "type": "TypeAccess"
      },
      "location-after-char-start": 0,
      "location-after-char-end": 0,
      "node-str": "org.eclipse.swt.SWT"
    },
    {
      "type": "insert-node",
      "node": {
        "label": "",
        "type": "TypeReference"
      },
      "location-after-char-start": 0,
      "location-after-char-end": 0,
      "node-str": ""
    },
    {
      "type": "insert-node",
      "node": {
        "label": "widgetSelected",
        "type": "Method"
      },
      "location-after-char-start": 9085,
      "location-after-char-end": 9315,
      "node-str": "widgetSelected"
    },
    {
      "type": "insert-node",
      "node": {
        "label": "org.eclipse.swt.SWT",
        "type": "TypeAccess"
      },
      "location-after-char-start": 0,
      "location-after-char-end": 0,
      "node-str": "org.eclipse.swt.SWT"
    },
    {
      "type": "insert-node",
      "node": {
        "label": "",
        "type": "TypeReference"
      },
      "location-after-char-start": 0,
      "location-after-char-end": 0,
      "node-str": ""
    },
    {
      "type": "insert-node",
      "node": {
        "label": "widgetSelected",
        "type": "Method"
      },
      "location-after-char-start": 9579,
      "location-after-char-end": 9824,
      "node-str": "widgetSelected"
    },
    {
      "type": "insert-node",
      "node": {
        "label": "org.eclipse.swt.events.SelectionAdapter",
        "type": "SUPER_TYPE"
      },
      "location-after-char-start": 0,
      "location-after-char-end": 0,
      "node-str": "org.eclipse.swt.events.SelectionAdapter"
    },
    {
      "type": "insert-node",
      "node": {
        "label": "void",
        "type": "RETURN_TYPE"
      },
      "location-after-char-start": 0,
      "location-after-char-end": 0,
      "node-str": "void"
    },
    {
      "type": "insert-node",
      "node": {
        "label": "public",
        "type": "Modifier"
      },
      "location-after-char-start": 0,
      "location-after-char-end": 0,
      "node-str": "public"
    },
    {
      "type": "insert-node",
      "node": {
        "label": "e",
        "type": "Parameter"
      },
      "location-after-char-start": 9257,
      "location-after-char-end": 9272,
      "node-str": "e"
    },
    {
      "type": "insert-node",
      "node": {
        "label": "toggleFloatingWindow",
        "type": "Invocation"
      },
      "location-after-char-start": 9281,
      "location-after-char-end": 9310,
      "node-str": "toggleFloatingWindow"
    },
    {
      "type": "insert-node",
      "node": {
        "label": "org.eclipse.swt.events.SelectionAdapter",
        "type": "SUPER_TYPE"
      },
      "location-after-char-start": 0,
      "location-after-char-end": 0,
      "node-str": "org.eclipse.swt.events.SelectionAdapter"
    },
    {
      "type": "insert-node",
      "node": {
        "label": "void",
        "type": "RETURN_TYPE"
      },
      "location-after-char-start": 0,
      "location-after-char-end": 0,
      "node-str": "void"
    },
    {
      "type": "insert-node",
      "node": {
        "label": "public",
        "type": "Modifier"
      },
      "location-after-char-start": 0,
      "location-after-char-end": 0,
      "node-str": "public"
    },
    {
      "type": "insert-node",
      "node": {
        "label": "e",
        "type": "Parameter"
      },
      "location-after-char-start": 9751,
      "location-after-char-end": 9766,
      "node-str": "e"
    },
    {
      "type": "insert-node",
      "node": {
        "label": "openProgressView",
        "type": "Invocation"
      },
      "location-after-char-start": 9775,
      "location-after-char-end": 9819,
      "node-str": "openProgressView"
    },
    {
      "type": "insert-node",
      "node": {
        "label": "org.eclipse.swt.events.SelectionEvent",
        "type": "VARIABLE_TYPE"
      },
      "location-after-char-start": 0,
      "location-after-char-end": 0,
      "node-str": "org.eclipse.swt.events.SelectionEvent"
    },
    {
      "type": "insert-node",
      "node": {
        "label": "window",
        "type": "FieldRead"
      },
      "location-after-char-start": 9281,
      "location-after-char-end": 9286,
      "node-str": "window"
    },
    {
      "type": "insert-node",
      "node": {
        "label": "org.eclipse.swt.events.SelectionEvent",
        "type": "VARIABLE_TYPE"
      },
      "location-after-char-start": 0,
      "location-after-char-end": 0,
      "node-str": "org.eclipse.swt.events.SelectionEvent"
    },
    {
      "type": "insert-node",
      "node": {
        "label": "org.eclipse.ui.internal.progress.ProgressManagerUtil",
        "type": "TypeAccess"
      },
      "location-after-char-start": 9775,
      "location-after-char-end": 9793,
      "node-str": "org.eclipse.ui.internal.progress.ProgressManagerUtil"
    },
    {
      "type": "insert-node",
      "node": {
        "label": "window",
        "type": "FieldRead"
      },
      "location-after-char-start": 9812,
      "location-after-char-end": 9817,
      "node-str": "window"
    },
    {
      "type": "insert-node",
      "node": {
        "label": "org.eclipse.ui.internal.progress.ProgressFloatingWindow",
        "type": "TypeAccess"
      },
      "location-after-char-start": 0,
      "location-after-char-end": 0,
      "node-str": "org.eclipse.ui.internal.progress.ProgressFloatingWindow"
    },
    {
      "type": "insert-node",
      "node": {
        "label": "org.eclipse.ui.internal.progress.ProgressFloatingWindow",
        "type": "TypeAccess"
      },
      "location-after-char-start": 0,
      "location-after-char-end": 0,
      "node-str": "org.eclipse.ui.internal.progress.ProgressFloatingWindow"
    },
    {
      "type": "delete-node",
      "node": {
        "label": "protected",
        "type": "Modifier"
      },
      "location-before-char-start": 0,
      "location-before-char-end": 0,
      "node-str": "protected"
    },
    {
      "type": "delete-node",
      "node": {
        "label": "org.eclipse.swt.widgets.Composite",
        "type": "VARIABLE_TYPE"
      },
      "location-before-char-start": 0,
      "location-before-char-end": 0,
      "node-str": "org.eclipse.swt.widgets.Composite"
    },
    {
      "type": "delete-node",
      "node": {
        "label": "root",
        "type": "Parameter"
      },
      "location-before-char-start": 2171,
      "location-before-char-end": 2184,
      "node-str": "root"
    },
    {
      "type": "delete-node",
      "node": {
        "label": "org.eclipse.ui.internal.progress.ProgressFloatingWindow",
        "type": "TypeAccess"
      },
      "location-before-char-start": 0,
      "location-before-char-end": 0,
      "node-str": "org.eclipse.ui.internal.progress.ProgressFloatingWindow"
    },
    {
      "type": "delete-node",
      "node": {
        "label": "viewer",
        "type": "FieldRead"
      },
      "location-before-char-start": 2573,
      "location-before-char-end": 2578,
      "node-str": "viewer"
    },
    {
      "type": "delete-node",
      "node": {
        "label": "true",
        "type": "Literal"
      },
      "location-before-char-start": 2597,
      "location-before-char-end": 2600,
      "node-str": "true"
    },
    {
      "type": "delete-node",
      "node": {
        "label": "setUseHashlookup",
        "type": "Invocation"
      },
      "location-before-char-start": 2573,
      "location-before-char-end": 2602,
      "node-str": "setUseHashlookup"
    },
    {
      "type": "delete-node",
      "node": {
        "label": "org.eclipse.ui.internal.progress.ProgressFloatingWindow",
        "type": "TypeAccess"
      },
      "location-before-char-start": 0,
      "location-before-char-end": 0,
      "node-str": "org.eclipse.ui.internal.progress.ProgressFloatingWindow"
    },
    {
      "type": "delete-node",
      "node": {
        "label": "viewer",
        "type": "FieldRead"
      },
      "location-before-char-start": 2673,
      "location-before-char-end": 2678,
      "node-str": "viewer"
    },
    {
      "type": "delete-node",
      "node": {
        "label": "getControl",
        "type": "Invocation"
      },
      "location-before-char-start": 2673,
      "location-before-char-end": 2691,
      "node-str": "getControl"
    },
    {
      "type": "delete-node",
      "node": {
        "label": "org.eclipse.ui.internal.progress.ProgressFloatingWindow",
        "type": "TypeAccess"
      },
      "location-before-char-start": 0,
      "location-before-char-end": 0,
      "node-str": "org.eclipse.ui.internal.progress.ProgressFloatingWindow"
    },
    {
      "type": "delete-node",
      "node": {
        "label": "viewer",
        "type": "FieldRead"
      },
      "location-before-char-start": 2712,
      "location-before-char-end": 2717,
      "node-str": "viewer"
    },
    {
      "type": "delete-node",
      "node": {
        "label": "getControl",
        "type": "Invocation"
      },
      "location-before-char-start": 2712,
      "location-before-char-end": 2730,
      "node-str": "getControl"
    },
    {
      "type": "delete-node",
      "node": {
        "label": "getDisplay",
        "type": "Invocation"
      },
      "location-before-char-start": 2712,
      "location-before-char-end": 2743,
      "node-str": "getDisplay"
    },
    {
      "type": "delete-node",
      "node": {
        "label": "SWT.COLOR_INFO_BACKGROUND",
        "type": "TypeAccess"
      },
      "location-before-char-start": 2767,
      "location-before-char-end": 2791,
      "node-str": "SWT.COLOR_INFO_BACKGROUND"
    },
    {
      "type": "delete-node",
      "node": {
        "label": "getSystemColor",
        "type": "Invocation"
      },
      "location-before-char-start": 2712,
      "location-before-char-end": 2792,
      "node-str": "getSystemColor"
    },
    {
      "type": "delete-node",
      "node": {
        "label": "setBackground",
        "type": "Invocation"
      },
      "location-before-char-start": 2673,
      "location-before-char-end": 2794,
      "node-str": "setBackground"
    },
    {
      "type": "delete-node",
      "node": {
        "label": "org.eclipse.ui.internal.progress.ProgressFloatingWindow",
        "type": "TypeAccess"
      },
      "location-before-char-start": 0,
      "location-before-char-end": 0,
      "node-str": "org.eclipse.ui.internal.progress.ProgressFloatingWindow"
    },
    {
      "type": "delete-node",
      "node": {
        "label": "viewer",
        "type": "FieldRead"
      },
      "location-before-char-start": 2798,
      "location-before-char-end": 2803,
      "node-str": "viewer"
    },
    {
      "type": "delete-node",
      "node": {
        "label": "getTable",
        "type": "Invocation"
      },
      "location-before-char-start": 2798,
      "location-before-char-end": 2814,
      "node-str": "getTable"
    },
    {
      "type": "delete-node",
      "node": {
        "label": "org.eclipse.swt.layout.GridData",
        "type": "TypeAccess"
      },
      "location-before-char-start": 0,
      "location-before-char-end": 0,
      "node-str": "org.eclipse.swt.layout.GridData"
    },
    {
      "type": "delete-node",
      "node": {
        "label": "FILL_BOTH",
        "type": "FieldRead"
      },
      "location-before-char-start": 2843,
      "location-before-char-end": 2860,
      "node-str": "FILL_BOTH"
    },
    {
      "type": "delete-node",
      "node": {
        "label": "java.lang.Object()",
        "type": "ConstructorCall"
      },
      "location-before-char-start": 2830,
      "location-before-char-end": 2861,
      "node-str": "java.lang.Object()"
    },
    {
      "type": "delete-node",
      "node": {
        "label": "setLayoutData",
        "type": "Invocation"
      },
      "location-before-char-start": 2798,
      "location-before-char-end": 2863,
      "node-str": "setLayoutData"
    },
    {
      "type": "delete-node",
      "node": {
        "label": "org.eclipse.ui.internal.progress.ProgressFloatingWindow",
        "type": "TypeAccess"
      },
      "location-before-char-start": 0,
      "location-before-char-end": 0,
      "node-str": "org.eclipse.ui.internal.progress.ProgressFloatingWindow"
    },
    {
      "type": "delete-node",
      "node": {
        "label": "initContentProvider",
        "type": "Invocation"
      },
      "location-before-char-start": 2867,
      "location-before-char-end": 2888,
      "node-str": "initContentProvider"
    },
    {
      "type": "delete-node",
      "node": {
        "label": "org.eclipse.ui.internal.progress.ProgressFloatingWindow",
        "type": "TypeAccess"
      },
      "location-before-char-start": 0,
      "location-before-char-end": 0,
      "node-str": "org.eclipse.ui.internal.progress.ProgressFloatingWindow"
    },
    {
      "type": "delete-node",
      "node": {
        "label": "viewer",
        "type": "FieldRead"
      },
      "location-before-char-start": 2892,
      "location-before-char-end": 2897,
      "node-str": "viewer"
    },
    {
      "type": "delete-node",
      "node": {
        "label": "setLabelProvider",
        "type": "Invocation"
      },
      "location-before-char-start": 2892,
      "location-before-char-end": 4482,
      "node-str": "setLabelProvider"
    },
    {
      "type": "delete-node",
      "node": {
        "label": "org.eclipse.ui.internal.progress.ProgressFloatingWindow",
        "type": "TypeAccess"
      },
      "location-before-char-start": 0,
      "location-before-char-end": 0,
      "node-str": "org.eclipse.ui.internal.progress.ProgressFloatingWindow"
    },
    {
      "type": "delete-node",
      "node": {
        "label": "viewer",
        "type": "FieldRead"
      },
      "location-before-char-start": 4493,
      "location-before-char-end": 4498,
      "node-str": "viewer"
    },
    {
      "type": "delete-node",
      "node": {
        "label": "getControl",
        "type": "Invocation"
      },
      "location-before-char-start": 4493,
      "location-before-char-end": 4511,
      "node-str": "getControl"
    },
    {
      "type": "delete-node",
      "node": {
        "label": "return",
        "type": "Return"
      },
      "location-before-char-start": 4486,
      "location-before-char-end": 4512,
      "node-str": "return"
    },
    {
      "type": "delete-node",
      "node": {
        "label": "org.eclipse.ui.internal.AssociatedWindow",
        "type": "SUPER_TYPE"
      },
      "location-before-char-start": 0,
      "location-before-char-end": 0,
      "node-str": "org.eclipse.ui.internal.AssociatedWindow"
    },
    {
      "type": "delete-node",
      "node": {
        "label": "",
        "type": "TypeReference"
      },
      "location-before-char-start": 1451,
      "location-before-char-end": 1466,
      "node-str": ""
    },
    {
      "type": "delete-node",
      "node": {
        "label": "org.eclipse.jface.viewers.TableViewer",
        "type": "VARIABLE_TYPE"
      },
      "location-before-char-start": 0,
      "location-before-char-end": 0,
      "node-str": "org.eclipse.jface.viewers.TableViewer"
    },
    {
      "type": "delete-node",
      "node": {
        "label": "viewer",
        "type": "Field"
      },
      "location-before-char-start": 1471,
      "location-before-char-end": 1489,
      "node-str": "viewer"
    },
    {
      "type": "delete-node",
      "node": {
        "label": "org.eclipse.ui.internal.WorkbenchWindow",
        "type": "VARIABLE_TYPE"
      },
      "location-before-char-start": 0,
      "location-before-char-end": 0,
      "node-str": "org.eclipse.ui.internal.WorkbenchWindow"
    },
    {
      "type": "delete-node",
      "node": {
        "label": "window",
        "type": "Field"
      },
      "location-before-char-start": 1492,
      "location-before-char-end": 1514,
      "node-str": "window"
    },
    {
      "type": "delete-node",
      "node": {
        "label": "int",
        "type": "VARIABLE_TYPE"
      },
      "location-before-char-start": 0,
      "location-before-char-end": 0,
      "node-str": "int"
    },
    {
      "type": "delete-node",
      "node": {
        "label": "500",
        "type": "Literal"
      },
      "location-before-char-start": 1539,
      "location-before-char-end": 1541,
      "node-str": "500"
    },
    {
      "type": "delete-node",
      "node": {
        "label": "maxSize",
        "type": "Field"
      },
      "location-before-char-start": 1517,
      "location-before-char-end": 1542,
      "node-str": "maxSize"
    },
    {
      "type": "delete-node",
      "node": {
        "label": "org.eclipse.swt.widgets.Shell",
        "type": "VARIABLE_TYPE"
      },
      "location-before-char-start": 0,
      "location-before-char-end": 0,
      "node-str": "org.eclipse.swt.widgets.Shell"
    },
    {
      "type": "delete-node",
      "node": {
        "label": "parent",
        "type": "Parameter"
      },
      "location-before-char-start": 1673,
      "location-before-char-end": 1684,
      "node-str": "parent"
    },
    {
      "type": "delete-node",
      "node": {
        "label": "org.eclipse.swt.widgets.Control",
        "type": "VARIABLE_TYPE"
      },
      "location-before-char-start": 0,
      "location-before-char-end": 0,
      "node-str": "org.eclipse.swt.widgets.Control"
    },
    {
      "type": "delete-node",
      "node": {
        "label": "associatedControl",
        "type": "Parameter"
      },
      "location-before-char-start": 1687,
      "location-before-char-end": 1711,
      "node-str": "associatedControl"
    },
    {
      "type": "delete-node",
      "node": {
        "label": "parent",
        "type": "VariableRead"
      },
      "location-before-char-start": 1724,
      "location-before-char-end": 1729,
      "node-str": "parent"
    },
    {
      "type": "delete-node",
      "node": {
        "label": "associatedControl",
        "type": "VariableRead"
      },
      "location-before-char-start": 1732,
      "location-before-char-end": 1748,
      "node-str": "associatedControl"
    },
    {
      "type": "delete-node",
      "node": {
        "label": "\u003cinit\u003e",
        "type": "Invocation"
      },
      "location-before-char-start": 1718,
      "location-before-char-end": 1750,
      "node-str": "\u003cinit\u003e"
    },
    {
      "type": "delete-node",
      "node": {
        "label": "org.eclipse.ui.internal.progress.ProgressFloatingWindow",
        "type": "TypeAccess"
      },
      "location-before-char-start": 0,
      "location-before-char-end": 0,
      "node-str": "org.eclipse.ui.internal.progress.ProgressFloatingWindow"
    },
    {
      "type": "delete-node",
      "node": {
        "label": "SWT.RESIZE",
        "type": "TypeAccess"
      },
      "location-before-char-start": 1768,
      "location-before-char-end": 1777,
      "node-str": "SWT.RESIZE"
    },
    {
      "type": "delete-node",
      "node": {
        "label": "setShellStyle",
        "type": "Invocation"
      },
      "location-before-char-start": 1754,
      "location-before-char-end": 1779,
      "node-str": "setShellStyle"
    },
    {
      "type": "delete-node",
      "node": {
        "label": "\u003cinit\u003e",
        "type": "Constructor"
      },
      "location-before-char-start": 1545,
      "location-before-char-end": 1782,
      "node-str": "\u003cinit\u003e"
    },
    {
      "type": "delete-node",
      "node": {
        "label": "org.eclipse.swt.widgets.Layout",
        "type": "RETURN_TYPE"
      },
      "location-before-char-start": 0,
      "location-before-char-end": 0,
      "node-str": "org.eclipse.swt.widgets.Layout"
    },
    {
      "type": "delete-node",
      "node": {
        "label": "protected",
        "type": "Modifier"
      },
      "location-before-char-start": 0,
      "location-before-char-end": 0,
      "node-str": "protected"
    },
    {
      "type": "delete-node",
      "node": {
        "label": "org.eclipse.swt.layout.GridLayout",
        "type": "VARIABLE_TYPE"
      },
      "location-before-char-start": 0,
      "location-before-char-end": 0,
      "node-str": "org.eclipse.swt.layout.GridLayout"
    },
    {
      "type": "delete-node",
      "node": {
        "label": "org.eclipse.swt.layout.GridLayout()",
        "type": "ConstructorCall"
      },
      "location-before-char-start": 1923,
      "location-before-char-end": 1938,
      "node-str": "org.eclipse.swt.layout.GridLayout()"
    },
    {
      "type": "delete-node",
      "node": {
        "label": "layout",
        "type": "LocalVariable"
      },
      "location-before-char-start": 1903,
      "location-before-char-end": 1939,
      "node-str": "layout"
    },
    {
      "type": "delete-node",
      "node": {
        "label": "layout",
        "type": "VariableWrite"
      },
      "location-before-char-start": 1943,
      "location-before-char-end": 1961,
      "node-str": "layout"
    },
    {
      "type": "delete-node",
      "node": {
        "label": "marginHeight",
        "type": "FieldWrite"
      },
      "location-before-char-start": 1943,
      "location-before-char-end": 1961,
      "node-str": "marginHeight"
    },
    {
      "type": "delete-node",
      "node": {
        "label": "5",
        "type": "Literal"
      },
      "location-before-char-start": 1965,
      "location-before-char-end": 1965,
      "node-str": "5"
    },
    {
      "type": "delete-node",
      "node": {
        "label": "\u003d",
        "type": "Assignment"
      },
      "location-before-char-start": 1943,
      "location-before-char-end": 1966,
      "node-str": "\u003d"
    },
    {
      "type": "delete-node",
      "node": {
        "label": "layout",
        "type": "VariableWrite"
      },
      "location-before-char-start": 1970,
      "location-before-char-end": 1987,
      "node-str": "layout"
    },
    {
      "type": "delete-node",
      "node": {
        "label": "marginWidth",
        "type": "FieldWrite"
      },
      "location-before-char-start": 1970,
      "location-before-char-end": 1987,
      "node-str": "marginWidth"
    },
    {
      "type": "delete-node",
      "node": {
        "label": "5",
        "type": "Literal"
      },
      "location-before-char-start": 1991,
      "location-before-char-end": 1991,
      "node-str": "5"
    },
    {
      "type": "delete-node",
      "node": {
        "label": "\u003d",
        "type": "Assignment"
      },
      "location-before-char-start": 1970,
      "location-before-char-end": 1992,
      "node-str": "\u003d"
    },
    {
      "type": "delete-node",
      "node": {
        "label": "layout",
        "type": "VariableRead"
      },
      "location-before-char-start": 2003,
      "location-before-char-end": 2008,
      "node-str": "layout"
    },
    {
      "type": "delete-node",
      "node": {
        "label": "return",
        "type": "Return"
      },
      "location-before-char-start": 1996,
      "location-before-char-end": 2009,
      "node-str": "return"
    },
    {
      "type": "delete-node",
      "node": {
        "label": "getLayout",
        "type": "Method"
      },
      "location-before-char-start": 1785,
      "location-before-char-end": 2012,
      "node-str": "getLayout"
    },
    {
      "type": "delete-node",
      "node": {
        "label": "void",
        "type": "RETURN_TYPE"
      },
      "location-before-char-start": 0,
      "location-before-char-end": 0,
      "node-str": "void"
    },
    {
      "type": "delete-node",
      "node": {
        "label": "org.eclipse.swt.graphics.Point",
        "type": "VARIABLE_TYPE"
      },
      "location-before-char-start": 0,
      "location-before-char-end": 0,
      "node-str": "org.eclipse.swt.graphics.Point"
    },
    {
      "type": "delete-node",
      "node": {
        "label": "org.eclipse.ui.internal.progress.ProgressFloatingWindow",
        "type": "TypeAccess"
      },
      "location-before-char-start": 0,
      "location-before-char-end": 0,
      "node-str": "org.eclipse.ui.internal.progress.ProgressFloatingWindow"
    },
    {
      "type": "delete-node",
      "node": {
        "label": "viewer",
        "type": "FieldRead"
      },
      "location-before-char-start": 4606,
      "location-before-char-end": 4611,
      "node-str": "viewer"
    },
    {
      "type": "delete-node",
      "node": {
        "label": "getTable",
        "type": "Invocation"
      },
      "location-before-char-start": 4606,
      "location-before-char-end": 4622,
      "node-str": "getTable"
    },
    {
      "type": "delete-node",
      "node": {
        "label": "SWT.DEFAULT",
        "type": "TypeAccess"
      },
      "location-before-char-start": 4636,
      "location-before-char-end": 4646,
      "node-str": "SWT.DEFAULT"
    },
    {
      "type": "delete-node",
      "node": {
        "label": "SWT.DEFAULT",
        "type": "TypeAccess"
      },
      "location-before-char-start": 4649,
      "location-before-char-end": 4659,
      "node-str": "SWT.DEFAULT"
    },
    {
      "type": "delete-node",
      "node": {
        "label": "computeSize",
        "type": "Invocation"
      },
      "location-before-char-start": 4606,
      "location-before-char-end": 4660,
      "node-str": "computeSize"
    },
    {
      "type": "delete-node",
      "node": {
        "label": "size",
        "type": "LocalVariable"
      },
      "location-before-char-start": 4593,
      "location-before-char-end": 4661,
      "node-str": "size"
    },
    {
      "type": "delete-node",
      "node": {
        "label": "size",
        "type": "VariableWrite"
      },
      "location-before-char-start": 4665,
      "location-before-char-end": 4670,
      "node-str": "size"
    },
    {
      "type": "delete-node",
      "node": {
        "label": "x",
        "type": "FieldWrite"
      },
      "location-before-char-start": 4665,
      "location-before-char-end": 4670,
      "node-str": "x"
    },
    {
      "type": "delete-node",
      "node": {
        "label": "5",
        "type": "Literal"
      },
      "location-before-char-start": 4675,
      "location-before-char-end": 4675,
      "node-str": "5"
    },
    {
      "type": "delete-node",
      "node": {
        "label": "",
        "type": "OperatorAssignment"
      },
      "location-before-char-start": 4665,
      "location-before-char-end": 4676,
      "node-str": ""
    },
    {
      "type": "delete-node",
      "node": {
        "label": "size",
        "type": "VariableWrite"
      },
      "location-before-char-start": 4680,
      "location-before-char-end": 4685,
      "node-str": "size"
    },
    {
      "type": "delete-node",
      "node": {
        "label": "y",
        "type": "FieldWrite"
      },
      "location-before-char-start": 4680,
      "location-before-char-end": 4685,
      "node-str": "y"
    },
    {
      "type": "delete-node",
      "node": {
        "label": "5",
        "type": "Literal"
      },
      "location-before-char-start": 4690,
      "location-before-char-end": 4690,
      "node-str": "5"
    },
    {
      "type": "delete-node",
      "node": {
        "label": "",
        "type": "OperatorAssignment"
      },
      "location-before-char-start": 4680,
      "location-before-char-end": 4691,
      "node-str": ""
    },
    {
      "type": "delete-node",
      "node": {
        "label": "size",
        "type": "VariableWrite"
      },
      "location-before-char-start": 4788,
      "location-before-char-end": 4793,
      "node-str": "size"
    },
    {
      "type": "delete-node",
      "node": {
        "label": "x",
        "type": "FieldWrite"
      },
      "location-before-char-start": 4788,
      "location-before-char-end": 4793,
      "node-str": "x"
    },
    {
      "type": "delete-node",
      "node": {
        "label": "maxSize",
        "type": "VariableRead"
      },
      "location-before-char-start": 4797,
      "location-before-char-end": 4803,
      "node-str": "maxSize"
    },
    {
      "type": "delete-node",
      "node": {
        "label": "\u003d",
        "type": "Assignment"
      },
      "location-before-char-start": 4788,
      "location-before-char-end": 4804,
      "node-str": "\u003d"
    },
    {
      "type": "delete-node",
      "node": {
        "label": "org.eclipse.ui.internal.progress.ProgressFloatingWindow",
        "type": "TypeAccess"
      },
      "location-before-char-start": 0,
      "location-before-char-end": 0,
      "node-str": "org.eclipse.ui.internal.progress.ProgressFloatingWindow"
    },
    {
      "type": "delete-node",
      "node": {
        "label": "getShell",
        "type": "Invocation"
      },
      "location-before-char-start": 4808,
      "location-before-char-end": 4817,
      "node-str": "getShell"
    },
    {
      "type": "delete-node",
      "node": {
        "label": "size",
        "type": "VariableRead"
      },
      "location-before-char-start": 4827,
      "location-before-char-end": 4830,
      "node-str": "size"
    },
    {
      "type": "delete-node",
      "node": {
        "label": "setSize",
        "type": "Invocation"
      },
      "location-before-char-start": 4808,
      "location-before-char-end": 4832,
      "node-str": "setSize"
    },
    {
      "type": "delete-node",
      "node": {
        "label": "org.eclipse.ui.internal.progress.ProgressFloatingWindow",
        "type": "TypeAccess"
      },
      "location-before-char-start": 0,
      "location-before-char-end": 0,
      "node-str": "org.eclipse.ui.internal.progress.ProgressFloatingWindow"
    },
    {
      "type": "delete-node",
      "node": {
        "label": "org.eclipse.ui.internal.progress.ProgressFloatingWindow",
        "type": "TypeAccess"
      },
      "location-before-char-start": 0,
      "location-before-char-end": 0,
      "node-str": "org.eclipse.ui.internal.progress.ProgressFloatingWindow"
    },
    {
      "type": "delete-node",
      "node": {
        "label": "getShell",
        "type": "Invocation"
      },
      "location-before-char-start": 4846,
      "location-before-char-end": 4855,
      "node-str": "getShell"
    },
    {
      "type": "delete-node",
      "node": {
        "label": "moveShell",
        "type": "Invocation"
      },
      "location-before-char-start": 4836,
      "location-before-char-end": 4857,
      "node-str": "moveShell"
    },
    {
      "type": "delete-node",
      "node": {
        "label": "org.eclipse.ui.internal.progress.ProgressFloatingWindow",
        "type": "TypeAccess"
      },
      "location-before-char-start": 0,
      "location-before-char-end": 0,
      "node-str": "org.eclipse.ui.internal.progress.ProgressFloatingWindow"
    },
    {
      "type": "delete-node",
      "node": {
        "label": "setRegion",
        "type": "Invocation"
      },
      "location-before-char-start": 4861,
      "location-before-char-end": 4872,
      "node-str": "setRegion"
    },
    {
      "type": "delete-node",
      "node": {
        "label": "adjustSize",
        "type": "Method"
      },
      "location-before-char-start": 4518,
      "location-before-char-end": 4875,
      "node-str": "adjustSize"
    },
    {
      "type": "delete-node",
      "node": {
        "label": "ProgressFloatingWindow",
        "type": "Class"
      },
      "location-before-char-start": 1326,
      "location-before-char-end": 7607,
      "node-str": "ProgressFloatingWindow"
    }
  ],
  "before-file": {},
  "after-file": {},
  "mapping": {}
}