{
  "tool-info": {},
  "diff": [
    {
      "type": "insert-node",
      "node": {
        "label": "public",
        "type": "Modifier"
      },
      "location-after-char-start": 0,
      "location-after-char-end": 0,
      "node-str": "public"
    },
    {
      "type": "insert-node",
      "node": {
        "label": "isElementVisible",
        "type": "Method"
      },
      "location-after-char-start": 4461,
      "location-after-char-end": 5222,
      "node-str": "isElementVisible"
    },
    {
      "type": "update-node",
      "node": {
        "label": "isElementMatch",
        "type": "Method"
      },
      "location-before-char-start": 4316,
      "location-before-char-end": 5425,
      "location-after-char-start": 5233,
      "location-after-char-end": 6059,
      "node-str": "isParentMatch"
    },
    {
      "type": "insert-node",
      "node": {
        "label": "isLeafMatch",
        "type": "Method"
      },
      "location-after-char-start": 6070,
      "location-after-char-end": 6781,
      "node-str": "isLeafMatch"
    },
    {
      "type": "insert-node",
      "node": {
        "label": "getWords",
        "type": "Method"
      },
      "location-after-char-start": 6792,
      "location-after-char-end": 7971,
      "node-str": "getWords"
    },
    {
      "type": "insert-node",
      "node": {
        "label": "wordMatches",
        "type": "Method"
      },
      "location-after-char-start": 7979,
      "location-after-char-end": 8611,
      "node-str": "wordMatches"
    },
    {
      "type": "insert-node",
      "node": {
        "label": "final",
        "type": "Modifier"
      },
      "location-after-char-start": 0,
      "location-after-char-end": 0,
      "node-str": "final"
    },
    {
      "type": "insert-node",
      "node": {
        "label": "final",
        "type": "Modifier"
      },
      "location-after-char-start": 0,
      "location-after-char-end": 0,
      "node-str": "final"
    },
    {
      "type": "update-node",
      "node": {
        "label": "protected",
        "type": "Modifier"
      },
      "location-before-char-start": 0,
      "location-before-char-end": 0,
      "location-after-char-start": 0,
      "location-after-char-end": 0,
      "node-str": "public"
    },
    {
      "type": "insert-node",
      "node": {
        "label": "boolean",
        "type": "RETURN_TYPE"
      },
      "location-after-char-start": 0,
      "location-after-char-end": 0,
      "node-str": "boolean"
    },
    {
      "type": "insert-node",
      "node": {
        "label": "public",
        "type": "Modifier"
      },
      "location-after-char-start": 0,
      "location-after-char-end": 0,
      "node-str": "public"
    },
    {
      "type": "insert-node",
      "node": {
        "label": "viewer",
        "type": "Parameter"
      },
      "location-after-char-start": 5110,
      "location-after-char-end": 5122,
      "node-str": "viewer"
    },
    {
      "type": "insert-node",
      "node": {
        "label": "element",
        "type": "Parameter"
      },
      "location-after-char-start": 5125,
      "location-after-char-end": 5138,
      "node-str": "element"
    },
    {
      "type": "insert-node",
      "node": {
        "label": "return",
        "type": "Return"
      },
      "location-after-char-start": 5147,
      "location-after-char-end": 5216,
      "node-str": "return"
    },
    {
      "type": "insert-node",
      "node": {
        "label": "return",
        "type": "Return"
      },
      "location-after-char-start": 6041,
      "location-after-char-end": 6053,
      "node-str": "return"
    },
    {
      "type": "insert-node",
      "node": {
        "label": "boolean",
        "type": "RETURN_TYPE"
      },
      "location-after-char-start": 0,
      "location-after-char-end": 0,
      "node-str": "boolean"
    },
    {
      "type": "insert-node",
      "node": {
        "label": "protected",
        "type": "Modifier"
      },
      "location-after-char-start": 0,
      "location-after-char-end": 0,
      "node-str": "protected"
    },
    {
      "type": "insert-node",
      "node": {
        "label": "viewer",
        "type": "Parameter"
      },
      "location-after-char-start": 6514,
      "location-after-char-end": 6526,
      "node-str": "viewer"
    },
    {
      "type": "insert-node",
      "node": {
        "label": "element",
        "type": "Parameter"
      },
      "location-after-char-start": 6529,
      "location-after-char-end": 6542,
      "node-str": "element"
    },
    {
      "type": "move-subtree",
      "node": {
        "label": "labelText",
        "type": "LocalVariable"
      },
      "location-before-char-start": 5211,
      "location-before-char-end": 5329,
      "location-after-char-start": 6554,
      "location-after-char-end": 6672,
      "node-str": "labelText"
    },
    {
      "type": "move-subtree",
      "node": {
        "label": "if",
        "type": "If"
      },
      "location-before-char-start": 5339,
      "location-before-char-end": 5382,
      "location-after-char-start": 6691,
      "location-after-char-end": 6734,
      "node-str": "if"
    },
    {
      "type": "insert-node",
      "node": {
        "label": "return",
        "type": "Return"
      },
      "location-after-char-start": 6744,
      "location-after-char-end": 6773,
      "node-str": "return"
    },
    {
      "type": "insert-node",
      "node": {
        "label": "java.lang.String[]",
        "type": "RETURN_TYPE"
      },
      "location-after-char-start": 0,
      "location-after-char-end": 0,
      "node-str": "java.lang.String[]"
    },
    {
      "type": "insert-node",
      "node": {
        "label": "text",
        "type": "Parameter"
      },
      "location-after-char-start": 6990,
      "location-after-char-end": 7000,
      "node-str": "text"
    },
    {
      "type": "insert-node",
      "node": {
        "label": "words",
        "type": "LocalVariable"
      },
      "location-after-char-start": 7009,
      "location-after-char-end": 7037,
      "node-str": "words"
    },
    {
      "type": "insert-node",
      "node": {
        "label": "iter",
        "type": "LocalVariable"
      },
      "location-after-char-start": 7491,
      "location-after-char-end": 7543,
      "node-str": "iter"
    },
    {
      "type": "insert-node",
      "node": {
        "label": "setText",
        "type": "Invocation"
      },
      "location-after-char-start": 7547,
      "location-after-char-end": 7565,
      "node-str": "setText"
    },
    {
      "type": "insert-node",
      "node": {
        "label": "i",
        "type": "LocalVariable"
      },
      "location-after-char-start": 7569,
      "location-after-char-end": 7589,
      "node-str": "i"
    },
    {
      "type": "insert-node",
      "node": {
        "label": "while",
        "type": "While"
      },
      "location-after-char-start": 7593,
      "location-after-char-end": 7904,
      "node-str": "while"
    },
    {
      "type": "insert-node",
      "node": {
        "label": "return",
        "type": "Return"
      },
      "location-after-char-start": 7908,
      "location-after-char-end": 7965,
      "node-str": "return"
    },
    {
      "type": "insert-node",
      "node": {
        "label": "boolean",
        "type": "RETURN_TYPE"
      },
      "location-after-char-start": 0,
      "location-after-char-end": 0,
      "node-str": "boolean"
    },
    {
      "type": "insert-node",
      "node": {
        "label": "protected",
        "type": "Modifier"
      },
      "location-after-char-start": 0,
      "location-after-char-end": 0,
      "node-str": "protected"
    },
    {
      "type": "insert-node",
      "node": {
        "label": "text",
        "type": "Parameter"
      },
      "location-after-char-start": 8249,
      "location-after-char-end": 8259,
      "node-str": "text"
    },
    {
      "type": "insert-node",
      "node": {
        "label": "if",
        "type": "If"
      },
      "location-after-char-start": 8266,
      "location-after-char-end": 8299,
      "node-str": "if"
    },
    {
      "type": "insert-node",
      "node": {
        "label": "if",
        "type": "If"
      },
      "location-after-char-start": 8351,
      "location-after-char-end": 8381,
      "node-str": "if"
    },
    {
      "type": "insert-node",
      "node": {
        "label": "words",
        "type": "LocalVariable"
      },
      "location-after-char-start": 8449,
      "location-after-char-end": 8480,
      "node-str": "words"
    },
    {
      "type": "insert-node",
      "node": {
        "label": "",
        "type": "For"
      },
      "location-after-char-start": 8484,
      "location-after-char-end": 8591,
      "node-str": ""
    },
    {
      "type": "insert-node",
      "node": {
        "label": "return",
        "type": "Return"
      },
      "location-after-char-start": 8596,
      "location-after-char-end": 8608,
      "node-str": "return"
    },
    {
      "type": "update-node",
      "node": {
        "label": "isElementMatch",
        "type": "Invocation"
      },
      "location-before-char-start": 2533,
      "location-before-char-end": 2563,
      "location-after-char-start": 2681,
      "location-after-char-end": 2713,
      "node-str": "isElementVisible"
    },
    {
      "type": "insert-node",
      "node": {
        "label": "org.eclipse.jface.viewers.Viewer",
        "type": "VARIABLE_TYPE"
      },
      "location-after-char-start": 0,
      "location-after-char-end": 0,
      "node-str": "org.eclipse.jface.viewers.Viewer"
    },
    {
      "type": "insert-node",
      "node": {
        "label": "java.lang.Object",
        "type": "VARIABLE_TYPE"
      },
      "location-after-char-start": 0,
      "location-after-char-end": 0,
      "node-str": "java.lang.Object"
    },
    {
      "type": "insert-node",
      "node": {
        "label": "OR",
        "type": "BinaryOperator"
      },
      "location-after-char-start": 5154,
      "location-after-char-end": 5215,
      "node-str": "OR"
    },
    {
      "type": "insert-node",
      "node": {
        "label": "false",
        "type": "Literal"
      },
      "location-after-char-start": 6048,
      "location-after-char-end": 6052,
      "node-str": "false"
    },
    {
      "type": "insert-node",
      "node": {
        "label": "org.eclipse.jface.viewers.Viewer",
        "type": "VARIABLE_TYPE"
      },
      "location-after-char-start": 0,
      "location-after-char-end": 0,
      "node-str": "org.eclipse.jface.viewers.Viewer"
    },
    {
      "type": "insert-node",
      "node": {
        "label": "java.lang.Object",
        "type": "VARIABLE_TYPE"
      },
      "location-after-char-start": 0,
      "location-after-char-end": 0,
      "node-str": "java.lang.Object"
    },
    {
      "type": "insert-node",
      "node": {
        "label": "wordMatches",
        "type": "Invocation"
      },
      "location-after-char-start": 6751,
      "location-after-char-end": 6772,
      "node-str": "wordMatches"
    },
    {
      "type": "insert-node",
      "node": {
        "label": "java.lang.String",
        "type": "VARIABLE_TYPE"
      },
      "location-after-char-start": 0,
      "location-after-char-end": 0,
      "node-str": "java.lang.String"
    },
    {
      "type": "insert-node",
      "node": {
        "label": "java.util.List",
        "type": "VARIABLE_TYPE"
      },
      "location-after-char-start": 0,
      "location-after-char-end": 0,
      "node-str": "java.util.List"
    },
    {
      "type": "insert-node",
      "node": {
        "label": "java.util.ArrayList()",
        "type": "ConstructorCall"
      },
      "location-after-char-start": 7022,
      "location-after-char-end": 7036,
      "node-str": "java.util.ArrayList()"
    },
    {
      "type": "insert-node",
      "node": {
        "label": "java.text.BreakIterator",
        "type": "VARIABLE_TYPE"
      },
      "location-after-char-start": 0,
      "location-after-char-end": 0,
      "node-str": "java.text.BreakIterator"
    },
    {
      "type": "insert-node",
      "node": {
        "label": "getWordInstance",
        "type": "Invocation"
      },
      "location-after-char-start": 7512,
      "location-after-char-end": 7542,
      "node-str": "getWordInstance"
    },
    {
      "type": "insert-node",
      "node": {
        "label": "iter",
        "type": "VariableRead"
      },
      "location-after-char-start": 7547,
      "location-after-char-end": 7550,
      "node-str": "iter"
    },
    {
      "type": "insert-node",
      "node": {
        "label": "text",
        "type": "VariableRead"
      },
      "location-after-char-start": 7560,
      "location-after-char-end": 7563,
      "node-str": "text"
    },
    {
      "type": "insert-node",
      "node": {
        "label": "int",
        "type": "VARIABLE_TYPE"
      },
      "location-after-char-start": 0,
      "location-after-char-end": 0,
      "node-str": "int"
    },
    {
      "type": "insert-node",
      "node": {
        "label": "first",
        "type": "Invocation"
      },
      "location-after-char-start": 7577,
      "location-after-char-end": 7588,
      "node-str": "first"
    },
    {
      "type": "insert-node",
      "node": {
        "label": "AND",
        "type": "BinaryOperator"
      },
      "location-after-char-start": 7600,
      "location-after-char-end": 7653,
      "node-str": "AND"
    },
    {
      "type": "insert-node",
      "node": {
        "label": "j",
        "type": "LocalVariable"
      },
      "location-after-char-start": 7661,
      "location-after-char-end": 7686,
      "node-str": "j"
    },
    {
      "type": "insert-node",
      "node": {
        "label": "if",
        "type": "If"
      },
      "location-after-char-start": 7691,
      "location-after-char-end": 7751,
      "node-str": "if"
    },
    {
      "type": "insert-node",
      "node": {
        "label": "if",
        "type": "If"
      },
      "location-after-char-start": 7777,
      "location-after-char-end": 7890,
      "node-str": "if"
    },
    {
      "type": "insert-node",
      "node": {
        "label": "\u003d",
        "type": "Assignment"
      },
      "location-after-char-start": 7895,
      "location-after-char-end": 7900,
      "node-str": "\u003d"
    },
    {
      "type": "insert-node",
      "node": {
        "label": "toArray",
        "type": "Invocation"
      },
      "location-after-char-start": 7915,
      "location-after-char-end": 7964,
      "node-str": "toArray"
    },
    {
      "type": "insert-node",
      "node": {
        "label": "java.lang.String",
        "type": "VARIABLE_TYPE"
      },
      "location-after-char-start": 0,
      "location-after-char-end": 0,
      "node-str": "java.lang.String"
    },
    {
      "type": "insert-node",
      "node": {
        "label": "EQ",
        "type": "BinaryOperator"
      },
      "location-after-char-start": 8270,
      "location-after-char-end": 8281,
      "node-str": "EQ"
    },
    {
      "type": "insert-node",
      "node": {
        "label": "THEN",
        "type": "then"
      },
      "location-after-char-start": 8287,
      "location-after-char-end": 8299,
      "node-str": "THEN"
    },
    {
      "type": "insert-node",
      "node": {
        "label": "match",
        "type": "Invocation"
      },
      "location-after-char-start": 8354,
      "location-after-char-end": 8364,
      "node-str": "match"
    },
    {
      "type": "insert-node",
      "node": {
        "label": "THEN",
        "type": "then"
      },
      "location-after-char-start": 8370,
      "location-after-char-end": 8381,
      "node-str": "THEN"
    },
    {
      "type": "insert-node",
      "node": {
        "label": "java.lang.String[]",
        "type": "VARIABLE_TYPE"
      },
      "location-after-char-start": 0,
      "location-after-char-end": 0,
      "node-str": "java.lang.String[]"
    },
    {
      "type": "insert-node",
      "node": {
        "label": "getWords",
        "type": "Invocation"
      },
      "location-after-char-start": 8466,
      "location-after-char-end": 8479,
      "node-str": "getWords"
    },
    {
      "type": "insert-node",
      "node": {
        "label": "i",
        "type": "LocalVariable"
      },
      "location-after-char-start": 8489,
      "location-after-char-end": 8497,
      "node-str": "i"
    },
    {
      "type": "insert-node",
      "node": {
        "label": "LT",
        "type": "BinaryOperator"
      },
      "location-after-char-start": 8500,
      "location-after-char-end": 8515,
      "node-str": "LT"
    },
    {
      "type": "insert-node",
      "node": {
        "label": "POSTINC",
        "type": "UnaryOperator"
      },
      "location-after-char-start": 8518,
      "location-after-char-end": 8520,
      "node-str": "POSTINC"
    },
    {
      "type": "insert-node",
      "node": {
        "label": "word",
        "type": "LocalVariable"
      },
      "location-after-char-start": 8528,
      "location-after-char-end": 8550,
      "node-str": "word"
    },
    {
      "type": "insert-node",
      "node": {
        "label": "if",
        "type": "If"
      },
      "location-after-char-start": 8555,
      "location-after-char-end": 8587,
      "node-str": "if"
    },
    {
      "type": "insert-node",
      "node": {
        "label": "false",
        "type": "Literal"
      },
      "location-after-char-start": 8603,
      "location-after-char-end": 8607,
      "node-str": "false"
    },
    {
      "type": "insert-node",
      "node": {
        "label": "isParentMatch",
        "type": "Invocation"
      },
      "location-after-char-start": 5154,
      "location-after-char-end": 5183,
      "node-str": "isParentMatch"
    },
    {
      "type": "insert-node",
      "node": {
        "label": "isLeafMatch",
        "type": "Invocation"
      },
      "location-after-char-start": 5188,
      "location-after-char-end": 5215,
      "node-str": "isLeafMatch"
    },
    {
      "type": "insert-node",
      "node": {
        "label": "org.eclipse.ui.dialogs.PatternFilter",
        "type": "TypeAccess"
      },
      "location-after-char-start": 0,
      "location-after-char-end": 0,
      "node-str": "org.eclipse.ui.dialogs.PatternFilter"
    },
    {
      "type": "insert-node",
      "node": {
        "label": "labelText",
        "type": "VariableRead"
      },
      "location-after-char-start": 6763,
      "location-after-char-end": 6771,
      "node-str": "labelText"
    },
    {
      "type": "insert-node",
      "node": {
        "label": "java.text.BreakIterator",
        "type": "TypeAccess"
      },
      "location-after-char-start": 7512,
      "location-after-char-end": 7524,
      "node-str": "java.text.BreakIterator"
    },
    {
      "type": "insert-node",
      "node": {
        "label": "iter",
        "type": "VariableRead"
      },
      "location-after-char-start": 7577,
      "location-after-char-end": 7580,
      "node-str": "iter"
    },
    {
      "type": "insert-node",
      "node": {
        "label": "NE",
        "type": "BinaryOperator"
      },
      "location-after-char-start": 7600,
      "location-after-char-end": 7632,
      "node-str": "NE"
    },
    {
      "type": "insert-node",
      "node": {
        "label": "LT",
        "type": "BinaryOperator"
      },
      "location-after-char-start": 7637,
      "location-after-char-end": 7653,
      "node-str": "LT"
    },
    {
      "type": "insert-node",
      "node": {
        "label": "int",
        "type": "VARIABLE_TYPE"
      },
      "location-after-char-start": 0,
      "location-after-char-end": 0,
      "node-str": "int"
    },
    {
      "type": "insert-node",
      "node": {
        "label": "following",
        "type": "Invocation"
      },
      "location-after-char-start": 7669,
      "location-after-char-end": 7685,
      "node-str": "following"
    },
    {
      "type": "insert-node",
      "node": {
        "label": "EQ",
        "type": "BinaryOperator"
      },
      "location-after-char-start": 7695,
      "location-after-char-end": 7727,
      "node-str": "EQ"
    },
    {
      "type": "insert-node",
      "node": {
        "label": "THEN",
        "type": "then"
      },
      "location-after-char-start": 7734,
      "location-after-char-end": 7751,
      "node-str": "THEN"
    },
    {
      "type": "insert-node",
      "node": {
        "label": "isLetterOrDigit",
        "type": "Invocation"
      },
      "location-after-char-start": 7781,
      "location-after-char-end": 7821,
      "node-str": "isLetterOrDigit"
    },
    {
      "type": "insert-node",
      "node": {
        "label": "THEN",
        "type": "then"
      },
      "location-after-char-start": 7824,
      "location-after-char-end": 7890,
      "node-str": "THEN"
    },
    {
      "type": "insert-node",
      "node": {
        "label": "i",
        "type": "VariableWrite"
      },
      "location-after-char-start": 7895,
      "location-after-char-end": 7895,
      "node-str": "i"
    },
    {
      "type": "insert-node",
      "node": {
        "label": "j",
        "type": "VariableRead"
      },
      "location-after-char-start": 7899,
      "location-after-char-end": 7899,
      "node-str": "j"
    },
    {
      "type": "insert-node",
      "node": {
        "label": "words",
        "type": "VariableRead"
      },
      "location-after-char-start": 7926,
      "location-after-char-end": 7930,
      "node-str": "words"
    },
    {
      "type": "insert-node",
      "node": {
        "label": "",
        "type": "NewArray"
      },
      "location-after-char-start": 7940,
      "location-after-char-end": 7963,
      "node-str": ""
    },
    {
      "type": "insert-node",
      "node": {
        "label": "text",
        "type": "VariableRead"
      },
      "location-after-char-start": 8270,
      "location-after-char-end": 8273,
      "node-str": "text"
    },
    {
      "type": "insert-node",
      "node": {
        "label": "null",
        "type": "Literal"
      },
      "location-after-char-start": 8278,
      "location-after-char-end": 8281,
      "node-str": "null"
    },
    {
      "type": "insert-node",
      "node": {
        "label": "return",
        "type": "Return"
      },
      "location-after-char-start": 8287,
      "location-after-char-end": 8299,
      "node-str": "return"
    },
    {
      "type": "insert-node",
      "node": {
        "label": "org.eclipse.ui.dialogs.PatternFilter",
        "type": "TypeAccess"
      },
      "location-after-char-start": 0,
      "location-after-char-end": 0,
      "node-str": "org.eclipse.ui.dialogs.PatternFilter"
    },
    {
      "type": "insert-node",
      "node": {
        "label": "text",
        "type": "VariableRead"
      },
      "location-after-char-start": 8360,
      "location-after-char-end": 8363,
      "node-str": "text"
    },
    {
      "type": "insert-node",
      "node": {
        "label": "return",
        "type": "Return"
      },
      "location-after-char-start": 8370,
      "location-after-char-end": 8381,
      "node-str": "return"
    },
    {
      "type": "insert-node",
      "node": {
        "label": "org.eclipse.ui.dialogs.PatternFilter",
        "type": "TypeAccess"
      },
      "location-after-char-start": 0,
      "location-after-char-end": 0,
      "node-str": "org.eclipse.ui.dialogs.PatternFilter"
    },
    {
      "type": "insert-node",
      "node": {
        "label": "text",
        "type": "VariableRead"
      },
      "location-after-char-start": 8475,
      "location-after-char-end": 8478,
      "node-str": "text"
    },
    {
      "type": "insert-node",
      "node": {
        "label": "int",
        "type": "VARIABLE_TYPE"
      },
      "location-after-char-start": 0,
      "location-after-char-end": 0,
      "node-str": "int"
    },
    {
      "type": "insert-node",
      "node": {
        "label": "0",
        "type": "Literal"
      },
      "location-after-char-start": 8497,
      "location-after-char-end": 8497,
      "node-str": "0"
    },
    {
      "type": "insert-node",
      "node": {
        "label": "i",
        "type": "VariableRead"
      },
      "location-after-char-start": 8500,
      "location-after-char-end": 8500,
      "node-str": "i"
    },
    {
      "type": "insert-node",
      "node": {
        "label": "length",
        "type": "FieldRead"
      },
      "location-after-char-start": 8504,
      "location-after-char-end": 8515,
      "node-str": "length"
    },
    {
      "type": "insert-node",
      "node": {
        "label": "i",
        "type": "VariableWrite"
      },
      "location-after-char-start": 8518,
      "location-after-char-end": 8518,
      "node-str": "i"
    },
    {
      "type": "insert-node",
      "node": {
        "label": "java.lang.String",
        "type": "VARIABLE_TYPE"
      },
      "location-after-char-start": 0,
      "location-after-char-end": 0,
      "node-str": "java.lang.String"
    },
    {
      "type": "insert-node",
      "node": {
        "label": "",
        "type": "ArrayRead"
      },
      "location-after-char-start": 8542,
      "location-after-char-end": 8549,
      "node-str": ""
    },
    {
      "type": "insert-node",
      "node": {
        "label": "match",
        "type": "Invocation"
      },
      "location-after-char-start": 8559,
      "location-after-char-end": 8569,
      "node-str": "match"
    },
    {
      "type": "insert-node",
      "node": {
        "label": "THEN",
        "type": "then"
      },
      "location-after-char-start": 8576,
      "location-after-char-end": 8587,
      "node-str": "THEN"
    },
    {
      "type": "insert-node",
      "node": {
        "label": "org.eclipse.ui.dialogs.PatternFilter",
        "type": "TypeAccess"
      },
      "location-after-char-start": 0,
      "location-after-char-end": 0,
      "node-str": "org.eclipse.ui.dialogs.PatternFilter"
    },
    {
      "type": "insert-node",
      "node": {
        "label": "viewer",
        "type": "VariableRead"
      },
      "location-after-char-start": 5168,
      "location-after-char-end": 5173,
      "node-str": "viewer"
    },
    {
      "type": "insert-node",
      "node": {
        "label": "element",
        "type": "VariableRead"
      },
      "location-after-char-start": 5176,
      "location-after-char-end": 5182,
      "node-str": "element"
    },
    {
      "type": "insert-node",
      "node": {
        "label": "org.eclipse.ui.dialogs.PatternFilter",
        "type": "TypeAccess"
      },
      "location-after-char-start": 0,
      "location-after-char-end": 0,
      "node-str": "org.eclipse.ui.dialogs.PatternFilter"
    },
    {
      "type": "insert-node",
      "node": {
        "label": "viewer",
        "type": "VariableRead"
      },
      "location-after-char-start": 5200,
      "location-after-char-end": 5205,
      "node-str": "viewer"
    },
    {
      "type": "insert-node",
      "node": {
        "label": "element",
        "type": "VariableRead"
      },
      "location-after-char-start": 5208,
      "location-after-char-end": 5214,
      "node-str": "element"
    },
    {
      "type": "insert-node",
      "node": {
        "label": "i",
        "type": "VariableRead"
      },
      "location-after-char-start": 7600,
      "location-after-char-end": 7600,
      "node-str": "i"
    },
    {
      "type": "insert-node",
      "node": {
        "label": "DONE",
        "type": "FieldRead"
      },
      "location-after-char-start": 7605,
      "location-after-char-end": 7632,
      "node-str": "DONE"
    },
    {
      "type": "insert-node",
      "node": {
        "label": "i",
        "type": "VariableRead"
      },
      "location-after-char-start": 7637,
      "location-after-char-end": 7637,
      "node-str": "i"
    },
    {
      "type": "insert-node",
      "node": {
        "label": "length",
        "type": "Invocation"
      },
      "location-after-char-start": 7641,
      "location-after-char-end": 7653,
      "node-str": "length"
    },
    {
      "type": "insert-node",
      "node": {
        "label": "iter",
        "type": "VariableRead"
      },
      "location-after-char-start": 7669,
      "location-after-char-end": 7672,
      "node-str": "iter"
    },
    {
      "type": "insert-node",
      "node": {
        "label": "i",
        "type": "VariableRead"
      },
      "location-after-char-start": 7684,
      "location-after-char-end": 7684,
      "node-str": "i"
    },
    {
      "type": "insert-node",
      "node": {
        "label": "j",
        "type": "VariableRead"
      },
      "location-after-char-start": 7695,
      "location-after-char-end": 7695,
      "node-str": "j"
    },
    {
      "type": "insert-node",
      "node": {
        "label": "DONE",
        "type": "FieldRead"
      },
      "location-after-char-start": 7700,
      "location-after-char-end": 7727,
      "node-str": "DONE"
    },
    {
      "type": "insert-node",
      "node": {
        "label": "\u003d",
        "type": "Assignment"
      },
      "location-after-char-start": 7734,
      "location-after-char-end": 7751,
      "node-str": "\u003d"
    },
    {
      "type": "insert-node",
      "node": {
        "label": "java.lang.Character",
        "type": "TypeAccess"
      },
      "location-after-char-start": 7781,
      "location-after-char-end": 7789,
      "node-str": "java.lang.Character"
    },
    {
      "type": "insert-node",
      "node": {
        "label": "charAt",
        "type": "Invocation"
      },
      "location-after-char-start": 7807,
      "location-after-char-end": 7820,
      "node-str": "charAt"
    },
    {
      "type": "insert-node",
      "node": {
        "label": "word",
        "type": "LocalVariable"
      },
      "location-after-char-start": 7830,
      "location-after-char-end": 7864,
      "node-str": "word"
    },
    {
      "type": "insert-node",
      "node": {
        "label": "add",
        "type": "Invocation"
      },
      "location-after-char-start": 7870,
      "location-after-char-end": 7885,
      "node-str": "add"
    },
    {
      "type": "insert-node",
      "node": {
        "label": "size",
        "type": "Invocation"
      },
      "location-after-char-start": 7951,
      "location-after-char-end": 7962,
      "node-str": "size"
    },
    {
      "type": "insert-node",
      "node": {
        "label": "false",
        "type": "Literal"
      },
      "location-after-char-start": 8294,
      "location-after-char-end": 8298,
      "node-str": "false"
    },
    {
      "type": "insert-node",
      "node": {
        "label": "true",
        "type": "Literal"
      },
      "location-after-char-start": 8377,
      "location-after-char-end": 8380,
      "node-str": "true"
    },
    {
      "type": "insert-node",
      "node": {
        "label": "words",
        "type": "VariableRead"
      },
      "location-after-char-start": 8504,
      "location-after-char-end": 8508,
      "node-str": "words"
    },
    {
      "type": "insert-node",
      "node": {
        "label": "words",
        "type": "VariableRead"
      },
      "location-after-char-start": 8542,
      "location-after-char-end": 8546,
      "node-str": "words"
    },
    {
      "type": "insert-node",
      "node": {
        "label": "i",
        "type": "VariableRead"
      },
      "location-after-char-start": 8548,
      "location-after-char-end": 8548,
      "node-str": "i"
    },
    {
      "type": "insert-node",
      "node": {
        "label": "org.eclipse.ui.dialogs.PatternFilter",
        "type": "TypeAccess"
      },
      "location-after-char-start": 0,
      "location-after-char-end": 0,
      "node-str": "org.eclipse.ui.dialogs.PatternFilter"
    },
    {
      "type": "insert-node",
      "node": {
        "label": "word",
        "type": "VariableRead"
      },
      "location-after-char-start": 8565,
      "location-after-char-end": 8568,
      "node-str": "word"
    },
    {
      "type": "insert-node",
      "node": {
        "label": "return",
        "type": "Return"
      },
      "location-after-char-start": 8576,
      "location-after-char-end": 8587,
      "node-str": "return"
    },
    {
      "type": "insert-node",
      "node": {
        "label": "java.text.BreakIterator",
        "type": "TypeAccess"
      },
      "location-after-char-start": 7605,
      "location-after-char-end": 7627,
      "node-str": "java.text.BreakIterator"
    },
    {
      "type": "insert-node",
      "node": {
        "label": "text",
        "type": "VariableRead"
      },
      "location-after-char-start": 7641,
      "location-after-char-end": 7644,
      "node-str": "text"
    },
    {
      "type": "insert-node",
      "node": {
        "label": "java.text.BreakIterator",
        "type": "TypeAccess"
      },
      "location-after-char-start": 7700,
      "location-after-char-end": 7722,
      "node-str": "java.text.BreakIterator"
    },
    {
      "type": "insert-node",
      "node": {
        "label": "j",
        "type": "VariableWrite"
      },
      "location-after-char-start": 7734,
      "location-after-char-end": 7734,
      "node-str": "j"
    },
    {
      "type": "insert-node",
      "node": {
        "label": "length",
        "type": "Invocation"
      },
      "location-after-char-start": 7738,
      "location-after-char-end": 7750,
      "node-str": "length"
    },
    {
      "type": "insert-node",
      "node": {
        "label": "text",
        "type": "VariableRead"
      },
      "location-after-char-start": 7807,
      "location-after-char-end": 7810,
      "node-str": "text"
    },
    {
      "type": "insert-node",
      "node": {
        "label": "i",
        "type": "VariableRead"
      },
      "location-after-char-start": 7819,
      "location-after-char-end": 7819,
      "node-str": "i"
    },
    {
      "type": "insert-node",
      "node": {
        "label": "java.lang.String",
        "type": "VARIABLE_TYPE"
      },
      "location-after-char-start": 0,
      "location-after-char-end": 0,
      "node-str": "java.lang.String"
    },
    {
      "type": "insert-node",
      "node": {
        "label": "substring",
        "type": "Invocation"
      },
      "location-after-char-start": 7844,
      "location-after-char-end": 7863,
      "node-str": "substring"
    },
    {
      "type": "insert-node",
      "node": {
        "label": "words",
        "type": "VariableRead"
      },
      "location-after-char-start": 7870,
      "location-after-char-end": 7874,
      "node-str": "words"
    },
    {
      "type": "insert-node",
      "node": {
        "label": "word",
        "type": "VariableRead"
      },
      "location-after-char-start": 7880,
      "location-after-char-end": 7883,
      "node-str": "word"
    },
    {
      "type": "insert-node",
      "node": {
        "label": "words",
        "type": "VariableRead"
      },
      "location-after-char-start": 7951,
      "location-after-char-end": 7955,
      "node-str": "words"
    },
    {
      "type": "insert-node",
      "node": {
        "label": "true",
        "type": "Literal"
      },
      "location-after-char-start": 8583,
      "location-after-char-end": 8586,
      "node-str": "true"
    },
    {
      "type": "insert-node",
      "node": {
        "label": "text",
        "type": "VariableRead"
      },
      "location-after-char-start": 7738,
      "location-after-char-end": 7741,
      "node-str": "text"
    },
    {
      "type": "insert-node",
      "node": {
        "label": "text",
        "type": "VariableRead"
      },
      "location-after-char-start": 7844,
      "location-after-char-end": 7847,
      "node-str": "text"
    },
    {
      "type": "insert-node",
      "node": {
        "label": "i",
        "type": "VariableRead"
      },
      "location-after-char-start": 7859,
      "location-after-char-end": 7859,
      "node-str": "i"
    },
    {
      "type": "insert-node",
      "node": {
        "label": "j",
        "type": "VariableRead"
      },
      "location-after-char-start": 7862,
      "location-after-char-end": 7862,
      "node-str": "j"
    },
    {
      "type": "delete-node",
      "node": {
        "label": "public",
        "type": "Modifier"
      },
      "location-before-char-start": 0,
      "location-before-char-end": 0,
      "node-str": "public"
    },
    {
      "type": "delete-node",
      "node": {
        "label": "protected",
        "type": "Modifier"
      },
      "location-before-char-start": 0,
      "location-before-char-end": 0,
      "node-str": "protected"
    },
    {
      "type": "delete-node",
      "node": {
        "label": "org.eclipse.ui.dialogs.PatternFilter",
        "type": "TypeAccess"
      },
      "location-before-char-start": 0,
      "location-before-char-end": 0,
      "node-str": "org.eclipse.ui.dialogs.PatternFilter"
    },
    {
      "type": "delete-node",
      "node": {
        "label": "labelText",
        "type": "VariableRead"
      },
      "location-before-char-start": 5405,
      "location-before-char-end": 5413,
      "node-str": "labelText"
    },
    {
      "type": "delete-node",
      "node": {
        "label": "match",
        "type": "Invocation"
      },
      "location-before-char-start": 5399,
      "location-before-char-end": 5414,
      "node-str": "match"
    },
    {
      "type": "delete-node",
      "node": {
        "label": "return",
        "type": "Return"
      },
      "location-before-char-start": 5392,
      "location-before-char-end": 5415,
      "node-str": "return"
    }
  ],
  "before-file": {},
  "after-file": {},
  "mapping": {}
}