{
  "tool-info": {},
  "diff": [
    {
      "type": "insert-node",
      "node": {
        "label": "if",
        "type": "If"
      },
      "location-after-char-start": 5697,
      "location-after-char-end": 6081,
      "node-str": "if"
    },
    {
      "type": "insert-node",
      "node": {
        "label": "if",
        "type": "If"
      },
      "location-after-char-start": 13972,
      "location-after-char-end": 14078,
      "node-str": "if"
    },
    {
      "type": "insert-node",
      "node": {
        "label": "NE",
        "type": "BinaryOperator"
      },
      "location-after-char-start": 5700,
      "location-after-char-end": 5724,
      "node-str": "NE"
    },
    {
      "type": "insert-node",
      "node": {
        "label": "THEN",
        "type": "then"
      },
      "location-after-char-start": 5727,
      "location-after-char-end": 6011,
      "node-str": "THEN"
    },
    {
      "type": "move-subtree",
      "node": {
        "label": "ELSE",
        "type": "else"
      },
      "location-before-char-start": 5802,
      "location-before-char-end": 5865,
      "location-after-char-start": 6018,
      "location-after-char-end": 6081,
      "node-str": "ELSE"
    },
    {
      "type": "insert-node",
      "node": {
        "label": "EQ",
        "type": "BinaryOperator"
      },
      "location-after-char-start": 13975,
      "location-after-char-end": 13990,
      "node-str": "EQ"
    },
    {
      "type": "insert-node",
      "node": {
        "label": "THEN",
        "type": "then"
      },
      "location-after-char-start": 14002,
      "location-after-char-end": 14078,
      "node-str": "THEN"
    },
    {
      "type": "insert-node",
      "node": {
        "label": "readTimeOutString",
        "type": "VariableRead"
      },
      "location-after-char-start": 5700,
      "location-after-char-end": 5716,
      "node-str": "readTimeOutString"
    },
    {
      "type": "insert-node",
      "node": {
        "label": "null",
        "type": "Literal"
      },
      "location-after-char-start": 5721,
      "location-after-char-end": 5724,
      "node-str": "null"
    },
    {
      "type": "insert-node",
      "node": {
        "label": "",
        "type": "Try"
      },
      "location-after-char-start": 5738,
      "location-after-char-end": 6003,
      "node-str": ""
    },
    {
      "type": "insert-node",
      "node": {
        "label": "roleName",
        "type": "VariableRead"
      },
      "location-after-char-start": 13975,
      "location-after-char-end": 13982,
      "node-str": "roleName"
    },
    {
      "type": "insert-node",
      "node": {
        "label": "null",
        "type": "Literal"
      },
      "location-after-char-start": 13987,
      "location-after-char-end": 13990,
      "node-str": "null"
    },
    {
      "type": "insert-node",
      "node": {
        "label": "",
        "type": "Throw"
      },
      "location-after-char-start": 14002,
      "location-after-char-end": 14078,
      "node-str": ""
    },
    {
      "type": "insert-node",
      "node": {
        "label": "\u003d",
        "type": "Assignment"
      },
      "location-after-char-start": 5756,
      "location-after-char-end": 5805,
      "node-str": "\u003d"
    },
    {
      "type": "insert-node",
      "node": {
        "label": "",
        "type": "Catch"
      },
      "location-after-char-start": 5817,
      "location-after-char-end": 6003,
      "node-str": ""
    },
    {
      "type": "insert-node",
      "node": {
        "label": "org.jboss.deployment.DeploymentException(java.lang.String)",
        "type": "ConstructorCall"
      },
      "location-after-char-start": 14008,
      "location-after-char-end": 14077,
      "node-str": "org.jboss.deployment.DeploymentException(java.lang.String)"
    },
    {
      "type": "insert-node",
      "node": {
        "label": "readTimeOut",
        "type": "FieldWrite"
      },
      "location-after-char-start": 5756,
      "location-after-char-end": 5766,
      "node-str": "readTimeOut"
    },
    {
      "type": "insert-node",
      "node": {
        "label": "parseInt",
        "type": "Invocation"
      },
      "location-after-char-start": 5770,
      "location-after-char-end": 5804,
      "node-str": "parseInt"
    },
    {
      "type": "insert-node",
      "node": {
        "label": "e",
        "type": "CatchVariable"
      },
      "location-after-char-start": 5825,
      "location-after-char-end": 5847,
      "node-str": "e"
    },
    {
      "type": "insert-node",
      "node": {
        "label": "",
        "type": "Throw"
      },
      "location-after-char-start": 5864,
      "location-after-char-end": 5992,
      "node-str": ""
    },
    {
      "type": "insert-node",
      "node": {
        "label": "\"No ejb-relationship-role-name element found\"",
        "type": "Literal"
      },
      "location-after-char-start": 14032,
      "location-after-char-end": 14076,
      "node-str": "\"No ejb-relationship-role-name element found\""
    },
    {
      "type": "insert-node",
      "node": {
        "label": "org.jboss.ejb.plugins.cmp.jdbc.metadata.JDBCRelationMetaData",
        "type": "TypeAccess"
      },
      "location-after-char-start": 0,
      "location-after-char-end": 0,
      "node-str": "org.jboss.ejb.plugins.cmp.jdbc.metadata.JDBCRelationMetaData"
    },
    {
      "type": "insert-node",
      "node": {
        "label": "java.lang.Integer",
        "type": "TypeAccess"
      },
      "location-after-char-start": 5770,
      "location-after-char-end": 5776,
      "node-str": "java.lang.Integer"
    },
    {
      "type": "insert-node",
      "node": {
        "label": "readTimeOutString",
        "type": "VariableRead"
      },
      "location-after-char-start": 5787,
      "location-after-char-end": 5803,
      "node-str": "readTimeOutString"
    },
    {
      "type": "insert-node",
      "node": {
        "label": "java.lang.NumberFormatException",
        "type": "VARIABLE_TYPE"
      },
      "location-after-char-start": 0,
      "location-after-char-end": 0,
      "node-str": "java.lang.NumberFormatException"
    },
    {
      "type": "insert-node",
      "node": {
        "label": "org.jboss.deployment.DeploymentException(java.lang.String)",
        "type": "ConstructorCall"
      },
      "location-after-char-start": 5870,
      "location-after-char-end": 5991,
      "node-str": "org.jboss.deployment.DeploymentException(java.lang.String)"
    },
    {
      "type": "insert-node",
      "node": {
        "label": "PLUS",
        "type": "BinaryOperator"
      },
      "location-after-char-start": 5894,
      "location-after-char-end": 5990,
      "node-str": "PLUS"
    },
    {
      "type": "insert-node",
      "node": {
        "label": "PLUS",
        "type": "BinaryOperator"
      },
      "location-after-char-start": 5894,
      "location-after-char-end": 5986,
      "node-str": "PLUS"
    },
    {
      "type": "insert-node",
      "node": {
        "label": "e",
        "type": "VariableRead"
      },
      "location-after-char-start": 5990,
      "location-after-char-end": 5990,
      "node-str": "e"
    },
    {
      "type": "insert-node",
      "node": {
        "label": "PLUS",
        "type": "BinaryOperator"
      },
      "location-after-char-start": 5894,
      "location-after-char-end": 5978,
      "node-str": "PLUS"
    },
    {
      "type": "insert-node",
      "node": {
        "label": "\"\u0027: \"",
        "type": "Literal"
      },
      "location-after-char-start": 5982,
      "location-after-char-end": 5986,
      "node-str": "\"\u0027: \""
    },
    {
      "type": "insert-node",
      "node": {
        "label": "PLUS",
        "type": "BinaryOperator"
      },
      "location-after-char-start": 5894,
      "location-after-char-end": 5958,
      "node-str": "PLUS"
    },
    {
      "type": "insert-node",
      "node": {
        "label": "readTimeOutString",
        "type": "VariableRead"
      },
      "location-after-char-start": 5962,
      "location-after-char-end": 5978,
      "node-str": "readTimeOutString"
    },
    {
      "type": "insert-node",
      "node": {
        "label": "\"Invalid number format in \"",
        "type": "Literal"
      },
      "location-after-char-start": 5894,
      "location-after-char-end": 5920,
      "node-str": "\"Invalid number format in \""
    },
    {
      "type": "insert-node",
      "node": {
        "label": "\"read-time-out \u0027\"",
        "type": "Literal"
      },
      "location-after-char-start": 5942,
      "location-after-char-end": 5958,
      "node-str": "\"read-time-out \u0027\""
    },
    {
      "type": "delete-node",
      "node": {
        "label": "readTimeOutString",
        "type": "VariableRead"
      },
      "location-before-char-start": 5700,
      "location-before-char-end": 5716,
      "node-str": "readTimeOutString"
    },
    {
      "type": "delete-node",
      "node": {
        "label": "null",
        "type": "Literal"
      },
      "location-before-char-start": 5721,
      "location-before-char-end": 5724,
      "node-str": "null"
    },
    {
      "type": "delete-node",
      "node": {
        "label": "NE",
        "type": "BinaryOperator"
      },
      "location-before-char-start": 5700,
      "location-before-char-end": 5724,
      "node-str": "NE"
    },
    {
      "type": "delete-node",
      "node": {
        "label": "org.jboss.ejb.plugins.cmp.jdbc.metadata.JDBCRelationMetaData",
        "type": "TypeAccess"
      },
      "location-before-char-start": 0,
      "location-before-char-end": 0,
      "node-str": "org.jboss.ejb.plugins.cmp.jdbc.metadata.JDBCRelationMetaData"
    },
    {
      "type": "delete-node",
      "node": {
        "label": "readTimeOut",
        "type": "FieldWrite"
      },
      "location-before-char-start": 5738,
      "location-before-char-end": 5748,
      "node-str": "readTimeOut"
    },
    {
      "type": "delete-node",
      "node": {
        "label": "java.lang.Integer",
        "type": "TypeAccess"
      },
      "location-before-char-start": 5752,
      "location-before-char-end": 5758,
      "node-str": "java.lang.Integer"
    },
    {
      "type": "delete-node",
      "node": {
        "label": "readTimeOutString",
        "type": "VariableRead"
      },
      "location-before-char-start": 5769,
      "location-before-char-end": 5785,
      "node-str": "readTimeOutString"
    },
    {
      "type": "delete-node",
      "node": {
        "label": "parseInt",
        "type": "Invocation"
      },
      "location-before-char-start": 5752,
      "location-before-char-end": 5786,
      "node-str": "parseInt"
    },
    {
      "type": "delete-node",
      "node": {
        "label": "\u003d",
        "type": "Assignment"
      },
      "location-before-char-start": 5738,
      "location-before-char-end": 5787,
      "node-str": "\u003d"
    },
    {
      "type": "delete-node",
      "node": {
        "label": "THEN",
        "type": "then"
      },
      "location-before-char-start": 5727,
      "location-before-char-end": 5795,
      "node-str": "THEN"
    },
    {
      "type": "delete-node",
      "node": {
        "label": "if",
        "type": "If"
      },
      "location-before-char-start": 5697,
      "location-before-char-end": 5865,
      "node-str": "if"
    }
  ],
  "before-file": {},
  "after-file": {},
  "mapping": {}
}