{
  "tool-info": {},
  "diff": [
    {
      "type": "insert-node",
      "node": {
        "label": "public",
        "type": "Modifier"
      },
      "location-after-char-start": 0,
      "location-after-char-end": 0,
      "node-str": "public"
    },
    {
      "type": "insert-node",
      "node": {
        "label": "addAction",
        "type": "Field"
      },
      "location-after-char-start": 1156,
      "location-after-char-end": 1184,
      "node-str": "addAction"
    },
    {
      "type": "insert-node",
      "node": {
        "label": "addVirtualAction",
        "type": "Field"
      },
      "location-after-char-start": 1187,
      "location-after-char-end": 1222,
      "node-str": "addVirtualAction"
    },
    {
      "type": "insert-node",
      "node": {
        "label": "removeAction",
        "type": "Field"
      },
      "location-after-char-start": 1225,
      "location-after-char-end": 1256,
      "node-str": "removeAction"
    },
    {
      "type": "insert-node",
      "node": {
        "label": "renameAction",
        "type": "Field"
      },
      "location-after-char-start": 1259,
      "location-after-char-end": 1290,
      "node-str": "renameAction"
    },
    {
      "type": "insert-node",
      "node": {
        "label": "expungeAction",
        "type": "Field"
      },
      "location-after-char-start": 1293,
      "location-after-char-end": 1325,
      "node-str": "expungeAction"
    },
    {
      "type": "insert-node",
      "node": {
        "label": "emptyAction",
        "type": "Field"
      },
      "location-after-char-start": 1328,
      "location-after-char-end": 1358,
      "node-str": "emptyAction"
    },
    {
      "type": "insert-node",
      "node": {
        "label": "compactAction",
        "type": "Field"
      },
      "location-after-char-start": 1361,
      "location-after-char-end": 1393,
      "node-str": "compactAction"
    },
    {
      "type": "insert-node",
      "node": {
        "label": "applyFilterAction",
        "type": "Field"
      },
      "location-after-char-start": 1396,
      "location-after-char-end": 1432,
      "node-str": "applyFilterAction"
    },
    {
      "type": "insert-node",
      "node": {
        "label": "filterPreferencesAction",
        "type": "Field"
      },
      "location-after-char-start": 1435,
      "location-after-char-end": 1477,
      "node-str": "filterPreferencesAction"
    },
    {
      "type": "insert-node",
      "node": {
        "label": "moveupAction",
        "type": "Field"
      },
      "location-after-char-start": 1480,
      "location-after-char-end": 1511,
      "node-str": "moveupAction"
    },
    {
      "type": "insert-node",
      "node": {
        "label": "movedownAction",
        "type": "Field"
      },
      "location-after-char-start": 1514,
      "location-after-char-end": 1547,
      "node-str": "movedownAction"
    },
    {
      "type": "insert-node",
      "node": {
        "label": "subscribeAction",
        "type": "Field"
      },
      "location-after-char-start": 1550,
      "location-after-char-end": 1584,
      "node-str": "subscribeAction"
    },
    {
      "type": "insert-node",
      "node": {
        "label": "unsubscribeAction",
        "type": "Field"
      },
      "location-after-char-start": 1587,
      "location-after-char-end": 1623,
      "node-str": "unsubscribeAction"
    },
    {
      "type": "insert-node",
      "node": {
        "label": "treeController",
        "type": "Field"
      },
      "location-after-char-start": 1627,
      "location-after-char-end": 1664,
      "node-str": "treeController"
    },
    {
      "type": "insert-node",
      "node": {
        "label": "actionPerformed",
        "type": "Method"
      },
      "location-after-char-start": 8118,
      "location-after-char-end": 14671,
      "node-str": "actionPerformed"
    },
    {
      "type": "insert-node",
      "node": {
        "label": "org.columba.mail.gui.action.BasicAction",
        "type": "VARIABLE_TYPE"
      },
      "location-after-char-start": 0,
      "location-after-char-end": 0,
      "node-str": "org.columba.mail.gui.action.BasicAction"
    },
    {
      "type": "insert-node",
      "node": {
        "label": "public",
        "type": "Modifier"
      },
      "location-after-char-start": 0,
      "location-after-char-end": 0,
      "node-str": "public"
    },
    {
      "type": "insert-node",
      "node": {
        "label": "org.columba.mail.gui.action.BasicAction",
        "type": "VARIABLE_TYPE"
      },
      "location-after-char-start": 0,
      "location-after-char-end": 0,
      "node-str": "org.columba.mail.gui.action.BasicAction"
    },
    {
      "type": "insert-node",
      "node": {
        "label": "public",
        "type": "Modifier"
      },
      "location-after-char-start": 0,
      "location-after-char-end": 0,
      "node-str": "public"
    },
    {
      "type": "insert-node",
      "node": {
        "label": "org.columba.mail.gui.action.BasicAction",
        "type": "VARIABLE_TYPE"
      },
      "location-after-char-start": 0,
      "location-after-char-end": 0,
      "node-str": "org.columba.mail.gui.action.BasicAction"
    },
    {
      "type": "insert-node",
      "node": {
        "label": "public",
        "type": "Modifier"
      },
      "location-after-char-start": 0,
      "location-after-char-end": 0,
      "node-str": "public"
    },
    {
      "type": "insert-node",
      "node": {
        "label": "org.columba.mail.gui.action.BasicAction",
        "type": "VARIABLE_TYPE"
      },
      "location-after-char-start": 0,
      "location-after-char-end": 0,
      "node-str": "org.columba.mail.gui.action.BasicAction"
    },
    {
      "type": "insert-node",
      "node": {
        "label": "public",
        "type": "Modifier"
      },
      "location-after-char-start": 0,
      "location-after-char-end": 0,
      "node-str": "public"
    },
    {
      "type": "insert-node",
      "node": {
        "label": "org.columba.mail.gui.action.BasicAction",
        "type": "VARIABLE_TYPE"
      },
      "location-after-char-start": 0,
      "location-after-char-end": 0,
      "node-str": "org.columba.mail.gui.action.BasicAction"
    },
    {
      "type": "insert-node",
      "node": {
        "label": "public",
        "type": "Modifier"
      },
      "location-after-char-start": 0,
      "location-after-char-end": 0,
      "node-str": "public"
    },
    {
      "type": "insert-node",
      "node": {
        "label": "org.columba.mail.gui.action.BasicAction",
        "type": "VARIABLE_TYPE"
      },
      "location-after-char-start": 0,
      "location-after-char-end": 0,
      "node-str": "org.columba.mail.gui.action.BasicAction"
    },
    {
      "type": "insert-node",
      "node": {
        "label": "public",
        "type": "Modifier"
      },
      "location-after-char-start": 0,
      "location-after-char-end": 0,
      "node-str": "public"
    },
    {
      "type": "insert-node",
      "node": {
        "label": "org.columba.mail.gui.action.BasicAction",
        "type": "VARIABLE_TYPE"
      },
      "location-after-char-start": 0,
      "location-after-char-end": 0,
      "node-str": "org.columba.mail.gui.action.BasicAction"
    },
    {
      "type": "insert-node",
      "node": {
        "label": "public",
        "type": "Modifier"
      },
      "location-after-char-start": 0,
      "location-after-char-end": 0,
      "node-str": "public"
    },
    {
      "type": "insert-node",
      "node": {
        "label": "org.columba.mail.gui.action.BasicAction",
        "type": "VARIABLE_TYPE"
      },
      "location-after-char-start": 0,
      "location-after-char-end": 0,
      "node-str": "org.columba.mail.gui.action.BasicAction"
    },
    {
      "type": "insert-node",
      "node": {
        "label": "public",
        "type": "Modifier"
      },
      "location-after-char-start": 0,
      "location-after-char-end": 0,
      "node-str": "public"
    },
    {
      "type": "insert-node",
      "node": {
        "label": "org.columba.mail.gui.action.BasicAction",
        "type": "VARIABLE_TYPE"
      },
      "location-after-char-start": 0,
      "location-after-char-end": 0,
      "node-str": "org.columba.mail.gui.action.BasicAction"
    },
    {
      "type": "insert-node",
      "node": {
        "label": "public",
        "type": "Modifier"
      },
      "location-after-char-start": 0,
      "location-after-char-end": 0,
      "node-str": "public"
    },
    {
      "type": "insert-node",
      "node": {
        "label": "org.columba.mail.gui.action.BasicAction",
        "type": "VARIABLE_TYPE"
      },
      "location-after-char-start": 0,
      "location-after-char-end": 0,
      "node-str": "org.columba.mail.gui.action.BasicAction"
    },
    {
      "type": "insert-node",
      "node": {
        "label": "public",
        "type": "Modifier"
      },
      "location-after-char-start": 0,
      "location-after-char-end": 0,
      "node-str": "public"
    },
    {
      "type": "insert-node",
      "node": {
        "label": "org.columba.mail.gui.action.BasicAction",
        "type": "VARIABLE_TYPE"
      },
      "location-after-char-start": 0,
      "location-after-char-end": 0,
      "node-str": "org.columba.mail.gui.action.BasicAction"
    },
    {
      "type": "insert-node",
      "node": {
        "label": "public",
        "type": "Modifier"
      },
      "location-after-char-start": 0,
      "location-after-char-end": 0,
      "node-str": "public"
    },
    {
      "type": "insert-node",
      "node": {
        "label": "org.columba.mail.gui.action.BasicAction",
        "type": "VARIABLE_TYPE"
      },
      "location-after-char-start": 0,
      "location-after-char-end": 0,
      "node-str": "org.columba.mail.gui.action.BasicAction"
    },
    {
      "type": "insert-node",
      "node": {
        "label": "public",
        "type": "Modifier"
      },
      "location-after-char-start": 0,
      "location-after-char-end": 0,
      "node-str": "public"
    },
    {
      "type": "insert-node",
      "node": {
        "label": "org.columba.mail.gui.action.BasicAction",
        "type": "VARIABLE_TYPE"
      },
      "location-after-char-start": 0,
      "location-after-char-end": 0,
      "node-str": "org.columba.mail.gui.action.BasicAction"
    },
    {
      "type": "insert-node",
      "node": {
        "label": "public",
        "type": "Modifier"
      },
      "location-after-char-start": 0,
      "location-after-char-end": 0,
      "node-str": "public"
    },
    {
      "type": "insert-node",
      "node": {
        "label": "org.columba.mail.gui.tree.TreeController",
        "type": "VARIABLE_TYPE"
      },
      "location-after-char-start": 0,
      "location-after-char-end": 0,
      "node-str": "org.columba.mail.gui.tree.TreeController"
    },
    {
      "type": "insert-node",
      "node": {
        "label": "void",
        "type": "RETURN_TYPE"
      },
      "location-after-char-start": 0,
      "location-after-char-end": 0,
      "node-str": "void"
    },
    {
      "type": "insert-node",
      "node": {
        "label": "public",
        "type": "Modifier"
      },
      "location-after-char-start": 0,
      "location-after-char-end": 0,
      "node-str": "public"
    },
    {
      "type": "insert-node",
      "node": {
        "label": "e",
        "type": "Parameter"
      },
      "location-after-char-start": 8146,
      "location-after-char-end": 8158,
      "node-str": "e"
    },
    {
      "type": "insert-node",
      "node": {
        "label": "command",
        "type": "LocalVariable"
      },
      "location-after-char-start": 8166,
      "location-after-char-end": 8203,
      "node-str": "command"
    },
    {
      "type": "insert-node",
      "node": {
        "label": "if",
        "type": "If"
      },
      "location-after-char-start": 8208,
      "location-after-char-end": 14667,
      "node-str": "if"
    },
    {
      "type": "insert-node",
      "node": {
        "label": "java.awt.event.ActionEvent",
        "type": "VARIABLE_TYPE"
      },
      "location-after-char-start": 0,
      "location-after-char-end": 0,
      "node-str": "java.awt.event.ActionEvent"
    },
    {
      "type": "insert-node",
      "node": {
        "label": "java.lang.String",
        "type": "VARIABLE_TYPE"
      },
      "location-after-char-start": 0,
      "location-after-char-end": 0,
      "node-str": "java.lang.String"
    },
    {
      "type": "insert-node",
      "node": {
        "label": "getActionCommand",
        "type": "Invocation"
      },
      "location-after-char-start": 8183,
      "location-after-char-end": 8202,
      "node-str": "getActionCommand"
    },
    {
      "type": "insert-node",
      "node": {
        "label": "equals",
        "type": "Invocation"
      },
      "location-after-char-start": 8212,
      "location-after-char-end": 8245,
      "node-str": "equals"
    },
    {
      "type": "move-subtree",
      "node": {
        "label": "THEN",
        "type": "then"
      },
      "location-before-char-start": 8248,
      "location-before-char-end": 8850,
      "location-after-char-start": 8248,
      "location-after-char-end": 8850,
      "node-str": "THEN"
    },
    {
      "type": "insert-node",
      "node": {
        "label": "ELSE",
        "type": "else"
      },
      "location-after-char-start": 8857,
      "location-after-char-end": 14667,
      "node-str": "ELSE"
    },
    {
      "type": "insert-node",
      "node": {
        "label": "e",
        "type": "VariableRead"
      },
      "location-after-char-start": 8183,
      "location-after-char-end": 8183,
      "node-str": "e"
    },
    {
      "type": "insert-node",
      "node": {
        "label": "command",
        "type": "VariableRead"
      },
      "location-after-char-start": 8212,
      "location-after-char-end": 8218,
      "node-str": "command"
    },
    {
      "type": "insert-node",
      "node": {
        "label": "\"CREATE_SUBFOLDER\"",
        "type": "Literal"
      },
      "location-after-char-start": 8227,
      "location-after-char-end": 8244,
      "node-str": "\"CREATE_SUBFOLDER\""
    },
    {
      "type": "insert-node",
      "node": {
        "label": "if",
        "type": "If"
      },
      "location-after-char-start": 8857,
      "location-after-char-end": 14667,
      "node-str": "if"
    },
    {
      "type": "insert-node",
      "node": {
        "label": "equals",
        "type": "Invocation"
      },
      "location-after-char-start": 8861,
      "location-after-char-end": 8902,
      "node-str": "equals"
    },
    {
      "type": "insert-node",
      "node": {
        "label": "THEN",
        "type": "then"
      },
      "location-after-char-start": 8905,
      "location-after-char-end": 9432,
      "node-str": "THEN"
    },
    {
      "type": "insert-node",
      "node": {
        "label": "ELSE",
        "type": "else"
      },
      "location-after-char-start": 9439,
      "location-after-char-end": 14667,
      "node-str": "ELSE"
    },
    {
      "type": "insert-node",
      "node": {
        "label": "command",
        "type": "VariableRead"
      },
      "location-after-char-start": 8861,
      "location-after-char-end": 8867,
      "node-str": "command"
    },
    {
      "type": "insert-node",
      "node": {
        "label": "\"CREATE_VIRTUAL_SUBFOLDER\"",
        "type": "Literal"
      },
      "location-after-char-start": 8876,
      "location-after-char-end": 8901,
      "node-str": "\"CREATE_VIRTUAL_SUBFOLDER\""
    },
    {
      "type": "insert-node",
      "node": {
        "label": "if",
        "type": "If"
      },
      "location-after-char-start": 9439,
      "location-after-char-end": 14667,
      "node-str": "if"
    },
    {
      "type": "insert-node",
      "node": {
        "label": "equals",
        "type": "Invocation"
      },
      "location-after-char-start": 9443,
      "location-after-char-end": 9473,
      "node-str": "equals"
    },
    {
      "type": "move-subtree",
      "node": {
        "label": "THEN",
        "type": "then"
      },
      "location-before-char-start": 9476,
      "location-before-char-end": 10076,
      "location-after-char-start": 9476,
      "location-after-char-end": 10076,
      "node-str": "THEN"
    },
    {
      "type": "insert-node",
      "node": {
        "label": "ELSE",
        "type": "else"
      },
      "location-after-char-start": 10083,
      "location-after-char-end": 14667,
      "node-str": "ELSE"
    },
    {
      "type": "insert-node",
      "node": {
        "label": "command",
        "type": "VariableRead"
      },
      "location-after-char-start": 9443,
      "location-after-char-end": 9449,
      "node-str": "command"
    },
    {
      "type": "insert-node",
      "node": {
        "label": "\"RENAME_FOLDER\"",
        "type": "Literal"
      },
      "location-after-char-start": 9458,
      "location-after-char-end": 9472,
      "node-str": "\"RENAME_FOLDER\""
    },
    {
      "type": "insert-node",
      "node": {
        "label": "if",
        "type": "If"
      },
      "location-after-char-start": 10083,
      "location-after-char-end": 14667,
      "node-str": "if"
    },
    {
      "type": "insert-node",
      "node": {
        "label": "equals",
        "type": "Invocation"
      },
      "location-after-char-start": 10087,
      "location-after-char-end": 10115,
      "node-str": "equals"
    },
    {
      "type": "move-subtree",
      "node": {
        "label": "THEN",
        "type": "then"
      },
      "location-before-char-start": 10118,
      "location-before-char-end": 10710,
      "location-after-char-start": 10118,
      "location-after-char-end": 10710,
      "node-str": "THEN"
    },
    {
      "type": "insert-node",
      "node": {
        "label": "ELSE",
        "type": "else"
      },
      "location-after-char-start": 10717,
      "location-after-char-end": 14667,
      "node-str": "ELSE"
    },
    {
      "type": "insert-node",
      "node": {
        "label": "command",
        "type": "VariableRead"
      },
      "location-after-char-start": 10087,
      "location-after-char-end": 10093,
      "node-str": "command"
    },
    {
      "type": "insert-node",
      "node": {
        "label": "\"APPLYFILTER\"",
        "type": "Literal"
      },
      "location-after-char-start": 10102,
      "location-after-char-end": 10114,
      "node-str": "\"APPLYFILTER\""
    },
    {
      "type": "insert-node",
      "node": {
        "label": "if",
        "type": "If"
      },
      "location-after-char-start": 10717,
      "location-after-char-end": 14667,
      "node-str": "if"
    },
    {
      "type": "insert-node",
      "node": {
        "label": "equals",
        "type": "Invocation"
      },
      "location-after-char-start": 10721,
      "location-after-char-end": 10751,
      "node-str": "equals"
    },
    {
      "type": "move-subtree",
      "node": {
        "label": "THEN",
        "type": "then"
      },
      "location-before-char-start": 10754,
      "location-before-char-end": 11908,
      "location-after-char-start": 10754,
      "location-after-char-end": 11908,
      "node-str": "THEN"
    },
    {
      "type": "insert-node",
      "node": {
        "label": "ELSE",
        "type": "else"
      },
      "location-after-char-start": 11915,
      "location-after-char-end": 14667,
      "node-str": "ELSE"
    },
    {
      "type": "insert-node",
      "node": {
        "label": "command",
        "type": "VariableRead"
      },
      "location-after-char-start": 10721,
      "location-after-char-end": 10727,
      "node-str": "command"
    },
    {
      "type": "insert-node",
      "node": {
        "label": "\"REMOVE_FOLDER\"",
        "type": "Literal"
      },
      "location-after-char-start": 10736,
      "location-after-char-end": 10750,
      "node-str": "\"REMOVE_FOLDER\""
    },
    {
      "type": "insert-node",
      "node": {
        "label": "if",
        "type": "If"
      },
      "location-after-char-start": 11915,
      "location-after-char-end": 14667,
      "node-str": "if"
    },
    {
      "type": "insert-node",
      "node": {
        "label": "equals",
        "type": "Invocation"
      },
      "location-after-char-start": 11919,
      "location-after-char-end": 11954,
      "node-str": "equals"
    },
    {
      "type": "insert-node",
      "node": {
        "label": "THEN",
        "type": "then"
      },
      "location-after-char-start": 11957,
      "location-after-char-end": 12968,
      "node-str": "THEN"
    },
    {
      "type": "move-subtree",
      "node": {
        "label": "ELSE",
        "type": "else"
      },
      "location-before-char-start": 12766,
      "location-before-char-end": 14458,
      "location-after-char-start": 12975,
      "location-after-char-end": 14667,
      "node-str": "ELSE"
    },
    {
      "type": "insert-node",
      "node": {
        "label": "command",
        "type": "VariableRead"
      },
      "location-after-char-start": 11919,
      "location-after-char-end": 11925,
      "node-str": "command"
    },
    {
      "type": "insert-node",
      "node": {
        "label": "\"FILTER_PREFERENCES\"",
        "type": "Literal"
      },
      "location-after-char-start": 11934,
      "location-after-char-end": 11953,
      "node-str": "\"FILTER_PREFERENCES\""
    },
    {
      "type": "insert-node",
      "node": {
        "label": "println",
        "type": "Invocation"
      },
      "location-after-char-start": 11962,
      "location-after-char-end": 12002,
      "node-str": "println"
    },
    {
      "type": "move-subtree",
      "node": {
        "label": "r",
        "type": "LocalVariable"
      },
      "location-before-char-start": 12008,
      "location-before-char-end": 12135,
      "location-after-char-start": 12008,
      "location-after-char-end": 12135,
      "node-str": "r"
    },
    {
      "type": "move-subtree",
      "node": {
        "label": "folder",
        "type": "LocalVariable"
      },
      "location-before-char-start": 12140,
      "location-before-char-end": 12181,
      "location-after-char-start": 12140,
      "location-after-char-end": 12181,
      "node-str": "folder"
    },
    {
      "type": "move-subtree",
      "node": {
        "label": "if",
        "type": "If"
      },
      "location-before-char-start": 12187,
      "location-before-char-end": 12217,
      "location-after-char-start": 12187,
      "location-after-char-end": 12217,
      "node-str": "if"
    },
    {
      "type": "insert-node",
      "node": {
        "label": "item",
        "type": "LocalVariable"
      },
      "location-after-char-start": 12223,
      "location-after-char-end": 12263,
      "node-str": "item"
    },
    {
      "type": "move-subtree",
      "node": {
        "label": "if",
        "type": "If"
      },
      "location-before-char-start": 12268,
      "location-before-char-end": 12296,
      "location-after-char-start": 12268,
      "location-after-char-end": 12296,
      "node-str": "if"
    },
    {
      "type": "insert-node",
      "node": {
        "label": "filterList",
        "type": "LocalVariable"
      },
      "location-after-char-start": 12302,
      "location-after-char-end": 12348,
      "node-str": "filterList"
    },
    {
      "type": "insert-node",
      "node": {
        "label": "dialog",
        "type": "LocalVariable"
      },
      "location-after-char-start": 12358,
      "location-after-char-end": 12494,
      "node-str": "dialog"
    },
    {
      "type": "insert-node",
      "node": {
        "label": "out",
        "type": "FieldRead"
      },
      "location-after-char-start": 11962,
      "location-after-char-end": 11971,
      "node-str": "out"
    },
    {
      "type": "insert-node",
      "node": {
        "label": "\"filter preferences\"",
        "type": "Literal"
      },
      "location-after-char-start": 11981,
      "location-after-char-end": 12000,
      "node-str": "\"filter preferences\""
    },
    {
      "type": "insert-node",
      "node": {
        "label": "org.columba.mail.config.FolderItem",
        "type": "VARIABLE_TYPE"
      },
      "location-after-char-start": 0,
      "location-after-char-end": 0,
      "node-str": "org.columba.mail.config.FolderItem"
    },
    {
      "type": "insert-node",
      "node": {
        "label": "getFolderItem",
        "type": "Invocation"
      },
      "location-after-char-start": 12241,
      "location-after-char-end": 12262,
      "node-str": "getFolderItem"
    },
    {
      "type": "insert-node",
      "node": {
        "label": "org.columba.mail.filter.FilterList",
        "type": "VARIABLE_TYPE"
      },
      "location-after-char-start": 0,
      "location-after-char-end": 0,
      "node-str": "org.columba.mail.filter.FilterList"
    },
    {
      "type": "insert-node",
      "node": {
        "label": "getFilterList",
        "type": "Invocation"
      },
      "location-after-char-start": 12326,
      "location-after-char-end": 12347,
      "node-str": "getFilterList"
    },
    {
      "type": "insert-node",
      "node": {
        "label": "org.columba.mail.gui.config.filter.ConfigFrame",
        "type": "VARIABLE_TYPE"
      },
      "location-after-char-start": 0,
      "location-after-char-end": 0,
      "node-str": "org.columba.mail.gui.config.filter.ConfigFrame"
    },
    {
      "type": "insert-node",
      "node": {
        "label": "java.lang.Object()",
        "type": "ConstructorCall"
      },
      "location-after-char-start": 12422,
      "location-after-char-end": 12493,
      "node-str": "java.lang.Object()"
    },
    {
      "type": "insert-node",
      "node": {
        "label": "java.lang.System",
        "type": "TypeAccess"
      },
      "location-after-char-start": 11962,
      "location-after-char-end": 11967,
      "node-str": "java.lang.System"
    },
    {
      "type": "insert-node",
      "node": {
        "label": "folder",
        "type": "VariableRead"
      },
      "location-after-char-start": 12241,
      "location-after-char-end": 12246,
      "node-str": "folder"
    },
    {
      "type": "insert-node",
      "node": {
        "label": "folder",
        "type": "VariableRead"
      },
      "location-after-char-start": 12326,
      "location-after-char-end": 12331,
      "node-str": "folder"
    },
    {
      "type": "insert-node",
      "node": {
        "label": "filterList",
        "type": "VariableRead"
      },
      "location-after-char-start": 12483,
      "location-after-char-end": 12492,
      "node-str": "filterList"
    },
    {
      "type": "delete-node",
      "node": {
        "label": "public",
        "type": "Modifier"
      },
      "location-before-char-start": 0,
      "location-before-char-end": 0,
      "node-str": "public"
    },
    {
      "type": "delete-node",
      "node": {
        "label": "org.columba.mail.gui.action.BasicAction",
        "type": "VARIABLE_TYPE"
      },
      "location-before-char-start": 0,
      "location-before-char-end": 0,
      "node-str": "org.columba.mail.gui.action.BasicAction"
    },
    {
      "type": "delete-node",
      "node": {
        "label": "public",
        "type": "Modifier"
      },
      "location-before-char-start": 0,
      "location-before-char-end": 0,
      "node-str": "public"
    },
    {
      "type": "delete-node",
      "node": {
        "label": "addAction",
        "type": "Field"
      },
      "location-before-char-start": 1156,
      "location-before-char-end": 1184,
      "node-str": "addAction"
    },
    {
      "type": "delete-node",
      "node": {
        "label": "org.columba.mail.gui.action.BasicAction",
        "type": "VARIABLE_TYPE"
      },
      "location-before-char-start": 0,
      "location-before-char-end": 0,
      "node-str": "org.columba.mail.gui.action.BasicAction"
    },
    {
      "type": "delete-node",
      "node": {
        "label": "public",
        "type": "Modifier"
      },
      "location-before-char-start": 0,
      "location-before-char-end": 0,
      "node-str": "public"
    },
    {
      "type": "delete-node",
      "node": {
        "label": "addVirtualAction",
        "type": "Field"
      },
      "location-before-char-start": 1187,
      "location-before-char-end": 1222,
      "node-str": "addVirtualAction"
    },
    {
      "type": "delete-node",
      "node": {
        "label": "org.columba.mail.gui.action.BasicAction",
        "type": "VARIABLE_TYPE"
      },
      "location-before-char-start": 0,
      "location-before-char-end": 0,
      "node-str": "org.columba.mail.gui.action.BasicAction"
    },
    {
      "type": "delete-node",
      "node": {
        "label": "public",
        "type": "Modifier"
      },
      "location-before-char-start": 0,
      "location-before-char-end": 0,
      "node-str": "public"
    },
    {
      "type": "delete-node",
      "node": {
        "label": "removeAction",
        "type": "Field"
      },
      "location-before-char-start": 1225,
      "location-before-char-end": 1256,
      "node-str": "removeAction"
    },
    {
      "type": "delete-node",
      "node": {
        "label": "org.columba.mail.gui.action.BasicAction",
        "type": "VARIABLE_TYPE"
      },
      "location-before-char-start": 0,
      "location-before-char-end": 0,
      "node-str": "org.columba.mail.gui.action.BasicAction"
    },
    {
      "type": "delete-node",
      "node": {
        "label": "public",
        "type": "Modifier"
      },
      "location-before-char-start": 0,
      "location-before-char-end": 0,
      "node-str": "public"
    },
    {
      "type": "delete-node",
      "node": {
        "label": "renameAction",
        "type": "Field"
      },
      "location-before-char-start": 1259,
      "location-before-char-end": 1290,
      "node-str": "renameAction"
    },
    {
      "type": "delete-node",
      "node": {
        "label": "org.columba.mail.gui.action.BasicAction",
        "type": "VARIABLE_TYPE"
      },
      "location-before-char-start": 0,
      "location-before-char-end": 0,
      "node-str": "org.columba.mail.gui.action.BasicAction"
    },
    {
      "type": "delete-node",
      "node": {
        "label": "public",
        "type": "Modifier"
      },
      "location-before-char-start": 0,
      "location-before-char-end": 0,
      "node-str": "public"
    },
    {
      "type": "delete-node",
      "node": {
        "label": "expungeAction",
        "type": "Field"
      },
      "location-before-char-start": 1293,
      "location-before-char-end": 1325,
      "node-str": "expungeAction"
    },
    {
      "type": "delete-node",
      "node": {
        "label": "org.columba.mail.gui.action.BasicAction",
        "type": "VARIABLE_TYPE"
      },
      "location-before-char-start": 0,
      "location-before-char-end": 0,
      "node-str": "org.columba.mail.gui.action.BasicAction"
    },
    {
      "type": "delete-node",
      "node": {
        "label": "public",
        "type": "Modifier"
      },
      "location-before-char-start": 0,
      "location-before-char-end": 0,
      "node-str": "public"
    },
    {
      "type": "delete-node",
      "node": {
        "label": "emptyAction",
        "type": "Field"
      },
      "location-before-char-start": 1328,
      "location-before-char-end": 1358,
      "node-str": "emptyAction"
    },
    {
      "type": "delete-node",
      "node": {
        "label": "org.columba.mail.gui.action.BasicAction",
        "type": "VARIABLE_TYPE"
      },
      "location-before-char-start": 0,
      "location-before-char-end": 0,
      "node-str": "org.columba.mail.gui.action.BasicAction"
    },
    {
      "type": "delete-node",
      "node": {
        "label": "public",
        "type": "Modifier"
      },
      "location-before-char-start": 0,
      "location-before-char-end": 0,
      "node-str": "public"
    },
    {
      "type": "delete-node",
      "node": {
        "label": "compactAction",
        "type": "Field"
      },
      "location-before-char-start": 1361,
      "location-before-char-end": 1393,
      "node-str": "compactAction"
    },
    {
      "type": "delete-node",
      "node": {
        "label": "org.columba.mail.gui.action.BasicAction",
        "type": "VARIABLE_TYPE"
      },
      "location-before-char-start": 0,
      "location-before-char-end": 0,
      "node-str": "org.columba.mail.gui.action.BasicAction"
    },
    {
      "type": "delete-node",
      "node": {
        "label": "public",
        "type": "Modifier"
      },
      "location-before-char-start": 0,
      "location-before-char-end": 0,
      "node-str": "public"
    },
    {
      "type": "delete-node",
      "node": {
        "label": "applyFilterAction",
        "type": "Field"
      },
      "location-before-char-start": 1396,
      "location-before-char-end": 1432,
      "node-str": "applyFilterAction"
    },
    {
      "type": "delete-node",
      "node": {
        "label": "org.columba.mail.gui.action.BasicAction",
        "type": "VARIABLE_TYPE"
      },
      "location-before-char-start": 0,
      "location-before-char-end": 0,
      "node-str": "org.columba.mail.gui.action.BasicAction"
    },
    {
      "type": "delete-node",
      "node": {
        "label": "public",
        "type": "Modifier"
      },
      "location-before-char-start": 0,
      "location-before-char-end": 0,
      "node-str": "public"
    },
    {
      "type": "delete-node",
      "node": {
        "label": "filterPreferencesAction",
        "type": "Field"
      },
      "location-before-char-start": 1435,
      "location-before-char-end": 1477,
      "node-str": "filterPreferencesAction"
    },
    {
      "type": "delete-node",
      "node": {
        "label": "org.columba.mail.gui.action.BasicAction",
        "type": "VARIABLE_TYPE"
      },
      "location-before-char-start": 0,
      "location-before-char-end": 0,
      "node-str": "org.columba.mail.gui.action.BasicAction"
    },
    {
      "type": "delete-node",
      "node": {
        "label": "public",
        "type": "Modifier"
      },
      "location-before-char-start": 0,
      "location-before-char-end": 0,
      "node-str": "public"
    },
    {
      "type": "delete-node",
      "node": {
        "label": "moveupAction",
        "type": "Field"
      },
      "location-before-char-start": 1480,
      "location-before-char-end": 1511,
      "node-str": "moveupAction"
    },
    {
      "type": "delete-node",
      "node": {
        "label": "org.columba.mail.gui.action.BasicAction",
        "type": "VARIABLE_TYPE"
      },
      "location-before-char-start": 0,
      "location-before-char-end": 0,
      "node-str": "org.columba.mail.gui.action.BasicAction"
    },
    {
      "type": "delete-node",
      "node": {
        "label": "public",
        "type": "Modifier"
      },
      "location-before-char-start": 0,
      "location-before-char-end": 0,
      "node-str": "public"
    },
    {
      "type": "delete-node",
      "node": {
        "label": "movedownAction",
        "type": "Field"
      },
      "location-before-char-start": 1514,
      "location-before-char-end": 1547,
      "node-str": "movedownAction"
    },
    {
      "type": "delete-node",
      "node": {
        "label": "org.columba.mail.gui.action.BasicAction",
        "type": "VARIABLE_TYPE"
      },
      "location-before-char-start": 0,
      "location-before-char-end": 0,
      "node-str": "org.columba.mail.gui.action.BasicAction"
    },
    {
      "type": "delete-node",
      "node": {
        "label": "public",
        "type": "Modifier"
      },
      "location-before-char-start": 0,
      "location-before-char-end": 0,
      "node-str": "public"
    },
    {
      "type": "delete-node",
      "node": {
        "label": "subscribeAction",
        "type": "Field"
      },
      "location-before-char-start": 1550,
      "location-before-char-end": 1584,
      "node-str": "subscribeAction"
    },
    {
      "type": "delete-node",
      "node": {
        "label": "org.columba.mail.gui.action.BasicAction",
        "type": "VARIABLE_TYPE"
      },
      "location-before-char-start": 0,
      "location-before-char-end": 0,
      "node-str": "org.columba.mail.gui.action.BasicAction"
    },
    {
      "type": "delete-node",
      "node": {
        "label": "public",
        "type": "Modifier"
      },
      "location-before-char-start": 0,
      "location-before-char-end": 0,
      "node-str": "public"
    },
    {
      "type": "delete-node",
      "node": {
        "label": "unsubscribeAction",
        "type": "Field"
      },
      "location-before-char-start": 1587,
      "location-before-char-end": 1623,
      "node-str": "unsubscribeAction"
    },
    {
      "type": "delete-node",
      "node": {
        "label": "org.columba.mail.gui.tree.TreeController",
        "type": "VARIABLE_TYPE"
      },
      "location-before-char-start": 0,
      "location-before-char-end": 0,
      "node-str": "org.columba.mail.gui.tree.TreeController"
    },
    {
      "type": "delete-node",
      "node": {
        "label": "treeController",
        "type": "Field"
      },
      "location-before-char-start": 1627,
      "location-before-char-end": 1664,
      "node-str": "treeController"
    },
    {
      "type": "delete-node",
      "node": {
        "label": "void",
        "type": "RETURN_TYPE"
      },
      "location-before-char-start": 0,
      "location-before-char-end": 0,
      "node-str": "void"
    },
    {
      "type": "delete-node",
      "node": {
        "label": "public",
        "type": "Modifier"
      },
      "location-before-char-start": 0,
      "location-before-char-end": 0,
      "node-str": "public"
    },
    {
      "type": "delete-node",
      "node": {
        "label": "java.awt.event.ActionEvent",
        "type": "VARIABLE_TYPE"
      },
      "location-before-char-start": 0,
      "location-before-char-end": 0,
      "node-str": "java.awt.event.ActionEvent"
    },
    {
      "type": "delete-node",
      "node": {
        "label": "e",
        "type": "Parameter"
      },
      "location-before-char-start": 8146,
      "location-before-char-end": 8158,
      "node-str": "e"
    },
    {
      "type": "delete-node",
      "node": {
        "label": "java.lang.String",
        "type": "VARIABLE_TYPE"
      },
      "location-before-char-start": 0,
      "location-before-char-end": 0,
      "node-str": "java.lang.String"
    },
    {
      "type": "delete-node",
      "node": {
        "label": "e",
        "type": "VariableRead"
      },
      "location-before-char-start": 8183,
      "location-before-char-end": 8183,
      "node-str": "e"
    },
    {
      "type": "delete-node",
      "node": {
        "label": "getActionCommand",
        "type": "Invocation"
      },
      "location-before-char-start": 8183,
      "location-before-char-end": 8202,
      "node-str": "getActionCommand"
    },
    {
      "type": "delete-node",
      "node": {
        "label": "command",
        "type": "LocalVariable"
      },
      "location-before-char-start": 8166,
      "location-before-char-end": 8203,
      "node-str": "command"
    },
    {
      "type": "delete-node",
      "node": {
        "label": "command",
        "type": "VariableRead"
      },
      "location-before-char-start": 8212,
      "location-before-char-end": 8218,
      "node-str": "command"
    },
    {
      "type": "delete-node",
      "node": {
        "label": "\"CREATE_SUBFOLDER\"",
        "type": "Literal"
      },
      "location-before-char-start": 8227,
      "location-before-char-end": 8244,
      "node-str": "\"CREATE_SUBFOLDER\""
    },
    {
      "type": "delete-node",
      "node": {
        "label": "equals",
        "type": "Invocation"
      },
      "location-before-char-start": 8212,
      "location-before-char-end": 8245,
      "node-str": "equals"
    },
    {
      "type": "delete-node",
      "node": {
        "label": "command",
        "type": "VariableRead"
      },
      "location-before-char-start": 8861,
      "location-before-char-end": 8867,
      "node-str": "command"
    },
    {
      "type": "delete-node",
      "node": {
        "label": "\"CREATE_VIRTUAL_SUBFOLDER\"",
        "type": "Literal"
      },
      "location-before-char-start": 8876,
      "location-before-char-end": 8901,
      "node-str": "\"CREATE_VIRTUAL_SUBFOLDER\""
    },
    {
      "type": "delete-node",
      "node": {
        "label": "equals",
        "type": "Invocation"
      },
      "location-before-char-start": 8861,
      "location-before-char-end": 8902,
      "node-str": "equals"
    },
    {
      "type": "delete-node",
      "node": {
        "label": "THEN",
        "type": "then"
      },
      "location-before-char-start": 8905,
      "location-before-char-end": 9432,
      "node-str": "THEN"
    },
    {
      "type": "delete-node",
      "node": {
        "label": "command",
        "type": "VariableRead"
      },
      "location-before-char-start": 9443,
      "location-before-char-end": 9449,
      "node-str": "command"
    },
    {
      "type": "delete-node",
      "node": {
        "label": "\"RENAME_FOLDER\"",
        "type": "Literal"
      },
      "location-before-char-start": 9458,
      "location-before-char-end": 9472,
      "node-str": "\"RENAME_FOLDER\""
    },
    {
      "type": "delete-node",
      "node": {
        "label": "equals",
        "type": "Invocation"
      },
      "location-before-char-start": 9443,
      "location-before-char-end": 9473,
      "node-str": "equals"
    },
    {
      "type": "delete-node",
      "node": {
        "label": "command",
        "type": "VariableRead"
      },
      "location-before-char-start": 10087,
      "location-before-char-end": 10093,
      "node-str": "command"
    },
    {
      "type": "delete-node",
      "node": {
        "label": "\"APPLYFILTER\"",
        "type": "Literal"
      },
      "location-before-char-start": 10102,
      "location-before-char-end": 10114,
      "node-str": "\"APPLYFILTER\""
    },
    {
      "type": "delete-node",
      "node": {
        "label": "equals",
        "type": "Invocation"
      },
      "location-before-char-start": 10087,
      "location-before-char-end": 10115,
      "node-str": "equals"
    },
    {
      "type": "delete-node",
      "node": {
        "label": "command",
        "type": "VariableRead"
      },
      "location-before-char-start": 10721,
      "location-before-char-end": 10727,
      "node-str": "command"
    },
    {
      "type": "delete-node",
      "node": {
        "label": "\"REMOVE_FOLDER\"",
        "type": "Literal"
      },
      "location-before-char-start": 10736,
      "location-before-char-end": 10750,
      "node-str": "\"REMOVE_FOLDER\""
    },
    {
      "type": "delete-node",
      "node": {
        "label": "equals",
        "type": "Invocation"
      },
      "location-before-char-start": 10721,
      "location-before-char-end": 10751,
      "node-str": "equals"
    },
    {
      "type": "delete-node",
      "node": {
        "label": "command",
        "type": "VariableRead"
      },
      "location-before-char-start": 11919,
      "location-before-char-end": 11925,
      "node-str": "command"
    },
    {
      "type": "delete-node",
      "node": {
        "label": "\"FILTER_PREFERENCES\"",
        "type": "Literal"
      },
      "location-before-char-start": 11934,
      "location-before-char-end": 11953,
      "node-str": "\"FILTER_PREFERENCES\""
    },
    {
      "type": "delete-node",
      "node": {
        "label": "equals",
        "type": "Invocation"
      },
      "location-before-char-start": 11919,
      "location-before-char-end": 11954,
      "node-str": "equals"
    },
    {
      "type": "delete-node",
      "node": {
        "label": "java.lang.System",
        "type": "TypeAccess"
      },
      "location-before-char-start": 11962,
      "location-before-char-end": 11967,
      "node-str": "java.lang.System"
    },
    {
      "type": "delete-node",
      "node": {
        "label": "out",
        "type": "FieldRead"
      },
      "location-before-char-start": 11962,
      "location-before-char-end": 11971,
      "node-str": "out"
    },
    {
      "type": "delete-node",
      "node": {
        "label": "\"filter preferences\"",
        "type": "Literal"
      },
      "location-before-char-start": 11981,
      "location-before-char-end": 12000,
      "node-str": "\"filter preferences\""
    },
    {
      "type": "delete-node",
      "node": {
        "label": "println",
        "type": "Invocation"
      },
      "location-before-char-start": 11962,
      "location-before-char-end": 12002,
      "node-str": "println"
    },
    {
      "type": "delete-node",
      "node": {
        "label": "org.columba.mail.config.FolderItem",
        "type": "VARIABLE_TYPE"
      },
      "location-before-char-start": 0,
      "location-before-char-end": 0,
      "node-str": "org.columba.mail.config.FolderItem"
    },
    {
      "type": "delete-node",
      "node": {
        "label": "folder",
        "type": "VariableRead"
      },
      "location-before-char-start": 12241,
      "location-before-char-end": 12246,
      "node-str": "folder"
    },
    {
      "type": "delete-node",
      "node": {
        "label": "getFolderItem",
        "type": "Invocation"
      },
      "location-before-char-start": 12241,
      "location-before-char-end": 12262,
      "node-str": "getFolderItem"
    },
    {
      "type": "delete-node",
      "node": {
        "label": "item",
        "type": "LocalVariable"
      },
      "location-before-char-start": 12223,
      "location-before-char-end": 12263,
      "node-str": "item"
    },
    {
      "type": "delete-node",
      "node": {
        "label": "item",
        "type": "VariableRead"
      },
      "location-before-char-start": 12307,
      "location-before-char-end": 12310,
      "node-str": "item"
    },
    {
      "type": "delete-node",
      "node": {
        "label": "getType",
        "type": "Invocation"
      },
      "location-before-char-start": 12307,
      "location-before-char-end": 12320,
      "node-str": "getType"
    },
    {
      "type": "delete-node",
      "node": {
        "label": "\"columba\"",
        "type": "Literal"
      },
      "location-before-char-start": 12329,
      "location-before-char-end": 12337,
      "node-str": "\"columba\""
    },
    {
      "type": "delete-node",
      "node": {
        "label": "equals",
        "type": "Invocation"
      },
      "location-before-char-start": 12306,
      "location-before-char-end": 12339,
      "node-str": "equals"
    },
    {
      "type": "delete-node",
      "node": {
        "label": "item",
        "type": "VariableRead"
      },
      "location-before-char-start": 12349,
      "location-before-char-end": 12352,
      "node-str": "item"
    },
    {
      "type": "delete-node",
      "node": {
        "label": "getType",
        "type": "Invocation"
      },
      "location-before-char-start": 12349,
      "location-before-char-end": 12362,
      "node-str": "getType"
    },
    {
      "type": "delete-node",
      "node": {
        "label": "\"imap\"",
        "type": "Literal"
      },
      "location-before-char-start": 12371,
      "location-before-char-end": 12376,
      "node-str": "\"imap\""
    },
    {
      "type": "delete-node",
      "node": {
        "label": "equals",
        "type": "Invocation"
      },
      "location-before-char-start": 12348,
      "location-before-char-end": 12378,
      "node-str": "equals"
    },
    {
      "type": "delete-node",
      "node": {
        "label": "OR",
        "type": "BinaryOperator"
      },
      "location-before-char-start": 12306,
      "location-before-char-end": 12378,
      "node-str": "OR"
    },
    {
      "type": "delete-node",
      "node": {
        "label": "org.columba.mail.filter.FilterList",
        "type": "VARIABLE_TYPE"
      },
      "location-before-char-start": 0,
      "location-before-char-end": 0,
      "node-str": "org.columba.mail.filter.FilterList"
    },
    {
      "type": "delete-node",
      "node": {
        "label": "folder",
        "type": "VariableRead"
      },
      "location-before-char-start": 12411,
      "location-before-char-end": 12416,
      "node-str": "folder"
    },
    {
      "type": "delete-node",
      "node": {
        "label": "getFilterList",
        "type": "Invocation"
      },
      "location-before-char-start": 12411,
      "location-before-char-end": 12432,
      "node-str": "getFilterList"
    },
    {
      "type": "delete-node",
      "node": {
        "label": "filterList",
        "type": "LocalVariable"
      },
      "location-before-char-start": 12387,
      "location-before-char-end": 12433,
      "node-str": "filterList"
    },
    {
      "type": "delete-node",
      "node": {
        "label": "org.columba.mail.gui.config.filter.ConfigFrame",
        "type": "VARIABLE_TYPE"
      },
      "location-before-char-start": 0,
      "location-before-char-end": 0,
      "node-str": "org.columba.mail.gui.config.filter.ConfigFrame"
    },
    {
      "type": "delete-node",
      "node": {
        "label": "filterList",
        "type": "VariableRead"
      },
      "location-before-char-start": 12559,
      "location-before-char-end": 12568,
      "node-str": "filterList"
    },
    {
      "type": "delete-node",
      "node": {
        "label": "java.lang.Object()",
        "type": "ConstructorCall"
      },
      "location-before-char-start": 12501,
      "location-before-char-end": 12569,
      "node-str": "java.lang.Object()"
    },
    {
      "type": "delete-node",
      "node": {
        "label": "dialog",
        "type": "LocalVariable"
      },
      "location-before-char-start": 12440,
      "location-before-char-end": 12570,
      "node-str": "dialog"
    },
    {
      "type": "delete-node",
      "node": {
        "label": "THEN",
        "type": "then"
      },
      "location-before-char-start": 12381,
      "location-before-char-end": 12575,
      "node-str": "THEN"
    },
    {
      "type": "delete-node",
      "node": {
        "label": "item",
        "type": "VariableRead"
      },
      "location-before-char-start": 12586,
      "location-before-char-end": 12589,
      "node-str": "item"
    },
    {
      "type": "delete-node",
      "node": {
        "label": "getType",
        "type": "Invocation"
      },
      "location-before-char-start": 12586,
      "location-before-char-end": 12599,
      "node-str": "getType"
    },
    {
      "type": "delete-node",
      "node": {
        "label": "\"virtual\"",
        "type": "Literal"
      },
      "location-before-char-start": 12608,
      "location-before-char-end": 12616,
      "node-str": "\"virtual\""
    },
    {
      "type": "delete-node",
      "node": {
        "label": "equals",
        "type": "Invocation"
      },
      "location-before-char-start": 12586,
      "location-before-char-end": 12617,
      "node-str": "equals"
    },
    {
      "type": "delete-node",
      "node": {
        "label": "org.columba.mail.gui.config.search.SearchFrame",
        "type": "VARIABLE_TYPE"
      },
      "location-before-char-start": 0,
      "location-before-char-end": 0,
      "node-str": "org.columba.mail.gui.config.search.SearchFrame"
    },
    {
      "type": "delete-node",
      "node": {
        "label": "folder",
        "type": "VariableRead"
      },
      "location-before-char-start": 12713,
      "location-before-char-end": 12718,
      "node-str": "folder"
    },
    {
      "type": "delete-node",
      "node": {
        "label": "java.lang.Object()",
        "type": "ConstructorCall"
      },
      "location-before-char-start": 12697,
      "location-before-char-end": 12719,
      "node-str": "java.lang.Object()"
    },
    {
      "type": "delete-node",
      "node": {
        "label": "dialog",
        "type": "LocalVariable"
      },
      "location-before-char-start": 12676,
      "location-before-char-end": 12720,
      "node-str": "dialog"
    },
    {
      "type": "delete-node",
      "node": {
        "label": "dialog",
        "type": "VariableRead"
      },
      "location-before-char-start": 12726,
      "location-before-char-end": 12731,
      "node-str": "dialog"
    },
    {
      "type": "delete-node",
      "node": {
        "label": "true",
        "type": "Literal"
      },
      "location-before-char-start": 12744,
      "location-before-char-end": 12747,
      "node-str": "true"
    },
    {
      "type": "delete-node",
      "node": {
        "label": "setVisible",
        "type": "Invocation"
      },
      "location-before-char-start": 12726,
      "location-before-char-end": 12749,
      "node-str": "setVisible"
    },
    {
      "type": "delete-node",
      "node": {
        "label": "THEN",
        "type": "then"
      },
      "location-before-char-start": 12620,
      "location-before-char-end": 12754,
      "node-str": "THEN"
    },
    {
      "type": "delete-node",
      "node": {
        "label": "if",
        "type": "If"
      },
      "location-before-char-start": 12582,
      "location-before-char-end": 12754,
      "node-str": "if"
    },
    {
      "type": "delete-node",
      "node": {
        "label": "ELSE",
        "type": "else"
      },
      "location-before-char-start": 12582,
      "location-before-char-end": 12754,
      "node-str": "ELSE"
    },
    {
      "type": "delete-node",
      "node": {
        "label": "if",
        "type": "If"
      },
      "location-before-char-start": 12302,
      "location-before-char-end": 12754,
      "node-str": "if"
    },
    {
      "type": "delete-node",
      "node": {
        "label": "THEN",
        "type": "then"
      },
      "location-before-char-start": 11957,
      "location-before-char-end": 12759,
      "node-str": "THEN"
    },
    {
      "type": "delete-node",
      "node": {
        "label": "if",
        "type": "If"
      },
      "location-before-char-start": 11915,
      "location-before-char-end": 14458,
      "node-str": "if"
    },
    {
      "type": "delete-node",
      "node": {
        "label": "ELSE",
        "type": "else"
      },
      "location-before-char-start": 11915,
      "location-before-char-end": 14458,
      "node-str": "ELSE"
    },
    {
      "type": "delete-node",
      "node": {
        "label": "if",
        "type": "If"
      },
      "location-before-char-start": 10717,
      "location-before-char-end": 14458,
      "node-str": "if"
    },
    {
      "type": "delete-node",
      "node": {
        "label": "ELSE",
        "type": "else"
      },
      "location-before-char-start": 10717,
      "location-before-char-end": 14458,
      "node-str": "ELSE"
    },
    {
      "type": "delete-node",
      "node": {
        "label": "if",
        "type": "If"
      },
      "location-before-char-start": 10083,
      "location-before-char-end": 14458,
      "node-str": "if"
    },
    {
      "type": "delete-node",
      "node": {
        "label": "ELSE",
        "type": "else"
      },
      "location-before-char-start": 10083,
      "location-before-char-end": 14458,
      "node-str": "ELSE"
    },
    {
      "type": "delete-node",
      "node": {
        "label": "if",
        "type": "If"
      },
      "location-before-char-start": 9439,
      "location-before-char-end": 14458,
      "node-str": "if"
    },
    {
      "type": "delete-node",
      "node": {
        "label": "ELSE",
        "type": "else"
      },
      "location-before-char-start": 9439,
      "location-before-char-end": 14458,
      "node-str": "ELSE"
    },
    {
      "type": "delete-node",
      "node": {
        "label": "if",
        "type": "If"
      },
      "location-before-char-start": 8857,
      "location-before-char-end": 14458,
      "node-str": "if"
    },
    {
      "type": "delete-node",
      "node": {
        "label": "ELSE",
        "type": "else"
      },
      "location-before-char-start": 8857,
      "location-before-char-end": 14458,
      "node-str": "ELSE"
    },
    {
      "type": "delete-node",
      "node": {
        "label": "if",
        "type": "If"
      },
      "location-before-char-start": 8208,
      "location-before-char-end": 14458,
      "node-str": "if"
    },
    {
      "type": "delete-node",
      "node": {
        "label": "actionPerformed",
        "type": "Method"
      },
      "location-before-char-start": 8118,
      "location-before-char-end": 14462,
      "node-str": "actionPerformed"
    }
  ],
  "before-file": {},
  "after-file": {},
  "mapping": {}
}