{
  "tool-info": {},
  "diff": [
    {
      "type": "insert-node",
      "node": {
        "label": "AttributeOption",
        "type": "Class"
      },
      "location-after-char-start": 2753,
      "location-after-char-end": 26705,
      "node-str": "AttributeOption"
    },
    {
      "type": "insert-node",
      "node": {
        "label": "public",
        "type": "Modifier"
      },
      "location-after-char-start": 0,
      "location-after-char-end": 0,
      "node-str": "public"
    },
    {
      "type": "insert-node",
      "node": {
        "label": "",
        "type": "TypeReference"
      },
      "location-after-char-start": 3465,
      "location-after-char-end": 3483,
      "node-str": ""
    },
    {
      "type": "move-subtree",
      "node": {
        "label": "STATUS__CLOSED__PK",
        "type": "Field"
      },
      "location-before-char-start": 3517,
      "location-before-char-end": 3581,
      "location-after-char-start": 3517,
      "location-after-char-end": 3581,
      "node-str": "STATUS__CLOSED__PK"
    },
    {
      "type": "move-subtree",
      "node": {
        "label": "CLASS_NAME",
        "type": "Field"
      },
      "location-before-char-start": 3588,
      "location-before-char-end": 3680,
      "location-after-char-start": 3588,
      "location-after-char-end": 3680,
      "node-str": "CLASS_NAME"
    },
    {
      "type": "insert-node",
      "node": {
        "label": "aAttribute",
        "type": "Field"
      },
      "location-after-char-start": 3687,
      "location-after-char-end": 3754,
      "node-str": "aAttribute"
    },
    {
      "type": "move-subtree",
      "node": {
        "label": "sortedParents",
        "type": "Field"
      },
      "location-before-char-start": 3778,
      "location-before-char-end": 3890,
      "location-after-char-start": 3778,
      "location-after-char-end": 3890,
      "node-str": "sortedParents"
    },
    {
      "type": "move-subtree",
      "node": {
        "label": "sortedChildren",
        "type": "Field"
      },
      "location-before-char-start": 3897,
      "location-before-char-end": 4011,
      "location-after-char-start": 3897,
      "location-after-char-end": 4011,
      "node-str": "sortedChildren"
    },
    {
      "type": "move-subtree",
      "node": {
        "label": "parentIds",
        "type": "Field"
      },
      "location-before-char-start": 4018,
      "location-before-char-end": 4101,
      "location-after-char-start": 4018,
      "location-after-char-end": 4101,
      "node-str": "parentIds"
    },
    {
      "type": "move-subtree",
      "node": {
        "label": "orderedTree",
        "type": "Field"
      },
      "location-before-char-start": 4108,
      "location-before-char-end": 4190,
      "location-after-char-start": 4108,
      "location-after-char-end": 4190,
      "node-str": "orderedTree"
    },
    {
      "type": "insert-node",
      "node": {
        "label": "\u003cinit\u003e",
        "type": "Constructor"
      },
      "location-after-char-start": 4197,
      "location-after-char-end": 4282,
      "node-str": "\u003cinit\u003e"
    },
    {
      "type": "move-subtree",
      "node": {
        "label": "getStatusClosedPK",
        "type": "Method"
      },
      "location-before-char-start": 4289,
      "location-before-char-end": 4376,
      "location-after-char-start": 4289,
      "location-after-char-end": 4376,
      "node-str": "getStatusClosedPK"
    },
    {
      "type": "move-subtree",
      "node": {
        "label": "getCacheKey",
        "type": "Method"
      },
      "location-before-char-start": 4383,
      "location-before-char-end": 4700,
      "location-after-char-start": 4383,
      "location-after-char-end": 4700,
      "node-str": "getCacheKey"
    },
    {
      "type": "move-subtree",
      "node": {
        "label": "COMPARATOR",
        "type": "Field"
      },
      "location-before-char-start": 4707,
      "location-before-char-end": 5355,
      "location-after-char-start": 4707,
      "location-after-char-end": 5355,
      "node-str": "COMPARATOR"
    },
    {
      "type": "move-subtree",
      "node": {
        "label": "getComparator",
        "type": "Method"
      },
      "location-before-char-start": 5362,
      "location-before-char-end": 5574,
      "location-after-char-start": 5362,
      "location-after-char-end": 5574,
      "node-str": "getComparator"
    },
    {
      "type": "move-subtree",
      "node": {
        "label": "getAttribute",
        "type": "Method"
      },
      "location-before-char-start": 5581,
      "location-before-char-end": 6023,
      "location-after-char-start": 5581,
      "location-after-char-end": 6023,
      "node-str": "getAttribute"
    },
    {
      "type": "move-subtree",
      "node": {
        "label": "setAttribute",
        "type": "Method"
      },
      "location-before-char-start": 6030,
      "location-before-char-end": 6225,
      "location-after-char-start": 6030,
      "location-after-char-end": 6225,
      "node-str": "setAttribute"
    },
    {
      "type": "move-subtree",
      "node": {
        "label": "getInstance",
        "type": "Method"
      },
      "location-before-char-start": 6232,
      "location-before-char-end": 6370,
      "location-after-char-start": 6232,
      "location-after-char-end": 6370,
      "node-str": "getInstance"
    },
    {
      "type": "move-subtree",
      "node": {
        "label": "getInstance",
        "type": "Method"
      },
      "location-before-char-start": 6377,
      "location-before-char-end": 6633,
      "location-after-char-start": 6377,
      "location-after-char-end": 6633,
      "node-str": "getInstance"
    },
    {
      "type": "insert-node",
      "node": {
        "label": "getInstance",
        "type": "Method"
      },
      "location-after-char-start": 6640,
      "location-after-char-end": 8885,
      "node-str": "getInstance"
    },
    {
      "type": "move-subtree",
      "node": {
        "label": "getAncestors",
        "type": "Method"
      },
      "location-before-char-start": 8879,
      "location-before-char-end": 9231,
      "location-after-char-start": 8896,
      "location-after-char-end": 9248,
      "node-str": "getAncestors"
    },
    {
      "type": "move-subtree",
      "node": {
        "label": "addAncestors",
        "type": "Method"
      },
      "location-before-char-start": 9238,
      "location-before-char-end": 9744,
      "location-after-char-start": 9255,
      "location-after-char-end": 9761,
      "node-str": "addAncestors"
    },
    {
      "type": "move-subtree",
      "node": {
        "label": "getDescendants",
        "type": "Method"
      },
      "location-before-char-start": 9751,
      "location-before-char-end": 10114,
      "location-after-char-start": 9768,
      "location-after-char-end": 10131,
      "node-str": "getDescendants"
    },
    {
      "type": "move-subtree",
      "node": {
        "label": "addDescendants",
        "type": "Method"
      },
      "location-before-char-start": 10121,
      "location-before-char-end": 10552,
      "location-after-char-start": 10138,
      "location-after-char-end": 10569,
      "node-str": "addDescendants"
    },
    {
      "type": "move-subtree",
      "node": {
        "label": "getChildren",
        "type": "Method"
      },
      "location-before-char-start": 10559,
      "location-before-char-end": 10852,
      "location-after-char-start": 10576,
      "location-after-char-end": 10869,
      "node-str": "getChildren"
    },
    {
      "type": "move-subtree",
      "node": {
        "label": "getParents",
        "type": "Method"
      },
      "location-before-char-start": 10859,
      "location-before-char-end": 11082,
      "location-after-char-start": 10876,
      "location-after-char-end": 11099,
      "node-str": "getParents"
    },
    {
      "type": "move-subtree",
      "node": {
        "label": "buildChildren",
        "type": "Method"
      },
      "location-before-char-start": 11089,
      "location-before-char-end": 11963,
      "location-after-char-start": 11106,
      "location-after-char-end": 11980,
      "node-str": "buildChildren"
    },
    {
      "type": "move-subtree",
      "node": {
        "label": "buildParents",
        "type": "Method"
      },
      "location-before-char-start": 11970,
      "location-before-char-end": 12833,
      "location-after-char-start": 11987,
      "location-after-char-end": 12850,
      "node-str": "buildParents"
    },
    {
      "type": "move-subtree",
      "node": {
        "label": "sortParents",
        "type": "Method"
      },
      "location-before-char-start": 12840,
      "location-before-char-end": 13030,
      "location-after-char-start": 12857,
      "location-after-char-end": 13047,
      "node-str": "sortParents"
    },
    {
      "type": "move-subtree",
      "node": {
        "label": "sortChildren",
        "type": "Method"
      },
      "location-before-char-start": 13037,
      "location-before-char-end": 13230,
      "location-after-char-start": 13054,
      "location-after-char-end": 13247,
      "node-str": "sortChildren"
    },
    {
      "type": "move-subtree",
      "node": {
        "label": "isChildOf",
        "type": "Method"
      },
      "location-before-char-start": 13237,
      "location-before-char-end": 13488,
      "location-after-char-start": 13254,
      "location-after-char-end": 13505,
      "node-str": "isChildOf"
    },
    {
      "type": "move-subtree",
      "node": {
        "label": "isParentOf",
        "type": "Method"
      },
      "location-before-char-start": 13495,
      "location-before-char-end": 13746,
      "location-after-char-start": 13512,
      "location-after-char-end": 13763,
      "node-str": "isParentOf"
    },
    {
      "type": "move-subtree",
      "node": {
        "label": "hasChildren",
        "type": "Method"
      },
      "location-before-char-start": 13757,
      "location-before-char-end": 13941,
      "location-after-char-start": 13774,
      "location-after-char-end": 13958,
      "node-str": "hasChildren"
    },
    {
      "type": "move-subtree",
      "node": {
        "label": "hasParents",
        "type": "Method"
      },
      "location-before-char-start": 13948,
      "location-before-char-end": 14129,
      "location-after-char-start": 13965,
      "location-after-char-end": 14146,
      "node-str": "hasParents"
    },
    {
      "type": "move-subtree",
      "node": {
        "label": "getParent",
        "type": "Method"
      },
      "location-before-char-start": 14136,
      "location-before-char-end": 14786,
      "location-after-char-start": 14153,
      "location-after-char-end": 14803,
      "node-str": "getParent"
    },
    {
      "type": "move-subtree",
      "node": {
        "label": "deleteModuleMappings",
        "type": "Method"
      },
      "location-before-char-start": 14793,
      "location-before-char-end": 15109,
      "location-after-char-start": 14810,
      "location-after-char-end": 15126,
      "node-str": "deleteModuleMappings"
    },
    {
      "type": "move-subtree",
      "node": {
        "label": "deleteIssueTypeMappings",
        "type": "Method"
      },
      "location-before-char-start": 15116,
      "location-before-char-end": 15432,
      "location-after-char-start": 15133,
      "location-after-char-end": 15449,
      "node-str": "deleteIssueTypeMappings"
    },
    {
      "type": "move-subtree",
      "node": {
        "label": "clearParentIds",
        "type": "Method"
      },
      "location-before-char-start": 15439,
      "location-before-char-end": 23977,
      "location-after-char-start": 15456,
      "location-after-char-end": 23994,
      "node-str": "clearParentIds"
    },
    {
      "type": "move-subtree",
      "node": {
        "label": "toString",
        "type": "Method"
      },
      "location-before-char-start": 23984,
      "location-before-char-end": 24321,
      "location-after-char-start": 24001,
      "location-after-char-end": 24338,
      "node-str": "toString"
    },
    {
      "type": "move-subtree",
      "node": {
        "label": "getIssueTypesWithMappings",
        "type": "Method"
      },
      "location-before-char-start": 24323,
      "location-before-char-end": 26039,
      "location-after-char-start": 24340,
      "location-after-char-end": 26056,
      "node-str": "getIssueTypesWithMappings"
    },
    {
      "type": "move-subtree",
      "node": {
        "label": "isSystemDefined",
        "type": "Method"
      },
      "location-before-char-start": 26047,
      "location-before-char-end": 26686,
      "location-after-char-start": 26064,
      "location-after-char-end": 26703,
      "node-str": "isSystemDefined"
    },
    {
      "type": "insert-node",
      "node": {
        "label": "org.tigris.scarab.om.BaseAttributeOption",
        "type": "SUPER_TYPE"
      },
      "location-after-char-start": 0,
      "location-after-char-end": 0,
      "node-str": "org.tigris.scarab.om.BaseAttributeOption"
    },
    {
      "type": "insert-node",
      "node": {
        "label": "org.tigris.scarab.om.Attribute",
        "type": "VARIABLE_TYPE"
      },
      "location-after-char-start": 0,
      "location-after-char-end": 0,
      "node-str": "org.tigris.scarab.om.Attribute"
    },
    {
      "type": "insert-node",
      "node": {
        "label": "protected",
        "type": "Modifier"
      },
      "location-after-char-start": 0,
      "location-after-char-end": 0,
      "node-str": "protected"
    },
    {
      "type": "insert-node",
      "node": {
        "label": "org.tigris.scarab.om.AttributeOption",
        "type": "RETURN_TYPE"
      },
      "location-after-char-start": 0,
      "location-after-char-end": 0,
      "node-str": "org.tigris.scarab.om.AttributeOption"
    },
    {
      "type": "insert-node",
      "node": {
        "label": "java.lang.Exception",
        "type": "THROWS"
      },
      "location-after-char-start": 0,
      "location-after-char-end": 0,
      "node-str": "java.lang.Exception"
    },
    {
      "type": "insert-node",
      "node": {
        "label": "public",
        "type": "Modifier"
      },
      "location-after-char-start": 0,
      "location-after-char-end": 0,
      "node-str": "public"
    },
    {
      "type": "insert-node",
      "node": {
        "label": "static",
        "type": "Modifier"
      },
      "location-after-char-start": 0,
      "location-after-char-end": 0,
      "node-str": "static"
    },
    {
      "type": "insert-node",
      "node": {
        "label": "attribute",
        "type": "Parameter"
      },
      "location-after-char-start": 7188,
      "location-after-char-end": 7206,
      "node-str": "attribute"
    },
    {
      "type": "insert-node",
      "node": {
        "label": "name",
        "type": "Parameter"
      },
      "location-after-char-start": 7209,
      "location-after-char-end": 7219,
      "node-str": "name"
    },
    {
      "type": "insert-node",
      "node": {
        "label": "module",
        "type": "Parameter"
      },
      "location-after-char-start": 7268,
      "location-after-char-end": 7280,
      "node-str": "module"
    },
    {
      "type": "insert-node",
      "node": {
        "label": "issueType",
        "type": "Parameter"
      },
      "location-after-char-start": 7329,
      "location-after-char-end": 7347,
      "node-str": "issueType"
    },
    {
      "type": "move-subtree",
      "node": {
        "label": "ao",
        "type": "LocalVariable"
      },
      "location-before-char-start": 7389,
      "location-before-char-end": 7414,
      "location-after-char-start": 7389,
      "location-after-char-end": 7414,
      "node-str": "ao"
    },
    {
      "type": "insert-node",
      "node": {
        "label": "crit",
        "type": "LocalVariable"
      },
      "location-after-char-start": 7424,
      "location-after-char-end": 7437,
      "node-str": "crit"
    },
    {
      "type": "insert-node",
      "node": {
        "label": "if",
        "type": "If"
      },
      "location-after-char-start": 7598,
      "location-after-char-end": 8429,
      "node-str": "if"
    },
    {
      "type": "move-subtree",
      "node": {
        "label": "if",
        "type": "If"
      },
      "location-before-char-start": 8423,
      "location-before-char-end": 8843,
      "location-after-char-start": 8440,
      "location-after-char-end": 8860,
      "node-str": "if"
    },
    {
      "type": "insert-node",
      "node": {
        "label": "return",
        "type": "Return"
      },
      "location-after-char-start": 8870,
      "location-after-char-end": 8879,
      "node-str": "return"
    },
    {
      "type": "insert-node",
      "node": {
        "label": "org.tigris.scarab.om.Attribute",
        "type": "VARIABLE_TYPE"
      },
      "location-after-char-start": 0,
      "location-after-char-end": 0,
      "node-str": "org.tigris.scarab.om.Attribute"
    },
    {
      "type": "insert-node",
      "node": {
        "label": "java.lang.String",
        "type": "VARIABLE_TYPE"
      },
      "location-after-char-start": 0,
      "location-after-char-end": 0,
      "node-str": "java.lang.String"
    },
    {
      "type": "insert-node",
      "node": {
        "label": "java.lang.Module",
        "type": "VARIABLE_TYPE"
      },
      "location-after-char-start": 0,
      "location-after-char-end": 0,
      "node-str": "java.lang.Module"
    },
    {
      "type": "insert-node",
      "node": {
        "label": "org.tigris.scarab.om.IssueType",
        "type": "VARIABLE_TYPE"
      },
      "location-after-char-start": 0,
      "location-after-char-end": 0,
      "node-str": "org.tigris.scarab.om.IssueType"
    },
    {
      "type": "insert-node",
      "node": {
        "label": "org.apache.torque.util.Criteria",
        "type": "VARIABLE_TYPE"
      },
      "location-after-char-start": 0,
      "location-after-char-end": 0,
      "node-str": "org.apache.torque.util.Criteria"
    },
    {
      "type": "move-subtree",
      "node": {
        "label": "AND",
        "type": "BinaryOperator"
      },
      "location-before-char-start": 7602,
      "location-before-char-end": 7636,
      "location-after-char-start": 7602,
      "location-after-char-end": 7636,
      "node-str": "AND"
    },
    {
      "type": "insert-node",
      "node": {
        "label": "THEN",
        "type": "then"
      },
      "location-after-char-start": 7647,
      "location-after-char-end": 8429,
      "node-str": "THEN"
    },
    {
      "type": "insert-node",
      "node": {
        "label": "ao",
        "type": "VariableRead"
      },
      "location-after-char-start": 8877,
      "location-after-char-end": 8878,
      "node-str": "ao"
    },
    {
      "type": "insert-node",
      "node": {
        "label": "\u003d",
        "type": "Assignment"
      },
      "location-after-char-start": 7708,
      "location-after-char-end": 7730,
      "node-str": "\u003d"
    },
    {
      "type": "insert-node",
      "node": {
        "label": "add",
        "type": "Invocation"
      },
      "location-after-char-start": 7744,
      "location-after-char-end": 7836,
      "node-str": "add"
    },
    {
      "type": "insert-node",
      "node": {
        "label": "addJoin",
        "type": "Invocation"
      },
      "location-after-char-start": 7850,
      "location-after-char-end": 7948,
      "node-str": "addJoin"
    },
    {
      "type": "move-subtree",
      "node": {
        "label": "add",
        "type": "Invocation"
      },
      "location-before-char-start": 7744,
      "location-before-char-end": 7803,
      "location-after-char-start": 7963,
      "location-after-char-end": 8022,
      "node-str": "add"
    },
    {
      "type": "move-subtree",
      "node": {
        "label": "add",
        "type": "Invocation"
      },
      "location-before-char-start": 7817,
      "location-before-char-end": 7907,
      "location-after-char-start": 8036,
      "location-after-char-end": 8126,
      "node-str": "add"
    },
    {
      "type": "move-subtree",
      "node": {
        "label": "add",
        "type": "Invocation"
      },
      "location-before-char-start": 7921,
      "location-before-char-end": 7968,
      "location-after-char-start": 8140,
      "location-after-char-end": 8187,
      "node-str": "add"
    },
    {
      "type": "move-subtree",
      "node": {
        "label": "rmos",
        "type": "LocalVariable"
      },
      "location-before-char-start": 7982,
      "location-before-char-end": 8026,
      "location-after-char-start": 8201,
      "location-after-char-end": 8245,
      "node-str": "rmos"
    },
    {
      "type": "move-subtree",
      "node": {
        "label": "if",
        "type": "If"
      },
      "location-before-char-start": 8242,
      "location-before-char-end": 8402,
      "location-after-char-start": 8259,
      "location-after-char-end": 8419,
      "node-str": "if"
    },
    {
      "type": "insert-node",
      "node": {
        "label": "crit",
        "type": "VariableWrite"
      },
      "location-after-char-start": 7708,
      "location-after-char-end": 7711,
      "node-str": "crit"
    },
    {
      "type": "insert-node",
      "node": {
        "label": "org.apache.torque.util.Criteria(int)",
        "type": "ConstructorCall"
      },
      "location-after-char-start": 7715,
      "location-after-char-end": 7729,
      "node-str": "org.apache.torque.util.Criteria(int)"
    },
    {
      "type": "insert-node",
      "node": {
        "label": "crit",
        "type": "VariableRead"
      },
      "location-after-char-start": 7744,
      "location-after-char-end": 7747,
      "node-str": "crit"
    },
    {
      "type": "insert-node",
      "node": {
        "label": "AttributeOptionPeer.ATTRIBUTE_ID",
        "type": "TypeAccess"
      },
      "location-after-char-start": 7753,
      "location-after-char-end": 7784,
      "node-str": "AttributeOptionPeer.ATTRIBUTE_ID"
    },
    {
      "type": "insert-node",
      "node": {
        "label": "getAttributeId",
        "type": "Invocation"
      },
      "location-after-char-start": 7809,
      "location-after-char-end": 7834,
      "node-str": "getAttributeId"
    },
    {
      "type": "insert-node",
      "node": {
        "label": "crit",
        "type": "VariableRead"
      },
      "location-after-char-start": 7850,
      "location-after-char-end": 7853,
      "node-str": "crit"
    },
    {
      "type": "insert-node",
      "node": {
        "label": "AttributeOptionPeer.OPTION_ID",
        "type": "TypeAccess"
      },
      "location-after-char-start": 7863,
      "location-after-char-end": 7891,
      "node-str": "AttributeOptionPeer.OPTION_ID"
    },
    {
      "type": "insert-node",
      "node": {
        "label": "RModuleOptionPeer.OPTION_ID",
        "type": "TypeAccess"
      },
      "location-after-char-start": 7920,
      "location-after-char-end": 7946,
      "node-str": "RModuleOptionPeer.OPTION_ID"
    },
    {
      "type": "insert-node",
      "node": {
        "label": "4",
        "type": "Literal"
      },
      "location-after-char-start": 7728,
      "location-after-char-end": 7728,
      "node-str": "4"
    },
    {
      "type": "insert-node",
      "node": {
        "label": "attribute",
        "type": "VariableRead"
      },
      "location-after-char-start": 7809,
      "location-after-char-end": 7817,
      "node-str": "attribute"
    },
    {
      "type": "delete-node",
      "node": {
        "label": "public",
        "type": "Modifier"
      },
      "location-before-char-start": 0,
      "location-before-char-end": 0,
      "node-str": "public"
    },
    {
      "type": "delete-node",
      "node": {
        "label": "org.tigris.scarab.om.BaseAttributeOption",
        "type": "SUPER_TYPE"
      },
      "location-before-char-start": 0,
      "location-before-char-end": 0,
      "node-str": "org.tigris.scarab.om.BaseAttributeOption"
    },
    {
      "type": "delete-node",
      "node": {
        "label": "",
        "type": "TypeReference"
      },
      "location-before-char-start": 3465,
      "location-before-char-end": 3483,
      "node-str": ""
    },
    {
      "type": "delete-node",
      "node": {
        "label": "org.tigris.scarab.om.Attribute",
        "type": "VARIABLE_TYPE"
      },
      "location-before-char-start": 0,
      "location-before-char-end": 0,
      "node-str": "org.tigris.scarab.om.Attribute"
    },
    {
      "type": "delete-node",
      "node": {
        "label": "aAttribute",
        "type": "Field"
      },
      "location-before-char-start": 3687,
      "location-before-char-end": 3754,
      "node-str": "aAttribute"
    },
    {
      "type": "delete-node",
      "node": {
        "label": "protected",
        "type": "Modifier"
      },
      "location-before-char-start": 0,
      "location-before-char-end": 0,
      "node-str": "protected"
    },
    {
      "type": "delete-node",
      "node": {
        "label": "\u003cinit\u003e",
        "type": "Constructor"
      },
      "location-before-char-start": 4197,
      "location-before-char-end": 4282,
      "node-str": "\u003cinit\u003e"
    },
    {
      "type": "delete-node",
      "node": {
        "label": "org.tigris.scarab.om.AttributeOption",
        "type": "RETURN_TYPE"
      },
      "location-before-char-start": 0,
      "location-before-char-end": 0,
      "node-str": "org.tigris.scarab.om.AttributeOption"
    },
    {
      "type": "delete-node",
      "node": {
        "label": "java.lang.Exception",
        "type": "THROWS"
      },
      "location-before-char-start": 0,
      "location-before-char-end": 0,
      "node-str": "java.lang.Exception"
    },
    {
      "type": "delete-node",
      "node": {
        "label": "public",
        "type": "Modifier"
      },
      "location-before-char-start": 0,
      "location-before-char-end": 0,
      "node-str": "public"
    },
    {
      "type": "delete-node",
      "node": {
        "label": "static",
        "type": "Modifier"
      },
      "location-before-char-start": 0,
      "location-before-char-end": 0,
      "node-str": "static"
    },
    {
      "type": "delete-node",
      "node": {
        "label": "org.tigris.scarab.om.Attribute",
        "type": "VARIABLE_TYPE"
      },
      "location-before-char-start": 0,
      "location-before-char-end": 0,
      "node-str": "org.tigris.scarab.om.Attribute"
    },
    {
      "type": "delete-node",
      "node": {
        "label": "attribute",
        "type": "Parameter"
      },
      "location-before-char-start": 7188,
      "location-before-char-end": 7206,
      "node-str": "attribute"
    },
    {
      "type": "delete-node",
      "node": {
        "label": "java.lang.String",
        "type": "VARIABLE_TYPE"
      },
      "location-before-char-start": 0,
      "location-before-char-end": 0,
      "node-str": "java.lang.String"
    },
    {
      "type": "delete-node",
      "node": {
        "label": "name",
        "type": "Parameter"
      },
      "location-before-char-start": 7209,
      "location-before-char-end": 7219,
      "node-str": "name"
    },
    {
      "type": "delete-node",
      "node": {
        "label": "java.lang.Module",
        "type": "VARIABLE_TYPE"
      },
      "location-before-char-start": 0,
      "location-before-char-end": 0,
      "node-str": "java.lang.Module"
    },
    {
      "type": "delete-node",
      "node": {
        "label": "module",
        "type": "Parameter"
      },
      "location-before-char-start": 7268,
      "location-before-char-end": 7280,
      "node-str": "module"
    },
    {
      "type": "delete-node",
      "node": {
        "label": "org.tigris.scarab.om.IssueType",
        "type": "VARIABLE_TYPE"
      },
      "location-before-char-start": 0,
      "location-before-char-end": 0,
      "node-str": "org.tigris.scarab.om.IssueType"
    },
    {
      "type": "delete-node",
      "node": {
        "label": "issueType",
        "type": "Parameter"
      },
      "location-before-char-start": 7329,
      "location-before-char-end": 7347,
      "node-str": "issueType"
    },
    {
      "type": "delete-node",
      "node": {
        "label": "org.apache.torque.util.Criteria",
        "type": "VARIABLE_TYPE"
      },
      "location-before-char-start": 0,
      "location-before-char-end": 0,
      "node-str": "org.apache.torque.util.Criteria"
    },
    {
      "type": "delete-node",
      "node": {
        "label": "crit",
        "type": "LocalVariable"
      },
      "location-before-char-start": 7424,
      "location-before-char-end": 7437,
      "node-str": "crit"
    },
    {
      "type": "delete-node",
      "node": {
        "label": "crit",
        "type": "VariableWrite"
      },
      "location-before-char-start": 7708,
      "location-before-char-end": 7711,
      "node-str": "crit"
    },
    {
      "type": "delete-node",
      "node": {
        "label": "3",
        "type": "Literal"
      },
      "location-before-char-start": 7728,
      "location-before-char-end": 7728,
      "node-str": "3"
    },
    {
      "type": "delete-node",
      "node": {
        "label": "org.apache.torque.util.Criteria(int)",
        "type": "ConstructorCall"
      },
      "location-before-char-start": 7715,
      "location-before-char-end": 7729,
      "node-str": "org.apache.torque.util.Criteria(int)"
    },
    {
      "type": "delete-node",
      "node": {
        "label": "\u003d",
        "type": "Assignment"
      },
      "location-before-char-start": 7708,
      "location-before-char-end": 7730,
      "node-str": "\u003d"
    },
    {
      "type": "delete-node",
      "node": {
        "label": "THEN",
        "type": "then"
      },
      "location-before-char-start": 7647,
      "location-before-char-end": 8412,
      "node-str": "THEN"
    },
    {
      "type": "delete-node",
      "node": {
        "label": "if",
        "type": "If"
      },
      "location-before-char-start": 7598,
      "location-before-char-end": 8412,
      "node-str": "if"
    },
    {
      "type": "delete-node",
      "node": {
        "label": "ao",
        "type": "VariableRead"
      },
      "location-before-char-start": 8860,
      "location-before-char-end": 8861,
      "node-str": "ao"
    },
    {
      "type": "delete-node",
      "node": {
        "label": "return",
        "type": "Return"
      },
      "location-before-char-start": 8853,
      "location-before-char-end": 8862,
      "node-str": "return"
    },
    {
      "type": "delete-node",
      "node": {
        "label": "getInstance",
        "type": "Method"
      },
      "location-before-char-start": 6640,
      "location-before-char-end": 8868,
      "node-str": "getInstance"
    },
    {
      "type": "delete-node",
      "node": {
        "label": "AttributeOption",
        "type": "Class"
      },
      "location-before-char-start": 2753,
      "location-before-char-end": 26688,
      "node-str": "AttributeOption"
    }
  ],
  "before-file": {},
  "after-file": {},
  "mapping": {}
}