{
  "tool-info": {},
  "diff": [
    {
      "type": "insert-node",
      "node": {
        "label": "StateDiagramRenderer",
        "type": "Class"
      },
      "location-after-char-start": 2439,
      "location-after-char-end": 5789,
      "node-str": "StateDiagramRenderer"
    },
    {
      "type": "insert-node",
      "node": {
        "label": "public",
        "type": "Modifier"
      },
      "location-after-char-start": 0,
      "location-after-char-end": 0,
      "node-str": "public"
    },
    {
      "type": "move-subtree",
      "node": {
        "label": "cat",
        "type": "Field"
      },
      "location-before-char-start": 3006,
      "location-before-char-end": 3095,
      "location-after-char-start": 3364,
      "location-after-char-end": 3453,
      "node-str": "cat"
    },
    {
      "type": "move-subtree",
      "node": {
        "label": "getFigNodeFor",
        "type": "Method"
      },
      "location-before-char-start": 3102,
      "location-before-char-end": 4895,
      "location-after-char-start": 3460,
      "location-after-char-end": 5257,
      "node-str": "getFigNodeFor"
    },
    {
      "type": "insert-node",
      "node": {
        "label": "getFigEdgeFor",
        "type": "Method"
      },
      "location-after-char-start": 5262,
      "location-after-char-end": 5686,
      "node-str": "getFigEdgeFor"
    },
    {
      "type": "move-subtree",
      "node": {
        "label": "serialVersionUID",
        "type": "Field"
      },
      "location-before-char-start": 5330,
      "location-before-char-end": 5387,
      "location-after-char-start": 5692,
      "location-after-char-end": 5749,
      "node-str": "serialVersionUID"
    },
    {
      "type": "insert-node",
      "node": {
        "label": "org.tigris.gef.presentation.FigNode",
        "type": "RETURN_TYPE"
      },
      "location-after-char-start": 0,
      "location-after-char-end": 0,
      "node-str": "org.tigris.gef.presentation.FigNode"
    },
    {
      "type": "insert-node",
      "node": {
        "label": "public",
        "type": "Modifier"
      },
      "location-after-char-start": 0,
      "location-after-char-end": 0,
      "node-str": "public"
    },
    {
      "type": "insert-node",
      "node": {
        "label": "gm",
        "type": "Parameter"
      },
      "location-after-char-start": 3558,
      "location-after-char-end": 3570,
      "node-str": "gm"
    },
    {
      "type": "insert-node",
      "node": {
        "label": "lay",
        "type": "Parameter"
      },
      "location-after-char-start": 3573,
      "location-after-char-end": 3581,
      "node-str": "lay"
    },
    {
      "type": "insert-node",
      "node": {
        "label": "node",
        "type": "Parameter"
      },
      "location-after-char-start": 3584,
      "location-after-char-end": 3594,
      "node-str": "node"
    },
    {
      "type": "insert-node",
      "node": {
        "label": "return",
        "type": "Return"
      },
      "location-after-char-start": 5240,
      "location-after-char-end": 5251,
      "node-str": "return"
    },
    {
      "type": "insert-node",
      "node": {
        "label": "org.tigris.gef.presentation.FigEdge",
        "type": "RETURN_TYPE"
      },
      "location-after-char-start": 0,
      "location-after-char-end": 0,
      "node-str": "org.tigris.gef.presentation.FigEdge"
    },
    {
      "type": "insert-node",
      "node": {
        "label": "public",
        "type": "Modifier"
      },
      "location-after-char-start": 0,
      "location-after-char-end": 0,
      "node-str": "public"
    },
    {
      "type": "insert-node",
      "node": {
        "label": "gm",
        "type": "Parameter"
      },
      "location-after-char-start": 5358,
      "location-after-char-end": 5370,
      "node-str": "gm"
    },
    {
      "type": "insert-node",
      "node": {
        "label": "lay",
        "type": "Parameter"
      },
      "location-after-char-start": 5373,
      "location-after-char-end": 5381,
      "node-str": "lay"
    },
    {
      "type": "insert-node",
      "node": {
        "label": "edge",
        "type": "Parameter"
      },
      "location-after-char-start": 5384,
      "location-after-char-end": 5394,
      "node-str": "edge"
    },
    {
      "type": "move-subtree",
      "node": {
        "label": "debug",
        "type": "Invocation"
      },
      "location-before-char-start": 5041,
      "location-before-char-end": 5080,
      "location-after-char-start": 5403,
      "location-after-char-end": 5442,
      "node-str": "debug"
    },
    {
      "type": "insert-node",
      "node": {
        "label": "if",
        "type": "If"
      },
      "location-after-char-start": 5448,
      "location-after-char-end": 5606,
      "node-str": "if"
    },
    {
      "type": "move-subtree",
      "node": {
        "label": "debug",
        "type": "Invocation"
      },
      "location-before-char-start": 5251,
      "location-before-char-end": 5303,
      "location-after-char-start": 5613,
      "location-after-char-end": 5665,
      "node-str": "debug"
    },
    {
      "type": "insert-node",
      "node": {
        "label": "return",
        "type": "Return"
      },
      "location-after-char-start": 5671,
      "location-after-char-end": 5682,
      "node-str": "return"
    },
    {
      "type": "insert-node",
      "node": {
        "label": "org.tigris.gef.graph.GraphModel",
        "type": "VARIABLE_TYPE"
      },
      "location-after-char-start": 0,
      "location-after-char-end": 0,
      "node-str": "org.tigris.gef.graph.GraphModel"
    },
    {
      "type": "insert-node",
      "node": {
        "label": "org.tigris.gef.base.Layer",
        "type": "VARIABLE_TYPE"
      },
      "location-after-char-start": 0,
      "location-after-char-end": 0,
      "node-str": "org.tigris.gef.base.Layer"
    },
    {
      "type": "insert-node",
      "node": {
        "label": "java.lang.Object",
        "type": "VARIABLE_TYPE"
      },
      "location-after-char-start": 0,
      "location-after-char-end": 0,
      "node-str": "java.lang.Object"
    },
    {
      "type": "insert-node",
      "node": {
        "label": "isAActionState",
        "type": "Invocation"
      },
      "location-after-char-start": 3611,
      "location-after-char-end": 3642,
      "node-str": "isAActionState"
    },
    {
      "type": "insert-node",
      "node": {
        "label": "null",
        "type": "Literal"
      },
      "location-after-char-start": 5247,
      "location-after-char-end": 5250,
      "node-str": "null"
    },
    {
      "type": "insert-node",
      "node": {
        "label": "org.tigris.gef.graph.GraphModel",
        "type": "VARIABLE_TYPE"
      },
      "location-after-char-start": 0,
      "location-after-char-end": 0,
      "node-str": "org.tigris.gef.graph.GraphModel"
    },
    {
      "type": "insert-node",
      "node": {
        "label": "org.tigris.gef.base.Layer",
        "type": "VARIABLE_TYPE"
      },
      "location-after-char-start": 0,
      "location-after-char-end": 0,
      "node-str": "org.tigris.gef.base.Layer"
    },
    {
      "type": "insert-node",
      "node": {
        "label": "java.lang.Object",
        "type": "VARIABLE_TYPE"
      },
      "location-after-char-start": 0,
      "location-after-char-end": 0,
      "node-str": "java.lang.Object"
    },
    {
      "type": "insert-node",
      "node": {
        "label": "INSTANCEOF",
        "type": "BinaryOperator"
      },
      "location-after-char-start": 5452,
      "location-after-char-end": 5478,
      "node-str": "INSTANCEOF"
    },
    {
      "type": "insert-node",
      "node": {
        "label": "THEN",
        "type": "then"
      },
      "location-after-char-start": 5481,
      "location-after-char-end": 5606,
      "node-str": "THEN"
    },
    {
      "type": "insert-node",
      "node": {
        "label": "null",
        "type": "Literal"
      },
      "location-after-char-start": 5678,
      "location-after-char-end": 5681,
      "node-str": "null"
    },
    {
      "type": "insert-node",
      "node": {
        "label": "org.argouml.model.ModelFacade",
        "type": "TypeAccess"
      },
      "location-after-char-start": 3611,
      "location-after-char-end": 3621,
      "node-str": "org.argouml.model.ModelFacade"
    },
    {
      "type": "insert-node",
      "node": {
        "label": "node",
        "type": "VariableRead"
      },
      "location-after-char-start": 3638,
      "location-after-char-end": 3641,
      "node-str": "node"
    },
    {
      "type": "insert-node",
      "node": {
        "label": "edge",
        "type": "VariableRead"
      },
      "location-after-char-start": 5452,
      "location-after-char-end": 5455,
      "node-str": "edge"
    },
    {
      "type": "insert-node",
      "node": {
        "label": "ru.novosoft.uml.behavior.state_machines.MTransition",
        "type": "TypeAccess"
      },
      "location-after-char-start": 5468,
      "location-after-char-end": 5478,
      "node-str": "ru.novosoft.uml.behavior.state_machines.MTransition"
    },
    {
      "type": "insert-node",
      "node": {
        "label": "tr",
        "type": "LocalVariable"
      },
      "location-after-char-start": 5489,
      "location-after-char-end": 5524,
      "node-str": "tr"
    },
    {
      "type": "insert-node",
      "node": {
        "label": "trFig",
        "type": "LocalVariable"
      },
      "location-after-char-start": 5532,
      "location-after-char-end": 5580,
      "node-str": "trFig"
    },
    {
      "type": "insert-node",
      "node": {
        "label": "return",
        "type": "Return"
      },
      "location-after-char-start": 5588,
      "location-after-char-end": 5600,
      "node-str": "return"
    },
    {
      "type": "insert-node",
      "node": {
        "label": "INSTANCEOF",
        "type": "BinaryOperator"
      },
      "location-after-char-start": 3723,
      "location-after-char-end": 3749,
      "node-str": "INSTANCEOF"
    },
    {
      "type": "insert-node",
      "node": {
        "label": "ru.novosoft.uml.behavior.state_machines.MTransition",
        "type": "VARIABLE_TYPE"
      },
      "location-after-char-start": 0,
      "location-after-char-end": 0,
      "node-str": "ru.novosoft.uml.behavior.state_machines.MTransition"
    },
    {
      "type": "insert-node",
      "node": {
        "label": "edge",
        "type": "VariableRead"
      },
      "location-after-char-start": 5506,
      "location-after-char-end": 5523,
      "node-str": "edge"
    },
    {
      "type": "insert-node",
      "node": {
        "label": "org.argouml.uml.diagram.state.ui.FigTransition",
        "type": "VARIABLE_TYPE"
      },
      "location-after-char-start": 0,
      "location-after-char-end": 0,
      "node-str": "org.argouml.uml.diagram.state.ui.FigTransition"
    },
    {
      "type": "move-subtree",
      "node": {
        "label": "java.lang.Object()",
        "type": "ConstructorCall"
      },
      "location-before-char-start": 5192,
      "location-before-char-end": 5217,
      "location-after-char-start": 5554,
      "location-after-char-end": 5579,
      "node-str": "java.lang.Object()"
    },
    {
      "type": "insert-node",
      "node": {
        "label": "trFig",
        "type": "VariableRead"
      },
      "location-after-char-start": 5595,
      "location-after-char-end": 5599,
      "node-str": "trFig"
    },
    {
      "type": "insert-node",
      "node": {
        "label": "node",
        "type": "VariableRead"
      },
      "location-after-char-start": 3723,
      "location-after-char-end": 3726,
      "node-str": "node"
    },
    {
      "type": "insert-node",
      "node": {
        "label": "ru.novosoft.uml.behavior.state_machines.MFinalState",
        "type": "TypeAccess"
      },
      "location-after-char-start": 3739,
      "location-after-char-end": 3749,
      "node-str": "ru.novosoft.uml.behavior.state_machines.MFinalState"
    },
    {
      "type": "insert-node",
      "node": {
        "label": "INSTANCEOF",
        "type": "BinaryOperator"
      },
      "location-after-char-start": 3829,
      "location-after-char-end": 3859,
      "node-str": "INSTANCEOF"
    },
    {
      "type": "insert-node",
      "node": {
        "label": "node",
        "type": "VariableRead"
      },
      "location-after-char-start": 3829,
      "location-after-char-end": 3832,
      "node-str": "node"
    },
    {
      "type": "insert-node",
      "node": {
        "label": "ru.novosoft.uml.behavior.state_machines.MCompositeState",
        "type": "TypeAccess"
      },
      "location-after-char-start": 3845,
      "location-after-char-end": 3859,
      "node-str": "ru.novosoft.uml.behavior.state_machines.MCompositeState"
    },
    {
      "type": "update-node",
      "node": {
        "label": "MState",
        "type": "TypeAccess"
      },
      "location-before-char-start": 3597,
      "location-before-char-end": 3602,
      "location-after-char-start": 3959,
      "location-after-char-end": 3964,
      "node-str": "ru.novosoft.uml.behavior.state_machines.MState"
    },
    {
      "type": "update-node",
      "node": {
        "label": "MPseudostate",
        "type": "TypeAccess"
      },
      "location-before-char-start": 3699,
      "location-before-char-end": 3710,
      "location-after-char-start": 4061,
      "location-after-char-end": 4072,
      "node-str": "ru.novosoft.uml.behavior.state_machines.MPseudostate"
    },
    {
      "type": "update-node",
      "node": {
        "label": "MPseudostate",
        "type": "VARIABLE_TYPE"
      },
      "location-before-char-start": 0,
      "location-before-char-end": 0,
      "location-after-char-start": 0,
      "location-after-char-end": 0,
      "node-str": "ru.novosoft.uml.behavior.state_machines.MPseudostate"
    },
    {
      "type": "delete-node",
      "node": {
        "label": "org.argouml.uml.diagram.state.ui.FigNode",
        "type": "RETURN_TYPE"
      },
      "location-before-char-start": 0,
      "location-before-char-end": 0,
      "node-str": "org.argouml.uml.diagram.state.ui.FigNode"
    },
    {
      "type": "delete-node",
      "node": {
        "label": "public",
        "type": "Modifier"
      },
      "location-before-char-start": 0,
      "location-before-char-end": 0,
      "node-str": "public"
    },
    {
      "type": "delete-node",
      "node": {
        "label": "GraphModel",
        "type": "VARIABLE_TYPE"
      },
      "location-before-char-start": 0,
      "location-before-char-end": 0,
      "node-str": "GraphModel"
    },
    {
      "type": "delete-node",
      "node": {
        "label": "gm",
        "type": "Parameter"
      },
      "location-before-char-start": 3200,
      "location-before-char-end": 3212,
      "node-str": "gm"
    },
    {
      "type": "delete-node",
      "node": {
        "label": "Layer",
        "type": "VARIABLE_TYPE"
      },
      "location-before-char-start": 0,
      "location-before-char-end": 0,
      "node-str": "Layer"
    },
    {
      "type": "delete-node",
      "node": {
        "label": "lay",
        "type": "Parameter"
      },
      "location-before-char-start": 3215,
      "location-before-char-end": 3223,
      "node-str": "lay"
    },
    {
      "type": "delete-node",
      "node": {
        "label": "java.lang.Object",
        "type": "VARIABLE_TYPE"
      },
      "location-before-char-start": 0,
      "location-before-char-end": 0,
      "node-str": "java.lang.Object"
    },
    {
      "type": "delete-node",
      "node": {
        "label": "node",
        "type": "Parameter"
      },
      "location-before-char-start": 3226,
      "location-before-char-end": 3236,
      "node-str": "node"
    },
    {
      "type": "delete-node",
      "node": {
        "label": "node",
        "type": "VariableRead"
      },
      "location-before-char-start": 3253,
      "location-before-char-end": 3256,
      "node-str": "node"
    },
    {
      "type": "delete-node",
      "node": {
        "label": "MActionState",
        "type": "TypeAccess"
      },
      "location-before-char-start": 3269,
      "location-before-char-end": 3280,
      "node-str": "MActionState"
    },
    {
      "type": "delete-node",
      "node": {
        "label": "INSTANCEOF",
        "type": "BinaryOperator"
      },
      "location-before-char-start": 3253,
      "location-before-char-end": 3280,
      "node-str": "INSTANCEOF"
    },
    {
      "type": "delete-node",
      "node": {
        "label": "node",
        "type": "VariableRead"
      },
      "location-before-char-start": 3361,
      "location-before-char-end": 3364,
      "node-str": "node"
    },
    {
      "type": "delete-node",
      "node": {
        "label": "MFinalState",
        "type": "TypeAccess"
      },
      "location-before-char-start": 3377,
      "location-before-char-end": 3387,
      "node-str": "MFinalState"
    },
    {
      "type": "delete-node",
      "node": {
        "label": "INSTANCEOF",
        "type": "BinaryOperator"
      },
      "location-before-char-start": 3361,
      "location-before-char-end": 3387,
      "node-str": "INSTANCEOF"
    },
    {
      "type": "delete-node",
      "node": {
        "label": "node",
        "type": "VariableRead"
      },
      "location-before-char-start": 3467,
      "location-before-char-end": 3470,
      "node-str": "node"
    },
    {
      "type": "delete-node",
      "node": {
        "label": "MCompositeState",
        "type": "TypeAccess"
      },
      "location-before-char-start": 3483,
      "location-before-char-end": 3497,
      "node-str": "MCompositeState"
    },
    {
      "type": "delete-node",
      "node": {
        "label": "INSTANCEOF",
        "type": "BinaryOperator"
      },
      "location-before-char-start": 3467,
      "location-before-char-end": 3497,
      "node-str": "INSTANCEOF"
    },
    {
      "type": "delete-node",
      "node": {
        "label": "null",
        "type": "Literal"
      },
      "location-before-char-start": 4885,
      "location-before-char-end": 4888,
      "node-str": "null"
    },
    {
      "type": "delete-node",
      "node": {
        "label": "return",
        "type": "Return"
      },
      "location-before-char-start": 4878,
      "location-before-char-end": 4889,
      "node-str": "return"
    },
    {
      "type": "delete-node",
      "node": {
        "label": "public",
        "type": "Modifier"
      },
      "location-before-char-start": 0,
      "location-before-char-end": 0,
      "node-str": "public"
    },
    {
      "type": "delete-node",
      "node": {
        "label": "org.argouml.uml.diagram.state.ui.FigEdge",
        "type": "RETURN_TYPE"
      },
      "location-before-char-start": 0,
      "location-before-char-end": 0,
      "node-str": "org.argouml.uml.diagram.state.ui.FigEdge"
    },
    {
      "type": "delete-node",
      "node": {
        "label": "public",
        "type": "Modifier"
      },
      "location-before-char-start": 0,
      "location-before-char-end": 0,
      "node-str": "public"
    },
    {
      "type": "delete-node",
      "node": {
        "label": "GraphModel",
        "type": "VARIABLE_TYPE"
      },
      "location-before-char-start": 0,
      "location-before-char-end": 0,
      "node-str": "GraphModel"
    },
    {
      "type": "delete-node",
      "node": {
        "label": "gm",
        "type": "Parameter"
      },
      "location-before-char-start": 4996,
      "location-before-char-end": 5008,
      "node-str": "gm"
    },
    {
      "type": "delete-node",
      "node": {
        "label": "Layer",
        "type": "VARIABLE_TYPE"
      },
      "location-before-char-start": 0,
      "location-before-char-end": 0,
      "node-str": "Layer"
    },
    {
      "type": "delete-node",
      "node": {
        "label": "lay",
        "type": "Parameter"
      },
      "location-before-char-start": 5011,
      "location-before-char-end": 5019,
      "node-str": "lay"
    },
    {
      "type": "delete-node",
      "node": {
        "label": "java.lang.Object",
        "type": "VARIABLE_TYPE"
      },
      "location-before-char-start": 0,
      "location-before-char-end": 0,
      "node-str": "java.lang.Object"
    },
    {
      "type": "delete-node",
      "node": {
        "label": "edge",
        "type": "Parameter"
      },
      "location-before-char-start": 5022,
      "location-before-char-end": 5032,
      "node-str": "edge"
    },
    {
      "type": "delete-node",
      "node": {
        "label": "edge",
        "type": "VariableRead"
      },
      "location-before-char-start": 5090,
      "location-before-char-end": 5093,
      "node-str": "edge"
    },
    {
      "type": "delete-node",
      "node": {
        "label": "MTransition",
        "type": "TypeAccess"
      },
      "location-before-char-start": 5106,
      "location-before-char-end": 5116,
      "node-str": "MTransition"
    },
    {
      "type": "delete-node",
      "node": {
        "label": "INSTANCEOF",
        "type": "BinaryOperator"
      },
      "location-before-char-start": 5090,
      "location-before-char-end": 5116,
      "node-str": "INSTANCEOF"
    },
    {
      "type": "delete-node",
      "node": {
        "label": "MTransition",
        "type": "VARIABLE_TYPE"
      },
      "location-before-char-start": 0,
      "location-before-char-end": 0,
      "node-str": "MTransition"
    },
    {
      "type": "delete-node",
      "node": {
        "label": "edge",
        "type": "VariableRead"
      },
      "location-before-char-start": 5144,
      "location-before-char-end": 5161,
      "node-str": "edge"
    },
    {
      "type": "delete-node",
      "node": {
        "label": "tr",
        "type": "LocalVariable"
      },
      "location-before-char-start": 5127,
      "location-before-char-end": 5162,
      "node-str": "tr"
    },
    {
      "type": "delete-node",
      "node": {
        "label": "FigTransition",
        "type": "VARIABLE_TYPE"
      },
      "location-before-char-start": 0,
      "location-before-char-end": 0,
      "node-str": "FigTransition"
    },
    {
      "type": "delete-node",
      "node": {
        "label": "trFig",
        "type": "LocalVariable"
      },
      "location-before-char-start": 5170,
      "location-before-char-end": 5218,
      "node-str": "trFig"
    },
    {
      "type": "delete-node",
      "node": {
        "label": "trFig",
        "type": "VariableRead"
      },
      "location-before-char-start": 5233,
      "location-before-char-end": 5237,
      "node-str": "trFig"
    },
    {
      "type": "delete-node",
      "node": {
        "label": "return",
        "type": "Return"
      },
      "location-before-char-start": 5226,
      "location-before-char-end": 5238,
      "node-str": "return"
    },
    {
      "type": "delete-node",
      "node": {
        "label": "THEN",
        "type": "then"
      },
      "location-before-char-start": 5119,
      "location-before-char-end": 5244,
      "node-str": "THEN"
    },
    {
      "type": "delete-node",
      "node": {
        "label": "if",
        "type": "If"
      },
      "location-before-char-start": 5086,
      "location-before-char-end": 5244,
      "node-str": "if"
    },
    {
      "type": "delete-node",
      "node": {
        "label": "null",
        "type": "Literal"
      },
      "location-before-char-start": 5316,
      "location-before-char-end": 5319,
      "node-str": "null"
    },
    {
      "type": "delete-node",
      "node": {
        "label": "return",
        "type": "Return"
      },
      "location-before-char-start": 5309,
      "location-before-char-end": 5320,
      "node-str": "return"
    },
    {
      "type": "delete-node",
      "node": {
        "label": "getFigEdgeFor",
        "type": "Method"
      },
      "location-before-char-start": 4900,
      "location-before-char-end": 5324,
      "node-str": "getFigEdgeFor"
    },
    {
      "type": "delete-node",
      "node": {
        "label": "StateDiagramRenderer",
        "type": "Class"
      },
      "location-before-char-start": 2081,
      "location-before-char-end": 5427,
      "node-str": "StateDiagramRenderer"
    }
  ],
  "before-file": {},
  "after-file": {},
  "mapping": {}
}