{
  "tool-info": {},
  "diff": [
    {
      "type": "insert-node",
      "node": {
        "label": "FontDefinition",
        "type": "Class"
      },
      "location-after-char-start": 769,
      "location-after-char-end": 4483,
      "node-str": "FontDefinition"
    },
    {
      "type": "insert-node",
      "node": {
        "label": "public",
        "type": "Modifier"
      },
      "location-after-char-start": 0,
      "location-after-char-end": 0,
      "node-str": "public"
    },
    {
      "type": "insert-node",
      "node": {
        "label": "label",
        "type": "Field"
      },
      "location-after-char-start": 1011,
      "location-after-char-end": 1031,
      "node-str": "label"
    },
    {
      "type": "insert-node",
      "node": {
        "label": "id",
        "type": "Field"
      },
      "location-after-char-start": 1038,
      "location-after-char-end": 1055,
      "node-str": "id"
    },
    {
      "type": "insert-node",
      "node": {
        "label": "defaultsTo",
        "type": "Field"
      },
      "location-after-char-start": 1062,
      "location-after-char-end": 1087,
      "node-str": "defaultsTo"
    },
    {
      "type": "insert-node",
      "node": {
        "label": "categoryId",
        "type": "Field"
      },
      "location-after-char-start": 1094,
      "location-after-char-end": 1119,
      "node-str": "categoryId"
    },
    {
      "type": "insert-node",
      "node": {
        "label": "description",
        "type": "Field"
      },
      "location-after-char-start": 1126,
      "location-after-char-end": 1152,
      "node-str": "description"
    },
    {
      "type": "insert-node",
      "node": {
        "label": "value",
        "type": "Field"
      },
      "location-after-char-start": 1159,
      "location-after-char-end": 1179,
      "node-str": "value"
    },
    {
      "type": "insert-node",
      "node": {
        "label": "isEditable",
        "type": "Field"
      },
      "location-after-char-start": 1186,
      "location-after-char-end": 1212,
      "node-str": "isEditable"
    },
    {
      "type": "insert-node",
      "node": {
        "label": "parsedValue",
        "type": "Field"
      },
      "location-after-char-start": 1219,
      "location-after-char-end": 1249,
      "node-str": "parsedValue"
    },
    {
      "type": "move-subtree",
      "node": {
        "label": "\u003cinit\u003e",
        "type": "Constructor"
      },
      "location-before-char-start": 1256,
      "location-before-char-end": 2035,
      "location-after-char-start": 1256,
      "location-after-char-end": 2035,
      "node-str": "\u003cinit\u003e"
    },
    {
      "type": "move-subtree",
      "node": {
        "label": "\u003cinit\u003e",
        "type": "Constructor"
      },
      "location-before-char-start": 2042,
      "location-before-char-end": 2699,
      "location-after-char-start": 2042,
      "location-after-char-end": 2699,
      "node-str": "\u003cinit\u003e"
    },
    {
      "type": "move-subtree",
      "node": {
        "label": "getDefaultsTo",
        "type": "Method"
      },
      "location-before-char-start": 2706,
      "location-before-char-end": 2925,
      "location-after-char-start": 2706,
      "location-after-char-end": 2925,
      "node-str": "getDefaultsTo"
    },
    {
      "type": "move-subtree",
      "node": {
        "label": "getDescription",
        "type": "Method"
      },
      "location-before-char-start": 2932,
      "location-before-char-end": 3087,
      "location-after-char-start": 2932,
      "location-after-char-end": 3087,
      "node-str": "getDescription"
    },
    {
      "type": "move-subtree",
      "node": {
        "label": "getName",
        "type": "Method"
      },
      "location-before-char-start": 3094,
      "location-before-char-end": 3210,
      "location-after-char-start": 3094,
      "location-after-char-end": 3210,
      "node-str": "getName"
    },
    {
      "type": "move-subtree",
      "node": {
        "label": "getId",
        "type": "Method"
      },
      "location-before-char-start": 3217,
      "location-before-char-end": 3325,
      "location-after-char-start": 3217,
      "location-after-char-end": 3325,
      "node-str": "getId"
    },
    {
      "type": "move-subtree",
      "node": {
        "label": "getCategoryId",
        "type": "Method"
      },
      "location-before-char-start": 3332,
      "location-before-char-end": 3464,
      "location-after-char-start": 3332,
      "location-after-char-end": 3464,
      "node-str": "getCategoryId"
    },
    {
      "type": "insert-node",
      "node": {
        "label": "getValue",
        "type": "Method"
      },
      "location-after-char-start": 3471,
      "location-after-char-end": 3899,
      "node-str": "getValue"
    },
    {
      "type": "move-subtree",
      "node": {
        "label": "isEditable",
        "type": "Method"
      },
      "location-before-char-start": 3909,
      "location-before-char-end": 4065,
      "location-after-char-start": 3906,
      "location-after-char-end": 4062,
      "node-str": "isEditable"
    },
    {
      "type": "move-subtree",
      "node": {
        "label": "equals",
        "type": "Method"
      },
      "location-before-char-start": 4076,
      "location-before-char-end": 4342,
      "location-after-char-start": 4073,
      "location-after-char-end": 4339,
      "node-str": "equals"
    },
    {
      "type": "move-subtree",
      "node": {
        "label": "hashCode",
        "type": "Method"
      },
      "location-before-char-start": 4353,
      "location-before-char-end": 4480,
      "location-after-char-start": 4350,
      "location-after-char-end": 4477,
      "node-str": "hashCode"
    },
    {
      "type": "insert-node",
      "node": {
        "label": "java.lang.String",
        "type": "VARIABLE_TYPE"
      },
      "location-after-char-start": 0,
      "location-after-char-end": 0,
      "node-str": "java.lang.String"
    },
    {
      "type": "insert-node",
      "node": {
        "label": "java.lang.String",
        "type": "VARIABLE_TYPE"
      },
      "location-after-char-start": 0,
      "location-after-char-end": 0,
      "node-str": "java.lang.String"
    },
    {
      "type": "insert-node",
      "node": {
        "label": "java.lang.String",
        "type": "VARIABLE_TYPE"
      },
      "location-after-char-start": 0,
      "location-after-char-end": 0,
      "node-str": "java.lang.String"
    },
    {
      "type": "insert-node",
      "node": {
        "label": "java.lang.String",
        "type": "VARIABLE_TYPE"
      },
      "location-after-char-start": 0,
      "location-after-char-end": 0,
      "node-str": "java.lang.String"
    },
    {
      "type": "insert-node",
      "node": {
        "label": "java.lang.String",
        "type": "VARIABLE_TYPE"
      },
      "location-after-char-start": 0,
      "location-after-char-end": 0,
      "node-str": "java.lang.String"
    },
    {
      "type": "insert-node",
      "node": {
        "label": "java.lang.String",
        "type": "VARIABLE_TYPE"
      },
      "location-after-char-start": 0,
      "location-after-char-end": 0,
      "node-str": "java.lang.String"
    },
    {
      "type": "insert-node",
      "node": {
        "label": "boolean",
        "type": "VARIABLE_TYPE"
      },
      "location-after-char-start": 0,
      "location-after-char-end": 0,
      "node-str": "boolean"
    },
    {
      "type": "insert-node",
      "node": {
        "label": "org.eclipse.swt.graphics.FontData[]",
        "type": "VARIABLE_TYPE"
      },
      "location-after-char-start": 0,
      "location-after-char-end": 0,
      "node-str": "org.eclipse.swt.graphics.FontData[]"
    },
    {
      "type": "insert-node",
      "node": {
        "label": "org.eclipse.swt.graphics.FontData[]",
        "type": "RETURN_TYPE"
      },
      "location-after-char-start": 0,
      "location-after-char-end": 0,
      "node-str": "org.eclipse.swt.graphics.FontData[]"
    },
    {
      "type": "insert-node",
      "node": {
        "label": "public",
        "type": "Modifier"
      },
      "location-after-char-start": 0,
      "location-after-char-end": 0,
      "node-str": "public"
    },
    {
      "type": "move-subtree",
      "node": {
        "label": "if",
        "type": "If"
      },
      "location-before-char-start": 3587,
      "location-before-char-end": 3629,
      "location-after-char-start": 3587,
      "location-after-char-end": 3629,
      "node-str": "if"
    },
    {
      "type": "insert-node",
      "node": {
        "label": "if",
        "type": "If"
      },
      "location-after-char-start": 3639,
      "location-after-char-end": 3864,
      "node-str": "if"
    },
    {
      "type": "move-subtree",
      "node": {
        "label": "return",
        "type": "Return"
      },
      "location-before-char-start": 3878,
      "location-before-char-end": 3896,
      "location-after-char-start": 3875,
      "location-after-char-end": 3893,
      "node-str": "return"
    },
    {
      "type": "move-subtree",
      "node": {
        "label": "EQ",
        "type": "BinaryOperator"
      },
      "location-before-char-start": 3643,
      "location-before-char-end": 3661,
      "location-after-char-start": 3643,
      "location-after-char-end": 3661,
      "node-str": "EQ"
    },
    {
      "type": "insert-node",
      "node": {
        "label": "THEN",
        "type": "then"
      },
      "location-after-char-start": 3664,
      "location-after-char-end": 3864,
      "node-str": "THEN"
    },
    {
      "type": "insert-node",
      "node": {
        "label": "\u003d",
        "type": "Assignment"
      },
      "location-after-char-start": 3678,
      "location-after-char-end": 3854,
      "node-str": "\u003d"
    },
    {
      "type": "insert-node",
      "node": {
        "label": "parsedValue",
        "type": "FieldWrite"
      },
      "location-after-char-start": 3678,
      "location-after-char-end": 3688,
      "node-str": "parsedValue"
    },
    {
      "type": "insert-node",
      "node": {
        "label": "filterData",
        "type": "Invocation"
      },
      "location-after-char-start": 3692,
      "location-after-char-end": 3853,
      "node-str": "filterData"
    },
    {
      "type": "insert-node",
      "node": {
        "label": "org.eclipse.ui.internal.themes.FontDefinition",
        "type": "TypeAccess"
      },
      "location-after-char-start": 0,
      "location-after-char-end": 0,
      "node-str": "org.eclipse.ui.internal.themes.FontDefinition"
    },
    {
      "type": "insert-node",
      "node": {
        "label": "getFontRegistry",
        "type": "Invocation"
      },
      "location-after-char-start": 3692,
      "location-after-char-end": 3723,
      "node-str": "getFontRegistry"
    },
    {
      "type": "move-subtree",
      "node": {
        "label": "asFontDataArray",
        "type": "Invocation"
      },
      "location-before-char-start": 3760,
      "location-before-char-end": 3797,
      "location-after-char-start": 3757,
      "location-after-char-end": 3794,
      "node-str": "asFontDataArray"
    },
    {
      "type": "move-subtree",
      "node": {
        "label": "getDisplay",
        "type": "Invocation"
      },
      "location-before-char-start": 3820,
      "location-before-char-end": 3855,
      "location-after-char-start": 3817,
      "location-after-char-end": 3852,
      "node-str": "getDisplay"
    },
    {
      "type": "insert-node",
      "node": {
        "label": "org.eclipse.jface.resource.JFaceResources",
        "type": "TypeAccess"
      },
      "location-after-char-start": 3692,
      "location-after-char-end": 3705,
      "node-str": "org.eclipse.jface.resource.JFaceResources"
    },
    {
      "type": "delete-node",
      "node": {
        "label": "public",
        "type": "Modifier"
      },
      "location-before-char-start": 0,
      "location-before-char-end": 0,
      "node-str": "public"
    },
    {
      "type": "delete-node",
      "node": {
        "label": "java.lang.String",
        "type": "VARIABLE_TYPE"
      },
      "location-before-char-start": 0,
      "location-before-char-end": 0,
      "node-str": "java.lang.String"
    },
    {
      "type": "delete-node",
      "node": {
        "label": "label",
        "type": "Field"
      },
      "location-before-char-start": 1011,
      "location-before-char-end": 1031,
      "node-str": "label"
    },
    {
      "type": "delete-node",
      "node": {
        "label": "java.lang.String",
        "type": "VARIABLE_TYPE"
      },
      "location-before-char-start": 0,
      "location-before-char-end": 0,
      "node-str": "java.lang.String"
    },
    {
      "type": "delete-node",
      "node": {
        "label": "id",
        "type": "Field"
      },
      "location-before-char-start": 1038,
      "location-before-char-end": 1055,
      "node-str": "id"
    },
    {
      "type": "delete-node",
      "node": {
        "label": "java.lang.String",
        "type": "VARIABLE_TYPE"
      },
      "location-before-char-start": 0,
      "location-before-char-end": 0,
      "node-str": "java.lang.String"
    },
    {
      "type": "delete-node",
      "node": {
        "label": "defaultsTo",
        "type": "Field"
      },
      "location-before-char-start": 1062,
      "location-before-char-end": 1087,
      "node-str": "defaultsTo"
    },
    {
      "type": "delete-node",
      "node": {
        "label": "java.lang.String",
        "type": "VARIABLE_TYPE"
      },
      "location-before-char-start": 0,
      "location-before-char-end": 0,
      "node-str": "java.lang.String"
    },
    {
      "type": "delete-node",
      "node": {
        "label": "categoryId",
        "type": "Field"
      },
      "location-before-char-start": 1094,
      "location-before-char-end": 1119,
      "node-str": "categoryId"
    },
    {
      "type": "delete-node",
      "node": {
        "label": "java.lang.String",
        "type": "VARIABLE_TYPE"
      },
      "location-before-char-start": 0,
      "location-before-char-end": 0,
      "node-str": "java.lang.String"
    },
    {
      "type": "delete-node",
      "node": {
        "label": "description",
        "type": "Field"
      },
      "location-before-char-start": 1126,
      "location-before-char-end": 1152,
      "node-str": "description"
    },
    {
      "type": "delete-node",
      "node": {
        "label": "java.lang.String",
        "type": "VARIABLE_TYPE"
      },
      "location-before-char-start": 0,
      "location-before-char-end": 0,
      "node-str": "java.lang.String"
    },
    {
      "type": "delete-node",
      "node": {
        "label": "value",
        "type": "Field"
      },
      "location-before-char-start": 1159,
      "location-before-char-end": 1179,
      "node-str": "value"
    },
    {
      "type": "delete-node",
      "node": {
        "label": "boolean",
        "type": "VARIABLE_TYPE"
      },
      "location-before-char-start": 0,
      "location-before-char-end": 0,
      "node-str": "boolean"
    },
    {
      "type": "delete-node",
      "node": {
        "label": "isEditable",
        "type": "Field"
      },
      "location-before-char-start": 1186,
      "location-before-char-end": 1212,
      "node-str": "isEditable"
    },
    {
      "type": "delete-node",
      "node": {
        "label": "org.eclipse.swt.graphics.FontData[]",
        "type": "VARIABLE_TYPE"
      },
      "location-before-char-start": 0,
      "location-before-char-end": 0,
      "node-str": "org.eclipse.swt.graphics.FontData[]"
    },
    {
      "type": "delete-node",
      "node": {
        "label": "parsedValue",
        "type": "Field"
      },
      "location-before-char-start": 1219,
      "location-before-char-end": 1249,
      "node-str": "parsedValue"
    },
    {
      "type": "delete-node",
      "node": {
        "label": "org.eclipse.swt.graphics.FontData[]",
        "type": "RETURN_TYPE"
      },
      "location-before-char-start": 0,
      "location-before-char-end": 0,
      "node-str": "org.eclipse.swt.graphics.FontData[]"
    },
    {
      "type": "delete-node",
      "node": {
        "label": "public",
        "type": "Modifier"
      },
      "location-before-char-start": 0,
      "location-before-char-end": 0,
      "node-str": "public"
    },
    {
      "type": "delete-node",
      "node": {
        "label": "org.eclipse.ui.internal.themes.FontDefinition",
        "type": "TypeAccess"
      },
      "location-before-char-start": 0,
      "location-before-char-end": 0,
      "node-str": "org.eclipse.ui.internal.themes.FontDefinition"
    },
    {
      "type": "delete-node",
      "node": {
        "label": "parsedValue",
        "type": "FieldWrite"
      },
      "location-before-char-start": 3678,
      "location-before-char-end": 3688,
      "node-str": "parsedValue"
    },
    {
      "type": "delete-node",
      "node": {
        "label": "org.eclipse.jface.resource.JFaceResources",
        "type": "TypeAccess"
      },
      "location-before-char-start": 3692,
      "location-before-char-end": 3705,
      "node-str": "org.eclipse.jface.resource.JFaceResources"
    },
    {
      "type": "delete-node",
      "node": {
        "label": "getFontRegistry",
        "type": "Invocation"
      },
      "location-before-char-start": 3692,
      "location-before-char-end": 3723,
      "node-str": "getFontRegistry"
    },
    {
      "type": "delete-node",
      "node": {
        "label": "bestDataArray",
        "type": "Invocation"
      },
      "location-before-char-start": 3692,
      "location-before-char-end": 3856,
      "node-str": "bestDataArray"
    },
    {
      "type": "delete-node",
      "node": {
        "label": "\u003d",
        "type": "Assignment"
      },
      "location-before-char-start": 3678,
      "location-before-char-end": 3857,
      "node-str": "\u003d"
    },
    {
      "type": "delete-node",
      "node": {
        "label": "THEN",
        "type": "then"
      },
      "location-before-char-start": 3664,
      "location-before-char-end": 3867,
      "node-str": "THEN"
    },
    {
      "type": "delete-node",
      "node": {
        "label": "if",
        "type": "If"
      },
      "location-before-char-start": 3639,
      "location-before-char-end": 3867,
      "node-str": "if"
    },
    {
      "type": "delete-node",
      "node": {
        "label": "getValue",
        "type": "Method"
      },
      "location-before-char-start": 3471,
      "location-before-char-end": 3902,
      "node-str": "getValue"
    },
    {
      "type": "delete-node",
      "node": {
        "label": "FontDefinition",
        "type": "Class"
      },
      "location-before-char-start": 769,
      "location-before-char-end": 4486,
      "node-str": "FontDefinition"
    }
  ],
  "before-file": {},
  "after-file": {},
  "mapping": {}
}