{
  "tool-info": {},
  "diff": [
    {
      "type": "insert-node",
      "node": {
        "label": "public",
        "type": "Modifier"
      },
      "location-after-char-start": 0,
      "location-after-char-end": 0,
      "node-str": "public"
    },
    {
      "type": "insert-node",
      "node": {
        "label": "",
        "type": "TypeReference"
      },
      "location-after-char-start": 1213,
      "location-after-char-end": 1222,
      "node-str": ""
    },
    {
      "type": "insert-node",
      "node": {
        "label": "detailsField",
        "type": "Field"
      },
      "location-after-char-start": 1227,
      "location-after-char-end": 1252,
      "node-str": "detailsField"
    },
    {
      "type": "insert-node",
      "node": {
        "label": "instructionLabel",
        "type": "Field"
      },
      "location-after-char-start": 1255,
      "location-after-char-end": 1285,
      "node-str": "instructionLabel"
    },
    {
      "type": "insert-node",
      "node": {
        "label": "stepGroup",
        "type": "Field"
      },
      "location-after-char-start": 1288,
      "location-after-char-end": 1321,
      "node-str": "stepGroup"
    },
    {
      "type": "insert-node",
      "node": {
        "label": "stepWizard",
        "type": "Field"
      },
      "location-after-char-start": 1324,
      "location-after-char-end": 1358,
      "node-str": "stepWizard"
    },
    {
      "type": "insert-node",
      "node": {
        "label": "createControl",
        "type": "Method"
      },
      "location-after-char-start": 1805,
      "location-after-char-end": 2340,
      "node-str": "createControl"
    },
    {
      "type": "insert-node",
      "node": {
        "label": "createDetailsGroup",
        "type": "Method"
      },
      "location-after-char-start": 2345,
      "location-after-char-end": 3299,
      "node-str": "createDetailsGroup"
    },
    {
      "type": "insert-node",
      "node": {
        "label": "createInstructionsGroup",
        "type": "Method"
      },
      "location-after-char-start": 3304,
      "location-after-char-end": 3721,
      "node-str": "createInstructionsGroup"
    },
    {
      "type": "insert-node",
      "node": {
        "label": "org.eclipse.jface.wizard.WizardPage",
        "type": "SUPER_TYPE"
      },
      "location-after-char-start": 0,
      "location-after-char-end": 0,
      "node-str": "org.eclipse.jface.wizard.WizardPage"
    },
    {
      "type": "insert-node",
      "node": {
        "label": "org.eclipse.ui.internal.dialogs.Text",
        "type": "VARIABLE_TYPE"
      },
      "location-after-char-start": 0,
      "location-after-char-end": 0,
      "node-str": "org.eclipse.ui.internal.dialogs.Text"
    },
    {
      "type": "insert-node",
      "node": {
        "label": "org.eclipse.ui.internal.dialogs.Label",
        "type": "VARIABLE_TYPE"
      },
      "location-after-char-start": 0,
      "location-after-char-end": 0,
      "node-str": "org.eclipse.ui.internal.dialogs.Label"
    },
    {
      "type": "insert-node",
      "node": {
        "label": "org.eclipse.ui.internal.misc.WizardStepGroup",
        "type": "VARIABLE_TYPE"
      },
      "location-after-char-start": 0,
      "location-after-char-end": 0,
      "node-str": "org.eclipse.ui.internal.misc.WizardStepGroup"
    },
    {
      "type": "insert-node",
      "node": {
        "label": "org.eclipse.ui.internal.dialogs.MultiStepWizard",
        "type": "VARIABLE_TYPE"
      },
      "location-after-char-start": 0,
      "location-after-char-end": 0,
      "node-str": "org.eclipse.ui.internal.dialogs.MultiStepWizard"
    },
    {
      "type": "insert-node",
      "node": {
        "label": "void",
        "type": "RETURN_TYPE"
      },
      "location-after-char-start": 0,
      "location-after-char-end": 0,
      "node-str": "void"
    },
    {
      "type": "insert-node",
      "node": {
        "label": "public",
        "type": "Modifier"
      },
      "location-after-char-start": 0,
      "location-after-char-end": 0,
      "node-str": "public"
    },
    {
      "type": "insert-node",
      "node": {
        "label": "parent",
        "type": "Parameter"
      },
      "location-after-char-start": 1890,
      "location-after-char-end": 1905,
      "node-str": "parent"
    },
    {
      "type": "insert-node",
      "node": {
        "label": "composite",
        "type": "LocalVariable"
      },
      "location-after-char-start": 1912,
      "location-after-char-end": 1965,
      "node-str": "composite"
    },
    {
      "type": "insert-node",
      "node": {
        "label": "layout",
        "type": "LocalVariable"
      },
      "location-after-char-start": 1969,
      "location-after-char-end": 2005,
      "node-str": "layout"
    },
    {
      "type": "insert-node",
      "node": {
        "label": "\u003d",
        "type": "Assignment"
      },
      "location-after-char-start": 2009,
      "location-after-char-end": 2030,
      "node-str": "\u003d"
    },
    {
      "type": "insert-node",
      "node": {
        "label": "setLayout",
        "type": "Invocation"
      },
      "location-after-char-start": 2034,
      "location-after-char-end": 2061,
      "node-str": "setLayout"
    },
    {
      "type": "move-subtree",
      "node": {
        "label": "setLayoutData",
        "type": "Invocation"
      },
      "location-before-char-start": 2322,
      "location-before-char-end": 2379,
      "location-after-char-start": 2065,
      "location-after-char-end": 2122,
      "node-str": "setLayoutData"
    },
    {
      "type": "insert-node",
      "node": {
        "label": "setHelp",
        "type": "Invocation"
      },
      "location-after-char-start": 2127,
      "location-after-char-end": 2207,
      "node-str": "setHelp"
    },
    {
      "type": "insert-node",
      "node": {
        "label": "createStepGroup",
        "type": "Invocation"
      },
      "location-after-char-start": 2212,
      "location-after-char-end": 2238,
      "node-str": "createStepGroup"
    },
    {
      "type": "insert-node",
      "node": {
        "label": "createDetailsGroup",
        "type": "Invocation"
      },
      "location-after-char-start": 2242,
      "location-after-char-end": 2271,
      "node-str": "createDetailsGroup"
    },
    {
      "type": "insert-node",
      "node": {
        "label": "createInstructionsGroup",
        "type": "Invocation"
      },
      "location-after-char-start": 2275,
      "location-after-char-end": 2309,
      "node-str": "createInstructionsGroup"
    },
    {
      "type": "insert-node",
      "node": {
        "label": "setControl",
        "type": "Invocation"
      },
      "location-after-char-start": 2316,
      "location-after-char-end": 2337,
      "node-str": "setControl"
    },
    {
      "type": "insert-node",
      "node": {
        "label": "void",
        "type": "RETURN_TYPE"
      },
      "location-after-char-start": 0,
      "location-after-char-end": 0,
      "node-str": "void"
    },
    {
      "type": "insert-node",
      "node": {
        "label": "parent",
        "type": "Parameter"
      },
      "location-after-char-start": 2427,
      "location-after-char-end": 2442,
      "node-str": "parent"
    },
    {
      "type": "insert-node",
      "node": {
        "label": "composite",
        "type": "LocalVariable"
      },
      "location-after-char-start": 2501,
      "location-after-char-end": 2554,
      "node-str": "composite"
    },
    {
      "type": "insert-node",
      "node": {
        "label": "setLayout",
        "type": "Invocation"
      },
      "location-after-char-start": 2558,
      "location-after-char-end": 2595,
      "node-str": "setLayout"
    },
    {
      "type": "move-subtree",
      "node": {
        "label": "setLayoutData",
        "type": "Invocation"
      },
      "location-before-char-start": 2856,
      "location-before-char-end": 2913,
      "location-after-char-start": 2599,
      "location-after-char-end": 2656,
      "node-str": "setLayoutData"
    },
    {
      "type": "insert-node",
      "node": {
        "label": "label",
        "type": "LocalVariable"
      },
      "location-after-char-start": 2715,
      "location-after-char-end": 2759,
      "node-str": "label"
    },
    {
      "type": "insert-node",
      "node": {
        "label": "setText",
        "type": "Invocation"
      },
      "location-after-char-start": 2763,
      "location-after-char-end": 2847,
      "node-str": "setText"
    },
    {
      "type": "insert-node",
      "node": {
        "label": "data",
        "type": "LocalVariable"
      },
      "location-after-char-start": 2865,
      "location-after-char-end": 2895,
      "node-str": "data"
    },
    {
      "type": "insert-node",
      "node": {
        "label": "\u003d",
        "type": "Assignment"
      },
      "location-after-char-start": 2899,
      "location-after-char-end": 2931,
      "node-str": "\u003d"
    },
    {
      "type": "insert-node",
      "node": {
        "label": "setLayoutData",
        "type": "Invocation"
      },
      "location-after-char-start": 2935,
      "location-after-char-end": 2960,
      "node-str": "setLayoutData"
    },
    {
      "type": "move-subtree",
      "node": {
        "label": "\u003d",
        "type": "Assignment"
      },
      "location-before-char-start": 3270,
      "location-before-char-end": 3354,
      "location-after-char-start": 3013,
      "location-after-char-end": 3097,
      "node-str": "\u003d"
    },
    {
      "type": "insert-node",
      "node": {
        "label": "setText",
        "type": "Invocation"
      },
      "location-after-char-start": 3101,
      "location-after-char-end": 3155,
      "node-str": "setText"
    },
    {
      "type": "insert-node",
      "node": {
        "label": "setEditable",
        "type": "Invocation"
      },
      "location-after-char-start": 3201,
      "location-after-char-end": 3232,
      "node-str": "setEditable"
    },
    {
      "type": "move-subtree",
      "node": {
        "label": "setLayoutData",
        "type": "Invocation"
      },
      "location-before-char-start": 3493,
      "location-before-char-end": 3553,
      "location-after-char-start": 3236,
      "location-after-char-end": 3296,
      "node-str": "setLayoutData"
    },
    {
      "type": "insert-node",
      "node": {
        "label": "void",
        "type": "RETURN_TYPE"
      },
      "location-after-char-start": 0,
      "location-after-char-end": 0,
      "node-str": "void"
    },
    {
      "type": "insert-node",
      "node": {
        "label": "parent",
        "type": "Parameter"
      },
      "location-after-char-start": 3396,
      "location-after-char-end": 3411,
      "node-str": "parent"
    },
    {
      "type": "move-subtree",
      "node": {
        "label": "\u003d",
        "type": "Assignment"
      },
      "location-before-char-start": 3675,
      "location-before-char-end": 3721,
      "location-after-char-start": 3418,
      "location-after-char-end": 3464,
      "node-str": "\u003d"
    },
    {
      "type": "insert-node",
      "node": {
        "label": "setText",
        "type": "Invocation"
      },
      "location-after-char-start": 3468,
      "location-after-char-end": 3567,
      "node-str": "setText"
    },
    {
      "type": "insert-node",
      "node": {
        "label": "data",
        "type": "LocalVariable"
      },
      "location-after-char-start": 3585,
      "location-after-char-end": 3615,
      "node-str": "data"
    },
    {
      "type": "insert-node",
      "node": {
        "label": "\u003d",
        "type": "Assignment"
      },
      "location-after-char-start": 3619,
      "location-after-char-end": 3651,
      "node-str": "\u003d"
    },
    {
      "type": "insert-node",
      "node": {
        "label": "\u003d",
        "type": "Assignment"
      },
      "location-after-char-start": 3655,
      "location-after-char-end": 3678,
      "node-str": "\u003d"
    },
    {
      "type": "insert-node",
      "node": {
        "label": "setLayoutData",
        "type": "Invocation"
      },
      "location-after-char-start": 3682,
      "location-after-char-end": 3718,
      "node-str": "setLayoutData"
    },
    {
      "type": "update-node",
      "node": {
        "label": "org.eclipse.ui.internal.dialogs.MultiStepWizard",
        "type": "VARIABLE_TYPE"
      },
      "location-before-char-start": 0,
      "location-before-char-end": 0,
      "location-after-char-start": 0,
      "location-after-char-end": 0,
      "node-str": "MultiStepWizard"
    },
    {
      "type": "insert-node",
      "node": {
        "label": "Composite",
        "type": "VARIABLE_TYPE"
      },
      "location-after-char-start": 0,
      "location-after-char-end": 0,
      "node-str": "Composite"
    },
    {
      "type": "insert-node",
      "node": {
        "label": "Composite",
        "type": "VARIABLE_TYPE"
      },
      "location-after-char-start": 0,
      "location-after-char-end": 0,
      "node-str": "Composite"
    },
    {
      "type": "insert-node",
      "node": {
        "label": "java.lang.Object()",
        "type": "ConstructorCall"
      },
      "location-after-char-start": 1934,
      "location-after-char-end": 1964,
      "node-str": "java.lang.Object()"
    },
    {
      "type": "insert-node",
      "node": {
        "label": "org.eclipse.swt.layout.GridLayout",
        "type": "VARIABLE_TYPE"
      },
      "location-after-char-start": 0,
      "location-after-char-end": 0,
      "node-str": "org.eclipse.swt.layout.GridLayout"
    },
    {
      "type": "insert-node",
      "node": {
        "label": "org.eclipse.swt.layout.GridLayout()",
        "type": "ConstructorCall"
      },
      "location-after-char-start": 1989,
      "location-after-char-end": 2004,
      "node-str": "org.eclipse.swt.layout.GridLayout()"
    },
    {
      "type": "insert-node",
      "node": {
        "label": "numColumns",
        "type": "FieldWrite"
      },
      "location-after-char-start": 2009,
      "location-after-char-end": 2025,
      "node-str": "numColumns"
    },
    {
      "type": "insert-node",
      "node": {
        "label": "2",
        "type": "Literal"
      },
      "location-after-char-start": 2029,
      "location-after-char-end": 2029,
      "node-str": "2"
    },
    {
      "type": "insert-node",
      "node": {
        "label": "composite",
        "type": "VariableRead"
      },
      "location-after-char-start": 2034,
      "location-after-char-end": 2042,
      "node-str": "composite"
    },
    {
      "type": "insert-node",
      "node": {
        "label": "layout",
        "type": "VariableRead"
      },
      "location-after-char-start": 2054,
      "location-after-char-end": 2059,
      "node-str": "layout"
    },
    {
      "type": "insert-node",
      "node": {
        "label": "org.eclipse.ui.help.WorkbenchHelp",
        "type": "TypeAccess"
      },
      "location-after-char-start": 2127,
      "location-after-char-end": 2139,
      "node-str": "org.eclipse.ui.help.WorkbenchHelp"
    },
    {
      "type": "insert-node",
      "node": {
        "label": "composite",
        "type": "VariableRead"
      },
      "location-after-char-start": 2149,
      "location-after-char-end": 2157,
      "node-str": "composite"
    },
    {
      "type": "insert-node",
      "node": {
        "label": "IHelpContextIds.NEW_PROJECT_REVIEW_WIZARD_PAGE",
        "type": "TypeAccess"
      },
      "location-after-char-start": 2160,
      "location-after-char-end": 2205,
      "node-str": "IHelpContextIds.NEW_PROJECT_REVIEW_WIZARD_PAGE"
    },
    {
      "type": "insert-node",
      "node": {
        "label": "org.eclipse.ui.internal.dialogs.MultiStepReviewWizardPage",
        "type": "TypeAccess"
      },
      "location-after-char-start": 0,
      "location-after-char-end": 0,
      "node-str": "org.eclipse.ui.internal.dialogs.MultiStepReviewWizardPage"
    },
    {
      "type": "insert-node",
      "node": {
        "label": "composite",
        "type": "VariableRead"
      },
      "location-after-char-start": 2228,
      "location-after-char-end": 2236,
      "node-str": "composite"
    },
    {
      "type": "insert-node",
      "node": {
        "label": "org.eclipse.ui.internal.dialogs.MultiStepReviewWizardPage",
        "type": "TypeAccess"
      },
      "location-after-char-start": 0,
      "location-after-char-end": 0,
      "node-str": "org.eclipse.ui.internal.dialogs.MultiStepReviewWizardPage"
    },
    {
      "type": "insert-node",
      "node": {
        "label": "composite",
        "type": "VariableRead"
      },
      "location-after-char-start": 2261,
      "location-after-char-end": 2269,
      "node-str": "composite"
    },
    {
      "type": "insert-node",
      "node": {
        "label": "org.eclipse.ui.internal.dialogs.MultiStepReviewWizardPage",
        "type": "TypeAccess"
      },
      "location-after-char-start": 0,
      "location-after-char-end": 0,
      "node-str": "org.eclipse.ui.internal.dialogs.MultiStepReviewWizardPage"
    },
    {
      "type": "insert-node",
      "node": {
        "label": "composite",
        "type": "VariableRead"
      },
      "location-after-char-start": 2299,
      "location-after-char-end": 2307,
      "node-str": "composite"
    },
    {
      "type": "insert-node",
      "node": {
        "label": "org.eclipse.ui.internal.dialogs.MultiStepReviewWizardPage",
        "type": "TypeAccess"
      },
      "location-after-char-start": 0,
      "location-after-char-end": 0,
      "node-str": "org.eclipse.ui.internal.dialogs.MultiStepReviewWizardPage"
    },
    {
      "type": "insert-node",
      "node": {
        "label": "composite",
        "type": "VariableRead"
      },
      "location-after-char-start": 2327,
      "location-after-char-end": 2335,
      "node-str": "composite"
    },
    {
      "type": "insert-node",
      "node": {
        "label": "Composite",
        "type": "VARIABLE_TYPE"
      },
      "location-after-char-start": 0,
      "location-after-char-end": 0,
      "node-str": "Composite"
    },
    {
      "type": "insert-node",
      "node": {
        "label": "Composite",
        "type": "VARIABLE_TYPE"
      },
      "location-after-char-start": 0,
      "location-after-char-end": 0,
      "node-str": "Composite"
    },
    {
      "type": "insert-node",
      "node": {
        "label": "java.lang.Object()",
        "type": "ConstructorCall"
      },
      "location-after-char-start": 2523,
      "location-after-char-end": 2553,
      "node-str": "java.lang.Object()"
    },
    {
      "type": "insert-node",
      "node": {
        "label": "composite",
        "type": "VariableRead"
      },
      "location-after-char-start": 2558,
      "location-after-char-end": 2566,
      "node-str": "composite"
    },
    {
      "type": "insert-node",
      "node": {
        "label": "org.eclipse.swt.layout.GridLayout()",
        "type": "ConstructorCall"
      },
      "location-after-char-start": 2578,
      "location-after-char-end": 2593,
      "node-str": "org.eclipse.swt.layout.GridLayout()"
    },
    {
      "type": "insert-node",
      "node": {
        "label": "Label",
        "type": "VARIABLE_TYPE"
      },
      "location-after-char-start": 0,
      "location-after-char-end": 0,
      "node-str": "Label"
    },
    {
      "type": "insert-node",
      "node": {
        "label": "java.lang.Object()",
        "type": "ConstructorCall"
      },
      "location-after-char-start": 2729,
      "location-after-char-end": 2758,
      "node-str": "java.lang.Object()"
    },
    {
      "type": "insert-node",
      "node": {
        "label": "label",
        "type": "VariableRead"
      },
      "location-after-char-start": 2763,
      "location-after-char-end": 2767,
      "node-str": "label"
    },
    {
      "type": "insert-node",
      "node": {
        "label": "getString",
        "type": "Invocation"
      },
      "location-after-char-start": 2777,
      "location-after-char-end": 2845,
      "node-str": "getString"
    },
    {
      "type": "insert-node",
      "node": {
        "label": "org.eclipse.swt.layout.GridData",
        "type": "VARIABLE_TYPE"
      },
      "location-after-char-start": 0,
      "location-after-char-end": 0,
      "node-str": "org.eclipse.swt.layout.GridData"
    },
    {
      "type": "insert-node",
      "node": {
        "label": "org.eclipse.swt.layout.GridData()",
        "type": "ConstructorCall"
      },
      "location-after-char-start": 2881,
      "location-after-char-end": 2894,
      "node-str": "org.eclipse.swt.layout.GridData()"
    },
    {
      "type": "insert-node",
      "node": {
        "label": "verticalAlignment",
        "type": "FieldWrite"
      },
      "location-after-char-start": 2899,
      "location-after-char-end": 2920,
      "node-str": "verticalAlignment"
    },
    {
      "type": "insert-node",
      "node": {
        "label": "TOP",
        "type": "FieldRead"
      },
      "location-after-char-start": 2924,
      "location-after-char-end": 2930,
      "node-str": "TOP"
    },
    {
      "type": "insert-node",
      "node": {
        "label": "label",
        "type": "VariableRead"
      },
      "location-after-char-start": 2935,
      "location-after-char-end": 2939,
      "node-str": "label"
    },
    {
      "type": "insert-node",
      "node": {
        "label": "data",
        "type": "VariableRead"
      },
      "location-after-char-start": 2955,
      "location-after-char-end": 2958,
      "node-str": "data"
    },
    {
      "type": "insert-node",
      "node": {
        "label": "detailsField",
        "type": "FieldRead"
      },
      "location-after-char-start": 3101,
      "location-after-char-end": 3112,
      "node-str": "detailsField"
    },
    {
      "type": "insert-node",
      "node": {
        "label": "\"\\n\\n\\n\\n\\n\\n\\n\\n\\n\\n\\n\\n\\n\\n\\n\"",
        "type": "Literal"
      },
      "location-after-char-start": 3122,
      "location-after-char-end": 3153,
      "node-str": "\"\\n\\n\\n\\n\\n\\n\\n\\n\\n\\n\\n\\n\\n\\n\\n\""
    },
    {
      "type": "insert-node",
      "node": {
        "label": "detailsField",
        "type": "FieldRead"
      },
      "location-after-char-start": 3201,
      "location-after-char-end": 3212,
      "node-str": "detailsField"
    },
    {
      "type": "insert-node",
      "node": {
        "label": "false",
        "type": "Literal"
      },
      "location-after-char-start": 3226,
      "location-after-char-end": 3230,
      "node-str": "false"
    },
    {
      "type": "insert-node",
      "node": {
        "label": "Composite",
        "type": "VARIABLE_TYPE"
      },
      "location-after-char-start": 0,
      "location-after-char-end": 0,
      "node-str": "Composite"
    },
    {
      "type": "insert-node",
      "node": {
        "label": "instructionLabel",
        "type": "FieldRead"
      },
      "location-after-char-start": 3468,
      "location-after-char-end": 3483,
      "node-str": "instructionLabel"
    },
    {
      "type": "insert-node",
      "node": {
        "label": "getString",
        "type": "Invocation"
      },
      "location-after-char-start": 3493,
      "location-after-char-end": 3565,
      "node-str": "getString"
    },
    {
      "type": "insert-node",
      "node": {
        "label": "org.eclipse.swt.layout.GridData",
        "type": "VARIABLE_TYPE"
      },
      "location-after-char-start": 0,
      "location-after-char-end": 0,
      "node-str": "org.eclipse.swt.layout.GridData"
    },
    {
      "type": "insert-node",
      "node": {
        "label": "org.eclipse.swt.layout.GridData()",
        "type": "ConstructorCall"
      },
      "location-after-char-start": 3601,
      "location-after-char-end": 3614,
      "node-str": "org.eclipse.swt.layout.GridData()"
    },
    {
      "type": "insert-node",
      "node": {
        "label": "verticalAlignment",
        "type": "FieldWrite"
      },
      "location-after-char-start": 3619,
      "location-after-char-end": 3640,
      "node-str": "verticalAlignment"
    },
    {
      "type": "insert-node",
      "node": {
        "label": "TOP",
        "type": "FieldRead"
      },
      "location-after-char-start": 3644,
      "location-after-char-end": 3650,
      "node-str": "TOP"
    },
    {
      "type": "insert-node",
      "node": {
        "label": "horizontalSpan",
        "type": "FieldWrite"
      },
      "location-after-char-start": 3655,
      "location-after-char-end": 3673,
      "node-str": "horizontalSpan"
    },
    {
      "type": "insert-node",
      "node": {
        "label": "2",
        "type": "Literal"
      },
      "location-after-char-start": 3677,
      "location-after-char-end": 3677,
      "node-str": "2"
    },
    {
      "type": "insert-node",
      "node": {
        "label": "instructionLabel",
        "type": "FieldRead"
      },
      "location-after-char-start": 3682,
      "location-after-char-end": 3697,
      "node-str": "instructionLabel"
    },
    {
      "type": "insert-node",
      "node": {
        "label": "data",
        "type": "VariableRead"
      },
      "location-after-char-start": 3713,
      "location-after-char-end": 3716,
      "node-str": "data"
    },
    {
      "type": "update-node",
      "node": {
        "label": "org.eclipse.swt.widgets.Composite",
        "type": "VARIABLE_TYPE"
      },
      "location-before-char-start": 0,
      "location-before-char-end": 0,
      "location-after-char-start": 0,
      "location-after-char-end": 0,
      "node-str": "Composite"
    },
    {
      "type": "update-node",
      "node": {
        "label": "org.eclipse.jface.viewers.ISelectionChangedListener()",
        "type": "NewClass"
      },
      "location-before-char-start": 4190,
      "location-before-char-end": 4568,
      "location-after-char-start": 3933,
      "location-after-char-end": 4311,
      "node-str": "ISelectionChangedListener()"
    },
    {
      "type": "update-node",
      "node": {
        "label": "org.eclipse.ui.internal.dialogs.WizardStep[]",
        "type": "VARIABLE_TYPE"
      },
      "location-before-char-start": 0,
      "location-before-char-end": 0,
      "location-after-char-start": 0,
      "location-after-char-end": 0,
      "node-str": "WizardStep[]"
    },
    {
      "type": "insert-node",
      "node": {
        "label": "parent",
        "type": "VariableRead"
      },
      "location-after-char-start": 1948,
      "location-after-char-end": 1953,
      "node-str": "parent"
    },
    {
      "type": "insert-node",
      "node": {
        "label": "NULL",
        "type": "FieldRead"
      },
      "location-after-char-start": 1956,
      "location-after-char-end": 1963,
      "node-str": "NULL"
    },
    {
      "type": "insert-node",
      "node": {
        "label": "layout",
        "type": "VariableWrite"
      },
      "location-after-char-start": 2009,
      "location-after-char-end": 2025,
      "node-str": "layout"
    },
    {
      "type": "insert-node",
      "node": {
        "label": "parent",
        "type": "VariableRead"
      },
      "location-after-char-start": 2537,
      "location-after-char-end": 2542,
      "node-str": "parent"
    },
    {
      "type": "insert-node",
      "node": {
        "label": "NULL",
        "type": "FieldRead"
      },
      "location-after-char-start": 2545,
      "location-after-char-end": 2552,
      "node-str": "NULL"
    },
    {
      "type": "insert-node",
      "node": {
        "label": "composite",
        "type": "VariableRead"
      },
      "location-after-char-start": 2739,
      "location-after-char-end": 2747,
      "node-str": "composite"
    },
    {
      "type": "insert-node",
      "node": {
        "label": "LEFT",
        "type": "FieldRead"
      },
      "location-after-char-start": 2750,
      "location-after-char-end": 2757,
      "node-str": "LEFT"
    },
    {
      "type": "insert-node",
      "node": {
        "label": "org.eclipse.ui.internal.WorkbenchMessages",
        "type": "TypeAccess"
      },
      "location-after-char-start": 2777,
      "location-after-char-end": 2793,
      "node-str": "org.eclipse.ui.internal.WorkbenchMessages"
    },
    {
      "type": "insert-node",
      "node": {
        "label": "\"MultiStepReviewWizardPage.detailsLabel\"",
        "type": "Literal"
      },
      "location-after-char-start": 2805,
      "location-after-char-end": 2844,
      "node-str": "\"MultiStepReviewWizardPage.detailsLabel\""
    },
    {
      "type": "insert-node",
      "node": {
        "label": "data",
        "type": "VariableWrite"
      },
      "location-after-char-start": 2899,
      "location-after-char-end": 2920,
      "node-str": "data"
    },
    {
      "type": "insert-node",
      "node": {
        "label": "org.eclipse.swt.SWT",
        "type": "TypeAccess"
      },
      "location-after-char-start": 0,
      "location-after-char-end": 0,
      "node-str": "org.eclipse.swt.SWT"
    },
    {
      "type": "insert-node",
      "node": {
        "label": "org.eclipse.ui.internal.dialogs.MultiStepReviewWizardPage",
        "type": "TypeAccess"
      },
      "location-after-char-start": 0,
      "location-after-char-end": 0,
      "node-str": "org.eclipse.ui.internal.dialogs.MultiStepReviewWizardPage"
    },
    {
      "type": "insert-node",
      "node": {
        "label": "org.eclipse.ui.internal.dialogs.MultiStepReviewWizardPage",
        "type": "TypeAccess"
      },
      "location-after-char-start": 0,
      "location-after-char-end": 0,
      "node-str": "org.eclipse.ui.internal.dialogs.MultiStepReviewWizardPage"
    },
    {
      "type": "insert-node",
      "node": {
        "label": "org.eclipse.ui.internal.dialogs.MultiStepReviewWizardPage",
        "type": "TypeAccess"
      },
      "location-after-char-start": 0,
      "location-after-char-end": 0,
      "node-str": "org.eclipse.ui.internal.dialogs.MultiStepReviewWizardPage"
    },
    {
      "type": "insert-node",
      "node": {
        "label": "org.eclipse.ui.internal.WorkbenchMessages",
        "type": "TypeAccess"
      },
      "location-after-char-start": 3493,
      "location-after-char-end": 3509,
      "node-str": "org.eclipse.ui.internal.WorkbenchMessages"
    },
    {
      "type": "insert-node",
      "node": {
        "label": "\"MultiStepReviewWizardPage.instructionLabel\"",
        "type": "Literal"
      },
      "location-after-char-start": 3521,
      "location-after-char-end": 3564,
      "node-str": "\"MultiStepReviewWizardPage.instructionLabel\""
    },
    {
      "type": "insert-node",
      "node": {
        "label": "data",
        "type": "VariableWrite"
      },
      "location-after-char-start": 3619,
      "location-after-char-end": 3640,
      "node-str": "data"
    },
    {
      "type": "insert-node",
      "node": {
        "label": "org.eclipse.swt.SWT",
        "type": "TypeAccess"
      },
      "location-after-char-start": 0,
      "location-after-char-end": 0,
      "node-str": "org.eclipse.swt.SWT"
    },
    {
      "type": "insert-node",
      "node": {
        "label": "data",
        "type": "VariableWrite"
      },
      "location-after-char-start": 3655,
      "location-after-char-end": 3673,
      "node-str": "data"
    },
    {
      "type": "insert-node",
      "node": {
        "label": "org.eclipse.ui.internal.dialogs.MultiStepReviewWizardPage",
        "type": "TypeAccess"
      },
      "location-after-char-start": 0,
      "location-after-char-end": 0,
      "node-str": "org.eclipse.ui.internal.dialogs.MultiStepReviewWizardPage"
    },
    {
      "type": "insert-node",
      "node": {
        "label": "org.eclipse.swt.SWT",
        "type": "TypeAccess"
      },
      "location-after-char-start": 0,
      "location-after-char-end": 0,
      "node-str": "org.eclipse.swt.SWT"
    },
    {
      "type": "insert-node",
      "node": {
        "label": "org.eclipse.swt.SWT",
        "type": "TypeAccess"
      },
      "location-after-char-start": 0,
      "location-after-char-end": 0,
      "node-str": "org.eclipse.swt.SWT"
    },
    {
      "type": "insert-node",
      "node": {
        "label": "org.eclipse.swt.SWT",
        "type": "TypeAccess"
      },
      "location-after-char-start": 0,
      "location-after-char-end": 0,
      "node-str": "org.eclipse.swt.SWT"
    },
    {
      "type": "update-node",
      "node": {
        "label": "org.eclipse.jface.viewers.ISelectionChangedListener",
        "type": "SUPER_TYPE"
      },
      "location-before-char-start": 0,
      "location-before-char-end": 0,
      "location-after-char-start": 0,
      "location-after-char-end": 0,
      "node-str": "ISelectionChangedListener"
    },
    {
      "type": "update-node",
      "node": {
        "label": "org.eclipse.jface.viewers.SelectionChangedEvent",
        "type": "VARIABLE_TYPE"
      },
      "location-before-char-start": 0,
      "location-before-char-end": 0,
      "location-after-char-start": 0,
      "location-after-char-end": 0,
      "node-str": "SelectionChangedEvent"
    },
    {
      "type": "update-node",
      "node": {
        "label": "org.eclipse.jface.viewers.IStructuredSelection",
        "type": "TypeAccess"
      },
      "location-before-char-start": 4327,
      "location-before-char-end": 4346,
      "location-after-char-start": 4070,
      "location-after-char-end": 4089,
      "node-str": "IStructuredSelection"
    },
    {
      "type": "update-node",
      "node": {
        "label": "org.eclipse.jface.viewers.IStructuredSelection",
        "type": "VARIABLE_TYPE"
      },
      "location-before-char-start": 0,
      "location-before-char-end": 0,
      "location-after-char-start": 0,
      "location-after-char-end": 0,
      "node-str": "IStructuredSelection"
    },
    {
      "type": "update-node",
      "node": {
        "label": "org.eclipse.ui.internal.dialogs.WizardStep",
        "type": "VARIABLE_TYPE"
      },
      "location-before-char-start": 0,
      "location-before-char-end": 0,
      "location-after-char-start": 0,
      "location-after-char-end": 0,
      "node-str": "WizardStep"
    },
    {
      "type": "delete-node",
      "node": {
        "label": "public",
        "type": "Modifier"
      },
      "location-before-char-start": 0,
      "location-before-char-end": 0,
      "node-str": "public"
    },
    {
      "type": "delete-node",
      "node": {
        "label": "org.eclipse.jface.wizard.WizardPage",
        "type": "SUPER_TYPE"
      },
      "location-before-char-start": 0,
      "location-before-char-end": 0,
      "node-str": "org.eclipse.jface.wizard.WizardPage"
    },
    {
      "type": "delete-node",
      "node": {
        "label": "",
        "type": "TypeReference"
      },
      "location-before-char-start": 1470,
      "location-before-char-end": 1479,
      "node-str": ""
    },
    {
      "type": "delete-node",
      "node": {
        "label": "org.eclipse.swt.widgets.Text",
        "type": "VARIABLE_TYPE"
      },
      "location-before-char-start": 0,
      "location-before-char-end": 0,
      "node-str": "org.eclipse.swt.widgets.Text"
    },
    {
      "type": "delete-node",
      "node": {
        "label": "detailsField",
        "type": "Field"
      },
      "location-before-char-start": 1484,
      "location-before-char-end": 1509,
      "node-str": "detailsField"
    },
    {
      "type": "delete-node",
      "node": {
        "label": "org.eclipse.swt.widgets.Label",
        "type": "VARIABLE_TYPE"
      },
      "location-before-char-start": 0,
      "location-before-char-end": 0,
      "node-str": "org.eclipse.swt.widgets.Label"
    },
    {
      "type": "delete-node",
      "node": {
        "label": "instructionLabel",
        "type": "Field"
      },
      "location-before-char-start": 1512,
      "location-before-char-end": 1542,
      "node-str": "instructionLabel"
    },
    {
      "type": "delete-node",
      "node": {
        "label": "org.eclipse.ui.internal.misc.WizardStepGroup",
        "type": "VARIABLE_TYPE"
      },
      "location-before-char-start": 0,
      "location-before-char-end": 0,
      "node-str": "org.eclipse.ui.internal.misc.WizardStepGroup"
    },
    {
      "type": "delete-node",
      "node": {
        "label": "stepGroup",
        "type": "Field"
      },
      "location-before-char-start": 1545,
      "location-before-char-end": 1578,
      "node-str": "stepGroup"
    },
    {
      "type": "delete-node",
      "node": {
        "label": "org.eclipse.ui.internal.dialogs.MultiStepWizard",
        "type": "VARIABLE_TYPE"
      },
      "location-before-char-start": 0,
      "location-before-char-end": 0,
      "node-str": "org.eclipse.ui.internal.dialogs.MultiStepWizard"
    },
    {
      "type": "delete-node",
      "node": {
        "label": "stepWizard",
        "type": "Field"
      },
      "location-before-char-start": 1581,
      "location-before-char-end": 1615,
      "node-str": "stepWizard"
    },
    {
      "type": "delete-node",
      "node": {
        "label": "void",
        "type": "RETURN_TYPE"
      },
      "location-before-char-start": 0,
      "location-before-char-end": 0,
      "node-str": "void"
    },
    {
      "type": "delete-node",
      "node": {
        "label": "public",
        "type": "Modifier"
      },
      "location-before-char-start": 0,
      "location-before-char-end": 0,
      "node-str": "public"
    },
    {
      "type": "delete-node",
      "node": {
        "label": "org.eclipse.swt.widgets.Composite",
        "type": "VARIABLE_TYPE"
      },
      "location-before-char-start": 0,
      "location-before-char-end": 0,
      "node-str": "org.eclipse.swt.widgets.Composite"
    },
    {
      "type": "delete-node",
      "node": {
        "label": "parent",
        "type": "Parameter"
      },
      "location-before-char-start": 2147,
      "location-before-char-end": 2162,
      "node-str": "parent"
    },
    {
      "type": "delete-node",
      "node": {
        "label": "org.eclipse.swt.widgets.Composite",
        "type": "VARIABLE_TYPE"
      },
      "location-before-char-start": 0,
      "location-before-char-end": 0,
      "node-str": "org.eclipse.swt.widgets.Composite"
    },
    {
      "type": "delete-node",
      "node": {
        "label": "parent",
        "type": "VariableRead"
      },
      "location-before-char-start": 2205,
      "location-before-char-end": 2210,
      "node-str": "parent"
    },
    {
      "type": "delete-node",
      "node": {
        "label": "org.eclipse.swt.SWT",
        "type": "TypeAccess"
      },
      "location-before-char-start": 0,
      "location-before-char-end": 0,
      "node-str": "org.eclipse.swt.SWT"
    },
    {
      "type": "delete-node",
      "node": {
        "label": "NULL",
        "type": "FieldRead"
      },
      "location-before-char-start": 2213,
      "location-before-char-end": 2220,
      "node-str": "NULL"
    },
    {
      "type": "delete-node",
      "node": {
        "label": "java.lang.Object()",
        "type": "ConstructorCall"
      },
      "location-before-char-start": 2191,
      "location-before-char-end": 2221,
      "node-str": "java.lang.Object()"
    },
    {
      "type": "delete-node",
      "node": {
        "label": "composite",
        "type": "LocalVariable"
      },
      "location-before-char-start": 2169,
      "location-before-char-end": 2222,
      "node-str": "composite"
    },
    {
      "type": "delete-node",
      "node": {
        "label": "org.eclipse.swt.layout.GridLayout",
        "type": "VARIABLE_TYPE"
      },
      "location-before-char-start": 0,
      "location-before-char-end": 0,
      "node-str": "org.eclipse.swt.layout.GridLayout"
    },
    {
      "type": "delete-node",
      "node": {
        "label": "org.eclipse.swt.layout.GridLayout()",
        "type": "ConstructorCall"
      },
      "location-before-char-start": 2246,
      "location-before-char-end": 2261,
      "node-str": "org.eclipse.swt.layout.GridLayout()"
    },
    {
      "type": "delete-node",
      "node": {
        "label": "layout",
        "type": "LocalVariable"
      },
      "location-before-char-start": 2226,
      "location-before-char-end": 2262,
      "node-str": "layout"
    },
    {
      "type": "delete-node",
      "node": {
        "label": "layout",
        "type": "VariableWrite"
      },
      "location-before-char-start": 2266,
      "location-before-char-end": 2282,
      "node-str": "layout"
    },
    {
      "type": "delete-node",
      "node": {
        "label": "numColumns",
        "type": "FieldWrite"
      },
      "location-before-char-start": 2266,
      "location-before-char-end": 2282,
      "node-str": "numColumns"
    },
    {
      "type": "delete-node",
      "node": {
        "label": "2",
        "type": "Literal"
      },
      "location-before-char-start": 2286,
      "location-before-char-end": 2286,
      "node-str": "2"
    },
    {
      "type": "delete-node",
      "node": {
        "label": "\u003d",
        "type": "Assignment"
      },
      "location-before-char-start": 2266,
      "location-before-char-end": 2287,
      "node-str": "\u003d"
    },
    {
      "type": "delete-node",
      "node": {
        "label": "composite",
        "type": "VariableRead"
      },
      "location-before-char-start": 2291,
      "location-before-char-end": 2299,
      "node-str": "composite"
    },
    {
      "type": "delete-node",
      "node": {
        "label": "layout",
        "type": "VariableRead"
      },
      "location-before-char-start": 2311,
      "location-before-char-end": 2316,
      "node-str": "layout"
    },
    {
      "type": "delete-node",
      "node": {
        "label": "setLayout",
        "type": "Invocation"
      },
      "location-before-char-start": 2291,
      "location-before-char-end": 2318,
      "node-str": "setLayout"
    },
    {
      "type": "delete-node",
      "node": {
        "label": "org.eclipse.ui.help.WorkbenchHelp",
        "type": "TypeAccess"
      },
      "location-before-char-start": 2384,
      "location-before-char-end": 2396,
      "node-str": "org.eclipse.ui.help.WorkbenchHelp"
    },
    {
      "type": "delete-node",
      "node": {
        "label": "composite",
        "type": "VariableRead"
      },
      "location-before-char-start": 2406,
      "location-before-char-end": 2414,
      "node-str": "composite"
    },
    {
      "type": "delete-node",
      "node": {
        "label": "IHelpContextIds.NEW_PROJECT_REVIEW_WIZARD_PAGE",
        "type": "TypeAccess"
      },
      "location-before-char-start": 2417,
      "location-before-char-end": 2462,
      "node-str": "IHelpContextIds.NEW_PROJECT_REVIEW_WIZARD_PAGE"
    },
    {
      "type": "delete-node",
      "node": {
        "label": "setHelp",
        "type": "Invocation"
      },
      "location-before-char-start": 2384,
      "location-before-char-end": 2464,
      "node-str": "setHelp"
    },
    {
      "type": "delete-node",
      "node": {
        "label": "org.eclipse.ui.internal.dialogs.MultiStepReviewWizardPage",
        "type": "TypeAccess"
      },
      "location-before-char-start": 0,
      "location-before-char-end": 0,
      "node-str": "org.eclipse.ui.internal.dialogs.MultiStepReviewWizardPage"
    },
    {
      "type": "delete-node",
      "node": {
        "label": "composite",
        "type": "VariableRead"
      },
      "location-before-char-start": 2485,
      "location-before-char-end": 2493,
      "node-str": "composite"
    },
    {
      "type": "delete-node",
      "node": {
        "label": "createStepGroup",
        "type": "Invocation"
      },
      "location-before-char-start": 2469,
      "location-before-char-end": 2495,
      "node-str": "createStepGroup"
    },
    {
      "type": "delete-node",
      "node": {
        "label": "org.eclipse.ui.internal.dialogs.MultiStepReviewWizardPage",
        "type": "TypeAccess"
      },
      "location-before-char-start": 0,
      "location-before-char-end": 0,
      "node-str": "org.eclipse.ui.internal.dialogs.MultiStepReviewWizardPage"
    },
    {
      "type": "delete-node",
      "node": {
        "label": "composite",
        "type": "VariableRead"
      },
      "location-before-char-start": 2518,
      "location-before-char-end": 2526,
      "node-str": "composite"
    },
    {
      "type": "delete-node",
      "node": {
        "label": "createDetailsGroup",
        "type": "Invocation"
      },
      "location-before-char-start": 2499,
      "location-before-char-end": 2528,
      "node-str": "createDetailsGroup"
    },
    {
      "type": "delete-node",
      "node": {
        "label": "org.eclipse.ui.internal.dialogs.MultiStepReviewWizardPage",
        "type": "TypeAccess"
      },
      "location-before-char-start": 0,
      "location-before-char-end": 0,
      "node-str": "org.eclipse.ui.internal.dialogs.MultiStepReviewWizardPage"
    },
    {
      "type": "delete-node",
      "node": {
        "label": "composite",
        "type": "VariableRead"
      },
      "location-before-char-start": 2556,
      "location-before-char-end": 2564,
      "node-str": "composite"
    },
    {
      "type": "delete-node",
      "node": {
        "label": "createInstructionsGroup",
        "type": "Invocation"
      },
      "location-before-char-start": 2532,
      "location-before-char-end": 2566,
      "node-str": "createInstructionsGroup"
    },
    {
      "type": "delete-node",
      "node": {
        "label": "org.eclipse.ui.internal.dialogs.MultiStepReviewWizardPage",
        "type": "TypeAccess"
      },
      "location-before-char-start": 0,
      "location-before-char-end": 0,
      "node-str": "org.eclipse.ui.internal.dialogs.MultiStepReviewWizardPage"
    },
    {
      "type": "delete-node",
      "node": {
        "label": "composite",
        "type": "VariableRead"
      },
      "location-before-char-start": 2584,
      "location-before-char-end": 2592,
      "node-str": "composite"
    },
    {
      "type": "delete-node",
      "node": {
        "label": "setControl",
        "type": "Invocation"
      },
      "location-before-char-start": 2573,
      "location-before-char-end": 2594,
      "node-str": "setControl"
    },
    {
      "type": "delete-node",
      "node": {
        "label": "createControl",
        "type": "Method"
      },
      "location-before-char-start": 2062,
      "location-before-char-end": 2597,
      "node-str": "createControl"
    },
    {
      "type": "delete-node",
      "node": {
        "label": "void",
        "type": "RETURN_TYPE"
      },
      "location-before-char-start": 0,
      "location-before-char-end": 0,
      "node-str": "void"
    },
    {
      "type": "delete-node",
      "node": {
        "label": "org.eclipse.swt.widgets.Composite",
        "type": "VARIABLE_TYPE"
      },
      "location-before-char-start": 0,
      "location-before-char-end": 0,
      "node-str": "org.eclipse.swt.widgets.Composite"
    },
    {
      "type": "delete-node",
      "node": {
        "label": "parent",
        "type": "Parameter"
      },
      "location-before-char-start": 2684,
      "location-before-char-end": 2699,
      "node-str": "parent"
    },
    {
      "type": "delete-node",
      "node": {
        "label": "org.eclipse.swt.widgets.Composite",
        "type": "VARIABLE_TYPE"
      },
      "location-before-char-start": 0,
      "location-before-char-end": 0,
      "node-str": "org.eclipse.swt.widgets.Composite"
    },
    {
      "type": "delete-node",
      "node": {
        "label": "parent",
        "type": "VariableRead"
      },
      "location-before-char-start": 2794,
      "location-before-char-end": 2799,
      "node-str": "parent"
    },
    {
      "type": "delete-node",
      "node": {
        "label": "org.eclipse.swt.SWT",
        "type": "TypeAccess"
      },
      "location-before-char-start": 0,
      "location-before-char-end": 0,
      "node-str": "org.eclipse.swt.SWT"
    },
    {
      "type": "delete-node",
      "node": {
        "label": "NULL",
        "type": "FieldRead"
      },
      "location-before-char-start": 2802,
      "location-before-char-end": 2809,
      "node-str": "NULL"
    },
    {
      "type": "delete-node",
      "node": {
        "label": "java.lang.Object()",
        "type": "ConstructorCall"
      },
      "location-before-char-start": 2780,
      "location-before-char-end": 2810,
      "node-str": "java.lang.Object()"
    },
    {
      "type": "delete-node",
      "node": {
        "label": "composite",
        "type": "LocalVariable"
      },
      "location-before-char-start": 2758,
      "location-before-char-end": 2811,
      "node-str": "composite"
    },
    {
      "type": "delete-node",
      "node": {
        "label": "composite",
        "type": "VariableRead"
      },
      "location-before-char-start": 2815,
      "location-before-char-end": 2823,
      "node-str": "composite"
    },
    {
      "type": "delete-node",
      "node": {
        "label": "org.eclipse.swt.layout.GridLayout()",
        "type": "ConstructorCall"
      },
      "location-before-char-start": 2835,
      "location-before-char-end": 2850,
      "node-str": "org.eclipse.swt.layout.GridLayout()"
    },
    {
      "type": "delete-node",
      "node": {
        "label": "setLayout",
        "type": "Invocation"
      },
      "location-before-char-start": 2815,
      "location-before-char-end": 2852,
      "node-str": "setLayout"
    },
    {
      "type": "delete-node",
      "node": {
        "label": "org.eclipse.swt.widgets.Label",
        "type": "VARIABLE_TYPE"
      },
      "location-before-char-start": 0,
      "location-before-char-end": 0,
      "node-str": "org.eclipse.swt.widgets.Label"
    },
    {
      "type": "delete-node",
      "node": {
        "label": "composite",
        "type": "VariableRead"
      },
      "location-before-char-start": 2996,
      "location-before-char-end": 3004,
      "node-str": "composite"
    },
    {
      "type": "delete-node",
      "node": {
        "label": "org.eclipse.swt.SWT",
        "type": "TypeAccess"
      },
      "location-before-char-start": 0,
      "location-before-char-end": 0,
      "node-str": "org.eclipse.swt.SWT"
    },
    {
      "type": "delete-node",
      "node": {
        "label": "LEFT",
        "type": "FieldRead"
      },
      "location-before-char-start": 3007,
      "location-before-char-end": 3014,
      "node-str": "LEFT"
    },
    {
      "type": "delete-node",
      "node": {
        "label": "java.lang.Object()",
        "type": "ConstructorCall"
      },
      "location-before-char-start": 2986,
      "location-before-char-end": 3015,
      "node-str": "java.lang.Object()"
    },
    {
      "type": "delete-node",
      "node": {
        "label": "label",
        "type": "LocalVariable"
      },
      "location-before-char-start": 2972,
      "location-before-char-end": 3016,
      "node-str": "label"
    },
    {
      "type": "delete-node",
      "node": {
        "label": "label",
        "type": "VariableRead"
      },
      "location-before-char-start": 3020,
      "location-before-char-end": 3024,
      "node-str": "label"
    },
    {
      "type": "delete-node",
      "node": {
        "label": "org.eclipse.ui.internal.WorkbenchMessages",
        "type": "TypeAccess"
      },
      "location-before-char-start": 3034,
      "location-before-char-end": 3050,
      "node-str": "org.eclipse.ui.internal.WorkbenchMessages"
    },
    {
      "type": "delete-node",
      "node": {
        "label": "\"MultiStepReviewWizardPage.detailsLabel\"",
        "type": "Literal"
      },
      "location-before-char-start": 3062,
      "location-before-char-end": 3101,
      "node-str": "\"MultiStepReviewWizardPage.detailsLabel\""
    },
    {
      "type": "delete-node",
      "node": {
        "label": "getString",
        "type": "Invocation"
      },
      "location-before-char-start": 3034,
      "location-before-char-end": 3102,
      "node-str": "getString"
    },
    {
      "type": "delete-node",
      "node": {
        "label": "setText",
        "type": "Invocation"
      },
      "location-before-char-start": 3020,
      "location-before-char-end": 3104,
      "node-str": "setText"
    },
    {
      "type": "delete-node",
      "node": {
        "label": "org.eclipse.swt.layout.GridData",
        "type": "VARIABLE_TYPE"
      },
      "location-before-char-start": 0,
      "location-before-char-end": 0,
      "node-str": "org.eclipse.swt.layout.GridData"
    },
    {
      "type": "delete-node",
      "node": {
        "label": "org.eclipse.swt.layout.GridData()",
        "type": "ConstructorCall"
      },
      "location-before-char-start": 3138,
      "location-before-char-end": 3151,
      "node-str": "org.eclipse.swt.layout.GridData()"
    },
    {
      "type": "delete-node",
      "node": {
        "label": "data",
        "type": "LocalVariable"
      },
      "location-before-char-start": 3122,
      "location-before-char-end": 3152,
      "node-str": "data"
    },
    {
      "type": "delete-node",
      "node": {
        "label": "data",
        "type": "VariableWrite"
      },
      "location-before-char-start": 3156,
      "location-before-char-end": 3177,
      "node-str": "data"
    },
    {
      "type": "delete-node",
      "node": {
        "label": "verticalAlignment",
        "type": "FieldWrite"
      },
      "location-before-char-start": 3156,
      "location-before-char-end": 3177,
      "node-str": "verticalAlignment"
    },
    {
      "type": "delete-node",
      "node": {
        "label": "org.eclipse.swt.SWT",
        "type": "TypeAccess"
      },
      "location-before-char-start": 0,
      "location-before-char-end": 0,
      "node-str": "org.eclipse.swt.SWT"
    },
    {
      "type": "delete-node",
      "node": {
        "label": "TOP",
        "type": "FieldRead"
      },
      "location-before-char-start": 3181,
      "location-before-char-end": 3187,
      "node-str": "TOP"
    },
    {
      "type": "delete-node",
      "node": {
        "label": "\u003d",
        "type": "Assignment"
      },
      "location-before-char-start": 3156,
      "location-before-char-end": 3188,
      "node-str": "\u003d"
    },
    {
      "type": "delete-node",
      "node": {
        "label": "label",
        "type": "VariableRead"
      },
      "location-before-char-start": 3192,
      "location-before-char-end": 3196,
      "node-str": "label"
    },
    {
      "type": "delete-node",
      "node": {
        "label": "data",
        "type": "VariableRead"
      },
      "location-before-char-start": 3212,
      "location-before-char-end": 3215,
      "node-str": "data"
    },
    {
      "type": "delete-node",
      "node": {
        "label": "setLayoutData",
        "type": "Invocation"
      },
      "location-before-char-start": 3192,
      "location-before-char-end": 3217,
      "node-str": "setLayoutData"
    },
    {
      "type": "delete-node",
      "node": {
        "label": "org.eclipse.ui.internal.dialogs.MultiStepReviewWizardPage",
        "type": "TypeAccess"
      },
      "location-before-char-start": 0,
      "location-before-char-end": 0,
      "node-str": "org.eclipse.ui.internal.dialogs.MultiStepReviewWizardPage"
    },
    {
      "type": "delete-node",
      "node": {
        "label": "detailsField",
        "type": "FieldRead"
      },
      "location-before-char-start": 3358,
      "location-before-char-end": 3369,
      "node-str": "detailsField"
    },
    {
      "type": "delete-node",
      "node": {
        "label": "\"\\n\\n\\n\\n\\n\\n\\n\\n\\n\\n\\n\\n\\n\\n\\n\"",
        "type": "Literal"
      },
      "location-before-char-start": 3379,
      "location-before-char-end": 3410,
      "node-str": "\"\\n\\n\\n\\n\\n\\n\\n\\n\\n\\n\\n\\n\\n\\n\\n\""
    },
    {
      "type": "delete-node",
      "node": {
        "label": "setText",
        "type": "Invocation"
      },
      "location-before-char-start": 3358,
      "location-before-char-end": 3412,
      "node-str": "setText"
    },
    {
      "type": "delete-node",
      "node": {
        "label": "org.eclipse.ui.internal.dialogs.MultiStepReviewWizardPage",
        "type": "TypeAccess"
      },
      "location-before-char-start": 0,
      "location-before-char-end": 0,
      "node-str": "org.eclipse.ui.internal.dialogs.MultiStepReviewWizardPage"
    },
    {
      "type": "delete-node",
      "node": {
        "label": "detailsField",
        "type": "FieldRead"
      },
      "location-before-char-start": 3458,
      "location-before-char-end": 3469,
      "node-str": "detailsField"
    },
    {
      "type": "delete-node",
      "node": {
        "label": "false",
        "type": "Literal"
      },
      "location-before-char-start": 3483,
      "location-before-char-end": 3487,
      "node-str": "false"
    },
    {
      "type": "delete-node",
      "node": {
        "label": "setEditable",
        "type": "Invocation"
      },
      "location-before-char-start": 3458,
      "location-before-char-end": 3489,
      "node-str": "setEditable"
    },
    {
      "type": "delete-node",
      "node": {
        "label": "createDetailsGroup",
        "type": "Method"
      },
      "location-before-char-start": 2602,
      "location-before-char-end": 3556,
      "node-str": "createDetailsGroup"
    },
    {
      "type": "delete-node",
      "node": {
        "label": "void",
        "type": "RETURN_TYPE"
      },
      "location-before-char-start": 0,
      "location-before-char-end": 0,
      "node-str": "void"
    },
    {
      "type": "delete-node",
      "node": {
        "label": "org.eclipse.swt.widgets.Composite",
        "type": "VARIABLE_TYPE"
      },
      "location-before-char-start": 0,
      "location-before-char-end": 0,
      "node-str": "org.eclipse.swt.widgets.Composite"
    },
    {
      "type": "delete-node",
      "node": {
        "label": "parent",
        "type": "Parameter"
      },
      "location-before-char-start": 3653,
      "location-before-char-end": 3668,
      "node-str": "parent"
    },
    {
      "type": "delete-node",
      "node": {
        "label": "org.eclipse.ui.internal.dialogs.MultiStepReviewWizardPage",
        "type": "TypeAccess"
      },
      "location-before-char-start": 0,
      "location-before-char-end": 0,
      "node-str": "org.eclipse.ui.internal.dialogs.MultiStepReviewWizardPage"
    },
    {
      "type": "delete-node",
      "node": {
        "label": "instructionLabel",
        "type": "FieldRead"
      },
      "location-before-char-start": 3725,
      "location-before-char-end": 3740,
      "node-str": "instructionLabel"
    },
    {
      "type": "delete-node",
      "node": {
        "label": "org.eclipse.ui.internal.WorkbenchMessages",
        "type": "TypeAccess"
      },
      "location-before-char-start": 3750,
      "location-before-char-end": 3766,
      "node-str": "org.eclipse.ui.internal.WorkbenchMessages"
    },
    {
      "type": "delete-node",
      "node": {
        "label": "\"MultiStepReviewWizardPage.instructionLabel\"",
        "type": "Literal"
      },
      "location-before-char-start": 3778,
      "location-before-char-end": 3821,
      "node-str": "\"MultiStepReviewWizardPage.instructionLabel\""
    },
    {
      "type": "delete-node",
      "node": {
        "label": "getString",
        "type": "Invocation"
      },
      "location-before-char-start": 3750,
      "location-before-char-end": 3822,
      "node-str": "getString"
    },
    {
      "type": "delete-node",
      "node": {
        "label": "setText",
        "type": "Invocation"
      },
      "location-before-char-start": 3725,
      "location-before-char-end": 3824,
      "node-str": "setText"
    },
    {
      "type": "delete-node",
      "node": {
        "label": "org.eclipse.swt.layout.GridData",
        "type": "VARIABLE_TYPE"
      },
      "location-before-char-start": 0,
      "location-before-char-end": 0,
      "node-str": "org.eclipse.swt.layout.GridData"
    },
    {
      "type": "delete-node",
      "node": {
        "label": "org.eclipse.swt.layout.GridData()",
        "type": "ConstructorCall"
      },
      "location-before-char-start": 3858,
      "location-before-char-end": 3871,
      "node-str": "org.eclipse.swt.layout.GridData()"
    },
    {
      "type": "delete-node",
      "node": {
        "label": "data",
        "type": "LocalVariable"
      },
      "location-before-char-start": 3842,
      "location-before-char-end": 3872,
      "node-str": "data"
    },
    {
      "type": "delete-node",
      "node": {
        "label": "data",
        "type": "VariableWrite"
      },
      "location-before-char-start": 3876,
      "location-before-char-end": 3897,
      "node-str": "data"
    },
    {
      "type": "delete-node",
      "node": {
        "label": "verticalAlignment",
        "type": "FieldWrite"
      },
      "location-before-char-start": 3876,
      "location-before-char-end": 3897,
      "node-str": "verticalAlignment"
    },
    {
      "type": "delete-node",
      "node": {
        "label": "org.eclipse.swt.SWT",
        "type": "TypeAccess"
      },
      "location-before-char-start": 0,
      "location-before-char-end": 0,
      "node-str": "org.eclipse.swt.SWT"
    },
    {
      "type": "delete-node",
      "node": {
        "label": "TOP",
        "type": "FieldRead"
      },
      "location-before-char-start": 3901,
      "location-before-char-end": 3907,
      "node-str": "TOP"
    },
    {
      "type": "delete-node",
      "node": {
        "label": "\u003d",
        "type": "Assignment"
      },
      "location-before-char-start": 3876,
      "location-before-char-end": 3908,
      "node-str": "\u003d"
    },
    {
      "type": "delete-node",
      "node": {
        "label": "data",
        "type": "VariableWrite"
      },
      "location-before-char-start": 3912,
      "location-before-char-end": 3930,
      "node-str": "data"
    },
    {
      "type": "delete-node",
      "node": {
        "label": "horizontalSpan",
        "type": "FieldWrite"
      },
      "location-before-char-start": 3912,
      "location-before-char-end": 3930,
      "node-str": "horizontalSpan"
    },
    {
      "type": "delete-node",
      "node": {
        "label": "2",
        "type": "Literal"
      },
      "location-before-char-start": 3934,
      "location-before-char-end": 3934,
      "node-str": "2"
    },
    {
      "type": "delete-node",
      "node": {
        "label": "\u003d",
        "type": "Assignment"
      },
      "location-before-char-start": 3912,
      "location-before-char-end": 3935,
      "node-str": "\u003d"
    },
    {
      "type": "delete-node",
      "node": {
        "label": "org.eclipse.ui.internal.dialogs.MultiStepReviewWizardPage",
        "type": "TypeAccess"
      },
      "location-before-char-start": 0,
      "location-before-char-end": 0,
      "node-str": "org.eclipse.ui.internal.dialogs.MultiStepReviewWizardPage"
    },
    {
      "type": "delete-node",
      "node": {
        "label": "instructionLabel",
        "type": "FieldRead"
      },
      "location-before-char-start": 3939,
      "location-before-char-end": 3954,
      "node-str": "instructionLabel"
    },
    {
      "type": "delete-node",
      "node": {
        "label": "data",
        "type": "VariableRead"
      },
      "location-before-char-start": 3970,
      "location-before-char-end": 3973,
      "node-str": "data"
    },
    {
      "type": "delete-node",
      "node": {
        "label": "setLayoutData",
        "type": "Invocation"
      },
      "location-before-char-start": 3939,
      "location-before-char-end": 3975,
      "node-str": "setLayoutData"
    },
    {
      "type": "delete-node",
      "node": {
        "label": "createInstructionsGroup",
        "type": "Method"
      },
      "location-before-char-start": 3561,
      "location-before-char-end": 3978,
      "node-str": "createInstructionsGroup"
    }
  ],
  "before-file": {},
  "after-file": {},
  "mapping": {}
}