{
  "tool-info": {},
  "diff": [
    {
      "type": "insert-node",
      "node": {
        "label": "",
        "type": "PackageDeclaration"
      },
      "location-after-char-start": 2730,
      "location-after-char-end": 2765,
      "node-str": ""
    },
    {
      "type": "insert-node",
      "node": {
        "label": "",
        "type": "ImportDeclaration"
      },
      "location-after-char-start": 2767,
      "location-after-char-end": 2799,
      "node-str": ""
    },
    {
      "type": "insert-node",
      "node": {
        "label": "",
        "type": "ImportDeclaration"
      },
      "location-after-char-start": 2800,
      "location-after-char-end": 2832,
      "node-str": ""
    },
    {
      "type": "insert-node",
      "node": {
        "label": "",
        "type": "ImportDeclaration"
      },
      "location-after-char-start": 2833,
      "location-after-char-end": 2850,
      "node-str": ""
    },
    {
      "type": "insert-node",
      "node": {
        "label": "",
        "type": "ImportDeclaration"
      },
      "location-after-char-start": 2851,
      "location-after-char-end": 2874,
      "node-str": ""
    },
    {
      "type": "insert-node",
      "node": {
        "label": "",
        "type": "ImportDeclaration"
      },
      "location-after-char-start": 2875,
      "location-after-char-end": 2903,
      "node-str": ""
    },
    {
      "type": "insert-node",
      "node": {
        "label": "org.apache.tomcat.servlets",
        "type": "QualifiedName"
      },
      "location-after-char-start": 2738,
      "location-after-char-end": 2764,
      "node-str": "org.apache.tomcat.servlets"
    },
    {
      "type": "insert-node",
      "node": {
        "label": "org.apache.tomcat.util",
        "type": "QualifiedName"
      },
      "location-after-char-start": 2774,
      "location-after-char-end": 2796,
      "node-str": "org.apache.tomcat.util"
    },
    {
      "type": "insert-node",
      "node": {
        "label": "org.apache.tomcat.core",
        "type": "QualifiedName"
      },
      "location-after-char-start": 2807,
      "location-after-char-end": 2829,
      "node-str": "org.apache.tomcat.core"
    },
    {
      "type": "insert-node",
      "node": {
        "label": "java.io",
        "type": "QualifiedName"
      },
      "location-after-char-start": 2840,
      "location-after-char-end": 2847,
      "node-str": "java.io"
    },
    {
      "type": "insert-node",
      "node": {
        "label": "javax.servlet",
        "type": "QualifiedName"
      },
      "location-after-char-start": 2858,
      "location-after-char-end": 2871,
      "node-str": "javax.servlet"
    },
    {
      "type": "insert-node",
      "node": {
        "label": "javax.servlet.http",
        "type": "QualifiedName"
      },
      "location-after-char-start": 2882,
      "location-after-char-end": 2900,
      "node-str": "javax.servlet.http"
    },
    {
      "type": "insert-node",
      "node": {
        "label": "public",
        "type": "Modifier"
      },
      "location-after-char-start": 3004,
      "location-after-char-end": 3010,
      "node-str": "public"
    },
    {
      "type": "insert-node",
      "node": {
        "label": "class",
        "type": "TYPE_DECLARATION_KIND"
      },
      "location-after-char-start": 3011,
      "location-after-char-end": 3016,
      "node-str": "class"
    },
    {
      "type": "insert-node",
      "node": {
        "label": "AuthServlet",
        "type": "SimpleName"
      },
      "location-after-char-start": 3017,
      "location-after-char-end": 3028,
      "node-str": "AuthServlet"
    },
    {
      "type": "insert-node",
      "node": {
        "label": "",
        "type": "SimpleType"
      },
      "location-after-char-start": 3037,
      "location-after-char-end": 3048,
      "node-str": ""
    },
    {
      "type": "insert-node",
      "node": {
        "label": "HttpServlet",
        "type": "SimpleName"
      },
      "location-after-char-start": 3037,
      "location-after-char-end": 3048,
      "node-str": "HttpServlet"
    },
    {
      "type": "insert-node",
      "node": {
        "label": "public",
        "type": "Modifier"
      },
      "location-after-char-start": 3060,
      "location-after-char-end": 3066,
      "node-str": "public"
    },
    {
      "type": "insert-node",
      "node": {
        "label": "void",
        "type": "PrimitiveType"
      },
      "location-after-char-start": 3067,
      "location-after-char-end": 3071,
      "node-str": "void"
    },
    {
      "type": "insert-node",
      "node": {
        "label": "service",
        "type": "SimpleName"
      },
      "location-after-char-start": 3072,
      "location-after-char-end": 3079,
      "node-str": "service"
    },
    {
      "type": "insert-node",
      "node": {
        "label": "",
        "type": "SimpleType"
      },
      "location-after-char-start": 3149,
      "location-after-char-end": 3165,
      "node-str": ""
    },
    {
      "type": "insert-node",
      "node": {
        "label": "",
        "type": "SimpleType"
      },
      "location-after-char-start": 3167,
      "location-after-char-end": 3178,
      "node-str": ""
    },
    {
      "type": "insert-node",
      "node": {
        "label": "ServletException",
        "type": "SimpleName"
      },
      "location-after-char-start": 3149,
      "location-after-char-end": 3165,
      "node-str": "ServletException"
    },
    {
      "type": "insert-node",
      "node": {
        "label": "IOException",
        "type": "SimpleName"
      },
      "location-after-char-start": 3167,
      "location-after-char-end": 3178,
      "node-str": "IOException"
    },
    {
      "type": "update-node",
      "node": {
        "label": "\"FORM\"",
        "type": "StringLiteral"
      },
      "location-before-char-start": 3322,
      "location-before-char-end": 3328,
      "location-after-char-start": 3322,
      "location-after-char-end": 3341,
      "node-str": "\"EXPERIMENTAL_FORM\""
    },
    {
      "type": "delete-node",
      "node": {
        "label": "org.apache.tomcat.servlets",
        "type": "QualifiedName"
      },
      "location-before-char-start": 2738,
      "location-before-char-end": 2764,
      "node-str": "org.apache.tomcat.servlets"
    },
    {
      "type": "delete-node",
      "node": {
        "label": "",
        "type": "PackageDeclaration"
      },
      "location-before-char-start": 2730,
      "location-before-char-end": 2765,
      "node-str": ""
    },
    {
      "type": "delete-node",
      "node": {
        "label": "org.apache.tomcat.util",
        "type": "QualifiedName"
      },
      "location-before-char-start": 2774,
      "location-before-char-end": 2796,
      "node-str": "org.apache.tomcat.util"
    },
    {
      "type": "delete-node",
      "node": {
        "label": "",
        "type": "ImportDeclaration"
      },
      "location-before-char-start": 2767,
      "location-before-char-end": 2799,
      "node-str": ""
    },
    {
      "type": "delete-node",
      "node": {
        "label": "org.apache.tomcat.core",
        "type": "QualifiedName"
      },
      "location-before-char-start": 2807,
      "location-before-char-end": 2829,
      "node-str": "org.apache.tomcat.core"
    },
    {
      "type": "delete-node",
      "node": {
        "label": "",
        "type": "ImportDeclaration"
      },
      "location-before-char-start": 2800,
      "location-before-char-end": 2832,
      "node-str": ""
    },
    {
      "type": "delete-node",
      "node": {
        "label": "java.io",
        "type": "QualifiedName"
      },
      "location-before-char-start": 2840,
      "location-before-char-end": 2847,
      "node-str": "java.io"
    },
    {
      "type": "delete-node",
      "node": {
        "label": "",
        "type": "ImportDeclaration"
      },
      "location-before-char-start": 2833,
      "location-before-char-end": 2850,
      "node-str": ""
    },
    {
      "type": "delete-node",
      "node": {
        "label": "javax.servlet",
        "type": "QualifiedName"
      },
      "location-before-char-start": 2858,
      "location-before-char-end": 2871,
      "node-str": "javax.servlet"
    },
    {
      "type": "delete-node",
      "node": {
        "label": "",
        "type": "ImportDeclaration"
      },
      "location-before-char-start": 2851,
      "location-before-char-end": 2874,
      "node-str": ""
    },
    {
      "type": "delete-node",
      "node": {
        "label": "javax.servlet.http",
        "type": "QualifiedName"
      },
      "location-before-char-start": 2882,
      "location-before-char-end": 2900,
      "node-str": "javax.servlet.http"
    },
    {
      "type": "delete-node",
      "node": {
        "label": "",
        "type": "ImportDeclaration"
      },
      "location-before-char-start": 2875,
      "location-before-char-end": 2903,
      "node-str": ""
    },
    {
      "type": "delete-node",
      "node": {
        "label": "public",
        "type": "Modifier"
      },
      "location-before-char-start": 3004,
      "location-before-char-end": 3010,
      "node-str": "public"
    },
    {
      "type": "delete-node",
      "node": {
        "label": "class",
        "type": "TYPE_DECLARATION_KIND"
      },
      "location-before-char-start": 3011,
      "location-before-char-end": 3016,
      "node-str": "class"
    },
    {
      "type": "delete-node",
      "node": {
        "label": "AuthServlet",
        "type": "SimpleName"
      },
      "location-before-char-start": 3017,
      "location-before-char-end": 3028,
      "node-str": "AuthServlet"
    },
    {
      "type": "delete-node",
      "node": {
        "label": "HttpServlet",
        "type": "SimpleName"
      },
      "location-before-char-start": 3037,
      "location-before-char-end": 3048,
      "node-str": "HttpServlet"
    },
    {
      "type": "delete-node",
      "node": {
        "label": "",
        "type": "SimpleType"
      },
      "location-before-char-start": 3037,
      "location-before-char-end": 3048,
      "node-str": ""
    },
    {
      "type": "delete-node",
      "node": {
        "label": "public",
        "type": "Modifier"
      },
      "location-before-char-start": 3060,
      "location-before-char-end": 3066,
      "node-str": "public"
    },
    {
      "type": "delete-node",
      "node": {
        "label": "void",
        "type": "PrimitiveType"
      },
      "location-before-char-start": 3067,
      "location-before-char-end": 3071,
      "node-str": "void"
    },
    {
      "type": "delete-node",
      "node": {
        "label": "service",
        "type": "SimpleName"
      },
      "location-before-char-start": 3072,
      "location-before-char-end": 3079,
      "node-str": "service"
    },
    {
      "type": "delete-node",
      "node": {
        "label": "ServletException",
        "type": "SimpleName"
      },
      "location-before-char-start": 3149,
      "location-before-char-end": 3165,
      "node-str": "ServletException"
    },
    {
      "type": "delete-node",
      "node": {
        "label": "",
        "type": "SimpleType"
      },
      "location-before-char-start": 3149,
      "location-before-char-end": 3165,
      "node-str": ""
    },
    {
      "type": "delete-node",
      "node": {
        "label": "IOException",
        "type": "SimpleName"
      },
      "location-before-char-start": 3167,
      "location-before-char-end": 3178,
      "node-str": "IOException"
    },
    {
      "type": "delete-node",
      "node": {
        "label": "",
        "type": "SimpleType"
      },
      "location-before-char-start": 3167,
      "location-before-char-end": 3178,
      "node-str": ""
    }
  ],
  "before-file": {},
  "after-file": {},
  "mapping": {}
}