{
  "tool-info": {},
  "diff": [
    {
      "type": "insert-node",
      "node": {
        "label": "IntroDescriptor",
        "type": "Class"
      },
      "location-after-char-start": 1015,
      "location-after-char-end": 3556,
      "node-str": "IntroDescriptor"
    },
    {
      "type": "insert-node",
      "node": {
        "label": "public",
        "type": "Modifier"
      },
      "location-after-char-start": 0,
      "location-after-char-end": 0,
      "node-str": "public"
    },
    {
      "type": "insert-node",
      "node": {
        "label": "element",
        "type": "Field"
      },
      "location-after-char-start": 1167,
      "location-after-char-end": 1204,
      "node-str": "element"
    },
    {
      "type": "insert-node",
      "node": {
        "label": "imageDescriptor",
        "type": "Field"
      },
      "location-after-char-start": 1211,
      "location-after-char-end": 1250,
      "node-str": "imageDescriptor"
    },
    {
      "type": "insert-node",
      "node": {
        "label": "\u003cinit\u003e",
        "type": "Constructor"
      },
      "location-after-char-start": 1257,
      "location-after-char-end": 1787,
      "node-str": "\u003cinit\u003e"
    },
    {
      "type": "insert-node",
      "node": {
        "label": "createIntro",
        "type": "Method"
      },
      "location-after-char-start": 1794,
      "location-after-char-end": 2045,
      "node-str": "createIntro"
    },
    {
      "type": "insert-node",
      "node": {
        "label": "getId",
        "type": "Method"
      },
      "location-after-char-start": 2052,
      "location-after-char-end": 2239,
      "node-str": "getId"
    },
    {
      "type": "insert-node",
      "node": {
        "label": "getImageDescriptor",
        "type": "Method"
      },
      "location-after-char-start": 2246,
      "location-after-char-end": 2756,
      "node-str": "getImageDescriptor"
    },
    {
      "type": "insert-node",
      "node": {
        "label": "getLocalId",
        "type": "Method"
      },
      "location-after-char-start": 2763,
      "location-after-char-end": 2958,
      "node-str": "getLocalId"
    },
    {
      "type": "move-subtree",
      "node": {
        "label": "getPluginId",
        "type": "Method"
      },
      "location-before-char-start": 2952,
      "location-before-char-end": 3115,
      "location-after-char-start": 2965,
      "location-after-char-end": 3128,
      "node-str": "getPluginId"
    },
    {
      "type": "insert-node",
      "node": {
        "label": "getConfigurationElement",
        "type": "Method"
      },
      "location-after-char-start": 3139,
      "location-after-char-end": 3346,
      "node-str": "getConfigurationElement"
    },
    {
      "type": "insert-node",
      "node": {
        "label": "getLabelOverride",
        "type": "Method"
      },
      "location-after-char-start": 3350,
      "location-after-char-end": 3554,
      "node-str": "getLabelOverride"
    },
    {
      "type": "insert-node",
      "node": {
        "label": "org.eclipse.core.runtime.IConfigurationElement",
        "type": "VARIABLE_TYPE"
      },
      "location-after-char-start": 0,
      "location-after-char-end": 0,
      "node-str": "org.eclipse.core.runtime.IConfigurationElement"
    },
    {
      "type": "insert-node",
      "node": {
        "label": "org.eclipse.jface.resource.ImageDescriptor",
        "type": "VARIABLE_TYPE"
      },
      "location-after-char-start": 0,
      "location-after-char-end": 0,
      "node-str": "org.eclipse.jface.resource.ImageDescriptor"
    },
    {
      "type": "insert-node",
      "node": {
        "label": "public",
        "type": "Modifier"
      },
      "location-after-char-start": 0,
      "location-after-char-end": 0,
      "node-str": "public"
    },
    {
      "type": "insert-node",
      "node": {
        "label": "configElement",
        "type": "Parameter"
      },
      "location-after-char-start": 1350,
      "location-after-char-end": 1384,
      "node-str": "configElement"
    },
    {
      "type": "insert-node",
      "node": {
        "label": "\u003d",
        "type": "Assignment"
      },
      "location-after-char-start": 1427,
      "location-after-char-end": 1450,
      "node-str": "\u003d"
    },
    {
      "type": "insert-node",
      "node": {
        "label": "if",
        "type": "If"
      },
      "location-after-char-start": 1460,
      "location-after-char-end": 1781,
      "node-str": "if"
    },
    {
      "type": "insert-node",
      "node": {
        "label": "org.eclipse.ui.intro.IIntroPart",
        "type": "RETURN_TYPE"
      },
      "location-after-char-start": 0,
      "location-after-char-end": 0,
      "node-str": "org.eclipse.ui.intro.IIntroPart"
    },
    {
      "type": "insert-node",
      "node": {
        "label": "org.eclipse.core.runtime.CoreException",
        "type": "THROWS"
      },
      "location-after-char-start": 0,
      "location-after-char-end": 0,
      "node-str": "org.eclipse.core.runtime.CoreException"
    },
    {
      "type": "insert-node",
      "node": {
        "label": "public",
        "type": "Modifier"
      },
      "location-after-char-start": 0,
      "location-after-char-end": 0,
      "node-str": "public"
    },
    {
      "type": "insert-node",
      "node": {
        "label": "return",
        "type": "Return"
      },
      "location-after-char-start": 1947,
      "location-after-char-end": 2039,
      "node-str": "return"
    },
    {
      "type": "insert-node",
      "node": {
        "label": "java.lang.String",
        "type": "RETURN_TYPE"
      },
      "location-after-char-start": 0,
      "location-after-char-end": 0,
      "node-str": "java.lang.String"
    },
    {
      "type": "insert-node",
      "node": {
        "label": "public",
        "type": "Modifier"
      },
      "location-after-char-start": 0,
      "location-after-char-end": 0,
      "node-str": "public"
    },
    {
      "type": "insert-node",
      "node": {
        "label": "return",
        "type": "Return"
      },
      "location-after-char-start": 2170,
      "location-after-char-end": 2233,
      "node-str": "return"
    },
    {
      "type": "insert-node",
      "node": {
        "label": "org.eclipse.jface.resource.ImageDescriptor",
        "type": "RETURN_TYPE"
      },
      "location-after-char-start": 0,
      "location-after-char-end": 0,
      "node-str": "org.eclipse.jface.resource.ImageDescriptor"
    },
    {
      "type": "insert-node",
      "node": {
        "label": "public",
        "type": "Modifier"
      },
      "location-after-char-start": 0,
      "location-after-char-end": 0,
      "node-str": "public"
    },
    {
      "type": "move-subtree",
      "node": {
        "label": "if",
        "type": "If"
      },
      "location-before-char-start": 2437,
      "location-before-char-end": 2497,
      "location-after-char-start": 2394,
      "location-after-char-end": 2454,
      "node-str": "if"
    },
    {
      "type": "insert-node",
      "node": {
        "label": "iconName",
        "type": "LocalVariable"
      },
      "location-after-char-start": 2466,
      "location-after-char-end": 2542,
      "node-str": "iconName"
    },
    {
      "type": "insert-node",
      "node": {
        "label": "if",
        "type": "If"
      },
      "location-after-char-start": 2546,
      "location-after-char-end": 2588,
      "node-str": "if"
    },
    {
      "type": "move-subtree",
      "node": {
        "label": "\u003d",
        "type": "Assignment"
      },
      "location-before-char-start": 2622,
      "location-before-char-end": 2733,
      "location-after-char-start": 2607,
      "location-after-char-end": 2718,
      "node-str": "\u003d"
    },
    {
      "type": "insert-node",
      "node": {
        "label": "return",
        "type": "Return"
      },
      "location-after-char-start": 2728,
      "location-after-char-end": 2750,
      "node-str": "return"
    },
    {
      "type": "insert-node",
      "node": {
        "label": "java.lang.String",
        "type": "RETURN_TYPE"
      },
      "location-after-char-start": 0,
      "location-after-char-end": 0,
      "node-str": "java.lang.String"
    },
    {
      "type": "insert-node",
      "node": {
        "label": "public",
        "type": "Modifier"
      },
      "location-after-char-start": 0,
      "location-after-char-end": 0,
      "node-str": "public"
    },
    {
      "type": "insert-node",
      "node": {
        "label": "return",
        "type": "Return"
      },
      "location-after-char-start": 2889,
      "location-after-char-end": 2952,
      "node-str": "return"
    },
    {
      "type": "insert-node",
      "node": {
        "label": "org.eclipse.core.runtime.IConfigurationElement",
        "type": "RETURN_TYPE"
      },
      "location-after-char-start": 0,
      "location-after-char-end": 0,
      "node-str": "org.eclipse.core.runtime.IConfigurationElement"
    },
    {
      "type": "insert-node",
      "node": {
        "label": "public",
        "type": "Modifier"
      },
      "location-after-char-start": 0,
      "location-after-char-end": 0,
      "node-str": "public"
    },
    {
      "type": "insert-node",
      "node": {
        "label": "return",
        "type": "Return"
      },
      "location-after-char-start": 3326,
      "location-after-char-end": 3340,
      "node-str": "return"
    },
    {
      "type": "insert-node",
      "node": {
        "label": "java.lang.String",
        "type": "RETURN_TYPE"
      },
      "location-after-char-start": 0,
      "location-after-char-end": 0,
      "node-str": "java.lang.String"
    },
    {
      "type": "insert-node",
      "node": {
        "label": "public",
        "type": "Modifier"
      },
      "location-after-char-start": 0,
      "location-after-char-end": 0,
      "node-str": "public"
    },
    {
      "type": "insert-node",
      "node": {
        "label": "return",
        "type": "Return"
      },
      "location-after-char-start": 3485,
      "location-after-char-end": 3551,
      "node-str": "return"
    },
    {
      "type": "insert-node",
      "node": {
        "label": "org.eclipse.core.runtime.IConfigurationElement",
        "type": "VARIABLE_TYPE"
      },
      "location-after-char-start": 0,
      "location-after-char-end": 0,
      "node-str": "org.eclipse.core.runtime.IConfigurationElement"
    },
    {
      "type": "insert-node",
      "node": {
        "label": "element",
        "type": "FieldWrite"
      },
      "location-after-char-start": 1427,
      "location-after-char-end": 1433,
      "node-str": "element"
    },
    {
      "type": "insert-node",
      "node": {
        "label": "configElement",
        "type": "VariableRead"
      },
      "location-after-char-start": 1437,
      "location-after-char-end": 1449,
      "node-str": "configElement"
    },
    {
      "type": "insert-node",
      "node": {
        "label": "EQ",
        "type": "BinaryOperator"
      },
      "location-after-char-start": 1464,
      "location-after-char-end": 1536,
      "node-str": "EQ"
    },
    {
      "type": "move-subtree",
      "node": {
        "label": "THEN",
        "type": "then"
      },
      "location-before-char-start": 1638,
      "location-before-char-end": 1880,
      "location-after-char-start": 1539,
      "location-after-char-end": 1781,
      "node-str": "THEN"
    },
    {
      "type": "insert-node",
      "node": {
        "label": "createExecutableExtension",
        "type": "Invocation"
      },
      "location-after-char-start": 1954,
      "location-after-char-end": 2038,
      "node-str": "createExecutableExtension"
    },
    {
      "type": "insert-node",
      "node": {
        "label": "getAttribute",
        "type": "Invocation"
      },
      "location-after-char-start": 2177,
      "location-after-char-end": 2232,
      "node-str": "getAttribute"
    },
    {
      "type": "insert-node",
      "node": {
        "label": "java.lang.String",
        "type": "VARIABLE_TYPE"
      },
      "location-after-char-start": 0,
      "location-after-char-end": 0,
      "node-str": "java.lang.String"
    },
    {
      "type": "insert-node",
      "node": {
        "label": "getAttribute",
        "type": "Invocation"
      },
      "location-after-char-start": 2484,
      "location-after-char-end": 2541,
      "node-str": "getAttribute"
    },
    {
      "type": "insert-node",
      "node": {
        "label": "EQ",
        "type": "BinaryOperator"
      },
      "location-after-char-start": 2550,
      "location-after-char-end": 2565,
      "node-str": "EQ"
    },
    {
      "type": "insert-node",
      "node": {
        "label": "THEN",
        "type": "then"
      },
      "location-after-char-start": 2568,
      "location-after-char-end": 2588,
      "node-str": "THEN"
    },
    {
      "type": "insert-node",
      "node": {
        "label": "imageDescriptor",
        "type": "FieldRead"
      },
      "location-after-char-start": 2735,
      "location-after-char-end": 2749,
      "node-str": "imageDescriptor"
    },
    {
      "type": "insert-node",
      "node": {
        "label": "getAttribute",
        "type": "Invocation"
      },
      "location-after-char-start": 2896,
      "location-after-char-end": 2951,
      "node-str": "getAttribute"
    },
    {
      "type": "insert-node",
      "node": {
        "label": "element",
        "type": "FieldRead"
      },
      "location-after-char-start": 3333,
      "location-after-char-end": 3339,
      "node-str": "element"
    },
    {
      "type": "insert-node",
      "node": {
        "label": "getAttribute",
        "type": "Invocation"
      },
      "location-after-char-start": 3492,
      "location-after-char-end": 3550,
      "node-str": "getAttribute"
    },
    {
      "type": "insert-node",
      "node": {
        "label": "org.eclipse.ui.internal.intro.IntroDescriptor",
        "type": "TypeAccess"
      },
      "location-after-char-start": 0,
      "location-after-char-end": 0,
      "node-str": "org.eclipse.ui.internal.intro.IntroDescriptor"
    },
    {
      "type": "insert-node",
      "node": {
        "label": "getAttribute",
        "type": "Invocation"
      },
      "location-after-char-start": 1464,
      "location-after-char-end": 1528,
      "node-str": "getAttribute"
    },
    {
      "type": "insert-node",
      "node": {
        "label": "null",
        "type": "Literal"
      },
      "location-after-char-start": 1533,
      "location-after-char-end": 1536,
      "node-str": "null"
    },
    {
      "type": "insert-node",
      "node": {
        "label": "element",
        "type": "FieldRead"
      },
      "location-after-char-start": 1967,
      "location-after-char-end": 1973,
      "node-str": "element"
    },
    {
      "type": "insert-node",
      "node": {
        "label": "IWorkbenchRegistryConstants.ATT_CLASS",
        "type": "TypeAccess"
      },
      "location-after-char-start": 2001,
      "location-after-char-end": 2037,
      "node-str": "IWorkbenchRegistryConstants.ATT_CLASS"
    },
    {
      "type": "insert-node",
      "node": {
        "label": "element",
        "type": "FieldRead"
      },
      "location-after-char-start": 2177,
      "location-after-char-end": 2183,
      "node-str": "element"
    },
    {
      "type": "insert-node",
      "node": {
        "label": "IWorkbenchRegistryConstants.ATT_ID",
        "type": "TypeAccess"
      },
      "location-after-char-start": 2198,
      "location-after-char-end": 2231,
      "node-str": "IWorkbenchRegistryConstants.ATT_ID"
    },
    {
      "type": "insert-node",
      "node": {
        "label": "element",
        "type": "FieldRead"
      },
      "location-after-char-start": 2484,
      "location-after-char-end": 2490,
      "node-str": "element"
    },
    {
      "type": "insert-node",
      "node": {
        "label": "IWorkbenchRegistryConstants.ATT_ICON",
        "type": "TypeAccess"
      },
      "location-after-char-start": 2505,
      "location-after-char-end": 2540,
      "node-str": "IWorkbenchRegistryConstants.ATT_ICON"
    },
    {
      "type": "insert-node",
      "node": {
        "label": "iconName",
        "type": "VariableRead"
      },
      "location-after-char-start": 2550,
      "location-after-char-end": 2557,
      "node-str": "iconName"
    },
    {
      "type": "insert-node",
      "node": {
        "label": "null",
        "type": "Literal"
      },
      "location-after-char-start": 2562,
      "location-after-char-end": 2565,
      "node-str": "null"
    },
    {
      "type": "insert-node",
      "node": {
        "label": "return",
        "type": "Return"
      },
      "location-after-char-start": 2573,
      "location-after-char-end": 2584,
      "node-str": "return"
    },
    {
      "type": "insert-node",
      "node": {
        "label": "org.eclipse.ui.internal.intro.IntroDescriptor",
        "type": "TypeAccess"
      },
      "location-after-char-start": 0,
      "location-after-char-end": 0,
      "node-str": "org.eclipse.ui.internal.intro.IntroDescriptor"
    },
    {
      "type": "insert-node",
      "node": {
        "label": "element",
        "type": "FieldRead"
      },
      "location-after-char-start": 2896,
      "location-after-char-end": 2902,
      "node-str": "element"
    },
    {
      "type": "insert-node",
      "node": {
        "label": "IWorkbenchRegistryConstants.ATT_ID",
        "type": "TypeAccess"
      },
      "location-after-char-start": 2917,
      "location-after-char-end": 2950,
      "node-str": "IWorkbenchRegistryConstants.ATT_ID"
    },
    {
      "type": "insert-node",
      "node": {
        "label": "org.eclipse.ui.internal.intro.IntroDescriptor",
        "type": "TypeAccess"
      },
      "location-after-char-start": 0,
      "location-after-char-end": 0,
      "node-str": "org.eclipse.ui.internal.intro.IntroDescriptor"
    },
    {
      "type": "insert-node",
      "node": {
        "label": "element",
        "type": "FieldRead"
      },
      "location-after-char-start": 3492,
      "location-after-char-end": 3498,
      "node-str": "element"
    },
    {
      "type": "insert-node",
      "node": {
        "label": "IWorkbenchRegistryConstants.ATT_LABEL",
        "type": "TypeAccess"
      },
      "location-after-char-start": 3513,
      "location-after-char-end": 3549,
      "node-str": "IWorkbenchRegistryConstants.ATT_LABEL"
    },
    {
      "type": "insert-node",
      "node": {
        "label": "configElement",
        "type": "VariableRead"
      },
      "location-after-char-start": 1464,
      "location-after-char-end": 1476,
      "node-str": "configElement"
    },
    {
      "type": "insert-node",
      "node": {
        "label": "IWorkbenchRegistryConstants.ATT_CLASS",
        "type": "TypeAccess"
      },
      "location-after-char-start": 1491,
      "location-after-char-end": 1527,
      "node-str": "IWorkbenchRegistryConstants.ATT_CLASS"
    },
    {
      "type": "insert-node",
      "node": {
        "label": "org.eclipse.ui.internal.intro.IntroDescriptor",
        "type": "TypeAccess"
      },
      "location-after-char-start": 0,
      "location-after-char-end": 0,
      "node-str": "org.eclipse.ui.internal.intro.IntroDescriptor"
    },
    {
      "type": "insert-node",
      "node": {
        "label": "org.eclipse.ui.internal.intro.IntroDescriptor",
        "type": "TypeAccess"
      },
      "location-after-char-start": 0,
      "location-after-char-end": 0,
      "node-str": "org.eclipse.ui.internal.intro.IntroDescriptor"
    },
    {
      "type": "insert-node",
      "node": {
        "label": "org.eclipse.ui.internal.intro.IntroDescriptor",
        "type": "TypeAccess"
      },
      "location-after-char-start": 0,
      "location-after-char-end": 0,
      "node-str": "org.eclipse.ui.internal.intro.IntroDescriptor"
    },
    {
      "type": "insert-node",
      "node": {
        "label": "null",
        "type": "Literal"
      },
      "location-after-char-start": 2580,
      "location-after-char-end": 2583,
      "node-str": "null"
    },
    {
      "type": "insert-node",
      "node": {
        "label": "org.eclipse.ui.internal.intro.IntroDescriptor",
        "type": "TypeAccess"
      },
      "location-after-char-start": 0,
      "location-after-char-end": 0,
      "node-str": "org.eclipse.ui.internal.intro.IntroDescriptor"
    },
    {
      "type": "insert-node",
      "node": {
        "label": "org.eclipse.ui.internal.intro.IntroDescriptor",
        "type": "TypeAccess"
      },
      "location-after-char-start": 0,
      "location-after-char-end": 0,
      "node-str": "org.eclipse.ui.internal.intro.IntroDescriptor"
    },
    {
      "type": "delete-node",
      "node": {
        "label": "public",
        "type": "Modifier"
      },
      "location-before-char-start": 0,
      "location-before-char-end": 0,
      "node-str": "public"
    },
    {
      "type": "delete-node",
      "node": {
        "label": "java.lang.String",
        "type": "VARIABLE_TYPE"
      },
      "location-before-char-start": 0,
      "location-before-char-end": 0,
      "node-str": "java.lang.String"
    },
    {
      "type": "delete-node",
      "node": {
        "label": "final",
        "type": "Modifier"
      },
      "location-before-char-start": 0,
      "location-before-char-end": 0,
      "node-str": "final"
    },
    {
      "type": "delete-node",
      "node": {
        "label": "static",
        "type": "Modifier"
      },
      "location-before-char-start": 0,
      "location-before-char-end": 0,
      "node-str": "static"
    },
    {
      "type": "delete-node",
      "node": {
        "label": "\"id\"",
        "type": "Literal"
      },
      "location-before-char-start": 1134,
      "location-before-char-end": 1137,
      "node-str": "\"id\""
    },
    {
      "type": "delete-node",
      "node": {
        "label": "ATT_ID",
        "type": "Field"
      },
      "location-before-char-start": 1097,
      "location-before-char-end": 1138,
      "node-str": "ATT_ID"
    },
    {
      "type": "delete-node",
      "node": {
        "label": "java.lang.String",
        "type": "VARIABLE_TYPE"
      },
      "location-before-char-start": 0,
      "location-before-char-end": 0,
      "node-str": "java.lang.String"
    },
    {
      "type": "delete-node",
      "node": {
        "label": "final",
        "type": "Modifier"
      },
      "location-before-char-start": 0,
      "location-before-char-end": 0,
      "node-str": "final"
    },
    {
      "type": "delete-node",
      "node": {
        "label": "static",
        "type": "Modifier"
      },
      "location-before-char-start": 0,
      "location-before-char-end": 0,
      "node-str": "static"
    },
    {
      "type": "delete-node",
      "node": {
        "label": "\"class\"",
        "type": "Literal"
      },
      "location-before-char-start": 1199,
      "location-before-char-end": 1205,
      "node-str": "\"class\""
    },
    {
      "type": "delete-node",
      "node": {
        "label": "ATT_CLASS",
        "type": "Field"
      },
      "location-before-char-start": 1159,
      "location-before-char-end": 1206,
      "node-str": "ATT_CLASS"
    },
    {
      "type": "delete-node",
      "node": {
        "label": "java.lang.String",
        "type": "VARIABLE_TYPE"
      },
      "location-before-char-start": 0,
      "location-before-char-end": 0,
      "node-str": "java.lang.String"
    },
    {
      "type": "delete-node",
      "node": {
        "label": "final",
        "type": "Modifier"
      },
      "location-before-char-start": 0,
      "location-before-char-end": 0,
      "node-str": "final"
    },
    {
      "type": "delete-node",
      "node": {
        "label": "static",
        "type": "Modifier"
      },
      "location-before-char-start": 0,
      "location-before-char-end": 0,
      "node-str": "static"
    },
    {
      "type": "delete-node",
      "node": {
        "label": "\"icon\"",
        "type": "Literal"
      },
      "location-before-char-start": 1266,
      "location-before-char-end": 1271,
      "node-str": "\"icon\""
    },
    {
      "type": "delete-node",
      "node": {
        "label": "ATT_ICON",
        "type": "Field"
      },
      "location-before-char-start": 1227,
      "location-before-char-end": 1272,
      "node-str": "ATT_ICON"
    },
    {
      "type": "delete-node",
      "node": {
        "label": "org.eclipse.core.runtime.IConfigurationElement",
        "type": "VARIABLE_TYPE"
      },
      "location-before-char-start": 0,
      "location-before-char-end": 0,
      "node-str": "org.eclipse.core.runtime.IConfigurationElement"
    },
    {
      "type": "delete-node",
      "node": {
        "label": "element",
        "type": "Field"
      },
      "location-before-char-start": 1294,
      "location-before-char-end": 1331,
      "node-str": "element"
    },
    {
      "type": "delete-node",
      "node": {
        "label": "org.eclipse.jface.resource.ImageDescriptor",
        "type": "VARIABLE_TYPE"
      },
      "location-before-char-start": 0,
      "location-before-char-end": 0,
      "node-str": "org.eclipse.jface.resource.ImageDescriptor"
    },
    {
      "type": "delete-node",
      "node": {
        "label": "imageDescriptor",
        "type": "Field"
      },
      "location-before-char-start": 1338,
      "location-before-char-end": 1377,
      "node-str": "imageDescriptor"
    },
    {
      "type": "delete-node",
      "node": {
        "label": "public",
        "type": "Modifier"
      },
      "location-before-char-start": 0,
      "location-before-char-end": 0,
      "node-str": "public"
    },
    {
      "type": "delete-node",
      "node": {
        "label": "org.eclipse.core.runtime.IConfigurationElement",
        "type": "VARIABLE_TYPE"
      },
      "location-before-char-start": 0,
      "location-before-char-end": 0,
      "node-str": "org.eclipse.core.runtime.IConfigurationElement"
    },
    {
      "type": "delete-node",
      "node": {
        "label": "configElement",
        "type": "Parameter"
      },
      "location-before-char-start": 1477,
      "location-before-char-end": 1511,
      "node-str": "configElement"
    },
    {
      "type": "delete-node",
      "node": {
        "label": "org.eclipse.ui.internal.intro.IntroDescriptor",
        "type": "TypeAccess"
      },
      "location-before-char-start": 0,
      "location-before-char-end": 0,
      "node-str": "org.eclipse.ui.internal.intro.IntroDescriptor"
    },
    {
      "type": "delete-node",
      "node": {
        "label": "element",
        "type": "FieldWrite"
      },
      "location-before-char-start": 1554,
      "location-before-char-end": 1560,
      "node-str": "element"
    },
    {
      "type": "delete-node",
      "node": {
        "label": "configElement",
        "type": "VariableRead"
      },
      "location-before-char-start": 1564,
      "location-before-char-end": 1576,
      "node-str": "configElement"
    },
    {
      "type": "delete-node",
      "node": {
        "label": "\u003d",
        "type": "Assignment"
      },
      "location-before-char-start": 1554,
      "location-before-char-end": 1577,
      "node-str": "\u003d"
    },
    {
      "type": "delete-node",
      "node": {
        "label": "configElement",
        "type": "VariableRead"
      },
      "location-before-char-start": 1591,
      "location-before-char-end": 1603,
      "node-str": "configElement"
    },
    {
      "type": "delete-node",
      "node": {
        "label": "ATT_CLASS",
        "type": "FieldRead"
      },
      "location-before-char-start": 1618,
      "location-before-char-end": 1626,
      "node-str": "ATT_CLASS"
    },
    {
      "type": "delete-node",
      "node": {
        "label": "getAttribute",
        "type": "Invocation"
      },
      "location-before-char-start": 1591,
      "location-before-char-end": 1627,
      "node-str": "getAttribute"
    },
    {
      "type": "delete-node",
      "node": {
        "label": "null",
        "type": "Literal"
      },
      "location-before-char-start": 1632,
      "location-before-char-end": 1635,
      "node-str": "null"
    },
    {
      "type": "delete-node",
      "node": {
        "label": "EQ",
        "type": "BinaryOperator"
      },
      "location-before-char-start": 1591,
      "location-before-char-end": 1635,
      "node-str": "EQ"
    },
    {
      "type": "delete-node",
      "node": {
        "label": "if",
        "type": "If"
      },
      "location-before-char-start": 1587,
      "location-before-char-end": 1880,
      "node-str": "if"
    },
    {
      "type": "delete-node",
      "node": {
        "label": "\u003cinit\u003e",
        "type": "Constructor"
      },
      "location-before-char-start": 1384,
      "location-before-char-end": 1886,
      "node-str": "\u003cinit\u003e"
    },
    {
      "type": "delete-node",
      "node": {
        "label": "org.eclipse.ui.intro.IIntroPart",
        "type": "RETURN_TYPE"
      },
      "location-before-char-start": 0,
      "location-before-char-end": 0,
      "node-str": "org.eclipse.ui.intro.IIntroPart"
    },
    {
      "type": "delete-node",
      "node": {
        "label": "org.eclipse.core.runtime.CoreException",
        "type": "THROWS"
      },
      "location-before-char-start": 0,
      "location-before-char-end": 0,
      "node-str": "org.eclipse.core.runtime.CoreException"
    },
    {
      "type": "delete-node",
      "node": {
        "label": "public",
        "type": "Modifier"
      },
      "location-before-char-start": 0,
      "location-before-char-end": 0,
      "node-str": "public"
    },
    {
      "type": "delete-node",
      "node": {
        "label": "org.eclipse.ui.internal.intro.IntroDescriptor",
        "type": "TypeAccess"
      },
      "location-before-char-start": 0,
      "location-before-char-end": 0,
      "node-str": "org.eclipse.ui.internal.intro.IntroDescriptor"
    },
    {
      "type": "delete-node",
      "node": {
        "label": "element",
        "type": "FieldRead"
      },
      "location-before-char-start": 2066,
      "location-before-char-end": 2072,
      "node-str": "element"
    },
    {
      "type": "delete-node",
      "node": {
        "label": "ATT_CLASS",
        "type": "FieldRead"
      },
      "location-before-char-start": 2100,
      "location-before-char-end": 2108,
      "node-str": "ATT_CLASS"
    },
    {
      "type": "delete-node",
      "node": {
        "label": "createExecutableExtension",
        "type": "Invocation"
      },
      "location-before-char-start": 2053,
      "location-before-char-end": 2109,
      "node-str": "createExecutableExtension"
    },
    {
      "type": "delete-node",
      "node": {
        "label": "return",
        "type": "Return"
      },
      "location-before-char-start": 2046,
      "location-before-char-end": 2110,
      "node-str": "return"
    },
    {
      "type": "delete-node",
      "node": {
        "label": "createIntro",
        "type": "Method"
      },
      "location-before-char-start": 1893,
      "location-before-char-end": 2116,
      "node-str": "createIntro"
    },
    {
      "type": "delete-node",
      "node": {
        "label": "java.lang.String",
        "type": "RETURN_TYPE"
      },
      "location-before-char-start": 0,
      "location-before-char-end": 0,
      "node-str": "java.lang.String"
    },
    {
      "type": "delete-node",
      "node": {
        "label": "public",
        "type": "Modifier"
      },
      "location-before-char-start": 0,
      "location-before-char-end": 0,
      "node-str": "public"
    },
    {
      "type": "delete-node",
      "node": {
        "label": "org.eclipse.ui.internal.intro.IntroDescriptor",
        "type": "TypeAccess"
      },
      "location-before-char-start": 0,
      "location-before-char-end": 0,
      "node-str": "org.eclipse.ui.internal.intro.IntroDescriptor"
    },
    {
      "type": "delete-node",
      "node": {
        "label": "element",
        "type": "FieldRead"
      },
      "location-before-char-start": 2248,
      "location-before-char-end": 2254,
      "node-str": "element"
    },
    {
      "type": "delete-node",
      "node": {
        "label": "ATT_ID",
        "type": "FieldRead"
      },
      "location-before-char-start": 2269,
      "location-before-char-end": 2274,
      "node-str": "ATT_ID"
    },
    {
      "type": "delete-node",
      "node": {
        "label": "getAttribute",
        "type": "Invocation"
      },
      "location-before-char-start": 2248,
      "location-before-char-end": 2275,
      "node-str": "getAttribute"
    },
    {
      "type": "delete-node",
      "node": {
        "label": "return",
        "type": "Return"
      },
      "location-before-char-start": 2241,
      "location-before-char-end": 2276,
      "node-str": "return"
    },
    {
      "type": "delete-node",
      "node": {
        "label": "getId",
        "type": "Method"
      },
      "location-before-char-start": 2123,
      "location-before-char-end": 2282,
      "node-str": "getId"
    },
    {
      "type": "delete-node",
      "node": {
        "label": "org.eclipse.jface.resource.ImageDescriptor",
        "type": "RETURN_TYPE"
      },
      "location-before-char-start": 0,
      "location-before-char-end": 0,
      "node-str": "org.eclipse.jface.resource.ImageDescriptor"
    },
    {
      "type": "delete-node",
      "node": {
        "label": "public",
        "type": "Modifier"
      },
      "location-before-char-start": 0,
      "location-before-char-end": 0,
      "node-str": "public"
    },
    {
      "type": "delete-node",
      "node": {
        "label": "java.lang.String",
        "type": "VARIABLE_TYPE"
      },
      "location-before-char-start": 0,
      "location-before-char-end": 0,
      "node-str": "java.lang.String"
    },
    {
      "type": "delete-node",
      "node": {
        "label": "org.eclipse.ui.internal.intro.IntroDescriptor",
        "type": "TypeAccess"
      },
      "location-before-char-start": 0,
      "location-before-char-end": 0,
      "node-str": "org.eclipse.ui.internal.intro.IntroDescriptor"
    },
    {
      "type": "delete-node",
      "node": {
        "label": "element",
        "type": "FieldRead"
      },
      "location-before-char-start": 2527,
      "location-before-char-end": 2533,
      "node-str": "element"
    },
    {
      "type": "delete-node",
      "node": {
        "label": "ATT_ICON",
        "type": "FieldRead"
      },
      "location-before-char-start": 2548,
      "location-before-char-end": 2555,
      "node-str": "ATT_ICON"
    },
    {
      "type": "delete-node",
      "node": {
        "label": "getAttribute",
        "type": "Invocation"
      },
      "location-before-char-start": 2527,
      "location-before-char-end": 2556,
      "node-str": "getAttribute"
    },
    {
      "type": "delete-node",
      "node": {
        "label": "iconName",
        "type": "LocalVariable"
      },
      "location-before-char-start": 2509,
      "location-before-char-end": 2557,
      "node-str": "iconName"
    },
    {
      "type": "delete-node",
      "node": {
        "label": "iconName",
        "type": "VariableRead"
      },
      "location-before-char-start": 2565,
      "location-before-char-end": 2572,
      "node-str": "iconName"
    },
    {
      "type": "delete-node",
      "node": {
        "label": "null",
        "type": "Literal"
      },
      "location-before-char-start": 2577,
      "location-before-char-end": 2580,
      "node-str": "null"
    },
    {
      "type": "delete-node",
      "node": {
        "label": "EQ",
        "type": "BinaryOperator"
      },
      "location-before-char-start": 2565,
      "location-before-char-end": 2580,
      "node-str": "EQ"
    },
    {
      "type": "delete-node",
      "node": {
        "label": "null",
        "type": "Literal"
      },
      "location-before-char-start": 2595,
      "location-before-char-end": 2598,
      "node-str": "null"
    },
    {
      "type": "delete-node",
      "node": {
        "label": "return",
        "type": "Return"
      },
      "location-before-char-start": 2588,
      "location-before-char-end": 2599,
      "node-str": "return"
    },
    {
      "type": "delete-node",
      "node": {
        "label": "THEN",
        "type": "then"
      },
      "location-before-char-start": 2583,
      "location-before-char-end": 2603,
      "node-str": "THEN"
    },
    {
      "type": "delete-node",
      "node": {
        "label": "if",
        "type": "If"
      },
      "location-before-char-start": 2561,
      "location-before-char-end": 2603,
      "node-str": "if"
    },
    {
      "type": "delete-node",
      "node": {
        "label": "org.eclipse.ui.internal.intro.IntroDescriptor",
        "type": "TypeAccess"
      },
      "location-before-char-start": 0,
      "location-before-char-end": 0,
      "node-str": "org.eclipse.ui.internal.intro.IntroDescriptor"
    },
    {
      "type": "delete-node",
      "node": {
        "label": "imageDescriptor",
        "type": "FieldRead"
      },
      "location-before-char-start": 2750,
      "location-before-char-end": 2764,
      "node-str": "imageDescriptor"
    },
    {
      "type": "delete-node",
      "node": {
        "label": "return",
        "type": "Return"
      },
      "location-before-char-start": 2743,
      "location-before-char-end": 2765,
      "node-str": "return"
    },
    {
      "type": "delete-node",
      "node": {
        "label": "getImageDescriptor",
        "type": "Method"
      },
      "location-before-char-start": 2289,
      "location-before-char-end": 2771,
      "node-str": "getImageDescriptor"
    },
    {
      "type": "delete-node",
      "node": {
        "label": "java.lang.String",
        "type": "RETURN_TYPE"
      },
      "location-before-char-start": 0,
      "location-before-char-end": 0,
      "node-str": "java.lang.String"
    },
    {
      "type": "delete-node",
      "node": {
        "label": "public",
        "type": "Modifier"
      },
      "location-before-char-start": 0,
      "location-before-char-end": 0,
      "node-str": "public"
    },
    {
      "type": "delete-node",
      "node": {
        "label": "org.eclipse.ui.internal.intro.IntroDescriptor",
        "type": "TypeAccess"
      },
      "location-before-char-start": 0,
      "location-before-char-end": 0,
      "node-str": "org.eclipse.ui.internal.intro.IntroDescriptor"
    },
    {
      "type": "delete-node",
      "node": {
        "label": "element",
        "type": "FieldRead"
      },
      "location-before-char-start": 2911,
      "location-before-char-end": 2917,
      "node-str": "element"
    },
    {
      "type": "delete-node",
      "node": {
        "label": "ATT_ID",
        "type": "FieldRead"
      },
      "location-before-char-start": 2932,
      "location-before-char-end": 2937,
      "node-str": "ATT_ID"
    },
    {
      "type": "delete-node",
      "node": {
        "label": "getAttribute",
        "type": "Invocation"
      },
      "location-before-char-start": 2911,
      "location-before-char-end": 2938,
      "node-str": "getAttribute"
    },
    {
      "type": "delete-node",
      "node": {
        "label": "return",
        "type": "Return"
      },
      "location-before-char-start": 2904,
      "location-before-char-end": 2939,
      "node-str": "return"
    },
    {
      "type": "delete-node",
      "node": {
        "label": "getLocalId",
        "type": "Method"
      },
      "location-before-char-start": 2778,
      "location-before-char-end": 2945,
      "node-str": "getLocalId"
    },
    {
      "type": "delete-node",
      "node": {
        "label": "org.eclipse.core.runtime.IConfigurationElement",
        "type": "RETURN_TYPE"
      },
      "location-before-char-start": 0,
      "location-before-char-end": 0,
      "node-str": "org.eclipse.core.runtime.IConfigurationElement"
    },
    {
      "type": "delete-node",
      "node": {
        "label": "public",
        "type": "Modifier"
      },
      "location-before-char-start": 0,
      "location-before-char-end": 0,
      "node-str": "public"
    },
    {
      "type": "delete-node",
      "node": {
        "label": "org.eclipse.ui.internal.intro.IntroDescriptor",
        "type": "TypeAccess"
      },
      "location-before-char-start": 0,
      "location-before-char-end": 0,
      "node-str": "org.eclipse.ui.internal.intro.IntroDescriptor"
    },
    {
      "type": "delete-node",
      "node": {
        "label": "element",
        "type": "FieldRead"
      },
      "location-before-char-start": 3320,
      "location-before-char-end": 3326,
      "node-str": "element"
    },
    {
      "type": "delete-node",
      "node": {
        "label": "return",
        "type": "Return"
      },
      "location-before-char-start": 3313,
      "location-before-char-end": 3327,
      "node-str": "return"
    },
    {
      "type": "delete-node",
      "node": {
        "label": "getConfigurationElement",
        "type": "Method"
      },
      "location-before-char-start": 3126,
      "location-before-char-end": 3333,
      "node-str": "getConfigurationElement"
    },
    {
      "type": "delete-node",
      "node": {
        "label": "IntroDescriptor",
        "type": "Class"
      },
      "location-before-char-start": 946,
      "location-before-char-end": 3335,
      "node-str": "IntroDescriptor"
    }
  ],
  "before-file": {},
  "after-file": {},
  "mapping": {}
}