{
  "tool-info": {},
  "diff": [
    {
      "type": "insert-node",
      "node": {
        "label": "\u003cinit\u003e",
        "type": "Constructor"
      },
      "location-after-char-start": 2139,
      "location-after-char-end": 3580,
      "node-str": "\u003cinit\u003e"
    },
    {
      "type": "move-subtree",
      "node": {
        "label": "public",
        "type": "Modifier"
      },
      "location-before-char-start": 0,
      "location-before-char-end": 0,
      "location-after-char-start": 0,
      "location-after-char-end": 0,
      "node-str": "public"
    },
    {
      "type": "move-subtree",
      "node": {
        "label": "\u003cinit\u003e",
        "type": "Invocation"
      },
      "location-before-char-start": 2227,
      "location-before-char-end": 2280,
      "location-after-char-start": 2265,
      "location-after-char-end": 2318,
      "node-str": "\u003cinit\u003e"
    },
    {
      "type": "move-subtree",
      "node": {
        "label": "mclass",
        "type": "LocalVariable"
      },
      "location-before-char-start": 2287,
      "location-before-char-end": 2326,
      "location-after-char-start": 2325,
      "location-after-char-end": 2364,
      "node-str": "mclass"
    },
    {
      "type": "insert-node",
      "node": {
        "label": "addCaption",
        "type": "Invocation"
      },
      "location-after-char-start": 2371,
      "location-after-char-end": 2427,
      "node-str": "addCaption"
    },
    {
      "type": "move-subtree",
      "node": {
        "label": "addField",
        "type": "Invocation"
      },
      "location-before-char-start": 2364,
      "location-before-char-end": 2389,
      "location-after-char-start": 2433,
      "location-after-char-end": 2458,
      "node-str": "addField"
    },
    {
      "type": "move-subtree",
      "node": {
        "label": "addCaption",
        "type": "Invocation"
      },
      "location-before-char-start": 2396,
      "location-before-char-end": 2427,
      "location-after-char-start": 2465,
      "location-after-char-end": 2496,
      "node-str": "addCaption"
    },
    {
      "type": "move-subtree",
      "node": {
        "label": "classifierModel",
        "type": "LocalVariable"
      },
      "location-before-char-start": 2433,
      "location-before-char-end": 2613,
      "location-after-char-start": 2502,
      "location-after-char-end": 2682,
      "node-str": "classifierModel"
    },
    {
      "type": "move-subtree",
      "node": {
        "label": "clsComboBox",
        "type": "LocalVariable"
      },
      "location-before-char-start": 2616,
      "location-before-char-end": 2674,
      "location-after-char-start": 2685,
      "location-after-char-end": 2743,
      "node-str": "clsComboBox"
    },
    {
      "type": "insert-node",
      "node": {
        "label": "addField",
        "type": "Invocation"
      },
      "location-after-char-start": 2749,
      "location-after-char-end": 2854,
      "node-str": "addField"
    },
    {
      "type": "insert-node",
      "node": {
        "label": "addCaption",
        "type": "Invocation"
      },
      "location-after-char-start": 2861,
      "location-after-char-end": 2923,
      "node-str": "addCaption"
    },
    {
      "type": "move-subtree",
      "node": {
        "label": "addField",
        "type": "Invocation"
      },
      "location-before-char-start": 2793,
      "location-before-char-end": 2822,
      "location-after-char-start": 2929,
      "location-after-char-end": 2958,
      "node-str": "addField"
    },
    {
      "type": "insert-node",
      "node": {
        "label": "addCaption",
        "type": "Invocation"
      },
      "location-after-char-start": 2965,
      "location-after-char-end": 3026,
      "node-str": "addCaption"
    },
    {
      "type": "move-subtree",
      "node": {
        "label": "addField",
        "type": "Invocation"
      },
      "location-before-char-start": 2865,
      "location-before-char-end": 2896,
      "location-after-char-start": 3032,
      "location-after-char-end": 3063,
      "node-str": "addField"
    },
    {
      "type": "insert-node",
      "node": {
        "label": "java.lang.Object()",
        "type": "ConstructorCall"
      },
      "location-after-char-start": 3070,
      "location-after-char-end": 3178,
      "node-str": "java.lang.Object()"
    },
    {
      "type": "insert-node",
      "node": {
        "label": "java.lang.Object()",
        "type": "ConstructorCall"
      },
      "location-after-char-start": 3184,
      "location-after-char-end": 3323,
      "node-str": "java.lang.Object()"
    },
    {
      "type": "insert-node",
      "node": {
        "label": "java.lang.Object()",
        "type": "ConstructorCall"
      },
      "location-after-char-start": 3329,
      "location-after-char-end": 3480,
      "node-str": "java.lang.Object()"
    },
    {
      "type": "move-subtree",
      "node": {
        "label": "java.lang.Object()",
        "type": "ConstructorCall"
      },
      "location-before-char-start": 3247,
      "location-before-char-end": 3336,
      "location-after-char-start": 3486,
      "location-after-char-end": 3575,
      "node-str": "java.lang.Object()"
    },
    {
      "type": "move-subtree",
      "node": {
        "label": "org.argouml.uml.ui.behavior.common_behavior.PropPanelComponentInstance",
        "type": "TypeAccess"
      },
      "location-before-char-start": 0,
      "location-before-char-end": 0,
      "location-after-char-start": 0,
      "location-after-char-end": 0,
      "node-str": "org.argouml.uml.ui.behavior.common_behavior.PropPanelComponentInstance"
    },
    {
      "type": "insert-node",
      "node": {
        "label": "localize",
        "type": "Invocation"
      },
      "location-after-char-start": 2382,
      "location-after-char-end": 2419,
      "node-str": "localize"
    },
    {
      "type": "move-subtree",
      "node": {
        "label": "1",
        "type": "Literal"
      },
      "location-before-char-start": 2352,
      "location-before-char-end": 2352,
      "location-after-char-start": 2421,
      "location-after-char-end": 2421,
      "node-str": "1"
    },
    {
      "type": "move-subtree",
      "node": {
        "label": "0",
        "type": "Literal"
      },
      "location-before-char-start": 2354,
      "location-before-char-end": 2354,
      "location-after-char-start": 2423,
      "location-after-char-end": 2423,
      "node-str": "0"
    },
    {
      "type": "move-subtree",
      "node": {
        "label": "0",
        "type": "Literal"
      },
      "location-before-char-start": 2356,
      "location-before-char-end": 2356,
      "location-after-char-start": 2425,
      "location-after-char-end": 2425,
      "node-str": "0"
    },
    {
      "type": "move-subtree",
      "node": {
        "label": "org.argouml.uml.ui.behavior.common_behavior.PropPanelComponentInstance",
        "type": "TypeAccess"
      },
      "location-before-char-start": 0,
      "location-before-char-end": 0,
      "location-after-char-start": 0,
      "location-after-char-end": 0,
      "node-str": "org.argouml.uml.ui.behavior.common_behavior.PropPanelComponentInstance"
    },
    {
      "type": "insert-node",
      "node": {
        "label": "java.lang.Object()",
        "type": "ConstructorCall"
      },
      "location-after-char-start": 2758,
      "location-after-char-end": 2846,
      "node-str": "java.lang.Object()"
    },
    {
      "type": "move-subtree",
      "node": {
        "label": "2",
        "type": "Literal"
      },
      "location-before-char-start": 2743,
      "location-before-char-end": 2743,
      "location-after-char-start": 2848,
      "location-after-char-end": 2848,
      "node-str": "2"
    },
    {
      "type": "move-subtree",
      "node": {
        "label": "0",
        "type": "Literal"
      },
      "location-before-char-start": 2745,
      "location-before-char-end": 2745,
      "location-after-char-start": 2850,
      "location-after-char-end": 2850,
      "node-str": "0"
    },
    {
      "type": "move-subtree",
      "node": {
        "label": "0",
        "type": "Literal"
      },
      "location-before-char-start": 2747,
      "location-before-char-end": 2747,
      "location-after-char-start": 2852,
      "location-after-char-end": 2852,
      "node-str": "0"
    },
    {
      "type": "move-subtree",
      "node": {
        "label": "org.argouml.uml.ui.behavior.common_behavior.PropPanelComponentInstance",
        "type": "TypeAccess"
      },
      "location-before-char-start": 0,
      "location-before-char-end": 0,
      "location-after-char-start": 0,
      "location-after-char-end": 0,
      "node-str": "org.argouml.uml.ui.behavior.common_behavior.PropPanelComponentInstance"
    },
    {
      "type": "insert-node",
      "node": {
        "label": "localize",
        "type": "Invocation"
      },
      "location-after-char-start": 2872,
      "location-after-char-end": 2915,
      "node-str": "localize"
    },
    {
      "type": "move-subtree",
      "node": {
        "label": "3",
        "type": "Literal"
      },
      "location-before-char-start": 2781,
      "location-before-char-end": 2781,
      "location-after-char-start": 2917,
      "location-after-char-end": 2917,
      "node-str": "3"
    },
    {
      "type": "move-subtree",
      "node": {
        "label": "0",
        "type": "Literal"
      },
      "location-before-char-start": 2783,
      "location-before-char-end": 2783,
      "location-after-char-start": 2919,
      "location-after-char-end": 2919,
      "node-str": "0"
    },
    {
      "type": "move-subtree",
      "node": {
        "label": "0",
        "type": "Literal"
      },
      "location-before-char-start": 2785,
      "location-before-char-end": 2785,
      "location-after-char-start": 2921,
      "location-after-char-end": 2921,
      "node-str": "0"
    },
    {
      "type": "move-subtree",
      "node": {
        "label": "org.argouml.uml.ui.behavior.common_behavior.PropPanelComponentInstance",
        "type": "TypeAccess"
      },
      "location-before-char-start": 0,
      "location-before-char-end": 0,
      "location-after-char-start": 0,
      "location-after-char-end": 0,
      "node-str": "org.argouml.uml.ui.behavior.common_behavior.PropPanelComponentInstance"
    },
    {
      "type": "insert-node",
      "node": {
        "label": "localize",
        "type": "Invocation"
      },
      "location-after-char-start": 2976,
      "location-after-char-end": 3018,
      "node-str": "localize"
    },
    {
      "type": "move-subtree",
      "node": {
        "label": "4",
        "type": "Literal"
      },
      "location-before-char-start": 2853,
      "location-before-char-end": 2853,
      "location-after-char-start": 3020,
      "location-after-char-end": 3020,
      "node-str": "4"
    },
    {
      "type": "move-subtree",
      "node": {
        "label": "0",
        "type": "Literal"
      },
      "location-before-char-start": 2855,
      "location-before-char-end": 2855,
      "location-after-char-start": 3022,
      "location-after-char-end": 3022,
      "node-str": "0"
    },
    {
      "type": "move-subtree",
      "node": {
        "label": "1",
        "type": "Literal"
      },
      "location-before-char-start": 2857,
      "location-before-char-end": 2857,
      "location-after-char-start": 3024,
      "location-after-char-end": 3024,
      "node-str": "1"
    },
    {
      "type": "move-subtree",
      "node": {
        "label": "this",
        "type": "ThisAccess"
      },
      "location-before-char-start": 2923,
      "location-before-char-end": 2926,
      "location-after-char-start": 3090,
      "location-after-char-end": 3093,
      "node-str": "this"
    },
    {
      "type": "move-subtree",
      "node": {
        "label": "buttonPanel",
        "type": "FieldRead"
      },
      "location-before-char-start": 2928,
      "location-before-char-end": 2938,
      "location-after-char-start": 3095,
      "location-after-char-end": 3105,
      "node-str": "buttonPanel"
    },
    {
      "type": "move-subtree",
      "node": {
        "label": "_navUpIcon",
        "type": "FieldRead"
      },
      "location-before-char-start": 2940,
      "location-before-char-end": 2949,
      "location-after-char-start": 3107,
      "location-after-char-end": 3116,
      "node-str": "_navUpIcon"
    },
    {
      "type": "insert-node",
      "node": {
        "label": "localize",
        "type": "Invocation"
      },
      "location-after-char-start": 3119,
      "location-after-char-end": 3158,
      "node-str": "localize"
    },
    {
      "type": "move-subtree",
      "node": {
        "label": "\"navigateUp\"",
        "type": "Literal"
      },
      "location-before-char-start": 2969,
      "location-before-char-end": 2980,
      "location-after-char-start": 3160,
      "location-after-char-end": 3171,
      "node-str": "\"navigateUp\""
    },
    {
      "type": "move-subtree",
      "node": {
        "label": "null",
        "type": "Literal"
      },
      "location-before-char-start": 2982,
      "location-before-char-end": 2985,
      "location-after-char-start": 3173,
      "location-after-char-end": 3176,
      "node-str": "null"
    },
    {
      "type": "move-subtree",
      "node": {
        "label": "this",
        "type": "ThisAccess"
      },
      "location-before-char-start": 3013,
      "location-before-char-end": 3016,
      "location-after-char-start": 3204,
      "location-after-char-end": 3207,
      "node-str": "this"
    },
    {
      "type": "move-subtree",
      "node": {
        "label": "buttonPanel",
        "type": "FieldRead"
      },
      "location-before-char-start": 3018,
      "location-before-char-end": 3028,
      "location-after-char-start": 3209,
      "location-after-char-end": 3219,
      "node-str": "buttonPanel"
    },
    {
      "type": "move-subtree",
      "node": {
        "label": "_navBackIcon",
        "type": "FieldRead"
      },
      "location-before-char-start": 3030,
      "location-before-char-end": 3041,
      "location-after-char-start": 3221,
      "location-after-char-end": 3232,
      "node-str": "_navBackIcon"
    },
    {
      "type": "insert-node",
      "node": {
        "label": "localize",
        "type": "Invocation"
      },
      "location-after-char-start": 3235,
      "location-after-char-end": 3276,
      "node-str": "localize"
    },
    {
      "type": "move-subtree",
      "node": {
        "label": "\"navigateBackAction\"",
        "type": "Literal"
      },
      "location-before-char-start": 3063,
      "location-before-char-end": 3082,
      "location-after-char-start": 3278,
      "location-after-char-end": 3297,
      "node-str": "\"navigateBackAction\""
    },
    {
      "type": "move-subtree",
      "node": {
        "label": "\"isNavigateBackEnabled\"",
        "type": "Literal"
      },
      "location-before-char-start": 3084,
      "location-before-char-end": 3106,
      "location-after-char-start": 3299,
      "location-after-char-end": 3321,
      "node-str": "\"isNavigateBackEnabled\""
    },
    {
      "type": "move-subtree",
      "node": {
        "label": "this",
        "type": "ThisAccess"
      },
      "location-before-char-start": 3134,
      "location-before-char-end": 3137,
      "location-after-char-start": 3349,
      "location-after-char-end": 3352,
      "node-str": "this"
    },
    {
      "type": "move-subtree",
      "node": {
        "label": "buttonPanel",
        "type": "FieldRead"
      },
      "location-before-char-start": 3139,
      "location-before-char-end": 3149,
      "location-after-char-start": 3354,
      "location-after-char-end": 3364,
      "node-str": "buttonPanel"
    },
    {
      "type": "move-subtree",
      "node": {
        "label": "_navForwardIcon",
        "type": "FieldRead"
      },
      "location-before-char-start": 3151,
      "location-before-char-end": 3165,
      "location-after-char-start": 3366,
      "location-after-char-end": 3380,
      "node-str": "_navForwardIcon"
    },
    {
      "type": "insert-node",
      "node": {
        "label": "localize",
        "type": "Invocation"
      },
      "location-after-char-start": 3383,
      "location-after-char-end": 3427,
      "node-str": "localize"
    },
    {
      "type": "move-subtree",
      "node": {
        "label": "\"navigateForwardAction\"",
        "type": "Literal"
      },
      "location-before-char-start": 3190,
      "location-before-char-end": 3212,
      "location-after-char-start": 3429,
      "location-after-char-end": 3451,
      "node-str": "\"navigateForwardAction\""
    },
    {
      "type": "move-subtree",
      "node": {
        "label": "\"isNavigateForwardEnabled\"",
        "type": "Literal"
      },
      "location-before-char-start": 3214,
      "location-before-char-end": 3239,
      "location-after-char-start": 3453,
      "location-after-char-end": 3478,
      "node-str": "\"isNavigateForwardEnabled\""
    },
    {
      "type": "insert-node",
      "node": {
        "label": "Argo",
        "type": "TypeAccess"
      },
      "location-after-char-start": 2382,
      "location-after-char-end": 2385,
      "node-str": "Argo"
    },
    {
      "type": "insert-node",
      "node": {
        "label": "\"UMLMenu\"",
        "type": "Literal"
      },
      "location-after-char-start": 2396,
      "location-after-char-end": 2404,
      "node-str": "\"UMLMenu\""
    },
    {
      "type": "insert-node",
      "node": {
        "label": "\"label.name\"",
        "type": "Literal"
      },
      "location-after-char-start": 2407,
      "location-after-char-end": 2418,
      "node-str": "\"label.name\""
    },
    {
      "type": "move-subtree",
      "node": {
        "label": "this",
        "type": "ThisAccess"
      },
      "location-before-char-start": 2714,
      "location-before-char-end": 2717,
      "location-after-char-start": 2783,
      "location-after-char-end": 2786,
      "node-str": "this"
    },
    {
      "type": "insert-node",
      "node": {
        "label": "localize",
        "type": "Invocation"
      },
      "location-after-char-start": 2789,
      "location-after-char-end": 2833,
      "node-str": "localize"
    },
    {
      "type": "move-subtree",
      "node": {
        "label": "clsComboBox",
        "type": "VariableRead"
      },
      "location-before-char-start": 2730,
      "location-before-char-end": 2740,
      "location-after-char-start": 2835,
      "location-after-char-end": 2845,
      "node-str": "clsComboBox"
    },
    {
      "type": "insert-node",
      "node": {
        "label": "Argo",
        "type": "TypeAccess"
      },
      "location-after-char-start": 2872,
      "location-after-char-end": 2875,
      "node-str": "Argo"
    },
    {
      "type": "insert-node",
      "node": {
        "label": "\"UMLMenu\"",
        "type": "Literal"
      },
      "location-after-char-start": 2886,
      "location-after-char-end": 2894,
      "node-str": "\"UMLMenu\""
    },
    {
      "type": "insert-node",
      "node": {
        "label": "\"label.stereotype\"",
        "type": "Literal"
      },
      "location-after-char-start": 2897,
      "location-after-char-end": 2914,
      "node-str": "\"label.stereotype\""
    },
    {
      "type": "insert-node",
      "node": {
        "label": "Argo",
        "type": "TypeAccess"
      },
      "location-after-char-start": 2976,
      "location-after-char-end": 2979,
      "node-str": "Argo"
    },
    {
      "type": "insert-node",
      "node": {
        "label": "\"UMLMenu\"",
        "type": "Literal"
      },
      "location-after-char-start": 2990,
      "location-after-char-end": 2998,
      "node-str": "\"UMLMenu\""
    },
    {
      "type": "insert-node",
      "node": {
        "label": "\"label.namespace\"",
        "type": "Literal"
      },
      "location-after-char-start": 3001,
      "location-after-char-end": 3017,
      "node-str": "\"label.namespace\""
    },
    {
      "type": "insert-node",
      "node": {
        "label": "Argo",
        "type": "TypeAccess"
      },
      "location-after-char-start": 3119,
      "location-after-char-end": 3122,
      "node-str": "Argo"
    },
    {
      "type": "insert-node",
      "node": {
        "label": "\"UMLMenu\"",
        "type": "Literal"
      },
      "location-after-char-start": 3133,
      "location-after-char-end": 3141,
      "node-str": "\"UMLMenu\""
    },
    {
      "type": "insert-node",
      "node": {
        "label": "\"button.go-up\"",
        "type": "Literal"
      },
      "location-after-char-start": 3144,
      "location-after-char-end": 3157,
      "node-str": "\"button.go-up\""
    },
    {
      "type": "insert-node",
      "node": {
        "label": "Argo",
        "type": "TypeAccess"
      },
      "location-after-char-start": 3235,
      "location-after-char-end": 3238,
      "node-str": "Argo"
    },
    {
      "type": "insert-node",
      "node": {
        "label": "\"UMLMenu\"",
        "type": "Literal"
      },
      "location-after-char-start": 3249,
      "location-after-char-end": 3257,
      "node-str": "\"UMLMenu\""
    },
    {
      "type": "insert-node",
      "node": {
        "label": "\"button.go-back\"",
        "type": "Literal"
      },
      "location-after-char-start": 3260,
      "location-after-char-end": 3275,
      "node-str": "\"button.go-back\""
    },
    {
      "type": "insert-node",
      "node": {
        "label": "Argo",
        "type": "TypeAccess"
      },
      "location-after-char-start": 3383,
      "location-after-char-end": 3386,
      "node-str": "Argo"
    },
    {
      "type": "insert-node",
      "node": {
        "label": "\"UMLMenu\"",
        "type": "Literal"
      },
      "location-after-char-start": 3397,
      "location-after-char-end": 3405,
      "node-str": "\"UMLMenu\""
    },
    {
      "type": "insert-node",
      "node": {
        "label": "\"button.go-forward\"",
        "type": "Literal"
      },
      "location-after-char-start": 3408,
      "location-after-char-end": 3426,
      "node-str": "\"button.go-forward\""
    },
    {
      "type": "insert-node",
      "node": {
        "label": "Argo",
        "type": "TypeAccess"
      },
      "location-after-char-start": 2789,
      "location-after-char-end": 2792,
      "node-str": "Argo"
    },
    {
      "type": "insert-node",
      "node": {
        "label": "\"UMLMenu\"",
        "type": "Literal"
      },
      "location-after-char-start": 2803,
      "location-after-char-end": 2811,
      "node-str": "\"UMLMenu\""
    },
    {
      "type": "insert-node",
      "node": {
        "label": "\"tooltip.nav-class\"",
        "type": "Literal"
      },
      "location-after-char-start": 2814,
      "location-after-char-end": 2832,
      "node-str": "\"tooltip.nav-class\""
    },
    {
      "type": "delete-node",
      "node": {
        "label": "\"Name:\"",
        "type": "Literal"
      },
      "location-before-char-start": 2344,
      "location-before-char-end": 2350,
      "node-str": "\"Name:\""
    },
    {
      "type": "delete-node",
      "node": {
        "label": "addCaption",
        "type": "Invocation"
      },
      "location-before-char-start": 2333,
      "location-before-char-end": 2358,
      "node-str": "addCaption"
    },
    {
      "type": "delete-node",
      "node": {
        "label": "\"NavClass\"",
        "type": "Literal"
      },
      "location-before-char-start": 2719,
      "location-before-char-end": 2728,
      "node-str": "\"NavClass\""
    },
    {
      "type": "delete-node",
      "node": {
        "label": "java.lang.Object()",
        "type": "ConstructorCall"
      },
      "location-before-char-start": 2689,
      "location-before-char-end": 2741,
      "node-str": "java.lang.Object()"
    },
    {
      "type": "delete-node",
      "node": {
        "label": "addField",
        "type": "Invocation"
      },
      "location-before-char-start": 2680,
      "location-before-char-end": 2749,
      "node-str": "addField"
    },
    {
      "type": "delete-node",
      "node": {
        "label": "\"Stereotype:\"",
        "type": "Literal"
      },
      "location-before-char-start": 2767,
      "location-before-char-end": 2779,
      "node-str": "\"Stereotype:\""
    },
    {
      "type": "delete-node",
      "node": {
        "label": "addCaption",
        "type": "Invocation"
      },
      "location-before-char-start": 2756,
      "location-before-char-end": 2787,
      "node-str": "addCaption"
    },
    {
      "type": "delete-node",
      "node": {
        "label": "\"Namespace:\"",
        "type": "Literal"
      },
      "location-before-char-start": 2840,
      "location-before-char-end": 2851,
      "node-str": "\"Namespace:\""
    },
    {
      "type": "delete-node",
      "node": {
        "label": "addCaption",
        "type": "Invocation"
      },
      "location-before-char-start": 2829,
      "location-before-char-end": 2859,
      "node-str": "addCaption"
    },
    {
      "type": "delete-node",
      "node": {
        "label": "org.argouml.uml.ui.behavior.common_behavior.PropPanelComponentInstance",
        "type": "TypeAccess"
      },
      "location-before-char-start": 0,
      "location-before-char-end": 0,
      "node-str": "org.argouml.uml.ui.behavior.common_behavior.PropPanelComponentInstance"
    },
    {
      "type": "delete-node",
      "node": {
        "label": "\"Go up\"",
        "type": "Literal"
      },
      "location-before-char-start": 2960,
      "location-before-char-end": 2966,
      "node-str": "\"Go up\""
    },
    {
      "type": "delete-node",
      "node": {
        "label": "localize",
        "type": "Invocation"
      },
      "location-before-char-start": 2951,
      "location-before-char-end": 2967,
      "node-str": "localize"
    },
    {
      "type": "delete-node",
      "node": {
        "label": "java.lang.Object()",
        "type": "ConstructorCall"
      },
      "location-before-char-start": 2903,
      "location-before-char-end": 2987,
      "node-str": "java.lang.Object()"
    },
    {
      "type": "delete-node",
      "node": {
        "label": "org.argouml.uml.ui.behavior.common_behavior.PropPanelComponentInstance",
        "type": "TypeAccess"
      },
      "location-before-char-start": 0,
      "location-before-char-end": 0,
      "node-str": "org.argouml.uml.ui.behavior.common_behavior.PropPanelComponentInstance"
    },
    {
      "type": "delete-node",
      "node": {
        "label": "\"Go back\"",
        "type": "Literal"
      },
      "location-before-char-start": 3052,
      "location-before-char-end": 3060,
      "node-str": "\"Go back\""
    },
    {
      "type": "delete-node",
      "node": {
        "label": "localize",
        "type": "Invocation"
      },
      "location-before-char-start": 3043,
      "location-before-char-end": 3061,
      "node-str": "localize"
    },
    {
      "type": "delete-node",
      "node": {
        "label": "java.lang.Object()",
        "type": "ConstructorCall"
      },
      "location-before-char-start": 2993,
      "location-before-char-end": 3108,
      "node-str": "java.lang.Object()"
    },
    {
      "type": "delete-node",
      "node": {
        "label": "org.argouml.uml.ui.behavior.common_behavior.PropPanelComponentInstance",
        "type": "TypeAccess"
      },
      "location-before-char-start": 0,
      "location-before-char-end": 0,
      "node-str": "org.argouml.uml.ui.behavior.common_behavior.PropPanelComponentInstance"
    },
    {
      "type": "delete-node",
      "node": {
        "label": "\"Go forward\"",
        "type": "Literal"
      },
      "location-before-char-start": 3176,
      "location-before-char-end": 3187,
      "node-str": "\"Go forward\""
    },
    {
      "type": "delete-node",
      "node": {
        "label": "localize",
        "type": "Invocation"
      },
      "location-before-char-start": 3167,
      "location-before-char-end": 3188,
      "node-str": "localize"
    },
    {
      "type": "delete-node",
      "node": {
        "label": "java.lang.Object()",
        "type": "ConstructorCall"
      },
      "location-before-char-start": 3114,
      "location-before-char-end": 3241,
      "node-str": "java.lang.Object()"
    },
    {
      "type": "delete-node",
      "node": {
        "label": "\u003cinit\u003e",
        "type": "Constructor"
      },
      "location-before-char-start": 2101,
      "location-before-char-end": 3341,
      "node-str": "\u003cinit\u003e"
    }
  ],
  "before-file": {},
  "after-file": {},
  "mapping": {}
}