{
  "tool-info": {},
  "diff": [
    {
      "type": "insert-node",
      "node": {
        "label": "public",
        "type": "Modifier"
      },
      "location-after-char-start": 0,
      "location-after-char-end": 0,
      "node-str": "public"
    },
    {
      "type": "insert-node",
      "node": {
        "label": "SINGLE",
        "type": "Field"
      },
      "location-after-char-start": 830,
      "location-after-char-end": 866,
      "node-str": "SINGLE"
    },
    {
      "type": "insert-node",
      "node": {
        "label": "COLLECTION",
        "type": "Field"
      },
      "location-after-char-start": 871,
      "location-after-char-end": 911,
      "node-str": "COLLECTION"
    },
    {
      "type": "insert-node",
      "node": {
        "label": "metadata",
        "type": "Field"
      },
      "location-after-char-start": 917,
      "location-after-char-end": 957,
      "node-str": "metadata"
    },
    {
      "type": "insert-node",
      "node": {
        "label": "command",
        "type": "Field"
      },
      "location-after-char-start": 962,
      "location-after-char-end": 996,
      "node-str": "command"
    },
    {
      "type": "insert-node",
      "node": {
        "label": "returnType",
        "type": "Field"
      },
      "location-after-char-start": 1001,
      "location-after-char-end": 1030,
      "node-str": "returnType"
    },
    {
      "type": "insert-node",
      "node": {
        "label": "schema",
        "type": "Field"
      },
      "location-after-char-start": 1035,
      "location-after-char-end": 1062,
      "node-str": "schema"
    },
    {
      "type": "insert-node",
      "node": {
        "label": "syncBeforeSelect",
        "type": "Field"
      },
      "location-after-char-start": 1067,
      "location-after-char-end": 1099,
      "node-str": "syncBeforeSelect"
    },
    {
      "type": "insert-node",
      "node": {
        "label": "tm",
        "type": "Field"
      },
      "location-after-char-start": 1104,
      "location-after-char-end": 1133,
      "node-str": "tm"
    },
    {
      "type": "insert-node",
      "node": {
        "label": "getMethod",
        "type": "Method"
      },
      "location-after-char-start": 2244,
      "location-after-char-end": 2313,
      "node-str": "getMethod"
    },
    {
      "type": "insert-node",
      "node": {
        "label": "byte",
        "type": "VARIABLE_TYPE"
      },
      "location-after-char-start": 0,
      "location-after-char-end": 0,
      "node-str": "byte"
    },
    {
      "type": "insert-node",
      "node": {
        "label": "final",
        "type": "Modifier"
      },
      "location-after-char-start": 0,
      "location-after-char-end": 0,
      "node-str": "final"
    },
    {
      "type": "insert-node",
      "node": {
        "label": "static",
        "type": "Modifier"
      },
      "location-after-char-start": 0,
      "location-after-char-end": 0,
      "node-str": "static"
    },
    {
      "type": "insert-node",
      "node": {
        "label": "0",
        "type": "Literal"
      },
      "location-after-char-start": 865,
      "location-after-char-end": 865,
      "node-str": "0"
    },
    {
      "type": "insert-node",
      "node": {
        "label": "byte",
        "type": "VARIABLE_TYPE"
      },
      "location-after-char-start": 0,
      "location-after-char-end": 0,
      "node-str": "byte"
    },
    {
      "type": "insert-node",
      "node": {
        "label": "final",
        "type": "Modifier"
      },
      "location-after-char-start": 0,
      "location-after-char-end": 0,
      "node-str": "final"
    },
    {
      "type": "insert-node",
      "node": {
        "label": "static",
        "type": "Modifier"
      },
      "location-after-char-start": 0,
      "location-after-char-end": 0,
      "node-str": "static"
    },
    {
      "type": "insert-node",
      "node": {
        "label": "2",
        "type": "Literal"
      },
      "location-after-char-start": 910,
      "location-after-char-end": 910,
      "node-str": "2"
    },
    {
      "type": "insert-node",
      "node": {
        "label": "org.jboss.ejb.plugins.cmp.jdbc.metadata.JDBCQueryMetaData",
        "type": "VARIABLE_TYPE"
      },
      "location-after-char-start": 0,
      "location-after-char-end": 0,
      "node-str": "org.jboss.ejb.plugins.cmp.jdbc.metadata.JDBCQueryMetaData"
    },
    {
      "type": "insert-node",
      "node": {
        "label": "final",
        "type": "Modifier"
      },
      "location-after-char-start": 0,
      "location-after-char-end": 0,
      "node-str": "final"
    },
    {
      "type": "insert-node",
      "node": {
        "label": "org.jboss.ejb.plugins.cmp.jdbc2.QueryCommand",
        "type": "VARIABLE_TYPE"
      },
      "location-after-char-start": 0,
      "location-after-char-end": 0,
      "node-str": "org.jboss.ejb.plugins.cmp.jdbc2.QueryCommand"
    },
    {
      "type": "insert-node",
      "node": {
        "label": "final",
        "type": "Modifier"
      },
      "location-after-char-start": 0,
      "location-after-char-end": 0,
      "node-str": "final"
    },
    {
      "type": "insert-node",
      "node": {
        "label": "byte",
        "type": "VARIABLE_TYPE"
      },
      "location-after-char-start": 0,
      "location-after-char-end": 0,
      "node-str": "byte"
    },
    {
      "type": "insert-node",
      "node": {
        "label": "final",
        "type": "Modifier"
      },
      "location-after-char-start": 0,
      "location-after-char-end": 0,
      "node-str": "final"
    },
    {
      "type": "insert-node",
      "node": {
        "label": "org.jboss.ejb.plugins.cmp.jdbc2.schema.Schema",
        "type": "VARIABLE_TYPE"
      },
      "location-after-char-start": 0,
      "location-after-char-end": 0,
      "node-str": "org.jboss.ejb.plugins.cmp.jdbc2.schema.Schema"
    },
    {
      "type": "insert-node",
      "node": {
        "label": "final",
        "type": "Modifier"
      },
      "location-after-char-start": 0,
      "location-after-char-end": 0,
      "node-str": "final"
    },
    {
      "type": "insert-node",
      "node": {
        "label": "boolean",
        "type": "VARIABLE_TYPE"
      },
      "location-after-char-start": 0,
      "location-after-char-end": 0,
      "node-str": "boolean"
    },
    {
      "type": "insert-node",
      "node": {
        "label": "javax.transaction.TransactionManager",
        "type": "VARIABLE_TYPE"
      },
      "location-after-char-start": 0,
      "location-after-char-end": 0,
      "node-str": "javax.transaction.TransactionManager"
    },
    {
      "type": "insert-node",
      "node": {
        "label": "java.lang.reflect.Method",
        "type": "RETURN_TYPE"
      },
      "location-after-char-start": 0,
      "location-after-char-end": 0,
      "node-str": "java.lang.reflect.Method"
    },
    {
      "type": "insert-node",
      "node": {
        "label": "public",
        "type": "Modifier"
      },
      "location-after-char-start": 0,
      "location-after-char-end": 0,
      "node-str": "public"
    },
    {
      "type": "insert-node",
      "node": {
        "label": "return",
        "type": "Return"
      },
      "location-after-char-start": 2281,
      "location-after-char-end": 2308,
      "node-str": "return"
    },
    {
      "type": "insert-node",
      "node": {
        "label": "getMethod",
        "type": "Invocation"
      },
      "location-after-char-start": 2288,
      "location-after-char-end": 2307,
      "node-str": "getMethod"
    },
    {
      "type": "insert-node",
      "node": {
        "label": "metadata",
        "type": "FieldRead"
      },
      "location-after-char-start": 2288,
      "location-after-char-end": 2295,
      "node-str": "metadata"
    },
    {
      "type": "insert-node",
      "node": {
        "label": "org.jboss.ejb.plugins.cmp.jdbc2.bridge.EJBSelectBridge",
        "type": "TypeAccess"
      },
      "location-after-char-start": 0,
      "location-after-char-end": 0,
      "node-str": "org.jboss.ejb.plugins.cmp.jdbc2.bridge.EJBSelectBridge"
    },
    {
      "type": "insert-node",
      "node": {
        "label": "schema",
        "type": "FieldRead"
      },
      "location-after-char-start": 2498,
      "location-after-char-end": 2503,
      "node-str": "schema"
    },
    {
      "type": "insert-node",
      "node": {
        "label": "schema",
        "type": "FieldRead"
      },
      "location-after-char-start": 2603,
      "location-after-char-end": 2608,
      "node-str": "schema"
    },
    {
      "type": "insert-node",
      "node": {
        "label": "org.jboss.ejb.plugins.cmp.jdbc2.bridge.EJBSelectBridge",
        "type": "TypeAccess"
      },
      "location-after-char-start": 0,
      "location-after-char-end": 0,
      "node-str": "org.jboss.ejb.plugins.cmp.jdbc2.bridge.EJBSelectBridge"
    },
    {
      "type": "insert-node",
      "node": {
        "label": "org.jboss.ejb.plugins.cmp.jdbc2.bridge.EJBSelectBridge",
        "type": "TypeAccess"
      },
      "location-after-char-start": 0,
      "location-after-char-end": 0,
      "node-str": "org.jboss.ejb.plugins.cmp.jdbc2.bridge.EJBSelectBridge"
    },
    {
      "type": "delete-node",
      "node": {
        "label": "public",
        "type": "Modifier"
      },
      "location-before-char-start": 0,
      "location-before-char-end": 0,
      "node-str": "public"
    },
    {
      "type": "delete-node",
      "node": {
        "label": "byte",
        "type": "VARIABLE_TYPE"
      },
      "location-before-char-start": 0,
      "location-before-char-end": 0,
      "node-str": "byte"
    },
    {
      "type": "delete-node",
      "node": {
        "label": "final",
        "type": "Modifier"
      },
      "location-before-char-start": 0,
      "location-before-char-end": 0,
      "node-str": "final"
    },
    {
      "type": "delete-node",
      "node": {
        "label": "static",
        "type": "Modifier"
      },
      "location-before-char-start": 0,
      "location-before-char-end": 0,
      "node-str": "static"
    },
    {
      "type": "delete-node",
      "node": {
        "label": "0",
        "type": "Literal"
      },
      "location-before-char-start": 865,
      "location-before-char-end": 865,
      "node-str": "0"
    },
    {
      "type": "delete-node",
      "node": {
        "label": "SINGLE",
        "type": "Field"
      },
      "location-before-char-start": 830,
      "location-before-char-end": 866,
      "node-str": "SINGLE"
    },
    {
      "type": "delete-node",
      "node": {
        "label": "byte",
        "type": "VARIABLE_TYPE"
      },
      "location-before-char-start": 0,
      "location-before-char-end": 0,
      "node-str": "byte"
    },
    {
      "type": "delete-node",
      "node": {
        "label": "final",
        "type": "Modifier"
      },
      "location-before-char-start": 0,
      "location-before-char-end": 0,
      "node-str": "final"
    },
    {
      "type": "delete-node",
      "node": {
        "label": "static",
        "type": "Modifier"
      },
      "location-before-char-start": 0,
      "location-before-char-end": 0,
      "node-str": "static"
    },
    {
      "type": "delete-node",
      "node": {
        "label": "2",
        "type": "Literal"
      },
      "location-before-char-start": 910,
      "location-before-char-end": 910,
      "node-str": "2"
    },
    {
      "type": "delete-node",
      "node": {
        "label": "COLLECTION",
        "type": "Field"
      },
      "location-before-char-start": 871,
      "location-before-char-end": 911,
      "node-str": "COLLECTION"
    },
    {
      "type": "delete-node",
      "node": {
        "label": "org.jboss.ejb.plugins.cmp.jdbc.metadata.JDBCQueryMetaData",
        "type": "VARIABLE_TYPE"
      },
      "location-before-char-start": 0,
      "location-before-char-end": 0,
      "node-str": "org.jboss.ejb.plugins.cmp.jdbc.metadata.JDBCQueryMetaData"
    },
    {
      "type": "delete-node",
      "node": {
        "label": "final",
        "type": "Modifier"
      },
      "location-before-char-start": 0,
      "location-before-char-end": 0,
      "node-str": "final"
    },
    {
      "type": "delete-node",
      "node": {
        "label": "metadata",
        "type": "Field"
      },
      "location-before-char-start": 917,
      "location-before-char-end": 957,
      "node-str": "metadata"
    },
    {
      "type": "delete-node",
      "node": {
        "label": "org.jboss.ejb.plugins.cmp.jdbc2.QueryCommand",
        "type": "VARIABLE_TYPE"
      },
      "location-before-char-start": 0,
      "location-before-char-end": 0,
      "node-str": "org.jboss.ejb.plugins.cmp.jdbc2.QueryCommand"
    },
    {
      "type": "delete-node",
      "node": {
        "label": "final",
        "type": "Modifier"
      },
      "location-before-char-start": 0,
      "location-before-char-end": 0,
      "node-str": "final"
    },
    {
      "type": "delete-node",
      "node": {
        "label": "command",
        "type": "Field"
      },
      "location-before-char-start": 962,
      "location-before-char-end": 996,
      "node-str": "command"
    },
    {
      "type": "delete-node",
      "node": {
        "label": "byte",
        "type": "VARIABLE_TYPE"
      },
      "location-before-char-start": 0,
      "location-before-char-end": 0,
      "node-str": "byte"
    },
    {
      "type": "delete-node",
      "node": {
        "label": "final",
        "type": "Modifier"
      },
      "location-before-char-start": 0,
      "location-before-char-end": 0,
      "node-str": "final"
    },
    {
      "type": "delete-node",
      "node": {
        "label": "returnType",
        "type": "Field"
      },
      "location-before-char-start": 1001,
      "location-before-char-end": 1030,
      "node-str": "returnType"
    },
    {
      "type": "delete-node",
      "node": {
        "label": "org.jboss.ejb.plugins.cmp.jdbc2.schema.Schema",
        "type": "VARIABLE_TYPE"
      },
      "location-before-char-start": 0,
      "location-before-char-end": 0,
      "node-str": "org.jboss.ejb.plugins.cmp.jdbc2.schema.Schema"
    },
    {
      "type": "delete-node",
      "node": {
        "label": "final",
        "type": "Modifier"
      },
      "location-before-char-start": 0,
      "location-before-char-end": 0,
      "node-str": "final"
    },
    {
      "type": "delete-node",
      "node": {
        "label": "schema",
        "type": "Field"
      },
      "location-before-char-start": 1035,
      "location-before-char-end": 1062,
      "node-str": "schema"
    },
    {
      "type": "delete-node",
      "node": {
        "label": "boolean",
        "type": "VARIABLE_TYPE"
      },
      "location-before-char-start": 0,
      "location-before-char-end": 0,
      "node-str": "boolean"
    },
    {
      "type": "delete-node",
      "node": {
        "label": "syncBeforeSelect",
        "type": "Field"
      },
      "location-before-char-start": 1067,
      "location-before-char-end": 1099,
      "node-str": "syncBeforeSelect"
    },
    {
      "type": "delete-node",
      "node": {
        "label": "javax.transaction.TransactionManager",
        "type": "VARIABLE_TYPE"
      },
      "location-before-char-start": 0,
      "location-before-char-end": 0,
      "node-str": "javax.transaction.TransactionManager"
    },
    {
      "type": "delete-node",
      "node": {
        "label": "tm",
        "type": "Field"
      },
      "location-before-char-start": 1104,
      "location-before-char-end": 1133,
      "node-str": "tm"
    },
    {
      "type": "delete-node",
      "node": {
        "label": "java.lang.reflect.Method",
        "type": "RETURN_TYPE"
      },
      "location-before-char-start": 0,
      "location-before-char-end": 0,
      "node-str": "java.lang.reflect.Method"
    },
    {
      "type": "delete-node",
      "node": {
        "label": "public",
        "type": "Modifier"
      },
      "location-before-char-start": 0,
      "location-before-char-end": 0,
      "node-str": "public"
    },
    {
      "type": "delete-node",
      "node": {
        "label": "org.jboss.ejb.plugins.cmp.jdbc2.bridge.EJBSelectBridge",
        "type": "TypeAccess"
      },
      "location-before-char-start": 0,
      "location-before-char-end": 0,
      "node-str": "org.jboss.ejb.plugins.cmp.jdbc2.bridge.EJBSelectBridge"
    },
    {
      "type": "delete-node",
      "node": {
        "label": "metadata",
        "type": "FieldRead"
      },
      "location-before-char-start": 2288,
      "location-before-char-end": 2295,
      "node-str": "metadata"
    },
    {
      "type": "delete-node",
      "node": {
        "label": "getMethod",
        "type": "Invocation"
      },
      "location-before-char-start": 2288,
      "location-before-char-end": 2307,
      "node-str": "getMethod"
    },
    {
      "type": "delete-node",
      "node": {
        "label": "return",
        "type": "Return"
      },
      "location-before-char-start": 2281,
      "location-before-char-end": 2308,
      "node-str": "return"
    },
    {
      "type": "delete-node",
      "node": {
        "label": "getMethod",
        "type": "Method"
      },
      "location-before-char-start": 2244,
      "location-before-char-end": 2313,
      "node-str": "getMethod"
    },
    {
      "type": "delete-node",
      "node": {
        "label": "org.jboss.ejb.plugins.cmp.jdbc2.bridge.EJBSelectBridge",
        "type": "TypeAccess"
      },
      "location-before-char-start": 0,
      "location-before-char-end": 0,
      "node-str": "org.jboss.ejb.plugins.cmp.jdbc2.bridge.EJBSelectBridge"
    },
    {
      "type": "delete-node",
      "node": {
        "label": "schema",
        "type": "FieldRead"
      },
      "location-before-char-start": 2390,
      "location-before-char-end": 2395,
      "node-str": "schema"
    },
    {
      "type": "delete-node",
      "node": {
        "label": "flush",
        "type": "Invocation"
      },
      "location-before-char-start": 2390,
      "location-before-char-end": 2404,
      "node-str": "flush"
    }
  ],
  "before-file": {},
  "after-file": {},
  "mapping": {}
}