{
  "tool-info": {},
  "diff": [
    {
      "type": "insert-node",
      "node": {
        "label": "public",
        "type": "Modifier"
      },
      "location-after-char-start": 0,
      "location-after-char-end": 0,
      "node-str": "public"
    },
    {
      "type": "insert-node",
      "node": {
        "label": "",
        "type": "TypeReference"
      },
      "location-after-char-start": 2084,
      "location-after-char-end": 2105,
      "node-str": ""
    },
    {
      "type": "insert-node",
      "node": {
        "label": "manager",
        "type": "Field"
      },
      "location-after-char-start": 2150,
      "location-after-char-end": 2209,
      "node-str": "manager"
    },
    {
      "type": "insert-node",
      "node": {
        "label": "editorMemento",
        "type": "Field"
      },
      "location-after-char-start": 2216,
      "location-after-char-end": 2246,
      "node-str": "editorMemento"
    },
    {
      "type": "insert-node",
      "node": {
        "label": "expectingInputChange",
        "type": "Field"
      },
      "location-after-char-start": 2253,
      "location-after-char-end": 2458,
      "node-str": "expectingInputChange"
    },
    {
      "type": "insert-node",
      "node": {
        "label": "reportedMalfunctioningEditor",
        "type": "Field"
      },
      "location-after-char-start": 2469,
      "location-after-char-end": 2980,
      "node-str": "reportedMalfunctioningEditor"
    },
    {
      "type": "insert-node",
      "node": {
        "label": "name",
        "type": "Field"
      },
      "location-after-char-start": 2991,
      "location-after-char-end": 3066,
      "node-str": "name"
    },
    {
      "type": "insert-node",
      "node": {
        "label": "factoryId",
        "type": "Field"
      },
      "location-after-char-start": 3073,
      "location-after-char-end": 3089,
      "node-str": "factoryId"
    },
    {
      "type": "insert-node",
      "node": {
        "label": "restoredInput",
        "type": "Field"
      },
      "location-after-char-start": 3096,
      "location-after-char-end": 3122,
      "node-str": "restoredInput"
    },
    {
      "type": "insert-node",
      "node": {
        "label": "multiEditorChildren",
        "type": "Field"
      },
      "location-after-char-start": 3130,
      "location-after-char-end": 3303,
      "node-str": "multiEditorChildren"
    },
    {
      "type": "insert-node",
      "node": {
        "label": "doDisposePart",
        "type": "Method"
      },
      "location-after-char-start": 8393,
      "location-after-char-end": 9099,
      "node-str": "doDisposePart"
    },
    {
      "type": "insert-node",
      "node": {
        "label": "getEditorInput",
        "type": "Method"
      },
      "location-after-char-start": 9106,
      "location-after-char-end": 9547,
      "node-str": "getEditorInput"
    },
    {
      "type": "insert-node",
      "node": {
        "label": "createPart",
        "type": "Method"
      },
      "location-after-char-start": 12701,
      "location-after-char-end": 15544,
      "node-str": "createPart"
    },
    {
      "type": "insert-node",
      "node": {
        "label": "org.eclipse.ui.internal.WorkbenchPartReference",
        "type": "SUPER_TYPE"
      },
      "location-after-char-start": 0,
      "location-after-char-end": 0,
      "node-str": "org.eclipse.ui.internal.WorkbenchPartReference"
    },
    {
      "type": "insert-node",
      "node": {
        "label": "org.eclipse.ui.internal.EditorManager",
        "type": "VARIABLE_TYPE"
      },
      "location-after-char-start": 0,
      "location-after-char-end": 0,
      "node-str": "org.eclipse.ui.internal.EditorManager"
    },
    {
      "type": "insert-node",
      "node": {
        "label": "final",
        "type": "Modifier"
      },
      "location-after-char-start": 0,
      "location-after-char-end": 0,
      "node-str": "final"
    },
    {
      "type": "insert-node",
      "node": {
        "label": "org.eclipse.ui.IMemento",
        "type": "VARIABLE_TYPE"
      },
      "location-after-char-start": 0,
      "location-after-char-end": 0,
      "node-str": "org.eclipse.ui.IMemento"
    },
    {
      "type": "insert-node",
      "node": {
        "label": "boolean",
        "type": "VARIABLE_TYPE"
      },
      "location-after-char-start": 0,
      "location-after-char-end": 0,
      "node-str": "boolean"
    },
    {
      "type": "insert-node",
      "node": {
        "label": "false",
        "type": "Literal"
      },
      "location-after-char-start": 2453,
      "location-after-char-end": 2457,
      "node-str": "false"
    },
    {
      "type": "insert-node",
      "node": {
        "label": "boolean",
        "type": "VARIABLE_TYPE"
      },
      "location-after-char-start": 0,
      "location-after-char-end": 0,
      "node-str": "boolean"
    },
    {
      "type": "insert-node",
      "node": {
        "label": "false",
        "type": "Literal"
      },
      "location-after-char-start": 2975,
      "location-after-char-end": 2979,
      "node-str": "false"
    },
    {
      "type": "insert-node",
      "node": {
        "label": "java.lang.String",
        "type": "VARIABLE_TYPE"
      },
      "location-after-char-start": 0,
      "location-after-char-end": 0,
      "node-str": "java.lang.String"
    },
    {
      "type": "insert-node",
      "node": {
        "label": "java.lang.String",
        "type": "VARIABLE_TYPE"
      },
      "location-after-char-start": 0,
      "location-after-char-end": 0,
      "node-str": "java.lang.String"
    },
    {
      "type": "insert-node",
      "node": {
        "label": "org.eclipse.ui.IEditorInput",
        "type": "VARIABLE_TYPE"
      },
      "location-after-char-start": 0,
      "location-after-char-end": 0,
      "node-str": "org.eclipse.ui.IEditorInput"
    },
    {
      "type": "insert-node",
      "node": {
        "label": "org.eclipse.ui.IEditorReference[]",
        "type": "VARIABLE_TYPE"
      },
      "location-after-char-start": 0,
      "location-after-char-end": 0,
      "node-str": "org.eclipse.ui.IEditorReference[]"
    },
    {
      "type": "insert-node",
      "node": {
        "label": "null",
        "type": "Literal"
      },
      "location-after-char-start": 3299,
      "location-after-char-end": 3302,
      "node-str": "null"
    },
    {
      "type": "insert-node",
      "node": {
        "label": "void",
        "type": "RETURN_TYPE"
      },
      "location-after-char-start": 0,
      "location-after-char-end": 0,
      "node-str": "void"
    },
    {
      "type": "insert-node",
      "node": {
        "label": "protected",
        "type": "Modifier"
      },
      "location-after-char-start": 0,
      "location-after-char-end": 0,
      "node-str": "protected"
    },
    {
      "type": "move-subtree",
      "node": {
        "label": "if",
        "type": "If"
      },
      "location-before-char-start": 8465,
      "location-before-char-end": 8728,
      "location-after-char-start": 8431,
      "location-after-char-end": 8694,
      "node-str": "if"
    },
    {
      "type": "move-subtree",
      "node": {
        "label": "if",
        "type": "If"
      },
      "location-before-char-start": 8736,
      "location-before-char-end": 8958,
      "location-after-char-start": 8702,
      "location-after-char-end": 8924,
      "node-str": "if"
    },
    {
      "type": "move-subtree",
      "node": {
        "label": "checkDeleteEditorResources",
        "type": "Invocation"
      },
      "location-before-char-start": 8977,
      "location-before-char-end": 9018,
      "location-after-char-start": 8943,
      "location-after-char-end": 8984,
      "node-str": "checkDeleteEditorResources"
    },
    {
      "type": "insert-node",
      "node": {
        "label": "doDisposePart",
        "type": "Invocation"
      },
      "location-after-char-start": 8995,
      "location-after-char-end": 9016,
      "node-str": "doDisposePart"
    },
    {
      "type": "move-subtree",
      "node": {
        "label": "\u003d",
        "type": "Assignment"
      },
      "location-before-char-start": 9060,
      "location-before-char-end": 9080,
      "location-after-char-start": 9026,
      "location-after-char-end": 9046,
      "node-str": "\u003d"
    },
    {
      "type": "insert-node",
      "node": {
        "label": "\u003d",
        "type": "Assignment"
      },
      "location-after-char-start": 9056,
      "location-after-char-end": 9093,
      "node-str": "\u003d"
    },
    {
      "type": "insert-node",
      "node": {
        "label": "org.eclipse.ui.IEditorInput",
        "type": "RETURN_TYPE"
      },
      "location-after-char-start": 0,
      "location-after-char-end": 0,
      "node-str": "org.eclipse.ui.IEditorInput"
    },
    {
      "type": "insert-node",
      "node": {
        "label": "org.eclipse.ui.PartInitException",
        "type": "THROWS"
      },
      "location-after-char-start": 0,
      "location-after-char-end": 0,
      "node-str": "org.eclipse.ui.PartInitException"
    },
    {
      "type": "insert-node",
      "node": {
        "label": "public",
        "type": "Modifier"
      },
      "location-after-char-start": 0,
      "location-after-char-end": 0,
      "node-str": "public"
    },
    {
      "type": "insert-node",
      "node": {
        "label": "if",
        "type": "If"
      },
      "location-after-char-start": 9178,
      "location-after-char-end": 9372,
      "node-str": "if"
    },
    {
      "type": "move-subtree",
      "node": {
        "label": "part",
        "type": "LocalVariable"
      },
      "location-before-char-start": 9425,
      "location-before-char-end": 9460,
      "location-after-char-start": 9391,
      "location-after-char-end": 9426,
      "node-str": "part"
    },
    {
      "type": "move-subtree",
      "node": {
        "label": "if",
        "type": "If"
      },
      "location-before-char-start": 9470,
      "location-before-char-end": 9540,
      "location-after-char-start": 9436,
      "location-after-char-end": 9506,
      "node-str": "if"
    },
    {
      "type": "move-subtree",
      "node": {
        "label": "return",
        "type": "Return"
      },
      "location-before-char-start": 9550,
      "location-before-char-end": 9575,
      "location-after-char-start": 9516,
      "location-after-char-end": 9541,
      "node-str": "return"
    },
    {
      "type": "insert-node",
      "node": {
        "label": "org.eclipse.ui.IWorkbenchPart",
        "type": "RETURN_TYPE"
      },
      "location-after-char-start": 0,
      "location-after-char-end": 0,
      "node-str": "org.eclipse.ui.IWorkbenchPart"
    },
    {
      "type": "insert-node",
      "node": {
        "label": "protected",
        "type": "Modifier"
      },
      "location-after-char-start": 0,
      "location-after-char-end": 0,
      "node-str": "protected"
    },
    {
      "type": "insert-node",
      "node": {
        "label": "exception",
        "type": "LocalVariable"
      },
      "location-after-char-start": 13096,
      "location-after-char-end": 13130,
      "node-str": "exception"
    },
    {
      "type": "insert-node",
      "node": {
        "label": "result",
        "type": "LocalVariable"
      },
      "location-after-char-start": 13149,
      "location-after-char-end": 13177,
      "node-str": "result"
    },
    {
      "type": "move-subtree",
      "node": {
        "label": "",
        "type": "Try"
      },
      "location-before-char-start": 13329,
      "location-before-char-end": 13451,
      "location-after-char-start": 13295,
      "location-after-char-end": 13417,
      "node-str": ""
    },
    {
      "type": "insert-node",
      "node": {
        "label": "if",
        "type": "If"
      },
      "location-after-char-start": 13507,
      "location-after-char-end": 15506,
      "node-str": "if"
    },
    {
      "type": "insert-node",
      "node": {
        "label": "return",
        "type": "Return"
      },
      "location-after-char-start": 15525,
      "location-after-char-end": 15538,
      "node-str": "return"
    },
    {
      "type": "insert-node",
      "node": {
        "label": "super",
        "type": "SuperAccess"
      },
      "location-after-char-start": 8995,
      "location-after-char-end": 8999,
      "node-str": "super"
    },
    {
      "type": "insert-node",
      "node": {
        "label": "restoredInput",
        "type": "FieldWrite"
      },
      "location-after-char-start": 9056,
      "location-after-char-end": 9068,
      "node-str": "restoredInput"
    },
    {
      "type": "insert-node",
      "node": {
        "label": "org.eclipse.ui.internal.part.NullEditorInput()",
        "type": "ConstructorCall"
      },
      "location-after-char-start": 9072,
      "location-after-char-end": 9092,
      "node-str": "org.eclipse.ui.internal.part.NullEditorInput()"
    },
    {
      "type": "insert-node",
      "node": {
        "label": "isDisposed",
        "type": "Invocation"
      },
      "location-after-char-start": 9182,
      "location-after-char-end": 9193,
      "node-str": "isDisposed"
    },
    {
      "type": "insert-node",
      "node": {
        "label": "THEN",
        "type": "then"
      },
      "location-after-char-start": 9196,
      "location-after-char-end": 9372,
      "node-str": "THEN"
    },
    {
      "type": "insert-node",
      "node": {
        "label": "org.eclipse.ui.PartInitException",
        "type": "VARIABLE_TYPE"
      },
      "location-after-char-start": 0,
      "location-after-char-end": 0,
      "node-str": "org.eclipse.ui.PartInitException"
    },
    {
      "type": "insert-node",
      "node": {
        "label": "null",
        "type": "Literal"
      },
      "location-after-char-start": 13126,
      "location-after-char-end": 13129,
      "node-str": "null"
    },
    {
      "type": "insert-node",
      "node": {
        "label": "org.eclipse.ui.IWorkbenchPart",
        "type": "VARIABLE_TYPE"
      },
      "location-after-char-start": 0,
      "location-after-char-end": 0,
      "node-str": "org.eclipse.ui.IWorkbenchPart"
    },
    {
      "type": "insert-node",
      "node": {
        "label": "null",
        "type": "Literal"
      },
      "location-after-char-start": 13173,
      "location-after-char-end": 13176,
      "node-str": "null"
    },
    {
      "type": "insert-node",
      "node": {
        "label": "NE",
        "type": "BinaryOperator"
      },
      "location-after-char-start": 13511,
      "location-after-char-end": 13527,
      "node-str": "NE"
    },
    {
      "type": "insert-node",
      "node": {
        "label": "THEN",
        "type": "then"
      },
      "location-after-char-start": 13530,
      "location-after-char-end": 15506,
      "node-str": "THEN"
    },
    {
      "type": "insert-node",
      "node": {
        "label": "result",
        "type": "VariableRead"
      },
      "location-after-char-start": 15532,
      "location-after-char-end": 15537,
      "node-str": "result"
    },
    {
      "type": "insert-node",
      "node": {
        "label": "org.eclipse.ui.internal.EditorReference",
        "type": "TypeAccess"
      },
      "location-after-char-start": 0,
      "location-after-char-end": 0,
      "node-str": "org.eclipse.ui.internal.EditorReference"
    },
    {
      "type": "insert-node",
      "node": {
        "label": "org.eclipse.ui.internal.EditorReference",
        "type": "TypeAccess"
      },
      "location-after-char-start": 0,
      "location-after-char-end": 0,
      "node-str": "org.eclipse.ui.internal.EditorReference"
    },
    {
      "type": "insert-node",
      "node": {
        "label": "if",
        "type": "If"
      },
      "location-after-char-start": 9210,
      "location-after-char-end": 9328,
      "node-str": "if"
    },
    {
      "type": "move-subtree",
      "node": {
        "label": "return",
        "type": "Return"
      },
      "location-before-char-start": 9376,
      "location-before-char-end": 9396,
      "location-after-char-start": 9342,
      "location-after-char-end": 9362,
      "node-str": "return"
    },
    {
      "type": "insert-node",
      "node": {
        "label": "exception",
        "type": "VariableRead"
      },
      "location-after-char-start": 13511,
      "location-after-char-end": 13519,
      "node-str": "exception"
    },
    {
      "type": "insert-node",
      "node": {
        "label": "null",
        "type": "Literal"
      },
      "location-after-char-start": 13524,
      "location-after-char-end": 13527,
      "node-str": "null"
    },
    {
      "type": "move-subtree",
      "node": {
        "label": "originalStatus",
        "type": "LocalVariable"
      },
      "location-before-char-start": 13591,
      "location-before-char-end": 13637,
      "location-after-char-start": 13557,
      "location-after-char-end": 13603,
      "node-str": "originalStatus"
    },
    {
      "type": "move-subtree",
      "node": {
        "label": "logStatus",
        "type": "LocalVariable"
      },
      "location-before-char-start": 13651,
      "location-before-char-end": 13858,
      "location-after-char-start": 13617,
      "location-after-char-end": 13824,
      "node-str": "logStatus"
    },
    {
      "type": "insert-node",
      "node": {
        "label": "log",
        "type": "Invocation"
      },
      "location-after-char-start": 13838,
      "location-after-char-end": 13868,
      "node-str": "log"
    },
    {
      "type": "move-subtree",
      "node": {
        "label": "displayStatus",
        "type": "LocalVariable"
      },
      "location-before-char-start": 13929,
      "location-before-char-end": 14130,
      "location-after-char-start": 13895,
      "location-after-char-end": 14096,
      "node-str": "displayStatus"
    },
    {
      "type": "move-subtree",
      "node": {
        "label": "part",
        "type": "LocalVariable"
      },
      "location-before-char-start": 14157,
      "location-before-char-end": 14214,
      "location-after-char-start": 14123,
      "location-after-char-end": 14180,
      "node-str": "part"
    },
    {
      "type": "insert-node",
      "node": {
        "label": "input",
        "type": "LocalVariable"
      },
      "location-after-char-start": 14207,
      "location-after-char-end": 14225,
      "node-str": "input"
    },
    {
      "type": "insert-node",
      "node": {
        "label": "",
        "type": "Try"
      },
      "location-after-char-start": 14239,
      "location-after-char-end": 14391,
      "node-str": ""
    },
    {
      "type": "move-subtree",
      "node": {
        "label": "pane",
        "type": "LocalVariable"
      },
      "location-before-char-start": 14452,
      "location-before-char-end": 14491,
      "location-after-char-start": 14418,
      "location-after-char-end": 14457,
      "node-str": "pane"
    },
    {
      "type": "move-subtree",
      "node": {
        "label": "createControl",
        "type": "Invocation"
      },
      "location-before-char-start": 14518,
      "location-before-char-end": 14615,
      "location-after-char-start": 14484,
      "location-after-char-end": 14581,
      "node-str": "createControl"
    },
    {
      "type": "move-subtree",
      "node": {
        "label": "descr",
        "type": "LocalVariable"
      },
      "location-before-char-start": 14642,
      "location-before-char-end": 14682,
      "location-after-char-start": 14608,
      "location-after-char-end": 14648,
      "node-str": "descr"
    },
    {
      "type": "move-subtree",
      "node": {
        "label": "site",
        "type": "LocalVariable"
      },
      "location-before-char-start": 14709,
      "location-before-char-end": 14774,
      "location-after-char-start": 14675,
      "location-after-char-end": 14740,
      "node-str": "site"
    },
    {
      "type": "insert-node",
      "node": {
        "label": "setActionBars",
        "type": "Invocation"
      },
      "location-after-char-start": 14767,
      "location-after-char-end": 14873,
      "node-str": "setActionBars"
    },
    {
      "type": "move-subtree",
      "node": {
        "label": "",
        "type": "Try"
      },
      "location-before-char-start": 14886,
      "location-before-char-end": 15057,
      "location-after-char-start": 14887,
      "location-after-char-end": 15058,
      "node-str": ""
    },
    {
      "type": "move-subtree",
      "node": {
        "label": "parent",
        "type": "LocalVariable"
      },
      "location-before-char-start": 15072,
      "location-before-char-end": 15119,
      "location-after-char-start": 15073,
      "location-after-char-end": 15120,
      "node-str": "parent"
    },
    {
      "type": "move-subtree",
      "node": {
        "label": "content",
        "type": "LocalVariable"
      },
      "location-before-char-start": 15133,
      "location-before-char-end": 15184,
      "location-after-char-start": 15134,
      "location-after-char-end": 15185,
      "node-str": "content"
    },
    {
      "type": "insert-node",
      "node": {
        "label": "setLayout",
        "type": "Invocation"
      },
      "location-after-char-start": 15199,
      "location-after-char-end": 15234,
      "node-str": "setLayout"
    },
    {
      "type": "move-subtree",
      "node": {
        "label": "",
        "type": "Try"
      },
      "location-before-char-start": 15260,
      "location-before-char-end": 15467,
      "location-after-char-start": 15261,
      "location-after-char-end": 15468,
      "node-str": ""
    },
    {
      "type": "insert-node",
      "node": {
        "label": "\u003d",
        "type": "Assignment"
      },
      "location-after-char-start": 15483,
      "location-after-char-end": 15496,
      "node-str": "\u003d"
    },
    {
      "type": "insert-node",
      "node": {
        "label": "NOT",
        "type": "UnaryOperator"
      },
      "location-after-char-start": 9214,
      "location-after-char-end": 9256,
      "node-str": "NOT"
    },
    {
      "type": "insert-node",
      "node": {
        "label": "THEN",
        "type": "then"
      },
      "location-after-char-start": 9259,
      "location-after-char-end": 9328,
      "node-str": "THEN"
    },
    {
      "type": "insert-node",
      "node": {
        "label": "org.eclipse.ui.internal.WorkbenchPlugin",
        "type": "TypeAccess"
      },
      "location-after-char-start": 13838,
      "location-after-char-end": 13852,
      "node-str": "org.eclipse.ui.internal.WorkbenchPlugin"
    },
    {
      "type": "insert-node",
      "node": {
        "label": "logStatus",
        "type": "VariableRead"
      },
      "location-after-char-start": 13858,
      "location-after-char-end": 13866,
      "node-str": "logStatus"
    },
    {
      "type": "insert-node",
      "node": {
        "label": "org.eclipse.ui.IEditorInput",
        "type": "VARIABLE_TYPE"
      },
      "location-after-char-start": 0,
      "location-after-char-end": 0,
      "node-str": "org.eclipse.ui.IEditorInput"
    },
    {
      "type": "move-subtree",
      "node": {
        "label": "\u003d",
        "type": "Assignment"
      },
      "location-before-char-start": 14295,
      "location-before-char-end": 14319,
      "location-after-char-start": 14261,
      "location-after-char-end": 14285,
      "node-str": "\u003d"
    },
    {
      "type": "insert-node",
      "node": {
        "label": "",
        "type": "Catch"
      },
      "location-after-char-start": 14300,
      "location-after-char-end": 14391,
      "node-str": ""
    },
    {
      "type": "insert-node",
      "node": {
        "label": "site",
        "type": "VariableRead"
      },
      "location-after-char-start": 14767,
      "location-after-char-end": 14770,
      "node-str": "site"
    },
    {
      "type": "insert-node",
      "node": {
        "label": "java.lang.Object()",
        "type": "ConstructorCall"
      },
      "location-after-char-start": 14786,
      "location-after-char-end": 14871,
      "node-str": "java.lang.Object()"
    },
    {
      "type": "insert-node",
      "node": {
        "label": "content",
        "type": "VariableRead"
      },
      "location-after-char-start": 15199,
      "location-after-char-end": 15205,
      "node-str": "content"
    },
    {
      "type": "insert-node",
      "node": {
        "label": "org.eclipse.swt.layout.FillLayout()",
        "type": "ConstructorCall"
      },
      "location-after-char-start": 15217,
      "location-after-char-end": 15232,
      "node-str": "org.eclipse.swt.layout.FillLayout()"
    },
    {
      "type": "insert-node",
      "node": {
        "label": "result",
        "type": "VariableWrite"
      },
      "location-after-char-start": 15483,
      "location-after-char-end": 15488,
      "node-str": "result"
    },
    {
      "type": "insert-node",
      "node": {
        "label": "part",
        "type": "VariableRead"
      },
      "location-after-char-start": 15492,
      "location-after-char-end": 15495,
      "node-str": "part"
    },
    {
      "type": "insert-node",
      "node": {
        "label": "INSTANCEOF",
        "type": "BinaryOperator"
      },
      "location-after-char-start": 9215,
      "location-after-char-end": 9256,
      "node-str": "INSTANCEOF"
    },
    {
      "type": "insert-node",
      "node": {
        "label": "\u003d",
        "type": "Assignment"
      },
      "location-after-char-start": 9277,
      "location-after-char-end": 9314,
      "node-str": "\u003d"
    },
    {
      "type": "insert-node",
      "node": {
        "label": "e1",
        "type": "CatchVariable"
      },
      "location-after-char-start": 14308,
      "location-after-char-end": 14327,
      "node-str": "e1"
    },
    {
      "type": "insert-node",
      "node": {
        "label": "\u003d",
        "type": "Assignment"
      },
      "location-after-char-start": 14348,
      "location-after-char-end": 14377,
      "node-str": "\u003d"
    },
    {
      "type": "insert-node",
      "node": {
        "label": "getActionBars",
        "type": "Invocation"
      },
      "location-after-char-start": 14807,
      "location-after-char-end": 14855,
      "node-str": "getActionBars"
    },
    {
      "type": "insert-node",
      "node": {
        "label": "site",
        "type": "VariableRead"
      },
      "location-after-char-start": 14858,
      "location-after-char-end": 14861,
      "node-str": "site"
    },
    {
      "type": "insert-node",
      "node": {
        "label": "getId",
        "type": "Invocation"
      },
      "location-after-char-start": 14864,
      "location-after-char-end": 14870,
      "node-str": "getId"
    },
    {
      "type": "insert-node",
      "node": {
        "label": "restoredInput",
        "type": "FieldRead"
      },
      "location-after-char-start": 9216,
      "location-after-char-end": 9228,
      "node-str": "restoredInput"
    },
    {
      "type": "insert-node",
      "node": {
        "label": "org.eclipse.ui.internal.part.NullEditorInput",
        "type": "TypeAccess"
      },
      "location-after-char-start": 9241,
      "location-after-char-end": 9255,
      "node-str": "org.eclipse.ui.internal.part.NullEditorInput"
    },
    {
      "type": "insert-node",
      "node": {
        "label": "restoredInput",
        "type": "FieldWrite"
      },
      "location-after-char-start": 9277,
      "location-after-char-end": 9289,
      "node-str": "restoredInput"
    },
    {
      "type": "insert-node",
      "node": {
        "label": "org.eclipse.ui.internal.part.NullEditorInput()",
        "type": "ConstructorCall"
      },
      "location-after-char-start": 9293,
      "location-after-char-end": 9313,
      "node-str": "org.eclipse.ui.internal.part.NullEditorInput()"
    },
    {
      "type": "insert-node",
      "node": {
        "label": "org.eclipse.ui.PartInitException",
        "type": "VARIABLE_TYPE"
      },
      "location-after-char-start": 0,
      "location-after-char-end": 0,
      "node-str": "org.eclipse.ui.PartInitException"
    },
    {
      "type": "insert-node",
      "node": {
        "label": "input",
        "type": "VariableWrite"
      },
      "location-after-char-start": 14348,
      "location-after-char-end": 14352,
      "node-str": "input"
    },
    {
      "type": "insert-node",
      "node": {
        "label": "org.eclipse.ui.internal.part.NullEditorInput()",
        "type": "ConstructorCall"
      },
      "location-after-char-start": 14356,
      "location-after-char-end": 14376,
      "node-str": "org.eclipse.ui.internal.part.NullEditorInput()"
    },
    {
      "type": "insert-node",
      "node": {
        "label": "page",
        "type": "FieldRead"
      },
      "location-after-char-start": 14822,
      "location-after-char-end": 14833,
      "node-str": "page"
    },
    {
      "type": "insert-node",
      "node": {
        "label": "org.eclipse.ui.internal.EditorReference",
        "type": "TypeAccess"
      },
      "location-after-char-start": 0,
      "location-after-char-end": 0,
      "node-str": "org.eclipse.ui.internal.EditorReference"
    },
    {
      "type": "insert-node",
      "node": {
        "label": "org.eclipse.ui.internal.EditorReference",
        "type": "TypeAccess"
      },
      "location-after-char-start": 0,
      "location-after-char-end": 0,
      "node-str": "org.eclipse.ui.internal.EditorReference"
    },
    {
      "type": "insert-node",
      "node": {
        "label": "org.eclipse.ui.internal.EditorReference",
        "type": "TypeAccess"
      },
      "location-after-char-start": 0,
      "location-after-char-end": 0,
      "node-str": "org.eclipse.ui.internal.EditorReference"
    },
    {
      "type": "insert-node",
      "node": {
        "label": "manager",
        "type": "FieldRead"
      },
      "location-after-char-start": 14822,
      "location-after-char-end": 14828,
      "node-str": "manager"
    },
    {
      "type": "insert-node",
      "node": {
        "label": "org.eclipse.ui.internal.EditorReference",
        "type": "TypeAccess"
      },
      "location-after-char-start": 0,
      "location-after-char-end": 0,
      "node-str": "org.eclipse.ui.internal.EditorReference"
    },
    {
      "type": "delete-node",
      "node": {
        "label": "public",
        "type": "Modifier"
      },
      "location-before-char-start": 0,
      "location-before-char-end": 0,
      "node-str": "public"
    },
    {
      "type": "delete-node",
      "node": {
        "label": "org.eclipse.ui.internal.WorkbenchPartReference",
        "type": "SUPER_TYPE"
      },
      "location-before-char-start": 0,
      "location-before-char-end": 0,
      "node-str": "org.eclipse.ui.internal.WorkbenchPartReference"
    },
    {
      "type": "delete-node",
      "node": {
        "label": "",
        "type": "TypeReference"
      },
      "location-before-char-start": 2118,
      "location-before-char-end": 2139,
      "node-str": ""
    },
    {
      "type": "delete-node",
      "node": {
        "label": "org.eclipse.ui.internal.EditorManager",
        "type": "VARIABLE_TYPE"
      },
      "location-before-char-start": 0,
      "location-before-char-end": 0,
      "node-str": "org.eclipse.ui.internal.EditorManager"
    },
    {
      "type": "delete-node",
      "node": {
        "label": "final",
        "type": "Modifier"
      },
      "location-before-char-start": 0,
      "location-before-char-end": 0,
      "node-str": "final"
    },
    {
      "type": "delete-node",
      "node": {
        "label": "manager",
        "type": "Field"
      },
      "location-before-char-start": 2184,
      "location-before-char-end": 2243,
      "node-str": "manager"
    },
    {
      "type": "delete-node",
      "node": {
        "label": "org.eclipse.ui.IMemento",
        "type": "VARIABLE_TYPE"
      },
      "location-before-char-start": 0,
      "location-before-char-end": 0,
      "node-str": "org.eclipse.ui.IMemento"
    },
    {
      "type": "delete-node",
      "node": {
        "label": "editorMemento",
        "type": "Field"
      },
      "location-before-char-start": 2250,
      "location-before-char-end": 2280,
      "node-str": "editorMemento"
    },
    {
      "type": "delete-node",
      "node": {
        "label": "boolean",
        "type": "VARIABLE_TYPE"
      },
      "location-before-char-start": 0,
      "location-before-char-end": 0,
      "node-str": "boolean"
    },
    {
      "type": "delete-node",
      "node": {
        "label": "false",
        "type": "Literal"
      },
      "location-before-char-start": 2487,
      "location-before-char-end": 2491,
      "node-str": "false"
    },
    {
      "type": "delete-node",
      "node": {
        "label": "expectingInputChange",
        "type": "Field"
      },
      "location-before-char-start": 2287,
      "location-before-char-end": 2492,
      "node-str": "expectingInputChange"
    },
    {
      "type": "delete-node",
      "node": {
        "label": "boolean",
        "type": "VARIABLE_TYPE"
      },
      "location-before-char-start": 0,
      "location-before-char-end": 0,
      "node-str": "boolean"
    },
    {
      "type": "delete-node",
      "node": {
        "label": "false",
        "type": "Literal"
      },
      "location-before-char-start": 3009,
      "location-before-char-end": 3013,
      "node-str": "false"
    },
    {
      "type": "delete-node",
      "node": {
        "label": "reportedMalfunctioningEditor",
        "type": "Field"
      },
      "location-before-char-start": 2503,
      "location-before-char-end": 3014,
      "node-str": "reportedMalfunctioningEditor"
    },
    {
      "type": "delete-node",
      "node": {
        "label": "java.lang.String",
        "type": "VARIABLE_TYPE"
      },
      "location-before-char-start": 0,
      "location-before-char-end": 0,
      "node-str": "java.lang.String"
    },
    {
      "type": "delete-node",
      "node": {
        "label": "name",
        "type": "Field"
      },
      "location-before-char-start": 3025,
      "location-before-char-end": 3100,
      "node-str": "name"
    },
    {
      "type": "delete-node",
      "node": {
        "label": "java.lang.String",
        "type": "VARIABLE_TYPE"
      },
      "location-before-char-start": 0,
      "location-before-char-end": 0,
      "node-str": "java.lang.String"
    },
    {
      "type": "delete-node",
      "node": {
        "label": "factoryId",
        "type": "Field"
      },
      "location-before-char-start": 3107,
      "location-before-char-end": 3123,
      "node-str": "factoryId"
    },
    {
      "type": "delete-node",
      "node": {
        "label": "org.eclipse.ui.IEditorInput",
        "type": "VARIABLE_TYPE"
      },
      "location-before-char-start": 0,
      "location-before-char-end": 0,
      "node-str": "org.eclipse.ui.IEditorInput"
    },
    {
      "type": "delete-node",
      "node": {
        "label": "restoredInput",
        "type": "Field"
      },
      "location-before-char-start": 3130,
      "location-before-char-end": 3156,
      "node-str": "restoredInput"
    },
    {
      "type": "delete-node",
      "node": {
        "label": "org.eclipse.ui.IEditorReference[]",
        "type": "VARIABLE_TYPE"
      },
      "location-before-char-start": 0,
      "location-before-char-end": 0,
      "node-str": "org.eclipse.ui.IEditorReference[]"
    },
    {
      "type": "delete-node",
      "node": {
        "label": "null",
        "type": "Literal"
      },
      "location-before-char-start": 3333,
      "location-before-char-end": 3336,
      "node-str": "null"
    },
    {
      "type": "delete-node",
      "node": {
        "label": "multiEditorChildren",
        "type": "Field"
      },
      "location-before-char-start": 3164,
      "location-before-char-end": 3337,
      "node-str": "multiEditorChildren"
    },
    {
      "type": "delete-node",
      "node": {
        "label": "void",
        "type": "RETURN_TYPE"
      },
      "location-before-char-start": 0,
      "location-before-char-end": 0,
      "node-str": "void"
    },
    {
      "type": "delete-node",
      "node": {
        "label": "protected",
        "type": "Modifier"
      },
      "location-before-char-start": 0,
      "location-before-char-end": 0,
      "node-str": "protected"
    },
    {
      "type": "delete-node",
      "node": {
        "label": "super",
        "type": "SuperAccess"
      },
      "location-before-char-start": 9029,
      "location-before-char-end": 9033,
      "node-str": "super"
    },
    {
      "type": "delete-node",
      "node": {
        "label": "doDisposePart",
        "type": "Invocation"
      },
      "location-before-char-start": 9029,
      "location-before-char-end": 9050,
      "node-str": "doDisposePart"
    },
    {
      "type": "delete-node",
      "node": {
        "label": "org.eclipse.ui.internal.EditorReference",
        "type": "TypeAccess"
      },
      "location-before-char-start": 0,
      "location-before-char-end": 0,
      "node-str": "org.eclipse.ui.internal.EditorReference"
    },
    {
      "type": "delete-node",
      "node": {
        "label": "restoredInput",
        "type": "FieldWrite"
      },
      "location-before-char-start": 9090,
      "location-before-char-end": 9102,
      "node-str": "restoredInput"
    },
    {
      "type": "delete-node",
      "node": {
        "label": "org.eclipse.ui.internal.part.services.NullEditorInput()",
        "type": "ConstructorCall"
      },
      "location-before-char-start": 9106,
      "location-before-char-end": 9126,
      "node-str": "org.eclipse.ui.internal.part.services.NullEditorInput()"
    },
    {
      "type": "delete-node",
      "node": {
        "label": "\u003d",
        "type": "Assignment"
      },
      "location-before-char-start": 9090,
      "location-before-char-end": 9127,
      "node-str": "\u003d"
    },
    {
      "type": "delete-node",
      "node": {
        "label": "doDisposePart",
        "type": "Method"
      },
      "location-before-char-start": 8427,
      "location-before-char-end": 9133,
      "node-str": "doDisposePart"
    },
    {
      "type": "delete-node",
      "node": {
        "label": "org.eclipse.ui.IEditorInput",
        "type": "RETURN_TYPE"
      },
      "location-before-char-start": 0,
      "location-before-char-end": 0,
      "node-str": "org.eclipse.ui.IEditorInput"
    },
    {
      "type": "delete-node",
      "node": {
        "label": "org.eclipse.ui.PartInitException",
        "type": "THROWS"
      },
      "location-before-char-start": 0,
      "location-before-char-end": 0,
      "node-str": "org.eclipse.ui.PartInitException"
    },
    {
      "type": "delete-node",
      "node": {
        "label": "public",
        "type": "Modifier"
      },
      "location-before-char-start": 0,
      "location-before-char-end": 0,
      "node-str": "public"
    },
    {
      "type": "delete-node",
      "node": {
        "label": "org.eclipse.ui.internal.EditorReference",
        "type": "TypeAccess"
      },
      "location-before-char-start": 0,
      "location-before-char-end": 0,
      "node-str": "org.eclipse.ui.internal.EditorReference"
    },
    {
      "type": "delete-node",
      "node": {
        "label": "isDisposed",
        "type": "Invocation"
      },
      "location-before-char-start": 9216,
      "location-before-char-end": 9227,
      "node-str": "isDisposed"
    },
    {
      "type": "delete-node",
      "node": {
        "label": "org.eclipse.ui.internal.EditorReference",
        "type": "TypeAccess"
      },
      "location-before-char-start": 0,
      "location-before-char-end": 0,
      "node-str": "org.eclipse.ui.internal.EditorReference"
    },
    {
      "type": "delete-node",
      "node": {
        "label": "restoredInput",
        "type": "FieldRead"
      },
      "location-before-char-start": 9250,
      "location-before-char-end": 9262,
      "node-str": "restoredInput"
    },
    {
      "type": "delete-node",
      "node": {
        "label": "org.eclipse.ui.internal.part.services.NullEditorInput",
        "type": "TypeAccess"
      },
      "location-before-char-start": 9275,
      "location-before-char-end": 9289,
      "node-str": "org.eclipse.ui.internal.part.services.NullEditorInput"
    },
    {
      "type": "delete-node",
      "node": {
        "label": "INSTANCEOF",
        "type": "BinaryOperator"
      },
      "location-before-char-start": 9249,
      "location-before-char-end": 9290,
      "node-str": "INSTANCEOF"
    },
    {
      "type": "delete-node",
      "node": {
        "label": "NOT",
        "type": "UnaryOperator"
      },
      "location-before-char-start": 9248,
      "location-before-char-end": 9290,
      "node-str": "NOT"
    },
    {
      "type": "delete-node",
      "node": {
        "label": "org.eclipse.ui.internal.EditorReference",
        "type": "TypeAccess"
      },
      "location-before-char-start": 0,
      "location-before-char-end": 0,
      "node-str": "org.eclipse.ui.internal.EditorReference"
    },
    {
      "type": "delete-node",
      "node": {
        "label": "restoredInput",
        "type": "FieldWrite"
      },
      "location-before-char-start": 9311,
      "location-before-char-end": 9323,
      "node-str": "restoredInput"
    },
    {
      "type": "delete-node",
      "node": {
        "label": "org.eclipse.ui.internal.part.services.NullEditorInput()",
        "type": "ConstructorCall"
      },
      "location-before-char-start": 9327,
      "location-before-char-end": 9347,
      "node-str": "org.eclipse.ui.internal.part.services.NullEditorInput()"
    },
    {
      "type": "delete-node",
      "node": {
        "label": "\u003d",
        "type": "Assignment"
      },
      "location-before-char-start": 9311,
      "location-before-char-end": 9348,
      "node-str": "\u003d"
    },
    {
      "type": "delete-node",
      "node": {
        "label": "THEN",
        "type": "then"
      },
      "location-before-char-start": 9293,
      "location-before-char-end": 9362,
      "node-str": "THEN"
    },
    {
      "type": "delete-node",
      "node": {
        "label": "if",
        "type": "If"
      },
      "location-before-char-start": 9244,
      "location-before-char-end": 9362,
      "node-str": "if"
    },
    {
      "type": "delete-node",
      "node": {
        "label": "THEN",
        "type": "then"
      },
      "location-before-char-start": 9230,
      "location-before-char-end": 9406,
      "node-str": "THEN"
    },
    {
      "type": "delete-node",
      "node": {
        "label": "if",
        "type": "If"
      },
      "location-before-char-start": 9212,
      "location-before-char-end": 9406,
      "node-str": "if"
    },
    {
      "type": "delete-node",
      "node": {
        "label": "getEditorInput",
        "type": "Method"
      },
      "location-before-char-start": 9140,
      "location-before-char-end": 9581,
      "node-str": "getEditorInput"
    },
    {
      "type": "delete-node",
      "node": {
        "label": "org.eclipse.ui.IWorkbenchPart",
        "type": "RETURN_TYPE"
      },
      "location-before-char-start": 0,
      "location-before-char-end": 0,
      "node-str": "org.eclipse.ui.IWorkbenchPart"
    },
    {
      "type": "delete-node",
      "node": {
        "label": "protected",
        "type": "Modifier"
      },
      "location-before-char-start": 0,
      "location-before-char-end": 0,
      "node-str": "protected"
    },
    {
      "type": "delete-node",
      "node": {
        "label": "org.eclipse.ui.PartInitException",
        "type": "VARIABLE_TYPE"
      },
      "location-before-char-start": 0,
      "location-before-char-end": 0,
      "node-str": "org.eclipse.ui.PartInitException"
    },
    {
      "type": "delete-node",
      "node": {
        "label": "null",
        "type": "Literal"
      },
      "location-before-char-start": 13160,
      "location-before-char-end": 13163,
      "node-str": "null"
    },
    {
      "type": "delete-node",
      "node": {
        "label": "exception",
        "type": "LocalVariable"
      },
      "location-before-char-start": 13130,
      "location-before-char-end": 13164,
      "node-str": "exception"
    },
    {
      "type": "delete-node",
      "node": {
        "label": "org.eclipse.ui.IWorkbenchPart",
        "type": "VARIABLE_TYPE"
      },
      "location-before-char-start": 0,
      "location-before-char-end": 0,
      "node-str": "org.eclipse.ui.IWorkbenchPart"
    },
    {
      "type": "delete-node",
      "node": {
        "label": "null",
        "type": "Literal"
      },
      "location-before-char-start": 13207,
      "location-before-char-end": 13210,
      "node-str": "null"
    },
    {
      "type": "delete-node",
      "node": {
        "label": "result",
        "type": "LocalVariable"
      },
      "location-before-char-start": 13183,
      "location-before-char-end": 13211,
      "node-str": "result"
    },
    {
      "type": "delete-node",
      "node": {
        "label": "exception",
        "type": "VariableRead"
      },
      "location-before-char-start": 13545,
      "location-before-char-end": 13553,
      "node-str": "exception"
    },
    {
      "type": "delete-node",
      "node": {
        "label": "null",
        "type": "Literal"
      },
      "location-before-char-start": 13558,
      "location-before-char-end": 13561,
      "node-str": "null"
    },
    {
      "type": "delete-node",
      "node": {
        "label": "NE",
        "type": "BinaryOperator"
      },
      "location-before-char-start": 13545,
      "location-before-char-end": 13561,
      "node-str": "NE"
    },
    {
      "type": "delete-node",
      "node": {
        "label": "org.eclipse.ui.internal.WorkbenchPlugin",
        "type": "TypeAccess"
      },
      "location-before-char-start": 13872,
      "location-before-char-end": 13886,
      "node-str": "org.eclipse.ui.internal.WorkbenchPlugin"
    },
    {
      "type": "delete-node",
      "node": {
        "label": "logStatus",
        "type": "VariableRead"
      },
      "location-before-char-start": 13892,
      "location-before-char-end": 13900,
      "node-str": "logStatus"
    },
    {
      "type": "delete-node",
      "node": {
        "label": "log",
        "type": "Invocation"
      },
      "location-before-char-start": 13872,
      "location-before-char-end": 13902,
      "node-str": "log"
    },
    {
      "type": "delete-node",
      "node": {
        "label": "org.eclipse.ui.IEditorInput",
        "type": "VARIABLE_TYPE"
      },
      "location-before-char-start": 0,
      "location-before-char-end": 0,
      "node-str": "org.eclipse.ui.IEditorInput"
    },
    {
      "type": "delete-node",
      "node": {
        "label": "input",
        "type": "LocalVariable"
      },
      "location-before-char-start": 14241,
      "location-before-char-end": 14259,
      "node-str": "input"
    },
    {
      "type": "delete-node",
      "node": {
        "label": "org.eclipse.ui.PartInitException",
        "type": "VARIABLE_TYPE"
      },
      "location-before-char-start": 0,
      "location-before-char-end": 0,
      "node-str": "org.eclipse.ui.PartInitException"
    },
    {
      "type": "delete-node",
      "node": {
        "label": "e1",
        "type": "CatchVariable"
      },
      "location-before-char-start": 14342,
      "location-before-char-end": 14361,
      "node-str": "e1"
    },
    {
      "type": "delete-node",
      "node": {
        "label": "input",
        "type": "VariableWrite"
      },
      "location-before-char-start": 14382,
      "location-before-char-end": 14386,
      "node-str": "input"
    },
    {
      "type": "delete-node",
      "node": {
        "label": "org.eclipse.ui.internal.part.services.NullEditorInput()",
        "type": "ConstructorCall"
      },
      "location-before-char-start": 14390,
      "location-before-char-end": 14410,
      "node-str": "org.eclipse.ui.internal.part.services.NullEditorInput()"
    },
    {
      "type": "delete-node",
      "node": {
        "label": "\u003d",
        "type": "Assignment"
      },
      "location-before-char-start": 14382,
      "location-before-char-end": 14411,
      "node-str": "\u003d"
    },
    {
      "type": "delete-node",
      "node": {
        "label": "",
        "type": "Catch"
      },
      "location-before-char-start": 14334,
      "location-before-char-end": 14425,
      "node-str": ""
    },
    {
      "type": "delete-node",
      "node": {
        "label": "",
        "type": "Try"
      },
      "location-before-char-start": 14273,
      "location-before-char-end": 14425,
      "node-str": ""
    },
    {
      "type": "delete-node",
      "node": {
        "label": "site",
        "type": "VariableRead"
      },
      "location-before-char-start": 14801,
      "location-before-char-end": 14804,
      "node-str": "site"
    },
    {
      "type": "delete-node",
      "node": {
        "label": "org.eclipse.ui.internal.part.services.NullActionBars()",
        "type": "ConstructorCall"
      },
      "location-before-char-start": 14841,
      "location-before-char-end": 14860,
      "node-str": "org.eclipse.ui.internal.part.services.NullActionBars()"
    },
    {
      "type": "delete-node",
      "node": {
        "label": "org.eclipse.ui.internal.EditorReference",
        "type": "TypeAccess"
      },
      "location-before-char-start": 0,
      "location-before-char-end": 0,
      "node-str": "org.eclipse.ui.internal.EditorReference"
    },
    {
      "type": "delete-node",
      "node": {
        "label": "getId",
        "type": "Invocation"
      },
      "location-before-char-start": 14863,
      "location-before-char-end": 14869,
      "node-str": "getId"
    },
    {
      "type": "delete-node",
      "node": {
        "label": "java.lang.Object()",
        "type": "ConstructorCall"
      },
      "location-before-char-start": 14820,
      "location-before-char-end": 14870,
      "node-str": "java.lang.Object()"
    },
    {
      "type": "delete-node",
      "node": {
        "label": "setActionBars",
        "type": "Invocation"
      },
      "location-before-char-start": 14801,
      "location-before-char-end": 14872,
      "node-str": "setActionBars"
    },
    {
      "type": "delete-node",
      "node": {
        "label": "content",
        "type": "VariableRead"
      },
      "location-before-char-start": 15198,
      "location-before-char-end": 15204,
      "node-str": "content"
    },
    {
      "type": "delete-node",
      "node": {
        "label": "org.eclipse.swt.layout.FillLayout()",
        "type": "ConstructorCall"
      },
      "location-before-char-start": 15216,
      "location-before-char-end": 15231,
      "node-str": "org.eclipse.swt.layout.FillLayout()"
    },
    {
      "type": "delete-node",
      "node": {
        "label": "setLayout",
        "type": "Invocation"
      },
      "location-before-char-start": 15198,
      "location-before-char-end": 15233,
      "node-str": "setLayout"
    },
    {
      "type": "delete-node",
      "node": {
        "label": "result",
        "type": "VariableWrite"
      },
      "location-before-char-start": 15482,
      "location-before-char-end": 15487,
      "node-str": "result"
    },
    {
      "type": "delete-node",
      "node": {
        "label": "part",
        "type": "VariableRead"
      },
      "location-before-char-start": 15491,
      "location-before-char-end": 15494,
      "node-str": "part"
    },
    {
      "type": "delete-node",
      "node": {
        "label": "\u003d",
        "type": "Assignment"
      },
      "location-before-char-start": 15482,
      "location-before-char-end": 15495,
      "node-str": "\u003d"
    },
    {
      "type": "delete-node",
      "node": {
        "label": "THEN",
        "type": "then"
      },
      "location-before-char-start": 13564,
      "location-before-char-end": 15505,
      "node-str": "THEN"
    },
    {
      "type": "delete-node",
      "node": {
        "label": "if",
        "type": "If"
      },
      "location-before-char-start": 13541,
      "location-before-char-end": 15505,
      "node-str": "if"
    },
    {
      "type": "delete-node",
      "node": {
        "label": "result",
        "type": "VariableRead"
      },
      "location-before-char-start": 15531,
      "location-before-char-end": 15536,
      "node-str": "result"
    },
    {
      "type": "delete-node",
      "node": {
        "label": "return",
        "type": "Return"
      },
      "location-before-char-start": 15524,
      "location-before-char-end": 15537,
      "node-str": "return"
    },
    {
      "type": "delete-node",
      "node": {
        "label": "createPart",
        "type": "Method"
      },
      "location-before-char-start": 12735,
      "location-before-char-end": 15543,
      "node-str": "createPart"
    }
  ],
  "before-file": {},
  "after-file": {},
  "mapping": {}
}