{
  "tool-info": {},
  "diff": [
    {
      "type": "insert-node",
      "node": {
        "label": "\u003cinit\u003e",
        "type": "Constructor"
      },
      "location-after-char-start": 3500,
      "location-after-char-end": 3711,
      "node-str": "\u003cinit\u003e"
    },
    {
      "type": "insert-node",
      "node": {
        "label": "initializeDecoratorDefinitions",
        "type": "Method"
      },
      "location-after-char-start": 3718,
      "location-after-char-end": 4896,
      "node-str": "initializeDecoratorDefinitions"
    },
    {
      "type": "insert-node",
      "node": {
        "label": "enabledFullDefinitions",
        "type": "Method"
      },
      "location-after-char-start": 16774,
      "location-after-char-end": 17363,
      "node-str": "enabledFullDefinitions"
    },
    {
      "type": "insert-node",
      "node": {
        "label": "clearCaches",
        "type": "Method"
      },
      "location-after-char-start": 17514,
      "location-after-char-end": 17775,
      "node-str": "clearCaches"
    },
    {
      "type": "insert-node",
      "node": {
        "label": "writeDecoratorsPreference",
        "type": "Method"
      },
      "location-after-char-start": 19709,
      "location-after-char-end": 20225,
      "node-str": "writeDecoratorsPreference"
    },
    {
      "type": "insert-node",
      "node": {
        "label": "shutdown",
        "type": "Method"
      },
      "location-after-char-start": 22596,
      "location-after-char-end": 23217,
      "node-str": "shutdown"
    },
    {
      "type": "insert-node",
      "node": {
        "label": "getFullDecoratorDefinition",
        "type": "Method"
      },
      "location-after-char-start": 25846,
      "location-after-char-end": 26356,
      "node-str": "getFullDecoratorDefinition"
    },
    {
      "type": "insert-node",
      "node": {
        "label": "getLightweightManager",
        "type": "Method"
      },
      "location-after-char-start": 27391,
      "location-after-char-end": 27658,
      "node-str": "getLightweightManager"
    },
    {
      "type": "insert-node",
      "node": {
        "label": "getFullDefinitions",
        "type": "Method"
      },
      "location-after-char-start": 29896,
      "location-after-char-end": 30165,
      "node-str": "getFullDefinitions"
    },
    {
      "type": "move-subtree",
      "node": {
        "label": "public",
        "type": "Modifier"
      },
      "location-before-char-start": 0,
      "location-before-char-end": 0,
      "location-after-char-start": 0,
      "location-after-char-end": 0,
      "node-str": "public"
    },
    {
      "type": "move-subtree",
      "node": {
        "label": "\u003d",
        "type": "Assignment"
      },
      "location-before-char-start": 4694,
      "location-before-char-end": 4735,
      "location-after-char-start": 3664,
      "location-after-char-end": 3705,
      "node-str": "\u003d"
    },
    {
      "type": "move-subtree",
      "node": {
        "label": "void",
        "type": "RETURN_TYPE"
      },
      "location-before-char-start": 0,
      "location-before-char-end": 0,
      "location-after-char-start": 0,
      "location-after-char-end": 0,
      "node-str": "void"
    },
    {
      "type": "move-subtree",
      "node": {
        "label": "reader",
        "type": "LocalVariable"
      },
      "location-before-char-start": 3655,
      "location-before-char-end": 3717,
      "location-after-char-start": 3819,
      "location-after-char-end": 3881,
      "node-str": "reader"
    },
    {
      "type": "move-subtree",
      "node": {
        "label": "values",
        "type": "LocalVariable"
      },
      "location-before-char-start": 3727,
      "location-before-char-end": 3816,
      "location-after-char-start": 3891,
      "location-after-char-end": 3980,
      "node-str": "values"
    },
    {
      "type": "move-subtree",
      "node": {
        "label": "full",
        "type": "LocalVariable"
      },
      "location-before-char-start": 3827,
      "location-before-char-end": 3859,
      "location-after-char-start": 3991,
      "location-after-char-end": 4023,
      "node-str": "full"
    },
    {
      "type": "move-subtree",
      "node": {
        "label": "lightweight",
        "type": "LocalVariable"
      },
      "location-before-char-start": 3869,
      "location-before-char-end": 3908,
      "location-after-char-start": 4033,
      "location-after-char-end": 4072,
      "node-str": "lightweight"
    },
    {
      "type": "move-subtree",
      "node": {
        "label": "allDefinitions",
        "type": "LocalVariable"
      },
      "location-before-char-start": 3918,
      "location-before-char-end": 3961,
      "location-after-char-start": 4082,
      "location-after-char-end": 4125,
      "node-str": "allDefinitions"
    },
    {
      "type": "move-subtree",
      "node": {
        "label": "while",
        "type": "While"
      },
      "location-before-char-start": 3971,
      "location-before-char-end": 4278,
      "location-after-char-start": 4135,
      "location-after-char-end": 4442,
      "node-str": "while"
    },
    {
      "type": "move-subtree",
      "node": {
        "label": "\u003d",
        "type": "Assignment"
      },
      "location-before-char-start": 4289,
      "location-before-char-end": 4347,
      "location-after-char-start": 4453,
      "location-after-char-end": 4511,
      "node-str": "\u003d"
    },
    {
      "type": "move-subtree",
      "node": {
        "label": "toArray",
        "type": "Invocation"
      },
      "location-before-char-start": 4357,
      "location-before-char-end": 4386,
      "location-after-char-start": 4521,
      "location-after-char-end": 4550,
      "node-str": "toArray"
    },
    {
      "type": "move-subtree",
      "node": {
        "label": "lightweightDefinitions",
        "type": "LocalVariable"
      },
      "location-before-char-start": 4397,
      "location-before-char-end": 4526,
      "location-after-char-start": 4561,
      "location-after-char-end": 4690,
      "node-str": "lightweightDefinitions"
    },
    {
      "type": "move-subtree",
      "node": {
        "label": "toArray",
        "type": "Invocation"
      },
      "location-before-char-start": 4536,
      "location-before-char-end": 4579,
      "location-after-char-start": 4700,
      "location-after-char-end": 4743,
      "node-str": "toArray"
    },
    {
      "type": "move-subtree",
      "node": {
        "label": "\u003d",
        "type": "Assignment"
      },
      "location-before-char-start": 4590,
      "location-before-char-end": 4683,
      "location-after-char-start": 4754,
      "location-after-char-end": 4847,
      "node-str": "\u003d"
    },
    {
      "type": "move-subtree",
      "node": {
        "label": "applyDecoratorsPreference",
        "type": "Invocation"
      },
      "location-before-char-start": 6792,
      "location-before-char-end": 6819,
      "location-after-char-start": 4866,
      "location-after-char-end": 4893,
      "node-str": "applyDecoratorsPreference"
    },
    {
      "type": "move-subtree",
      "node": {
        "label": "org.eclipse.ui.internal.decorators.FullDecoratorDefinition[]",
        "type": "RETURN_TYPE"
      },
      "location-before-char-start": 0,
      "location-before-char-end": 0,
      "location-after-char-start": 0,
      "location-after-char-end": 0,
      "node-str": "org.eclipse.ui.internal.decorators.FullDecoratorDefinition[]"
    },
    {
      "type": "move-subtree",
      "node": {
        "label": "result",
        "type": "LocalVariable"
      },
      "location-before-char-start": 17037,
      "location-before-char-end": 17071,
      "location-after-char-start": 16954,
      "location-after-char-end": 16988,
      "node-str": "result"
    },
    {
      "type": "insert-node",
      "node": {
        "label": "full",
        "type": "LocalVariable"
      },
      "location-after-char-start": 16998,
      "location-after-char-end": 17051,
      "node-str": "full"
    },
    {
      "type": "insert-node",
      "node": {
        "label": "",
        "type": "For"
      },
      "location-after-char-start": 17061,
      "location-after-char-end": 17183,
      "node-str": ""
    },
    {
      "type": "move-subtree",
      "node": {
        "label": "returnArray",
        "type": "LocalVariable"
      },
      "location-before-char-start": 17246,
      "location-before-char-end": 17345,
      "location-after-char-start": 17193,
      "location-after-char-end": 17292,
      "node-str": "returnArray"
    },
    {
      "type": "move-subtree",
      "node": {
        "label": "toArray",
        "type": "Invocation"
      },
      "location-before-char-start": 17355,
      "location-before-char-end": 17382,
      "location-after-char-start": 17302,
      "location-after-char-end": 17329,
      "node-str": "toArray"
    },
    {
      "type": "move-subtree",
      "node": {
        "label": "return",
        "type": "Return"
      },
      "location-before-char-start": 17392,
      "location-before-char-end": 17410,
      "location-after-char-start": 17339,
      "location-after-char-end": 17357,
      "node-str": "return"
    },
    {
      "type": "move-subtree",
      "node": {
        "label": "void",
        "type": "RETURN_TYPE"
      },
      "location-before-char-start": 0,
      "location-before-char-end": 0,
      "location-after-char-start": 0,
      "location-after-char-end": 0,
      "node-str": "void"
    },
    {
      "type": "move-subtree",
      "node": {
        "label": "public",
        "type": "Modifier"
      },
      "location-before-char-start": 0,
      "location-before-char-end": 0,
      "location-after-char-start": 0,
      "location-after-char-end": 0,
      "node-str": "public"
    },
    {
      "type": "move-subtree",
      "node": {
        "label": "clear",
        "type": "Invocation"
      },
      "location-before-char-start": 17753,
      "location-before-char-end": 17781,
      "location-after-char-start": 17700,
      "location-after-char-end": 17728,
      "node-str": "clear"
    },
    {
      "type": "insert-node",
      "node": {
        "label": "reset",
        "type": "Invocation"
      },
      "location-after-char-start": 17738,
      "location-after-char-end": 17769,
      "node-str": "reset"
    },
    {
      "type": "move-subtree",
      "node": {
        "label": "void",
        "type": "RETURN_TYPE"
      },
      "location-before-char-start": 0,
      "location-before-char-end": 0,
      "location-after-char-start": 0,
      "location-after-char-end": 0,
      "node-str": "void"
    },
    {
      "type": "move-subtree",
      "node": {
        "label": "enabledIds",
        "type": "LocalVariable"
      },
      "location-before-char-start": 19893,
      "location-before-char-end": 19937,
      "location-after-char-start": 19850,
      "location-after-char-end": 19894,
      "node-str": "enabledIds"
    },
    {
      "type": "insert-node",
      "node": {
        "label": "writeDecoratorsPreference",
        "type": "Invocation"
      },
      "location-after-char-start": 19904,
      "location-after-char-end": 19963,
      "node-str": "writeDecoratorsPreference"
    },
    {
      "type": "insert-node",
      "node": {
        "label": "writeDecoratorsPreference",
        "type": "Invocation"
      },
      "location-after-char-start": 19973,
      "location-after-char-end": 20069,
      "node-str": "writeDecoratorsPreference"
    },
    {
      "type": "move-subtree",
      "node": {
        "label": "setValue",
        "type": "Invocation"
      },
      "location-before-char-start": 20113,
      "location-before-char-end": 20252,
      "location-after-char-start": 20080,
      "location-after-char-end": 20219,
      "node-str": "setValue"
    },
    {
      "type": "move-subtree",
      "node": {
        "label": "public",
        "type": "Modifier"
      },
      "location-before-char-start": 0,
      "location-before-char-end": 0,
      "location-after-char-start": 0,
      "location-after-char-end": 0,
      "node-str": "public"
    },
    {
      "type": "insert-node",
      "node": {
        "label": "full",
        "type": "LocalVariable"
      },
      "location-after-char-start": 21721,
      "location-after-char-end": 21774,
      "node-str": "full"
    },
    {
      "type": "insert-node",
      "node": {
        "label": "",
        "type": "For"
      },
      "location-after-char-start": 21784,
      "location-after-char-end": 22076,
      "node-str": ""
    },
    {
      "type": "insert-node",
      "node": {
        "label": "lightweightDefinitions",
        "type": "LocalVariable"
      },
      "location-after-char-start": 22087,
      "location-after-char-end": 22202,
      "node-str": "lightweightDefinitions"
    },
    {
      "type": "move-subtree",
      "node": {
        "label": "void",
        "type": "RETURN_TYPE"
      },
      "location-before-char-start": 0,
      "location-before-char-end": 0,
      "location-after-char-start": 0,
      "location-after-char-end": 0,
      "node-str": "void"
    },
    {
      "type": "move-subtree",
      "node": {
        "label": "public",
        "type": "Modifier"
      },
      "location-before-char-start": 0,
      "location-before-char-end": 0,
      "location-after-char-start": 0,
      "location-after-char-end": 0,
      "node-str": "public"
    },
    {
      "type": "insert-node",
      "node": {
        "label": "full",
        "type": "LocalVariable"
      },
      "location-after-char-start": 22875,
      "location-after-char-end": 22928,
      "node-str": "full"
    },
    {
      "type": "insert-node",
      "node": {
        "label": "",
        "type": "For"
      },
      "location-after-char-start": 22938,
      "location-after-char-end": 23066,
      "node-str": ""
    },
    {
      "type": "insert-node",
      "node": {
        "label": "if",
        "type": "If"
      },
      "location-after-char-start": 23076,
      "location-after-char-end": 23181,
      "node-str": "if"
    },
    {
      "type": "move-subtree",
      "node": {
        "label": "shutdown",
        "type": "Invocation"
      },
      "location-before-char-start": 23104,
      "location-before-char-end": 23124,
      "location-after-char-start": 23191,
      "location-after-char-end": 23211,
      "node-str": "shutdown"
    },
    {
      "type": "move-subtree",
      "node": {
        "label": "org.eclipse.ui.internal.decorators.FullDecoratorDefinition",
        "type": "RETURN_TYPE"
      },
      "location-before-char-start": 0,
      "location-before-char-end": 0,
      "location-after-char-start": 0,
      "location-after-char-end": 0,
      "node-str": "org.eclipse.ui.internal.decorators.FullDecoratorDefinition"
    },
    {
      "type": "move-subtree",
      "node": {
        "label": "decoratorId",
        "type": "Parameter"
      },
      "location-before-char-start": 26009,
      "location-before-char-end": 26026,
      "location-after-char-start": 26106,
      "location-after-char-end": 26123,
      "node-str": "decoratorId"
    },
    {
      "type": "insert-node",
      "node": {
        "label": "full",
        "type": "LocalVariable"
      },
      "location-after-char-start": 26133,
      "location-after-char-end": 26186,
      "node-str": "full"
    },
    {
      "type": "insert-node",
      "node": {
        "label": "",
        "type": "For"
      },
      "location-after-char-start": 26196,
      "location-after-char-end": 26329,
      "node-str": ""
    },
    {
      "type": "move-subtree",
      "node": {
        "label": "return",
        "type": "Return"
      },
      "location-before-char-start": 26215,
      "location-before-char-end": 26226,
      "location-after-char-start": 26339,
      "location-after-char-end": 26350,
      "node-str": "return"
    },
    {
      "type": "move-subtree",
      "node": {
        "label": "org.eclipse.ui.internal.decorators.LightweightDecoratorManager",
        "type": "RETURN_TYPE"
      },
      "location-before-char-start": 0,
      "location-before-char-end": 0,
      "location-after-char-start": 0,
      "location-after-char-end": 0,
      "node-str": "org.eclipse.ui.internal.decorators.LightweightDecoratorManager"
    },
    {
      "type": "insert-node",
      "node": {
        "label": "if",
        "type": "If"
      },
      "location-after-char-start": 27548,
      "location-after-char-end": 27617,
      "node-str": "if"
    },
    {
      "type": "move-subtree",
      "node": {
        "label": "return",
        "type": "Return"
      },
      "location-before-char-start": 27427,
      "location-before-char-end": 27452,
      "location-after-char-start": 27627,
      "location-after-char-end": 27652,
      "node-str": "return"
    },
    {
      "type": "insert-node",
      "node": {
        "label": "org.eclipse.ui.internal.decorators.FullDecoratorDefinition[]",
        "type": "RETURN_TYPE"
      },
      "location-after-char-start": 0,
      "location-after-char-end": 0,
      "node-str": "org.eclipse.ui.internal.decorators.FullDecoratorDefinition[]"
    },
    {
      "type": "insert-node",
      "node": {
        "label": "if",
        "type": "If"
      },
      "location-after-char-start": 30073,
      "location-after-char-end": 30136,
      "node-str": "if"
    },
    {
      "type": "insert-node",
      "node": {
        "label": "return",
        "type": "Return"
      },
      "location-after-char-start": 30140,
      "location-after-char-end": 30162,
      "node-str": "return"
    },
    {
      "type": "insert-node",
      "node": {
        "label": "org.eclipse.ui.internal.decorators.FullDecoratorDefinition[]",
        "type": "VARIABLE_TYPE"
      },
      "location-after-char-start": 0,
      "location-after-char-end": 0,
      "node-str": "org.eclipse.ui.internal.decorators.FullDecoratorDefinition[]"
    },
    {
      "type": "insert-node",
      "node": {
        "label": "getFullDefinitions",
        "type": "Invocation"
      },
      "location-after-char-start": 17031,
      "location-after-char-end": 17050,
      "node-str": "getFullDefinitions"
    },
    {
      "type": "move-subtree",
      "node": {
        "label": "i",
        "type": "LocalVariable"
      },
      "location-before-char-start": 17086,
      "location-before-char-end": 17094,
      "location-after-char-start": 17066,
      "location-after-char-end": 17074,
      "node-str": "i"
    },
    {
      "type": "insert-node",
      "node": {
        "label": "LT",
        "type": "BinaryOperator"
      },
      "location-after-char-start": 17077,
      "location-after-char-end": 17091,
      "node-str": "LT"
    },
    {
      "type": "move-subtree",
      "node": {
        "label": "POSTINC",
        "type": "UnaryOperator"
      },
      "location-before-char-start": 17125,
      "location-before-char-end": 17127,
      "location-after-char-start": 17094,
      "location-after-char-end": 17096,
      "node-str": "POSTINC"
    },
    {
      "type": "insert-node",
      "node": {
        "label": "if",
        "type": "If"
      },
      "location-after-char-start": 17113,
      "location-after-char-end": 17173,
      "node-str": "if"
    },
    {
      "type": "insert-node",
      "node": {
        "label": "getLightweightManager",
        "type": "Invocation"
      },
      "location-after-char-start": 17738,
      "location-after-char-end": 17760,
      "node-str": "getLightweightManager"
    },
    {
      "type": "move-subtree",
      "node": {
        "label": "org.eclipse.ui.internal.decorators.DecoratorManager",
        "type": "TypeAccess"
      },
      "location-before-char-start": 0,
      "location-before-char-end": 0,
      "location-after-char-start": 0,
      "location-after-char-end": 0,
      "node-str": "org.eclipse.ui.internal.decorators.DecoratorManager"
    },
    {
      "type": "move-subtree",
      "node": {
        "label": "enabledIds",
        "type": "VariableRead"
      },
      "location-before-char-start": 19973,
      "location-before-char-end": 19982,
      "location-after-char-start": 19930,
      "location-after-char-end": 19939,
      "node-str": "enabledIds"
    },
    {
      "type": "insert-node",
      "node": {
        "label": "getFullDefinitions",
        "type": "Invocation"
      },
      "location-after-char-start": 19942,
      "location-after-char-end": 19961,
      "node-str": "getFullDefinitions"
    },
    {
      "type": "move-subtree",
      "node": {
        "label": "org.eclipse.ui.internal.decorators.DecoratorManager",
        "type": "TypeAccess"
      },
      "location-before-char-start": 0,
      "location-before-char-end": 0,
      "location-after-char-start": 0,
      "location-after-char-end": 0,
      "node-str": "org.eclipse.ui.internal.decorators.DecoratorManager"
    },
    {
      "type": "move-subtree",
      "node": {
        "label": "enabledIds",
        "type": "VariableRead"
      },
      "location-before-char-start": 20037,
      "location-before-char-end": 20046,
      "location-after-char-start": 19999,
      "location-after-char-end": 20008,
      "node-str": "enabledIds"
    },
    {
      "type": "insert-node",
      "node": {
        "label": "getDefinitions",
        "type": "Invocation"
      },
      "location-after-char-start": 20011,
      "location-after-char-end": 20067,
      "node-str": "getDefinitions"
    },
    {
      "type": "insert-node",
      "node": {
        "label": "org.eclipse.ui.internal.decorators.FullDecoratorDefinition[]",
        "type": "VARIABLE_TYPE"
      },
      "location-after-char-start": 0,
      "location-after-char-end": 0,
      "node-str": "org.eclipse.ui.internal.decorators.FullDecoratorDefinition[]"
    },
    {
      "type": "insert-node",
      "node": {
        "label": "getFullDefinitions",
        "type": "Invocation"
      },
      "location-after-char-start": 21754,
      "location-after-char-end": 21773,
      "node-str": "getFullDefinitions"
    },
    {
      "type": "move-subtree",
      "node": {
        "label": "i",
        "type": "LocalVariable"
      },
      "location-before-char-start": 21760,
      "location-before-char-end": 21768,
      "location-after-char-start": 21789,
      "location-after-char-end": 21797,
      "node-str": "i"
    },
    {
      "type": "insert-node",
      "node": {
        "label": "LT",
        "type": "BinaryOperator"
      },
      "location-after-char-start": 21800,
      "location-after-char-end": 21814,
      "node-str": "LT"
    },
    {
      "type": "move-subtree",
      "node": {
        "label": "POSTINC",
        "type": "UnaryOperator"
      },
      "location-before-char-start": 21799,
      "location-before-char-end": 21801,
      "location-after-char-start": 21817,
      "location-after-char-end": 21819,
      "node-str": "POSTINC"
    },
    {
      "type": "insert-node",
      "node": {
        "label": "id",
        "type": "LocalVariable"
      },
      "location-after-char-start": 21836,
      "location-after-char-end": 21863,
      "node-str": "id"
    },
    {
      "type": "insert-node",
      "node": {
        "label": "if",
        "type": "If"
      },
      "location-after-char-start": 21877,
      "location-after-char-end": 22066,
      "node-str": "if"
    },
    {
      "type": "move-subtree",
      "node": {
        "label": "org.eclipse.ui.internal.decorators.LightweightDecoratorDefinition[]",
        "type": "VARIABLE_TYPE"
      },
      "location-before-char-start": 0,
      "location-before-char-end": 0,
      "location-after-char-start": 0,
      "location-after-char-end": 0,
      "node-str": "org.eclipse.ui.internal.decorators.LightweightDecoratorDefinition[]"
    },
    {
      "type": "insert-node",
      "node": {
        "label": "getDefinitions",
        "type": "Invocation"
      },
      "location-after-char-start": 22145,
      "location-after-char-end": 22201,
      "node-str": "getDefinitions"
    },
    {
      "type": "insert-node",
      "node": {
        "label": "org.eclipse.ui.internal.decorators.FullDecoratorDefinition[]",
        "type": "VARIABLE_TYPE"
      },
      "location-after-char-start": 0,
      "location-after-char-end": 0,
      "node-str": "org.eclipse.ui.internal.decorators.FullDecoratorDefinition[]"
    },
    {
      "type": "insert-node",
      "node": {
        "label": "getFullDefinitions",
        "type": "Invocation"
      },
      "location-after-char-start": 22908,
      "location-after-char-end": 22927,
      "node-str": "getFullDefinitions"
    },
    {
      "type": "move-subtree",
      "node": {
        "label": "i",
        "type": "LocalVariable"
      },
      "location-before-char-start": 22899,
      "location-before-char-end": 22907,
      "location-after-char-start": 22943,
      "location-after-char-end": 22951,
      "node-str": "i"
    },
    {
      "type": "insert-node",
      "node": {
        "label": "LT",
        "type": "BinaryOperator"
      },
      "location-after-char-start": 22954,
      "location-after-char-end": 22968,
      "node-str": "LT"
    },
    {
      "type": "move-subtree",
      "node": {
        "label": "POSTINC",
        "type": "UnaryOperator"
      },
      "location-before-char-start": 22938,
      "location-before-char-end": 22940,
      "location-after-char-start": 22971,
      "location-after-char-end": 22973,
      "node-str": "POSTINC"
    },
    {
      "type": "insert-node",
      "node": {
        "label": "if",
        "type": "If"
      },
      "location-after-char-start": 22990,
      "location-after-char-end": 23056,
      "node-str": "if"
    },
    {
      "type": "insert-node",
      "node": {
        "label": "NE",
        "type": "BinaryOperator"
      },
      "location-after-char-start": 23079,
      "location-after-char-end": 23104,
      "node-str": "NE"
    },
    {
      "type": "insert-node",
      "node": {
        "label": "THEN",
        "type": "then"
      },
      "location-after-char-start": 23147,
      "location-after-char-end": 23181,
      "node-str": "THEN"
    },
    {
      "type": "insert-node",
      "node": {
        "label": "org.eclipse.ui.internal.decorators.FullDecoratorDefinition[]",
        "type": "VARIABLE_TYPE"
      },
      "location-after-char-start": 0,
      "location-after-char-end": 0,
      "node-str": "org.eclipse.ui.internal.decorators.FullDecoratorDefinition[]"
    },
    {
      "type": "insert-node",
      "node": {
        "label": "getFullDefinitions",
        "type": "Invocation"
      },
      "location-after-char-start": 26166,
      "location-after-char-end": 26185,
      "node-str": "getFullDefinitions"
    },
    {
      "type": "move-subtree",
      "node": {
        "label": "i",
        "type": "LocalVariable"
      },
      "location-before-char-start": 26044,
      "location-before-char-end": 26052,
      "location-after-char-start": 26201,
      "location-after-char-end": 26209,
      "node-str": "i"
    },
    {
      "type": "insert-node",
      "node": {
        "label": "LT",
        "type": "BinaryOperator"
      },
      "location-after-char-start": 26212,
      "location-after-char-end": 26226,
      "node-str": "LT"
    },
    {
      "type": "move-subtree",
      "node": {
        "label": "POSTINC",
        "type": "UnaryOperator"
      },
      "location-before-char-start": 26083,
      "location-before-char-end": 26085,
      "location-after-char-start": 26229,
      "location-after-char-end": 26231,
      "node-str": "POSTINC"
    },
    {
      "type": "insert-node",
      "node": {
        "label": "if",
        "type": "If"
      },
      "location-after-char-start": 26248,
      "location-after-char-end": 26319,
      "node-str": "if"
    },
    {
      "type": "insert-node",
      "node": {
        "label": "EQ",
        "type": "BinaryOperator"
      },
      "location-after-char-start": 27551,
      "location-after-char-end": 27576,
      "node-str": "EQ"
    },
    {
      "type": "insert-node",
      "node": {
        "label": "THEN",
        "type": "then"
      },
      "location-after-char-start": 27585,
      "location-after-char-end": 27617,
      "node-str": "THEN"
    },
    {
      "type": "insert-node",
      "node": {
        "label": "EQ",
        "type": "BinaryOperator"
      },
      "location-after-char-start": 30076,
      "location-after-char-end": 30098,
      "node-str": "EQ"
    },
    {
      "type": "insert-node",
      "node": {
        "label": "THEN",
        "type": "then"
      },
      "location-after-char-start": 30104,
      "location-after-char-end": 30136,
      "node-str": "THEN"
    },
    {
      "type": "move-subtree",
      "node": {
        "label": "fullDefinitions",
        "type": "FieldRead"
      },
      "location-before-char-start": 28947,
      "location-before-char-end": 28961,
      "location-after-char-start": 30147,
      "location-after-char-end": 30161,
      "node-str": "fullDefinitions"
    },
    {
      "type": "insert-node",
      "node": {
        "label": "org.eclipse.ui.internal.decorators.DecoratorManager",
        "type": "TypeAccess"
      },
      "location-after-char-start": 0,
      "location-after-char-end": 0,
      "node-str": "org.eclipse.ui.internal.decorators.DecoratorManager"
    },
    {
      "type": "move-subtree",
      "node": {
        "label": "i",
        "type": "VariableRead"
      },
      "location-before-char-start": 17097,
      "location-before-char-end": 17097,
      "location-after-char-start": 17077,
      "location-after-char-end": 17077,
      "node-str": "i"
    },
    {
      "type": "insert-node",
      "node": {
        "label": "length",
        "type": "FieldRead"
      },
      "location-after-char-start": 17081,
      "location-after-char-end": 17091,
      "node-str": "length"
    },
    {
      "type": "insert-node",
      "node": {
        "label": "isEnabled",
        "type": "Invocation"
      },
      "location-after-char-start": 17117,
      "location-after-char-end": 17135,
      "node-str": "isEnabled"
    },
    {
      "type": "insert-node",
      "node": {
        "label": "THEN",
        "type": "then"
      },
      "location-after-char-start": 17154,
      "location-after-char-end": 17173,
      "node-str": "THEN"
    },
    {
      "type": "insert-node",
      "node": {
        "label": "org.eclipse.ui.internal.decorators.DecoratorManager",
        "type": "TypeAccess"
      },
      "location-after-char-start": 0,
      "location-after-char-end": 0,
      "node-str": "org.eclipse.ui.internal.decorators.DecoratorManager"
    },
    {
      "type": "insert-node",
      "node": {
        "label": "getLightweightManager",
        "type": "Invocation"
      },
      "location-after-char-start": 18389,
      "location-after-char-end": 18411,
      "node-str": "getLightweightManager"
    },
    {
      "type": "insert-node",
      "node": {
        "label": "org.eclipse.ui.internal.decorators.DecoratorManager",
        "type": "TypeAccess"
      },
      "location-after-char-start": 0,
      "location-after-char-end": 0,
      "node-str": "org.eclipse.ui.internal.decorators.DecoratorManager"
    },
    {
      "type": "insert-node",
      "node": {
        "label": "getLightweightManager",
        "type": "Invocation"
      },
      "location-after-char-start": 20011,
      "location-after-char-end": 20033,
      "node-str": "getLightweightManager"
    },
    {
      "type": "insert-node",
      "node": {
        "label": "org.eclipse.ui.internal.decorators.DecoratorManager",
        "type": "TypeAccess"
      },
      "location-after-char-start": 0,
      "location-after-char-end": 0,
      "node-str": "org.eclipse.ui.internal.decorators.DecoratorManager"
    },
    {
      "type": "move-subtree",
      "node": {
        "label": "i",
        "type": "VariableRead"
      },
      "location-before-char-start": 21771,
      "location-before-char-end": 21771,
      "location-after-char-start": 21800,
      "location-after-char-end": 21800,
      "node-str": "i"
    },
    {
      "type": "insert-node",
      "node": {
        "label": "length",
        "type": "FieldRead"
      },
      "location-after-char-start": 21804,
      "location-after-char-end": 21814,
      "node-str": "length"
    },
    {
      "type": "move-subtree",
      "node": {
        "label": "java.lang.String",
        "type": "VARIABLE_TYPE"
      },
      "location-before-char-start": 0,
      "location-before-char-end": 0,
      "location-after-char-start": 0,
      "location-after-char-end": 0,
      "node-str": "java.lang.String"
    },
    {
      "type": "insert-node",
      "node": {
        "label": "getId",
        "type": "Invocation"
      },
      "location-after-char-start": 21848,
      "location-after-char-end": 21862,
      "node-str": "getId"
    },
    {
      "type": "move-subtree",
      "node": {
        "label": "contains",
        "type": "Invocation"
      },
      "location-before-char-start": 21874,
      "location-before-char-end": 21896,
      "location-after-char-start": 21881,
      "location-after-char-end": 21903,
      "node-str": "contains"
    },
    {
      "type": "insert-node",
      "node": {
        "label": "THEN",
        "type": "then"
      },
      "location-after-char-start": 21919,
      "location-after-char-end": 21943,
      "node-str": "THEN"
    },
    {
      "type": "insert-node",
      "node": {
        "label": "ELSE",
        "type": "else"
      },
      "location-after-char-start": 21962,
      "location-after-char-end": 22066,
      "node-str": "ELSE"
    },
    {
      "type": "insert-node",
      "node": {
        "label": "getLightweightManager",
        "type": "Invocation"
      },
      "location-after-char-start": 22145,
      "location-after-char-end": 22167,
      "node-str": "getLightweightManager"
    },
    {
      "type": "insert-node",
      "node": {
        "label": "org.eclipse.ui.internal.decorators.DecoratorManager",
        "type": "TypeAccess"
      },
      "location-after-char-start": 0,
      "location-after-char-end": 0,
      "node-str": "org.eclipse.ui.internal.decorators.DecoratorManager"
    },
    {
      "type": "move-subtree",
      "node": {
        "label": "i",
        "type": "VariableRead"
      },
      "location-before-char-start": 22910,
      "location-before-char-end": 22910,
      "location-after-char-start": 22954,
      "location-after-char-end": 22954,
      "node-str": "i"
    },
    {
      "type": "insert-node",
      "node": {
        "label": "length",
        "type": "FieldRead"
      },
      "location-after-char-start": 22958,
      "location-after-char-end": 22968,
      "node-str": "length"
    },
    {
      "type": "insert-node",
      "node": {
        "label": "isEnabled",
        "type": "Invocation"
      },
      "location-after-char-start": 22994,
      "location-after-char-end": 23012,
      "node-str": "isEnabled"
    },
    {
      "type": "insert-node",
      "node": {
        "label": "THEN",
        "type": "then"
      },
      "location-after-char-start": 23031,
      "location-after-char-end": 23056,
      "node-str": "THEN"
    },
    {
      "type": "move-subtree",
      "node": {
        "label": "lightweightManager",
        "type": "FieldRead"
      },
      "location-before-char-start": 23065,
      "location-before-char-end": 23082,
      "location-after-char-start": 23079,
      "location-after-char-end": 23096,
      "node-str": "lightweightManager"
    },
    {
      "type": "insert-node",
      "node": {
        "label": "null",
        "type": "Literal"
      },
      "location-after-char-start": 23101,
      "location-after-char-end": 23104,
      "node-str": "null"
    },
    {
      "type": "insert-node",
      "node": {
        "label": "shutdown",
        "type": "Invocation"
      },
      "location-after-char-start": 23147,
      "location-after-char-end": 23181,
      "node-str": "shutdown"
    },
    {
      "type": "insert-node",
      "node": {
        "label": "getLightweightManager",
        "type": "Invocation"
      },
      "location-after-char-start": 25083,
      "location-after-char-end": 25105,
      "node-str": "getLightweightManager"
    },
    {
      "type": "insert-node",
      "node": {
        "label": "org.eclipse.ui.internal.decorators.DecoratorManager",
        "type": "TypeAccess"
      },
      "location-after-char-start": 0,
      "location-after-char-end": 0,
      "node-str": "org.eclipse.ui.internal.decorators.DecoratorManager"
    },
    {
      "type": "move-subtree",
      "node": {
        "label": "i",
        "type": "VariableRead"
      },
      "location-before-char-start": 26055,
      "location-before-char-end": 26055,
      "location-after-char-start": 26212,
      "location-after-char-end": 26212,
      "node-str": "i"
    },
    {
      "type": "insert-node",
      "node": {
        "label": "length",
        "type": "FieldRead"
      },
      "location-after-char-start": 26216,
      "location-after-char-end": 26226,
      "node-str": "length"
    },
    {
      "type": "insert-node",
      "node": {
        "label": "equals",
        "type": "Invocation"
      },
      "location-after-char-start": 26252,
      "location-after-char-end": 26286,
      "node-str": "equals"
    },
    {
      "type": "insert-node",
      "node": {
        "label": "THEN",
        "type": "then"
      },
      "location-after-char-start": 26305,
      "location-after-char-end": 26319,
      "node-str": "THEN"
    },
    {
      "type": "move-subtree",
      "node": {
        "label": "lightweightManager",
        "type": "FieldRead"
      },
      "location-before-char-start": 25654,
      "location-before-char-end": 25671,
      "location-after-char-start": 27551,
      "location-after-char-end": 27568,
      "node-str": "lightweightManager"
    },
    {
      "type": "insert-node",
      "node": {
        "label": "null",
        "type": "Literal"
      },
      "location-after-char-start": 27573,
      "location-after-char-end": 27576,
      "node-str": "null"
    },
    {
      "type": "insert-node",
      "node": {
        "label": "initializeDecoratorDefinitions",
        "type": "Invocation"
      },
      "location-after-char-start": 27585,
      "location-after-char-end": 27617,
      "node-str": "initializeDecoratorDefinitions"
    },
    {
      "type": "move-subtree",
      "node": {
        "label": "fullDefinitions",
        "type": "FieldRead"
      },
      "location-before-char-start": 17148,
      "location-before-char-end": 17162,
      "location-after-char-start": 30076,
      "location-after-char-end": 30090,
      "node-str": "fullDefinitions"
    },
    {
      "type": "insert-node",
      "node": {
        "label": "null",
        "type": "Literal"
      },
      "location-after-char-start": 30095,
      "location-after-char-end": 30098,
      "node-str": "null"
    },
    {
      "type": "insert-node",
      "node": {
        "label": "initializeDecoratorDefinitions",
        "type": "Invocation"
      },
      "location-after-char-start": 30104,
      "location-after-char-end": 30136,
      "node-str": "initializeDecoratorDefinitions"
    },
    {
      "type": "insert-node",
      "node": {
        "label": "getLightweightManager",
        "type": "Invocation"
      },
      "location-after-char-start": 15733,
      "location-after-char-end": 15755,
      "node-str": "getLightweightManager"
    },
    {
      "type": "insert-node",
      "node": {
        "label": "full",
        "type": "VariableRead"
      },
      "location-after-char-start": 17081,
      "location-after-char-end": 17091,
      "node-str": "full"
    },
    {
      "type": "insert-node",
      "node": {
        "label": "",
        "type": "ArrayRead"
      },
      "location-after-char-start": 17117,
      "location-after-char-end": 17123,
      "node-str": ""
    },
    {
      "type": "insert-node",
      "node": {
        "label": "add",
        "type": "Invocation"
      },
      "location-after-char-start": 17154,
      "location-after-char-end": 17173,
      "node-str": "add"
    },
    {
      "type": "move-subtree",
      "node": {
        "label": "org.eclipse.ui.internal.decorators.DecoratorManager",
        "type": "TypeAccess"
      },
      "location-before-char-start": 0,
      "location-before-char-end": 0,
      "location-after-char-start": 0,
      "location-after-char-end": 0,
      "node-str": "org.eclipse.ui.internal.decorators.DecoratorManager"
    },
    {
      "type": "insert-node",
      "node": {
        "label": "org.eclipse.ui.internal.decorators.DecoratorManager",
        "type": "TypeAccess"
      },
      "location-after-char-start": 0,
      "location-after-char-end": 0,
      "node-str": "org.eclipse.ui.internal.decorators.DecoratorManager"
    },
    {
      "type": "insert-node",
      "node": {
        "label": "full",
        "type": "VariableRead"
      },
      "location-after-char-start": 21804,
      "location-after-char-end": 21814,
      "node-str": "full"
    },
    {
      "type": "insert-node",
      "node": {
        "label": "",
        "type": "ArrayRead"
      },
      "location-after-char-start": 21848,
      "location-after-char-end": 21854,
      "node-str": ""
    },
    {
      "type": "insert-node",
      "node": {
        "label": "setEnabled",
        "type": "Invocation"
      },
      "location-after-char-start": 21919,
      "location-after-char-end": 21943,
      "node-str": "setEnabled"
    },
    {
      "type": "insert-node",
      "node": {
        "label": "if",
        "type": "If"
      },
      "location-after-char-start": 21980,
      "location-after-char-end": 22052,
      "node-str": "if"
    },
    {
      "type": "insert-node",
      "node": {
        "label": "org.eclipse.ui.internal.decorators.DecoratorManager",
        "type": "TypeAccess"
      },
      "location-after-char-start": 0,
      "location-after-char-end": 0,
      "node-str": "org.eclipse.ui.internal.decorators.DecoratorManager"
    },
    {
      "type": "insert-node",
      "node": {
        "label": "full",
        "type": "VariableRead"
      },
      "location-after-char-start": 22958,
      "location-after-char-end": 22968,
      "node-str": "full"
    },
    {
      "type": "insert-node",
      "node": {
        "label": "",
        "type": "ArrayRead"
      },
      "location-after-char-start": 22994,
      "location-after-char-end": 23000,
      "node-str": ""
    },
    {
      "type": "insert-node",
      "node": {
        "label": "setEnabled",
        "type": "Invocation"
      },
      "location-after-char-start": 23031,
      "location-after-char-end": 23056,
      "node-str": "setEnabled"
    },
    {
      "type": "insert-node",
      "node": {
        "label": "getLightweightManager",
        "type": "Invocation"
      },
      "location-after-char-start": 23147,
      "location-after-char-end": 23169,
      "node-str": "getLightweightManager"
    },
    {
      "type": "move-subtree",
      "node": {
        "label": "org.eclipse.ui.internal.decorators.DecoratorManager",
        "type": "TypeAccess"
      },
      "location-before-char-start": 0,
      "location-before-char-end": 0,
      "location-after-char-start": 0,
      "location-after-char-end": 0,
      "node-str": "org.eclipse.ui.internal.decorators.DecoratorManager"
    },
    {
      "type": "insert-node",
      "node": {
        "label": "full",
        "type": "VariableRead"
      },
      "location-after-char-start": 26216,
      "location-after-char-end": 26226,
      "node-str": "full"
    },
    {
      "type": "insert-node",
      "node": {
        "label": "getId",
        "type": "Invocation"
      },
      "location-after-char-start": 26252,
      "location-after-char-end": 26266,
      "node-str": "getId"
    },
    {
      "type": "move-subtree",
      "node": {
        "label": "decoratorId",
        "type": "VariableRead"
      },
      "location-before-char-start": 26140,
      "location-before-char-end": 26150,
      "location-after-char-start": 26275,
      "location-after-char-end": 26285,
      "node-str": "decoratorId"
    },
    {
      "type": "insert-node",
      "node": {
        "label": "return",
        "type": "Return"
      },
      "location-after-char-start": 26305,
      "location-after-char-end": 26319,
      "node-str": "return"
    },
    {
      "type": "insert-node",
      "node": {
        "label": "org.eclipse.ui.internal.decorators.DecoratorManager",
        "type": "TypeAccess"
      },
      "location-after-char-start": 0,
      "location-after-char-end": 0,
      "node-str": "org.eclipse.ui.internal.decorators.DecoratorManager"
    },
    {
      "type": "insert-node",
      "node": {
        "label": "getFullDefinitions",
        "type": "Invocation"
      },
      "location-after-char-start": 29147,
      "location-after-char-end": 29166,
      "node-str": "getFullDefinitions"
    },
    {
      "type": "insert-node",
      "node": {
        "label": "org.eclipse.ui.internal.decorators.DecoratorManager",
        "type": "TypeAccess"
      },
      "location-after-char-start": 0,
      "location-after-char-end": 0,
      "node-str": "org.eclipse.ui.internal.decorators.DecoratorManager"
    },
    {
      "type": "move-subtree",
      "node": {
        "label": "org.eclipse.ui.internal.decorators.DecoratorManager",
        "type": "TypeAccess"
      },
      "location-before-char-start": 0,
      "location-before-char-end": 0,
      "location-after-char-start": 0,
      "location-after-char-end": 0,
      "node-str": "org.eclipse.ui.internal.decorators.DecoratorManager"
    },
    {
      "type": "insert-node",
      "node": {
        "label": "full",
        "type": "VariableRead"
      },
      "location-after-char-start": 17117,
      "location-after-char-end": 17120,
      "node-str": "full"
    },
    {
      "type": "move-subtree",
      "node": {
        "label": "i",
        "type": "VariableRead"
      },
      "location-before-char-start": 17164,
      "location-before-char-end": 17164,
      "location-after-char-start": 17122,
      "location-after-char-end": 17122,
      "node-str": "i"
    },
    {
      "type": "move-subtree",
      "node": {
        "label": "result",
        "type": "VariableRead"
      },
      "location-before-char-start": 17196,
      "location-before-char-end": 17201,
      "location-after-char-start": 17154,
      "location-after-char-end": 17159,
      "node-str": "result"
    },
    {
      "type": "insert-node",
      "node": {
        "label": "",
        "type": "ArrayRead"
      },
      "location-after-char-start": 17165,
      "location-after-char-end": 17171,
      "node-str": ""
    },
    {
      "type": "insert-node",
      "node": {
        "label": "full",
        "type": "VariableRead"
      },
      "location-after-char-start": 21848,
      "location-after-char-end": 21851,
      "node-str": "full"
    },
    {
      "type": "move-subtree",
      "node": {
        "label": "i",
        "type": "VariableRead"
      },
      "location-before-char-start": 21846,
      "location-before-char-end": 21846,
      "location-after-char-start": 21853,
      "location-after-char-end": 21853,
      "node-str": "i"
    },
    {
      "type": "insert-node",
      "node": {
        "label": "",
        "type": "ArrayRead"
      },
      "location-after-char-start": 21919,
      "location-after-char-end": 21925,
      "node-str": ""
    },
    {
      "type": "move-subtree",
      "node": {
        "label": "true",
        "type": "Literal"
      },
      "location-before-char-start": 21945,
      "location-before-char-end": 21948,
      "location-after-char-start": 21938,
      "location-after-char-end": 21941,
      "node-str": "true"
    },
    {
      "type": "move-subtree",
      "node": {
        "label": "contains",
        "type": "Invocation"
      },
      "location-before-char-start": 21991,
      "location-before-char-end": 22014,
      "location-after-char-start": 21984,
      "location-after-char-end": 22007,
      "node-str": "contains"
    },
    {
      "type": "insert-node",
      "node": {
        "label": "THEN",
        "type": "then"
      },
      "location-after-char-start": 22027,
      "location-after-char-end": 22052,
      "node-str": "THEN"
    },
    {
      "type": "insert-node",
      "node": {
        "label": "full",
        "type": "VariableRead"
      },
      "location-after-char-start": 22994,
      "location-after-char-end": 22997,
      "node-str": "full"
    },
    {
      "type": "move-subtree",
      "node": {
        "label": "i",
        "type": "VariableRead"
      },
      "location-before-char-start": 22977,
      "location-before-char-end": 22977,
      "location-after-char-start": 22999,
      "location-after-char-end": 22999,
      "node-str": "i"
    },
    {
      "type": "insert-node",
      "node": {
        "label": "",
        "type": "ArrayRead"
      },
      "location-after-char-start": 23031,
      "location-after-char-end": 23037,
      "node-str": ""
    },
    {
      "type": "move-subtree",
      "node": {
        "label": "false",
        "type": "Literal"
      },
      "location-before-char-start": 23039,
      "location-before-char-end": 23043,
      "location-after-char-start": 23050,
      "location-after-char-end": 23054,
      "node-str": "false"
    },
    {
      "type": "insert-node",
      "node": {
        "label": "org.eclipse.ui.internal.decorators.DecoratorManager",
        "type": "TypeAccess"
      },
      "location-after-char-start": 0,
      "location-after-char-end": 0,
      "node-str": "org.eclipse.ui.internal.decorators.DecoratorManager"
    },
    {
      "type": "insert-node",
      "node": {
        "label": "getLightweightManager",
        "type": "Invocation"
      },
      "location-after-char-start": 25746,
      "location-after-char-end": 25768,
      "node-str": "getLightweightManager"
    },
    {
      "type": "insert-node",
      "node": {
        "label": "",
        "type": "ArrayRead"
      },
      "location-after-char-start": 26252,
      "location-after-char-end": 26258,
      "node-str": ""
    },
    {
      "type": "insert-node",
      "node": {
        "label": "",
        "type": "ArrayRead"
      },
      "location-after-char-start": 26312,
      "location-after-char-end": 26318,
      "node-str": ""
    },
    {
      "type": "insert-node",
      "node": {
        "label": "org.eclipse.ui.internal.decorators.DecoratorManager",
        "type": "TypeAccess"
      },
      "location-after-char-start": 0,
      "location-after-char-end": 0,
      "node-str": "org.eclipse.ui.internal.decorators.DecoratorManager"
    },
    {
      "type": "insert-node",
      "node": {
        "label": "getFullDefinitions",
        "type": "Invocation"
      },
      "location-after-char-start": 5231,
      "location-after-char-end": 5250,
      "node-str": "getFullDefinitions"
    },
    {
      "type": "insert-node",
      "node": {
        "label": "full",
        "type": "VariableRead"
      },
      "location-after-char-start": 17165,
      "location-after-char-end": 17168,
      "node-str": "full"
    },
    {
      "type": "move-subtree",
      "node": {
        "label": "i",
        "type": "VariableRead"
      },
      "location-before-char-start": 17223,
      "location-before-char-end": 17223,
      "location-after-char-start": 17170,
      "location-after-char-end": 17170,
      "node-str": "i"
    },
    {
      "type": "insert-node",
      "node": {
        "label": "full",
        "type": "VariableRead"
      },
      "location-after-char-start": 21919,
      "location-after-char-end": 21922,
      "node-str": "full"
    },
    {
      "type": "move-subtree",
      "node": {
        "label": "i",
        "type": "VariableRead"
      },
      "location-before-char-start": 21931,
      "location-before-char-end": 21931,
      "location-after-char-start": 21924,
      "location-after-char-end": 21924,
      "node-str": "i"
    },
    {
      "type": "insert-node",
      "node": {
        "label": "setEnabled",
        "type": "Invocation"
      },
      "location-after-char-start": 22027,
      "location-after-char-end": 22052,
      "node-str": "setEnabled"
    },
    {
      "type": "insert-node",
      "node": {
        "label": "full",
        "type": "VariableRead"
      },
      "location-after-char-start": 23031,
      "location-after-char-end": 23034,
      "node-str": "full"
    },
    {
      "type": "move-subtree",
      "node": {
        "label": "i",
        "type": "VariableRead"
      },
      "location-before-char-start": 23025,
      "location-before-char-end": 23025,
      "location-after-char-start": 23036,
      "location-after-char-end": 23036,
      "node-str": "i"
    },
    {
      "type": "insert-node",
      "node": {
        "label": "org.eclipse.ui.internal.decorators.DecoratorManager",
        "type": "TypeAccess"
      },
      "location-after-char-start": 0,
      "location-after-char-end": 0,
      "node-str": "org.eclipse.ui.internal.decorators.DecoratorManager"
    },
    {
      "type": "insert-node",
      "node": {
        "label": "full",
        "type": "VariableRead"
      },
      "location-after-char-start": 26252,
      "location-after-char-end": 26255,
      "node-str": "full"
    },
    {
      "type": "move-subtree",
      "node": {
        "label": "i",
        "type": "VariableRead"
      },
      "location-before-char-start": 26122,
      "location-before-char-end": 26122,
      "location-after-char-start": 26257,
      "location-after-char-end": 26257,
      "node-str": "i"
    },
    {
      "type": "insert-node",
      "node": {
        "label": "full",
        "type": "VariableRead"
      },
      "location-after-char-start": 26312,
      "location-after-char-end": 26315,
      "node-str": "full"
    },
    {
      "type": "move-subtree",
      "node": {
        "label": "i",
        "type": "VariableRead"
      },
      "location-before-char-start": 26193,
      "location-before-char-end": 26193,
      "location-after-char-start": 26317,
      "location-after-char-end": 26317,
      "node-str": "i"
    },
    {
      "type": "move-subtree",
      "node": {
        "label": "org.eclipse.ui.internal.decorators.DecoratorManager",
        "type": "TypeAccess"
      },
      "location-before-char-start": 0,
      "location-before-char-end": 0,
      "location-after-char-start": 0,
      "location-after-char-end": 0,
      "node-str": "org.eclipse.ui.internal.decorators.DecoratorManager"
    },
    {
      "type": "insert-node",
      "node": {
        "label": "",
        "type": "ArrayRead"
      },
      "location-after-char-start": 22027,
      "location-after-char-end": 22033,
      "node-str": ""
    },
    {
      "type": "move-subtree",
      "node": {
        "label": "false",
        "type": "Literal"
      },
      "location-before-char-start": 22067,
      "location-before-char-end": 22071,
      "location-after-char-start": 22046,
      "location-after-char-end": 22050,
      "node-str": "false"
    },
    {
      "type": "insert-node",
      "node": {
        "label": "full",
        "type": "VariableRead"
      },
      "location-after-char-start": 22027,
      "location-after-char-end": 22030,
      "node-str": "full"
    },
    {
      "type": "move-subtree",
      "node": {
        "label": "i",
        "type": "VariableRead"
      },
      "location-before-char-start": 22053,
      "location-before-char-end": 22053,
      "location-after-char-start": 22032,
      "location-after-char-end": 22032,
      "node-str": "i"
    },
    {
      "type": "delete-node",
      "node": {
        "label": "\u003cinit\u003e",
        "type": "Constructor"
      },
      "location-before-char-start": 3500,
      "location-before-char-end": 4741,
      "node-str": "\u003cinit\u003e"
    },
    {
      "type": "delete-node",
      "node": {
        "label": "fullDefinitions",
        "type": "FieldRead"
      },
      "location-before-char-start": 5079,
      "location-before-char-end": 5093,
      "node-str": "fullDefinitions"
    },
    {
      "type": "delete-node",
      "node": {
        "label": "restoreListeners",
        "type": "Method"
      },
      "location-before-char-start": 6586,
      "location-before-char-end": 6825,
      "node-str": "restoreListeners"
    },
    {
      "type": "delete-node",
      "node": {
        "label": "lightweightManager",
        "type": "FieldRead"
      },
      "location-before-char-start": 15821,
      "location-before-char-end": 15838,
      "node-str": "lightweightManager"
    },
    {
      "type": "delete-node",
      "node": {
        "label": "org.eclipse.ui.internal.decorators.DecoratorManager",
        "type": "TypeAccess"
      },
      "location-before-char-start": 0,
      "location-before-char-end": 0,
      "node-str": "org.eclipse.ui.internal.decorators.DecoratorManager"
    },
    {
      "type": "delete-node",
      "node": {
        "label": "fullDefinitions",
        "type": "FieldRead"
      },
      "location-before-char-start": 17101,
      "location-before-char-end": 17115,
      "node-str": "fullDefinitions"
    },
    {
      "type": "delete-node",
      "node": {
        "label": "length",
        "type": "FieldRead"
      },
      "location-before-char-start": 17101,
      "location-before-char-end": 17122,
      "node-str": "length"
    },
    {
      "type": "delete-node",
      "node": {
        "label": "LT",
        "type": "BinaryOperator"
      },
      "location-before-char-start": 17097,
      "location-before-char-end": 17122,
      "node-str": "LT"
    },
    {
      "type": "delete-node",
      "node": {
        "label": "",
        "type": "ArrayRead"
      },
      "location-before-char-start": 17148,
      "location-before-char-end": 17165,
      "node-str": ""
    },
    {
      "type": "delete-node",
      "node": {
        "label": "isEnabled",
        "type": "Invocation"
      },
      "location-before-char-start": 17148,
      "location-before-char-end": 17177,
      "node-str": "isEnabled"
    },
    {
      "type": "delete-node",
      "node": {
        "label": "org.eclipse.ui.internal.decorators.DecoratorManager",
        "type": "TypeAccess"
      },
      "location-before-char-start": 0,
      "location-before-char-end": 0,
      "node-str": "org.eclipse.ui.internal.decorators.DecoratorManager"
    },
    {
      "type": "delete-node",
      "node": {
        "label": "fullDefinitions",
        "type": "FieldRead"
      },
      "location-before-char-start": 17207,
      "location-before-char-end": 17221,
      "node-str": "fullDefinitions"
    },
    {
      "type": "delete-node",
      "node": {
        "label": "",
        "type": "ArrayRead"
      },
      "location-before-char-start": 17207,
      "location-before-char-end": 17224,
      "node-str": ""
    },
    {
      "type": "delete-node",
      "node": {
        "label": "add",
        "type": "Invocation"
      },
      "location-before-char-start": 17196,
      "location-before-char-end": 17226,
      "node-str": "add"
    },
    {
      "type": "delete-node",
      "node": {
        "label": "THEN",
        "type": "then"
      },
      "location-before-char-start": 17196,
      "location-before-char-end": 17226,
      "node-str": "THEN"
    },
    {
      "type": "delete-node",
      "node": {
        "label": "if",
        "type": "If"
      },
      "location-before-char-start": 17144,
      "location-before-char-end": 17226,
      "node-str": "if"
    },
    {
      "type": "delete-node",
      "node": {
        "label": "",
        "type": "For"
      },
      "location-before-char-start": 17081,
      "location-before-char-end": 17236,
      "node-str": ""
    },
    {
      "type": "delete-node",
      "node": {
        "label": "enabledFullDefinitions",
        "type": "Method"
      },
      "location-before-char-start": 16857,
      "location-before-char-end": 17416,
      "node-str": "enabledFullDefinitions"
    },
    {
      "type": "delete-node",
      "node": {
        "label": "org.eclipse.ui.internal.decorators.DecoratorManager",
        "type": "TypeAccess"
      },
      "location-before-char-start": 0,
      "location-before-char-end": 0,
      "node-str": "org.eclipse.ui.internal.decorators.DecoratorManager"
    },
    {
      "type": "delete-node",
      "node": {
        "label": "lightweightManager",
        "type": "FieldRead"
      },
      "location-before-char-start": 17791,
      "location-before-char-end": 17808,
      "node-str": "lightweightManager"
    },
    {
      "type": "delete-node",
      "node": {
        "label": "reset",
        "type": "Invocation"
      },
      "location-before-char-start": 17791,
      "location-before-char-end": 17817,
      "node-str": "reset"
    },
    {
      "type": "delete-node",
      "node": {
        "label": "clearCaches",
        "type": "Method"
      },
      "location-before-char-start": 17567,
      "location-before-char-end": 17823,
      "node-str": "clearCaches"
    },
    {
      "type": "delete-node",
      "node": {
        "label": "lightweightManager",
        "type": "FieldRead"
      },
      "location-before-char-start": 18437,
      "location-before-char-end": 18454,
      "node-str": "lightweightManager"
    },
    {
      "type": "delete-node",
      "node": {
        "label": "org.eclipse.ui.internal.decorators.DecoratorManager",
        "type": "TypeAccess"
      },
      "location-before-char-start": 0,
      "location-before-char-end": 0,
      "node-str": "org.eclipse.ui.internal.decorators.DecoratorManager"
    },
    {
      "type": "delete-node",
      "node": {
        "label": "fullDefinitions",
        "type": "FieldRead"
      },
      "location-before-char-start": 19985,
      "location-before-char-end": 19999,
      "node-str": "fullDefinitions"
    },
    {
      "type": "delete-node",
      "node": {
        "label": "writeDecoratorsPreference",
        "type": "Invocation"
      },
      "location-before-char-start": 19947,
      "location-before-char-end": 20001,
      "node-str": "writeDecoratorsPreference"
    },
    {
      "type": "delete-node",
      "node": {
        "label": "org.eclipse.ui.internal.decorators.DecoratorManager",
        "type": "TypeAccess"
      },
      "location-before-char-start": 0,
      "location-before-char-end": 0,
      "node-str": "org.eclipse.ui.internal.decorators.DecoratorManager"
    },
    {
      "type": "delete-node",
      "node": {
        "label": "lightweightManager",
        "type": "FieldRead"
      },
      "location-before-char-start": 20049,
      "location-before-char-end": 20066,
      "node-str": "lightweightManager"
    },
    {
      "type": "delete-node",
      "node": {
        "label": "getDefinitions",
        "type": "Invocation"
      },
      "location-before-char-start": 20049,
      "location-before-char-end": 20100,
      "node-str": "getDefinitions"
    },
    {
      "type": "delete-node",
      "node": {
        "label": "writeDecoratorsPreference",
        "type": "Invocation"
      },
      "location-before-char-start": 20011,
      "location-before-char-end": 20102,
      "node-str": "writeDecoratorsPreference"
    },
    {
      "type": "delete-node",
      "node": {
        "label": "writeDecoratorsPreference",
        "type": "Method"
      },
      "location-before-char-start": 19752,
      "location-before-char-end": 20258,
      "node-str": "writeDecoratorsPreference"
    },
    {
      "type": "delete-node",
      "node": {
        "label": "org.eclipse.ui.internal.decorators.DecoratorManager",
        "type": "TypeAccess"
      },
      "location-before-char-start": 0,
      "location-before-char-end": 0,
      "node-str": "org.eclipse.ui.internal.decorators.DecoratorManager"
    },
    {
      "type": "delete-node",
      "node": {
        "label": "fullDefinitions",
        "type": "FieldRead"
      },
      "location-before-char-start": 21775,
      "location-before-char-end": 21789,
      "node-str": "fullDefinitions"
    },
    {
      "type": "delete-node",
      "node": {
        "label": "length",
        "type": "FieldRead"
      },
      "location-before-char-start": 21775,
      "location-before-char-end": 21796,
      "node-str": "length"
    },
    {
      "type": "delete-node",
      "node": {
        "label": "LT",
        "type": "BinaryOperator"
      },
      "location-before-char-start": 21771,
      "location-before-char-end": 21796,
      "node-str": "LT"
    },
    {
      "type": "delete-node",
      "node": {
        "label": "org.eclipse.ui.internal.decorators.DecoratorManager",
        "type": "TypeAccess"
      },
      "location-before-char-start": 0,
      "location-before-char-end": 0,
      "node-str": "org.eclipse.ui.internal.decorators.DecoratorManager"
    },
    {
      "type": "delete-node",
      "node": {
        "label": "fullDefinitions",
        "type": "FieldRead"
      },
      "location-before-char-start": 21830,
      "location-before-char-end": 21844,
      "node-str": "fullDefinitions"
    },
    {
      "type": "delete-node",
      "node": {
        "label": "",
        "type": "ArrayRead"
      },
      "location-before-char-start": 21830,
      "location-before-char-end": 21847,
      "node-str": ""
    },
    {
      "type": "delete-node",
      "node": {
        "label": "getId",
        "type": "Invocation"
      },
      "location-before-char-start": 21830,
      "location-before-char-end": 21855,
      "node-str": "getId"
    },
    {
      "type": "delete-node",
      "node": {
        "label": "id",
        "type": "LocalVariable"
      },
      "location-before-char-start": 21818,
      "location-before-char-end": 21856,
      "node-str": "id"
    },
    {
      "type": "delete-node",
      "node": {
        "label": "org.eclipse.ui.internal.decorators.DecoratorManager",
        "type": "TypeAccess"
      },
      "location-before-char-start": 0,
      "location-before-char-end": 0,
      "node-str": "org.eclipse.ui.internal.decorators.DecoratorManager"
    },
    {
      "type": "delete-node",
      "node": {
        "label": "fullDefinitions",
        "type": "FieldRead"
      },
      "location-before-char-start": 21915,
      "location-before-char-end": 21929,
      "node-str": "fullDefinitions"
    },
    {
      "type": "delete-node",
      "node": {
        "label": "",
        "type": "ArrayRead"
      },
      "location-before-char-start": 21915,
      "location-before-char-end": 21932,
      "node-str": ""
    },
    {
      "type": "delete-node",
      "node": {
        "label": "setEnabled",
        "type": "Invocation"
      },
      "location-before-char-start": 21915,
      "location-before-char-end": 21950,
      "node-str": "setEnabled"
    },
    {
      "type": "delete-node",
      "node": {
        "label": "THEN",
        "type": "then"
      },
      "location-before-char-start": 21915,
      "location-before-char-end": 21950,
      "node-str": "THEN"
    },
    {
      "type": "delete-node",
      "node": {
        "label": "org.eclipse.ui.internal.decorators.DecoratorManager",
        "type": "TypeAccess"
      },
      "location-before-char-start": 0,
      "location-before-char-end": 0,
      "node-str": "org.eclipse.ui.internal.decorators.DecoratorManager"
    },
    {
      "type": "delete-node",
      "node": {
        "label": "fullDefinitions",
        "type": "FieldRead"
      },
      "location-before-char-start": 22037,
      "location-before-char-end": 22051,
      "node-str": "fullDefinitions"
    },
    {
      "type": "delete-node",
      "node": {
        "label": "",
        "type": "ArrayRead"
      },
      "location-before-char-start": 22037,
      "location-before-char-end": 22054,
      "node-str": ""
    },
    {
      "type": "delete-node",
      "node": {
        "label": "setEnabled",
        "type": "Invocation"
      },
      "location-before-char-start": 22037,
      "location-before-char-end": 22073,
      "node-str": "setEnabled"
    },
    {
      "type": "delete-node",
      "node": {
        "label": "THEN",
        "type": "then"
      },
      "location-before-char-start": 22037,
      "location-before-char-end": 22073,
      "node-str": "THEN"
    },
    {
      "type": "delete-node",
      "node": {
        "label": "if",
        "type": "If"
      },
      "location-before-char-start": 21987,
      "location-before-char-end": 22073,
      "node-str": "if"
    },
    {
      "type": "delete-node",
      "node": {
        "label": "ELSE",
        "type": "else"
      },
      "location-before-char-start": 21969,
      "location-before-char-end": 22087,
      "node-str": "ELSE"
    },
    {
      "type": "delete-node",
      "node": {
        "label": "if",
        "type": "If"
      },
      "location-before-char-start": 21870,
      "location-before-char-end": 22087,
      "node-str": "if"
    },
    {
      "type": "delete-node",
      "node": {
        "label": "",
        "type": "For"
      },
      "location-before-char-start": 21755,
      "location-before-char-end": 22097,
      "node-str": ""
    },
    {
      "type": "delete-node",
      "node": {
        "label": "org.eclipse.ui.internal.decorators.DecoratorManager",
        "type": "TypeAccess"
      },
      "location-before-char-start": 0,
      "location-before-char-end": 0,
      "node-str": "org.eclipse.ui.internal.decorators.DecoratorManager"
    },
    {
      "type": "delete-node",
      "node": {
        "label": "lightweightManager",
        "type": "FieldRead"
      },
      "location-before-char-start": 22166,
      "location-before-char-end": 22183,
      "node-str": "lightweightManager"
    },
    {
      "type": "delete-node",
      "node": {
        "label": "getDefinitions",
        "type": "Invocation"
      },
      "location-before-char-start": 22166,
      "location-before-char-end": 22217,
      "node-str": "getDefinitions"
    },
    {
      "type": "delete-node",
      "node": {
        "label": "lightweightDefinitions",
        "type": "LocalVariable"
      },
      "location-before-char-start": 22108,
      "location-before-char-end": 22218,
      "node-str": "lightweightDefinitions"
    },
    {
      "type": "delete-node",
      "node": {
        "label": "org.eclipse.ui.internal.decorators.DecoratorManager",
        "type": "TypeAccess"
      },
      "location-before-char-start": 0,
      "location-before-char-end": 0,
      "node-str": "org.eclipse.ui.internal.decorators.DecoratorManager"
    },
    {
      "type": "delete-node",
      "node": {
        "label": "fullDefinitions",
        "type": "FieldRead"
      },
      "location-before-char-start": 22914,
      "location-before-char-end": 22928,
      "node-str": "fullDefinitions"
    },
    {
      "type": "delete-node",
      "node": {
        "label": "length",
        "type": "FieldRead"
      },
      "location-before-char-start": 22914,
      "location-before-char-end": 22935,
      "node-str": "length"
    },
    {
      "type": "delete-node",
      "node": {
        "label": "LT",
        "type": "BinaryOperator"
      },
      "location-before-char-start": 22910,
      "location-before-char-end": 22935,
      "node-str": "LT"
    },
    {
      "type": "delete-node",
      "node": {
        "label": "org.eclipse.ui.internal.decorators.DecoratorManager",
        "type": "TypeAccess"
      },
      "location-before-char-start": 0,
      "location-before-char-end": 0,
      "node-str": "org.eclipse.ui.internal.decorators.DecoratorManager"
    },
    {
      "type": "delete-node",
      "node": {
        "label": "fullDefinitions",
        "type": "FieldRead"
      },
      "location-before-char-start": 22961,
      "location-before-char-end": 22975,
      "node-str": "fullDefinitions"
    },
    {
      "type": "delete-node",
      "node": {
        "label": "",
        "type": "ArrayRead"
      },
      "location-before-char-start": 22961,
      "location-before-char-end": 22978,
      "node-str": ""
    },
    {
      "type": "delete-node",
      "node": {
        "label": "isEnabled",
        "type": "Invocation"
      },
      "location-before-char-start": 22961,
      "location-before-char-end": 22990,
      "node-str": "isEnabled"
    },
    {
      "type": "delete-node",
      "node": {
        "label": "org.eclipse.ui.internal.decorators.DecoratorManager",
        "type": "TypeAccess"
      },
      "location-before-char-start": 0,
      "location-before-char-end": 0,
      "node-str": "org.eclipse.ui.internal.decorators.DecoratorManager"
    },
    {
      "type": "delete-node",
      "node": {
        "label": "fullDefinitions",
        "type": "FieldRead"
      },
      "location-before-char-start": 23009,
      "location-before-char-end": 23023,
      "node-str": "fullDefinitions"
    },
    {
      "type": "delete-node",
      "node": {
        "label": "",
        "type": "ArrayRead"
      },
      "location-before-char-start": 23009,
      "location-before-char-end": 23026,
      "node-str": ""
    },
    {
      "type": "delete-node",
      "node": {
        "label": "setEnabled",
        "type": "Invocation"
      },
      "location-before-char-start": 23009,
      "location-before-char-end": 23045,
      "node-str": "setEnabled"
    },
    {
      "type": "delete-node",
      "node": {
        "label": "THEN",
        "type": "then"
      },
      "location-before-char-start": 23009,
      "location-before-char-end": 23045,
      "node-str": "THEN"
    },
    {
      "type": "delete-node",
      "node": {
        "label": "if",
        "type": "If"
      },
      "location-before-char-start": 22957,
      "location-before-char-end": 23045,
      "node-str": "if"
    },
    {
      "type": "delete-node",
      "node": {
        "label": "",
        "type": "For"
      },
      "location-before-char-start": 22894,
      "location-before-char-end": 23055,
      "node-str": ""
    },
    {
      "type": "delete-node",
      "node": {
        "label": "shutdown",
        "type": "Invocation"
      },
      "location-before-char-start": 23065,
      "location-before-char-end": 23094,
      "node-str": "shutdown"
    },
    {
      "type": "delete-node",
      "node": {
        "label": "shutdown",
        "type": "Method"
      },
      "location-before-char-start": 22612,
      "location-before-char-end": 23130,
      "node-str": "shutdown"
    },
    {
      "type": "delete-node",
      "node": {
        "label": "lightweightManager",
        "type": "FieldRead"
      },
      "location-before-char-start": 24996,
      "location-before-char-end": 25013,
      "node-str": "lightweightManager"
    },
    {
      "type": "delete-node",
      "node": {
        "label": "org.eclipse.ui.internal.decorators.DecoratorManager",
        "type": "TypeAccess"
      },
      "location-before-char-start": 0,
      "location-before-char-end": 0,
      "node-str": "org.eclipse.ui.internal.decorators.DecoratorManager"
    },
    {
      "type": "delete-node",
      "node": {
        "label": "fullDefinitions",
        "type": "FieldRead"
      },
      "location-before-char-start": 26059,
      "location-before-char-end": 26073,
      "node-str": "fullDefinitions"
    },
    {
      "type": "delete-node",
      "node": {
        "label": "length",
        "type": "FieldRead"
      },
      "location-before-char-start": 26059,
      "location-before-char-end": 26080,
      "node-str": "length"
    },
    {
      "type": "delete-node",
      "node": {
        "label": "LT",
        "type": "BinaryOperator"
      },
      "location-before-char-start": 26055,
      "location-before-char-end": 26080,
      "node-str": "LT"
    },
    {
      "type": "delete-node",
      "node": {
        "label": "org.eclipse.ui.internal.decorators.DecoratorManager",
        "type": "TypeAccess"
      },
      "location-before-char-start": 0,
      "location-before-char-end": 0,
      "node-str": "org.eclipse.ui.internal.decorators.DecoratorManager"
    },
    {
      "type": "delete-node",
      "node": {
        "label": "fullDefinitions",
        "type": "FieldRead"
      },
      "location-before-char-start": 26106,
      "location-before-char-end": 26120,
      "node-str": "fullDefinitions"
    },
    {
      "type": "delete-node",
      "node": {
        "label": "",
        "type": "ArrayRead"
      },
      "location-before-char-start": 26106,
      "location-before-char-end": 26123,
      "node-str": ""
    },
    {
      "type": "delete-node",
      "node": {
        "label": "getId",
        "type": "Invocation"
      },
      "location-before-char-start": 26106,
      "location-before-char-end": 26131,
      "node-str": "getId"
    },
    {
      "type": "delete-node",
      "node": {
        "label": "equals",
        "type": "Invocation"
      },
      "location-before-char-start": 26106,
      "location-before-char-end": 26151,
      "node-str": "equals"
    },
    {
      "type": "delete-node",
      "node": {
        "label": "org.eclipse.ui.internal.decorators.DecoratorManager",
        "type": "TypeAccess"
      },
      "location-before-char-start": 0,
      "location-before-char-end": 0,
      "node-str": "org.eclipse.ui.internal.decorators.DecoratorManager"
    },
    {
      "type": "delete-node",
      "node": {
        "label": "fullDefinitions",
        "type": "FieldRead"
      },
      "location-before-char-start": 26177,
      "location-before-char-end": 26191,
      "node-str": "fullDefinitions"
    },
    {
      "type": "delete-node",
      "node": {
        "label": "",
        "type": "ArrayRead"
      },
      "location-before-char-start": 26177,
      "location-before-char-end": 26194,
      "node-str": ""
    },
    {
      "type": "delete-node",
      "node": {
        "label": "return",
        "type": "Return"
      },
      "location-before-char-start": 26170,
      "location-before-char-end": 26195,
      "node-str": "return"
    },
    {
      "type": "delete-node",
      "node": {
        "label": "THEN",
        "type": "then"
      },
      "location-before-char-start": 26170,
      "location-before-char-end": 26195,
      "node-str": "THEN"
    },
    {
      "type": "delete-node",
      "node": {
        "label": "if",
        "type": "If"
      },
      "location-before-char-start": 26102,
      "location-before-char-end": 26195,
      "node-str": "if"
    },
    {
      "type": "delete-node",
      "node": {
        "label": "",
        "type": "For"
      },
      "location-before-char-start": 26039,
      "location-before-char-end": 26205,
      "node-str": ""
    },
    {
      "type": "delete-node",
      "node": {
        "label": "getFullDecoratorDefinition",
        "type": "Method"
      },
      "location-before-char-start": 25749,
      "location-before-char-end": 26232,
      "node-str": "getFullDecoratorDefinition"
    },
    {
      "type": "delete-node",
      "node": {
        "label": "getLightweightManager",
        "type": "Method"
      },
      "location-before-char-start": 27267,
      "location-before-char-end": 27458,
      "node-str": "getLightweightManager"
    }
  ],
  "before-file": {},
  "after-file": {},
  "mapping": {}
}