{
  "tool-info": {},
  "diff": [
    {
      "type": "insert-node",
      "node": {
        "label": "TagBeginGenerator",
        "type": "Class"
      },
      "location-after-char-start": 3304,
      "location-after-char-end": 11256,
      "node-str": "TagBeginGenerator"
    },
    {
      "type": "insert-node",
      "node": {
        "label": "public",
        "type": "Modifier"
      },
      "location-after-char-start": 0,
      "location-after-char-end": 0,
      "node-str": "public"
    },
    {
      "type": "insert-node",
      "node": {
        "label": "",
        "type": "TypeReference"
      },
      "location-after-char-start": 3411,
      "location-after-char-end": 3426,
      "node-str": ""
    },
    {
      "type": "insert-node",
      "node": {
        "label": "prefix",
        "type": "Field"
      },
      "location-after-char-start": 3469,
      "location-after-char-end": 3482,
      "node-str": "prefix"
    },
    {
      "type": "insert-node",
      "node": {
        "label": "shortTagName",
        "type": "Field"
      },
      "location-after-char-start": 3488,
      "location-after-char-end": 3507,
      "node-str": "shortTagName"
    },
    {
      "type": "insert-node",
      "node": {
        "label": "attrs",
        "type": "Field"
      },
      "location-after-char-start": 3513,
      "location-after-char-end": 3528,
      "node-str": "attrs"
    },
    {
      "type": "insert-node",
      "node": {
        "label": "tli",
        "type": "Field"
      },
      "location-after-char-start": 3534,
      "location-after-char-end": 3556,
      "node-str": "tli"
    },
    {
      "type": "insert-node",
      "node": {
        "label": "ti",
        "type": "Field"
      },
      "location-after-char-start": 3562,
      "location-after-char-end": 3572,
      "node-str": "ti"
    },
    {
      "type": "insert-node",
      "node": {
        "label": "attributes",
        "type": "Field"
      },
      "location-after-char-start": 3578,
      "location-after-char-end": 3607,
      "node-str": "attributes"
    },
    {
      "type": "insert-node",
      "node": {
        "label": "baseVarName",
        "type": "Field"
      },
      "location-after-char-start": 3613,
      "location-after-char-end": 3632,
      "node-str": "baseVarName"
    },
    {
      "type": "insert-node",
      "node": {
        "label": "thVarName",
        "type": "Field"
      },
      "location-after-char-start": 3613,
      "location-after-char-end": 3642,
      "node-str": "thVarName"
    },
    {
      "type": "insert-node",
      "node": {
        "label": "tc",
        "type": "Field"
      },
      "location-after-char-start": 3648,
      "location-after-char-end": 3659,
      "node-str": "tc"
    },
    {
      "type": "insert-node",
      "node": {
        "label": "tagData",
        "type": "Field"
      },
      "location-after-char-start": 3665,
      "location-after-char-end": 3680,
      "node-str": "tagData"
    },
    {
      "type": "move-subtree",
      "node": {
        "label": "\u003cinit\u003e",
        "type": "Constructor"
      },
      "location-before-char-start": 3692,
      "location-before-char-end": 4127,
      "location-after-char-start": 3692,
      "location-after-char-end": 4127,
      "node-str": "\u003cinit\u003e"
    },
    {
      "type": "move-subtree",
      "node": {
        "label": "init",
        "type": "Method"
      },
      "location-before-char-start": 4134,
      "location-before-char-end": 5060,
      "location-after-char-start": 4134,
      "location-after-char-end": 5060,
      "node-str": "init"
    },
    {
      "type": "move-subtree",
      "node": {
        "label": "validate",
        "type": "Method"
      },
      "location-before-char-start": 5071,
      "location-before-char-end": 6736,
      "location-after-char-start": 5071,
      "location-after-char-end": 6736,
      "node-str": "validate"
    },
    {
      "type": "move-subtree",
      "node": {
        "label": "generateSetters",
        "type": "Method"
      },
      "location-before-char-start": 6743,
      "location-before-char-end": 8119,
      "location-after-char-start": 6743,
      "location-after-char-end": 8119,
      "node-str": "generateSetters"
    },
    {
      "type": "insert-node",
      "node": {
        "label": "generateServiceMethodStatements",
        "type": "Method"
      },
      "location-after-char-start": 8130,
      "location-after-char-end": 11095,
      "node-str": "generateServiceMethodStatements"
    },
    {
      "type": "insert-node",
      "node": {
        "label": "generate",
        "type": "Method"
      },
      "location-after-char-start": 11102,
      "location-after-char-end": 11250,
      "node-str": "generate"
    },
    {
      "type": "insert-node",
      "node": {
        "label": "org.apache.jasper.compiler.TagGeneratorBase",
        "type": "SUPER_TYPE"
      },
      "location-after-char-start": 0,
      "location-after-char-end": 0,
      "node-str": "org.apache.jasper.compiler.TagGeneratorBase"
    },
    {
      "type": "insert-node",
      "node": {
        "label": "java.lang.String",
        "type": "VARIABLE_TYPE"
      },
      "location-after-char-start": 0,
      "location-after-char-end": 0,
      "node-str": "java.lang.String"
    },
    {
      "type": "insert-node",
      "node": {
        "label": "java.lang.String",
        "type": "VARIABLE_TYPE"
      },
      "location-after-char-start": 0,
      "location-after-char-end": 0,
      "node-str": "java.lang.String"
    },
    {
      "type": "insert-node",
      "node": {
        "label": "java.util.Hashtable",
        "type": "VARIABLE_TYPE"
      },
      "location-after-char-start": 0,
      "location-after-char-end": 0,
      "node-str": "java.util.Hashtable"
    },
    {
      "type": "insert-node",
      "node": {
        "label": "org.apache.jasper.compiler.TagLibraryInfoImpl",
        "type": "VARIABLE_TYPE"
      },
      "location-after-char-start": 0,
      "location-after-char-end": 0,
      "node-str": "org.apache.jasper.compiler.TagLibraryInfoImpl"
    },
    {
      "type": "insert-node",
      "node": {
        "label": "javax.servlet.jsp.tagext.TagInfo",
        "type": "VARIABLE_TYPE"
      },
      "location-after-char-start": 0,
      "location-after-char-end": 0,
      "node-str": "javax.servlet.jsp.tagext.TagInfo"
    },
    {
      "type": "insert-node",
      "node": {
        "label": "javax.servlet.jsp.tagext.TagAttributeInfo[]",
        "type": "VARIABLE_TYPE"
      },
      "location-after-char-start": 0,
      "location-after-char-end": 0,
      "node-str": "javax.servlet.jsp.tagext.TagAttributeInfo[]"
    },
    {
      "type": "insert-node",
      "node": {
        "label": "java.lang.String",
        "type": "VARIABLE_TYPE"
      },
      "location-after-char-start": 0,
      "location-after-char-end": 0,
      "node-str": "java.lang.String"
    },
    {
      "type": "insert-node",
      "node": {
        "label": "java.lang.String",
        "type": "VARIABLE_TYPE"
      },
      "location-after-char-start": 0,
      "location-after-char-end": 0,
      "node-str": "java.lang.String"
    },
    {
      "type": "insert-node",
      "node": {
        "label": "org.apache.jasper.compiler.TagCache",
        "type": "VARIABLE_TYPE"
      },
      "location-after-char-start": 0,
      "location-after-char-end": 0,
      "node-str": "org.apache.jasper.compiler.TagCache"
    },
    {
      "type": "insert-node",
      "node": {
        "label": "javax.servlet.jsp.tagext.TagData",
        "type": "VARIABLE_TYPE"
      },
      "location-after-char-start": 0,
      "location-after-char-end": 0,
      "node-str": "javax.servlet.jsp.tagext.TagData"
    },
    {
      "type": "insert-node",
      "node": {
        "label": "void",
        "type": "RETURN_TYPE"
      },
      "location-after-char-start": 0,
      "location-after-char-end": 0,
      "node-str": "void"
    },
    {
      "type": "insert-node",
      "node": {
        "label": "org.apache.jasper.JasperException",
        "type": "THROWS"
      },
      "location-after-char-start": 0,
      "location-after-char-end": 0,
      "node-str": "org.apache.jasper.JasperException"
    },
    {
      "type": "insert-node",
      "node": {
        "label": "public",
        "type": "Modifier"
      },
      "location-after-char-start": 0,
      "location-after-char-end": 0,
      "node-str": "public"
    },
    {
      "type": "insert-node",
      "node": {
        "label": "writer",
        "type": "Parameter"
      },
      "location-after-char-start": 8174,
      "location-after-char-end": 8193,
      "node-str": "writer"
    },
    {
      "type": "insert-node",
      "node": {
        "label": "top",
        "type": "LocalVariable"
      },
      "location-after-char-start": 8243,
      "location-after-char-end": 8273,
      "node-str": "top"
    },
    {
      "type": "insert-node",
      "node": {
        "label": "parent",
        "type": "LocalVariable"
      },
      "location-after-char-start": 8283,
      "location-after-char-end": 8346,
      "node-str": "parent"
    },
    {
      "type": "insert-node",
      "node": {
        "label": "evalVar",
        "type": "LocalVariable"
      },
      "location-after-char-start": 8357,
      "location-after-char-end": 8399,
      "node-str": "evalVar"
    },
    {
      "type": "insert-node",
      "node": {
        "label": "tagBegin",
        "type": "Invocation"
      },
      "location-after-char-start": 8402,
      "location-after-char-end": 8451,
      "node-str": "tagBegin"
    },
    {
      "type": "move-subtree",
      "node": {
        "label": "println",
        "type": "Invocation"
      },
      "location-before-char-start": 8462,
      "location-before-char-end": 8524,
      "location-after-char-start": 8462,
      "location-after-char-end": 8524,
      "node-str": "println"
    },
    {
      "type": "move-subtree",
      "node": {
        "label": "println",
        "type": "Invocation"
      },
      "location-before-char-start": 8535,
      "location-before-char-end": 8622,
      "location-after-char-start": 8535,
      "location-after-char-end": 8622,
      "node-str": "println"
    },
    {
      "type": "insert-node",
      "node": {
        "label": "generateSetters",
        "type": "Invocation"
      },
      "location-after-char-start": 8633,
      "location-after-char-end": 8664,
      "node-str": "generateSetters"
    },
    {
      "type": "insert-node",
      "node": {
        "label": "vi",
        "type": "LocalVariable"
      },
      "location-after-char-start": 8683,
      "location-after-char-end": 8730,
      "node-str": "vi"
    },
    {
      "type": "insert-node",
      "node": {
        "label": "declareVariables",
        "type": "Invocation"
      },
      "location-after-char-start": 8783,
      "location-after-char-end": 8847,
      "node-str": "declareVariables"
    },
    {
      "type": "insert-node",
      "node": {
        "label": "println",
        "type": "Invocation"
      },
      "location-after-char-start": 8851,
      "location-after-char-end": 8874,
      "node-str": "println"
    },
    {
      "type": "insert-node",
      "node": {
        "label": "pushIndent",
        "type": "Invocation"
      },
      "location-after-char-start": 8877,
      "location-after-char-end": 8896,
      "node-str": "pushIndent"
    },
    {
      "type": "move-subtree",
      "node": {
        "label": "println",
        "type": "Invocation"
      },
      "location-before-char-start": 8909,
      "location-before-char-end": 8996,
      "location-after-char-start": 8909,
      "location-after-char-end": 8996,
      "node-str": "println"
    },
    {
      "type": "move-subtree",
      "node": {
        "label": "implementsBodyTag",
        "type": "LocalVariable"
      },
      "location-before-char-start": 9015,
      "location-before-char-end": 9098,
      "location-after-char-start": 9015,
      "location-after-char-end": 9098,
      "node-str": "implementsBodyTag"
    },
    {
      "type": "insert-node",
      "node": {
        "label": "declareVariables",
        "type": "Invocation"
      },
      "location-after-char-start": 9167,
      "location-after-char-end": 9231,
      "node-str": "declareVariables"
    },
    {
      "type": "move-subtree",
      "node": {
        "label": "if",
        "type": "If"
      },
      "location-before-char-start": 9541,
      "location-before-char-end": 10265,
      "location-after-char-start": 9541,
      "location-after-char-end": 10265,
      "node-str": "if"
    },
    {
      "type": "insert-node",
      "node": {
        "label": "println",
        "type": "Invocation"
      },
      "location-after-char-start": 10276,
      "location-after-char-end": 10329,
      "node-str": "println"
    },
    {
      "type": "insert-node",
      "node": {
        "label": "pushIndent",
        "type": "Invocation"
      },
      "location-after-char-start": 10332,
      "location-after-char-end": 10351,
      "node-str": "pushIndent"
    },
    {
      "type": "insert-node",
      "node": {
        "label": "if",
        "type": "If"
      },
      "location-after-char-start": 10355,
      "location-after-char-end": 10778,
      "node-str": "if"
    },
    {
      "type": "insert-node",
      "node": {
        "label": "println",
        "type": "Invocation"
      },
      "location-after-char-start": 10790,
      "location-after-char-end": 10812,
      "node-str": "println"
    },
    {
      "type": "insert-node",
      "node": {
        "label": "pushIndent",
        "type": "Invocation"
      },
      "location-after-char-start": 10815,
      "location-after-char-end": 10834,
      "node-str": "pushIndent"
    },
    {
      "type": "insert-node",
      "node": {
        "label": "declareVariables",
        "type": "Invocation"
      },
      "location-after-char-start": 10904,
      "location-after-char-end": 10965,
      "node-str": "declareVariables"
    },
    {
      "type": "insert-node",
      "node": {
        "label": "declareVariables",
        "type": "Invocation"
      },
      "location-after-char-start": 11025,
      "location-after-char-end": 11089,
      "node-str": "declareVariables"
    },
    {
      "type": "insert-node",
      "node": {
        "label": "void",
        "type": "RETURN_TYPE"
      },
      "location-after-char-start": 0,
      "location-after-char-end": 0,
      "node-str": "void"
    },
    {
      "type": "insert-node",
      "node": {
        "label": "org.apache.jasper.JasperException",
        "type": "THROWS"
      },
      "location-after-char-start": 0,
      "location-after-char-end": 0,
      "node-str": "org.apache.jasper.JasperException"
    },
    {
      "type": "insert-node",
      "node": {
        "label": "public",
        "type": "Modifier"
      },
      "location-after-char-start": 0,
      "location-after-char-end": 0,
      "node-str": "public"
    },
    {
      "type": "insert-node",
      "node": {
        "label": "writer",
        "type": "Parameter"
      },
      "location-after-char-start": 11123,
      "location-after-char-end": 11142,
      "node-str": "writer"
    },
    {
      "type": "insert-node",
      "node": {
        "label": "phase",
        "type": "Parameter"
      },
      "location-after-char-start": 11145,
      "location-after-char-end": 11155,
      "node-str": "phase"
    },
    {
      "type": "insert-node",
      "node": {
        "label": "generateServiceMethodStatements",
        "type": "Invocation"
      },
      "location-after-char-start": 11205,
      "location-after-char-end": 11244,
      "node-str": "generateServiceMethodStatements"
    },
    {
      "type": "insert-node",
      "node": {
        "label": "org.apache.jasper.compiler.ServletWriter",
        "type": "VARIABLE_TYPE"
      },
      "location-after-char-start": 0,
      "location-after-char-end": 0,
      "node-str": "org.apache.jasper.compiler.ServletWriter"
    },
    {
      "type": "insert-node",
      "node": {
        "label": "org.apache.jasper.compiler.TagVariableData",
        "type": "VARIABLE_TYPE"
      },
      "location-after-char-start": 0,
      "location-after-char-end": 0,
      "node-str": "org.apache.jasper.compiler.TagVariableData"
    },
    {
      "type": "insert-node",
      "node": {
        "label": "topTag",
        "type": "Invocation"
      },
      "location-after-char-start": 8265,
      "location-after-char-end": 8272,
      "node-str": "topTag"
    },
    {
      "type": "insert-node",
      "node": {
        "label": "java.lang.String",
        "type": "VARIABLE_TYPE"
      },
      "location-after-char-start": 0,
      "location-after-char-end": 0,
      "node-str": "java.lang.String"
    },
    {
      "type": "insert-node",
      "node": {
        "label": "",
        "type": "Conditional"
      },
      "location-after-char-start": 8299,
      "location-after-char-end": 8345,
      "node-str": ""
    },
    {
      "type": "insert-node",
      "node": {
        "label": "java.lang.String",
        "type": "VARIABLE_TYPE"
      },
      "location-after-char-start": 0,
      "location-after-char-end": 0,
      "node-str": "java.lang.String"
    },
    {
      "type": "insert-node",
      "node": {
        "label": "PLUS",
        "type": "BinaryOperator"
      },
      "location-after-char-start": 8374,
      "location-after-char-end": 8398,
      "node-str": "PLUS"
    },
    {
      "type": "insert-node",
      "node": {
        "label": "org.apache.jasper.compiler.TagBeginGenerator",
        "type": "TypeAccess"
      },
      "location-after-char-start": 0,
      "location-after-char-end": 0,
      "node-str": "org.apache.jasper.compiler.TagBeginGenerator"
    },
    {
      "type": "insert-node",
      "node": {
        "label": "org.apache.jasper.compiler.TagVariableData(java.lang.String,java.lang.String)",
        "type": "ConstructorCall"
      },
      "location-after-char-start": 8411,
      "location-after-char-end": 8449,
      "node-str": "org.apache.jasper.compiler.TagVariableData(java.lang.String,java.lang.String)"
    },
    {
      "type": "insert-node",
      "node": {
        "label": "org.apache.jasper.compiler.TagBeginGenerator",
        "type": "TypeAccess"
      },
      "location-after-char-start": 0,
      "location-after-char-end": 0,
      "node-str": "org.apache.jasper.compiler.TagBeginGenerator"
    },
    {
      "type": "insert-node",
      "node": {
        "label": "writer",
        "type": "VariableRead"
      },
      "location-after-char-start": 8649,
      "location-after-char-end": 8654,
      "node-str": "writer"
    },
    {
      "type": "insert-node",
      "node": {
        "label": "parent",
        "type": "VariableRead"
      },
      "location-after-char-start": 8657,
      "location-after-char-end": 8662,
      "node-str": "parent"
    },
    {
      "type": "insert-node",
      "node": {
        "label": "javax.servlet.jsp.tagext.VariableInfo[]",
        "type": "VARIABLE_TYPE"
      },
      "location-after-char-start": 0,
      "location-after-char-end": 0,
      "node-str": "javax.servlet.jsp.tagext.VariableInfo[]"
    },
    {
      "type": "insert-node",
      "node": {
        "label": "getVariableInfo",
        "type": "Invocation"
      },
      "location-after-char-start": 8703,
      "location-after-char-end": 8729,
      "node-str": "getVariableInfo"
    },
    {
      "type": "insert-node",
      "node": {
        "label": "org.apache.jasper.compiler.TagBeginGenerator",
        "type": "TypeAccess"
      },
      "location-after-char-start": 0,
      "location-after-char-end": 0,
      "node-str": "org.apache.jasper.compiler.TagBeginGenerator"
    },
    {
      "type": "insert-node",
      "node": {
        "label": "writer",
        "type": "VariableRead"
      },
      "location-after-char-start": 8800,
      "location-after-char-end": 8805,
      "node-str": "writer"
    },
    {
      "type": "insert-node",
      "node": {
        "label": "vi",
        "type": "VariableRead"
      },
      "location-after-char-start": 8808,
      "location-after-char-end": 8809,
      "node-str": "vi"
    },
    {
      "type": "insert-node",
      "node": {
        "label": "true",
        "type": "Literal"
      },
      "location-after-char-start": 8812,
      "location-after-char-end": 8815,
      "node-str": "true"
    },
    {
      "type": "insert-node",
      "node": {
        "label": "false",
        "type": "Literal"
      },
      "location-after-char-start": 8818,
      "location-after-char-end": 8822,
      "node-str": "false"
    },
    {
      "type": "insert-node",
      "node": {
        "label": "VariableInfo.AT_BEGIN",
        "type": "TypeAccess"
      },
      "location-after-char-start": 8825,
      "location-after-char-end": 8845,
      "node-str": "VariableInfo.AT_BEGIN"
    },
    {
      "type": "insert-node",
      "node": {
        "label": "writer",
        "type": "VariableRead"
      },
      "location-after-char-start": 8851,
      "location-after-char-end": 8856,
      "node-str": "writer"
    },
    {
      "type": "insert-node",
      "node": {
        "label": "\"try {\"",
        "type": "Literal"
      },
      "location-after-char-start": 8866,
      "location-after-char-end": 8872,
      "node-str": "\"try {\""
    },
    {
      "type": "insert-node",
      "node": {
        "label": "writer",
        "type": "VariableRead"
      },
      "location-after-char-start": 8877,
      "location-after-char-end": 8882,
      "node-str": "writer"
    },
    {
      "type": "insert-node",
      "node": {
        "label": "org.apache.jasper.compiler.TagBeginGenerator",
        "type": "TypeAccess"
      },
      "location-after-char-start": 0,
      "location-after-char-end": 0,
      "node-str": "org.apache.jasper.compiler.TagBeginGenerator"
    },
    {
      "type": "insert-node",
      "node": {
        "label": "writer",
        "type": "VariableRead"
      },
      "location-after-char-start": 9184,
      "location-after-char-end": 9189,
      "node-str": "writer"
    },
    {
      "type": "insert-node",
      "node": {
        "label": "vi",
        "type": "VariableRead"
      },
      "location-after-char-start": 9192,
      "location-after-char-end": 9193,
      "node-str": "vi"
    },
    {
      "type": "insert-node",
      "node": {
        "label": "false",
        "type": "Literal"
      },
      "location-after-char-start": 9196,
      "location-after-char-end": 9200,
      "node-str": "false"
    },
    {
      "type": "insert-node",
      "node": {
        "label": "true",
        "type": "Literal"
      },
      "location-after-char-start": 9203,
      "location-after-char-end": 9206,
      "node-str": "true"
    },
    {
      "type": "insert-node",
      "node": {
        "label": "VariableInfo.AT_BEGIN",
        "type": "TypeAccess"
      },
      "location-after-char-start": 9209,
      "location-after-char-end": 9229,
      "node-str": "VariableInfo.AT_BEGIN"
    },
    {
      "type": "insert-node",
      "node": {
        "label": "writer",
        "type": "VariableRead"
      },
      "location-after-char-start": 10276,
      "location-after-char-end": 10281,
      "node-str": "writer"
    },
    {
      "type": "insert-node",
      "node": {
        "label": "PLUS",
        "type": "BinaryOperator"
      },
      "location-after-char-start": 10291,
      "location-after-char-end": 10327,
      "node-str": "PLUS"
    },
    {
      "type": "insert-node",
      "node": {
        "label": "writer",
        "type": "VariableRead"
      },
      "location-after-char-start": 10332,
      "location-after-char-end": 10337,
      "node-str": "writer"
    },
    {
      "type": "insert-node",
      "node": {
        "label": "implementsBodyTag",
        "type": "VariableRead"
      },
      "location-after-char-start": 10359,
      "location-after-char-end": 10375,
      "node-str": "implementsBodyTag"
    },
    {
      "type": "insert-node",
      "node": {
        "label": "THEN",
        "type": "then"
      },
      "location-after-char-start": 10378,
      "location-after-char-end": 10778,
      "node-str": "THEN"
    },
    {
      "type": "insert-node",
      "node": {
        "label": "writer",
        "type": "VariableRead"
      },
      "location-after-char-start": 10790,
      "location-after-char-end": 10795,
      "node-str": "writer"
    },
    {
      "type": "insert-node",
      "node": {
        "label": "\"do {\"",
        "type": "Literal"
      },
      "location-after-char-start": 10805,
      "location-after-char-end": 10810,
      "node-str": "\"do {\""
    },
    {
      "type": "insert-node",
      "node": {
        "label": "writer",
        "type": "VariableRead"
      },
      "location-after-char-start": 10815,
      "location-after-char-end": 10820,
      "node-str": "writer"
    },
    {
      "type": "insert-node",
      "node": {
        "label": "org.apache.jasper.compiler.TagBeginGenerator",
        "type": "TypeAccess"
      },
      "location-after-char-start": 0,
      "location-after-char-end": 0,
      "node-str": "org.apache.jasper.compiler.TagBeginGenerator"
    },
    {
      "type": "insert-node",
      "node": {
        "label": "writer",
        "type": "VariableRead"
      },
      "location-after-char-start": 10921,
      "location-after-char-end": 10926,
      "node-str": "writer"
    },
    {
      "type": "insert-node",
      "node": {
        "label": "vi",
        "type": "VariableRead"
      },
      "location-after-char-start": 10929,
      "location-after-char-end": 10930,
      "node-str": "vi"
    },
    {
      "type": "insert-node",
      "node": {
        "label": "true",
        "type": "Literal"
      },
      "location-after-char-start": 10933,
      "location-after-char-end": 10936,
      "node-str": "true"
    },
    {
      "type": "insert-node",
      "node": {
        "label": "true",
        "type": "Literal"
      },
      "location-after-char-start": 10939,
      "location-after-char-end": 10942,
      "node-str": "true"
    },
    {
      "type": "insert-node",
      "node": {
        "label": "VariableInfo.NESTED",
        "type": "TypeAccess"
      },
      "location-after-char-start": 10945,
      "location-after-char-end": 10963,
      "node-str": "VariableInfo.NESTED"
    },
    {
      "type": "insert-node",
      "node": {
        "label": "org.apache.jasper.compiler.TagBeginGenerator",
        "type": "TypeAccess"
      },
      "location-after-char-start": 0,
      "location-after-char-end": 0,
      "node-str": "org.apache.jasper.compiler.TagBeginGenerator"
    },
    {
      "type": "insert-node",
      "node": {
        "label": "writer",
        "type": "VariableRead"
      },
      "location-after-char-start": 11042,
      "location-after-char-end": 11047,
      "node-str": "writer"
    },
    {
      "type": "insert-node",
      "node": {
        "label": "vi",
        "type": "VariableRead"
      },
      "location-after-char-start": 11050,
      "location-after-char-end": 11051,
      "node-str": "vi"
    },
    {
      "type": "insert-node",
      "node": {
        "label": "false",
        "type": "Literal"
      },
      "location-after-char-start": 11054,
      "location-after-char-end": 11058,
      "node-str": "false"
    },
    {
      "type": "insert-node",
      "node": {
        "label": "true",
        "type": "Literal"
      },
      "location-after-char-start": 11061,
      "location-after-char-end": 11064,
      "node-str": "true"
    },
    {
      "type": "insert-node",
      "node": {
        "label": "VariableInfo.AT_BEGIN",
        "type": "TypeAccess"
      },
      "location-after-char-start": 11067,
      "location-after-char-end": 11087,
      "node-str": "VariableInfo.AT_BEGIN"
    },
    {
      "type": "insert-node",
      "node": {
        "label": "org.apache.jasper.compiler.ServletWriter",
        "type": "VARIABLE_TYPE"
      },
      "location-after-char-start": 0,
      "location-after-char-end": 0,
      "node-str": "org.apache.jasper.compiler.ServletWriter"
    },
    {
      "type": "insert-node",
      "node": {
        "label": "java.lang.Class",
        "type": "VARIABLE_TYPE"
      },
      "location-after-char-start": 0,
      "location-after-char-end": 0,
      "node-str": "java.lang.Class"
    },
    {
      "type": "insert-node",
      "node": {
        "label": "org.apache.jasper.compiler.TagBeginGenerator",
        "type": "TypeAccess"
      },
      "location-after-char-start": 0,
      "location-after-char-end": 0,
      "node-str": "org.apache.jasper.compiler.TagBeginGenerator"
    },
    {
      "type": "insert-node",
      "node": {
        "label": "writer",
        "type": "VariableRead"
      },
      "location-after-char-start": 11237,
      "location-after-char-end": 11242,
      "node-str": "writer"
    },
    {
      "type": "insert-node",
      "node": {
        "label": "org.apache.jasper.compiler.TagBeginGenerator",
        "type": "TypeAccess"
      },
      "location-after-char-start": 0,
      "location-after-char-end": 0,
      "node-str": "org.apache.jasper.compiler.TagBeginGenerator"
    },
    {
      "type": "insert-node",
      "node": {
        "label": "EQ",
        "type": "BinaryOperator"
      },
      "location-after-char-start": 8299,
      "location-after-char-end": 8309,
      "node-str": "EQ"
    },
    {
      "type": "insert-node",
      "node": {
        "label": "null",
        "type": "Literal"
      },
      "location-after-char-start": 8313,
      "location-after-char-end": 8316,
      "node-str": "null"
    },
    {
      "type": "insert-node",
      "node": {
        "label": "tagHandlerInstanceName",
        "type": "FieldRead"
      },
      "location-after-char-start": 8320,
      "location-after-char-end": 8345,
      "node-str": "tagHandlerInstanceName"
    },
    {
      "type": "insert-node",
      "node": {
        "label": "\"_jspx_eval_\"",
        "type": "Literal"
      },
      "location-after-char-start": 8374,
      "location-after-char-end": 8386,
      "node-str": "\"_jspx_eval_\""
    },
    {
      "type": "insert-node",
      "node": {
        "label": "baseVarName",
        "type": "FieldRead"
      },
      "location-after-char-start": 8388,
      "location-after-char-end": 8398,
      "node-str": "baseVarName"
    },
    {
      "type": "insert-node",
      "node": {
        "label": "thVarName",
        "type": "FieldRead"
      },
      "location-after-char-start": 8431,
      "location-after-char-end": 8439,
      "node-str": "thVarName"
    },
    {
      "type": "insert-node",
      "node": {
        "label": "evalVar",
        "type": "VariableRead"
      },
      "location-after-char-start": 8442,
      "location-after-char-end": 8448,
      "node-str": "evalVar"
    },
    {
      "type": "insert-node",
      "node": {
        "label": "ti",
        "type": "FieldRead"
      },
      "location-after-char-start": 8703,
      "location-after-char-end": 8704,
      "node-str": "ti"
    },
    {
      "type": "insert-node",
      "node": {
        "label": "tagData",
        "type": "FieldRead"
      },
      "location-after-char-start": 8722,
      "location-after-char-end": 8728,
      "node-str": "tagData"
    },
    {
      "type": "insert-node",
      "node": {
        "label": "PLUS",
        "type": "BinaryOperator"
      },
      "location-after-char-start": 10291,
      "location-after-char-end": 10304,
      "node-str": "PLUS"
    },
    {
      "type": "insert-node",
      "node": {
        "label": "\" !\u003d Tag.SKIP_BODY) {\"",
        "type": "Literal"
      },
      "location-after-char-start": 10306,
      "location-after-char-end": 10327,
      "node-str": "\" !\u003d Tag.SKIP_BODY) {\""
    },
    {
      "type": "insert-node",
      "node": {
        "label": "println",
        "type": "Invocation"
      },
      "location-after-char-start": 10392,
      "location-after-char-end": 10415,
      "node-str": "println"
    },
    {
      "type": "insert-node",
      "node": {
        "label": "pushIndent",
        "type": "Invocation"
      },
      "location-after-char-start": 10429,
      "location-after-char-end": 10448,
      "node-str": "pushIndent"
    },
    {
      "type": "insert-node",
      "node": {
        "label": "println",
        "type": "Invocation"
      },
      "location-after-char-start": 10456,
      "location-after-char-end": 10517,
      "node-str": "println"
    },
    {
      "type": "insert-node",
      "node": {
        "label": "pushIndent",
        "type": "Invocation"
      },
      "location-after-char-start": 10524,
      "location-after-char-end": 10543,
      "node-str": "pushIndent"
    },
    {
      "type": "insert-node",
      "node": {
        "label": "println",
        "type": "Invocation"
      },
      "location-after-char-start": 10551,
      "location-after-char-end": 10598,
      "node-str": "println"
    },
    {
      "type": "insert-node",
      "node": {
        "label": "println",
        "type": "Invocation"
      },
      "location-after-char-start": 10605,
      "location-after-char-end": 10668,
      "node-str": "println"
    },
    {
      "type": "insert-node",
      "node": {
        "label": "popIndent",
        "type": "Invocation"
      },
      "location-after-char-start": 10676,
      "location-after-char-end": 10694,
      "node-str": "popIndent"
    },
    {
      "type": "insert-node",
      "node": {
        "label": "println",
        "type": "Invocation"
      },
      "location-after-char-start": 10701,
      "location-after-char-end": 10720,
      "node-str": "println"
    },
    {
      "type": "insert-node",
      "node": {
        "label": "println",
        "type": "Invocation"
      },
      "location-after-char-start": 10733,
      "location-after-char-end": 10775,
      "node-str": "println"
    },
    {
      "type": "insert-node",
      "node": {
        "label": "top",
        "type": "VariableRead"
      },
      "location-after-char-start": 8299,
      "location-after-char-end": 8301,
      "node-str": "top"
    },
    {
      "type": "insert-node",
      "node": {
        "label": "null",
        "type": "Literal"
      },
      "location-after-char-start": 8306,
      "location-after-char-end": 8309,
      "node-str": "null"
    },
    {
      "type": "insert-node",
      "node": {
        "label": "top",
        "type": "VariableRead"
      },
      "location-after-char-start": 8320,
      "location-after-char-end": 8345,
      "node-str": "top"
    },
    {
      "type": "insert-node",
      "node": {
        "label": "org.apache.jasper.compiler.TagBeginGenerator",
        "type": "TypeAccess"
      },
      "location-after-char-start": 0,
      "location-after-char-end": 0,
      "node-str": "org.apache.jasper.compiler.TagBeginGenerator"
    },
    {
      "type": "insert-node",
      "node": {
        "label": "org.apache.jasper.compiler.TagBeginGenerator",
        "type": "TypeAccess"
      },
      "location-after-char-start": 0,
      "location-after-char-end": 0,
      "node-str": "org.apache.jasper.compiler.TagBeginGenerator"
    },
    {
      "type": "insert-node",
      "node": {
        "label": "org.apache.jasper.compiler.TagBeginGenerator",
        "type": "TypeAccess"
      },
      "location-after-char-start": 0,
      "location-after-char-end": 0,
      "node-str": "org.apache.jasper.compiler.TagBeginGenerator"
    },
    {
      "type": "insert-node",
      "node": {
        "label": "org.apache.jasper.compiler.TagBeginGenerator",
        "type": "TypeAccess"
      },
      "location-after-char-start": 0,
      "location-after-char-end": 0,
      "node-str": "org.apache.jasper.compiler.TagBeginGenerator"
    },
    {
      "type": "insert-node",
      "node": {
        "label": "\"if (\"",
        "type": "Literal"
      },
      "location-after-char-start": 10291,
      "location-after-char-end": 10296,
      "node-str": "\"if (\""
    },
    {
      "type": "insert-node",
      "node": {
        "label": "evalVar",
        "type": "VariableRead"
      },
      "location-after-char-start": 10298,
      "location-after-char-end": 10304,
      "node-str": "evalVar"
    },
    {
      "type": "insert-node",
      "node": {
        "label": "writer",
        "type": "VariableRead"
      },
      "location-after-char-start": 10392,
      "location-after-char-end": 10397,
      "node-str": "writer"
    },
    {
      "type": "insert-node",
      "node": {
        "label": "\"try {\"",
        "type": "Literal"
      },
      "location-after-char-start": 10407,
      "location-after-char-end": 10413,
      "node-str": "\"try {\""
    },
    {
      "type": "insert-node",
      "node": {
        "label": "writer",
        "type": "VariableRead"
      },
      "location-after-char-start": 10429,
      "location-after-char-end": 10434,
      "node-str": "writer"
    },
    {
      "type": "insert-node",
      "node": {
        "label": "writer",
        "type": "VariableRead"
      },
      "location-after-char-start": 10456,
      "location-after-char-end": 10461,
      "node-str": "writer"
    },
    {
      "type": "insert-node",
      "node": {
        "label": "PLUS",
        "type": "BinaryOperator"
      },
      "location-after-char-start": 10471,
      "location-after-char-end": 10515,
      "node-str": "PLUS"
    },
    {
      "type": "insert-node",
      "node": {
        "label": "writer",
        "type": "VariableRead"
      },
      "location-after-char-start": 10524,
      "location-after-char-end": 10529,
      "node-str": "writer"
    },
    {
      "type": "insert-node",
      "node": {
        "label": "writer",
        "type": "VariableRead"
      },
      "location-after-char-start": 10551,
      "location-after-char-end": 10556,
      "node-str": "writer"
    },
    {
      "type": "insert-node",
      "node": {
        "label": "\"out \u003d pageContext.pushBody();\"",
        "type": "Literal"
      },
      "location-after-char-start": 10566,
      "location-after-char-end": 10596,
      "node-str": "\"out \u003d pageContext.pushBody();\""
    },
    {
      "type": "insert-node",
      "node": {
        "label": "writer",
        "type": "VariableRead"
      },
      "location-after-char-start": 10605,
      "location-after-char-end": 10610,
      "node-str": "writer"
    },
    {
      "type": "insert-node",
      "node": {
        "label": "PLUS",
        "type": "BinaryOperator"
      },
      "location-after-char-start": 10620,
      "location-after-char-end": 10666,
      "node-str": "PLUS"
    },
    {
      "type": "insert-node",
      "node": {
        "label": "writer",
        "type": "VariableRead"
      },
      "location-after-char-start": 10676,
      "location-after-char-end": 10681,
      "node-str": "writer"
    },
    {
      "type": "insert-node",
      "node": {
        "label": "writer",
        "type": "VariableRead"
      },
      "location-after-char-start": 10701,
      "location-after-char-end": 10706,
      "node-str": "writer"
    },
    {
      "type": "insert-node",
      "node": {
        "label": "\"}\"",
        "type": "Literal"
      },
      "location-after-char-start": 10716,
      "location-after-char-end": 10718,
      "node-str": "\"}\""
    },
    {
      "type": "insert-node",
      "node": {
        "label": "writer",
        "type": "VariableRead"
      },
      "location-after-char-start": 10733,
      "location-after-char-end": 10738,
      "node-str": "writer"
    },
    {
      "type": "insert-node",
      "node": {
        "label": "PLUS",
        "type": "BinaryOperator"
      },
      "location-after-char-start": 10748,
      "location-after-char-end": 10773,
      "node-str": "PLUS"
    },
    {
      "type": "insert-node",
      "node": {
        "label": "PLUS",
        "type": "BinaryOperator"
      },
      "location-after-char-start": 10471,
      "location-after-char-end": 10484,
      "node-str": "PLUS"
    },
    {
      "type": "insert-node",
      "node": {
        "label": "\" !\u003d Tag.EVAL_BODY_INCLUDE) {\"",
        "type": "Literal"
      },
      "location-after-char-start": 10486,
      "location-after-char-end": 10515,
      "node-str": "\" !\u003d Tag.EVAL_BODY_INCLUDE) {\""
    },
    {
      "type": "insert-node",
      "node": {
        "label": "thVarName",
        "type": "FieldRead"
      },
      "location-after-char-start": 10620,
      "location-after-char-end": 10628,
      "node-str": "thVarName"
    },
    {
      "type": "insert-node",
      "node": {
        "label": "\".setBodyContent((BodyContent) out);\"",
        "type": "Literal"
      },
      "location-after-char-start": 10630,
      "location-after-char-end": 10666,
      "node-str": "\".setBodyContent((BodyContent) out);\""
    },
    {
      "type": "insert-node",
      "node": {
        "label": "thVarName",
        "type": "FieldRead"
      },
      "location-after-char-start": 10748,
      "location-after-char-end": 10756,
      "node-str": "thVarName"
    },
    {
      "type": "insert-node",
      "node": {
        "label": "\".doInitBody();\"",
        "type": "Literal"
      },
      "location-after-char-start": 10758,
      "location-after-char-end": 10773,
      "node-str": "\".doInitBody();\""
    },
    {
      "type": "insert-node",
      "node": {
        "label": "\"if (\"",
        "type": "Literal"
      },
      "location-after-char-start": 10471,
      "location-after-char-end": 10476,
      "node-str": "\"if (\""
    },
    {
      "type": "insert-node",
      "node": {
        "label": "evalVar",
        "type": "VariableRead"
      },
      "location-after-char-start": 10478,
      "location-after-char-end": 10484,
      "node-str": "evalVar"
    },
    {
      "type": "insert-node",
      "node": {
        "label": "org.apache.jasper.compiler.TagBeginGenerator",
        "type": "TypeAccess"
      },
      "location-after-char-start": 0,
      "location-after-char-end": 0,
      "node-str": "org.apache.jasper.compiler.TagBeginGenerator"
    },
    {
      "type": "insert-node",
      "node": {
        "label": "org.apache.jasper.compiler.TagBeginGenerator",
        "type": "TypeAccess"
      },
      "location-after-char-start": 0,
      "location-after-char-end": 0,
      "node-str": "org.apache.jasper.compiler.TagBeginGenerator"
    },
    {
      "type": "delete-node",
      "node": {
        "label": "public",
        "type": "Modifier"
      },
      "location-before-char-start": 0,
      "location-before-char-end": 0,
      "node-str": "public"
    },
    {
      "type": "delete-node",
      "node": {
        "label": "org.apache.jasper.compiler.TagGeneratorBase",
        "type": "SUPER_TYPE"
      },
      "location-before-char-start": 0,
      "location-before-char-end": 0,
      "node-str": "org.apache.jasper.compiler.TagGeneratorBase"
    },
    {
      "type": "delete-node",
      "node": {
        "label": "",
        "type": "TypeReference"
      },
      "location-before-char-start": 3411,
      "location-before-char-end": 3426,
      "node-str": ""
    },
    {
      "type": "delete-node",
      "node": {
        "label": "java.lang.String",
        "type": "VARIABLE_TYPE"
      },
      "location-before-char-start": 0,
      "location-before-char-end": 0,
      "node-str": "java.lang.String"
    },
    {
      "type": "delete-node",
      "node": {
        "label": "prefix",
        "type": "Field"
      },
      "location-before-char-start": 3469,
      "location-before-char-end": 3482,
      "node-str": "prefix"
    },
    {
      "type": "delete-node",
      "node": {
        "label": "java.lang.String",
        "type": "VARIABLE_TYPE"
      },
      "location-before-char-start": 0,
      "location-before-char-end": 0,
      "node-str": "java.lang.String"
    },
    {
      "type": "delete-node",
      "node": {
        "label": "shortTagName",
        "type": "Field"
      },
      "location-before-char-start": 3488,
      "location-before-char-end": 3507,
      "node-str": "shortTagName"
    },
    {
      "type": "delete-node",
      "node": {
        "label": "java.util.Hashtable",
        "type": "VARIABLE_TYPE"
      },
      "location-before-char-start": 0,
      "location-before-char-end": 0,
      "node-str": "java.util.Hashtable"
    },
    {
      "type": "delete-node",
      "node": {
        "label": "attrs",
        "type": "Field"
      },
      "location-before-char-start": 3513,
      "location-before-char-end": 3528,
      "node-str": "attrs"
    },
    {
      "type": "delete-node",
      "node": {
        "label": "org.apache.jasper.compiler.TagLibraryInfoImpl",
        "type": "VARIABLE_TYPE"
      },
      "location-before-char-start": 0,
      "location-before-char-end": 0,
      "node-str": "org.apache.jasper.compiler.TagLibraryInfoImpl"
    },
    {
      "type": "delete-node",
      "node": {
        "label": "tli",
        "type": "Field"
      },
      "location-before-char-start": 3534,
      "location-before-char-end": 3556,
      "node-str": "tli"
    },
    {
      "type": "delete-node",
      "node": {
        "label": "javax.servlet.jsp.tagext.TagInfo",
        "type": "VARIABLE_TYPE"
      },
      "location-before-char-start": 0,
      "location-before-char-end": 0,
      "node-str": "javax.servlet.jsp.tagext.TagInfo"
    },
    {
      "type": "delete-node",
      "node": {
        "label": "ti",
        "type": "Field"
      },
      "location-before-char-start": 3562,
      "location-before-char-end": 3572,
      "node-str": "ti"
    },
    {
      "type": "delete-node",
      "node": {
        "label": "javax.servlet.jsp.tagext.TagAttributeInfo[]",
        "type": "VARIABLE_TYPE"
      },
      "location-before-char-start": 0,
      "location-before-char-end": 0,
      "node-str": "javax.servlet.jsp.tagext.TagAttributeInfo[]"
    },
    {
      "type": "delete-node",
      "node": {
        "label": "attributes",
        "type": "Field"
      },
      "location-before-char-start": 3578,
      "location-before-char-end": 3607,
      "node-str": "attributes"
    },
    {
      "type": "delete-node",
      "node": {
        "label": "java.lang.String",
        "type": "VARIABLE_TYPE"
      },
      "location-before-char-start": 0,
      "location-before-char-end": 0,
      "node-str": "java.lang.String"
    },
    {
      "type": "delete-node",
      "node": {
        "label": "baseVarName",
        "type": "Field"
      },
      "location-before-char-start": 3613,
      "location-before-char-end": 3632,
      "node-str": "baseVarName"
    },
    {
      "type": "delete-node",
      "node": {
        "label": "java.lang.String",
        "type": "VARIABLE_TYPE"
      },
      "location-before-char-start": 0,
      "location-before-char-end": 0,
      "node-str": "java.lang.String"
    },
    {
      "type": "delete-node",
      "node": {
        "label": "thVarName",
        "type": "Field"
      },
      "location-before-char-start": 3613,
      "location-before-char-end": 3642,
      "node-str": "thVarName"
    },
    {
      "type": "delete-node",
      "node": {
        "label": "org.apache.jasper.compiler.TagCache",
        "type": "VARIABLE_TYPE"
      },
      "location-before-char-start": 0,
      "location-before-char-end": 0,
      "node-str": "org.apache.jasper.compiler.TagCache"
    },
    {
      "type": "delete-node",
      "node": {
        "label": "tc",
        "type": "Field"
      },
      "location-before-char-start": 3648,
      "location-before-char-end": 3659,
      "node-str": "tc"
    },
    {
      "type": "delete-node",
      "node": {
        "label": "javax.servlet.jsp.tagext.TagData",
        "type": "VARIABLE_TYPE"
      },
      "location-before-char-start": 0,
      "location-before-char-end": 0,
      "node-str": "javax.servlet.jsp.tagext.TagData"
    },
    {
      "type": "delete-node",
      "node": {
        "label": "tagData",
        "type": "Field"
      },
      "location-before-char-start": 3665,
      "location-before-char-end": 3680,
      "node-str": "tagData"
    },
    {
      "type": "delete-node",
      "node": {
        "label": "void",
        "type": "RETURN_TYPE"
      },
      "location-before-char-start": 0,
      "location-before-char-end": 0,
      "node-str": "void"
    },
    {
      "type": "delete-node",
      "node": {
        "label": "org.apache.jasper.JasperException",
        "type": "THROWS"
      },
      "location-before-char-start": 0,
      "location-before-char-end": 0,
      "node-str": "org.apache.jasper.JasperException"
    },
    {
      "type": "delete-node",
      "node": {
        "label": "public",
        "type": "Modifier"
      },
      "location-before-char-start": 0,
      "location-before-char-end": 0,
      "node-str": "public"
    },
    {
      "type": "delete-node",
      "node": {
        "label": "org.apache.jasper.compiler.ServletWriter",
        "type": "VARIABLE_TYPE"
      },
      "location-before-char-start": 0,
      "location-before-char-end": 0,
      "node-str": "org.apache.jasper.compiler.ServletWriter"
    },
    {
      "type": "delete-node",
      "node": {
        "label": "writer",
        "type": "Parameter"
      },
      "location-before-char-start": 8174,
      "location-before-char-end": 8193,
      "node-str": "writer"
    },
    {
      "type": "delete-node",
      "node": {
        "label": "org.apache.jasper.compiler.TagVariableData",
        "type": "VARIABLE_TYPE"
      },
      "location-before-char-start": 0,
      "location-before-char-end": 0,
      "node-str": "org.apache.jasper.compiler.TagVariableData"
    },
    {
      "type": "delete-node",
      "node": {
        "label": "org.apache.jasper.compiler.TagBeginGenerator",
        "type": "TypeAccess"
      },
      "location-before-char-start": 0,
      "location-before-char-end": 0,
      "node-str": "org.apache.jasper.compiler.TagBeginGenerator"
    },
    {
      "type": "delete-node",
      "node": {
        "label": "topTag",
        "type": "Invocation"
      },
      "location-before-char-start": 8265,
      "location-before-char-end": 8272,
      "node-str": "topTag"
    },
    {
      "type": "delete-node",
      "node": {
        "label": "top",
        "type": "LocalVariable"
      },
      "location-before-char-start": 8243,
      "location-before-char-end": 8273,
      "node-str": "top"
    },
    {
      "type": "delete-node",
      "node": {
        "label": "java.lang.String",
        "type": "VARIABLE_TYPE"
      },
      "location-before-char-start": 0,
      "location-before-char-end": 0,
      "node-str": "java.lang.String"
    },
    {
      "type": "delete-node",
      "node": {
        "label": "top",
        "type": "VariableRead"
      },
      "location-before-char-start": 8299,
      "location-before-char-end": 8301,
      "node-str": "top"
    },
    {
      "type": "delete-node",
      "node": {
        "label": "null",
        "type": "Literal"
      },
      "location-before-char-start": 8306,
      "location-before-char-end": 8309,
      "node-str": "null"
    },
    {
      "type": "delete-node",
      "node": {
        "label": "EQ",
        "type": "BinaryOperator"
      },
      "location-before-char-start": 8299,
      "location-before-char-end": 8309,
      "node-str": "EQ"
    },
    {
      "type": "delete-node",
      "node": {
        "label": "null",
        "type": "Literal"
      },
      "location-before-char-start": 8313,
      "location-before-char-end": 8316,
      "node-str": "null"
    },
    {
      "type": "delete-node",
      "node": {
        "label": "top",
        "type": "VariableRead"
      },
      "location-before-char-start": 8320,
      "location-before-char-end": 8345,
      "node-str": "top"
    },
    {
      "type": "delete-node",
      "node": {
        "label": "tagHandlerInstanceName",
        "type": "FieldRead"
      },
      "location-before-char-start": 8320,
      "location-before-char-end": 8345,
      "node-str": "tagHandlerInstanceName"
    },
    {
      "type": "delete-node",
      "node": {
        "label": "",
        "type": "Conditional"
      },
      "location-before-char-start": 8299,
      "location-before-char-end": 8345,
      "node-str": ""
    },
    {
      "type": "delete-node",
      "node": {
        "label": "parent",
        "type": "LocalVariable"
      },
      "location-before-char-start": 8283,
      "location-before-char-end": 8346,
      "node-str": "parent"
    },
    {
      "type": "delete-node",
      "node": {
        "label": "java.lang.String",
        "type": "VARIABLE_TYPE"
      },
      "location-before-char-start": 0,
      "location-before-char-end": 0,
      "node-str": "java.lang.String"
    },
    {
      "type": "delete-node",
      "node": {
        "label": "\"_jspx_eval_\"",
        "type": "Literal"
      },
      "location-before-char-start": 8374,
      "location-before-char-end": 8386,
      "node-str": "\"_jspx_eval_\""
    },
    {
      "type": "delete-node",
      "node": {
        "label": "org.apache.jasper.compiler.TagBeginGenerator",
        "type": "TypeAccess"
      },
      "location-before-char-start": 0,
      "location-before-char-end": 0,
      "node-str": "org.apache.jasper.compiler.TagBeginGenerator"
    },
    {
      "type": "delete-node",
      "node": {
        "label": "baseVarName",
        "type": "FieldRead"
      },
      "location-before-char-start": 8388,
      "location-before-char-end": 8398,
      "node-str": "baseVarName"
    },
    {
      "type": "delete-node",
      "node": {
        "label": "PLUS",
        "type": "BinaryOperator"
      },
      "location-before-char-start": 8374,
      "location-before-char-end": 8398,
      "node-str": "PLUS"
    },
    {
      "type": "delete-node",
      "node": {
        "label": "evalVar",
        "type": "LocalVariable"
      },
      "location-before-char-start": 8357,
      "location-before-char-end": 8399,
      "node-str": "evalVar"
    },
    {
      "type": "delete-node",
      "node": {
        "label": "org.apache.jasper.compiler.TagBeginGenerator",
        "type": "TypeAccess"
      },
      "location-before-char-start": 0,
      "location-before-char-end": 0,
      "node-str": "org.apache.jasper.compiler.TagBeginGenerator"
    },
    {
      "type": "delete-node",
      "node": {
        "label": "org.apache.jasper.compiler.TagBeginGenerator",
        "type": "TypeAccess"
      },
      "location-before-char-start": 0,
      "location-before-char-end": 0,
      "node-str": "org.apache.jasper.compiler.TagBeginGenerator"
    },
    {
      "type": "delete-node",
      "node": {
        "label": "thVarName",
        "type": "FieldRead"
      },
      "location-before-char-start": 8431,
      "location-before-char-end": 8439,
      "node-str": "thVarName"
    },
    {
      "type": "delete-node",
      "node": {
        "label": "evalVar",
        "type": "VariableRead"
      },
      "location-before-char-start": 8442,
      "location-before-char-end": 8448,
      "node-str": "evalVar"
    },
    {
      "type": "delete-node",
      "node": {
        "label": "org.apache.jasper.compiler.TagVariableData(java.lang.String,java.lang.String)",
        "type": "ConstructorCall"
      },
      "location-before-char-start": 8411,
      "location-before-char-end": 8449,
      "node-str": "org.apache.jasper.compiler.TagVariableData(java.lang.String,java.lang.String)"
    },
    {
      "type": "delete-node",
      "node": {
        "label": "tagBegin",
        "type": "Invocation"
      },
      "location-before-char-start": 8402,
      "location-before-char-end": 8451,
      "node-str": "tagBegin"
    },
    {
      "type": "delete-node",
      "node": {
        "label": "org.apache.jasper.compiler.TagBeginGenerator",
        "type": "TypeAccess"
      },
      "location-before-char-start": 0,
      "location-before-char-end": 0,
      "node-str": "org.apache.jasper.compiler.TagBeginGenerator"
    },
    {
      "type": "delete-node",
      "node": {
        "label": "writer",
        "type": "VariableRead"
      },
      "location-before-char-start": 8649,
      "location-before-char-end": 8654,
      "node-str": "writer"
    },
    {
      "type": "delete-node",
      "node": {
        "label": "parent",
        "type": "VariableRead"
      },
      "location-before-char-start": 8657,
      "location-before-char-end": 8662,
      "node-str": "parent"
    },
    {
      "type": "delete-node",
      "node": {
        "label": "generateSetters",
        "type": "Invocation"
      },
      "location-before-char-start": 8633,
      "location-before-char-end": 8664,
      "node-str": "generateSetters"
    },
    {
      "type": "delete-node",
      "node": {
        "label": "javax.servlet.jsp.tagext.VariableInfo[]",
        "type": "VARIABLE_TYPE"
      },
      "location-before-char-start": 0,
      "location-before-char-end": 0,
      "node-str": "javax.servlet.jsp.tagext.VariableInfo[]"
    },
    {
      "type": "delete-node",
      "node": {
        "label": "org.apache.jasper.compiler.TagBeginGenerator",
        "type": "TypeAccess"
      },
      "location-before-char-start": 0,
      "location-before-char-end": 0,
      "node-str": "org.apache.jasper.compiler.TagBeginGenerator"
    },
    {
      "type": "delete-node",
      "node": {
        "label": "ti",
        "type": "FieldRead"
      },
      "location-before-char-start": 8703,
      "location-before-char-end": 8704,
      "node-str": "ti"
    },
    {
      "type": "delete-node",
      "node": {
        "label": "org.apache.jasper.compiler.TagBeginGenerator",
        "type": "TypeAccess"
      },
      "location-before-char-start": 0,
      "location-before-char-end": 0,
      "node-str": "org.apache.jasper.compiler.TagBeginGenerator"
    },
    {
      "type": "delete-node",
      "node": {
        "label": "tagData",
        "type": "FieldRead"
      },
      "location-before-char-start": 8722,
      "location-before-char-end": 8728,
      "node-str": "tagData"
    },
    {
      "type": "delete-node",
      "node": {
        "label": "getVariableInfo",
        "type": "Invocation"
      },
      "location-before-char-start": 8703,
      "location-before-char-end": 8729,
      "node-str": "getVariableInfo"
    },
    {
      "type": "delete-node",
      "node": {
        "label": "vi",
        "type": "LocalVariable"
      },
      "location-before-char-start": 8683,
      "location-before-char-end": 8730,
      "node-str": "vi"
    },
    {
      "type": "delete-node",
      "node": {
        "label": "org.apache.jasper.compiler.TagBeginGenerator",
        "type": "TypeAccess"
      },
      "location-before-char-start": 0,
      "location-before-char-end": 0,
      "node-str": "org.apache.jasper.compiler.TagBeginGenerator"
    },
    {
      "type": "delete-node",
      "node": {
        "label": "writer",
        "type": "VariableRead"
      },
      "location-before-char-start": 8800,
      "location-before-char-end": 8805,
      "node-str": "writer"
    },
    {
      "type": "delete-node",
      "node": {
        "label": "vi",
        "type": "VariableRead"
      },
      "location-before-char-start": 8808,
      "location-before-char-end": 8809,
      "node-str": "vi"
    },
    {
      "type": "delete-node",
      "node": {
        "label": "true",
        "type": "Literal"
      },
      "location-before-char-start": 8812,
      "location-before-char-end": 8815,
      "node-str": "true"
    },
    {
      "type": "delete-node",
      "node": {
        "label": "false",
        "type": "Literal"
      },
      "location-before-char-start": 8818,
      "location-before-char-end": 8822,
      "node-str": "false"
    },
    {
      "type": "delete-node",
      "node": {
        "label": "VariableInfo.AT_BEGIN",
        "type": "TypeAccess"
      },
      "location-before-char-start": 8825,
      "location-before-char-end": 8845,
      "node-str": "VariableInfo.AT_BEGIN"
    },
    {
      "type": "delete-node",
      "node": {
        "label": "declareVariables",
        "type": "Invocation"
      },
      "location-before-char-start": 8783,
      "location-before-char-end": 8847,
      "node-str": "declareVariables"
    },
    {
      "type": "delete-node",
      "node": {
        "label": "writer",
        "type": "VariableRead"
      },
      "location-before-char-start": 8851,
      "location-before-char-end": 8856,
      "node-str": "writer"
    },
    {
      "type": "delete-node",
      "node": {
        "label": "\"try {\"",
        "type": "Literal"
      },
      "location-before-char-start": 8866,
      "location-before-char-end": 8872,
      "node-str": "\"try {\""
    },
    {
      "type": "delete-node",
      "node": {
        "label": "println",
        "type": "Invocation"
      },
      "location-before-char-start": 8851,
      "location-before-char-end": 8874,
      "node-str": "println"
    },
    {
      "type": "delete-node",
      "node": {
        "label": "writer",
        "type": "VariableRead"
      },
      "location-before-char-start": 8877,
      "location-before-char-end": 8882,
      "node-str": "writer"
    },
    {
      "type": "delete-node",
      "node": {
        "label": "pushIndent",
        "type": "Invocation"
      },
      "location-before-char-start": 8877,
      "location-before-char-end": 8896,
      "node-str": "pushIndent"
    },
    {
      "type": "delete-node",
      "node": {
        "label": "org.apache.jasper.compiler.TagBeginGenerator",
        "type": "TypeAccess"
      },
      "location-before-char-start": 0,
      "location-before-char-end": 0,
      "node-str": "org.apache.jasper.compiler.TagBeginGenerator"
    },
    {
      "type": "delete-node",
      "node": {
        "label": "writer",
        "type": "VariableRead"
      },
      "location-before-char-start": 9184,
      "location-before-char-end": 9189,
      "node-str": "writer"
    },
    {
      "type": "delete-node",
      "node": {
        "label": "vi",
        "type": "VariableRead"
      },
      "location-before-char-start": 9192,
      "location-before-char-end": 9193,
      "node-str": "vi"
    },
    {
      "type": "delete-node",
      "node": {
        "label": "false",
        "type": "Literal"
      },
      "location-before-char-start": 9196,
      "location-before-char-end": 9200,
      "node-str": "false"
    },
    {
      "type": "delete-node",
      "node": {
        "label": "true",
        "type": "Literal"
      },
      "location-before-char-start": 9203,
      "location-before-char-end": 9206,
      "node-str": "true"
    },
    {
      "type": "delete-node",
      "node": {
        "label": "VariableInfo.AT_BEGIN",
        "type": "TypeAccess"
      },
      "location-before-char-start": 9209,
      "location-before-char-end": 9229,
      "node-str": "VariableInfo.AT_BEGIN"
    },
    {
      "type": "delete-node",
      "node": {
        "label": "declareVariables",
        "type": "Invocation"
      },
      "location-before-char-start": 9167,
      "location-before-char-end": 9231,
      "node-str": "declareVariables"
    },
    {
      "type": "delete-node",
      "node": {
        "label": "writer",
        "type": "VariableRead"
      },
      "location-before-char-start": 10276,
      "location-before-char-end": 10281,
      "node-str": "writer"
    },
    {
      "type": "delete-node",
      "node": {
        "label": "\"if (\"",
        "type": "Literal"
      },
      "location-before-char-start": 10291,
      "location-before-char-end": 10296,
      "node-str": "\"if (\""
    },
    {
      "type": "delete-node",
      "node": {
        "label": "evalVar",
        "type": "VariableRead"
      },
      "location-before-char-start": 10298,
      "location-before-char-end": 10304,
      "node-str": "evalVar"
    },
    {
      "type": "delete-node",
      "node": {
        "label": "PLUS",
        "type": "BinaryOperator"
      },
      "location-before-char-start": 10291,
      "location-before-char-end": 10304,
      "node-str": "PLUS"
    },
    {
      "type": "delete-node",
      "node": {
        "label": "\" !\u003d Tag.SKIP_BODY) {\"",
        "type": "Literal"
      },
      "location-before-char-start": 10306,
      "location-before-char-end": 10327,
      "node-str": "\" !\u003d Tag.SKIP_BODY) {\""
    },
    {
      "type": "delete-node",
      "node": {
        "label": "PLUS",
        "type": "BinaryOperator"
      },
      "location-before-char-start": 10291,
      "location-before-char-end": 10327,
      "node-str": "PLUS"
    },
    {
      "type": "delete-node",
      "node": {
        "label": "println",
        "type": "Invocation"
      },
      "location-before-char-start": 10276,
      "location-before-char-end": 10329,
      "node-str": "println"
    },
    {
      "type": "delete-node",
      "node": {
        "label": "writer",
        "type": "VariableRead"
      },
      "location-before-char-start": 10332,
      "location-before-char-end": 10337,
      "node-str": "writer"
    },
    {
      "type": "delete-node",
      "node": {
        "label": "pushIndent",
        "type": "Invocation"
      },
      "location-before-char-start": 10332,
      "location-before-char-end": 10351,
      "node-str": "pushIndent"
    },
    {
      "type": "delete-node",
      "node": {
        "label": "writer",
        "type": "VariableRead"
      },
      "location-before-char-start": 10355,
      "location-before-char-end": 10360,
      "node-str": "writer"
    },
    {
      "type": "delete-node",
      "node": {
        "label": "\"try {\"",
        "type": "Literal"
      },
      "location-before-char-start": 10370,
      "location-before-char-end": 10376,
      "node-str": "\"try {\""
    },
    {
      "type": "delete-node",
      "node": {
        "label": "println",
        "type": "Invocation"
      },
      "location-before-char-start": 10355,
      "location-before-char-end": 10378,
      "node-str": "println"
    },
    {
      "type": "delete-node",
      "node": {
        "label": "writer",
        "type": "VariableRead"
      },
      "location-before-char-start": 10381,
      "location-before-char-end": 10386,
      "node-str": "writer"
    },
    {
      "type": "delete-node",
      "node": {
        "label": "pushIndent",
        "type": "Invocation"
      },
      "location-before-char-start": 10381,
      "location-before-char-end": 10400,
      "node-str": "pushIndent"
    },
    {
      "type": "delete-node",
      "node": {
        "label": "implementsBodyTag",
        "type": "VariableRead"
      },
      "location-before-char-start": 10410,
      "location-before-char-end": 10426,
      "node-str": "implementsBodyTag"
    },
    {
      "type": "delete-node",
      "node": {
        "label": "writer",
        "type": "VariableRead"
      },
      "location-before-char-start": 10436,
      "location-before-char-end": 10441,
      "node-str": "writer"
    },
    {
      "type": "delete-node",
      "node": {
        "label": "\"if (\"",
        "type": "Literal"
      },
      "location-before-char-start": 10451,
      "location-before-char-end": 10456,
      "node-str": "\"if (\""
    },
    {
      "type": "delete-node",
      "node": {
        "label": "evalVar",
        "type": "VariableRead"
      },
      "location-before-char-start": 10458,
      "location-before-char-end": 10464,
      "node-str": "evalVar"
    },
    {
      "type": "delete-node",
      "node": {
        "label": "PLUS",
        "type": "BinaryOperator"
      },
      "location-before-char-start": 10451,
      "location-before-char-end": 10464,
      "node-str": "PLUS"
    },
    {
      "type": "delete-node",
      "node": {
        "label": "\" !\u003d Tag.EVAL_BODY_INCLUDE) {\"",
        "type": "Literal"
      },
      "location-before-char-start": 10466,
      "location-before-char-end": 10495,
      "node-str": "\" !\u003d Tag.EVAL_BODY_INCLUDE) {\""
    },
    {
      "type": "delete-node",
      "node": {
        "label": "PLUS",
        "type": "BinaryOperator"
      },
      "location-before-char-start": 10451,
      "location-before-char-end": 10495,
      "node-str": "PLUS"
    },
    {
      "type": "delete-node",
      "node": {
        "label": "println",
        "type": "Invocation"
      },
      "location-before-char-start": 10436,
      "location-before-char-end": 10497,
      "node-str": "println"
    },
    {
      "type": "delete-node",
      "node": {
        "label": "writer",
        "type": "VariableRead"
      },
      "location-before-char-start": 10504,
      "location-before-char-end": 10509,
      "node-str": "writer"
    },
    {
      "type": "delete-node",
      "node": {
        "label": "pushIndent",
        "type": "Invocation"
      },
      "location-before-char-start": 10504,
      "location-before-char-end": 10523,
      "node-str": "pushIndent"
    },
    {
      "type": "delete-node",
      "node": {
        "label": "writer",
        "type": "VariableRead"
      },
      "location-before-char-start": 10531,
      "location-before-char-end": 10536,
      "node-str": "writer"
    },
    {
      "type": "delete-node",
      "node": {
        "label": "\"out \u003d pageContext.pushBody();\"",
        "type": "Literal"
      },
      "location-before-char-start": 10546,
      "location-before-char-end": 10576,
      "node-str": "\"out \u003d pageContext.pushBody();\""
    },
    {
      "type": "delete-node",
      "node": {
        "label": "println",
        "type": "Invocation"
      },
      "location-before-char-start": 10531,
      "location-before-char-end": 10578,
      "node-str": "println"
    },
    {
      "type": "delete-node",
      "node": {
        "label": "writer",
        "type": "VariableRead"
      },
      "location-before-char-start": 10585,
      "location-before-char-end": 10590,
      "node-str": "writer"
    },
    {
      "type": "delete-node",
      "node": {
        "label": "org.apache.jasper.compiler.TagBeginGenerator",
        "type": "TypeAccess"
      },
      "location-before-char-start": 0,
      "location-before-char-end": 0,
      "node-str": "org.apache.jasper.compiler.TagBeginGenerator"
    },
    {
      "type": "delete-node",
      "node": {
        "label": "thVarName",
        "type": "FieldRead"
      },
      "location-before-char-start": 10600,
      "location-before-char-end": 10608,
      "node-str": "thVarName"
    },
    {
      "type": "delete-node",
      "node": {
        "label": "\".setBodyContent((BodyContent) out);\"",
        "type": "Literal"
      },
      "location-before-char-start": 10610,
      "location-before-char-end": 10646,
      "node-str": "\".setBodyContent((BodyContent) out);\""
    },
    {
      "type": "delete-node",
      "node": {
        "label": "PLUS",
        "type": "BinaryOperator"
      },
      "location-before-char-start": 10600,
      "location-before-char-end": 10646,
      "node-str": "PLUS"
    },
    {
      "type": "delete-node",
      "node": {
        "label": "println",
        "type": "Invocation"
      },
      "location-before-char-start": 10585,
      "location-before-char-end": 10648,
      "node-str": "println"
    },
    {
      "type": "delete-node",
      "node": {
        "label": "writer",
        "type": "VariableRead"
      },
      "location-before-char-start": 10656,
      "location-before-char-end": 10661,
      "node-str": "writer"
    },
    {
      "type": "delete-node",
      "node": {
        "label": "popIndent",
        "type": "Invocation"
      },
      "location-before-char-start": 10656,
      "location-before-char-end": 10674,
      "node-str": "popIndent"
    },
    {
      "type": "delete-node",
      "node": {
        "label": "writer",
        "type": "VariableRead"
      },
      "location-before-char-start": 10681,
      "location-before-char-end": 10686,
      "node-str": "writer"
    },
    {
      "type": "delete-node",
      "node": {
        "label": "\"}\"",
        "type": "Literal"
      },
      "location-before-char-start": 10696,
      "location-before-char-end": 10698,
      "node-str": "\"}\""
    },
    {
      "type": "delete-node",
      "node": {
        "label": "println",
        "type": "Invocation"
      },
      "location-before-char-start": 10681,
      "location-before-char-end": 10700,
      "node-str": "println"
    },
    {
      "type": "delete-node",
      "node": {
        "label": "writer",
        "type": "VariableRead"
      },
      "location-before-char-start": 10713,
      "location-before-char-end": 10718,
      "node-str": "writer"
    },
    {
      "type": "delete-node",
      "node": {
        "label": "org.apache.jasper.compiler.TagBeginGenerator",
        "type": "TypeAccess"
      },
      "location-before-char-start": 0,
      "location-before-char-end": 0,
      "node-str": "org.apache.jasper.compiler.TagBeginGenerator"
    },
    {
      "type": "delete-node",
      "node": {
        "label": "thVarName",
        "type": "FieldRead"
      },
      "location-before-char-start": 10728,
      "location-before-char-end": 10736,
      "node-str": "thVarName"
    },
    {
      "type": "delete-node",
      "node": {
        "label": "\".doInitBody();\"",
        "type": "Literal"
      },
      "location-before-char-start": 10738,
      "location-before-char-end": 10753,
      "node-str": "\".doInitBody();\""
    },
    {
      "type": "delete-node",
      "node": {
        "label": "PLUS",
        "type": "BinaryOperator"
      },
      "location-before-char-start": 10728,
      "location-before-char-end": 10753,
      "node-str": "PLUS"
    },
    {
      "type": "delete-node",
      "node": {
        "label": "println",
        "type": "Invocation"
      },
      "location-before-char-start": 10713,
      "location-before-char-end": 10755,
      "node-str": "println"
    },
    {
      "type": "delete-node",
      "node": {
        "label": "THEN",
        "type": "then"
      },
      "location-before-char-start": 10429,
      "location-before-char-end": 10758,
      "node-str": "THEN"
    },
    {
      "type": "delete-node",
      "node": {
        "label": "if",
        "type": "If"
      },
      "location-before-char-start": 10406,
      "location-before-char-end": 10758,
      "node-str": "if"
    },
    {
      "type": "delete-node",
      "node": {
        "label": "writer",
        "type": "VariableRead"
      },
      "location-before-char-start": 10770,
      "location-before-char-end": 10775,
      "node-str": "writer"
    },
    {
      "type": "delete-node",
      "node": {
        "label": "\"do {\"",
        "type": "Literal"
      },
      "location-before-char-start": 10785,
      "location-before-char-end": 10790,
      "node-str": "\"do {\""
    },
    {
      "type": "delete-node",
      "node": {
        "label": "println",
        "type": "Invocation"
      },
      "location-before-char-start": 10770,
      "location-before-char-end": 10792,
      "node-str": "println"
    },
    {
      "type": "delete-node",
      "node": {
        "label": "writer",
        "type": "VariableRead"
      },
      "location-before-char-start": 10795,
      "location-before-char-end": 10800,
      "node-str": "writer"
    },
    {
      "type": "delete-node",
      "node": {
        "label": "pushIndent",
        "type": "Invocation"
      },
      "location-before-char-start": 10795,
      "location-before-char-end": 10814,
      "node-str": "pushIndent"
    },
    {
      "type": "delete-node",
      "node": {
        "label": "org.apache.jasper.compiler.TagBeginGenerator",
        "type": "TypeAccess"
      },
      "location-before-char-start": 0,
      "location-before-char-end": 0,
      "node-str": "org.apache.jasper.compiler.TagBeginGenerator"
    },
    {
      "type": "delete-node",
      "node": {
        "label": "writer",
        "type": "VariableRead"
      },
      "location-before-char-start": 10901,
      "location-before-char-end": 10906,
      "node-str": "writer"
    },
    {
      "type": "delete-node",
      "node": {
        "label": "vi",
        "type": "VariableRead"
      },
      "location-before-char-start": 10909,
      "location-before-char-end": 10910,
      "node-str": "vi"
    },
    {
      "type": "delete-node",
      "node": {
        "label": "true",
        "type": "Literal"
      },
      "location-before-char-start": 10913,
      "location-before-char-end": 10916,
      "node-str": "true"
    },
    {
      "type": "delete-node",
      "node": {
        "label": "true",
        "type": "Literal"
      },
      "location-before-char-start": 10919,
      "location-before-char-end": 10922,
      "node-str": "true"
    },
    {
      "type": "delete-node",
      "node": {
        "label": "VariableInfo.NESTED",
        "type": "TypeAccess"
      },
      "location-before-char-start": 10925,
      "location-before-char-end": 10943,
      "node-str": "VariableInfo.NESTED"
    },
    {
      "type": "delete-node",
      "node": {
        "label": "declareVariables",
        "type": "Invocation"
      },
      "location-before-char-start": 10884,
      "location-before-char-end": 10945,
      "node-str": "declareVariables"
    },
    {
      "type": "delete-node",
      "node": {
        "label": "org.apache.jasper.compiler.TagBeginGenerator",
        "type": "TypeAccess"
      },
      "location-before-char-start": 0,
      "location-before-char-end": 0,
      "node-str": "org.apache.jasper.compiler.TagBeginGenerator"
    },
    {
      "type": "delete-node",
      "node": {
        "label": "writer",
        "type": "VariableRead"
      },
      "location-before-char-start": 11022,
      "location-before-char-end": 11027,
      "node-str": "writer"
    },
    {
      "type": "delete-node",
      "node": {
        "label": "vi",
        "type": "VariableRead"
      },
      "location-before-char-start": 11030,
      "location-before-char-end": 11031,
      "node-str": "vi"
    },
    {
      "type": "delete-node",
      "node": {
        "label": "false",
        "type": "Literal"
      },
      "location-before-char-start": 11034,
      "location-before-char-end": 11038,
      "node-str": "false"
    },
    {
      "type": "delete-node",
      "node": {
        "label": "true",
        "type": "Literal"
      },
      "location-before-char-start": 11041,
      "location-before-char-end": 11044,
      "node-str": "true"
    },
    {
      "type": "delete-node",
      "node": {
        "label": "VariableInfo.AT_BEGIN",
        "type": "TypeAccess"
      },
      "location-before-char-start": 11047,
      "location-before-char-end": 11067,
      "node-str": "VariableInfo.AT_BEGIN"
    },
    {
      "type": "delete-node",
      "node": {
        "label": "declareVariables",
        "type": "Invocation"
      },
      "location-before-char-start": 11005,
      "location-before-char-end": 11069,
      "node-str": "declareVariables"
    },
    {
      "type": "delete-node",
      "node": {
        "label": "generateServiceMethodStatements",
        "type": "Method"
      },
      "location-before-char-start": 8130,
      "location-before-char-end": 11075,
      "node-str": "generateServiceMethodStatements"
    },
    {
      "type": "delete-node",
      "node": {
        "label": "void",
        "type": "RETURN_TYPE"
      },
      "location-before-char-start": 0,
      "location-before-char-end": 0,
      "node-str": "void"
    },
    {
      "type": "delete-node",
      "node": {
        "label": "org.apache.jasper.JasperException",
        "type": "THROWS"
      },
      "location-before-char-start": 0,
      "location-before-char-end": 0,
      "node-str": "org.apache.jasper.JasperException"
    },
    {
      "type": "delete-node",
      "node": {
        "label": "public",
        "type": "Modifier"
      },
      "location-before-char-start": 0,
      "location-before-char-end": 0,
      "node-str": "public"
    },
    {
      "type": "delete-node",
      "node": {
        "label": "org.apache.jasper.compiler.ServletWriter",
        "type": "VARIABLE_TYPE"
      },
      "location-before-char-start": 0,
      "location-before-char-end": 0,
      "node-str": "org.apache.jasper.compiler.ServletWriter"
    },
    {
      "type": "delete-node",
      "node": {
        "label": "writer",
        "type": "Parameter"
      },
      "location-before-char-start": 11103,
      "location-before-char-end": 11122,
      "node-str": "writer"
    },
    {
      "type": "delete-node",
      "node": {
        "label": "java.lang.Class",
        "type": "VARIABLE_TYPE"
      },
      "location-before-char-start": 0,
      "location-before-char-end": 0,
      "node-str": "java.lang.Class"
    },
    {
      "type": "delete-node",
      "node": {
        "label": "phase",
        "type": "Parameter"
      },
      "location-before-char-start": 11125,
      "location-before-char-end": 11135,
      "node-str": "phase"
    },
    {
      "type": "delete-node",
      "node": {
        "label": "org.apache.jasper.compiler.TagBeginGenerator",
        "type": "TypeAccess"
      },
      "location-before-char-start": 0,
      "location-before-char-end": 0,
      "node-str": "org.apache.jasper.compiler.TagBeginGenerator"
    },
    {
      "type": "delete-node",
      "node": {
        "label": "writer",
        "type": "VariableRead"
      },
      "location-before-char-start": 11217,
      "location-before-char-end": 11222,
      "node-str": "writer"
    },
    {
      "type": "delete-node",
      "node": {
        "label": "generateServiceMethodStatements",
        "type": "Invocation"
      },
      "location-before-char-start": 11185,
      "location-before-char-end": 11224,
      "node-str": "generateServiceMethodStatements"
    },
    {
      "type": "delete-node",
      "node": {
        "label": "generate",
        "type": "Method"
      },
      "location-before-char-start": 11082,
      "location-before-char-end": 11230,
      "node-str": "generate"
    },
    {
      "type": "delete-node",
      "node": {
        "label": "TagBeginGenerator",
        "type": "Class"
      },
      "location-before-char-start": 3304,
      "location-before-char-end": 11236,
      "node-str": "TagBeginGenerator"
    }
  ],
  "before-file": {},
  "after-file": {},
  "mapping": {}
}