{
  "tool-info": {},
  "diff": [
    {
      "type": "move-subtree",
      "node": {
        "label": "newPkValues",
        "type": "LocalVariable"
      },
      "location-before-char-start": 24561,
      "location-before-char-end": 24584,
      "location-after-char-start": 23063,
      "location-after-char-end": 23074,
      "node-str": "newPks"
    },
    {
      "type": "move-subtree",
      "node": {
        "label": "if",
        "type": "If"
      },
      "location-before-char-start": 23373,
      "location-before-char-end": 24439,
      "location-after-char-start": 23082,
      "location-after-char-end": 24202,
      "node-str": "if"
    },
    {
      "type": "insert-node",
      "node": {
        "label": "getRelatedPrimaryKey",
        "type": "Method"
      },
      "location-after-char-start": 55379,
      "location-after-char-end": 56223,
      "node-str": "getRelatedPrimaryKey"
    },
    {
      "type": "update-node",
      "node": {
        "label": "newPkValues",
        "type": "LocalVariable"
      },
      "location-before-char-start": 24561,
      "location-before-char-end": 24584,
      "location-after-char-start": 23063,
      "location-after-char-end": 23074,
      "node-str": "newPks"
    },
    {
      "type": "insert-node",
      "node": {
        "label": "java.lang.Object",
        "type": "RETURN_TYPE"
      },
      "location-after-char-start": 0,
      "location-after-char-end": 0,
      "node-str": "java.lang.Object"
    },
    {
      "type": "insert-node",
      "node": {
        "label": "localObject",
        "type": "Parameter"
      },
      "location-after-char-start": 55415,
      "location-after-char-end": 55432,
      "node-str": "localObject"
    },
    {
      "type": "move-subtree",
      "node": {
        "label": "relatedId",
        "type": "LocalVariable"
      },
      "location-before-char-start": 26176,
      "location-before-char-end": 26192,
      "location-after-char-start": 55446,
      "location-after-char-end": 55462,
      "node-str": "relatedId"
    },
    {
      "type": "move-subtree",
      "node": {
        "label": "if",
        "type": "If"
      },
      "location-before-char-start": 23898,
      "location-before-char-end": 24431,
      "location-after-char-start": 55470,
      "location-after-char-end": 56194,
      "node-str": "if"
    },
    {
      "type": "insert-node",
      "node": {
        "label": "return",
        "type": "Return"
      },
      "location-after-char-start": 56202,
      "location-after-char-end": 56218,
      "node-str": "return"
    },
    {
      "type": "insert-node",
      "node": {
        "label": "ELSE",
        "type": "else"
      },
      "location-after-char-start": 23981,
      "location-after-char-end": 24202,
      "node-str": "ELSE"
    },
    {
      "type": "move-subtree",
      "node": {
        "label": "",
        "type": "For"
      },
      "location-before-char-start": 25813,
      "location-before-char-end": 25946,
      "location-after-char-start": 24840,
      "location-after-char-end": 24954,
      "node-str": ""
    },
    {
      "type": "insert-node",
      "node": {
        "label": "java.lang.Object",
        "type": "VARIABLE_TYPE"
      },
      "location-after-char-start": 0,
      "location-after-char-end": 0,
      "node-str": "java.lang.Object"
    },
    {
      "type": "update-node",
      "node": {
        "label": "newInstance",
        "type": "Invocation"
      },
      "location-before-char-start": 23486,
      "location-before-char-end": 23568,
      "location-after-char-start": 55473,
      "location-after-char-end": 55546,
      "node-str": "isAssignableFrom"
    },
    {
      "type": "move-subtree",
      "node": {
        "label": "newInstance",
        "type": "Invocation"
      },
      "location-before-char-start": 23486,
      "location-before-char-end": 23568,
      "location-after-char-start": 55473,
      "location-after-char-end": 55546,
      "node-str": "isAssignableFrom"
    },
    {
      "type": "move-subtree",
      "node": {
        "label": "THEN",
        "type": "then"
      },
      "location-before-char-start": 26156,
      "location-before-char-end": 26553,
      "location-after-char-start": 55555,
      "location-after-char-end": 56019,
      "node-str": "THEN"
    },
    {
      "type": "move-subtree",
      "node": {
        "label": "ELSE",
        "type": "else"
      },
      "location-before-char-start": 23887,
      "location-before-char-end": 24439,
      "location-after-char-start": 56038,
      "location-after-char-end": 56194,
      "node-str": "ELSE"
    },
    {
      "type": "insert-node",
      "node": {
        "label": "relatedId",
        "type": "VariableRead"
      },
      "location-after-char-start": 56209,
      "location-after-char-end": 56217,
      "node-str": "relatedId"
    },
    {
      "type": "move-subtree",
      "node": {
        "label": "if",
        "type": "If"
      },
      "location-before-char-start": 24703,
      "location-before-char-end": 25379,
      "location-after-char-start": 23183,
      "location-after-char-end": 23954,
      "node-str": "if"
    },
    {
      "type": "insert-node",
      "node": {
        "label": "if",
        "type": "If"
      },
      "location-after-char-start": 23992,
      "location-after-char-end": 24194,
      "node-str": "if"
    },
    {
      "type": "move-subtree",
      "node": {
        "label": "i",
        "type": "LocalVariable"
      },
      "location-before-char-start": 26000,
      "location-before-char-end": 26008,
      "location-after-char-start": 24844,
      "location-after-char-end": 24852,
      "node-str": "i"
    },
    {
      "type": "insert-node",
      "node": {
        "label": "LT",
        "type": "BinaryOperator"
      },
      "location-after-char-start": 24855,
      "location-after-char-end": 24871,
      "node-str": "LT"
    },
    {
      "type": "move-subtree",
      "node": {
        "label": "PREINC",
        "type": "UnaryOperator"
      },
      "location-before-char-start": 26033,
      "location-before-char-end": 26035,
      "location-after-char-start": 24874,
      "location-after-char-end": 24876,
      "node-str": "PREINC"
    },
    {
      "type": "insert-node",
      "node": {
        "label": "getClass",
        "type": "Invocation"
      },
      "location-after-char-start": 55524,
      "location-after-char-end": 55545,
      "node-str": "getClass"
    },
    {
      "type": "insert-node",
      "node": {
        "label": "local",
        "type": "LocalVariable"
      },
      "location-after-char-start": 55566,
      "location-after-char-end": 55617,
      "node-str": "local"
    },
    {
      "type": "insert-node",
      "node": {
        "label": "if",
        "type": "If"
      },
      "location-after-char-start": 55842,
      "location-after-char-end": 56011,
      "node-str": "if"
    },
    {
      "type": "move-subtree",
      "node": {
        "label": "",
        "type": "Throw"
      },
      "location-before-char-start": 24201,
      "location-before-char-end": 24329,
      "location-after-char-start": 56049,
      "location-after-char-end": 56186,
      "node-str": ""
    },
    {
      "type": "insert-node",
      "node": {
        "label": "NOT",
        "type": "UnaryOperator"
      },
      "location-after-char-start": 23186,
      "location-after-char-end": 23199,
      "node-str": "NOT"
    },
    {
      "type": "insert-node",
      "node": {
        "label": "ELSE",
        "type": "else"
      },
      "location-after-char-start": 23898,
      "location-after-char-end": 23954,
      "node-str": "ELSE"
    },
    {
      "type": "move-subtree",
      "node": {
        "label": "NE",
        "type": "BinaryOperator"
      },
      "location-before-char-start": 23901,
      "location-before-char-end": 23916,
      "location-after-char-start": 23995,
      "location-after-char-end": 24010,
      "node-str": "NE"
    },
    {
      "type": "insert-node",
      "node": {
        "label": "THEN",
        "type": "then"
      },
      "location-after-char-start": 24022,
      "location-after-char-end": 24113,
      "node-str": "THEN"
    },
    {
      "type": "insert-node",
      "node": {
        "label": "ELSE",
        "type": "else"
      },
      "location-after-char-start": 24138,
      "location-after-char-end": 24194,
      "node-str": "ELSE"
    },
    {
      "type": "update-node",
      "node": {
        "label": "valuesCopy",
        "type": "LocalVariable"
      },
      "location-before-char-start": 25530,
      "location-before-char-end": 25568,
      "location-after-char-start": 24597,
      "location-after-char-end": 24654,
      "node-str": "curPks"
    },
    {
      "type": "move-subtree",
      "node": {
        "label": "i",
        "type": "VariableRead"
      },
      "location-before-char-start": 26011,
      "location-before-char-end": 26011,
      "location-after-char-start": 24855,
      "location-after-char-end": 24855,
      "node-str": "i"
    },
    {
      "type": "insert-node",
      "node": {
        "label": "size",
        "type": "Invocation"
      },
      "location-after-char-start": 24859,
      "location-after-char-end": 24871,
      "node-str": "size"
    },
    {
      "type": "insert-node",
      "node": {
        "label": "localObject",
        "type": "VariableRead"
      },
      "location-after-char-start": 55524,
      "location-after-char-end": 55534,
      "node-str": "localObject"
    },
    {
      "type": "move-subtree",
      "node": {
        "label": "javax.ejb.EJBLocalObject",
        "type": "VARIABLE_TYPE"
      },
      "location-before-char-start": 0,
      "location-before-char-end": 0,
      "location-after-char-start": 0,
      "location-after-char-end": 0,
      "node-str": "javax.ejb.EJBLocalObject"
    },
    {
      "type": "insert-node",
      "node": {
        "label": "localObject",
        "type": "VariableRead"
      },
      "location-after-char-start": 55589,
      "location-after-char-end": 55616,
      "node-str": "localObject"
    },
    {
      "type": "insert-node",
      "node": {
        "label": "wasCascadeDeleted",
        "type": "Invocation"
      },
      "location-after-char-start": 55845,
      "location-after-char-end": 55887,
      "node-str": "wasCascadeDeleted"
    },
    {
      "type": "insert-node",
      "node": {
        "label": "THEN",
        "type": "then"
      },
      "location-after-char-start": 55899,
      "location-after-char-end": 56011,
      "node-str": "THEN"
    },
    {
      "type": "update-node",
      "node": {
        "label": "toArray",
        "type": "Invocation"
      },
      "location-before-char-start": 23607,
      "location-before-char-end": 23629,
      "location-after-char-start": 23187,
      "location-after-char-end": 23199,
      "node-str": "isEmpty"
    },
    {
      "type": "move-subtree",
      "node": {
        "label": "toArray",
        "type": "Invocation"
      },
      "location-before-char-start": 23607,
      "location-before-char-end": 23629,
      "location-after-char-start": 23187,
      "location-after-char-end": 23199,
      "node-str": "isEmpty"
    },
    {
      "type": "insert-node",
      "node": {
        "label": "\u003d",
        "type": "Assignment"
      },
      "location-after-char-start": 23912,
      "location-after-char-end": 23943,
      "node-str": "\u003d"
    },
    {
      "type": "insert-node",
      "node": {
        "label": "\u003d",
        "type": "Assignment"
      },
      "location-after-char-start": 24036,
      "location-after-char-end": 24102,
      "node-str": "\u003d"
    },
    {
      "type": "insert-node",
      "node": {
        "label": "\u003d",
        "type": "Assignment"
      },
      "location-after-char-start": 24152,
      "location-after-char-end": 24183,
      "node-str": "\u003d"
    },
    {
      "type": "update-node",
      "node": {
        "label": "java.util.List",
        "type": "VARIABLE_TYPE"
      },
      "location-before-char-start": 0,
      "location-before-char-end": 0,
      "location-after-char-start": 0,
      "location-after-char-end": 0,
      "node-str": "java.lang.Object[]"
    },
    {
      "type": "insert-node",
      "node": {
        "label": "toArray",
        "type": "Invocation"
      },
      "location-after-char-start": 24615,
      "location-after-char-end": 24653,
      "node-str": "toArray"
    },
    {
      "type": "insert-node",
      "node": {
        "label": "newPks",
        "type": "VariableRead"
      },
      "location-after-char-start": 24859,
      "location-after-char-end": 24864,
      "node-str": "newPks"
    },
    {
      "type": "update-node",
      "node": {
        "label": "newPkValues",
        "type": "VariableRead"
      },
      "location-before-char-start": 25913,
      "location-before-char-end": 25923,
      "location-after-char-start": 24929,
      "location-after-char-end": 24934,
      "node-str": "newPks"
    },
    {
      "type": "insert-node",
      "node": {
        "label": "relatedManager",
        "type": "FieldRead"
      },
      "location-after-char-start": 55845,
      "location-after-char-end": 55858,
      "node-str": "relatedManager"
    },
    {
      "type": "insert-node",
      "node": {
        "label": "relatedId",
        "type": "VariableRead"
      },
      "location-after-char-start": 55878,
      "location-after-char-end": 55886,
      "node-str": "relatedId"
    },
    {
      "type": "insert-node",
      "node": {
        "label": "",
        "type": "Throw"
      },
      "location-after-char-start": 55913,
      "location-after-char-end": 56000,
      "node-str": ""
    },
    {
      "type": "update-node",
      "node": {
        "label": "newPkValues",
        "type": "VariableWrite"
      },
      "location-before-char-start": 24763,
      "location-before-char-end": 24773,
      "location-after-char-start": 23225,
      "location-after-char-end": 23230,
      "node-str": "newPks"
    },
    {
      "type": "update-node",
      "node": {
        "label": "java.util.ArrayList()",
        "type": "ConstructorCall"
      },
      "location-before-char-start": 24777,
      "location-before-char-end": 24791,
      "location-after-char-start": 23234,
      "location-after-char-end": 23258,
      "node-str": "java.util.ArrayList(int)"
    },
    {
      "type": "insert-node",
      "node": {
        "label": "iter",
        "type": "LocalVariable"
      },
      "location-after-char-start": 23277,
      "location-after-char-end": 23306,
      "node-str": "iter"
    },
    {
      "type": "insert-node",
      "node": {
        "label": "hasNext",
        "type": "Invocation"
      },
      "location-after-char-start": 23309,
      "location-after-char-end": 23322,
      "node-str": "hasNext"
    },
    {
      "type": "insert-node",
      "node": {
        "label": "localObject",
        "type": "LocalVariable"
      },
      "location-after-char-start": 23355,
      "location-after-char-end": 23387,
      "node-str": "localObject"
    },
    {
      "type": "insert-node",
      "node": {
        "label": "newPks",
        "type": "VariableWrite"
      },
      "location-after-char-start": 23912,
      "location-after-char-end": 23917,
      "node-str": "newPks"
    },
    {
      "type": "insert-node",
      "node": {
        "label": "EMPTY_LIST",
        "type": "FieldRead"
      },
      "location-after-char-start": 23921,
      "location-after-char-end": 23942,
      "node-str": "EMPTY_LIST"
    },
    {
      "type": "insert-node",
      "node": {
        "label": "newPks",
        "type": "VariableWrite"
      },
      "location-after-char-start": 24036,
      "location-after-char-end": 24041,
      "node-str": "newPks"
    },
    {
      "type": "insert-node",
      "node": {
        "label": "singletonList",
        "type": "Invocation"
      },
      "location-after-char-start": 24045,
      "location-after-char-end": 24101,
      "node-str": "singletonList"
    },
    {
      "type": "insert-node",
      "node": {
        "label": "newPks",
        "type": "VariableWrite"
      },
      "location-after-char-start": 24152,
      "location-after-char-end": 24157,
      "node-str": "newPks"
    },
    {
      "type": "insert-node",
      "node": {
        "label": "EMPTY_LIST",
        "type": "FieldRead"
      },
      "location-after-char-start": 24161,
      "location-after-char-end": 24182,
      "node-str": "EMPTY_LIST"
    },
    {
      "type": "move-subtree",
      "node": {
        "label": "value",
        "type": "VariableRead"
      },
      "location-before-char-start": 25562,
      "location-before-char-end": 25566,
      "location-after-char-start": 24615,
      "location-after-char-end": 24619,
      "node-str": "value"
    },
    {
      "type": "insert-node",
      "node": {
        "label": "",
        "type": "NewArray"
      },
      "location-after-char-start": 24629,
      "location-after-char-end": 24652,
      "node-str": ""
    },
    {
      "type": "insert-node",
      "node": {
        "label": "length",
        "type": "FieldRead"
      },
      "location-after-char-start": 24687,
      "location-after-char-end": 24699,
      "node-str": "length"
    },
    {
      "type": "insert-node",
      "node": {
        "label": "",
        "type": "ArrayRead"
      },
      "location-after-char-start": 24764,
      "location-after-char-end": 24772,
      "node-str": ""
    },
    {
      "type": "update-node",
      "node": {
        "label": "newBean",
        "type": "VariableRead"
      },
      "location-before-char-start": 26269,
      "location-before-char-end": 26275,
      "location-after-char-start": 55667,
      "location-after-char-end": 55671,
      "node-str": "local"
    },
    {
      "type": "insert-node",
      "node": {
        "label": "org.jboss.ejb.plugins.cmp.jdbc.bridge.JDBCCMRFieldBridge",
        "type": "TypeAccess"
      },
      "location-after-char-start": 0,
      "location-after-char-end": 0,
      "node-str": "org.jboss.ejb.plugins.cmp.jdbc.bridge.JDBCCMRFieldBridge"
    },
    {
      "type": "insert-node",
      "node": {
        "label": "java.lang.IllegalArgumentException(java.lang.String)",
        "type": "ConstructorCall"
      },
      "location-after-char-start": 55919,
      "location-after-char-end": 55999,
      "node-str": "java.lang.IllegalArgumentException(java.lang.String)"
    },
    {
      "type": "update-node",
      "node": {
        "label": "\"The value must be of type \"",
        "type": "Literal"
      },
      "location-before-char-start": 24236,
      "location-before-char-end": 24263,
      "location-after-char-start": 56084,
      "location-after-char-end": 56126,
      "node-str": "\"The values of this field must be of type \""
    },
    {
      "type": "move-subtree",
      "node": {
        "label": "size",
        "type": "Invocation"
      },
      "location-before-char-start": 23558,
      "location-before-char-end": 23567,
      "location-after-char-start": 23248,
      "location-after-char-end": 23257,
      "node-str": "size"
    },
    {
      "type": "insert-node",
      "node": {
        "label": "java.util.Iterator",
        "type": "VARIABLE_TYPE"
      },
      "location-after-char-start": 0,
      "location-after-char-end": 0,
      "node-str": "java.util.Iterator"
    },
    {
      "type": "insert-node",
      "node": {
        "label": "iterator",
        "type": "Invocation"
      },
      "location-after-char-start": 23293,
      "location-after-char-end": 23306,
      "node-str": "iterator"
    },
    {
      "type": "insert-node",
      "node": {
        "label": "iter",
        "type": "VariableRead"
      },
      "location-after-char-start": 23309,
      "location-after-char-end": 23312,
      "node-str": "iter"
    },
    {
      "type": "insert-node",
      "node": {
        "label": "java.lang.Object",
        "type": "VARIABLE_TYPE"
      },
      "location-after-char-start": 0,
      "location-after-char-end": 0,
      "node-str": "java.lang.Object"
    },
    {
      "type": "insert-node",
      "node": {
        "label": "next",
        "type": "Invocation"
      },
      "location-after-char-start": 23376,
      "location-after-char-end": 23386,
      "node-str": "next"
    },
    {
      "type": "insert-node",
      "node": {
        "label": "java.util.Collections",
        "type": "TypeAccess"
      },
      "location-after-char-start": 23921,
      "location-after-char-end": 23931,
      "node-str": "java.util.Collections"
    },
    {
      "type": "insert-node",
      "node": {
        "label": "java.util.Collections",
        "type": "TypeAccess"
      },
      "location-after-char-start": 24045,
      "location-after-char-end": 24055,
      "node-str": "java.util.Collections"
    },
    {
      "type": "insert-node",
      "node": {
        "label": "getRelatedPrimaryKey",
        "type": "Invocation"
      },
      "location-after-char-start": 24071,
      "location-after-char-end": 24100,
      "node-str": "getRelatedPrimaryKey"
    },
    {
      "type": "insert-node",
      "node": {
        "label": "java.util.Collections",
        "type": "TypeAccess"
      },
      "location-after-char-start": 24161,
      "location-after-char-end": 24171,
      "node-str": "java.util.Collections"
    },
    {
      "type": "insert-node",
      "node": {
        "label": "size",
        "type": "Invocation"
      },
      "location-after-char-start": 24640,
      "location-after-char-end": 24651,
      "node-str": "size"
    },
    {
      "type": "insert-node",
      "node": {
        "label": "curPks",
        "type": "VariableRead"
      },
      "location-after-char-start": 24687,
      "location-after-char-end": 24692,
      "node-str": "curPks"
    },
    {
      "type": "insert-node",
      "node": {
        "label": "curPks",
        "type": "VariableRead"
      },
      "location-after-char-start": 24764,
      "location-after-char-end": 24769,
      "node-str": "curPks"
    },
    {
      "type": "move-subtree",
      "node": {
        "label": "i",
        "type": "VariableRead"
      },
      "location-before-char-start": 25697,
      "location-before-char-end": 25697,
      "location-after-char-start": 24771,
      "location-after-char-end": 24771,
      "node-str": "i"
    },
    {
      "type": "insert-node",
      "node": {
        "label": "PLUS",
        "type": "BinaryOperator"
      },
      "location-after-char-start": 55948,
      "location-after-char-end": 55998,
      "node-str": "PLUS"
    },
    {
      "type": "insert-node",
      "node": {
        "label": "col",
        "type": "VariableRead"
      },
      "location-after-char-start": 23293,
      "location-after-char-end": 23295,
      "node-str": "col"
    },
    {
      "type": "insert-node",
      "node": {
        "label": "iter",
        "type": "VariableRead"
      },
      "location-after-char-start": 23376,
      "location-after-char-end": 23379,
      "node-str": "iter"
    },
    {
      "type": "update-node",
      "node": {
        "label": "ejbObject",
        "type": "VariableRead"
      },
      "location-before-char-start": 24924,
      "location-before-char-end": 24932,
      "location-after-char-start": 23407,
      "location-after-char-end": 23417,
      "node-str": "localObject"
    },
    {
      "type": "update-node",
      "node": {
        "label": "pkObject",
        "type": "LocalVariable"
      },
      "location-before-char-start": 24972,
      "location-before-char-end": 24987,
      "location-after-char-start": 23463,
      "location-after-char-end": 23515,
      "node-str": "relatedId"
    },
    {
      "type": "insert-node",
      "node": {
        "label": "if",
        "type": "If"
      },
      "location-after-char-start": 23649,
      "location-after-char-end": 23789,
      "node-str": "if"
    },
    {
      "type": "insert-node",
      "node": {
        "label": "add",
        "type": "Invocation"
      },
      "location-after-char-start": 23810,
      "location-after-char-end": 23831,
      "node-str": "add"
    },
    {
      "type": "move-subtree",
      "node": {
        "label": "org.jboss.ejb.plugins.cmp.jdbc.bridge.JDBCCMRFieldBridge",
        "type": "TypeAccess"
      },
      "location-before-char-start": 0,
      "location-before-char-end": 0,
      "location-after-char-start": 0,
      "location-after-char-end": 0,
      "node-str": "org.jboss.ejb.plugins.cmp.jdbc.bridge.JDBCCMRFieldBridge"
    },
    {
      "type": "move-subtree",
      "node": {
        "label": "newValue",
        "type": "VariableRead"
      },
      "location-before-char-start": 24090,
      "location-before-char-end": 24114,
      "location-after-char-start": 24092,
      "location-after-char-end": 24099,
      "node-str": "newValue"
    },
    {
      "type": "insert-node",
      "node": {
        "label": "value",
        "type": "VariableRead"
      },
      "location-after-char-start": 24640,
      "location-after-char-end": 24644,
      "node-str": "value"
    },
    {
      "type": "insert-node",
      "node": {
        "label": "\"The instance was cascade-deleted: pk\u003d\"",
        "type": "Literal"
      },
      "location-after-char-start": 55948,
      "location-after-char-end": 55986,
      "node-str": "\"The instance was cascade-deleted: pk\u003d\""
    },
    {
      "type": "insert-node",
      "node": {
        "label": "relatedId",
        "type": "VariableRead"
      },
      "location-after-char-start": 55990,
      "location-after-char-end": 55998,
      "node-str": "relatedId"
    },
    {
      "type": "insert-node",
      "node": {
        "label": "getRelatedPrimaryKey",
        "type": "Invocation"
      },
      "location-after-char-start": 23482,
      "location-after-char-end": 23514,
      "node-str": "getRelatedPrimaryKey"
    },
    {
      "type": "move-subtree",
      "node": {
        "label": "GT",
        "type": "BinaryOperator"
      },
      "location-before-char-start": 24706,
      "location-before-char-end": 24743,
      "location-after-char-start": 23652,
      "location-after-char-end": 23689,
      "node-str": "GT"
    },
    {
      "type": "insert-node",
      "node": {
        "label": "THEN",
        "type": "then"
      },
      "location-after-char-start": 23710,
      "location-after-char-end": 23789,
      "node-str": "THEN"
    },
    {
      "type": "insert-node",
      "node": {
        "label": "newPks",
        "type": "VariableRead"
      },
      "location-after-char-start": 23810,
      "location-after-char-end": 23815,
      "node-str": "newPks"
    },
    {
      "type": "move-subtree",
      "node": {
        "label": "relatedId",
        "type": "VariableRead"
      },
      "location-before-char-start": 26526,
      "location-before-char-end": 26534,
      "location-after-char-start": 23821,
      "location-after-char-end": 23829,
      "node-str": "relatedId"
    },
    {
      "type": "insert-node",
      "node": {
        "label": "org.jboss.ejb.plugins.cmp.jdbc.bridge.JDBCCMRFieldBridge",
        "type": "TypeAccess"
      },
      "location-after-char-start": 0,
      "location-after-char-end": 0,
      "node-str": "org.jboss.ejb.plugins.cmp.jdbc.bridge.JDBCCMRFieldBridge"
    },
    {
      "type": "insert-node",
      "node": {
        "label": "localObject",
        "type": "VariableRead"
      },
      "location-after-char-start": 23503,
      "location-after-char-end": 23513,
      "node-str": "localObject"
    },
    {
      "type": "move-subtree",
      "node": {
        "label": "checkSetForeignKey",
        "type": "Invocation"
      },
      "location-before-char-start": 25269,
      "location-before-char-end": 25304,
      "location-after-char-start": 23733,
      "location-after-char-end": 23769,
      "node-str": "checkSetForeignKey"
    },
    {
      "type": "update-node",
      "node": {
        "label": "pkObject",
        "type": "VariableRead"
      },
      "location-before-char-start": 25295,
      "location-before-char-end": 25302,
      "location-after-char-start": 23759,
      "location-after-char-end": 23767,
      "node-str": "relatedId"
    },
    {
      "type": "delete-node",
      "node": {
        "label": "javax.ejb.EJBLocalObject[]",
        "type": "VARIABLE_TYPE"
      },
      "location-before-char-start": 0,
      "location-before-char-end": 0,
      "node-str": "javax.ejb.EJBLocalObject[]"
    },
    {
      "type": "delete-node",
      "node": {
        "label": "final",
        "type": "Modifier"
      },
      "location-before-char-start": 0,
      "location-before-char-end": 0,
      "node-str": "final"
    },
    {
      "type": "delete-node",
      "node": {
        "label": "static",
        "type": "Modifier"
      },
      "location-before-char-start": 0,
      "location-before-char-end": 0,
      "node-str": "static"
    },
    {
      "type": "delete-node",
      "node": {
        "label": "0",
        "type": "Literal"
      },
      "location-before-char-start": 2910,
      "location-before-char-end": 2910,
      "node-str": "0"
    },
    {
      "type": "delete-node",
      "node": {
        "label": "",
        "type": "NewArray"
      },
      "location-before-char-start": 2891,
      "location-before-char-end": 2911,
      "node-str": ""
    },
    {
      "type": "delete-node",
      "node": {
        "label": "EMPTY_LOCAL_ARR",
        "type": "Field"
      },
      "location-before-char-start": 2835,
      "location-before-char-end": 2912,
      "node-str": "EMPTY_LOCAL_ARR"
    },
    {
      "type": "delete-node",
      "node": {
        "label": "null",
        "type": "Literal"
      },
      "location-before-char-start": 24580,
      "location-before-char-end": 24583,
      "node-str": "null"
    },
    {
      "type": "delete-node",
      "node": {
        "label": "valueCopy",
        "type": "VariableRead"
      },
      "location-before-char-start": 23619,
      "location-before-char-end": 23627,
      "node-str": "valueCopy"
    },
    {
      "type": "delete-node",
      "node": {
        "label": "int",
        "type": "VARIABLE_TYPE"
      },
      "location-before-char-start": 0,
      "location-before-char-end": 0,
      "node-str": "int"
    },
    {
      "type": "delete-node",
      "node": {
        "label": "0",
        "type": "Literal"
      },
      "location-before-char-start": 24815,
      "location-before-char-end": 24815,
      "node-str": "0"
    },
    {
      "type": "delete-node",
      "node": {
        "label": "i",
        "type": "LocalVariable"
      },
      "location-before-char-start": 24807,
      "location-before-char-end": 24815,
      "node-str": "i"
    },
    {
      "type": "delete-node",
      "node": {
        "label": "i",
        "type": "VariableRead"
      },
      "location-before-char-start": 24818,
      "location-before-char-end": 24818,
      "node-str": "i"
    },
    {
      "type": "delete-node",
      "node": {
        "label": "valueCopy",
        "type": "VariableRead"
      },
      "location-before-char-start": 24822,
      "location-before-char-end": 24837,
      "node-str": "valueCopy"
    },
    {
      "type": "delete-node",
      "node": {
        "label": "length",
        "type": "FieldRead"
      },
      "location-before-char-start": 24822,
      "location-before-char-end": 24837,
      "node-str": "length"
    },
    {
      "type": "delete-node",
      "node": {
        "label": "LT",
        "type": "BinaryOperator"
      },
      "location-before-char-start": 24818,
      "location-before-char-end": 24837,
      "node-str": "LT"
    },
    {
      "type": "delete-node",
      "node": {
        "label": "i",
        "type": "VariableWrite"
      },
      "location-before-char-start": 24842,
      "location-before-char-end": 24842,
      "node-str": "i"
    },
    {
      "type": "delete-node",
      "node": {
        "label": "PREINC",
        "type": "UnaryOperator"
      },
      "location-before-char-start": 24840,
      "location-before-char-end": 24842,
      "node-str": "PREINC"
    },
    {
      "type": "delete-node",
      "node": {
        "label": "valueCopy",
        "type": "VariableRead"
      },
      "location-before-char-start": 24895,
      "location-before-char-end": 24903,
      "node-str": "valueCopy"
    },
    {
      "type": "delete-node",
      "node": {
        "label": "i",
        "type": "VariableRead"
      },
      "location-before-char-start": 24905,
      "location-before-char-end": 24905,
      "node-str": "i"
    },
    {
      "type": "delete-node",
      "node": {
        "label": "",
        "type": "ArrayRead"
      },
      "location-before-char-start": 24895,
      "location-before-char-end": 24906,
      "node-str": ""
    },
    {
      "type": "delete-node",
      "node": {
        "label": "ejbObject",
        "type": "LocalVariable"
      },
      "location-before-char-start": 24868,
      "location-before-char-end": 24907,
      "node-str": "ejbObject"
    },
    {
      "type": "delete-node",
      "node": {
        "label": "pkObject",
        "type": "VariableWrite"
      },
      "location-before-char-start": 25043,
      "location-before-char-end": 25050,
      "node-str": "pkObject"
    },
    {
      "type": "delete-node",
      "node": {
        "label": "ejbObject",
        "type": "VariableRead"
      },
      "location-before-char-start": 25054,
      "location-before-char-end": 25062,
      "node-str": "ejbObject"
    },
    {
      "type": "delete-node",
      "node": {
        "label": "getPrimaryKey",
        "type": "Invocation"
      },
      "location-before-char-start": 25054,
      "location-before-char-end": 25078,
      "node-str": "getPrimaryKey"
    },
    {
      "type": "delete-node",
      "node": {
        "label": "\u003d",
        "type": "Assignment"
      },
      "location-before-char-start": 25043,
      "location-before-char-end": 25079,
      "node-str": "\u003d"
    },
    {
      "type": "delete-node",
      "node": {
        "label": "javax.ejb.NoSuchObjectLocalException",
        "type": "VARIABLE_TYPE"
      },
      "location-before-char-start": 0,
      "location-before-char-end": 0,
      "node-str": "javax.ejb.NoSuchObjectLocalException"
    },
    {
      "type": "delete-node",
      "node": {
        "label": "e",
        "type": "CatchVariable"
      },
      "location-before-char-start": 25119,
      "location-before-char-end": 25146,
      "node-str": "e"
    },
    {
      "type": "delete-node",
      "node": {
        "label": "e",
        "type": "VariableRead"
      },
      "location-before-char-start": 25219,
      "location-before-char-end": 25219,
      "node-str": "e"
    },
    {
      "type": "delete-node",
      "node": {
        "label": "getMessage",
        "type": "Invocation"
      },
      "location-before-char-start": 25219,
      "location-before-char-end": 25232,
      "node-str": "getMessage"
    },
    {
      "type": "delete-node",
      "node": {
        "label": "java.lang.IllegalArgumentException(java.lang.String)",
        "type": "ConstructorCall"
      },
      "location-before-char-start": 25190,
      "location-before-char-end": 25233,
      "node-str": "java.lang.IllegalArgumentException(java.lang.String)"
    },
    {
      "type": "delete-node",
      "node": {
        "label": "",
        "type": "Throw"
      },
      "location-before-char-start": 25184,
      "location-before-char-end": 25234,
      "node-str": ""
    },
    {
      "type": "delete-node",
      "node": {
        "label": "",
        "type": "Catch"
      },
      "location-before-char-start": 25097,
      "location-before-char-end": 25251,
      "node-str": ""
    },
    {
      "type": "delete-node",
      "node": {
        "label": "",
        "type": "Try"
      },
      "location-before-char-start": 25004,
      "location-before-char-end": 25251,
      "node-str": ""
    },
    {
      "type": "delete-node",
      "node": {
        "label": "newPkValues",
        "type": "VariableRead"
      },
      "location-before-char-start": 25321,
      "location-before-char-end": 25331,
      "node-str": "newPkValues"
    },
    {
      "type": "delete-node",
      "node": {
        "label": "pkObject",
        "type": "VariableRead"
      },
      "location-before-char-start": 25337,
      "location-before-char-end": 25344,
      "node-str": "pkObject"
    },
    {
      "type": "delete-node",
      "node": {
        "label": "add",
        "type": "Invocation"
      },
      "location-before-char-start": 25321,
      "location-before-char-end": 25346,
      "node-str": "add"
    },
    {
      "type": "delete-node",
      "node": {
        "label": "valueCopy",
        "type": "VariableWrite"
      },
      "location-before-char-start": 23474,
      "location-before-char-end": 23482,
      "node-str": "valueCopy"
    },
    {
      "type": "delete-node",
      "node": {
        "label": "\u003d",
        "type": "Assignment"
      },
      "location-before-char-start": 23474,
      "location-before-char-end": 23569,
      "node-str": "\u003d"
    },
    {
      "type": "delete-node",
      "node": {
        "label": "java.lang.ArrayStoreException",
        "type": "VARIABLE_TYPE"
      },
      "location-before-char-start": 0,
      "location-before-char-end": 0,
      "node-str": "java.lang.ArrayStoreException"
    },
    {
      "type": "delete-node",
      "node": {
        "label": "e",
        "type": "CatchVariable"
      },
      "location-before-char-start": 23657,
      "location-before-char-end": 23677,
      "node-str": "e"
    },
    {
      "type": "delete-node",
      "node": {
        "label": "\"The elements in the collection must be of type \"",
        "type": "Literal"
      },
      "location-before-char-start": 23738,
      "location-before-char-end": 23786,
      "node-str": "\"The elements in the collection must be of type \""
    },
    {
      "type": "delete-node",
      "node": {
        "label": "org.jboss.ejb.plugins.cmp.jdbc.bridge.JDBCCMRFieldBridge",
        "type": "TypeAccess"
      },
      "location-before-char-start": 0,
      "location-before-char-end": 0,
      "node-str": "org.jboss.ejb.plugins.cmp.jdbc.bridge.JDBCCMRFieldBridge"
    },
    {
      "type": "delete-node",
      "node": {
        "label": "relatedEntity",
        "type": "FieldRead"
      },
      "location-before-char-start": 23805,
      "location-before-char-end": 23817,
      "node-str": "relatedEntity"
    },
    {
      "type": "delete-node",
      "node": {
        "label": "getLocalInterface",
        "type": "Invocation"
      },
      "location-before-char-start": 23805,
      "location-before-char-end": 23837,
      "node-str": "getLocalInterface"
    },
    {
      "type": "delete-node",
      "node": {
        "label": "getName",
        "type": "Invocation"
      },
      "location-before-char-start": 23805,
      "location-before-char-end": 23847,
      "node-str": "getName"
    },
    {
      "type": "delete-node",
      "node": {
        "label": "PLUS",
        "type": "BinaryOperator"
      },
      "location-before-char-start": 23738,
      "location-before-char-end": 23847,
      "node-str": "PLUS"
    },
    {
      "type": "delete-node",
      "node": {
        "label": "java.lang.IllegalArgumentException(java.lang.String)",
        "type": "ConstructorCall"
      },
      "location-before-char-start": 23709,
      "location-before-char-end": 23848,
      "node-str": "java.lang.IllegalArgumentException(java.lang.String)"
    },
    {
      "type": "delete-node",
      "node": {
        "label": "",
        "type": "Throw"
      },
      "location-before-char-start": 23703,
      "location-before-char-end": 23849,
      "node-str": ""
    },
    {
      "type": "delete-node",
      "node": {
        "label": "",
        "type": "Catch"
      },
      "location-before-char-start": 23641,
      "location-before-char-end": 23860,
      "node-str": ""
    },
    {
      "type": "delete-node",
      "node": {
        "label": "",
        "type": "Try"
      },
      "location-before-char-start": 23580,
      "location-before-char-end": 23860,
      "node-str": ""
    },
    {
      "type": "delete-node",
      "node": {
        "label": "javax.ejb.EJBLocalObject[]",
        "type": "VARIABLE_TYPE"
      },
      "location-before-char-start": 0,
      "location-before-char-end": 0,
      "node-str": "javax.ejb.EJBLocalObject[]"
    },
    {
      "type": "delete-node",
      "node": {
        "label": "valueCopy",
        "type": "LocalVariable"
      },
      "location-before-char-start": 23339,
      "location-before-char-end": 23365,
      "node-str": "valueCopy"
    },
    {
      "type": "delete-node",
      "node": {
        "label": "java.util.ArrayList(java.util.Collection)",
        "type": "ConstructorCall"
      },
      "location-before-char-start": 25548,
      "location-before-char-end": 25567,
      "node-str": "java.util.ArrayList(java.util.Collection)"
    },
    {
      "type": "delete-node",
      "node": {
        "label": "valuesCopy",
        "type": "VariableRead"
      },
      "location-before-char-start": 25601,
      "location-before-char-end": 25610,
      "node-str": "valuesCopy"
    },
    {
      "type": "delete-node",
      "node": {
        "label": "size",
        "type": "Invocation"
      },
      "location-before-char-start": 25601,
      "location-before-char-end": 25617,
      "node-str": "size"
    },
    {
      "type": "delete-node",
      "node": {
        "label": "valuesCopy",
        "type": "VariableRead"
      },
      "location-before-char-start": 25682,
      "location-before-char-end": 25691,
      "node-str": "valuesCopy"
    },
    {
      "type": "delete-node",
      "node": {
        "label": "get",
        "type": "Invocation"
      },
      "location-before-char-start": 25682,
      "location-before-char-end": 25698,
      "node-str": "get"
    },
    {
      "type": "delete-node",
      "node": {
        "label": "int",
        "type": "VARIABLE_TYPE"
      },
      "location-before-char-start": 0,
      "location-before-char-end": 0,
      "node-str": "int"
    },
    {
      "type": "delete-node",
      "node": {
        "label": "0",
        "type": "Literal"
      },
      "location-before-char-start": 25825,
      "location-before-char-end": 25825,
      "node-str": "0"
    },
    {
      "type": "delete-node",
      "node": {
        "label": "i",
        "type": "LocalVariable"
      },
      "location-before-char-start": 25817,
      "location-before-char-end": 25825,
      "node-str": "i"
    },
    {
      "type": "delete-node",
      "node": {
        "label": "i",
        "type": "VariableRead"
      },
      "location-before-char-start": 25828,
      "location-before-char-end": 25828,
      "node-str": "i"
    },
    {
      "type": "delete-node",
      "node": {
        "label": "newPkValues",
        "type": "VariableRead"
      },
      "location-before-char-start": 25832,
      "location-before-char-end": 25842,
      "node-str": "newPkValues"
    },
    {
      "type": "delete-node",
      "node": {
        "label": "size",
        "type": "Invocation"
      },
      "location-before-char-start": 25832,
      "location-before-char-end": 25849,
      "node-str": "size"
    },
    {
      "type": "delete-node",
      "node": {
        "label": "LT",
        "type": "BinaryOperator"
      },
      "location-before-char-start": 25828,
      "location-before-char-end": 25849,
      "node-str": "LT"
    },
    {
      "type": "delete-node",
      "node": {
        "label": "i",
        "type": "VariableWrite"
      },
      "location-before-char-start": 25854,
      "location-before-char-end": 25854,
      "node-str": "i"
    },
    {
      "type": "delete-node",
      "node": {
        "label": "PREINC",
        "type": "UnaryOperator"
      },
      "location-before-char-start": 25852,
      "location-before-char-end": 25854,
      "node-str": "PREINC"
    },
    {
      "type": "delete-node",
      "node": {
        "label": "newPkValues",
        "type": "VariableRead"
      },
      "location-before-char-start": 25769,
      "location-before-char-end": 25779,
      "node-str": "newPkValues"
    },
    {
      "type": "delete-node",
      "node": {
        "label": "null",
        "type": "Literal"
      },
      "location-before-char-start": 25784,
      "location-before-char-end": 25787,
      "node-str": "null"
    },
    {
      "type": "delete-node",
      "node": {
        "label": "NE",
        "type": "BinaryOperator"
      },
      "location-before-char-start": 25769,
      "location-before-char-end": 25787,
      "node-str": "NE"
    },
    {
      "type": "delete-node",
      "node": {
        "label": "THEN",
        "type": "then"
      },
      "location-before-char-start": 25799,
      "location-before-char-end": 25957,
      "node-str": "THEN"
    },
    {
      "type": "delete-node",
      "node": {
        "label": "valueCopy",
        "type": "VariableRead"
      },
      "location-before-char-start": 26015,
      "location-before-char-end": 26030,
      "node-str": "valueCopy"
    },
    {
      "type": "delete-node",
      "node": {
        "label": "length",
        "type": "FieldRead"
      },
      "location-before-char-start": 26015,
      "location-before-char-end": 26030,
      "node-str": "length"
    },
    {
      "type": "delete-node",
      "node": {
        "label": "LT",
        "type": "BinaryOperator"
      },
      "location-before-char-start": 26011,
      "location-before-char-end": 26030,
      "node-str": "LT"
    },
    {
      "type": "delete-node",
      "node": {
        "label": "javax.ejb.EJBLocalObject",
        "type": "VARIABLE_TYPE"
      },
      "location-before-char-start": 0,
      "location-before-char-end": 0,
      "node-str": "javax.ejb.EJBLocalObject"
    },
    {
      "type": "delete-node",
      "node": {
        "label": "valueCopy",
        "type": "VariableRead"
      },
      "location-before-char-start": 26092,
      "location-before-char-end": 26100,
      "node-str": "valueCopy"
    },
    {
      "type": "delete-node",
      "node": {
        "label": "i",
        "type": "VariableRead"
      },
      "location-before-char-start": 26102,
      "location-before-char-end": 26102,
      "node-str": "i"
    },
    {
      "type": "delete-node",
      "node": {
        "label": "",
        "type": "ArrayRead"
      },
      "location-before-char-start": 26092,
      "location-before-char-end": 26103,
      "node-str": ""
    },
    {
      "type": "delete-node",
      "node": {
        "label": "newBean",
        "type": "LocalVariable"
      },
      "location-before-char-start": 26067,
      "location-before-char-end": 26104,
      "node-str": "newBean"
    },
    {
      "type": "delete-node",
      "node": {
        "label": "newBean",
        "type": "VariableRead"
      },
      "location-before-char-start": 26124,
      "location-before-char-end": 26130,
      "node-str": "newBean"
    },
    {
      "type": "delete-node",
      "node": {
        "label": "null",
        "type": "Literal"
      },
      "location-before-char-start": 26135,
      "location-before-char-end": 26138,
      "node-str": "null"
    },
    {
      "type": "delete-node",
      "node": {
        "label": "NE",
        "type": "BinaryOperator"
      },
      "location-before-char-start": 26124,
      "location-before-char-end": 26138,
      "node-str": "NE"
    },
    {
      "type": "delete-node",
      "node": {
        "label": "if",
        "type": "If"
      },
      "location-before-char-start": 26121,
      "location-before-char-end": 26553,
      "node-str": "if"
    },
    {
      "type": "delete-node",
      "node": {
        "label": "",
        "type": "For"
      },
      "location-before-char-start": 25996,
      "location-before-char-end": 26567,
      "node-str": ""
    },
    {
      "type": "delete-node",
      "node": {
        "label": "ELSE",
        "type": "else"
      },
      "location-before-char-start": 25982,
      "location-before-char-end": 26578,
      "node-str": "ELSE"
    },
    {
      "type": "delete-node",
      "node": {
        "label": "if",
        "type": "If"
      },
      "location-before-char-start": 25766,
      "location-before-char-end": 26578,
      "node-str": "if"
    },
    {
      "type": "delete-node",
      "node": {
        "label": "java.lang.reflect.Array",
        "type": "TypeAccess"
      },
      "location-before-char-start": 23505,
      "location-before-char-end": 23509,
      "node-str": "java.lang.reflect.Array"
    },
    {
      "type": "delete-node",
      "node": {
        "label": "myCtx",
        "type": "VariableRead"
      },
      "location-before-char-start": 26519,
      "location-before-char-end": 26523,
      "node-str": "myCtx"
    },
    {
      "type": "delete-node",
      "node": {
        "label": "createRelationLinks",
        "type": "Invocation"
      },
      "location-before-char-start": 26499,
      "location-before-char-end": 26536,
      "node-str": "createRelationLinks"
    },
    {
      "type": "delete-node",
      "node": {
        "label": "valueCopy",
        "type": "VariableWrite"
      },
      "location-before-char-start": 23942,
      "location-before-char-end": 23950,
      "node-str": "valueCopy"
    },
    {
      "type": "delete-node",
      "node": {
        "label": "java.lang.reflect.Array",
        "type": "TypeAccess"
      },
      "location-before-char-start": 23973,
      "location-before-char-end": 23977,
      "node-str": "java.lang.reflect.Array"
    },
    {
      "type": "delete-node",
      "node": {
        "label": "org.jboss.ejb.plugins.cmp.jdbc.bridge.JDBCCMRFieldBridge",
        "type": "TypeAccess"
      },
      "location-before-char-start": 0,
      "location-before-char-end": 0,
      "node-str": "org.jboss.ejb.plugins.cmp.jdbc.bridge.JDBCCMRFieldBridge"
    },
    {
      "type": "delete-node",
      "node": {
        "label": "relatedEntity",
        "type": "FieldRead"
      },
      "location-before-char-start": 23991,
      "location-before-char-end": 24003,
      "node-str": "relatedEntity"
    },
    {
      "type": "delete-node",
      "node": {
        "label": "getLocalInterface",
        "type": "Invocation"
      },
      "location-before-char-start": 23991,
      "location-before-char-end": 24023,
      "node-str": "getLocalInterface"
    },
    {
      "type": "delete-node",
      "node": {
        "label": "1",
        "type": "Literal"
      },
      "location-before-char-start": 24026,
      "location-before-char-end": 24026,
      "node-str": "1"
    },
    {
      "type": "delete-node",
      "node": {
        "label": "newInstance",
        "type": "Invocation"
      },
      "location-before-char-start": 23954,
      "location-before-char-end": 24027,
      "node-str": "newInstance"
    },
    {
      "type": "delete-node",
      "node": {
        "label": "\u003d",
        "type": "Assignment"
      },
      "location-before-char-start": 23942,
      "location-before-char-end": 24028,
      "node-str": "\u003d"
    },
    {
      "type": "delete-node",
      "node": {
        "label": "valueCopy",
        "type": "VariableRead"
      },
      "location-before-char-start": 24075,
      "location-before-char-end": 24083,
      "node-str": "valueCopy"
    },
    {
      "type": "delete-node",
      "node": {
        "label": "0",
        "type": "Literal"
      },
      "location-before-char-start": 24085,
      "location-before-char-end": 24085,
      "node-str": "0"
    },
    {
      "type": "delete-node",
      "node": {
        "label": "",
        "type": "ArrayWrite"
      },
      "location-before-char-start": 24075,
      "location-before-char-end": 24086,
      "node-str": ""
    },
    {
      "type": "delete-node",
      "node": {
        "label": "\u003d",
        "type": "Assignment"
      },
      "location-before-char-start": 24075,
      "location-before-char-end": 24115,
      "node-str": "\u003d"
    },
    {
      "type": "delete-node",
      "node": {
        "label": "java.lang.ArrayStoreException",
        "type": "VARIABLE_TYPE"
      },
      "location-before-char-start": 0,
      "location-before-char-end": 0,
      "node-str": "java.lang.ArrayStoreException"
    },
    {
      "type": "delete-node",
      "node": {
        "label": "e",
        "type": "CatchVariable"
      },
      "location-before-char-start": 24149,
      "location-before-char-end": 24169,
      "node-str": "e"
    },
    {
      "type": "delete-node",
      "node": {
        "label": "",
        "type": "Catch"
      },
      "location-before-char-start": 24130,
      "location-before-char-end": 24343,
      "node-str": ""
    },
    {
      "type": "delete-node",
      "node": {
        "label": "",
        "type": "Try"
      },
      "location-before-char-start": 24042,
      "location-before-char-end": 24343,
      "node-str": ""
    },
    {
      "type": "delete-node",
      "node": {
        "label": "THEN",
        "type": "then"
      },
      "location-before-char-start": 23928,
      "location-before-char-end": 24354,
      "node-str": "THEN"
    },
    {
      "type": "delete-node",
      "node": {
        "label": "valueCopy",
        "type": "VariableWrite"
      },
      "location-before-char-start": 24393,
      "location-before-char-end": 24401,
      "node-str": "valueCopy"
    },
    {
      "type": "delete-node",
      "node": {
        "label": "EMPTY_LOCAL_ARR",
        "type": "FieldRead"
      },
      "location-before-char-start": 24405,
      "location-before-char-end": 24419,
      "node-str": "EMPTY_LOCAL_ARR"
    },
    {
      "type": "delete-node",
      "node": {
        "label": "\u003d",
        "type": "Assignment"
      },
      "location-before-char-start": 24393,
      "location-before-char-end": 24420,
      "node-str": "\u003d"
    },
    {
      "type": "delete-node",
      "node": {
        "label": "ELSE",
        "type": "else"
      },
      "location-before-char-start": 24379,
      "location-before-char-end": 24431,
      "node-str": "ELSE"
    }
  ],
  "before-file": {},
  "after-file": {},
  "mapping": {}
}