{
  "tool-info": {},
  "diff": [
    {
      "type": "insert-node",
      "node": {
        "label": "abstract",
        "type": "Modifier"
      },
      "location-after-char-start": 0,
      "location-after-char-end": 0,
      "node-str": "abstract"
    },
    {
      "type": "insert-node",
      "node": {
        "label": "public",
        "type": "Modifier"
      },
      "location-after-char-start": 0,
      "location-after-char-end": 0,
      "node-str": "public"
    },
    {
      "type": "insert-node",
      "node": {
        "label": "m_cache",
        "type": "Field"
      },
      "location-after-char-start": 1740,
      "location-after-char-end": 1845,
      "node-str": "m_cache"
    },
    {
      "type": "insert-node",
      "node": {
        "label": "m_cacheLock",
        "type": "Field"
      },
      "location-after-char-start": 1850,
      "location-after-char-end": 1937,
      "node-str": "m_cacheLock"
    },
    {
      "type": "insert-node",
      "node": {
        "label": "resetStatistic",
        "type": "Method"
      },
      "location-after-char-start": 2613,
      "location-after-char-end": 2650,
      "node-str": "resetStatistic"
    },
    {
      "type": "insert-node",
      "node": {
        "label": "getContainer",
        "type": "Method"
      },
      "location-after-char-start": 9754,
      "location-after-char-end": 9855,
      "node-str": "getContainer"
    },
    {
      "type": "insert-node",
      "node": {
        "label": "acquireContext",
        "type": "Method"
      },
      "location-after-char-start": 10417,
      "location-after-char-end": 10551,
      "node-str": "acquireContext"
    },
    {
      "type": "insert-node",
      "node": {
        "label": "org.jboss.util.CachePolicy",
        "type": "VARIABLE_TYPE"
      },
      "location-after-char-start": 0,
      "location-after-char-end": 0,
      "node-str": "org.jboss.util.CachePolicy"
    },
    {
      "type": "insert-node",
      "node": {
        "label": "java.lang.Object",
        "type": "VARIABLE_TYPE"
      },
      "location-after-char-start": 0,
      "location-after-char-end": 0,
      "node-str": "java.lang.Object"
    },
    {
      "type": "insert-node",
      "node": {
        "label": "final",
        "type": "Modifier"
      },
      "location-after-char-start": 0,
      "location-after-char-end": 0,
      "node-str": "final"
    },
    {
      "type": "insert-node",
      "node": {
        "label": "java.lang.Object()",
        "type": "ConstructorCall"
      },
      "location-after-char-start": 1925,
      "location-after-char-end": 1936,
      "node-str": "java.lang.Object()"
    },
    {
      "type": "insert-node",
      "node": {
        "label": "void",
        "type": "RETURN_TYPE"
      },
      "location-after-char-start": 0,
      "location-after-char-end": 0,
      "node-str": "void"
    },
    {
      "type": "insert-node",
      "node": {
        "label": "public",
        "type": "Modifier"
      },
      "location-after-char-start": 0,
      "location-after-char-end": 0,
      "node-str": "public"
    },
    {
      "type": "insert-node",
      "node": {
        "label": "org.jboss.ejb.Container",
        "type": "RETURN_TYPE"
      },
      "location-after-char-start": 0,
      "location-after-char-end": 0,
      "node-str": "org.jboss.ejb.Container"
    },
    {
      "type": "insert-node",
      "node": {
        "label": "abstract",
        "type": "Modifier"
      },
      "location-after-char-start": 0,
      "location-after-char-end": 0,
      "node-str": "abstract"
    },
    {
      "type": "insert-node",
      "node": {
        "label": "protected",
        "type": "Modifier"
      },
      "location-after-char-start": 0,
      "location-after-char-end": 0,
      "node-str": "protected"
    },
    {
      "type": "insert-node",
      "node": {
        "label": "org.jboss.ejb.EnterpriseContext",
        "type": "RETURN_TYPE"
      },
      "location-after-char-start": 0,
      "location-after-char-end": 0,
      "node-str": "org.jboss.ejb.EnterpriseContext"
    },
    {
      "type": "insert-node",
      "node": {
        "label": "java.lang.Exception",
        "type": "THROWS"
      },
      "location-after-char-start": 0,
      "location-after-char-end": 0,
      "node-str": "java.lang.Exception"
    },
    {
      "type": "insert-node",
      "node": {
        "label": "abstract",
        "type": "Modifier"
      },
      "location-after-char-start": 0,
      "location-after-char-end": 0,
      "node-str": "abstract"
    },
    {
      "type": "insert-node",
      "node": {
        "label": "protected",
        "type": "Modifier"
      },
      "location-after-char-start": 0,
      "location-after-char-end": 0,
      "node-str": "protected"
    },
    {
      "type": "update-node",
      "node": {
        "label": "java.lang.Thread",
        "type": "TypeAccess"
      },
      "location-before-char-start": 7416,
      "location-before-char-end": 7421,
      "location-after-char-start": 7416,
      "location-after-char-end": 7423,
      "node-str": "org.jboss.ejb.plugins.TCLStack"
    },
    {
      "type": "move-subtree",
      "node": {
        "label": "java.lang.Thread",
        "type": "TypeAccess"
      },
      "location-before-char-start": 7416,
      "location-before-char-end": 7421,
      "location-after-char-start": 7416,
      "location-after-char-end": 7423,
      "node-str": "org.jboss.ejb.plugins.TCLStack"
    },
    {
      "type": "delete-node",
      "node": {
        "label": "abstract",
        "type": "Modifier"
      },
      "location-before-char-start": 0,
      "location-before-char-end": 0,
      "node-str": "abstract"
    },
    {
      "type": "delete-node",
      "node": {
        "label": "public",
        "type": "Modifier"
      },
      "location-before-char-start": 0,
      "location-before-char-end": 0,
      "node-str": "public"
    },
    {
      "type": "delete-node",
      "node": {
        "label": "org.jboss.util.CachePolicy",
        "type": "VARIABLE_TYPE"
      },
      "location-before-char-start": 0,
      "location-before-char-end": 0,
      "node-str": "org.jboss.util.CachePolicy"
    },
    {
      "type": "delete-node",
      "node": {
        "label": "m_cache",
        "type": "Field"
      },
      "location-before-char-start": 1740,
      "location-before-char-end": 1845,
      "node-str": "m_cache"
    },
    {
      "type": "delete-node",
      "node": {
        "label": "java.lang.Object",
        "type": "VARIABLE_TYPE"
      },
      "location-before-char-start": 0,
      "location-before-char-end": 0,
      "node-str": "java.lang.Object"
    },
    {
      "type": "delete-node",
      "node": {
        "label": "final",
        "type": "Modifier"
      },
      "location-before-char-start": 0,
      "location-before-char-end": 0,
      "node-str": "final"
    },
    {
      "type": "delete-node",
      "node": {
        "label": "java.lang.Object()",
        "type": "ConstructorCall"
      },
      "location-before-char-start": 1925,
      "location-before-char-end": 1936,
      "node-str": "java.lang.Object()"
    },
    {
      "type": "delete-node",
      "node": {
        "label": "m_cacheLock",
        "type": "Field"
      },
      "location-before-char-start": 1850,
      "location-before-char-end": 1937,
      "node-str": "m_cacheLock"
    },
    {
      "type": "delete-node",
      "node": {
        "label": "void",
        "type": "RETURN_TYPE"
      },
      "location-before-char-start": 0,
      "location-before-char-end": 0,
      "node-str": "void"
    },
    {
      "type": "delete-node",
      "node": {
        "label": "public",
        "type": "Modifier"
      },
      "location-before-char-start": 0,
      "location-before-char-end": 0,
      "node-str": "public"
    },
    {
      "type": "delete-node",
      "node": {
        "label": "resetStatistic",
        "type": "Method"
      },
      "location-before-char-start": 2613,
      "location-before-char-end": 2650,
      "node-str": "resetStatistic"
    },
    {
      "type": "delete-node",
      "node": {
        "label": "currentThread",
        "type": "Invocation"
      },
      "location-before-char-start": 7416,
      "location-before-char-end": 7437,
      "node-str": "currentThread"
    },
    {
      "type": "delete-node",
      "node": {
        "label": "org.jboss.ejb.Container",
        "type": "RETURN_TYPE"
      },
      "location-before-char-start": 0,
      "location-before-char-end": 0,
      "node-str": "org.jboss.ejb.Container"
    },
    {
      "type": "delete-node",
      "node": {
        "label": "abstract",
        "type": "Modifier"
      },
      "location-before-char-start": 0,
      "location-before-char-end": 0,
      "node-str": "abstract"
    },
    {
      "type": "delete-node",
      "node": {
        "label": "protected",
        "type": "Modifier"
      },
      "location-before-char-start": 0,
      "location-before-char-end": 0,
      "node-str": "protected"
    },
    {
      "type": "delete-node",
      "node": {
        "label": "getContainer",
        "type": "Method"
      },
      "location-before-char-start": 9768,
      "location-before-char-end": 9869,
      "node-str": "getContainer"
    },
    {
      "type": "delete-node",
      "node": {
        "label": "org.jboss.ejb.EnterpriseContext",
        "type": "RETURN_TYPE"
      },
      "location-before-char-start": 0,
      "location-before-char-end": 0,
      "node-str": "org.jboss.ejb.EnterpriseContext"
    },
    {
      "type": "delete-node",
      "node": {
        "label": "java.lang.Exception",
        "type": "THROWS"
      },
      "location-before-char-start": 0,
      "location-before-char-end": 0,
      "node-str": "java.lang.Exception"
    },
    {
      "type": "delete-node",
      "node": {
        "label": "abstract",
        "type": "Modifier"
      },
      "location-before-char-start": 0,
      "location-before-char-end": 0,
      "node-str": "abstract"
    },
    {
      "type": "delete-node",
      "node": {
        "label": "protected",
        "type": "Modifier"
      },
      "location-before-char-start": 0,
      "location-before-char-end": 0,
      "node-str": "protected"
    },
    {
      "type": "delete-node",
      "node": {
        "label": "acquireContext",
        "type": "Method"
      },
      "location-before-char-start": 10431,
      "location-before-char-end": 10565,
      "node-str": "acquireContext"
    }
  ],
  "before-file": {},
  "after-file": {},
  "mapping": {}
}