{
  "tool-info": {},
  "diff": [
    {
      "type": "insert-node",
      "node": {
        "label": "public",
        "type": "Modifier"
      },
      "location-after-char-start": 0,
      "location-after-char-end": 0,
      "node-str": "public"
    },
    {
      "type": "insert-node",
      "node": {
        "label": "",
        "type": "TypeReference"
      },
      "location-after-char-start": 4857,
      "location-after-char-end": 4861,
      "node-str": ""
    },
    {
      "type": "insert-node",
      "node": {
        "label": "MAX_JOIN",
        "type": "Field"
      },
      "location-after-char-start": 4869,
      "location-after-char-end": 4944,
      "node-str": "MAX_JOIN"
    },
    {
      "type": "insert-node",
      "node": {
        "label": "conn",
        "type": "Field"
      },
      "location-after-char-start": 9735,
      "location-after-char-end": 10002,
      "node-str": "conn"
    },
    {
      "type": "insert-node",
      "node": {
        "label": "stmt",
        "type": "Field"
      },
      "location-after-char-start": 10008,
      "location-after-char-end": 10306,
      "node-str": "stmt"
    },
    {
      "type": "insert-node",
      "node": {
        "label": "connectionStartTime",
        "type": "Field"
      },
      "location-after-char-start": 10312,
      "location-after-char-end": 10413,
      "node-str": "connectionStartTime"
    },
    {
      "type": "insert-node",
      "node": {
        "label": "formatter",
        "type": "Field"
      },
      "location-after-char-start": 10420,
      "location-after-char-end": 10454,
      "node-str": "formatter"
    },
    {
      "type": "insert-node",
      "node": {
        "label": "searchWords",
        "type": "Field"
      },
      "location-after-char-start": 10461,
      "location-after-char-end": 10487,
      "node-str": "searchWords"
    },
    {
      "type": "insert-node",
      "node": {
        "label": "commentQuery",
        "type": "Field"
      },
      "location-after-char-start": 10493,
      "location-after-char-end": 10520,
      "node-str": "commentQuery"
    },
    {
      "type": "insert-node",
      "node": {
        "label": "textScope",
        "type": "Field"
      },
      "location-after-char-start": 10526,
      "location-after-char-end": 10553,
      "node-str": "textScope"
    },
    {
      "type": "insert-node",
      "node": {
        "label": "minId",
        "type": "Field"
      },
      "location-after-char-start": 10559,
      "location-after-char-end": 10579,
      "node-str": "minId"
    },
    {
      "type": "insert-node",
      "node": {
        "label": "maxId",
        "type": "Field"
      },
      "location-after-char-start": 10585,
      "location-after-char-end": 10605,
      "node-str": "maxId"
    },
    {
      "type": "insert-node",
      "node": {
        "label": "minDate",
        "type": "Field"
      },
      "location-after-char-start": 10611,
      "location-after-char-end": 10633,
      "node-str": "minDate"
    },
    {
      "type": "insert-node",
      "node": {
        "label": "maxDate",
        "type": "Field"
      },
      "location-after-char-start": 10639,
      "location-after-char-end": 10661,
      "node-str": "maxDate"
    },
    {
      "type": "insert-node",
      "node": {
        "label": "minVotes",
        "type": "Field"
      },
      "location-after-char-start": 10667,
      "location-after-char-end": 10687,
      "node-str": "minVotes"
    },
    {
      "type": "insert-node",
      "node": {
        "label": "stateChangeAttributeId",
        "type": "Field"
      },
      "location-after-char-start": 10698,
      "location-after-char-end": 10736,
      "node-str": "stateChangeAttributeId"
    },
    {
      "type": "insert-node",
      "node": {
        "label": "stateChangeFromOptionId",
        "type": "Field"
      },
      "location-after-char-start": 10742,
      "location-after-char-end": 10781,
      "node-str": "stateChangeFromOptionId"
    },
    {
      "type": "insert-node",
      "node": {
        "label": "stateChangeToOptionId",
        "type": "Field"
      },
      "location-after-char-start": 10787,
      "location-after-char-end": 10824,
      "node-str": "stateChangeToOptionId"
    },
    {
      "type": "insert-node",
      "node": {
        "label": "stateChangeFromDate",
        "type": "Field"
      },
      "location-after-char-start": 10830,
      "location-after-char-end": 10864,
      "node-str": "stateChangeFromDate"
    },
    {
      "type": "insert-node",
      "node": {
        "label": "stateChangeToDate",
        "type": "Field"
      },
      "location-after-char-start": 10870,
      "location-after-char-end": 10902,
      "node-str": "stateChangeToDate"
    },
    {
      "type": "insert-node",
      "node": {
        "label": "sortAttributeId",
        "type": "Field"
      },
      "location-after-char-start": 10909,
      "location-after-char-end": 10940,
      "node-str": "sortAttributeId"
    },
    {
      "type": "insert-node",
      "node": {
        "label": "sortPolarity",
        "type": "Field"
      },
      "location-after-char-start": 10946,
      "location-after-char-end": 10973,
      "node-str": "sortPolarity"
    },
    {
      "type": "insert-node",
      "node": {
        "label": "mitList",
        "type": "Field"
      },
      "location-after-char-start": 10979,
      "location-after-char-end": 11002,
      "node-str": "mitList"
    },
    {
      "type": "insert-node",
      "node": {
        "label": "userIdList",
        "type": "Field"
      },
      "location-after-char-start": 11009,
      "location-after-char-end": 11032,
      "node-str": "userIdList"
    },
    {
      "type": "insert-node",
      "node": {
        "label": "userSearchCriteriaList",
        "type": "Field"
      },
      "location-after-char-start": 11038,
      "location-after-char-end": 11073,
      "node-str": "userSearchCriteriaList"
    },
    {
      "type": "insert-node",
      "node": {
        "label": "lastUsedAVList",
        "type": "Field"
      },
      "location-after-char-start": 11079,
      "location-after-char-end": 11106,
      "node-str": "lastUsedAVList"
    },
    {
      "type": "insert-node",
      "node": {
        "label": "modified",
        "type": "Field"
      },
      "location-after-char-start": 11112,
      "location-after-char-end": 11136,
      "node-str": "modified"
    },
    {
      "type": "insert-node",
      "node": {
        "label": "lastTotalIssueCount",
        "type": "Field"
      },
      "location-after-char-start": 11143,
      "location-after-char-end": 11179,
      "node-str": "lastTotalIssueCount"
    },
    {
      "type": "insert-node",
      "node": {
        "label": "lastMatchingIssueIds",
        "type": "Field"
      },
      "location-after-char-start": 11185,
      "location-after-char-end": 11225,
      "node-str": "lastMatchingIssueIds"
    },
    {
      "type": "insert-node",
      "node": {
        "label": "lastQueryResults",
        "type": "Field"
      },
      "location-after-char-start": 11231,
      "location-after-char-end": 11267,
      "node-str": "lastQueryResults"
    },
    {
      "type": "insert-node",
      "node": {
        "label": "issueListAttributeColumns",
        "type": "Field"
      },
      "location-after-char-start": 11274,
      "location-after-char-end": 11360,
      "node-str": "issueListAttributeColumns"
    },
    {
      "type": "insert-node",
      "node": {
        "label": "moduleMap",
        "type": "Field"
      },
      "location-after-char-start": 11367,
      "location-after-char-end": 11502,
      "node-str": "moduleMap"
    },
    {
      "type": "insert-node",
      "node": {
        "label": "rmitMap",
        "type": "Field"
      },
      "location-after-char-start": 11508,
      "location-after-char-end": 11547,
      "node-str": "rmitMap"
    },
    {
      "type": "insert-node",
      "node": {
        "label": "isSearchAllowed",
        "type": "Field"
      },
      "location-after-char-start": 11554,
      "location-after-char-end": 11592,
      "node-str": "isSearchAllowed"
    },
    {
      "type": "insert-node",
      "node": {
        "label": "joinCounter",
        "type": "Field"
      },
      "location-after-char-start": 11599,
      "location-after-char-end": 11674,
      "node-str": "joinCounter"
    },
    {
      "type": "insert-node",
      "node": {
        "label": "org.tigris.scarab.om.Issue",
        "type": "SUPER_TYPE"
      },
      "location-after-char-start": 0,
      "location-after-char-end": 0,
      "node-str": "org.tigris.scarab.om.Issue"
    },
    {
      "type": "insert-node",
      "node": {
        "label": "int",
        "type": "VARIABLE_TYPE"
      },
      "location-after-char-start": 0,
      "location-after-char-end": 0,
      "node-str": "int"
    },
    {
      "type": "insert-node",
      "node": {
        "label": "final",
        "type": "Modifier"
      },
      "location-after-char-start": 0,
      "location-after-char-end": 0,
      "node-str": "final"
    },
    {
      "type": "insert-node",
      "node": {
        "label": "static",
        "type": "Modifier"
      },
      "location-after-char-start": 0,
      "location-after-char-end": 0,
      "node-str": "static"
    },
    {
      "type": "insert-node",
      "node": {
        "label": "QUERY_MAX_JOIN",
        "type": "FieldRead"
      },
      "location-after-char-start": 4914,
      "location-after-char-end": 4943,
      "node-str": "QUERY_MAX_JOIN"
    },
    {
      "type": "insert-node",
      "node": {
        "label": "java.sql.Connection",
        "type": "VARIABLE_TYPE"
      },
      "location-after-char-start": 0,
      "location-after-char-end": 0,
      "node-str": "java.sql.Connection"
    },
    {
      "type": "insert-node",
      "node": {
        "label": "java.sql.Statement",
        "type": "VARIABLE_TYPE"
      },
      "location-after-char-start": 0,
      "location-after-char-end": 0,
      "node-str": "java.sql.Statement"
    },
    {
      "type": "insert-node",
      "node": {
        "label": "long",
        "type": "VARIABLE_TYPE"
      },
      "location-after-char-start": 0,
      "location-after-char-end": 0,
      "node-str": "long"
    },
    {
      "type": "insert-node",
      "node": {
        "label": "java.text.SimpleDateFormat",
        "type": "VARIABLE_TYPE"
      },
      "location-after-char-start": 0,
      "location-after-char-end": 0,
      "node-str": "java.text.SimpleDateFormat"
    },
    {
      "type": "insert-node",
      "node": {
        "label": "java.lang.String",
        "type": "VARIABLE_TYPE"
      },
      "location-after-char-start": 0,
      "location-after-char-end": 0,
      "node-str": "java.lang.String"
    },
    {
      "type": "insert-node",
      "node": {
        "label": "java.lang.String",
        "type": "VARIABLE_TYPE"
      },
      "location-after-char-start": 0,
      "location-after-char-end": 0,
      "node-str": "java.lang.String"
    },
    {
      "type": "insert-node",
      "node": {
        "label": "java.lang.Integer[]",
        "type": "VARIABLE_TYPE"
      },
      "location-after-char-start": 0,
      "location-after-char-end": 0,
      "node-str": "java.lang.Integer[]"
    },
    {
      "type": "insert-node",
      "node": {
        "label": "java.lang.String",
        "type": "VARIABLE_TYPE"
      },
      "location-after-char-start": 0,
      "location-after-char-end": 0,
      "node-str": "java.lang.String"
    },
    {
      "type": "insert-node",
      "node": {
        "label": "java.lang.String",
        "type": "VARIABLE_TYPE"
      },
      "location-after-char-start": 0,
      "location-after-char-end": 0,
      "node-str": "java.lang.String"
    },
    {
      "type": "insert-node",
      "node": {
        "label": "java.lang.String",
        "type": "VARIABLE_TYPE"
      },
      "location-after-char-start": 0,
      "location-after-char-end": 0,
      "node-str": "java.lang.String"
    },
    {
      "type": "insert-node",
      "node": {
        "label": "java.lang.String",
        "type": "VARIABLE_TYPE"
      },
      "location-after-char-start": 0,
      "location-after-char-end": 0,
      "node-str": "java.lang.String"
    },
    {
      "type": "insert-node",
      "node": {
        "label": "int",
        "type": "VARIABLE_TYPE"
      },
      "location-after-char-start": 0,
      "location-after-char-end": 0,
      "node-str": "int"
    },
    {
      "type": "insert-node",
      "node": {
        "label": "java.lang.Integer",
        "type": "VARIABLE_TYPE"
      },
      "location-after-char-start": 0,
      "location-after-char-end": 0,
      "node-str": "java.lang.Integer"
    },
    {
      "type": "insert-node",
      "node": {
        "label": "java.lang.Integer",
        "type": "VARIABLE_TYPE"
      },
      "location-after-char-start": 0,
      "location-after-char-end": 0,
      "node-str": "java.lang.Integer"
    },
    {
      "type": "insert-node",
      "node": {
        "label": "java.lang.Integer",
        "type": "VARIABLE_TYPE"
      },
      "location-after-char-start": 0,
      "location-after-char-end": 0,
      "node-str": "java.lang.Integer"
    },
    {
      "type": "insert-node",
      "node": {
        "label": "java.lang.String",
        "type": "VARIABLE_TYPE"
      },
      "location-after-char-start": 0,
      "location-after-char-end": 0,
      "node-str": "java.lang.String"
    },
    {
      "type": "insert-node",
      "node": {
        "label": "java.lang.String",
        "type": "VARIABLE_TYPE"
      },
      "location-after-char-start": 0,
      "location-after-char-end": 0,
      "node-str": "java.lang.String"
    },
    {
      "type": "insert-node",
      "node": {
        "label": "java.lang.Integer",
        "type": "VARIABLE_TYPE"
      },
      "location-after-char-start": 0,
      "location-after-char-end": 0,
      "node-str": "java.lang.Integer"
    },
    {
      "type": "insert-node",
      "node": {
        "label": "java.lang.String",
        "type": "VARIABLE_TYPE"
      },
      "location-after-char-start": 0,
      "location-after-char-end": 0,
      "node-str": "java.lang.String"
    },
    {
      "type": "insert-node",
      "node": {
        "label": "org.tigris.scarab.om.MITList",
        "type": "VARIABLE_TYPE"
      },
      "location-after-char-start": 0,
      "location-after-char-end": 0,
      "node-str": "org.tigris.scarab.om.MITList"
    },
    {
      "type": "insert-node",
      "node": {
        "label": "java.util.List",
        "type": "VARIABLE_TYPE"
      },
      "location-after-char-start": 0,
      "location-after-char-end": 0,
      "node-str": "java.util.List"
    },
    {
      "type": "insert-node",
      "node": {
        "label": "java.util.List",
        "type": "VARIABLE_TYPE"
      },
      "location-after-char-start": 0,
      "location-after-char-end": 0,
      "node-str": "java.util.List"
    },
    {
      "type": "insert-node",
      "node": {
        "label": "java.util.List",
        "type": "VARIABLE_TYPE"
      },
      "location-after-char-start": 0,
      "location-after-char-end": 0,
      "node-str": "java.util.List"
    },
    {
      "type": "insert-node",
      "node": {
        "label": "boolean",
        "type": "VARIABLE_TYPE"
      },
      "location-after-char-start": 0,
      "location-after-char-end": 0,
      "node-str": "boolean"
    },
    {
      "type": "insert-node",
      "node": {
        "label": "int",
        "type": "VARIABLE_TYPE"
      },
      "location-after-char-start": 0,
      "location-after-char-end": 0,
      "node-str": "int"
    },
    {
      "type": "insert-node",
      "node": {
        "label": "NEG",
        "type": "UnaryOperator"
      },
      "location-after-char-start": 11177,
      "location-after-char-end": 11178,
      "node-str": "NEG"
    },
    {
      "type": "insert-node",
      "node": {
        "label": "java.util.List",
        "type": "VARIABLE_TYPE"
      },
      "location-after-char-start": 0,
      "location-after-char-end": 0,
      "node-str": "java.util.List"
    },
    {
      "type": "insert-node",
      "node": {
        "label": "null",
        "type": "Literal"
      },
      "location-after-char-start": 11221,
      "location-after-char-end": 11224,
      "node-str": "null"
    },
    {
      "type": "insert-node",
      "node": {
        "label": "java.util.List",
        "type": "VARIABLE_TYPE"
      },
      "location-after-char-start": 0,
      "location-after-char-end": 0,
      "node-str": "java.util.List"
    },
    {
      "type": "insert-node",
      "node": {
        "label": "null",
        "type": "Literal"
      },
      "location-after-char-start": 11263,
      "location-after-char-end": 11266,
      "node-str": "null"
    },
    {
      "type": "insert-node",
      "node": {
        "label": "java.util.List",
        "type": "VARIABLE_TYPE"
      },
      "location-after-char-start": 0,
      "location-after-char-end": 0,
      "node-str": "java.util.List"
    },
    {
      "type": "insert-node",
      "node": {
        "label": "org.apache.commons.collections.LRUMap",
        "type": "VARIABLE_TYPE"
      },
      "location-after-char-start": 0,
      "location-after-char-end": 0,
      "node-str": "org.apache.commons.collections.LRUMap"
    },
    {
      "type": "insert-node",
      "node": {
        "label": "org.apache.commons.collections.LRUMap(int)",
        "type": "ConstructorCall"
      },
      "location-after-char-start": 11488,
      "location-after-char-end": 11501,
      "node-str": "org.apache.commons.collections.LRUMap(int)"
    },
    {
      "type": "insert-node",
      "node": {
        "label": "org.apache.commons.collections.LRUMap",
        "type": "VARIABLE_TYPE"
      },
      "location-after-char-start": 0,
      "location-after-char-end": 0,
      "node-str": "org.apache.commons.collections.LRUMap"
    },
    {
      "type": "insert-node",
      "node": {
        "label": "org.apache.commons.collections.LRUMap(int)",
        "type": "ConstructorCall"
      },
      "location-after-char-start": 11533,
      "location-after-char-end": 11546,
      "node-str": "org.apache.commons.collections.LRUMap(int)"
    },
    {
      "type": "insert-node",
      "node": {
        "label": "boolean",
        "type": "VARIABLE_TYPE"
      },
      "location-after-char-start": 0,
      "location-after-char-end": 0,
      "node-str": "boolean"
    },
    {
      "type": "insert-node",
      "node": {
        "label": "true",
        "type": "Literal"
      },
      "location-after-char-start": 11588,
      "location-after-char-end": 11591,
      "node-str": "true"
    },
    {
      "type": "insert-node",
      "node": {
        "label": "int",
        "type": "VARIABLE_TYPE"
      },
      "location-after-char-start": 0,
      "location-after-char-end": 0,
      "node-str": "int"
    },
    {
      "type": "insert-node",
      "node": {
        "label": "java.util.List",
        "type": "RETURN_TYPE"
      },
      "location-after-char-start": 0,
      "location-after-char-end": 0,
      "node-str": "java.util.List"
    },
    {
      "type": "insert-node",
      "node": {
        "label": "java.lang.Exception",
        "type": "THROWS"
      },
      "location-after-char-start": 0,
      "location-after-char-end": 0,
      "node-str": "java.lang.Exception"
    },
    {
      "type": "insert-node",
      "node": {
        "label": "select",
        "type": "Parameter"
      },
      "location-after-char-start": 66202,
      "location-after-char-end": 66220,
      "node-str": "select"
    },
    {
      "type": "insert-node",
      "node": {
        "label": "from",
        "type": "Parameter"
      },
      "location-after-char-start": 66223,
      "location-after-char-end": 66239,
      "node-str": "from"
    },
    {
      "type": "insert-node",
      "node": {
        "label": "where",
        "type": "Parameter"
      },
      "location-after-char-start": 66271,
      "location-after-char-end": 66288,
      "node-str": "where"
    },
    {
      "type": "insert-node",
      "node": {
        "label": "tableAliases",
        "type": "Parameter"
      },
      "location-after-char-start": 66291,
      "location-after-char-end": 66306,
      "node-str": "tableAliases"
    },
    {
      "type": "insert-node",
      "node": {
        "label": "sortAttrId",
        "type": "LocalVariable"
      },
      "location-after-char-start": 66348,
      "location-after-char-end": 66389,
      "node-str": "sortAttrId"
    },
    {
      "type": "insert-node",
      "node": {
        "label": "append",
        "type": "Invocation"
      },
      "location-after-char-start": 66869,
      "location-after-char-end": 66886,
      "node-str": "append"
    },
    {
      "type": "insert-node",
      "node": {
        "label": "fromString",
        "type": "LocalVariable"
      },
      "location-after-char-start": 66976,
      "location-after-char-end": 67011,
      "node-str": "fromString"
    },
    {
      "type": "insert-node",
      "node": {
        "label": "sortColumn",
        "type": "LocalVariable"
      },
      "location-after-char-start": 67022,
      "location-after-char-end": 67046,
      "node-str": "sortColumn"
    },
    {
      "type": "insert-node",
      "node": {
        "label": "sortAttrPos",
        "type": "LocalVariable"
      },
      "location-after-char-start": 67056,
      "location-after-char-end": 67091,
      "node-str": "sortAttrPos"
    },
    {
      "type": "insert-node",
      "node": {
        "label": "outerJoin",
        "type": "LocalVariable"
      },
      "location-after-char-start": 67101,
      "location-after-char-end": 67130,
      "node-str": "outerJoin"
    },
    {
      "type": "insert-node",
      "node": {
        "label": "valueListSize",
        "type": "LocalVariable"
      },
      "location-after-char-start": 67140,
      "location-after-char-end": 67162,
      "node-str": "valueListSize"
    },
    {
      "type": "insert-node",
      "node": {
        "label": "rmuas",
        "type": "LocalVariable"
      },
      "location-after-char-start": 67172,
      "location-after-char-end": 67215,
      "node-str": "rmuas"
    },
    {
      "type": "insert-node",
      "node": {
        "label": "outerJoinCounter",
        "type": "LocalVariable"
      },
      "location-after-char-start": 67225,
      "location-after-char-end": 67249,
      "node-str": "outerJoinCounter"
    },
    {
      "type": "insert-node",
      "node": {
        "label": "if",
        "type": "If"
      },
      "location-after-char-start": 67259,
      "location-after-char-end": 70341,
      "node-str": "if"
    },
    {
      "type": "insert-node",
      "node": {
        "label": "searchSql",
        "type": "LocalVariable"
      },
      "location-after-char-start": 71309,
      "location-after-char-end": 71341,
      "node-str": "searchSql"
    },
    {
      "type": "insert-node",
      "node": {
        "label": "result",
        "type": "LocalVariable"
      },
      "location-after-char-start": 71416,
      "location-after-char-end": 71434,
      "node-str": "result"
    },
    {
      "type": "insert-node",
      "node": {
        "label": "return",
        "type": "Return"
      },
      "location-after-char-start": 73168,
      "location-after-char-end": 73181,
      "node-str": "return"
    },
    {
      "type": "insert-node",
      "node": {
        "label": "org.tigris.scarab.util.ScarabConstants",
        "type": "TypeAccess"
      },
      "location-after-char-start": 0,
      "location-after-char-end": 0,
      "node-str": "org.tigris.scarab.util.ScarabConstants"
    },
    {
      "type": "insert-node",
      "node": {
        "label": "1",
        "type": "Literal"
      },
      "location-after-char-start": 11178,
      "location-after-char-end": 11178,
      "node-str": "1"
    },
    {
      "type": "insert-node",
      "node": {
        "label": "20",
        "type": "Literal"
      },
      "location-after-char-start": 11499,
      "location-after-char-end": 11500,
      "node-str": "20"
    },
    {
      "type": "insert-node",
      "node": {
        "label": "20",
        "type": "Literal"
      },
      "location-after-char-start": 11544,
      "location-after-char-end": 11545,
      "node-str": "20"
    },
    {
      "type": "insert-node",
      "node": {
        "label": "java.lang.StringBuffer",
        "type": "VARIABLE_TYPE"
      },
      "location-after-char-start": 0,
      "location-after-char-end": 0,
      "node-str": "java.lang.StringBuffer"
    },
    {
      "type": "insert-node",
      "node": {
        "label": "java.lang.StringBuffer",
        "type": "VARIABLE_TYPE"
      },
      "location-after-char-start": 0,
      "location-after-char-end": 0,
      "node-str": "java.lang.StringBuffer"
    },
    {
      "type": "insert-node",
      "node": {
        "label": "java.lang.StringBuffer",
        "type": "VARIABLE_TYPE"
      },
      "location-after-char-start": 0,
      "location-after-char-end": 0,
      "node-str": "java.lang.StringBuffer"
    },
    {
      "type": "insert-node",
      "node": {
        "label": "java.util.Set",
        "type": "VARIABLE_TYPE"
      },
      "location-after-char-start": 0,
      "location-after-char-end": 0,
      "node-str": "java.util.Set"
    },
    {
      "type": "insert-node",
      "node": {
        "label": "java.lang.Integer",
        "type": "VARIABLE_TYPE"
      },
      "location-after-char-start": 0,
      "location-after-char-end": 0,
      "node-str": "java.lang.Integer"
    },
    {
      "type": "insert-node",
      "node": {
        "label": "getSortAttributeId",
        "type": "Invocation"
      },
      "location-after-char-start": 66369,
      "location-after-char-end": 66388,
      "node-str": "getSortAttributeId"
    },
    {
      "type": "insert-node",
      "node": {
        "label": "sb",
        "type": "VariableRead"
      },
      "location-after-char-start": 66869,
      "location-after-char-end": 66870,
      "node-str": "sb"
    },
    {
      "type": "insert-node",
      "node": {
        "label": "select",
        "type": "VariableRead"
      },
      "location-after-char-start": 66879,
      "location-after-char-end": 66884,
      "node-str": "select"
    },
    {
      "type": "insert-node",
      "node": {
        "label": "java.lang.String",
        "type": "VARIABLE_TYPE"
      },
      "location-after-char-start": 0,
      "location-after-char-end": 0,
      "node-str": "java.lang.String"
    },
    {
      "type": "insert-node",
      "node": {
        "label": "toString",
        "type": "Invocation"
      },
      "location-after-char-start": 66996,
      "location-after-char-end": 67010,
      "node-str": "toString"
    },
    {
      "type": "insert-node",
      "node": {
        "label": "java.lang.String",
        "type": "VARIABLE_TYPE"
      },
      "location-after-char-start": 0,
      "location-after-char-end": 0,
      "node-str": "java.lang.String"
    },
    {
      "type": "insert-node",
      "node": {
        "label": "null",
        "type": "Literal"
      },
      "location-after-char-start": 67042,
      "location-after-char-end": 67045,
      "node-str": "null"
    },
    {
      "type": "insert-node",
      "node": {
        "label": "int",
        "type": "VARIABLE_TYPE"
      },
      "location-after-char-start": 0,
      "location-after-char-end": 0,
      "node-str": "int"
    },
    {
      "type": "insert-node",
      "node": {
        "label": "NO_ATTRIBUTE_SORT",
        "type": "FieldRead"
      },
      "location-after-char-start": 67074,
      "location-after-char-end": 67090,
      "node-str": "NO_ATTRIBUTE_SORT"
    },
    {
      "type": "insert-node",
      "node": {
        "label": "java.lang.StringBuffer",
        "type": "VARIABLE_TYPE"
      },
      "location-after-char-start": 0,
      "location-after-char-end": 0,
      "node-str": "java.lang.StringBuffer"
    },
    {
      "type": "insert-node",
      "node": {
        "label": "null",
        "type": "Literal"
      },
      "location-after-char-start": 67126,
      "location-after-char-end": 67129,
      "node-str": "null"
    },
    {
      "type": "insert-node",
      "node": {
        "label": "int",
        "type": "VARIABLE_TYPE"
      },
      "location-after-char-start": 0,
      "location-after-char-end": 0,
      "node-str": "int"
    },
    {
      "type": "insert-node",
      "node": {
        "label": "NEG",
        "type": "UnaryOperator"
      },
      "location-after-char-start": 67160,
      "location-after-char-end": 67161,
      "node-str": "NEG"
    },
    {
      "type": "insert-node",
      "node": {
        "label": "java.util.List",
        "type": "VARIABLE_TYPE"
      },
      "location-after-char-start": 0,
      "location-after-char-end": 0,
      "node-str": "java.util.List"
    },
    {
      "type": "insert-node",
      "node": {
        "label": "getIssueListAttributeColumns",
        "type": "Invocation"
      },
      "location-after-char-start": 67185,
      "location-after-char-end": 67214,
      "node-str": "getIssueListAttributeColumns"
    },
    {
      "type": "insert-node",
      "node": {
        "label": "int",
        "type": "VARIABLE_TYPE"
      },
      "location-after-char-start": 0,
      "location-after-char-end": 0,
      "node-str": "int"
    },
    {
      "type": "insert-node",
      "node": {
        "label": "0",
        "type": "Literal"
      },
      "location-after-char-start": 67248,
      "location-after-char-end": 67248,
      "node-str": "0"
    },
    {
      "type": "insert-node",
      "node": {
        "label": "NE",
        "type": "BinaryOperator"
      },
      "location-after-char-start": 67263,
      "location-after-char-end": 67275,
      "node-str": "NE"
    },
    {
      "type": "insert-node",
      "node": {
        "label": "THEN",
        "type": "then"
      },
      "location-after-char-start": 67287,
      "location-after-char-end": 70341,
      "node-str": "THEN"
    },
    {
      "type": "insert-node",
      "node": {
        "label": "java.lang.String",
        "type": "VARIABLE_TYPE"
      },
      "location-after-char-start": 0,
      "location-after-char-end": 0,
      "node-str": "java.lang.String"
    },
    {
      "type": "insert-node",
      "node": {
        "label": "toString",
        "type": "Invocation"
      },
      "location-after-char-start": 71328,
      "location-after-char-end": 71340,
      "node-str": "toString"
    },
    {
      "type": "insert-node",
      "node": {
        "label": "java.util.List",
        "type": "VARIABLE_TYPE"
      },
      "location-after-char-start": 0,
      "location-after-char-end": 0,
      "node-str": "java.util.List"
    },
    {
      "type": "insert-node",
      "node": {
        "label": "null",
        "type": "Literal"
      },
      "location-after-char-start": 71430,
      "location-after-char-end": 71433,
      "node-str": "null"
    },
    {
      "type": "insert-node",
      "node": {
        "label": "result",
        "type": "VariableRead"
      },
      "location-after-char-start": 73175,
      "location-after-char-end": 73180,
      "node-str": "result"
    },
    {
      "type": "insert-node",
      "node": {
        "label": "org.tigris.scarab.util.word.IssueSearch",
        "type": "TypeAccess"
      },
      "location-after-char-start": 0,
      "location-after-char-end": 0,
      "node-str": "org.tigris.scarab.util.word.IssueSearch"
    },
    {
      "type": "insert-node",
      "node": {
        "label": "from",
        "type": "VariableRead"
      },
      "location-after-char-start": 66996,
      "location-after-char-end": 66999,
      "node-str": "from"
    },
    {
      "type": "insert-node",
      "node": {
        "label": "1",
        "type": "Literal"
      },
      "location-after-char-start": 67161,
      "location-after-char-end": 67161,
      "node-str": "1"
    },
    {
      "type": "insert-node",
      "node": {
        "label": "org.tigris.scarab.util.word.IssueSearch",
        "type": "TypeAccess"
      },
      "location-after-char-start": 0,
      "location-after-char-end": 0,
      "node-str": "org.tigris.scarab.util.word.IssueSearch"
    },
    {
      "type": "insert-node",
      "node": {
        "label": "rmuas",
        "type": "VariableRead"
      },
      "location-after-char-start": 67263,
      "location-after-char-end": 67267,
      "node-str": "rmuas"
    },
    {
      "type": "insert-node",
      "node": {
        "label": "null",
        "type": "Literal"
      },
      "location-after-char-start": 67272,
      "location-after-char-end": 67275,
      "node-str": "null"
    },
    {
      "type": "insert-node",
      "node": {
        "label": "\u003d",
        "type": "Assignment"
      },
      "location-after-char-start": 67301,
      "location-after-char-end": 67329,
      "node-str": "\u003d"
    },
    {
      "type": "move-subtree",
      "node": {
        "label": "\u003d",
        "type": "Assignment"
      },
      "location-before-char-start": 67098,
      "location-before-char-end": 67151,
      "location-after-char-start": 67343,
      "location-after-char-end": 67396,
      "node-str": "\u003d"
    },
    {
      "type": "move-subtree",
      "node": {
        "label": "selectColumns",
        "type": "LocalVariable"
      },
      "location-before-char-start": 67165,
      "location-before-char-end": 67230,
      "location-after-char-start": 67410,
      "location-after-char-end": 67475,
      "node-str": "selectColumns"
    },
    {
      "type": "insert-node",
      "node": {
        "label": "sortAttributeAdded",
        "type": "LocalVariable"
      },
      "location-after-char-start": 67490,
      "location-after-char-end": 67524,
      "node-str": "sortAttributeAdded"
    },
    {
      "type": "insert-node",
      "node": {
        "label": "outerJoinLimit",
        "type": "LocalVariable"
      },
      "location-after-char-start": 67538,
      "location-after-char-end": 67581,
      "node-str": "outerJoinLimit"
    },
    {
      "type": "insert-node",
      "node": {
        "label": "count",
        "type": "LocalVariable"
      },
      "location-after-char-start": 67595,
      "location-after-char-end": 67608,
      "node-str": "count"
    },
    {
      "type": "insert-node",
      "node": {
        "label": "",
        "type": "For"
      },
      "location-after-char-start": 67622,
      "location-after-char-end": 69389,
      "node-str": ""
    },
    {
      "type": "move-subtree",
      "node": {
        "label": "if",
        "type": "If"
      },
      "location-before-char-start": 68751,
      "location-before-char-end": 69524,
      "location-after-char-start": 69469,
      "location-after-char-end": 70242,
      "node-str": "if"
    },
    {
      "type": "insert-node",
      "node": {
        "label": "append",
        "type": "Invocation"
      },
      "location-after-char-start": 70307,
      "location-after-char-end": 70331,
      "node-str": "append"
    },
    {
      "type": "insert-node",
      "node": {
        "label": "sb",
        "type": "VariableRead"
      },
      "location-after-char-start": 71328,
      "location-after-char-end": 71329,
      "node-str": "sb"
    },
    {
      "type": "insert-node",
      "node": {
        "label": "valueListSize",
        "type": "VariableWrite"
      },
      "location-after-char-start": 67301,
      "location-after-char-end": 67313,
      "node-str": "valueListSize"
    },
    {
      "type": "insert-node",
      "node": {
        "label": "size",
        "type": "Invocation"
      },
      "location-after-char-start": 67317,
      "location-after-char-end": 67328,
      "node-str": "size"
    },
    {
      "type": "insert-node",
      "node": {
        "label": "boolean",
        "type": "VARIABLE_TYPE"
      },
      "location-after-char-start": 0,
      "location-after-char-end": 0,
      "node-str": "boolean"
    },
    {
      "type": "insert-node",
      "node": {
        "label": "false",
        "type": "Literal"
      },
      "location-after-char-start": 67519,
      "location-after-char-end": 67523,
      "node-str": "false"
    },
    {
      "type": "insert-node",
      "node": {
        "label": "int",
        "type": "VARIABLE_TYPE"
      },
      "location-after-char-start": 0,
      "location-after-char-end": 0,
      "node-str": "int"
    },
    {
      "type": "insert-node",
      "node": {
        "label": "MINUS",
        "type": "BinaryOperator"
      },
      "location-after-char-start": 67559,
      "location-after-char-end": 67580,
      "node-str": "MINUS"
    },
    {
      "type": "insert-node",
      "node": {
        "label": "int",
        "type": "VARIABLE_TYPE"
      },
      "location-after-char-start": 0,
      "location-after-char-end": 0,
      "node-str": "int"
    },
    {
      "type": "insert-node",
      "node": {
        "label": "0",
        "type": "Literal"
      },
      "location-after-char-start": 67607,
      "location-after-char-end": 67607,
      "node-str": "0"
    },
    {
      "type": "insert-node",
      "node": {
        "label": "i",
        "type": "LocalVariable"
      },
      "location-after-char-start": 67627,
      "location-after-char-end": 67655,
      "node-str": "i"
    },
    {
      "type": "insert-node",
      "node": {
        "label": "hasNext",
        "type": "Invocation"
      },
      "location-after-char-start": 67658,
      "location-after-char-end": 67668,
      "node-str": "hasNext"
    },
    {
      "type": "insert-node",
      "node": {
        "label": "POSTINC",
        "type": "UnaryOperator"
      },
      "location-after-char-start": 67671,
      "location-after-char-end": 67677,
      "node-str": "POSTINC"
    },
    {
      "type": "insert-node",
      "node": {
        "label": "rmua",
        "type": "LocalVariable"
      },
      "location-after-char-start": 67711,
      "location-after-char-end": 67769,
      "node-str": "rmua"
    },
    {
      "type": "insert-node",
      "node": {
        "label": "attrPK",
        "type": "LocalVariable"
      },
      "location-after-char-start": 67918,
      "location-after-char-end": 67956,
      "node-str": "attrPK"
    },
    {
      "type": "insert-node",
      "node": {
        "label": "id",
        "type": "LocalVariable"
      },
      "location-after-char-start": 67974,
      "location-after-char-end": 68003,
      "node-str": "id"
    },
    {
      "type": "move-subtree",
      "node": {
        "label": "alias",
        "type": "LocalVariable"
      },
      "location-before-char-start": 67796,
      "location-before-char-end": 67820,
      "location-after-char-start": 68021,
      "location-after-char-end": 68045,
      "node-str": "alias"
    },
    {
      "type": "insert-node",
      "node": {
        "label": "if",
        "type": "If"
      },
      "location-after-char-start": 68063,
      "location-after-char-end": 69359,
      "node-str": "if"
    },
    {
      "type": "update-node",
      "node": {
        "label": "sortAttrId",
        "type": "VariableRead"
      },
      "location-before-char-start": 68755,
      "location-before-char-end": 68764,
      "location-after-char-start": 69473,
      "location-after-char-end": 69490,
      "node-str": "sortAttributeAdded"
    },
    {
      "type": "move-subtree",
      "node": {
        "label": "sortAttrId",
        "type": "VariableRead"
      },
      "location-before-char-start": 68755,
      "location-before-char-end": 68764,
      "location-after-char-start": 69473,
      "location-after-char-end": 69490,
      "node-str": "sortAttributeAdded"
    },
    {
      "type": "insert-node",
      "node": {
        "label": "sb",
        "type": "VariableRead"
      },
      "location-after-char-start": 70307,
      "location-after-char-end": 70308,
      "node-str": "sb"
    },
    {
      "type": "insert-node",
      "node": {
        "label": "selectColumns",
        "type": "VariableRead"
      },
      "location-after-char-start": 70317,
      "location-after-char-end": 70329,
      "node-str": "selectColumns"
    },
    {
      "type": "insert-node",
      "node": {
        "label": "rmuas",
        "type": "VariableRead"
      },
      "location-after-char-start": 67317,
      "location-after-char-end": 67321,
      "node-str": "rmuas"
    },
    {
      "type": "insert-node",
      "node": {
        "label": "MAX_JOIN",
        "type": "FieldRead"
      },
      "location-after-char-start": 67559,
      "location-after-char-end": 67566,
      "node-str": "MAX_JOIN"
    },
    {
      "type": "insert-node",
      "node": {
        "label": "joinCounter",
        "type": "FieldRead"
      },
      "location-after-char-start": 67570,
      "location-after-char-end": 67580,
      "node-str": "joinCounter"
    },
    {
      "type": "insert-node",
      "node": {
        "label": "java.util.Iterator",
        "type": "VARIABLE_TYPE"
      },
      "location-after-char-start": 0,
      "location-after-char-end": 0,
      "node-str": "java.util.Iterator"
    },
    {
      "type": "insert-node",
      "node": {
        "label": "iterator",
        "type": "Invocation"
      },
      "location-after-char-start": 67640,
      "location-after-char-end": 67655,
      "node-str": "iterator"
    },
    {
      "type": "insert-node",
      "node": {
        "label": "i",
        "type": "VariableRead"
      },
      "location-after-char-start": 67658,
      "location-after-char-end": 67658,
      "node-str": "i"
    },
    {
      "type": "insert-node",
      "node": {
        "label": "count",
        "type": "VariableWrite"
      },
      "location-after-char-start": 67671,
      "location-after-char-end": 67675,
      "node-str": "count"
    },
    {
      "type": "insert-node",
      "node": {
        "label": "org.tigris.scarab.om.RModuleUserAttribute",
        "type": "VARIABLE_TYPE"
      },
      "location-after-char-start": 0,
      "location-after-char-end": 0,
      "node-str": "org.tigris.scarab.om.RModuleUserAttribute"
    },
    {
      "type": "insert-node",
      "node": {
        "label": "next",
        "type": "Invocation"
      },
      "location-after-char-start": 67739,
      "location-after-char-end": 67768,
      "node-str": "next"
    },
    {
      "type": "insert-node",
      "node": {
        "label": "java.lang.Integer",
        "type": "VARIABLE_TYPE"
      },
      "location-after-char-start": 0,
      "location-after-char-end": 0,
      "node-str": "java.lang.Integer"
    },
    {
      "type": "insert-node",
      "node": {
        "label": "getAttributeId",
        "type": "Invocation"
      },
      "location-after-char-start": 67935,
      "location-after-char-end": 67955,
      "node-str": "getAttributeId"
    },
    {
      "type": "insert-node",
      "node": {
        "label": "java.lang.String",
        "type": "VARIABLE_TYPE"
      },
      "location-after-char-start": 0,
      "location-after-char-end": 0,
      "node-str": "java.lang.String"
    },
    {
      "type": "insert-node",
      "node": {
        "label": "toString",
        "type": "Invocation"
      },
      "location-after-char-start": 67986,
      "location-after-char-end": 68002,
      "node-str": "toString"
    },
    {
      "type": "insert-node",
      "node": {
        "label": "OR",
        "type": "BinaryOperator"
      },
      "location-after-char-start": 68067,
      "location-after-char-end": 68152,
      "node-str": "OR"
    },
    {
      "type": "insert-node",
      "node": {
        "label": "THEN",
        "type": "then"
      },
      "location-after-char-start": 68172,
      "location-after-char-end": 69232,
      "node-str": "THEN"
    },
    {
      "type": "insert-node",
      "node": {
        "label": "ELSE",
        "type": "else"
      },
      "location-after-char-start": 69272,
      "location-after-char-end": 69359,
      "node-str": "ELSE"
    },
    {
      "type": "insert-node",
      "node": {
        "label": "org.tigris.scarab.util.word.IssueSearch",
        "type": "TypeAccess"
      },
      "location-after-char-start": 0,
      "location-after-char-end": 0,
      "node-str": "org.tigris.scarab.util.word.IssueSearch"
    },
    {
      "type": "insert-node",
      "node": {
        "label": "rmuas",
        "type": "VariableRead"
      },
      "location-after-char-start": 67640,
      "location-after-char-end": 67644,
      "node-str": "rmuas"
    },
    {
      "type": "insert-node",
      "node": {
        "label": "i",
        "type": "VariableRead"
      },
      "location-after-char-start": 67761,
      "location-after-char-end": 67761,
      "node-str": "i"
    },
    {
      "type": "insert-node",
      "node": {
        "label": "rmua",
        "type": "VariableRead"
      },
      "location-after-char-start": 67935,
      "location-after-char-end": 67938,
      "node-str": "rmua"
    },
    {
      "type": "insert-node",
      "node": {
        "label": "attrPK",
        "type": "VariableRead"
      },
      "location-after-char-start": 67986,
      "location-after-char-end": 67991,
      "node-str": "attrPK"
    },
    {
      "type": "insert-node",
      "node": {
        "label": "LT",
        "type": "BinaryOperator"
      },
      "location-after-char-start": 68067,
      "location-after-char-end": 68099,
      "node-str": "LT"
    },
    {
      "type": "insert-node",
      "node": {
        "label": "contains",
        "type": "Invocation"
      },
      "location-after-char-start": 68125,
      "location-after-char-end": 68152,
      "node-str": "contains"
    },
    {
      "type": "insert-node",
      "node": {
        "label": "if",
        "type": "If"
      },
      "location-after-char-start": 68190,
      "location-after-char-end": 68348,
      "node-str": "if"
    },
    {
      "type": "move-subtree",
      "node": {
        "label": "append",
        "type": "Invocation"
      },
      "location-before-char-start": 67892,
      "location-before-char-end": 67948,
      "location-after-char-start": 68420,
      "location-after-char-end": 68476,
      "node-str": "append"
    },
    {
      "type": "move-subtree",
      "node": {
        "label": "if",
        "type": "If"
      },
      "location-before-char-start": 68083,
      "location-before-char-end": 68657,
      "location-after-char-start": 68611,
      "location-after-char-end": 69218,
      "node-str": "if"
    },
    {
      "type": "insert-node",
      "node": {
        "label": "remove",
        "type": "Invocation"
      },
      "location-after-char-start": 69294,
      "location-after-char-end": 69304,
      "node-str": "remove"
    },
    {
      "type": "insert-node",
      "node": {
        "label": "POSTDEC",
        "type": "UnaryOperator"
      },
      "location-after-char-start": 69326,
      "location-after-char-end": 69341,
      "node-str": "POSTDEC"
    },
    {
      "type": "insert-node",
      "node": {
        "label": "outerJoinCounter",
        "type": "VariableRead"
      },
      "location-after-char-start": 68067,
      "location-after-char-end": 68082,
      "node-str": "outerJoinCounter"
    },
    {
      "type": "insert-node",
      "node": {
        "label": "outerJoinLimit",
        "type": "VariableRead"
      },
      "location-after-char-start": 68086,
      "location-after-char-end": 68099,
      "node-str": "outerJoinLimit"
    },
    {
      "type": "insert-node",
      "node": {
        "label": "tableAliases",
        "type": "VariableRead"
      },
      "location-after-char-start": 68125,
      "location-after-char-end": 68136,
      "node-str": "tableAliases"
    },
    {
      "type": "insert-node",
      "node": {
        "label": "alias",
        "type": "VariableRead"
      },
      "location-after-char-start": 68147,
      "location-after-char-end": 68151,
      "node-str": "alias"
    },
    {
      "type": "insert-node",
      "node": {
        "label": "equals",
        "type": "Invocation"
      },
      "location-after-char-start": 68194,
      "location-after-char-end": 68218,
      "node-str": "equals"
    },
    {
      "type": "insert-node",
      "node": {
        "label": "THEN",
        "type": "then"
      },
      "location-after-char-start": 68238,
      "location-after-char-end": 68348,
      "node-str": "THEN"
    },
    {
      "type": "insert-node",
      "node": {
        "label": "i",
        "type": "VariableRead"
      },
      "location-after-char-start": 69294,
      "location-after-char-end": 69294,
      "node-str": "i"
    },
    {
      "type": "insert-node",
      "node": {
        "label": "valueListSize",
        "type": "VariableWrite"
      },
      "location-after-char-start": 69326,
      "location-after-char-end": 69338,
      "node-str": "valueListSize"
    },
    {
      "type": "insert-node",
      "node": {
        "label": "attrPK",
        "type": "VariableRead"
      },
      "location-after-char-start": 68194,
      "location-after-char-end": 68199,
      "node-str": "attrPK"
    },
    {
      "type": "insert-node",
      "node": {
        "label": "sortAttrId",
        "type": "VariableRead"
      },
      "location-after-char-start": 68208,
      "location-after-char-end": 68217,
      "node-str": "sortAttrId"
    },
    {
      "type": "insert-node",
      "node": {
        "label": "\u003d",
        "type": "Assignment"
      },
      "location-after-char-start": 68260,
      "location-after-char-end": 68279,
      "node-str": "\u003d"
    },
    {
      "type": "insert-node",
      "node": {
        "label": "\u003d",
        "type": "Assignment"
      },
      "location-after-char-start": 68305,
      "location-after-char-end": 68330,
      "node-str": "\u003d"
    },
    {
      "type": "insert-node",
      "node": {
        "label": "sortAttrPos",
        "type": "VariableWrite"
      },
      "location-after-char-start": 68260,
      "location-after-char-end": 68270,
      "node-str": "sortAttrPos"
    },
    {
      "type": "insert-node",
      "node": {
        "label": "count",
        "type": "VariableRead"
      },
      "location-after-char-start": 68274,
      "location-after-char-end": 68278,
      "node-str": "count"
    },
    {
      "type": "insert-node",
      "node": {
        "label": "sortAttributeAdded",
        "type": "VariableWrite"
      },
      "location-after-char-start": 68305,
      "location-after-char-end": 68322,
      "node-str": "sortAttributeAdded"
    },
    {
      "type": "insert-node",
      "node": {
        "label": "true",
        "type": "Literal"
      },
      "location-after-char-start": 68326,
      "location-after-char-end": 68329,
      "node-str": "true"
    },
    {
      "type": "delete-node",
      "node": {
        "label": "public",
        "type": "Modifier"
      },
      "location-before-char-start": 0,
      "location-before-char-end": 0,
      "node-str": "public"
    },
    {
      "type": "delete-node",
      "node": {
        "label": "org.tigris.scarab.om.Issue",
        "type": "SUPER_TYPE"
      },
      "location-before-char-start": 0,
      "location-before-char-end": 0,
      "node-str": "org.tigris.scarab.om.Issue"
    },
    {
      "type": "delete-node",
      "node": {
        "label": "",
        "type": "TypeReference"
      },
      "location-before-char-start": 4810,
      "location-before-char-end": 4814,
      "node-str": ""
    },
    {
      "type": "delete-node",
      "node": {
        "label": "java.sql.Connection",
        "type": "VARIABLE_TYPE"
      },
      "location-before-char-start": 0,
      "location-before-char-end": 0,
      "node-str": "java.sql.Connection"
    },
    {
      "type": "delete-node",
      "node": {
        "label": "conn",
        "type": "Field"
      },
      "location-before-char-start": 9606,
      "location-before-char-end": 9873,
      "node-str": "conn"
    },
    {
      "type": "delete-node",
      "node": {
        "label": "java.sql.Statement",
        "type": "VARIABLE_TYPE"
      },
      "location-before-char-start": 0,
      "location-before-char-end": 0,
      "node-str": "java.sql.Statement"
    },
    {
      "type": "delete-node",
      "node": {
        "label": "stmt",
        "type": "Field"
      },
      "location-before-char-start": 9879,
      "location-before-char-end": 10177,
      "node-str": "stmt"
    },
    {
      "type": "delete-node",
      "node": {
        "label": "long",
        "type": "VARIABLE_TYPE"
      },
      "location-before-char-start": 0,
      "location-before-char-end": 0,
      "node-str": "long"
    },
    {
      "type": "delete-node",
      "node": {
        "label": "connectionStartTime",
        "type": "Field"
      },
      "location-before-char-start": 10183,
      "location-before-char-end": 10284,
      "node-str": "connectionStartTime"
    },
    {
      "type": "delete-node",
      "node": {
        "label": "java.text.SimpleDateFormat",
        "type": "VARIABLE_TYPE"
      },
      "location-before-char-start": 0,
      "location-before-char-end": 0,
      "node-str": "java.text.SimpleDateFormat"
    },
    {
      "type": "delete-node",
      "node": {
        "label": "formatter",
        "type": "Field"
      },
      "location-before-char-start": 10291,
      "location-before-char-end": 10325,
      "node-str": "formatter"
    },
    {
      "type": "delete-node",
      "node": {
        "label": "java.lang.String",
        "type": "VARIABLE_TYPE"
      },
      "location-before-char-start": 0,
      "location-before-char-end": 0,
      "node-str": "java.lang.String"
    },
    {
      "type": "delete-node",
      "node": {
        "label": "searchWords",
        "type": "Field"
      },
      "location-before-char-start": 10332,
      "location-before-char-end": 10358,
      "node-str": "searchWords"
    },
    {
      "type": "delete-node",
      "node": {
        "label": "java.lang.String",
        "type": "VARIABLE_TYPE"
      },
      "location-before-char-start": 0,
      "location-before-char-end": 0,
      "node-str": "java.lang.String"
    },
    {
      "type": "delete-node",
      "node": {
        "label": "commentQuery",
        "type": "Field"
      },
      "location-before-char-start": 10364,
      "location-before-char-end": 10391,
      "node-str": "commentQuery"
    },
    {
      "type": "delete-node",
      "node": {
        "label": "java.lang.Integer[]",
        "type": "VARIABLE_TYPE"
      },
      "location-before-char-start": 0,
      "location-before-char-end": 0,
      "node-str": "java.lang.Integer[]"
    },
    {
      "type": "delete-node",
      "node": {
        "label": "textScope",
        "type": "Field"
      },
      "location-before-char-start": 10397,
      "location-before-char-end": 10424,
      "node-str": "textScope"
    },
    {
      "type": "delete-node",
      "node": {
        "label": "java.lang.String",
        "type": "VARIABLE_TYPE"
      },
      "location-before-char-start": 0,
      "location-before-char-end": 0,
      "node-str": "java.lang.String"
    },
    {
      "type": "delete-node",
      "node": {
        "label": "minId",
        "type": "Field"
      },
      "location-before-char-start": 10430,
      "location-before-char-end": 10450,
      "node-str": "minId"
    },
    {
      "type": "delete-node",
      "node": {
        "label": "java.lang.String",
        "type": "VARIABLE_TYPE"
      },
      "location-before-char-start": 0,
      "location-before-char-end": 0,
      "node-str": "java.lang.String"
    },
    {
      "type": "delete-node",
      "node": {
        "label": "maxId",
        "type": "Field"
      },
      "location-before-char-start": 10456,
      "location-before-char-end": 10476,
      "node-str": "maxId"
    },
    {
      "type": "delete-node",
      "node": {
        "label": "java.lang.String",
        "type": "VARIABLE_TYPE"
      },
      "location-before-char-start": 0,
      "location-before-char-end": 0,
      "node-str": "java.lang.String"
    },
    {
      "type": "delete-node",
      "node": {
        "label": "minDate",
        "type": "Field"
      },
      "location-before-char-start": 10482,
      "location-before-char-end": 10504,
      "node-str": "minDate"
    },
    {
      "type": "delete-node",
      "node": {
        "label": "java.lang.String",
        "type": "VARIABLE_TYPE"
      },
      "location-before-char-start": 0,
      "location-before-char-end": 0,
      "node-str": "java.lang.String"
    },
    {
      "type": "delete-node",
      "node": {
        "label": "maxDate",
        "type": "Field"
      },
      "location-before-char-start": 10510,
      "location-before-char-end": 10532,
      "node-str": "maxDate"
    },
    {
      "type": "delete-node",
      "node": {
        "label": "int",
        "type": "VARIABLE_TYPE"
      },
      "location-before-char-start": 0,
      "location-before-char-end": 0,
      "node-str": "int"
    },
    {
      "type": "delete-node",
      "node": {
        "label": "minVotes",
        "type": "Field"
      },
      "location-before-char-start": 10538,
      "location-before-char-end": 10558,
      "node-str": "minVotes"
    },
    {
      "type": "delete-node",
      "node": {
        "label": "java.lang.Integer",
        "type": "VARIABLE_TYPE"
      },
      "location-before-char-start": 0,
      "location-before-char-end": 0,
      "node-str": "java.lang.Integer"
    },
    {
      "type": "delete-node",
      "node": {
        "label": "stateChangeAttributeId",
        "type": "Field"
      },
      "location-before-char-start": 10569,
      "location-before-char-end": 10607,
      "node-str": "stateChangeAttributeId"
    },
    {
      "type": "delete-node",
      "node": {
        "label": "java.lang.Integer",
        "type": "VARIABLE_TYPE"
      },
      "location-before-char-start": 0,
      "location-before-char-end": 0,
      "node-str": "java.lang.Integer"
    },
    {
      "type": "delete-node",
      "node": {
        "label": "stateChangeFromOptionId",
        "type": "Field"
      },
      "location-before-char-start": 10613,
      "location-before-char-end": 10652,
      "node-str": "stateChangeFromOptionId"
    },
    {
      "type": "delete-node",
      "node": {
        "label": "java.lang.Integer",
        "type": "VARIABLE_TYPE"
      },
      "location-before-char-start": 0,
      "location-before-char-end": 0,
      "node-str": "java.lang.Integer"
    },
    {
      "type": "delete-node",
      "node": {
        "label": "stateChangeToOptionId",
        "type": "Field"
      },
      "location-before-char-start": 10658,
      "location-before-char-end": 10695,
      "node-str": "stateChangeToOptionId"
    },
    {
      "type": "delete-node",
      "node": {
        "label": "java.lang.String",
        "type": "VARIABLE_TYPE"
      },
      "location-before-char-start": 0,
      "location-before-char-end": 0,
      "node-str": "java.lang.String"
    },
    {
      "type": "delete-node",
      "node": {
        "label": "stateChangeFromDate",
        "type": "Field"
      },
      "location-before-char-start": 10701,
      "location-before-char-end": 10735,
      "node-str": "stateChangeFromDate"
    },
    {
      "type": "delete-node",
      "node": {
        "label": "java.lang.String",
        "type": "VARIABLE_TYPE"
      },
      "location-before-char-start": 0,
      "location-before-char-end": 0,
      "node-str": "java.lang.String"
    },
    {
      "type": "delete-node",
      "node": {
        "label": "stateChangeToDate",
        "type": "Field"
      },
      "location-before-char-start": 10741,
      "location-before-char-end": 10773,
      "node-str": "stateChangeToDate"
    },
    {
      "type": "delete-node",
      "node": {
        "label": "java.lang.Integer",
        "type": "VARIABLE_TYPE"
      },
      "location-before-char-start": 0,
      "location-before-char-end": 0,
      "node-str": "java.lang.Integer"
    },
    {
      "type": "delete-node",
      "node": {
        "label": "sortAttributeId",
        "type": "Field"
      },
      "location-before-char-start": 10780,
      "location-before-char-end": 10811,
      "node-str": "sortAttributeId"
    },
    {
      "type": "delete-node",
      "node": {
        "label": "java.lang.String",
        "type": "VARIABLE_TYPE"
      },
      "location-before-char-start": 0,
      "location-before-char-end": 0,
      "node-str": "java.lang.String"
    },
    {
      "type": "delete-node",
      "node": {
        "label": "sortPolarity",
        "type": "Field"
      },
      "location-before-char-start": 10817,
      "location-before-char-end": 10844,
      "node-str": "sortPolarity"
    },
    {
      "type": "delete-node",
      "node": {
        "label": "org.tigris.scarab.om.MITList",
        "type": "VARIABLE_TYPE"
      },
      "location-before-char-start": 0,
      "location-before-char-end": 0,
      "node-str": "org.tigris.scarab.om.MITList"
    },
    {
      "type": "delete-node",
      "node": {
        "label": "mitList",
        "type": "Field"
      },
      "location-before-char-start": 10850,
      "location-before-char-end": 10873,
      "node-str": "mitList"
    },
    {
      "type": "delete-node",
      "node": {
        "label": "java.util.List",
        "type": "VARIABLE_TYPE"
      },
      "location-before-char-start": 0,
      "location-before-char-end": 0,
      "node-str": "java.util.List"
    },
    {
      "type": "delete-node",
      "node": {
        "label": "userIdList",
        "type": "Field"
      },
      "location-before-char-start": 10880,
      "location-before-char-end": 10903,
      "node-str": "userIdList"
    },
    {
      "type": "delete-node",
      "node": {
        "label": "java.util.List",
        "type": "VARIABLE_TYPE"
      },
      "location-before-char-start": 0,
      "location-before-char-end": 0,
      "node-str": "java.util.List"
    },
    {
      "type": "delete-node",
      "node": {
        "label": "userSearchCriteriaList",
        "type": "Field"
      },
      "location-before-char-start": 10909,
      "location-before-char-end": 10944,
      "node-str": "userSearchCriteriaList"
    },
    {
      "type": "delete-node",
      "node": {
        "label": "java.util.List",
        "type": "VARIABLE_TYPE"
      },
      "location-before-char-start": 0,
      "location-before-char-end": 0,
      "node-str": "java.util.List"
    },
    {
      "type": "delete-node",
      "node": {
        "label": "lastUsedAVList",
        "type": "Field"
      },
      "location-before-char-start": 10950,
      "location-before-char-end": 10977,
      "node-str": "lastUsedAVList"
    },
    {
      "type": "delete-node",
      "node": {
        "label": "boolean",
        "type": "VARIABLE_TYPE"
      },
      "location-before-char-start": 0,
      "location-before-char-end": 0,
      "node-str": "boolean"
    },
    {
      "type": "delete-node",
      "node": {
        "label": "modified",
        "type": "Field"
      },
      "location-before-char-start": 10983,
      "location-before-char-end": 11007,
      "node-str": "modified"
    },
    {
      "type": "delete-node",
      "node": {
        "label": "int",
        "type": "VARIABLE_TYPE"
      },
      "location-before-char-start": 0,
      "location-before-char-end": 0,
      "node-str": "int"
    },
    {
      "type": "delete-node",
      "node": {
        "label": "1",
        "type": "Literal"
      },
      "location-before-char-start": 11049,
      "location-before-char-end": 11049,
      "node-str": "1"
    },
    {
      "type": "delete-node",
      "node": {
        "label": "NEG",
        "type": "UnaryOperator"
      },
      "location-before-char-start": 11048,
      "location-before-char-end": 11049,
      "node-str": "NEG"
    },
    {
      "type": "delete-node",
      "node": {
        "label": "lastTotalIssueCount",
        "type": "Field"
      },
      "location-before-char-start": 11014,
      "location-before-char-end": 11050,
      "node-str": "lastTotalIssueCount"
    },
    {
      "type": "delete-node",
      "node": {
        "label": "java.util.List",
        "type": "VARIABLE_TYPE"
      },
      "location-before-char-start": 0,
      "location-before-char-end": 0,
      "node-str": "java.util.List"
    },
    {
      "type": "delete-node",
      "node": {
        "label": "null",
        "type": "Literal"
      },
      "location-before-char-start": 11092,
      "location-before-char-end": 11095,
      "node-str": "null"
    },
    {
      "type": "delete-node",
      "node": {
        "label": "lastMatchingIssueIds",
        "type": "Field"
      },
      "location-before-char-start": 11056,
      "location-before-char-end": 11096,
      "node-str": "lastMatchingIssueIds"
    },
    {
      "type": "delete-node",
      "node": {
        "label": "java.util.List",
        "type": "VARIABLE_TYPE"
      },
      "location-before-char-start": 0,
      "location-before-char-end": 0,
      "node-str": "java.util.List"
    },
    {
      "type": "delete-node",
      "node": {
        "label": "null",
        "type": "Literal"
      },
      "location-before-char-start": 11134,
      "location-before-char-end": 11137,
      "node-str": "null"
    },
    {
      "type": "delete-node",
      "node": {
        "label": "lastQueryResults",
        "type": "Field"
      },
      "location-before-char-start": 11102,
      "location-before-char-end": 11138,
      "node-str": "lastQueryResults"
    },
    {
      "type": "delete-node",
      "node": {
        "label": "java.util.List",
        "type": "VARIABLE_TYPE"
      },
      "location-before-char-start": 0,
      "location-before-char-end": 0,
      "node-str": "java.util.List"
    },
    {
      "type": "delete-node",
      "node": {
        "label": "issueListAttributeColumns",
        "type": "Field"
      },
      "location-before-char-start": 11145,
      "location-before-char-end": 11231,
      "node-str": "issueListAttributeColumns"
    },
    {
      "type": "delete-node",
      "node": {
        "label": "org.apache.commons.collections.LRUMap",
        "type": "VARIABLE_TYPE"
      },
      "location-before-char-start": 0,
      "location-before-char-end": 0,
      "node-str": "org.apache.commons.collections.LRUMap"
    },
    {
      "type": "delete-node",
      "node": {
        "label": "20",
        "type": "Literal"
      },
      "location-before-char-start": 11370,
      "location-before-char-end": 11371,
      "node-str": "20"
    },
    {
      "type": "delete-node",
      "node": {
        "label": "org.apache.commons.collections.LRUMap(int)",
        "type": "ConstructorCall"
      },
      "location-before-char-start": 11359,
      "location-before-char-end": 11372,
      "node-str": "org.apache.commons.collections.LRUMap(int)"
    },
    {
      "type": "delete-node",
      "node": {
        "label": "moduleMap",
        "type": "Field"
      },
      "location-before-char-start": 11238,
      "location-before-char-end": 11373,
      "node-str": "moduleMap"
    },
    {
      "type": "delete-node",
      "node": {
        "label": "org.apache.commons.collections.LRUMap",
        "type": "VARIABLE_TYPE"
      },
      "location-before-char-start": 0,
      "location-before-char-end": 0,
      "node-str": "org.apache.commons.collections.LRUMap"
    },
    {
      "type": "delete-node",
      "node": {
        "label": "20",
        "type": "Literal"
      },
      "location-before-char-start": 11415,
      "location-before-char-end": 11416,
      "node-str": "20"
    },
    {
      "type": "delete-node",
      "node": {
        "label": "org.apache.commons.collections.LRUMap(int)",
        "type": "ConstructorCall"
      },
      "location-before-char-start": 11404,
      "location-before-char-end": 11417,
      "node-str": "org.apache.commons.collections.LRUMap(int)"
    },
    {
      "type": "delete-node",
      "node": {
        "label": "rmitMap",
        "type": "Field"
      },
      "location-before-char-start": 11379,
      "location-before-char-end": 11418,
      "node-str": "rmitMap"
    },
    {
      "type": "delete-node",
      "node": {
        "label": "boolean",
        "type": "VARIABLE_TYPE"
      },
      "location-before-char-start": 0,
      "location-before-char-end": 0,
      "node-str": "boolean"
    },
    {
      "type": "delete-node",
      "node": {
        "label": "true",
        "type": "Literal"
      },
      "location-before-char-start": 11459,
      "location-before-char-end": 11462,
      "node-str": "true"
    },
    {
      "type": "delete-node",
      "node": {
        "label": "isSearchAllowed",
        "type": "Field"
      },
      "location-before-char-start": 11425,
      "location-before-char-end": 11463,
      "node-str": "isSearchAllowed"
    },
    {
      "type": "delete-node",
      "node": {
        "label": "java.util.List",
        "type": "RETURN_TYPE"
      },
      "location-before-char-start": 0,
      "location-before-char-end": 0,
      "node-str": "java.util.List"
    },
    {
      "type": "delete-node",
      "node": {
        "label": "java.lang.Exception",
        "type": "THROWS"
      },
      "location-before-char-start": 0,
      "location-before-char-end": 0,
      "node-str": "java.lang.Exception"
    },
    {
      "type": "delete-node",
      "node": {
        "label": "java.lang.StringBuffer",
        "type": "VARIABLE_TYPE"
      },
      "location-before-char-start": 0,
      "location-before-char-end": 0,
      "node-str": "java.lang.StringBuffer"
    },
    {
      "type": "delete-node",
      "node": {
        "label": "select",
        "type": "Parameter"
      },
      "location-before-char-start": 65991,
      "location-before-char-end": 66009,
      "node-str": "select"
    },
    {
      "type": "delete-node",
      "node": {
        "label": "java.lang.StringBuffer",
        "type": "VARIABLE_TYPE"
      },
      "location-before-char-start": 0,
      "location-before-char-end": 0,
      "node-str": "java.lang.StringBuffer"
    },
    {
      "type": "delete-node",
      "node": {
        "label": "from",
        "type": "Parameter"
      },
      "location-before-char-start": 66012,
      "location-before-char-end": 66028,
      "node-str": "from"
    },
    {
      "type": "delete-node",
      "node": {
        "label": "java.lang.StringBuffer",
        "type": "VARIABLE_TYPE"
      },
      "location-before-char-start": 0,
      "location-before-char-end": 0,
      "node-str": "java.lang.StringBuffer"
    },
    {
      "type": "delete-node",
      "node": {
        "label": "where",
        "type": "Parameter"
      },
      "location-before-char-start": 66060,
      "location-before-char-end": 66077,
      "node-str": "where"
    },
    {
      "type": "delete-node",
      "node": {
        "label": "java.util.Set",
        "type": "VARIABLE_TYPE"
      },
      "location-before-char-start": 0,
      "location-before-char-end": 0,
      "node-str": "java.util.Set"
    },
    {
      "type": "delete-node",
      "node": {
        "label": "tableAliases",
        "type": "Parameter"
      },
      "location-before-char-start": 66080,
      "location-before-char-end": 66095,
      "node-str": "tableAliases"
    },
    {
      "type": "delete-node",
      "node": {
        "label": "java.lang.Integer",
        "type": "VARIABLE_TYPE"
      },
      "location-before-char-start": 0,
      "location-before-char-end": 0,
      "node-str": "java.lang.Integer"
    },
    {
      "type": "delete-node",
      "node": {
        "label": "org.tigris.scarab.util.word.IssueSearch",
        "type": "TypeAccess"
      },
      "location-before-char-start": 0,
      "location-before-char-end": 0,
      "node-str": "org.tigris.scarab.util.word.IssueSearch"
    },
    {
      "type": "delete-node",
      "node": {
        "label": "getSortAttributeId",
        "type": "Invocation"
      },
      "location-before-char-start": 66158,
      "location-before-char-end": 66177,
      "node-str": "getSortAttributeId"
    },
    {
      "type": "delete-node",
      "node": {
        "label": "sortAttrId",
        "type": "LocalVariable"
      },
      "location-before-char-start": 66137,
      "location-before-char-end": 66178,
      "node-str": "sortAttrId"
    },
    {
      "type": "delete-node",
      "node": {
        "label": "null",
        "type": "Literal"
      },
      "location-before-char-start": 68769,
      "location-before-char-end": 68772,
      "node-str": "null"
    },
    {
      "type": "delete-node",
      "node": {
        "label": "NE",
        "type": "BinaryOperator"
      },
      "location-before-char-start": 68755,
      "location-before-char-end": 68772,
      "node-str": "NE"
    },
    {
      "type": "delete-node",
      "node": {
        "label": "sb",
        "type": "VariableRead"
      },
      "location-before-char-start": 66658,
      "location-before-char-end": 66659,
      "node-str": "sb"
    },
    {
      "type": "delete-node",
      "node": {
        "label": "select",
        "type": "VariableRead"
      },
      "location-before-char-start": 66668,
      "location-before-char-end": 66673,
      "node-str": "select"
    },
    {
      "type": "delete-node",
      "node": {
        "label": "append",
        "type": "Invocation"
      },
      "location-before-char-start": 66658,
      "location-before-char-end": 66675,
      "node-str": "append"
    },
    {
      "type": "delete-node",
      "node": {
        "label": "java.lang.String",
        "type": "VARIABLE_TYPE"
      },
      "location-before-char-start": 0,
      "location-before-char-end": 0,
      "node-str": "java.lang.String"
    },
    {
      "type": "delete-node",
      "node": {
        "label": "from",
        "type": "VariableRead"
      },
      "location-before-char-start": 66785,
      "location-before-char-end": 66788,
      "node-str": "from"
    },
    {
      "type": "delete-node",
      "node": {
        "label": "toString",
        "type": "Invocation"
      },
      "location-before-char-start": 66785,
      "location-before-char-end": 66799,
      "node-str": "toString"
    },
    {
      "type": "delete-node",
      "node": {
        "label": "fromString",
        "type": "LocalVariable"
      },
      "location-before-char-start": 66765,
      "location-before-char-end": 66800,
      "node-str": "fromString"
    },
    {
      "type": "delete-node",
      "node": {
        "label": "java.lang.String",
        "type": "VARIABLE_TYPE"
      },
      "location-before-char-start": 0,
      "location-before-char-end": 0,
      "node-str": "java.lang.String"
    },
    {
      "type": "delete-node",
      "node": {
        "label": "null",
        "type": "Literal"
      },
      "location-before-char-start": 66831,
      "location-before-char-end": 66834,
      "node-str": "null"
    },
    {
      "type": "delete-node",
      "node": {
        "label": "sortColumn",
        "type": "LocalVariable"
      },
      "location-before-char-start": 66811,
      "location-before-char-end": 66835,
      "node-str": "sortColumn"
    },
    {
      "type": "delete-node",
      "node": {
        "label": "int",
        "type": "VARIABLE_TYPE"
      },
      "location-before-char-start": 0,
      "location-before-char-end": 0,
      "node-str": "int"
    },
    {
      "type": "delete-node",
      "node": {
        "label": "NO_ATTRIBUTE_SORT",
        "type": "FieldRead"
      },
      "location-before-char-start": 66863,
      "location-before-char-end": 66879,
      "node-str": "NO_ATTRIBUTE_SORT"
    },
    {
      "type": "delete-node",
      "node": {
        "label": "sortAttrPos",
        "type": "LocalVariable"
      },
      "location-before-char-start": 66845,
      "location-before-char-end": 66880,
      "node-str": "sortAttrPos"
    },
    {
      "type": "delete-node",
      "node": {
        "label": "java.lang.StringBuffer",
        "type": "VARIABLE_TYPE"
      },
      "location-before-char-start": 0,
      "location-before-char-end": 0,
      "node-str": "java.lang.StringBuffer"
    },
    {
      "type": "delete-node",
      "node": {
        "label": "null",
        "type": "Literal"
      },
      "location-before-char-start": 66915,
      "location-before-char-end": 66918,
      "node-str": "null"
    },
    {
      "type": "delete-node",
      "node": {
        "label": "outerJoin",
        "type": "LocalVariable"
      },
      "location-before-char-start": 66890,
      "location-before-char-end": 66919,
      "node-str": "outerJoin"
    },
    {
      "type": "delete-node",
      "node": {
        "label": "int",
        "type": "VARIABLE_TYPE"
      },
      "location-before-char-start": 0,
      "location-before-char-end": 0,
      "node-str": "int"
    },
    {
      "type": "delete-node",
      "node": {
        "label": "1",
        "type": "Literal"
      },
      "location-before-char-start": 66950,
      "location-before-char-end": 66950,
      "node-str": "1"
    },
    {
      "type": "delete-node",
      "node": {
        "label": "NEG",
        "type": "UnaryOperator"
      },
      "location-before-char-start": 66949,
      "location-before-char-end": 66950,
      "node-str": "NEG"
    },
    {
      "type": "delete-node",
      "node": {
        "label": "valueListSize",
        "type": "LocalVariable"
      },
      "location-before-char-start": 66929,
      "location-before-char-end": 66951,
      "node-str": "valueListSize"
    },
    {
      "type": "delete-node",
      "node": {
        "label": "java.util.List",
        "type": "VARIABLE_TYPE"
      },
      "location-before-char-start": 0,
      "location-before-char-end": 0,
      "node-str": "java.util.List"
    },
    {
      "type": "delete-node",
      "node": {
        "label": "org.tigris.scarab.util.word.IssueSearch",
        "type": "TypeAccess"
      },
      "location-before-char-start": 0,
      "location-before-char-end": 0,
      "node-str": "org.tigris.scarab.util.word.IssueSearch"
    },
    {
      "type": "delete-node",
      "node": {
        "label": "getIssueListAttributeColumns",
        "type": "Invocation"
      },
      "location-before-char-start": 66974,
      "location-before-char-end": 67003,
      "node-str": "getIssueListAttributeColumns"
    },
    {
      "type": "delete-node",
      "node": {
        "label": "rmuas",
        "type": "LocalVariable"
      },
      "location-before-char-start": 66961,
      "location-before-char-end": 67004,
      "node-str": "rmuas"
    },
    {
      "type": "delete-node",
      "node": {
        "label": "rmuas",
        "type": "VariableRead"
      },
      "location-before-char-start": 67018,
      "location-before-char-end": 67022,
      "node-str": "rmuas"
    },
    {
      "type": "delete-node",
      "node": {
        "label": "null",
        "type": "Literal"
      },
      "location-before-char-start": 67027,
      "location-before-char-end": 67030,
      "node-str": "null"
    },
    {
      "type": "delete-node",
      "node": {
        "label": "NE",
        "type": "BinaryOperator"
      },
      "location-before-char-start": 67018,
      "location-before-char-end": 67030,
      "node-str": "NE"
    },
    {
      "type": "delete-node",
      "node": {
        "label": "valueListSize",
        "type": "VariableWrite"
      },
      "location-before-char-start": 67056,
      "location-before-char-end": 67068,
      "node-str": "valueListSize"
    },
    {
      "type": "delete-node",
      "node": {
        "label": "rmuas",
        "type": "VariableRead"
      },
      "location-before-char-start": 67072,
      "location-before-char-end": 67076,
      "node-str": "rmuas"
    },
    {
      "type": "delete-node",
      "node": {
        "label": "size",
        "type": "Invocation"
      },
      "location-before-char-start": 67072,
      "location-before-char-end": 67083,
      "node-str": "size"
    },
    {
      "type": "delete-node",
      "node": {
        "label": "\u003d",
        "type": "Assignment"
      },
      "location-before-char-start": 67056,
      "location-before-char-end": 67084,
      "node-str": "\u003d"
    },
    {
      "type": "delete-node",
      "node": {
        "label": "int",
        "type": "VARIABLE_TYPE"
      },
      "location-before-char-start": 0,
      "location-before-char-end": 0,
      "node-str": "int"
    },
    {
      "type": "delete-node",
      "node": {
        "label": "0",
        "type": "Literal"
      },
      "location-before-char-start": 67257,
      "location-before-char-end": 67257,
      "node-str": "0"
    },
    {
      "type": "delete-node",
      "node": {
        "label": "count",
        "type": "LocalVariable"
      },
      "location-before-char-start": 67245,
      "location-before-char-end": 67258,
      "node-str": "count"
    },
    {
      "type": "delete-node",
      "node": {
        "label": "java.util.Iterator",
        "type": "VARIABLE_TYPE"
      },
      "location-before-char-start": 0,
      "location-before-char-end": 0,
      "node-str": "java.util.Iterator"
    },
    {
      "type": "delete-node",
      "node": {
        "label": "rmuas",
        "type": "VariableRead"
      },
      "location-before-char-start": 67290,
      "location-before-char-end": 67294,
      "node-str": "rmuas"
    },
    {
      "type": "delete-node",
      "node": {
        "label": "iterator",
        "type": "Invocation"
      },
      "location-before-char-start": 67290,
      "location-before-char-end": 67305,
      "node-str": "iterator"
    },
    {
      "type": "delete-node",
      "node": {
        "label": "i",
        "type": "LocalVariable"
      },
      "location-before-char-start": 67277,
      "location-before-char-end": 67305,
      "node-str": "i"
    },
    {
      "type": "delete-node",
      "node": {
        "label": "i",
        "type": "VariableRead"
      },
      "location-before-char-start": 67308,
      "location-before-char-end": 67308,
      "node-str": "i"
    },
    {
      "type": "delete-node",
      "node": {
        "label": "hasNext",
        "type": "Invocation"
      },
      "location-before-char-start": 67308,
      "location-before-char-end": 67318,
      "node-str": "hasNext"
    },
    {
      "type": "delete-node",
      "node": {
        "label": "count",
        "type": "VariableWrite"
      },
      "location-before-char-start": 67321,
      "location-before-char-end": 67325,
      "node-str": "count"
    },
    {
      "type": "delete-node",
      "node": {
        "label": "POSTINC",
        "type": "UnaryOperator"
      },
      "location-before-char-start": 67321,
      "location-before-char-end": 67327,
      "node-str": "POSTINC"
    },
    {
      "type": "delete-node",
      "node": {
        "label": "org.tigris.scarab.om.RModuleUserAttribute",
        "type": "VARIABLE_TYPE"
      },
      "location-before-char-start": 0,
      "location-before-char-end": 0,
      "node-str": "org.tigris.scarab.om.RModuleUserAttribute"
    },
    {
      "type": "delete-node",
      "node": {
        "label": "i",
        "type": "VariableRead"
      },
      "location-before-char-start": 67411,
      "location-before-char-end": 67411,
      "node-str": "i"
    },
    {
      "type": "delete-node",
      "node": {
        "label": "next",
        "type": "Invocation"
      },
      "location-before-char-start": 67389,
      "location-before-char-end": 67418,
      "node-str": "next"
    },
    {
      "type": "delete-node",
      "node": {
        "label": "rmua",
        "type": "LocalVariable"
      },
      "location-before-char-start": 67361,
      "location-before-char-end": 67419,
      "node-str": "rmua"
    },
    {
      "type": "delete-node",
      "node": {
        "label": "java.lang.Integer",
        "type": "VARIABLE_TYPE"
      },
      "location-before-char-start": 0,
      "location-before-char-end": 0,
      "node-str": "java.lang.Integer"
    },
    {
      "type": "delete-node",
      "node": {
        "label": "rmua",
        "type": "VariableRead"
      },
      "location-before-char-start": 67585,
      "location-before-char-end": 67588,
      "node-str": "rmua"
    },
    {
      "type": "delete-node",
      "node": {
        "label": "getAttributeId",
        "type": "Invocation"
      },
      "location-before-char-start": 67585,
      "location-before-char-end": 67605,
      "node-str": "getAttributeId"
    },
    {
      "type": "delete-node",
      "node": {
        "label": "attrPK",
        "type": "LocalVariable"
      },
      "location-before-char-start": 67568,
      "location-before-char-end": 67606,
      "node-str": "attrPK"
    },
    {
      "type": "delete-node",
      "node": {
        "label": "attrPK",
        "type": "VariableRead"
      },
      "location-before-char-start": 67628,
      "location-before-char-end": 67633,
      "node-str": "attrPK"
    },
    {
      "type": "delete-node",
      "node": {
        "label": "sortAttrId",
        "type": "VariableRead"
      },
      "location-before-char-start": 67642,
      "location-before-char-end": 67651,
      "node-str": "sortAttrId"
    },
    {
      "type": "delete-node",
      "node": {
        "label": "equals",
        "type": "Invocation"
      },
      "location-before-char-start": 67628,
      "location-before-char-end": 67652,
      "node-str": "equals"
    },
    {
      "type": "delete-node",
      "node": {
        "label": "sortAttrPos",
        "type": "VariableWrite"
      },
      "location-before-char-start": 67694,
      "location-before-char-end": 67704,
      "node-str": "sortAttrPos"
    },
    {
      "type": "delete-node",
      "node": {
        "label": "count",
        "type": "VariableRead"
      },
      "location-before-char-start": 67708,
      "location-before-char-end": 67712,
      "node-str": "count"
    },
    {
      "type": "delete-node",
      "node": {
        "label": "\u003d",
        "type": "Assignment"
      },
      "location-before-char-start": 67694,
      "location-before-char-end": 67713,
      "node-str": "\u003d"
    },
    {
      "type": "delete-node",
      "node": {
        "label": "THEN",
        "type": "then"
      },
      "location-before-char-start": 67672,
      "location-before-char-end": 67731,
      "node-str": "THEN"
    },
    {
      "type": "delete-node",
      "node": {
        "label": "if",
        "type": "If"
      },
      "location-before-char-start": 67624,
      "location-before-char-end": 67731,
      "node-str": "if"
    },
    {
      "type": "delete-node",
      "node": {
        "label": "java.lang.String",
        "type": "VARIABLE_TYPE"
      },
      "location-before-char-start": 0,
      "location-before-char-end": 0,
      "node-str": "java.lang.String"
    },
    {
      "type": "delete-node",
      "node": {
        "label": "attrPK",
        "type": "VariableRead"
      },
      "location-before-char-start": 67761,
      "location-before-char-end": 67766,
      "node-str": "attrPK"
    },
    {
      "type": "delete-node",
      "node": {
        "label": "toString",
        "type": "Invocation"
      },
      "location-before-char-start": 67761,
      "location-before-char-end": 67777,
      "node-str": "toString"
    },
    {
      "type": "delete-node",
      "node": {
        "label": "id",
        "type": "LocalVariable"
      },
      "location-before-char-start": 67749,
      "location-before-char-end": 67778,
      "node-str": "id"
    },
    {
      "type": "delete-node",
      "node": {
        "label": "",
        "type": "For"
      },
      "location-before-char-start": 67272,
      "location-before-char-end": 68671,
      "node-str": ""
    },
    {
      "type": "delete-node",
      "node": {
        "label": "sb",
        "type": "VariableRead"
      },
      "location-before-char-start": 69589,
      "location-before-char-end": 69590,
      "node-str": "sb"
    },
    {
      "type": "delete-node",
      "node": {
        "label": "selectColumns",
        "type": "VariableRead"
      },
      "location-before-char-start": 69599,
      "location-before-char-end": 69611,
      "node-str": "selectColumns"
    },
    {
      "type": "delete-node",
      "node": {
        "label": "append",
        "type": "Invocation"
      },
      "location-before-char-start": 69589,
      "location-before-char-end": 69613,
      "node-str": "append"
    },
    {
      "type": "delete-node",
      "node": {
        "label": "THEN",
        "type": "then"
      },
      "location-before-char-start": 67042,
      "location-before-char-end": 69623,
      "node-str": "THEN"
    },
    {
      "type": "delete-node",
      "node": {
        "label": "if",
        "type": "If"
      },
      "location-before-char-start": 67014,
      "location-before-char-end": 69623,
      "node-str": "if"
    },
    {
      "type": "delete-node",
      "node": {
        "label": "java.lang.String",
        "type": "VARIABLE_TYPE"
      },
      "location-before-char-start": 0,
      "location-before-char-end": 0,
      "node-str": "java.lang.String"
    },
    {
      "type": "delete-node",
      "node": {
        "label": "sb",
        "type": "VariableRead"
      },
      "location-before-char-start": 70610,
      "location-before-char-end": 70611,
      "node-str": "sb"
    },
    {
      "type": "delete-node",
      "node": {
        "label": "toString",
        "type": "Invocation"
      },
      "location-before-char-start": 70610,
      "location-before-char-end": 70622,
      "node-str": "toString"
    },
    {
      "type": "delete-node",
      "node": {
        "label": "searchSql",
        "type": "LocalVariable"
      },
      "location-before-char-start": 70591,
      "location-before-char-end": 70623,
      "node-str": "searchSql"
    },
    {
      "type": "delete-node",
      "node": {
        "label": "java.util.List",
        "type": "VARIABLE_TYPE"
      },
      "location-before-char-start": 0,
      "location-before-char-end": 0,
      "node-str": "java.util.List"
    },
    {
      "type": "delete-node",
      "node": {
        "label": "null",
        "type": "Literal"
      },
      "location-before-char-start": 70712,
      "location-before-char-end": 70715,
      "node-str": "null"
    },
    {
      "type": "delete-node",
      "node": {
        "label": "result",
        "type": "LocalVariable"
      },
      "location-before-char-start": 70698,
      "location-before-char-end": 70716,
      "node-str": "result"
    },
    {
      "type": "delete-node",
      "node": {
        "label": "result",
        "type": "VariableRead"
      },
      "location-before-char-start": 72457,
      "location-before-char-end": 72462,
      "node-str": "result"
    },
    {
      "type": "delete-node",
      "node": {
        "label": "return",
        "type": "Return"
      },
      "location-before-char-start": 72450,
      "location-before-char-end": 72463,
      "node-str": "return"
    }
  ],
  "before-file": {},
  "after-file": {},
  "mapping": {}
}