{
  "tool-info": {},
  "diff": [
    {
      "type": "insert-node",
      "node": {
        "label": "public",
        "type": "Modifier"
      },
      "location-after-char-start": 0,
      "location-after-char-end": 0,
      "node-str": "public"
    },
    {
      "type": "insert-node",
      "node": {
        "label": "org.eclipse.jface.viewers.TreeViewer",
        "type": "RETURN_TYPE"
      },
      "location-after-char-start": 0,
      "location-after-char-end": 0,
      "node-str": "org.eclipse.jface.viewers.TreeViewer"
    },
    {
      "type": "insert-node",
      "node": {
        "label": "protected",
        "type": "Modifier"
      },
      "location-after-char-start": 0,
      "location-after-char-end": 0,
      "node-str": "protected"
    },
    {
      "type": "insert-node",
      "node": {
        "label": "filter",
        "type": "LocalVariable"
      },
      "location-after-char-start": 24364,
      "location-after-char-end": 25232,
      "node-str": "filter"
    },
    {
      "type": "insert-node",
      "node": {
        "label": "org.eclipse.ui.internal.dialogs.PatternFilter",
        "type": "VARIABLE_TYPE"
      },
      "location-after-char-start": 0,
      "location-after-char-end": 0,
      "node-str": "org.eclipse.ui.internal.dialogs.PatternFilter"
    },
    {
      "type": "insert-node",
      "node": {
        "label": "org.eclipse.ui.internal.dialogs.PatternFilter()",
        "type": "NewClass"
      },
      "location-after-char-start": 24387,
      "location-after-char-end": 25231,
      "node-str": "org.eclipse.ui.internal.dialogs.PatternFilter()"
    },
    {
      "type": "update-node",
      "node": {
        "label": "4",
        "type": "Class"
      },
      "location-before-char-start": 23635,
      "location-before-char-end": 24168,
      "location-after-char-start": 21977,
      "location-after-char-end": 22510,
      "node-str": "3"
    },
    {
      "type": "insert-node",
      "node": {
        "label": "4",
        "type": "Class"
      },
      "location-after-char-start": 24407,
      "location-after-char-end": 25231,
      "node-str": "4"
    },
    {
      "type": "update-node",
      "node": {
        "label": "6",
        "type": "Class"
      },
      "location-before-char-start": 27374,
      "location-before-char-end": 27929,
      "location-after-char-start": 25716,
      "location-after-char-end": 26271,
      "node-str": "5"
    },
    {
      "type": "move-subtree",
      "node": {
        "label": "",
        "type": "TypeReference"
      },
      "location-before-char-start": 0,
      "location-before-char-end": 0,
      "location-after-char-start": 0,
      "location-after-char-end": 0,
      "node-str": ""
    },
    {
      "type": "insert-node",
      "node": {
        "label": "select",
        "type": "Method"
      },
      "location-after-char-start": 24412,
      "location-after-char-end": 25227,
      "node-str": "select"
    },
    {
      "type": "insert-node",
      "node": {
        "label": "boolean",
        "type": "RETURN_TYPE"
      },
      "location-after-char-start": 0,
      "location-after-char-end": 0,
      "node-str": "boolean"
    },
    {
      "type": "insert-node",
      "node": {
        "label": "public",
        "type": "Modifier"
      },
      "location-after-char-start": 0,
      "location-after-char-end": 0,
      "node-str": "public"
    },
    {
      "type": "move-subtree",
      "node": {
        "label": "viewer",
        "type": "Parameter"
      },
      "location-before-char-start": 26092,
      "location-before-char-end": 26104,
      "location-after-char-start": 24434,
      "location-after-char-end": 24446,
      "node-str": "viewer"
    },
    {
      "type": "move-subtree",
      "node": {
        "label": "parentElement",
        "type": "Parameter"
      },
      "location-before-char-start": 26107,
      "location-before-char-end": 26126,
      "location-after-char-start": 24449,
      "location-after-char-end": 24468,
      "node-str": "parentElement"
    },
    {
      "type": "move-subtree",
      "node": {
        "label": "element",
        "type": "Parameter"
      },
      "location-before-char-start": 26129,
      "location-before-char-end": 26142,
      "location-after-char-start": 24471,
      "location-after-char-end": 24484,
      "node-str": "element"
    },
    {
      "type": "insert-node",
      "node": {
        "label": "contentProvider",
        "type": "LocalVariable"
      },
      "location-after-char-start": 24493,
      "location-after-char-end": 24598,
      "node-str": "contentProvider"
    },
    {
      "type": "move-subtree",
      "node": {
        "label": "match",
        "type": "LocalVariable"
      },
      "location-before-char-start": 26262,
      "location-before-char-end": 26283,
      "location-after-char-start": 24604,
      "location-after-char-end": 24625,
      "node-str": "match"
    },
    {
      "type": "insert-node",
      "node": {
        "label": "if",
        "type": "If"
      },
      "location-after-char-start": 24631,
      "location-after-char-end": 24910,
      "node-str": "if"
    },
    {
      "type": "insert-node",
      "node": {
        "label": "if",
        "type": "If"
      },
      "location-after-char-start": 24916,
      "location-after-char-end": 25199,
      "node-str": "if"
    },
    {
      "type": "move-subtree",
      "node": {
        "label": "return",
        "type": "Return"
      },
      "location-before-char-start": 26868,
      "location-before-char-end": 26880,
      "location-after-char-start": 25210,
      "location-after-char-end": 25222,
      "node-str": "return"
    },
    {
      "type": "insert-node",
      "node": {
        "label": "org.eclipse.jface.viewers.ITreeContentProvider",
        "type": "VARIABLE_TYPE"
      },
      "location-after-char-start": 0,
      "location-after-char-end": 0,
      "node-str": "org.eclipse.jface.viewers.ITreeContentProvider"
    },
    {
      "type": "update-node",
      "node": {
        "label": "setInput",
        "type": "Invocation"
      },
      "location-before-char-start": 24001,
      "location-before-char-end": 24049,
      "location-after-char-start": 24532,
      "location-after-char-end": 24597,
      "node-str": "getContentProvider"
    },
    {
      "type": "move-subtree",
      "node": {
        "label": "setInput",
        "type": "Invocation"
      },
      "location-before-char-start": 24001,
      "location-before-char-end": 24049,
      "location-after-char-start": 24532,
      "location-after-char-end": 24597,
      "node-str": "getContentProvider"
    },
    {
      "type": "move-subtree",
      "node": {
        "label": "INSTANCEOF",
        "type": "BinaryOperator"
      },
      "location-before-char-start": 26293,
      "location-before-char-end": 26335,
      "location-after-char-start": 24635,
      "location-after-char-end": 24677,
      "node-str": "INSTANCEOF"
    },
    {
      "type": "insert-node",
      "node": {
        "label": "THEN",
        "type": "then"
      },
      "location-after-char-start": 24680,
      "location-after-char-end": 24910,
      "node-str": "THEN"
    },
    {
      "type": "move-subtree",
      "node": {
        "label": "INSTANCEOF",
        "type": "BinaryOperator"
      },
      "location-before-char-start": 26578,
      "location-before-char-end": 26619,
      "location-after-char-start": 24920,
      "location-after-char-end": 24961,
      "node-str": "INSTANCEOF"
    },
    {
      "type": "insert-node",
      "node": {
        "label": "THEN",
        "type": "then"
      },
      "location-after-char-start": 24964,
      "location-after-char-end": 25199,
      "node-str": "THEN"
    },
    {
      "type": "insert-node",
      "node": {
        "label": "setInput",
        "type": "Invocation"
      },
      "location-after-char-start": 22343,
      "location-after-char-end": 22391,
      "node-str": "setInput"
    },
    {
      "type": "update-node",
      "node": {
        "label": "org.eclipse.ui.internal.dialogs.WorkbenchPreferenceDialog$4",
        "type": "TypeAccess"
      },
      "location-before-char-start": 0,
      "location-before-char-end": 0,
      "location-after-char-start": 0,
      "location-after-char-end": 0,
      "node-str": "org.eclipse.ui.internal.dialogs.WorkbenchPreferenceDialog$3"
    },
    {
      "type": "update-node",
      "node": {
        "label": "org.eclipse.ui.internal.dialogs.WorkbenchPreferenceDialog$4",
        "type": "TypeAccess"
      },
      "location-before-char-start": 0,
      "location-before-char-end": 0,
      "location-after-char-start": 0,
      "location-after-char-end": 0,
      "node-str": "org.eclipse.ui.internal.dialogs.WorkbenchPreferenceDialog$3"
    },
    {
      "type": "move-subtree",
      "node": {
        "label": "group",
        "type": "LocalVariable"
      },
      "location-before-char-start": 26346,
      "location-before-char-end": 26413,
      "location-after-char-start": 24688,
      "location-after-char-end": 24755,
      "node-str": "group"
    },
    {
      "type": "move-subtree",
      "node": {
        "label": "children",
        "type": "LocalVariable"
      },
      "location-before-char-start": 26420,
      "location-before-char-end": 26474,
      "location-after-char-start": 24762,
      "location-after-char-end": 24816,
      "node-str": "children"
    },
    {
      "type": "insert-node",
      "node": {
        "label": "\u003d",
        "type": "Assignment"
      },
      "location-after-char-start": 24823,
      "location-after-char-end": 24904,
      "node-str": "\u003d"
    },
    {
      "type": "move-subtree",
      "node": {
        "label": "node",
        "type": "LocalVariable"
      },
      "location-before-char-start": 26629,
      "location-before-char-end": 26693,
      "location-after-char-start": 24971,
      "location-after-char-end": 25035,
      "node-str": "node"
    },
    {
      "type": "move-subtree",
      "node": {
        "label": "children",
        "type": "LocalVariable"
      },
      "location-before-char-start": 26700,
      "location-before-char-end": 26753,
      "location-after-char-start": 25042,
      "location-after-char-end": 25095,
      "node-str": "children"
    },
    {
      "type": "insert-node",
      "node": {
        "label": "\u003d",
        "type": "Assignment"
      },
      "location-after-char-start": 25102,
      "location-after-char-end": 25193,
      "node-str": "\u003d"
    },
    {
      "type": "update-node",
      "node": {
        "label": "org.eclipse.ui.internal.dialogs.WorkbenchPreferenceDialog$4",
        "type": "TypeAccess"
      },
      "location-before-char-start": 0,
      "location-before-char-end": 0,
      "location-after-char-start": 0,
      "location-after-char-end": 0,
      "node-str": "org.eclipse.ui.internal.dialogs.WorkbenchPreferenceDialog$3"
    },
    {
      "type": "update-node",
      "node": {
        "label": "org.eclipse.ui.internal.dialogs.WorkbenchPreferenceDialog$4",
        "type": "TypeAccess"
      },
      "location-before-char-start": 0,
      "location-before-char-end": 0,
      "location-after-char-start": 0,
      "location-after-char-end": 0,
      "node-str": "org.eclipse.ui.internal.dialogs.WorkbenchPreferenceDialog$3"
    },
    {
      "type": "insert-node",
      "node": {
        "label": "getTreeViewer",
        "type": "Invocation"
      },
      "location-after-char-start": 22343,
      "location-after-char-end": 22357,
      "node-str": "getTreeViewer"
    },
    {
      "type": "move-subtree",
      "node": {
        "label": "getPreferenceManager",
        "type": "Invocation"
      },
      "location-before-char-start": 24026,
      "location-before-char-end": 24047,
      "location-after-char-start": 22368,
      "location-after-char-end": 22389,
      "node-str": "getPreferenceManager"
    },
    {
      "type": "update-node",
      "node": {
        "label": "org.eclipse.ui.internal.dialogs.WorkbenchPreferenceDialog$4",
        "type": "TypeAccess"
      },
      "location-before-char-start": 0,
      "location-before-char-end": 0,
      "location-after-char-start": 0,
      "location-after-char-end": 0,
      "node-str": "org.eclipse.ui.internal.dialogs.WorkbenchPreferenceDialog$3"
    },
    {
      "type": "insert-node",
      "node": {
        "label": "match",
        "type": "VariableWrite"
      },
      "location-after-char-start": 24823,
      "location-after-char-end": 24827,
      "node-str": "match"
    },
    {
      "type": "insert-node",
      "node": {
        "label": "OR",
        "type": "BinaryOperator"
      },
      "location-after-char-start": 24832,
      "location-after-char-end": 24903,
      "node-str": "OR"
    },
    {
      "type": "insert-node",
      "node": {
        "label": "match",
        "type": "VariableWrite"
      },
      "location-after-char-start": 25102,
      "location-after-char-end": 25106,
      "node-str": "match"
    },
    {
      "type": "insert-node",
      "node": {
        "label": "OR",
        "type": "BinaryOperator"
      },
      "location-after-char-start": 25110,
      "location-after-char-end": 25192,
      "node-str": "OR"
    },
    {
      "type": "insert-node",
      "node": {
        "label": "org.eclipse.ui.internal.dialogs.WorkbenchPreferenceDialog$3",
        "type": "TypeAccess"
      },
      "location-after-char-start": 0,
      "location-after-char-end": 0,
      "node-str": "org.eclipse.ui.internal.dialogs.WorkbenchPreferenceDialog$3"
    },
    {
      "type": "update-node",
      "node": {
        "label": "org.eclipse.ui.internal.dialogs.WorkbenchPreferenceDialog$4",
        "type": "TypeAccess"
      },
      "location-before-char-start": 0,
      "location-before-char-end": 0,
      "location-after-char-start": 0,
      "location-after-char-end": 0,
      "node-str": "org.eclipse.ui.internal.dialogs.WorkbenchPreferenceDialog$3"
    },
    {
      "type": "move-subtree",
      "node": {
        "label": "match",
        "type": "Invocation"
      },
      "location-before-char-start": 26490,
      "location-before-char-end": 26511,
      "location-after-char-start": 24832,
      "location-after-char-end": 24853,
      "node-str": "match"
    },
    {
      "type": "insert-node",
      "node": {
        "label": "GT",
        "type": "BinaryOperator"
      },
      "location-after-char-start": 24858,
      "location-after-char-end": 24903,
      "node-str": "GT"
    },
    {
      "type": "move-subtree",
      "node": {
        "label": "match",
        "type": "Invocation"
      },
      "location-before-char-start": 26768,
      "location-before-char-end": 26793,
      "location-after-char-start": 25110,
      "location-after-char-end": 25135,
      "node-str": "match"
    },
    {
      "type": "insert-node",
      "node": {
        "label": "GT",
        "type": "BinaryOperator"
      },
      "location-after-char-start": 25147,
      "location-after-char-end": 25192,
      "node-str": "GT"
    },
    {
      "type": "update-node",
      "node": {
        "label": "org.eclipse.ui.internal.dialogs.WorkbenchPreferenceDialog$5",
        "type": "TypeAccess"
      },
      "location-before-char-start": 0,
      "location-before-char-end": 0,
      "location-after-char-start": 0,
      "location-after-char-end": 0,
      "node-str": "org.eclipse.ui.internal.dialogs.WorkbenchPreferenceDialog$4"
    },
    {
      "type": "insert-node",
      "node": {
        "label": "length",
        "type": "FieldRead"
      },
      "location-after-char-start": 24859,
      "location-after-char-end": 24898,
      "node-str": "length"
    },
    {
      "type": "insert-node",
      "node": {
        "label": "0",
        "type": "Literal"
      },
      "location-after-char-start": 24902,
      "location-after-char-end": 24902,
      "node-str": "0"
    },
    {
      "type": "update-node",
      "node": {
        "label": "org.eclipse.ui.internal.dialogs.WorkbenchPreferenceDialog$5",
        "type": "TypeAccess"
      },
      "location-before-char-start": 0,
      "location-before-char-end": 0,
      "location-after-char-start": 0,
      "location-after-char-end": 0,
      "node-str": "org.eclipse.ui.internal.dialogs.WorkbenchPreferenceDialog$4"
    },
    {
      "type": "insert-node",
      "node": {
        "label": "length",
        "type": "FieldRead"
      },
      "location-after-char-start": 25148,
      "location-after-char-end": 25187,
      "node-str": "length"
    },
    {
      "type": "insert-node",
      "node": {
        "label": "0",
        "type": "Literal"
      },
      "location-after-char-start": 25191,
      "location-after-char-end": 25191,
      "node-str": "0"
    },
    {
      "type": "insert-node",
      "node": {
        "label": "filter",
        "type": "Invocation"
      },
      "location-after-char-start": 24859,
      "location-after-char-end": 24891,
      "node-str": "filter"
    },
    {
      "type": "insert-node",
      "node": {
        "label": "filter",
        "type": "Invocation"
      },
      "location-after-char-start": 25148,
      "location-after-char-end": 25180,
      "node-str": "filter"
    },
    {
      "type": "insert-node",
      "node": {
        "label": "org.eclipse.ui.internal.dialogs.WorkbenchPreferenceDialog$4",
        "type": "TypeAccess"
      },
      "location-after-char-start": 0,
      "location-after-char-end": 0,
      "node-str": "org.eclipse.ui.internal.dialogs.WorkbenchPreferenceDialog$4"
    },
    {
      "type": "insert-node",
      "node": {
        "label": "viewer",
        "type": "VariableRead"
      },
      "location-after-char-start": 24866,
      "location-after-char-end": 24871,
      "node-str": "viewer"
    },
    {
      "type": "insert-node",
      "node": {
        "label": "element",
        "type": "VariableRead"
      },
      "location-after-char-start": 24874,
      "location-after-char-end": 24880,
      "node-str": "element"
    },
    {
      "type": "insert-node",
      "node": {
        "label": "children",
        "type": "VariableRead"
      },
      "location-after-char-start": 24883,
      "location-after-char-end": 24890,
      "node-str": "children"
    },
    {
      "type": "insert-node",
      "node": {
        "label": "org.eclipse.ui.internal.dialogs.WorkbenchPreferenceDialog$4",
        "type": "TypeAccess"
      },
      "location-after-char-start": 0,
      "location-after-char-end": 0,
      "node-str": "org.eclipse.ui.internal.dialogs.WorkbenchPreferenceDialog$4"
    },
    {
      "type": "insert-node",
      "node": {
        "label": "viewer",
        "type": "VariableRead"
      },
      "location-after-char-start": 25155,
      "location-after-char-end": 25160,
      "node-str": "viewer"
    },
    {
      "type": "insert-node",
      "node": {
        "label": "element",
        "type": "VariableRead"
      },
      "location-after-char-start": 25163,
      "location-after-char-end": 25169,
      "node-str": "element"
    },
    {
      "type": "insert-node",
      "node": {
        "label": "children",
        "type": "VariableRead"
      },
      "location-after-char-start": 25172,
      "location-after-char-end": 25179,
      "node-str": "children"
    },
    {
      "type": "delete-node",
      "node": {
        "label": "public",
        "type": "Modifier"
      },
      "location-before-char-start": 0,
      "location-before-char-end": 0,
      "node-str": "public"
    },
    {
      "type": "delete-node",
      "node": {
        "label": "org.eclipse.swt.widgets.Layout",
        "type": "RETURN_TYPE"
      },
      "location-before-char-start": 0,
      "location-before-char-end": 0,
      "node-str": "org.eclipse.swt.widgets.Layout"
    },
    {
      "type": "delete-node",
      "node": {
        "label": "org.eclipse.swt.widgets.Layout",
        "type": "SUPER_TYPE"
      },
      "location-before-char-start": 0,
      "location-before-char-end": 0,
      "node-str": "org.eclipse.swt.widgets.Layout"
    },
    {
      "type": "delete-node",
      "node": {
        "label": "",
        "type": "TypeReference"
      },
      "location-before-char-start": 0,
      "location-before-char-end": 0,
      "node-str": ""
    },
    {
      "type": "delete-node",
      "node": {
        "label": "org.eclipse.swt.graphics.Point",
        "type": "RETURN_TYPE"
      },
      "location-before-char-start": 0,
      "location-before-char-end": 0,
      "node-str": "org.eclipse.swt.graphics.Point"
    },
    {
      "type": "delete-node",
      "node": {
        "label": "protected",
        "type": "Modifier"
      },
      "location-before-char-start": 0,
      "location-before-char-end": 0,
      "node-str": "protected"
    },
    {
      "type": "delete-node",
      "node": {
        "label": "org.eclipse.swt.widgets.Composite",
        "type": "VARIABLE_TYPE"
      },
      "location-before-char-start": 0,
      "location-before-char-end": 0,
      "node-str": "org.eclipse.swt.widgets.Composite"
    },
    {
      "type": "delete-node",
      "node": {
        "label": "composite",
        "type": "Parameter"
      },
      "location-before-char-start": 22072,
      "location-before-char-end": 22090,
      "node-str": "composite"
    },
    {
      "type": "delete-node",
      "node": {
        "label": "int",
        "type": "VARIABLE_TYPE"
      },
      "location-before-char-start": 0,
      "location-before-char-end": 0,
      "node-str": "int"
    },
    {
      "type": "delete-node",
      "node": {
        "label": "wHint",
        "type": "Parameter"
      },
      "location-before-char-start": 22093,
      "location-before-char-end": 22101,
      "node-str": "wHint"
    },
    {
      "type": "delete-node",
      "node": {
        "label": "int",
        "type": "VARIABLE_TYPE"
      },
      "location-before-char-start": 0,
      "location-before-char-end": 0,
      "node-str": "int"
    },
    {
      "type": "delete-node",
      "node": {
        "label": "hHint",
        "type": "Parameter"
      },
      "location-before-char-start": 22104,
      "location-before-char-end": 22112,
      "node-str": "hHint"
    },
    {
      "type": "delete-node",
      "node": {
        "label": "boolean",
        "type": "VARIABLE_TYPE"
      },
      "location-before-char-start": 0,
      "location-before-char-end": 0,
      "node-str": "boolean"
    },
    {
      "type": "delete-node",
      "node": {
        "label": "flushCache",
        "type": "Parameter"
      },
      "location-before-char-start": 22120,
      "location-before-char-end": 22137,
      "node-str": "flushCache"
    },
    {
      "type": "delete-node",
      "node": {
        "label": "wHint",
        "type": "VariableRead"
      },
      "location-before-char-start": 22151,
      "location-before-char-end": 22155,
      "node-str": "wHint"
    },
    {
      "type": "delete-node",
      "node": {
        "label": "org.eclipse.swt.SWT",
        "type": "TypeAccess"
      },
      "location-before-char-start": 0,
      "location-before-char-end": 0,
      "node-str": "org.eclipse.swt.SWT"
    },
    {
      "type": "delete-node",
      "node": {
        "label": "DEFAULT",
        "type": "FieldRead"
      },
      "location-before-char-start": 22160,
      "location-before-char-end": 22170,
      "node-str": "DEFAULT"
    },
    {
      "type": "delete-node",
      "node": {
        "label": "NE",
        "type": "BinaryOperator"
      },
      "location-before-char-start": 22151,
      "location-before-char-end": 22170,
      "node-str": "NE"
    },
    {
      "type": "delete-node",
      "node": {
        "label": "hHint",
        "type": "VariableRead"
      },
      "location-before-char-start": 22175,
      "location-before-char-end": 22179,
      "node-str": "hHint"
    },
    {
      "type": "delete-node",
      "node": {
        "label": "org.eclipse.swt.SWT",
        "type": "TypeAccess"
      },
      "location-before-char-start": 0,
      "location-before-char-end": 0,
      "node-str": "org.eclipse.swt.SWT"
    },
    {
      "type": "delete-node",
      "node": {
        "label": "DEFAULT",
        "type": "FieldRead"
      },
      "location-before-char-start": 22184,
      "location-before-char-end": 22194,
      "node-str": "DEFAULT"
    },
    {
      "type": "delete-node",
      "node": {
        "label": "NE",
        "type": "BinaryOperator"
      },
      "location-before-char-start": 22175,
      "location-before-char-end": 22194,
      "node-str": "NE"
    },
    {
      "type": "delete-node",
      "node": {
        "label": "AND",
        "type": "BinaryOperator"
      },
      "location-before-char-start": 22151,
      "location-before-char-end": 22194,
      "node-str": "AND"
    },
    {
      "type": "delete-node",
      "node": {
        "label": "wHint",
        "type": "VariableRead"
      },
      "location-before-char-start": 22219,
      "location-before-char-end": 22223,
      "node-str": "wHint"
    },
    {
      "type": "delete-node",
      "node": {
        "label": "hHint",
        "type": "VariableRead"
      },
      "location-before-char-start": 22226,
      "location-before-char-end": 22230,
      "node-str": "hHint"
    },
    {
      "type": "delete-node",
      "node": {
        "label": "org.eclipse.swt.graphics.Point(int,int)",
        "type": "ConstructorCall"
      },
      "location-before-char-start": 22209,
      "location-before-char-end": 22231,
      "node-str": "org.eclipse.swt.graphics.Point(int,int)"
    },
    {
      "type": "delete-node",
      "node": {
        "label": "return",
        "type": "Return"
      },
      "location-before-char-start": 22202,
      "location-before-char-end": 22232,
      "node-str": "return"
    },
    {
      "type": "delete-node",
      "node": {
        "label": "THEN",
        "type": "then"
      },
      "location-before-char-start": 22202,
      "location-before-char-end": 22232,
      "node-str": "THEN"
    },
    {
      "type": "delete-node",
      "node": {
        "label": "if",
        "type": "If"
      },
      "location-before-char-start": 22147,
      "location-before-char-end": 22232,
      "node-str": "if"
    },
    {
      "type": "delete-node",
      "node": {
        "label": "int",
        "type": "VARIABLE_TYPE"
      },
      "location-before-char-start": 0,
      "location-before-char-end": 0,
      "node-str": "int"
    },
    {
      "type": "delete-node",
      "node": {
        "label": "org.eclipse.ui.internal.dialogs.WorkbenchPreferenceDialog",
        "type": "TypeAccess"
      },
      "location-before-char-start": 0,
      "location-before-char-end": 0,
      "node-str": "org.eclipse.ui.internal.dialogs.WorkbenchPreferenceDialog"
    },
    {
      "type": "delete-node",
      "node": {
        "label": "minimumSize",
        "type": "FieldRead"
      },
      "location-before-char-start": 22246,
      "location-before-char-end": 22256,
      "node-str": "minimumSize"
    },
    {
      "type": "delete-node",
      "node": {
        "label": "x",
        "type": "FieldRead"
      },
      "location-before-char-start": 22246,
      "location-before-char-end": 22258,
      "node-str": "x"
    },
    {
      "type": "delete-node",
      "node": {
        "label": "x",
        "type": "LocalVariable"
      },
      "location-before-char-start": 22238,
      "location-before-char-end": 22259,
      "node-str": "x"
    },
    {
      "type": "delete-node",
      "node": {
        "label": "int",
        "type": "VARIABLE_TYPE"
      },
      "location-before-char-start": 0,
      "location-before-char-end": 0,
      "node-str": "int"
    },
    {
      "type": "delete-node",
      "node": {
        "label": "org.eclipse.ui.internal.dialogs.WorkbenchPreferenceDialog",
        "type": "TypeAccess"
      },
      "location-before-char-start": 0,
      "location-before-char-end": 0,
      "node-str": "org.eclipse.ui.internal.dialogs.WorkbenchPreferenceDialog"
    },
    {
      "type": "delete-node",
      "node": {
        "label": "minimumSize",
        "type": "FieldRead"
      },
      "location-before-char-start": 22273,
      "location-before-char-end": 22283,
      "node-str": "minimumSize"
    },
    {
      "type": "delete-node",
      "node": {
        "label": "y",
        "type": "FieldRead"
      },
      "location-before-char-start": 22273,
      "location-before-char-end": 22285,
      "node-str": "y"
    },
    {
      "type": "delete-node",
      "node": {
        "label": "y",
        "type": "LocalVariable"
      },
      "location-before-char-start": 22265,
      "location-before-char-end": 22286,
      "node-str": "y"
    },
    {
      "type": "delete-node",
      "node": {
        "label": "org.eclipse.swt.widgets.Control[]",
        "type": "VARIABLE_TYPE"
      },
      "location-before-char-start": 0,
      "location-before-char-end": 0,
      "node-str": "org.eclipse.swt.widgets.Control[]"
    },
    {
      "type": "delete-node",
      "node": {
        "label": "composite",
        "type": "VariableRead"
      },
      "location-before-char-start": 22313,
      "location-before-char-end": 22321,
      "node-str": "composite"
    },
    {
      "type": "delete-node",
      "node": {
        "label": "getChildren",
        "type": "Invocation"
      },
      "location-before-char-start": 22313,
      "location-before-char-end": 22335,
      "node-str": "getChildren"
    },
    {
      "type": "delete-node",
      "node": {
        "label": "children",
        "type": "LocalVariable"
      },
      "location-before-char-start": 22292,
      "location-before-char-end": 22336,
      "node-str": "children"
    },
    {
      "type": "delete-node",
      "node": {
        "label": "int",
        "type": "VARIABLE_TYPE"
      },
      "location-before-char-start": 0,
      "location-before-char-end": 0,
      "node-str": "int"
    },
    {
      "type": "delete-node",
      "node": {
        "label": "0",
        "type": "Literal"
      },
      "location-before-char-start": 22355,
      "location-before-char-end": 22355,
      "node-str": "0"
    },
    {
      "type": "delete-node",
      "node": {
        "label": "i",
        "type": "LocalVariable"
      },
      "location-before-char-start": 22347,
      "location-before-char-end": 22355,
      "node-str": "i"
    },
    {
      "type": "delete-node",
      "node": {
        "label": "i",
        "type": "VariableRead"
      },
      "location-before-char-start": 22358,
      "location-before-char-end": 22358,
      "node-str": "i"
    },
    {
      "type": "delete-node",
      "node": {
        "label": "children",
        "type": "VariableRead"
      },
      "location-before-char-start": 22362,
      "location-before-char-end": 22376,
      "node-str": "children"
    },
    {
      "type": "delete-node",
      "node": {
        "label": "length",
        "type": "FieldRead"
      },
      "location-before-char-start": 22362,
      "location-before-char-end": 22376,
      "node-str": "length"
    },
    {
      "type": "delete-node",
      "node": {
        "label": "LT",
        "type": "BinaryOperator"
      },
      "location-before-char-start": 22358,
      "location-before-char-end": 22376,
      "node-str": "LT"
    },
    {
      "type": "delete-node",
      "node": {
        "label": "i",
        "type": "VariableWrite"
      },
      "location-before-char-start": 22379,
      "location-before-char-end": 22379,
      "node-str": "i"
    },
    {
      "type": "delete-node",
      "node": {
        "label": "POSTINC",
        "type": "UnaryOperator"
      },
      "location-before-char-start": 22379,
      "location-before-char-end": 22381,
      "node-str": "POSTINC"
    },
    {
      "type": "delete-node",
      "node": {
        "label": "org.eclipse.swt.graphics.Point",
        "type": "VARIABLE_TYPE"
      },
      "location-before-char-start": 0,
      "location-before-char-end": 0,
      "node-str": "org.eclipse.swt.graphics.Point"
    },
    {
      "type": "delete-node",
      "node": {
        "label": "children",
        "type": "VariableRead"
      },
      "location-before-char-start": 22404,
      "location-before-char-end": 22411,
      "node-str": "children"
    },
    {
      "type": "delete-node",
      "node": {
        "label": "i",
        "type": "VariableRead"
      },
      "location-before-char-start": 22413,
      "location-before-char-end": 22413,
      "node-str": "i"
    },
    {
      "type": "delete-node",
      "node": {
        "label": "",
        "type": "ArrayRead"
      },
      "location-before-char-start": 22404,
      "location-before-char-end": 22414,
      "node-str": ""
    },
    {
      "type": "delete-node",
      "node": {
        "label": "SWT.DEFAULT",
        "type": "TypeAccess"
      },
      "location-before-char-start": 22428,
      "location-before-char-end": 22438,
      "node-str": "SWT.DEFAULT"
    },
    {
      "type": "delete-node",
      "node": {
        "label": "SWT.DEFAULT",
        "type": "TypeAccess"
      },
      "location-before-char-start": 22441,
      "location-before-char-end": 22451,
      "node-str": "SWT.DEFAULT"
    },
    {
      "type": "delete-node",
      "node": {
        "label": "flushCache",
        "type": "VariableRead"
      },
      "location-before-char-start": 22454,
      "location-before-char-end": 22463,
      "node-str": "flushCache"
    },
    {
      "type": "delete-node",
      "node": {
        "label": "computeSize",
        "type": "Invocation"
      },
      "location-before-char-start": 22404,
      "location-before-char-end": 22464,
      "node-str": "computeSize"
    },
    {
      "type": "delete-node",
      "node": {
        "label": "size",
        "type": "LocalVariable"
      },
      "location-before-char-start": 22391,
      "location-before-char-end": 22465,
      "node-str": "size"
    },
    {
      "type": "delete-node",
      "node": {
        "label": "x",
        "type": "VariableWrite"
      },
      "location-before-char-start": 22472,
      "location-before-char-end": 22472,
      "node-str": "x"
    },
    {
      "type": "delete-node",
      "node": {
        "label": "java.lang.Math",
        "type": "TypeAccess"
      },
      "location-before-char-start": 22476,
      "location-before-char-end": 22479,
      "node-str": "java.lang.Math"
    },
    {
      "type": "delete-node",
      "node": {
        "label": "x",
        "type": "VariableRead"
      },
      "location-before-char-start": 22485,
      "location-before-char-end": 22485,
      "node-str": "x"
    },
    {
      "type": "delete-node",
      "node": {
        "label": "size",
        "type": "VariableRead"
      },
      "location-before-char-start": 22488,
      "location-before-char-end": 22493,
      "node-str": "size"
    },
    {
      "type": "delete-node",
      "node": {
        "label": "x",
        "type": "FieldRead"
      },
      "location-before-char-start": 22488,
      "location-before-char-end": 22493,
      "node-str": "x"
    },
    {
      "type": "delete-node",
      "node": {
        "label": "max",
        "type": "Invocation"
      },
      "location-before-char-start": 22476,
      "location-before-char-end": 22494,
      "node-str": "max"
    },
    {
      "type": "delete-node",
      "node": {
        "label": "\u003d",
        "type": "Assignment"
      },
      "location-before-char-start": 22472,
      "location-before-char-end": 22495,
      "node-str": "\u003d"
    },
    {
      "type": "delete-node",
      "node": {
        "label": "y",
        "type": "VariableWrite"
      },
      "location-before-char-start": 22502,
      "location-before-char-end": 22502,
      "node-str": "y"
    },
    {
      "type": "delete-node",
      "node": {
        "label": "java.lang.Math",
        "type": "TypeAccess"
      },
      "location-before-char-start": 22506,
      "location-before-char-end": 22509,
      "node-str": "java.lang.Math"
    },
    {
      "type": "delete-node",
      "node": {
        "label": "y",
        "type": "VariableRead"
      },
      "location-before-char-start": 22515,
      "location-before-char-end": 22515,
      "node-str": "y"
    },
    {
      "type": "delete-node",
      "node": {
        "label": "size",
        "type": "VariableRead"
      },
      "location-before-char-start": 22518,
      "location-before-char-end": 22523,
      "node-str": "size"
    },
    {
      "type": "delete-node",
      "node": {
        "label": "y",
        "type": "FieldRead"
      },
      "location-before-char-start": 22518,
      "location-before-char-end": 22523,
      "node-str": "y"
    },
    {
      "type": "delete-node",
      "node": {
        "label": "max",
        "type": "Invocation"
      },
      "location-before-char-start": 22506,
      "location-before-char-end": 22524,
      "node-str": "max"
    },
    {
      "type": "delete-node",
      "node": {
        "label": "\u003d",
        "type": "Assignment"
      },
      "location-before-char-start": 22502,
      "location-before-char-end": 22525,
      "node-str": "\u003d"
    },
    {
      "type": "delete-node",
      "node": {
        "label": "",
        "type": "For"
      },
      "location-before-char-start": 22342,
      "location-before-char-end": 22531,
      "node-str": ""
    },
    {
      "type": "delete-node",
      "node": {
        "label": "x",
        "type": "VariableWrite"
      },
      "location-before-char-start": 22538,
      "location-before-char-end": 22538,
      "node-str": "x"
    },
    {
      "type": "delete-node",
      "node": {
        "label": "org.eclipse.jface.dialogs.IDialogConstants",
        "type": "TypeAccess"
      },
      "location-before-char-start": 0,
      "location-before-char-end": 0,
      "node-str": "org.eclipse.jface.dialogs.IDialogConstants"
    },
    {
      "type": "delete-node",
      "node": {
        "label": "HORIZONTAL_MARGIN",
        "type": "FieldRead"
      },
      "location-before-char-start": 22543,
      "location-before-char-end": 22576,
      "node-str": "HORIZONTAL_MARGIN"
    },
    {
      "type": "delete-node",
      "node": {
        "label": "2",
        "type": "Literal"
      },
      "location-before-char-start": 22580,
      "location-before-char-end": 22580,
      "node-str": "2"
    },
    {
      "type": "delete-node",
      "node": {
        "label": "MUL",
        "type": "BinaryOperator"
      },
      "location-before-char-start": 22543,
      "location-before-char-end": 22580,
      "node-str": "MUL"
    },
    {
      "type": "delete-node",
      "node": {
        "label": "",
        "type": "OperatorAssignment"
      },
      "location-before-char-start": 22538,
      "location-before-char-end": 22581,
      "node-str": ""
    },
    {
      "type": "delete-node",
      "node": {
        "label": "y",
        "type": "VariableWrite"
      },
      "location-before-char-start": 22587,
      "location-before-char-end": 22587,
      "node-str": "y"
    },
    {
      "type": "delete-node",
      "node": {
        "label": "org.eclipse.jface.dialogs.IDialogConstants",
        "type": "TypeAccess"
      },
      "location-before-char-start": 0,
      "location-before-char-end": 0,
      "node-str": "org.eclipse.jface.dialogs.IDialogConstants"
    },
    {
      "type": "delete-node",
      "node": {
        "label": "VERTICAL_MARGIN",
        "type": "FieldRead"
      },
      "location-before-char-start": 22592,
      "location-before-char-end": 22623,
      "node-str": "VERTICAL_MARGIN"
    },
    {
      "type": "delete-node",
      "node": {
        "label": "2",
        "type": "Literal"
      },
      "location-before-char-start": 22627,
      "location-before-char-end": 22627,
      "node-str": "2"
    },
    {
      "type": "delete-node",
      "node": {
        "label": "MUL",
        "type": "BinaryOperator"
      },
      "location-before-char-start": 22592,
      "location-before-char-end": 22627,
      "node-str": "MUL"
    },
    {
      "type": "delete-node",
      "node": {
        "label": "",
        "type": "OperatorAssignment"
      },
      "location-before-char-start": 22587,
      "location-before-char-end": 22628,
      "node-str": ""
    },
    {
      "type": "delete-node",
      "node": {
        "label": "wHint",
        "type": "VariableRead"
      },
      "location-before-char-start": 22639,
      "location-before-char-end": 22643,
      "node-str": "wHint"
    },
    {
      "type": "delete-node",
      "node": {
        "label": "org.eclipse.swt.SWT",
        "type": "TypeAccess"
      },
      "location-before-char-start": 0,
      "location-before-char-end": 0,
      "node-str": "org.eclipse.swt.SWT"
    },
    {
      "type": "delete-node",
      "node": {
        "label": "DEFAULT",
        "type": "FieldRead"
      },
      "location-before-char-start": 22648,
      "location-before-char-end": 22658,
      "node-str": "DEFAULT"
    },
    {
      "type": "delete-node",
      "node": {
        "label": "NE",
        "type": "BinaryOperator"
      },
      "location-before-char-start": 22639,
      "location-before-char-end": 22658,
      "node-str": "NE"
    },
    {
      "type": "delete-node",
      "node": {
        "label": "x",
        "type": "VariableWrite"
      },
      "location-before-char-start": 22666,
      "location-before-char-end": 22666,
      "node-str": "x"
    },
    {
      "type": "delete-node",
      "node": {
        "label": "wHint",
        "type": "VariableRead"
      },
      "location-before-char-start": 22670,
      "location-before-char-end": 22674,
      "node-str": "wHint"
    },
    {
      "type": "delete-node",
      "node": {
        "label": "\u003d",
        "type": "Assignment"
      },
      "location-before-char-start": 22666,
      "location-before-char-end": 22675,
      "node-str": "\u003d"
    },
    {
      "type": "delete-node",
      "node": {
        "label": "THEN",
        "type": "then"
      },
      "location-before-char-start": 22666,
      "location-before-char-end": 22675,
      "node-str": "THEN"
    },
    {
      "type": "delete-node",
      "node": {
        "label": "if",
        "type": "If"
      },
      "location-before-char-start": 22635,
      "location-before-char-end": 22675,
      "node-str": "if"
    },
    {
      "type": "delete-node",
      "node": {
        "label": "hHint",
        "type": "VariableRead"
      },
      "location-before-char-start": 22685,
      "location-before-char-end": 22689,
      "node-str": "hHint"
    },
    {
      "type": "delete-node",
      "node": {
        "label": "org.eclipse.swt.SWT",
        "type": "TypeAccess"
      },
      "location-before-char-start": 0,
      "location-before-char-end": 0,
      "node-str": "org.eclipse.swt.SWT"
    },
    {
      "type": "delete-node",
      "node": {
        "label": "DEFAULT",
        "type": "FieldRead"
      },
      "location-before-char-start": 22694,
      "location-before-char-end": 22704,
      "node-str": "DEFAULT"
    },
    {
      "type": "delete-node",
      "node": {
        "label": "NE",
        "type": "BinaryOperator"
      },
      "location-before-char-start": 22685,
      "location-before-char-end": 22704,
      "node-str": "NE"
    },
    {
      "type": "delete-node",
      "node": {
        "label": "y",
        "type": "VariableWrite"
      },
      "location-before-char-start": 22712,
      "location-before-char-end": 22712,
      "node-str": "y"
    },
    {
      "type": "delete-node",
      "node": {
        "label": "hHint",
        "type": "VariableRead"
      },
      "location-before-char-start": 22716,
      "location-before-char-end": 22720,
      "node-str": "hHint"
    },
    {
      "type": "delete-node",
      "node": {
        "label": "\u003d",
        "type": "Assignment"
      },
      "location-before-char-start": 22712,
      "location-before-char-end": 22721,
      "node-str": "\u003d"
    },
    {
      "type": "delete-node",
      "node": {
        "label": "THEN",
        "type": "then"
      },
      "location-before-char-start": 22712,
      "location-before-char-end": 22721,
      "node-str": "THEN"
    },
    {
      "type": "delete-node",
      "node": {
        "label": "if",
        "type": "If"
      },
      "location-before-char-start": 22681,
      "location-before-char-end": 22721,
      "node-str": "if"
    },
    {
      "type": "delete-node",
      "node": {
        "label": "x",
        "type": "VariableRead"
      },
      "location-before-char-start": 22744,
      "location-before-char-end": 22744,
      "node-str": "x"
    },
    {
      "type": "delete-node",
      "node": {
        "label": "y",
        "type": "VariableRead"
      },
      "location-before-char-start": 22747,
      "location-before-char-end": 22747,
      "node-str": "y"
    },
    {
      "type": "delete-node",
      "node": {
        "label": "org.eclipse.swt.graphics.Point(int,int)",
        "type": "ConstructorCall"
      },
      "location-before-char-start": 22734,
      "location-before-char-end": 22748,
      "node-str": "org.eclipse.swt.graphics.Point(int,int)"
    },
    {
      "type": "delete-node",
      "node": {
        "label": "return",
        "type": "Return"
      },
      "location-before-char-start": 22727,
      "location-before-char-end": 22749,
      "node-str": "return"
    },
    {
      "type": "delete-node",
      "node": {
        "label": "computeSize",
        "type": "Method"
      },
      "location-before-char-start": 21909,
      "location-before-char-end": 22755,
      "node-str": "computeSize"
    },
    {
      "type": "delete-node",
      "node": {
        "label": "void",
        "type": "RETURN_TYPE"
      },
      "location-before-char-start": 0,
      "location-before-char-end": 0,
      "node-str": "void"
    },
    {
      "type": "delete-node",
      "node": {
        "label": "protected",
        "type": "Modifier"
      },
      "location-before-char-start": 0,
      "location-before-char-end": 0,
      "node-str": "protected"
    },
    {
      "type": "delete-node",
      "node": {
        "label": "org.eclipse.swt.widgets.Composite",
        "type": "VARIABLE_TYPE"
      },
      "location-before-char-start": 0,
      "location-before-char-end": 0,
      "node-str": "org.eclipse.swt.widgets.Composite"
    },
    {
      "type": "delete-node",
      "node": {
        "label": "composite",
        "type": "Parameter"
      },
      "location-before-char-start": 22903,
      "location-before-char-end": 22921,
      "node-str": "composite"
    },
    {
      "type": "delete-node",
      "node": {
        "label": "boolean",
        "type": "VARIABLE_TYPE"
      },
      "location-before-char-start": 0,
      "location-before-char-end": 0,
      "node-str": "boolean"
    },
    {
      "type": "delete-node",
      "node": {
        "label": "flushCache",
        "type": "Parameter"
      },
      "location-before-char-start": 22924,
      "location-before-char-end": 22941,
      "node-str": "flushCache"
    },
    {
      "type": "delete-node",
      "node": {
        "label": "org.eclipse.swt.graphics.Rectangle",
        "type": "VARIABLE_TYPE"
      },
      "location-before-char-start": 0,
      "location-before-char-end": 0,
      "node-str": "org.eclipse.swt.graphics.Rectangle"
    },
    {
      "type": "delete-node",
      "node": {
        "label": "composite",
        "type": "VariableRead"
      },
      "location-before-char-start": 22967,
      "location-before-char-end": 22975,
      "node-str": "composite"
    },
    {
      "type": "delete-node",
      "node": {
        "label": "getClientArea",
        "type": "Invocation"
      },
      "location-before-char-start": 22967,
      "location-before-char-end": 22991,
      "node-str": "getClientArea"
    },
    {
      "type": "delete-node",
      "node": {
        "label": "rect",
        "type": "LocalVariable"
      },
      "location-before-char-start": 22950,
      "location-before-char-end": 22992,
      "node-str": "rect"
    },
    {
      "type": "delete-node",
      "node": {
        "label": "org.eclipse.swt.widgets.Control[]",
        "type": "VARIABLE_TYPE"
      },
      "location-before-char-start": 0,
      "location-before-char-end": 0,
      "node-str": "org.eclipse.swt.widgets.Control[]"
    },
    {
      "type": "delete-node",
      "node": {
        "label": "composite",
        "type": "VariableRead"
      },
      "location-before-char-start": 23019,
      "location-before-char-end": 23027,
      "node-str": "composite"
    },
    {
      "type": "delete-node",
      "node": {
        "label": "getChildren",
        "type": "Invocation"
      },
      "location-before-char-start": 23019,
      "location-before-char-end": 23041,
      "node-str": "getChildren"
    },
    {
      "type": "delete-node",
      "node": {
        "label": "children",
        "type": "LocalVariable"
      },
      "location-before-char-start": 22998,
      "location-before-char-end": 23042,
      "node-str": "children"
    },
    {
      "type": "delete-node",
      "node": {
        "label": "int",
        "type": "VARIABLE_TYPE"
      },
      "location-before-char-start": 0,
      "location-before-char-end": 0,
      "node-str": "int"
    },
    {
      "type": "delete-node",
      "node": {
        "label": "0",
        "type": "Literal"
      },
      "location-before-char-start": 23061,
      "location-before-char-end": 23061,
      "node-str": "0"
    },
    {
      "type": "delete-node",
      "node": {
        "label": "i",
        "type": "LocalVariable"
      },
      "location-before-char-start": 23053,
      "location-before-char-end": 23061,
      "node-str": "i"
    },
    {
      "type": "delete-node",
      "node": {
        "label": "i",
        "type": "VariableRead"
      },
      "location-before-char-start": 23064,
      "location-before-char-end": 23064,
      "node-str": "i"
    },
    {
      "type": "delete-node",
      "node": {
        "label": "children",
        "type": "VariableRead"
      },
      "location-before-char-start": 23068,
      "location-before-char-end": 23082,
      "node-str": "children"
    },
    {
      "type": "delete-node",
      "node": {
        "label": "length",
        "type": "FieldRead"
      },
      "location-before-char-start": 23068,
      "location-before-char-end": 23082,
      "node-str": "length"
    },
    {
      "type": "delete-node",
      "node": {
        "label": "LT",
        "type": "BinaryOperator"
      },
      "location-before-char-start": 23064,
      "location-before-char-end": 23082,
      "node-str": "LT"
    },
    {
      "type": "delete-node",
      "node": {
        "label": "i",
        "type": "VariableWrite"
      },
      "location-before-char-start": 23085,
      "location-before-char-end": 23085,
      "node-str": "i"
    },
    {
      "type": "delete-node",
      "node": {
        "label": "POSTINC",
        "type": "UnaryOperator"
      },
      "location-before-char-start": 23085,
      "location-before-char-end": 23087,
      "node-str": "POSTINC"
    },
    {
      "type": "delete-node",
      "node": {
        "label": "children",
        "type": "VariableRead"
      },
      "location-before-char-start": 23097,
      "location-before-char-end": 23104,
      "node-str": "children"
    },
    {
      "type": "delete-node",
      "node": {
        "label": "i",
        "type": "VariableRead"
      },
      "location-before-char-start": 23106,
      "location-before-char-end": 23106,
      "node-str": "i"
    },
    {
      "type": "delete-node",
      "node": {
        "label": "",
        "type": "ArrayRead"
      },
      "location-before-char-start": 23097,
      "location-before-char-end": 23107,
      "node-str": ""
    },
    {
      "type": "delete-node",
      "node": {
        "label": "IDialogConstants.HORIZONTAL_MARGIN",
        "type": "TypeAccess"
      },
      "location-before-char-start": 23119,
      "location-before-char-end": 23152,
      "node-str": "IDialogConstants.HORIZONTAL_MARGIN"
    },
    {
      "type": "delete-node",
      "node": {
        "label": "IDialogConstants.VERTICAL_MARGIN",
        "type": "TypeAccess"
      },
      "location-before-char-start": 23162,
      "location-before-char-end": 23193,
      "node-str": "IDialogConstants.VERTICAL_MARGIN"
    },
    {
      "type": "delete-node",
      "node": {
        "label": "rect",
        "type": "VariableRead"
      },
      "location-before-char-start": 23196,
      "location-before-char-end": 23205,
      "node-str": "rect"
    },
    {
      "type": "delete-node",
      "node": {
        "label": "width",
        "type": "FieldRead"
      },
      "location-before-char-start": 23196,
      "location-before-char-end": 23205,
      "node-str": "width"
    },
    {
      "type": "delete-node",
      "node": {
        "label": "2",
        "type": "Literal"
      },
      "location-before-char-start": 23219,
      "location-before-char-end": 23219,
      "node-str": "2"
    },
    {
      "type": "delete-node",
      "node": {
        "label": "org.eclipse.jface.dialogs.IDialogConstants",
        "type": "TypeAccess"
      },
      "location-before-char-start": 0,
      "location-before-char-end": 0,
      "node-str": "org.eclipse.jface.dialogs.IDialogConstants"
    },
    {
      "type": "delete-node",
      "node": {
        "label": "HORIZONTAL_MARGIN",
        "type": "FieldRead"
      },
      "location-before-char-start": 23223,
      "location-before-char-end": 23256,
      "node-str": "HORIZONTAL_MARGIN"
    },
    {
      "type": "delete-node",
      "node": {
        "label": "MUL",
        "type": "BinaryOperator"
      },
      "location-before-char-start": 23218,
      "location-before-char-end": 23257,
      "node-str": "MUL"
    },
    {
      "type": "delete-node",
      "node": {
        "label": "MINUS",
        "type": "BinaryOperator"
      },
      "location-before-char-start": 23196,
      "location-before-char-end": 23257,
      "node-str": "MINUS"
    },
    {
      "type": "delete-node",
      "node": {
        "label": "rect",
        "type": "VariableRead"
      },
      "location-before-char-start": 23260,
      "location-before-char-end": 23270,
      "node-str": "rect"
    },
    {
      "type": "delete-node",
      "node": {
        "label": "height",
        "type": "FieldRead"
      },
      "location-before-char-start": 23260,
      "location-before-char-end": 23270,
      "node-str": "height"
    },
    {
      "type": "delete-node",
      "node": {
        "label": "2",
        "type": "Literal"
      },
      "location-before-char-start": 23284,
      "location-before-char-end": 23284,
      "node-str": "2"
    },
    {
      "type": "delete-node",
      "node": {
        "label": "org.eclipse.jface.dialogs.IDialogConstants",
        "type": "TypeAccess"
      },
      "location-before-char-start": 0,
      "location-before-char-end": 0,
      "node-str": "org.eclipse.jface.dialogs.IDialogConstants"
    },
    {
      "type": "delete-node",
      "node": {
        "label": "VERTICAL_MARGIN",
        "type": "FieldRead"
      },
      "location-before-char-start": 23288,
      "location-before-char-end": 23319,
      "node-str": "VERTICAL_MARGIN"
    },
    {
      "type": "delete-node",
      "node": {
        "label": "MUL",
        "type": "BinaryOperator"
      },
      "location-before-char-start": 23283,
      "location-before-char-end": 23320,
      "node-str": "MUL"
    },
    {
      "type": "delete-node",
      "node": {
        "label": "MINUS",
        "type": "BinaryOperator"
      },
      "location-before-char-start": 23260,
      "location-before-char-end": 23320,
      "node-str": "MINUS"
    },
    {
      "type": "delete-node",
      "node": {
        "label": "setBounds",
        "type": "Invocation"
      },
      "location-before-char-start": 23097,
      "location-before-char-end": 23322,
      "node-str": "setBounds"
    },
    {
      "type": "delete-node",
      "node": {
        "label": "",
        "type": "For"
      },
      "location-before-char-start": 23048,
      "location-before-char-end": 23328,
      "node-str": ""
    },
    {
      "type": "delete-node",
      "node": {
        "label": "layout",
        "type": "Method"
      },
      "location-before-char-start": 22761,
      "location-before-char-end": 23333,
      "node-str": "layout"
    },
    {
      "type": "delete-node",
      "node": {
        "label": "3",
        "type": "Class"
      },
      "location-before-char-start": 21904,
      "location-before-char-end": 23338,
      "node-str": "3"
    },
    {
      "type": "delete-node",
      "node": {
        "label": "org.eclipse.swt.widgets.Layout()",
        "type": "NewClass"
      },
      "location-before-char-start": 21891,
      "location-before-char-end": 23338,
      "node-str": "org.eclipse.swt.widgets.Layout()"
    },
    {
      "type": "delete-node",
      "node": {
        "label": "return",
        "type": "Return"
      },
      "location-before-char-start": 21884,
      "location-before-char-end": 23339,
      "node-str": "return"
    },
    {
      "type": "delete-node",
      "node": {
        "label": "getPageLayout",
        "type": "Method"
      },
      "location-before-char-start": 21774,
      "location-before-char-end": 23342,
      "node-str": "getPageLayout"
    },
    {
      "type": "delete-node",
      "node": {
        "label": "org.eclipse.jface.viewers.TreeViewer",
        "type": "RETURN_TYPE"
      },
      "location-before-char-start": 0,
      "location-before-char-end": 0,
      "node-str": "org.eclipse.jface.viewers.TreeViewer"
    },
    {
      "type": "delete-node",
      "node": {
        "label": "protected",
        "type": "Modifier"
      },
      "location-before-char-start": 0,
      "location-before-char-end": 0,
      "node-str": "protected"
    },
    {
      "type": "delete-node",
      "node": {
        "label": "org.eclipse.ui.internal.dialogs.PatternFilter",
        "type": "VARIABLE_TYPE"
      },
      "location-before-char-start": 0,
      "location-before-char-end": 0,
      "node-str": "org.eclipse.ui.internal.dialogs.PatternFilter"
    },
    {
      "type": "delete-node",
      "node": {
        "label": "boolean",
        "type": "RETURN_TYPE"
      },
      "location-before-char-start": 0,
      "location-before-char-end": 0,
      "node-str": "boolean"
    },
    {
      "type": "delete-node",
      "node": {
        "label": "public",
        "type": "Modifier"
      },
      "location-before-char-start": 0,
      "location-before-char-end": 0,
      "node-str": "public"
    },
    {
      "type": "delete-node",
      "node": {
        "label": "org.eclipse.jface.viewers.ITreeContentProvider",
        "type": "VARIABLE_TYPE"
      },
      "location-before-char-start": 0,
      "location-before-char-end": 0,
      "node-str": "org.eclipse.jface.viewers.ITreeContentProvider"
    },
    {
      "type": "delete-node",
      "node": {
        "label": "org.eclipse.ui.internal.dialogs.WorkbenchPreferenceDialog$5",
        "type": "TypeAccess"
      },
      "location-before-char-start": 0,
      "location-before-char-end": 0,
      "node-str": "org.eclipse.ui.internal.dialogs.WorkbenchPreferenceDialog$5"
    },
    {
      "type": "delete-node",
      "node": {
        "label": "getTreeViewer",
        "type": "Invocation"
      },
      "location-before-char-start": 26213,
      "location-before-char-end": 26227,
      "node-str": "getTreeViewer"
    },
    {
      "type": "delete-node",
      "node": {
        "label": "getContentProvider",
        "type": "Invocation"
      },
      "location-before-char-start": 26190,
      "location-before-char-end": 26255,
      "node-str": "getContentProvider"
    },
    {
      "type": "delete-node",
      "node": {
        "label": "contentProvider",
        "type": "LocalVariable"
      },
      "location-before-char-start": 26151,
      "location-before-char-end": 26256,
      "node-str": "contentProvider"
    },
    {
      "type": "delete-node",
      "node": {
        "label": "match",
        "type": "VariableWrite"
      },
      "location-before-char-start": 26481,
      "location-before-char-end": 26485,
      "node-str": "match"
    },
    {
      "type": "delete-node",
      "node": {
        "label": "org.eclipse.ui.internal.dialogs.WorkbenchPreferenceDialog$5",
        "type": "TypeAccess"
      },
      "location-before-char-start": 0,
      "location-before-char-end": 0,
      "node-str": "org.eclipse.ui.internal.dialogs.WorkbenchPreferenceDialog$5"
    },
    {
      "type": "delete-node",
      "node": {
        "label": "viewer",
        "type": "VariableRead"
      },
      "location-before-char-start": 26524,
      "location-before-char-end": 26529,
      "node-str": "viewer"
    },
    {
      "type": "delete-node",
      "node": {
        "label": "element",
        "type": "VariableRead"
      },
      "location-before-char-start": 26532,
      "location-before-char-end": 26538,
      "node-str": "element"
    },
    {
      "type": "delete-node",
      "node": {
        "label": "children",
        "type": "VariableRead"
      },
      "location-before-char-start": 26541,
      "location-before-char-end": 26548,
      "node-str": "children"
    },
    {
      "type": "delete-node",
      "node": {
        "label": "filter",
        "type": "Invocation"
      },
      "location-before-char-start": 26517,
      "location-before-char-end": 26549,
      "node-str": "filter"
    },
    {
      "type": "delete-node",
      "node": {
        "label": "length",
        "type": "FieldRead"
      },
      "location-before-char-start": 26517,
      "location-before-char-end": 26556,
      "node-str": "length"
    },
    {
      "type": "delete-node",
      "node": {
        "label": "0",
        "type": "Literal"
      },
      "location-before-char-start": 26560,
      "location-before-char-end": 26560,
      "node-str": "0"
    },
    {
      "type": "delete-node",
      "node": {
        "label": "GT",
        "type": "BinaryOperator"
      },
      "location-before-char-start": 26516,
      "location-before-char-end": 26561,
      "node-str": "GT"
    },
    {
      "type": "delete-node",
      "node": {
        "label": "OR",
        "type": "BinaryOperator"
      },
      "location-before-char-start": 26490,
      "location-before-char-end": 26561,
      "node-str": "OR"
    },
    {
      "type": "delete-node",
      "node": {
        "label": "\u003d",
        "type": "Assignment"
      },
      "location-before-char-start": 26481,
      "location-before-char-end": 26562,
      "node-str": "\u003d"
    },
    {
      "type": "delete-node",
      "node": {
        "label": "THEN",
        "type": "then"
      },
      "location-before-char-start": 26338,
      "location-before-char-end": 26568,
      "node-str": "THEN"
    },
    {
      "type": "delete-node",
      "node": {
        "label": "if",
        "type": "If"
      },
      "location-before-char-start": 26289,
      "location-before-char-end": 26568,
      "node-str": "if"
    },
    {
      "type": "delete-node",
      "node": {
        "label": "match",
        "type": "VariableWrite"
      },
      "location-before-char-start": 26760,
      "location-before-char-end": 26764,
      "node-str": "match"
    },
    {
      "type": "delete-node",
      "node": {
        "label": "org.eclipse.ui.internal.dialogs.WorkbenchPreferenceDialog$5",
        "type": "TypeAccess"
      },
      "location-before-char-start": 0,
      "location-before-char-end": 0,
      "node-str": "org.eclipse.ui.internal.dialogs.WorkbenchPreferenceDialog$5"
    },
    {
      "type": "delete-node",
      "node": {
        "label": "viewer",
        "type": "VariableRead"
      },
      "location-before-char-start": 26813,
      "location-before-char-end": 26818,
      "node-str": "viewer"
    },
    {
      "type": "delete-node",
      "node": {
        "label": "element",
        "type": "VariableRead"
      },
      "location-before-char-start": 26821,
      "location-before-char-end": 26827,
      "node-str": "element"
    },
    {
      "type": "delete-node",
      "node": {
        "label": "children",
        "type": "VariableRead"
      },
      "location-before-char-start": 26830,
      "location-before-char-end": 26837,
      "node-str": "children"
    },
    {
      "type": "delete-node",
      "node": {
        "label": "filter",
        "type": "Invocation"
      },
      "location-before-char-start": 26806,
      "location-before-char-end": 26838,
      "node-str": "filter"
    },
    {
      "type": "delete-node",
      "node": {
        "label": "length",
        "type": "FieldRead"
      },
      "location-before-char-start": 26806,
      "location-before-char-end": 26845,
      "node-str": "length"
    },
    {
      "type": "delete-node",
      "node": {
        "label": "0",
        "type": "Literal"
      },
      "location-before-char-start": 26849,
      "location-before-char-end": 26849,
      "node-str": "0"
    },
    {
      "type": "delete-node",
      "node": {
        "label": "GT",
        "type": "BinaryOperator"
      },
      "location-before-char-start": 26805,
      "location-before-char-end": 26850,
      "node-str": "GT"
    },
    {
      "type": "delete-node",
      "node": {
        "label": "OR",
        "type": "BinaryOperator"
      },
      "location-before-char-start": 26768,
      "location-before-char-end": 26850,
      "node-str": "OR"
    },
    {
      "type": "delete-node",
      "node": {
        "label": "\u003d",
        "type": "Assignment"
      },
      "location-before-char-start": 26760,
      "location-before-char-end": 26851,
      "node-str": "\u003d"
    },
    {
      "type": "delete-node",
      "node": {
        "label": "THEN",
        "type": "then"
      },
      "location-before-char-start": 26622,
      "location-before-char-end": 26857,
      "node-str": "THEN"
    },
    {
      "type": "delete-node",
      "node": {
        "label": "if",
        "type": "If"
      },
      "location-before-char-start": 26574,
      "location-before-char-end": 26857,
      "node-str": "if"
    },
    {
      "type": "delete-node",
      "node": {
        "label": "select",
        "type": "Method"
      },
      "location-before-char-start": 26070,
      "location-before-char-end": 26885,
      "node-str": "select"
    },
    {
      "type": "delete-node",
      "node": {
        "label": "5",
        "type": "Class"
      },
      "location-before-char-start": 26065,
      "location-before-char-end": 26889,
      "node-str": "5"
    },
    {
      "type": "delete-node",
      "node": {
        "label": "org.eclipse.ui.internal.dialogs.PatternFilter()",
        "type": "NewClass"
      },
      "location-before-char-start": 26045,
      "location-before-char-end": 26889,
      "node-str": "org.eclipse.ui.internal.dialogs.PatternFilter()"
    },
    {
      "type": "delete-node",
      "node": {
        "label": "filter",
        "type": "LocalVariable"
      },
      "location-before-char-start": 26022,
      "location-before-char-end": 26890,
      "node-str": "filter"
    }
  ],
  "before-file": {},
  "after-file": {},
  "mapping": {}
}