{
  "tool-info": {},
  "diff": [
    {
      "type": "insert-node",
      "node": {
        "label": "",
        "type": "PackageDeclaration"
      },
      "location-after-char-start": 0,
      "location-after-char-end": 34,
      "node-str": ""
    },
    {
      "type": "insert-node",
      "node": {
        "label": "",
        "type": "ImportDeclaration"
      },
      "location-after-char-start": 2370,
      "location-after-char-end": 2408,
      "node-str": ""
    },
    {
      "type": "insert-node",
      "node": {
        "label": "",
        "type": "ImportDeclaration"
      },
      "location-after-char-start": 2409,
      "location-after-char-end": 2435,
      "node-str": ""
    },
    {
      "type": "insert-node",
      "node": {
        "label": "",
        "type": "ImportDeclaration"
      },
      "location-after-char-start": 2436,
      "location-after-char-end": 2458,
      "node-str": ""
    },
    {
      "type": "insert-node",
      "node": {
        "label": "",
        "type": "ImportDeclaration"
      },
      "location-after-char-start": 2459,
      "location-after-char-end": 2486,
      "node-str": ""
    },
    {
      "type": "insert-node",
      "node": {
        "label": "",
        "type": "ImportDeclaration"
      },
      "location-after-char-start": 2487,
      "location-after-char-end": 2508,
      "node-str": ""
    },
    {
      "type": "insert-node",
      "node": {
        "label": "",
        "type": "ImportDeclaration"
      },
      "location-after-char-start": 2509,
      "location-after-char-end": 2534,
      "node-str": ""
    },
    {
      "type": "insert-node",
      "node": {
        "label": "",
        "type": "ImportDeclaration"
      },
      "location-after-char-start": 2535,
      "location-after-char-end": 2559,
      "node-str": ""
    },
    {
      "type": "insert-node",
      "node": {
        "label": "",
        "type": "ImportDeclaration"
      },
      "location-after-char-start": 2560,
      "location-after-char-end": 2588,
      "node-str": ""
    },
    {
      "type": "insert-node",
      "node": {
        "label": "",
        "type": "ImportDeclaration"
      },
      "location-after-char-start": 2608,
      "location-after-char-end": 2642,
      "node-str": ""
    },
    {
      "type": "insert-node",
      "node": {
        "label": "",
        "type": "ImportDeclaration"
      },
      "location-after-char-start": 2643,
      "location-after-char-end": 2685,
      "node-str": ""
    },
    {
      "type": "insert-node",
      "node": {
        "label": "",
        "type": "ImportDeclaration"
      },
      "location-after-char-start": 2686,
      "location-after-char-end": 2720,
      "node-str": ""
    },
    {
      "type": "insert-node",
      "node": {
        "label": "",
        "type": "ImportDeclaration"
      },
      "location-after-char-start": 2721,
      "location-after-char-end": 2763,
      "node-str": ""
    },
    {
      "type": "insert-node",
      "node": {
        "label": "",
        "type": "ImportDeclaration"
      },
      "location-after-char-start": 2764,
      "location-after-char-end": 2813,
      "node-str": ""
    },
    {
      "type": "insert-node",
      "node": {
        "label": "",
        "type": "ImportDeclaration"
      },
      "location-after-char-start": 2814,
      "location-after-char-end": 2856,
      "node-str": ""
    },
    {
      "type": "insert-node",
      "node": {
        "label": "",
        "type": "ImportDeclaration"
      },
      "location-after-char-start": 2858,
      "location-after-char-end": 2897,
      "node-str": ""
    },
    {
      "type": "insert-node",
      "node": {
        "label": "",
        "type": "ImportDeclaration"
      },
      "location-after-char-start": 2898,
      "location-after-char-end": 2936,
      "node-str": ""
    },
    {
      "type": "insert-node",
      "node": {
        "label": "",
        "type": "ImportDeclaration"
      },
      "location-after-char-start": 2937,
      "location-after-char-end": 2982,
      "node-str": ""
    },
    {
      "type": "insert-node",
      "node": {
        "label": "",
        "type": "ImportDeclaration"
      },
      "location-after-char-start": 2983,
      "location-after-char-end": 3028,
      "node-str": ""
    },
    {
      "type": "insert-node",
      "node": {
        "label": "",
        "type": "ImportDeclaration"
      },
      "location-after-char-start": 3029,
      "location-after-char-end": 3078,
      "node-str": ""
    },
    {
      "type": "insert-node",
      "node": {
        "label": "",
        "type": "ImportDeclaration"
      },
      "location-after-char-start": 3079,
      "location-after-char-end": 3137,
      "node-str": ""
    },
    {
      "type": "insert-node",
      "node": {
        "label": "",
        "type": "ImportDeclaration"
      },
      "location-after-char-start": 3138,
      "location-after-char-end": 3188,
      "node-str": ""
    },
    {
      "type": "insert-node",
      "node": {
        "label": "",
        "type": "ImportDeclaration"
      },
      "location-after-char-start": 3189,
      "location-after-char-end": 3241,
      "node-str": ""
    },
    {
      "type": "insert-node",
      "node": {
        "label": "",
        "type": "ImportDeclaration"
      },
      "location-after-char-start": 3259,
      "location-after-char-end": 3313,
      "node-str": ""
    },
    {
      "type": "insert-node",
      "node": {
        "label": "",
        "type": "ImportDeclaration"
      },
      "location-after-char-start": 3314,
      "location-after-char-end": 3353,
      "node-str": ""
    },
    {
      "type": "insert-node",
      "node": {
        "label": "",
        "type": "ImportDeclaration"
      },
      "location-after-char-start": 3354,
      "location-after-char-end": 3400,
      "node-str": ""
    },
    {
      "type": "insert-node",
      "node": {
        "label": "",
        "type": "ImportDeclaration"
      },
      "location-after-char-start": 3401,
      "location-after-char-end": 3435,
      "node-str": ""
    },
    {
      "type": "insert-node",
      "node": {
        "label": "",
        "type": "ImportDeclaration"
      },
      "location-after-char-start": 3436,
      "location-after-char-end": 3474,
      "node-str": ""
    },
    {
      "type": "insert-node",
      "node": {
        "label": "",
        "type": "ImportDeclaration"
      },
      "location-after-char-start": 3475,
      "location-after-char-end": 3518,
      "node-str": ""
    },
    {
      "type": "insert-node",
      "node": {
        "label": "",
        "type": "ImportDeclaration"
      },
      "location-after-char-start": 3519,
      "location-after-char-end": 3566,
      "node-str": ""
    },
    {
      "type": "insert-node",
      "node": {
        "label": "",
        "type": "ImportDeclaration"
      },
      "location-after-char-start": 3567,
      "location-after-char-end": 3618,
      "node-str": ""
    },
    {
      "type": "insert-node",
      "node": {
        "label": "",
        "type": "ImportDeclaration"
      },
      "location-after-char-start": 3619,
      "location-after-char-end": 3668,
      "node-str": ""
    },
    {
      "type": "insert-node",
      "node": {
        "label": "",
        "type": "ImportDeclaration"
      },
      "location-after-char-start": 3669,
      "location-after-char-end": 3707,
      "node-str": ""
    },
    {
      "type": "insert-node",
      "node": {
        "label": "",
        "type": "ImportDeclaration"
      },
      "location-after-char-start": 3708,
      "location-after-char-end": 3753,
      "node-str": ""
    },
    {
      "type": "insert-node",
      "node": {
        "label": "",
        "type": "ImportDeclaration"
      },
      "location-after-char-start": 3754,
      "location-after-char-end": 3796,
      "node-str": ""
    },
    {
      "type": "insert-node",
      "node": {
        "label": "",
        "type": "ImportDeclaration"
      },
      "location-after-char-start": 3797,
      "location-after-char-end": 3846,
      "node-str": ""
    },
    {
      "type": "insert-node",
      "node": {
        "label": "",
        "type": "ImportDeclaration"
      },
      "location-after-char-start": 3847,
      "location-after-char-end": 3886,
      "node-str": ""
    },
    {
      "type": "insert-node",
      "node": {
        "label": "",
        "type": "ImportDeclaration"
      },
      "location-after-char-start": 3887,
      "location-after-char-end": 3927,
      "node-str": ""
    },
    {
      "type": "insert-node",
      "node": {
        "label": "",
        "type": "ImportDeclaration"
      },
      "location-after-char-start": 3928,
      "location-after-char-end": 3965,
      "node-str": ""
    },
    {
      "type": "insert-node",
      "node": {
        "label": "",
        "type": "ImportDeclaration"
      },
      "location-after-char-start": 3966,
      "location-after-char-end": 4014,
      "node-str": ""
    },
    {
      "type": "insert-node",
      "node": {
        "label": "",
        "type": "ImportDeclaration"
      },
      "location-after-char-start": 4015,
      "location-after-char-end": 4050,
      "node-str": ""
    },
    {
      "type": "insert-node",
      "node": {
        "label": "",
        "type": "ImportDeclaration"
      },
      "location-after-char-start": 4051,
      "location-after-char-end": 4100,
      "node-str": ""
    },
    {
      "type": "insert-node",
      "node": {
        "label": "",
        "type": "ImportDeclaration"
      },
      "location-after-char-start": 4101,
      "location-after-char-end": 4147,
      "node-str": ""
    },
    {
      "type": "insert-node",
      "node": {
        "label": "",
        "type": "ImportDeclaration"
      },
      "location-after-char-start": 4148,
      "location-after-char-end": 4194,
      "node-str": ""
    },
    {
      "type": "insert-node",
      "node": {
        "label": "",
        "type": "ImportDeclaration"
      },
      "location-after-char-start": 4195,
      "location-after-char-end": 4242,
      "node-str": ""
    },
    {
      "type": "insert-node",
      "node": {
        "label": "",
        "type": "ImportDeclaration"
      },
      "location-after-char-start": 4243,
      "location-after-char-end": 4292,
      "node-str": ""
    },
    {
      "type": "insert-node",
      "node": {
        "label": "",
        "type": "ImportDeclaration"
      },
      "location-after-char-start": 4293,
      "location-after-char-end": 4347,
      "node-str": ""
    },
    {
      "type": "insert-node",
      "node": {
        "label": "",
        "type": "ImportDeclaration"
      },
      "location-after-char-start": 4348,
      "location-after-char-end": 4389,
      "node-str": ""
    },
    {
      "type": "insert-node",
      "node": {
        "label": "",
        "type": "ImportDeclaration"
      },
      "location-after-char-start": 4390,
      "location-after-char-end": 4426,
      "node-str": ""
    },
    {
      "type": "insert-node",
      "node": {
        "label": "",
        "type": "ImportDeclaration"
      },
      "location-after-char-start": 4427,
      "location-after-char-end": 4479,
      "node-str": ""
    },
    {
      "type": "insert-node",
      "node": {
        "label": "",
        "type": "ImportDeclaration"
      },
      "location-after-char-start": 4480,
      "location-after-char-end": 4538,
      "node-str": ""
    },
    {
      "type": "insert-node",
      "node": {
        "label": "org.tigris.scarab.actions",
        "type": "QualifiedName"
      },
      "location-after-char-start": 8,
      "location-after-char-end": 33,
      "node-str": "org.tigris.scarab.actions"
    },
    {
      "type": "insert-node",
      "node": {
        "label": "javax.mail.SendFailedException",
        "type": "QualifiedName"
      },
      "location-after-char-start": 2377,
      "location-after-char-end": 2407,
      "node-str": "javax.mail.SendFailedException"
    },
    {
      "type": "insert-node",
      "node": {
        "label": "java.util.Iterator",
        "type": "QualifiedName"
      },
      "location-after-char-start": 2416,
      "location-after-char-end": 2434,
      "node-str": "java.util.Iterator"
    },
    {
      "type": "insert-node",
      "node": {
        "label": "java.util.List",
        "type": "QualifiedName"
      },
      "location-after-char-start": 2443,
      "location-after-char-end": 2457,
      "node-str": "java.util.List"
    },
    {
      "type": "insert-node",
      "node": {
        "label": "java.util.ArrayList",
        "type": "QualifiedName"
      },
      "location-after-char-start": 2466,
      "location-after-char-end": 2485,
      "node-str": "java.util.ArrayList"
    },
    {
      "type": "insert-node",
      "node": {
        "label": "java.util.Map",
        "type": "QualifiedName"
      },
      "location-after-char-start": 2494,
      "location-after-char-end": 2507,
      "node-str": "java.util.Map"
    },
    {
      "type": "insert-node",
      "node": {
        "label": "java.util.HashMap",
        "type": "QualifiedName"
      },
      "location-after-char-start": 2516,
      "location-after-char-end": 2533,
      "node-str": "java.util.HashMap"
    },
    {
      "type": "insert-node",
      "node": {
        "label": "java.util.Locale",
        "type": "QualifiedName"
      },
      "location-after-char-start": 2542,
      "location-after-char-end": 2558,
      "node-str": "java.util.Locale"
    },
    {
      "type": "insert-node",
      "node": {
        "label": "java.math.BigDecimal",
        "type": "QualifiedName"
      },
      "location-after-char-start": 2567,
      "location-after-char-end": 2587,
      "node-str": "java.math.BigDecimal"
    },
    {
      "type": "insert-node",
      "node": {
        "label": "org.apache.turbine.Turbine",
        "type": "QualifiedName"
      },
      "location-after-char-start": 2615,
      "location-after-char-end": 2641,
      "node-str": "org.apache.turbine.Turbine"
    },
    {
      "type": "insert-node",
      "node": {
        "label": "org.apache.turbine.TemplateContext",
        "type": "QualifiedName"
      },
      "location-after-char-start": 2650,
      "location-after-char-end": 2684,
      "node-str": "org.apache.turbine.TemplateContext"
    },
    {
      "type": "insert-node",
      "node": {
        "label": "org.apache.turbine.RunData",
        "type": "QualifiedName"
      },
      "location-after-char-start": 2693,
      "location-after-char-end": 2719,
      "node-str": "org.apache.turbine.RunData"
    },
    {
      "type": "insert-node",
      "node": {
        "label": "org.apache.turbine.tool.IntakeTool",
        "type": "QualifiedName"
      },
      "location-after-char-start": 2728,
      "location-after-char-end": 2762,
      "node-str": "org.apache.turbine.tool.IntakeTool"
    },
    {
      "type": "insert-node",
      "node": {
        "label": "org.apache.turbine.modules.ContextAdapter",
        "type": "QualifiedName"
      },
      "location-after-char-start": 2771,
      "location-after-char-end": 2812,
      "node-str": "org.apache.turbine.modules.ContextAdapter"
    },
    {
      "type": "insert-node",
      "node": {
        "label": "org.apache.turbine.ParameterParser",
        "type": "QualifiedName"
      },
      "location-after-char-start": 2821,
      "location-after-char-end": 2855,
      "node-str": "org.apache.turbine.ParameterParser"
    },
    {
      "type": "insert-node",
      "node": {
        "label": "org.apache.torque.util.Criteria",
        "type": "QualifiedName"
      },
      "location-after-char-start": 2865,
      "location-after-char-end": 2896,
      "node-str": "org.apache.torque.util.Criteria"
    },
    {
      "type": "insert-node",
      "node": {
        "label": "org.apache.torque.om.NumberKey",
        "type": "QualifiedName"
      },
      "location-after-char-start": 2905,
      "location-after-char-end": 2935,
      "node-str": "org.apache.torque.om.NumberKey"
    },
    {
      "type": "insert-node",
      "node": {
        "label": "org.apache.fulcrum.intake.model.Group",
        "type": "QualifiedName"
      },
      "location-after-char-start": 2944,
      "location-after-char-end": 2981,
      "node-str": "org.apache.fulcrum.intake.model.Group"
    },
    {
      "type": "insert-node",
      "node": {
        "label": "org.apache.fulcrum.intake.model.Field",
        "type": "QualifiedName"
      },
      "location-after-char-start": 2990,
      "location-after-char-end": 3027,
      "node-str": "org.apache.fulcrum.intake.model.Field"
    },
    {
      "type": "insert-node",
      "node": {
        "label": "org.apache.fulcrum.template.TemplateEmail",
        "type": "QualifiedName"
      },
      "location-after-char-start": 3036,
      "location-after-char-end": 3077,
      "node-str": "org.apache.fulcrum.template.TemplateEmail"
    },
    {
      "type": "insert-node",
      "node": {
        "label": "org.apache.fulcrum.template.DefaultTemplateContext",
        "type": "QualifiedName"
      },
      "location-after-char-start": 3086,
      "location-after-char-end": 3136,
      "node-str": "org.apache.fulcrum.template.DefaultTemplateContext"
    },
    {
      "type": "insert-node",
      "node": {
        "label": "org.apache.fulcrum.util.parser.ValueParser",
        "type": "QualifiedName"
      },
      "location-after-char-start": 3145,
      "location-after-char-end": 3187,
      "node-str": "org.apache.fulcrum.util.parser.ValueParser"
    },
    {
      "type": "insert-node",
      "node": {
        "label": "org.apache.fulcrum.localization.Localization",
        "type": "QualifiedName"
      },
      "location-after-char-start": 3196,
      "location-after-char-end": 3240,
      "node-str": "org.apache.fulcrum.localization.Localization"
    },
    {
      "type": "insert-node",
      "node": {
        "label": "org.tigris.scarab.actions.base.BaseModifyIssue",
        "type": "QualifiedName"
      },
      "location-after-char-start": 3266,
      "location-after-char-end": 3312,
      "node-str": "org.tigris.scarab.actions.base.BaseModifyIssue"
    },
    {
      "type": "insert-node",
      "node": {
        "label": "org.tigris.scarab.om.ScarabUser",
        "type": "QualifiedName"
      },
      "location-after-char-start": 3321,
      "location-after-char-end": 3352,
      "node-str": "org.tigris.scarab.om.ScarabUser"
    },
    {
      "type": "insert-node",
      "node": {
        "label": "org.tigris.scarab.om.ScarabUserManager",
        "type": "QualifiedName"
      },
      "location-after-char-start": 3361,
      "location-after-char-end": 3399,
      "node-str": "org.tigris.scarab.om.ScarabUserManager"
    },
    {
      "type": "insert-node",
      "node": {
        "label": "org.tigris.scarab.om.Issue",
        "type": "QualifiedName"
      },
      "location-after-char-start": 3408,
      "location-after-char-end": 3434,
      "node-str": "org.tigris.scarab.om.Issue"
    },
    {
      "type": "insert-node",
      "node": {
        "label": "org.tigris.scarab.om.IssuePeer",
        "type": "QualifiedName"
      },
      "location-after-char-start": 3443,
      "location-after-char-end": 3473,
      "node-str": "org.tigris.scarab.om.IssuePeer"
    },
    {
      "type": "insert-node",
      "node": {
        "label": "org.tigris.scarab.om.AttributeValue",
        "type": "QualifiedName"
      },
      "location-after-char-start": 3482,
      "location-after-char-end": 3517,
      "node-str": "org.tigris.scarab.om.AttributeValue"
    },
    {
      "type": "insert-node",
      "node": {
        "label": "org.tigris.scarab.om.AttributeValuePeer",
        "type": "QualifiedName"
      },
      "location-after-char-start": 3526,
      "location-after-char-end": 3565,
      "node-str": "org.tigris.scarab.om.AttributeValuePeer"
    },
    {
      "type": "insert-node",
      "node": {
        "label": "org.tigris.scarab.attribute.OptionAttribute",
        "type": "QualifiedName"
      },
      "location-after-char-start": 3574,
      "location-after-char-end": 3617,
      "node-str": "org.tigris.scarab.attribute.OptionAttribute"
    },
    {
      "type": "insert-node",
      "node": {
        "label": "org.tigris.scarab.attribute.UserAttribute",
        "type": "QualifiedName"
      },
      "location-after-char-start": 3626,
      "location-after-char-end": 3667,
      "node-str": "org.tigris.scarab.attribute.UserAttribute"
    },
    {
      "type": "insert-node",
      "node": {
        "label": "org.tigris.scarab.om.Attribute",
        "type": "QualifiedName"
      },
      "location-after-char-start": 3676,
      "location-after-char-end": 3706,
      "node-str": "org.tigris.scarab.om.Attribute"
    },
    {
      "type": "insert-node",
      "node": {
        "label": "org.tigris.scarab.om.AttributeManager",
        "type": "QualifiedName"
      },
      "location-after-char-start": 3715,
      "location-after-char-end": 3752,
      "node-str": "org.tigris.scarab.om.AttributeManager"
    },
    {
      "type": "insert-node",
      "node": {
        "label": "org.tigris.scarab.om.AttributePeer",
        "type": "QualifiedName"
      },
      "location-after-char-start": 3761,
      "location-after-char-end": 3795,
      "node-str": "org.tigris.scarab.om.AttributePeer"
    },
    {
      "type": "insert-node",
      "node": {
        "label": "org.tigris.scarab.attribute.UserAttribute",
        "type": "QualifiedName"
      },
      "location-after-char-start": 3804,
      "location-after-char-end": 3845,
      "node-str": "org.tigris.scarab.attribute.UserAttribute"
    },
    {
      "type": "insert-node",
      "node": {
        "label": "org.tigris.scarab.om.Attachment",
        "type": "QualifiedName"
      },
      "location-after-char-start": 3854,
      "location-after-char-end": 3885,
      "node-str": "org.tigris.scarab.om.Attachment"
    },
    {
      "type": "insert-node",
      "node": {
        "label": "org.tigris.scarab.om.ActivitySet",
        "type": "QualifiedName"
      },
      "location-after-char-start": 3894,
      "location-after-char-end": 3926,
      "node-str": "org.tigris.scarab.om.ActivitySet"
    },
    {
      "type": "insert-node",
      "node": {
        "label": "org.tigris.scarab.om.Activity",
        "type": "QualifiedName"
      },
      "location-after-char-start": 3935,
      "location-after-char-end": 3964,
      "node-str": "org.tigris.scarab.om.Activity"
    },
    {
      "type": "insert-node",
      "node": {
        "label": "org.tigris.scarab.om.ActivitySetTypePeer",
        "type": "QualifiedName"
      },
      "location-after-char-start": 3973,
      "location-after-char-end": 4013,
      "node-str": "org.tigris.scarab.om.ActivitySetTypePeer"
    },
    {
      "type": "insert-node",
      "node": {
        "label": "org.tigris.scarab.om.Module",
        "type": "QualifiedName"
      },
      "location-after-char-start": 4022,
      "location-after-char-end": 4049,
      "node-str": "org.tigris.scarab.om.Module"
    },
    {
      "type": "insert-node",
      "node": {
        "label": "org.tigris.scarab.om.RModuleAttributePeer",
        "type": "QualifiedName"
      },
      "location-after-char-start": 4058,
      "location-after-char-end": 4099,
      "node-str": "org.tigris.scarab.om.RModuleAttributePeer"
    },
    {
      "type": "insert-node",
      "node": {
        "label": "org.tigris.scarab.util.ScarabConstants",
        "type": "QualifiedName"
      },
      "location-after-char-start": 4108,
      "location-after-char-end": 4146,
      "node-str": "org.tigris.scarab.util.ScarabConstants"
    },
    {
      "type": "insert-node",
      "node": {
        "label": "org.tigris.scarab.util.ScarabException",
        "type": "QualifiedName"
      },
      "location-after-char-start": 4155,
      "location-after-char-end": 4193,
      "node-str": "org.tigris.scarab.util.ScarabException"
    },
    {
      "type": "insert-node",
      "node": {
        "label": "org.tigris.scarab.util.word.IssueSearch",
        "type": "QualifiedName"
      },
      "location-after-char-start": 4202,
      "location-after-char-end": 4241,
      "node-str": "org.tigris.scarab.util.word.IssueSearch"
    },
    {
      "type": "insert-node",
      "node": {
        "label": "org.tigris.scarab.tools.ScarabRequestTool",
        "type": "QualifiedName"
      },
      "location-after-char-start": 4250,
      "location-after-char-end": 4291,
      "node-str": "org.tigris.scarab.tools.ScarabRequestTool"
    },
    {
      "type": "insert-node",
      "node": {
        "label": "org.tigris.scarab.tools.ScarabLocalizationTool",
        "type": "QualifiedName"
      },
      "location-after-char-start": 4300,
      "location-after-char-end": 4346,
      "node-str": "org.tigris.scarab.tools.ScarabLocalizationTool"
    },
    {
      "type": "insert-node",
      "node": {
        "label": "org.tigris.scarab.util.ScarabLink",
        "type": "QualifiedName"
      },
      "location-after-char-start": 4355,
      "location-after-char-end": 4388,
      "node-str": "org.tigris.scarab.util.ScarabLink"
    },
    {
      "type": "insert-node",
      "node": {
        "label": "org.tigris.scarab.util.Email",
        "type": "QualifiedName"
      },
      "location-after-char-start": 4397,
      "location-after-char-end": 4425,
      "node-str": "org.tigris.scarab.util.Email"
    },
    {
      "type": "insert-node",
      "node": {
        "label": "org.tigris.scarab.services.cache.ScarabCache",
        "type": "QualifiedName"
      },
      "location-after-char-start": 4434,
      "location-after-char-end": 4478,
      "node-str": "org.tigris.scarab.services.cache.ScarabCache"
    },
    {
      "type": "insert-node",
      "node": {
        "label": "org.tigris.scarab.services.security.ScarabSecurity",
        "type": "QualifiedName"
      },
      "location-after-char-start": 4487,
      "location-after-char-end": 4537,
      "node-str": "org.tigris.scarab.services.security.ScarabSecurity"
    },
    {
      "type": "insert-node",
      "node": {
        "label": "public",
        "type": "Modifier"
      },
      "location-after-char-start": 4700,
      "location-after-char-end": 4706,
      "node-str": "public"
    },
    {
      "type": "insert-node",
      "node": {
        "label": "class",
        "type": "TYPE_DECLARATION_KIND"
      },
      "location-after-char-start": 4707,
      "location-after-char-end": 4712,
      "node-str": "class"
    },
    {
      "type": "insert-node",
      "node": {
        "label": "AssignIssue",
        "type": "SimpleName"
      },
      "location-after-char-start": 4713,
      "location-after-char-end": 4724,
      "node-str": "AssignIssue"
    },
    {
      "type": "insert-node",
      "node": {
        "label": "",
        "type": "SimpleType"
      },
      "location-after-char-start": 4733,
      "location-after-char-end": 4748,
      "node-str": ""
    },
    {
      "type": "insert-node",
      "node": {
        "label": "BaseModifyIssue",
        "type": "SimpleName"
      },
      "location-after-char-start": 4733,
      "location-after-char-end": 4748,
      "node-str": "BaseModifyIssue"
    },
    {
      "type": "insert-node",
      "node": {
        "label": "private",
        "type": "Modifier"
      },
      "location-after-char-start": 15584,
      "location-after-char-end": 15591,
      "node-str": "private"
    },
    {
      "type": "insert-node",
      "node": {
        "label": "boolean",
        "type": "PrimitiveType"
      },
      "location-after-char-start": 15592,
      "location-after-char-end": 15599,
      "node-str": "boolean"
    },
    {
      "type": "insert-node",
      "node": {
        "label": "notify",
        "type": "SimpleName"
      },
      "location-after-char-start": 15600,
      "location-after-char-end": 15606,
      "node-str": "notify"
    },
    {
      "type": "insert-node",
      "node": {
        "label": "",
        "type": "SingleVariableDeclaration"
      },
      "location-after-char-start": 15607,
      "location-after-char-end": 15630,
      "node-str": ""
    },
    {
      "type": "insert-node",
      "node": {
        "label": "",
        "type": "SingleVariableDeclaration"
      },
      "location-after-char-start": 15632,
      "location-after-char-end": 15643,
      "node-str": ""
    },
    {
      "type": "insert-node",
      "node": {
        "label": "",
        "type": "SingleVariableDeclaration"
      },
      "location-after-char-start": 15673,
      "location-after-char-end": 15692,
      "node-str": ""
    },
    {
      "type": "insert-node",
      "node": {
        "label": "",
        "type": "SingleVariableDeclaration"
      },
      "location-after-char-start": 15694,
      "location-after-char-end": 15713,
      "node-str": ""
    },
    {
      "type": "insert-node",
      "node": {
        "label": "",
        "type": "SingleVariableDeclaration"
      },
      "location-after-char-start": 15742,
      "location-after-char-end": 15759,
      "node-str": ""
    },
    {
      "type": "insert-node",
      "node": {
        "label": "",
        "type": "SingleVariableDeclaration"
      },
      "location-after-char-start": 15761,
      "location-after-char-end": 15780,
      "node-str": ""
    },
    {
      "type": "insert-node",
      "node": {
        "label": "",
        "type": "SimpleType"
      },
      "location-after-char-start": 15803,
      "location-after-char-end": 15812,
      "node-str": ""
    },
    {
      "type": "insert-node",
      "node": {
        "label": "",
        "type": "SimpleType"
      },
      "location-after-char-start": 15607,
      "location-after-char-end": 15622,
      "node-str": ""
    },
    {
      "type": "insert-node",
      "node": {
        "label": "context",
        "type": "SimpleName"
      },
      "location-after-char-start": 15623,
      "location-after-char-end": 15630,
      "node-str": "context"
    },
    {
      "type": "insert-node",
      "node": {
        "label": "",
        "type": "SimpleType"
      },
      "location-after-char-start": 15632,
      "location-after-char-end": 15637,
      "node-str": ""
    },
    {
      "type": "insert-node",
      "node": {
        "label": "issue",
        "type": "SimpleName"
      },
      "location-after-char-start": 15638,
      "location-after-char-end": 15643,
      "node-str": "issue"
    },
    {
      "type": "insert-node",
      "node": {
        "label": "",
        "type": "SimpleType"
      },
      "location-after-char-start": 15673,
      "location-after-char-end": 15683,
      "node-str": ""
    },
    {
      "type": "insert-node",
      "node": {
        "label": "assignee",
        "type": "SimpleName"
      },
      "location-after-char-start": 15684,
      "location-after-char-end": 15692,
      "node-str": "assignee"
    },
    {
      "type": "insert-node",
      "node": {
        "label": "",
        "type": "SimpleType"
      },
      "location-after-char-start": 15694,
      "location-after-char-end": 15704,
      "node-str": ""
    },
    {
      "type": "insert-node",
      "node": {
        "label": "assigner",
        "type": "SimpleName"
      },
      "location-after-char-start": 15705,
      "location-after-char-end": 15713,
      "node-str": "assigner"
    },
    {
      "type": "insert-node",
      "node": {
        "label": "",
        "type": "SimpleType"
      },
      "location-after-char-start": 15742,
      "location-after-char-end": 15748,
      "node-str": ""
    },
    {
      "type": "insert-node",
      "node": {
        "label": "userAction",
        "type": "SimpleName"
      },
      "location-after-char-start": 15749,
      "location-after-char-end": 15759,
      "node-str": "userAction"
    },
    {
      "type": "insert-node",
      "node": {
        "label": "",
        "type": "SimpleType"
      },
      "location-after-char-start": 15761,
      "location-after-char-end": 15767,
      "node-str": ""
    },
    {
      "type": "insert-node",
      "node": {
        "label": "othersAction",
        "type": "SimpleName"
      },
      "location-after-char-start": 15768,
      "location-after-char-end": 15780,
      "node-str": "othersAction"
    },
    {
      "type": "insert-node",
      "node": {
        "label": "Exception",
        "type": "SimpleName"
      },
      "location-after-char-start": 15803,
      "location-after-char-end": 15812,
      "node-str": "Exception"
    },
    {
      "type": "insert-node",
      "node": {
        "label": "",
        "type": "VariableDeclarationStatement"
      },
      "location-after-char-start": 16229,
      "location-after-char-end": 16502,
      "node-str": ""
    },
    {
      "type": "insert-node",
      "node": {
        "label": "",
        "type": "ReturnStatement"
      },
      "location-after-char-start": 17734,
      "location-after-char-end": 17749,
      "node-str": ""
    },
    {
      "type": "insert-node",
      "node": {
        "label": "TemplateContext",
        "type": "SimpleName"
      },
      "location-after-char-start": 15607,
      "location-after-char-end": 15622,
      "node-str": "TemplateContext"
    },
    {
      "type": "insert-node",
      "node": {
        "label": "Issue",
        "type": "SimpleName"
      },
      "location-after-char-start": 15632,
      "location-after-char-end": 15637,
      "node-str": "Issue"
    },
    {
      "type": "insert-node",
      "node": {
        "label": "ScarabUser",
        "type": "SimpleName"
      },
      "location-after-char-start": 15673,
      "location-after-char-end": 15683,
      "node-str": "ScarabUser"
    },
    {
      "type": "insert-node",
      "node": {
        "label": "ScarabUser",
        "type": "SimpleName"
      },
      "location-after-char-start": 15694,
      "location-after-char-end": 15704,
      "node-str": "ScarabUser"
    },
    {
      "type": "insert-node",
      "node": {
        "label": "String",
        "type": "SimpleName"
      },
      "location-after-char-start": 15742,
      "location-after-char-end": 15748,
      "node-str": "String"
    },
    {
      "type": "insert-node",
      "node": {
        "label": "String",
        "type": "SimpleName"
      },
      "location-after-char-start": 15761,
      "location-after-char-end": 15767,
      "node-str": "String"
    },
    {
      "type": "insert-node",
      "node": {
        "label": "",
        "type": "SimpleType"
      },
      "location-after-char-start": 16229,
      "location-after-char-end": 16235,
      "node-str": ""
    },
    {
      "type": "insert-node",
      "node": {
        "label": "",
        "type": "VariableDeclarationFragment"
      },
      "location-after-char-start": 16236,
      "location-after-char-end": 16501,
      "node-str": ""
    },
    {
      "type": "insert-node",
      "node": {
        "label": "success",
        "type": "SimpleName"
      },
      "location-after-char-start": 17741,
      "location-after-char-end": 17748,
      "node-str": "success"
    },
    {
      "type": "insert-node",
      "node": {
        "label": "String",
        "type": "SimpleName"
      },
      "location-after-char-start": 16229,
      "location-after-char-end": 16235,
      "node-str": "String"
    },
    {
      "type": "insert-node",
      "node": {
        "label": "subject",
        "type": "SimpleName"
      },
      "location-after-char-start": 16236,
      "location-after-char-end": 16243,
      "node-str": "subject"
    },
    {
      "type": "insert-node",
      "node": {
        "label": "",
        "type": "MethodInvocation"
      },
      "location-after-char-start": 16246,
      "location-after-char-end": 16501,
      "node-str": ""
    },
    {
      "type": "insert-node",
      "node": {
        "label": "",
        "type": "METHOD_INVOCATION_RECEIVER"
      },
      "location-after-char-start": 16246,
      "location-after-char-end": 16258,
      "node-str": ""
    },
    {
      "type": "insert-node",
      "node": {
        "label": "format",
        "type": "SimpleName"
      },
      "location-after-char-start": 16259,
      "location-after-char-end": 16265,
      "node-str": "format"
    },
    {
      "type": "insert-node",
      "node": {
        "label": "",
        "type": "METHOD_INVOCATION_ARGUMENTS"
      },
      "location-after-char-start": 16283,
      "location-after-char-end": 16500,
      "node-str": ""
    },
    {
      "type": "insert-node",
      "node": {
        "label": "Localization",
        "type": "SimpleName"
      },
      "location-after-char-start": 16246,
      "location-after-char-end": 16258,
      "node-str": "Localization"
    },
    {
      "type": "insert-node",
      "node": {
        "label": "ScarabConstants.DEFAULT_BUNDLE_NAME",
        "type": "QualifiedName"
      },
      "location-after-char-start": 16283,
      "location-after-char-end": 16318,
      "node-str": "ScarabConstants.DEFAULT_BUNDLE_NAME"
    },
    {
      "type": "insert-node",
      "node": {
        "label": "",
        "type": "MethodInvocation"
      },
      "location-after-char-start": 16336,
      "location-after-char-end": 16355,
      "node-str": ""
    },
    {
      "type": "insert-node",
      "node": {
        "label": "\"AssignIssueEmailSubject\"",
        "type": "StringLiteral"
      },
      "location-after-char-start": 16373,
      "location-after-char-end": 16398,
      "node-str": "\"AssignIssueEmailSubject\""
    },
    {
      "type": "move-subtree",
      "node": {
        "label": "",
        "type": "MethodInvocation"
      },
      "location-before-char-start": 16174,
      "location-before-char-end": 16245,
      "location-after-char-start": 16417,
      "location-after-char-end": 16462,
      "node-str": ""
    },
    {
      "type": "insert-node",
      "node": {
        "label": "",
        "type": "MethodInvocation"
      },
      "location-after-char-start": 16481,
      "location-after-char-end": 16500,
      "node-str": ""
    },
    {
      "type": "insert-node",
      "node": {
        "label": "",
        "type": "METHOD_INVOCATION_RECEIVER"
      },
      "location-after-char-start": 16336,
      "location-after-char-end": 16342,
      "node-str": ""
    },
    {
      "type": "insert-node",
      "node": {
        "label": "getDefault",
        "type": "SimpleName"
      },
      "location-after-char-start": 16343,
      "location-after-char-end": 16353,
      "node-str": "getDefault"
    },
    {
      "type": "insert-node",
      "node": {
        "label": "",
        "type": "METHOD_INVOCATION_RECEIVER"
      },
      "location-after-char-start": 16481,
      "location-after-char-end": 16486,
      "node-str": ""
    },
    {
      "type": "insert-node",
      "node": {
        "label": "getUniqueId",
        "type": "SimpleName"
      },
      "location-after-char-start": 16487,
      "location-after-char-end": 16498,
      "node-str": "getUniqueId"
    },
    {
      "type": "insert-node",
      "node": {
        "label": "Locale",
        "type": "SimpleName"
      },
      "location-after-char-start": 16336,
      "location-after-char-end": 16342,
      "node-str": "Locale"
    },
    {
      "type": "insert-node",
      "node": {
        "label": "issue",
        "type": "SimpleName"
      },
      "location-after-char-start": 16481,
      "location-after-char-end": 16486,
      "node-str": "issue"
    },
    {
      "type": "delete-node",
      "node": {
        "label": "org.tigris.scarab.actions",
        "type": "QualifiedName"
      },
      "location-before-char-start": 8,
      "location-before-char-end": 33,
      "node-str": "org.tigris.scarab.actions"
    },
    {
      "type": "delete-node",
      "node": {
        "label": "",
        "type": "PackageDeclaration"
      },
      "location-before-char-start": 0,
      "location-before-char-end": 34,
      "node-str": ""
    },
    {
      "type": "delete-node",
      "node": {
        "label": "javax.mail.SendFailedException",
        "type": "QualifiedName"
      },
      "location-before-char-start": 2377,
      "location-before-char-end": 2407,
      "node-str": "javax.mail.SendFailedException"
    },
    {
      "type": "delete-node",
      "node": {
        "label": "",
        "type": "ImportDeclaration"
      },
      "location-before-char-start": 2370,
      "location-before-char-end": 2408,
      "node-str": ""
    },
    {
      "type": "delete-node",
      "node": {
        "label": "java.util.Iterator",
        "type": "QualifiedName"
      },
      "location-before-char-start": 2416,
      "location-before-char-end": 2434,
      "node-str": "java.util.Iterator"
    },
    {
      "type": "delete-node",
      "node": {
        "label": "",
        "type": "ImportDeclaration"
      },
      "location-before-char-start": 2409,
      "location-before-char-end": 2435,
      "node-str": ""
    },
    {
      "type": "delete-node",
      "node": {
        "label": "java.util.List",
        "type": "QualifiedName"
      },
      "location-before-char-start": 2443,
      "location-before-char-end": 2457,
      "node-str": "java.util.List"
    },
    {
      "type": "delete-node",
      "node": {
        "label": "",
        "type": "ImportDeclaration"
      },
      "location-before-char-start": 2436,
      "location-before-char-end": 2458,
      "node-str": ""
    },
    {
      "type": "delete-node",
      "node": {
        "label": "java.util.ArrayList",
        "type": "QualifiedName"
      },
      "location-before-char-start": 2466,
      "location-before-char-end": 2485,
      "node-str": "java.util.ArrayList"
    },
    {
      "type": "delete-node",
      "node": {
        "label": "",
        "type": "ImportDeclaration"
      },
      "location-before-char-start": 2459,
      "location-before-char-end": 2486,
      "node-str": ""
    },
    {
      "type": "delete-node",
      "node": {
        "label": "java.util.Map",
        "type": "QualifiedName"
      },
      "location-before-char-start": 2494,
      "location-before-char-end": 2507,
      "node-str": "java.util.Map"
    },
    {
      "type": "delete-node",
      "node": {
        "label": "",
        "type": "ImportDeclaration"
      },
      "location-before-char-start": 2487,
      "location-before-char-end": 2508,
      "node-str": ""
    },
    {
      "type": "delete-node",
      "node": {
        "label": "java.util.HashMap",
        "type": "QualifiedName"
      },
      "location-before-char-start": 2516,
      "location-before-char-end": 2533,
      "node-str": "java.util.HashMap"
    },
    {
      "type": "delete-node",
      "node": {
        "label": "",
        "type": "ImportDeclaration"
      },
      "location-before-char-start": 2509,
      "location-before-char-end": 2534,
      "node-str": ""
    },
    {
      "type": "delete-node",
      "node": {
        "label": "java.math.BigDecimal",
        "type": "QualifiedName"
      },
      "location-before-char-start": 2542,
      "location-before-char-end": 2562,
      "node-str": "java.math.BigDecimal"
    },
    {
      "type": "delete-node",
      "node": {
        "label": "",
        "type": "ImportDeclaration"
      },
      "location-before-char-start": 2535,
      "location-before-char-end": 2563,
      "node-str": ""
    },
    {
      "type": "delete-node",
      "node": {
        "label": "org.apache.turbine.Turbine",
        "type": "QualifiedName"
      },
      "location-before-char-start": 2590,
      "location-before-char-end": 2616,
      "node-str": "org.apache.turbine.Turbine"
    },
    {
      "type": "delete-node",
      "node": {
        "label": "",
        "type": "ImportDeclaration"
      },
      "location-before-char-start": 2583,
      "location-before-char-end": 2617,
      "node-str": ""
    },
    {
      "type": "delete-node",
      "node": {
        "label": "org.apache.turbine.TemplateContext",
        "type": "QualifiedName"
      },
      "location-before-char-start": 2625,
      "location-before-char-end": 2659,
      "node-str": "org.apache.turbine.TemplateContext"
    },
    {
      "type": "delete-node",
      "node": {
        "label": "",
        "type": "ImportDeclaration"
      },
      "location-before-char-start": 2618,
      "location-before-char-end": 2660,
      "node-str": ""
    },
    {
      "type": "delete-node",
      "node": {
        "label": "org.apache.turbine.RunData",
        "type": "QualifiedName"
      },
      "location-before-char-start": 2668,
      "location-before-char-end": 2694,
      "node-str": "org.apache.turbine.RunData"
    },
    {
      "type": "delete-node",
      "node": {
        "label": "",
        "type": "ImportDeclaration"
      },
      "location-before-char-start": 2661,
      "location-before-char-end": 2695,
      "node-str": ""
    },
    {
      "type": "delete-node",
      "node": {
        "label": "org.apache.turbine.tool.IntakeTool",
        "type": "QualifiedName"
      },
      "location-before-char-start": 2703,
      "location-before-char-end": 2737,
      "node-str": "org.apache.turbine.tool.IntakeTool"
    },
    {
      "type": "delete-node",
      "node": {
        "label": "",
        "type": "ImportDeclaration"
      },
      "location-before-char-start": 2696,
      "location-before-char-end": 2738,
      "node-str": ""
    },
    {
      "type": "delete-node",
      "node": {
        "label": "org.apache.turbine.modules.ContextAdapter",
        "type": "QualifiedName"
      },
      "location-before-char-start": 2746,
      "location-before-char-end": 2787,
      "node-str": "org.apache.turbine.modules.ContextAdapter"
    },
    {
      "type": "delete-node",
      "node": {
        "label": "",
        "type": "ImportDeclaration"
      },
      "location-before-char-start": 2739,
      "location-before-char-end": 2788,
      "node-str": ""
    },
    {
      "type": "delete-node",
      "node": {
        "label": "org.apache.turbine.ParameterParser",
        "type": "QualifiedName"
      },
      "location-before-char-start": 2796,
      "location-before-char-end": 2830,
      "node-str": "org.apache.turbine.ParameterParser"
    },
    {
      "type": "delete-node",
      "node": {
        "label": "",
        "type": "ImportDeclaration"
      },
      "location-before-char-start": 2789,
      "location-before-char-end": 2831,
      "node-str": ""
    },
    {
      "type": "delete-node",
      "node": {
        "label": "org.apache.torque.util.Criteria",
        "type": "QualifiedName"
      },
      "location-before-char-start": 2840,
      "location-before-char-end": 2871,
      "node-str": "org.apache.torque.util.Criteria"
    },
    {
      "type": "delete-node",
      "node": {
        "label": "",
        "type": "ImportDeclaration"
      },
      "location-before-char-start": 2833,
      "location-before-char-end": 2872,
      "node-str": ""
    },
    {
      "type": "delete-node",
      "node": {
        "label": "org.apache.torque.om.NumberKey",
        "type": "QualifiedName"
      },
      "location-before-char-start": 2880,
      "location-before-char-end": 2910,
      "node-str": "org.apache.torque.om.NumberKey"
    },
    {
      "type": "delete-node",
      "node": {
        "label": "",
        "type": "ImportDeclaration"
      },
      "location-before-char-start": 2873,
      "location-before-char-end": 2911,
      "node-str": ""
    },
    {
      "type": "delete-node",
      "node": {
        "label": "org.apache.fulcrum.intake.model.Group",
        "type": "QualifiedName"
      },
      "location-before-char-start": 2919,
      "location-before-char-end": 2956,
      "node-str": "org.apache.fulcrum.intake.model.Group"
    },
    {
      "type": "delete-node",
      "node": {
        "label": "",
        "type": "ImportDeclaration"
      },
      "location-before-char-start": 2912,
      "location-before-char-end": 2957,
      "node-str": ""
    },
    {
      "type": "delete-node",
      "node": {
        "label": "org.apache.fulcrum.intake.model.Field",
        "type": "QualifiedName"
      },
      "location-before-char-start": 2965,
      "location-before-char-end": 3002,
      "node-str": "org.apache.fulcrum.intake.model.Field"
    },
    {
      "type": "delete-node",
      "node": {
        "label": "",
        "type": "ImportDeclaration"
      },
      "location-before-char-start": 2958,
      "location-before-char-end": 3003,
      "node-str": ""
    },
    {
      "type": "delete-node",
      "node": {
        "label": "org.apache.fulcrum.template.TemplateEmail",
        "type": "QualifiedName"
      },
      "location-before-char-start": 3011,
      "location-before-char-end": 3052,
      "node-str": "org.apache.fulcrum.template.TemplateEmail"
    },
    {
      "type": "delete-node",
      "node": {
        "label": "",
        "type": "ImportDeclaration"
      },
      "location-before-char-start": 3004,
      "location-before-char-end": 3053,
      "node-str": ""
    },
    {
      "type": "delete-node",
      "node": {
        "label": "org.apache.fulcrum.template.DefaultTemplateContext",
        "type": "QualifiedName"
      },
      "location-before-char-start": 3061,
      "location-before-char-end": 3111,
      "node-str": "org.apache.fulcrum.template.DefaultTemplateContext"
    },
    {
      "type": "delete-node",
      "node": {
        "label": "",
        "type": "ImportDeclaration"
      },
      "location-before-char-start": 3054,
      "location-before-char-end": 3112,
      "node-str": ""
    },
    {
      "type": "delete-node",
      "node": {
        "label": "org.apache.fulcrum.util.parser.ValueParser",
        "type": "QualifiedName"
      },
      "location-before-char-start": 3120,
      "location-before-char-end": 3162,
      "node-str": "org.apache.fulcrum.util.parser.ValueParser"
    },
    {
      "type": "delete-node",
      "node": {
        "label": "",
        "type": "ImportDeclaration"
      },
      "location-before-char-start": 3113,
      "location-before-char-end": 3163,
      "node-str": ""
    },
    {
      "type": "delete-node",
      "node": {
        "label": "org.tigris.scarab.actions.base.BaseModifyIssue",
        "type": "QualifiedName"
      },
      "location-before-char-start": 3188,
      "location-before-char-end": 3234,
      "node-str": "org.tigris.scarab.actions.base.BaseModifyIssue"
    },
    {
      "type": "delete-node",
      "node": {
        "label": "",
        "type": "ImportDeclaration"
      },
      "location-before-char-start": 3181,
      "location-before-char-end": 3235,
      "node-str": ""
    },
    {
      "type": "delete-node",
      "node": {
        "label": "org.tigris.scarab.om.ScarabUser",
        "type": "QualifiedName"
      },
      "location-before-char-start": 3243,
      "location-before-char-end": 3274,
      "node-str": "org.tigris.scarab.om.ScarabUser"
    },
    {
      "type": "delete-node",
      "node": {
        "label": "",
        "type": "ImportDeclaration"
      },
      "location-before-char-start": 3236,
      "location-before-char-end": 3275,
      "node-str": ""
    },
    {
      "type": "delete-node",
      "node": {
        "label": "org.tigris.scarab.om.ScarabUserManager",
        "type": "QualifiedName"
      },
      "location-before-char-start": 3283,
      "location-before-char-end": 3321,
      "node-str": "org.tigris.scarab.om.ScarabUserManager"
    },
    {
      "type": "delete-node",
      "node": {
        "label": "",
        "type": "ImportDeclaration"
      },
      "location-before-char-start": 3276,
      "location-before-char-end": 3322,
      "node-str": ""
    },
    {
      "type": "delete-node",
      "node": {
        "label": "org.tigris.scarab.om.Issue",
        "type": "QualifiedName"
      },
      "location-before-char-start": 3330,
      "location-before-char-end": 3356,
      "node-str": "org.tigris.scarab.om.Issue"
    },
    {
      "type": "delete-node",
      "node": {
        "label": "",
        "type": "ImportDeclaration"
      },
      "location-before-char-start": 3323,
      "location-before-char-end": 3357,
      "node-str": ""
    },
    {
      "type": "delete-node",
      "node": {
        "label": "org.tigris.scarab.om.IssuePeer",
        "type": "QualifiedName"
      },
      "location-before-char-start": 3365,
      "location-before-char-end": 3395,
      "node-str": "org.tigris.scarab.om.IssuePeer"
    },
    {
      "type": "delete-node",
      "node": {
        "label": "",
        "type": "ImportDeclaration"
      },
      "location-before-char-start": 3358,
      "location-before-char-end": 3396,
      "node-str": ""
    },
    {
      "type": "delete-node",
      "node": {
        "label": "org.tigris.scarab.om.AttributeValue",
        "type": "QualifiedName"
      },
      "location-before-char-start": 3404,
      "location-before-char-end": 3439,
      "node-str": "org.tigris.scarab.om.AttributeValue"
    },
    {
      "type": "delete-node",
      "node": {
        "label": "",
        "type": "ImportDeclaration"
      },
      "location-before-char-start": 3397,
      "location-before-char-end": 3440,
      "node-str": ""
    },
    {
      "type": "delete-node",
      "node": {
        "label": "org.tigris.scarab.om.AttributeValuePeer",
        "type": "QualifiedName"
      },
      "location-before-char-start": 3448,
      "location-before-char-end": 3487,
      "node-str": "org.tigris.scarab.om.AttributeValuePeer"
    },
    {
      "type": "delete-node",
      "node": {
        "label": "",
        "type": "ImportDeclaration"
      },
      "location-before-char-start": 3441,
      "location-before-char-end": 3488,
      "node-str": ""
    },
    {
      "type": "delete-node",
      "node": {
        "label": "org.tigris.scarab.attribute.OptionAttribute",
        "type": "QualifiedName"
      },
      "location-before-char-start": 3496,
      "location-before-char-end": 3539,
      "node-str": "org.tigris.scarab.attribute.OptionAttribute"
    },
    {
      "type": "delete-node",
      "node": {
        "label": "",
        "type": "ImportDeclaration"
      },
      "location-before-char-start": 3489,
      "location-before-char-end": 3540,
      "node-str": ""
    },
    {
      "type": "delete-node",
      "node": {
        "label": "org.tigris.scarab.attribute.UserAttribute",
        "type": "QualifiedName"
      },
      "location-before-char-start": 3548,
      "location-before-char-end": 3589,
      "node-str": "org.tigris.scarab.attribute.UserAttribute"
    },
    {
      "type": "delete-node",
      "node": {
        "label": "",
        "type": "ImportDeclaration"
      },
      "location-before-char-start": 3541,
      "location-before-char-end": 3590,
      "node-str": ""
    },
    {
      "type": "delete-node",
      "node": {
        "label": "org.tigris.scarab.om.Attribute",
        "type": "QualifiedName"
      },
      "location-before-char-start": 3598,
      "location-before-char-end": 3628,
      "node-str": "org.tigris.scarab.om.Attribute"
    },
    {
      "type": "delete-node",
      "node": {
        "label": "",
        "type": "ImportDeclaration"
      },
      "location-before-char-start": 3591,
      "location-before-char-end": 3629,
      "node-str": ""
    },
    {
      "type": "delete-node",
      "node": {
        "label": "org.tigris.scarab.om.AttributeManager",
        "type": "QualifiedName"
      },
      "location-before-char-start": 3637,
      "location-before-char-end": 3674,
      "node-str": "org.tigris.scarab.om.AttributeManager"
    },
    {
      "type": "delete-node",
      "node": {
        "label": "",
        "type": "ImportDeclaration"
      },
      "location-before-char-start": 3630,
      "location-before-char-end": 3675,
      "node-str": ""
    },
    {
      "type": "delete-node",
      "node": {
        "label": "org.tigris.scarab.om.AttributePeer",
        "type": "QualifiedName"
      },
      "location-before-char-start": 3683,
      "location-before-char-end": 3717,
      "node-str": "org.tigris.scarab.om.AttributePeer"
    },
    {
      "type": "delete-node",
      "node": {
        "label": "",
        "type": "ImportDeclaration"
      },
      "location-before-char-start": 3676,
      "location-before-char-end": 3718,
      "node-str": ""
    },
    {
      "type": "delete-node",
      "node": {
        "label": "org.tigris.scarab.attribute.UserAttribute",
        "type": "QualifiedName"
      },
      "location-before-char-start": 3726,
      "location-before-char-end": 3767,
      "node-str": "org.tigris.scarab.attribute.UserAttribute"
    },
    {
      "type": "delete-node",
      "node": {
        "label": "",
        "type": "ImportDeclaration"
      },
      "location-before-char-start": 3719,
      "location-before-char-end": 3768,
      "node-str": ""
    },
    {
      "type": "delete-node",
      "node": {
        "label": "org.tigris.scarab.om.Attachment",
        "type": "QualifiedName"
      },
      "location-before-char-start": 3776,
      "location-before-char-end": 3807,
      "node-str": "org.tigris.scarab.om.Attachment"
    },
    {
      "type": "delete-node",
      "node": {
        "label": "",
        "type": "ImportDeclaration"
      },
      "location-before-char-start": 3769,
      "location-before-char-end": 3808,
      "node-str": ""
    },
    {
      "type": "delete-node",
      "node": {
        "label": "org.tigris.scarab.om.ActivitySet",
        "type": "QualifiedName"
      },
      "location-before-char-start": 3816,
      "location-before-char-end": 3848,
      "node-str": "org.tigris.scarab.om.ActivitySet"
    },
    {
      "type": "delete-node",
      "node": {
        "label": "",
        "type": "ImportDeclaration"
      },
      "location-before-char-start": 3809,
      "location-before-char-end": 3849,
      "node-str": ""
    },
    {
      "type": "delete-node",
      "node": {
        "label": "org.tigris.scarab.om.Activity",
        "type": "QualifiedName"
      },
      "location-before-char-start": 3857,
      "location-before-char-end": 3886,
      "node-str": "org.tigris.scarab.om.Activity"
    },
    {
      "type": "delete-node",
      "node": {
        "label": "",
        "type": "ImportDeclaration"
      },
      "location-before-char-start": 3850,
      "location-before-char-end": 3887,
      "node-str": ""
    },
    {
      "type": "delete-node",
      "node": {
        "label": "org.tigris.scarab.om.ActivitySetTypePeer",
        "type": "QualifiedName"
      },
      "location-before-char-start": 3895,
      "location-before-char-end": 3935,
      "node-str": "org.tigris.scarab.om.ActivitySetTypePeer"
    },
    {
      "type": "delete-node",
      "node": {
        "label": "",
        "type": "ImportDeclaration"
      },
      "location-before-char-start": 3888,
      "location-before-char-end": 3936,
      "node-str": ""
    },
    {
      "type": "delete-node",
      "node": {
        "label": "org.tigris.scarab.om.Module",
        "type": "QualifiedName"
      },
      "location-before-char-start": 3944,
      "location-before-char-end": 3971,
      "node-str": "org.tigris.scarab.om.Module"
    },
    {
      "type": "delete-node",
      "node": {
        "label": "",
        "type": "ImportDeclaration"
      },
      "location-before-char-start": 3937,
      "location-before-char-end": 3972,
      "node-str": ""
    },
    {
      "type": "delete-node",
      "node": {
        "label": "org.tigris.scarab.om.RModuleAttributePeer",
        "type": "QualifiedName"
      },
      "location-before-char-start": 3980,
      "location-before-char-end": 4021,
      "node-str": "org.tigris.scarab.om.RModuleAttributePeer"
    },
    {
      "type": "delete-node",
      "node": {
        "label": "",
        "type": "ImportDeclaration"
      },
      "location-before-char-start": 3973,
      "location-before-char-end": 4022,
      "node-str": ""
    },
    {
      "type": "delete-node",
      "node": {
        "label": "org.tigris.scarab.util.ScarabConstants",
        "type": "QualifiedName"
      },
      "location-before-char-start": 4030,
      "location-before-char-end": 4068,
      "node-str": "org.tigris.scarab.util.ScarabConstants"
    },
    {
      "type": "delete-node",
      "node": {
        "label": "",
        "type": "ImportDeclaration"
      },
      "location-before-char-start": 4023,
      "location-before-char-end": 4069,
      "node-str": ""
    },
    {
      "type": "delete-node",
      "node": {
        "label": "org.tigris.scarab.util.ScarabException",
        "type": "QualifiedName"
      },
      "location-before-char-start": 4077,
      "location-before-char-end": 4115,
      "node-str": "org.tigris.scarab.util.ScarabException"
    },
    {
      "type": "delete-node",
      "node": {
        "label": "",
        "type": "ImportDeclaration"
      },
      "location-before-char-start": 4070,
      "location-before-char-end": 4116,
      "node-str": ""
    },
    {
      "type": "delete-node",
      "node": {
        "label": "org.tigris.scarab.util.word.IssueSearch",
        "type": "QualifiedName"
      },
      "location-before-char-start": 4124,
      "location-before-char-end": 4163,
      "node-str": "org.tigris.scarab.util.word.IssueSearch"
    },
    {
      "type": "delete-node",
      "node": {
        "label": "",
        "type": "ImportDeclaration"
      },
      "location-before-char-start": 4117,
      "location-before-char-end": 4164,
      "node-str": ""
    },
    {
      "type": "delete-node",
      "node": {
        "label": "org.tigris.scarab.tools.ScarabRequestTool",
        "type": "QualifiedName"
      },
      "location-before-char-start": 4172,
      "location-before-char-end": 4213,
      "node-str": "org.tigris.scarab.tools.ScarabRequestTool"
    },
    {
      "type": "delete-node",
      "node": {
        "label": "",
        "type": "ImportDeclaration"
      },
      "location-before-char-start": 4165,
      "location-before-char-end": 4214,
      "node-str": ""
    },
    {
      "type": "delete-node",
      "node": {
        "label": "org.tigris.scarab.tools.ScarabLocalizationTool",
        "type": "QualifiedName"
      },
      "location-before-char-start": 4222,
      "location-before-char-end": 4268,
      "node-str": "org.tigris.scarab.tools.ScarabLocalizationTool"
    },
    {
      "type": "delete-node",
      "node": {
        "label": "",
        "type": "ImportDeclaration"
      },
      "location-before-char-start": 4215,
      "location-before-char-end": 4269,
      "node-str": ""
    },
    {
      "type": "delete-node",
      "node": {
        "label": "org.tigris.scarab.util.ScarabLink",
        "type": "QualifiedName"
      },
      "location-before-char-start": 4277,
      "location-before-char-end": 4310,
      "node-str": "org.tigris.scarab.util.ScarabLink"
    },
    {
      "type": "delete-node",
      "node": {
        "label": "",
        "type": "ImportDeclaration"
      },
      "location-before-char-start": 4270,
      "location-before-char-end": 4311,
      "node-str": ""
    },
    {
      "type": "delete-node",
      "node": {
        "label": "org.tigris.scarab.util.Email",
        "type": "QualifiedName"
      },
      "location-before-char-start": 4319,
      "location-before-char-end": 4347,
      "node-str": "org.tigris.scarab.util.Email"
    },
    {
      "type": "delete-node",
      "node": {
        "label": "",
        "type": "ImportDeclaration"
      },
      "location-before-char-start": 4312,
      "location-before-char-end": 4348,
      "node-str": ""
    },
    {
      "type": "delete-node",
      "node": {
        "label": "org.tigris.scarab.services.cache.ScarabCache",
        "type": "QualifiedName"
      },
      "location-before-char-start": 4356,
      "location-before-char-end": 4400,
      "node-str": "org.tigris.scarab.services.cache.ScarabCache"
    },
    {
      "type": "delete-node",
      "node": {
        "label": "",
        "type": "ImportDeclaration"
      },
      "location-before-char-start": 4349,
      "location-before-char-end": 4401,
      "node-str": ""
    },
    {
      "type": "delete-node",
      "node": {
        "label": "org.tigris.scarab.services.security.ScarabSecurity",
        "type": "QualifiedName"
      },
      "location-before-char-start": 4409,
      "location-before-char-end": 4459,
      "node-str": "org.tigris.scarab.services.security.ScarabSecurity"
    },
    {
      "type": "delete-node",
      "node": {
        "label": "",
        "type": "ImportDeclaration"
      },
      "location-before-char-start": 4402,
      "location-before-char-end": 4460,
      "node-str": ""
    },
    {
      "type": "delete-node",
      "node": {
        "label": "public",
        "type": "Modifier"
      },
      "location-before-char-start": 4622,
      "location-before-char-end": 4628,
      "node-str": "public"
    },
    {
      "type": "delete-node",
      "node": {
        "label": "class",
        "type": "TYPE_DECLARATION_KIND"
      },
      "location-before-char-start": 4629,
      "location-before-char-end": 4634,
      "node-str": "class"
    },
    {
      "type": "delete-node",
      "node": {
        "label": "AssignIssue",
        "type": "SimpleName"
      },
      "location-before-char-start": 4635,
      "location-before-char-end": 4646,
      "node-str": "AssignIssue"
    },
    {
      "type": "delete-node",
      "node": {
        "label": "BaseModifyIssue",
        "type": "SimpleName"
      },
      "location-before-char-start": 4655,
      "location-before-char-end": 4670,
      "node-str": "BaseModifyIssue"
    },
    {
      "type": "delete-node",
      "node": {
        "label": "",
        "type": "SimpleType"
      },
      "location-before-char-start": 4655,
      "location-before-char-end": 4670,
      "node-str": ""
    },
    {
      "type": "delete-node",
      "node": {
        "label": "private",
        "type": "Modifier"
      },
      "location-before-char-start": 15506,
      "location-before-char-end": 15513,
      "node-str": "private"
    },
    {
      "type": "delete-node",
      "node": {
        "label": "boolean",
        "type": "PrimitiveType"
      },
      "location-before-char-start": 15514,
      "location-before-char-end": 15521,
      "node-str": "boolean"
    },
    {
      "type": "delete-node",
      "node": {
        "label": "notify",
        "type": "SimpleName"
      },
      "location-before-char-start": 15522,
      "location-before-char-end": 15528,
      "node-str": "notify"
    },
    {
      "type": "delete-node",
      "node": {
        "label": "TemplateContext",
        "type": "SimpleName"
      },
      "location-before-char-start": 15529,
      "location-before-char-end": 15544,
      "node-str": "TemplateContext"
    },
    {
      "type": "delete-node",
      "node": {
        "label": "",
        "type": "SimpleType"
      },
      "location-before-char-start": 15529,
      "location-before-char-end": 15544,
      "node-str": ""
    },
    {
      "type": "delete-node",
      "node": {
        "label": "context",
        "type": "SimpleName"
      },
      "location-before-char-start": 15545,
      "location-before-char-end": 15552,
      "node-str": "context"
    },
    {
      "type": "delete-node",
      "node": {
        "label": "",
        "type": "SingleVariableDeclaration"
      },
      "location-before-char-start": 15529,
      "location-before-char-end": 15552,
      "node-str": ""
    },
    {
      "type": "delete-node",
      "node": {
        "label": "Issue",
        "type": "SimpleName"
      },
      "location-before-char-start": 15554,
      "location-before-char-end": 15559,
      "node-str": "Issue"
    },
    {
      "type": "delete-node",
      "node": {
        "label": "",
        "type": "SimpleType"
      },
      "location-before-char-start": 15554,
      "location-before-char-end": 15559,
      "node-str": ""
    },
    {
      "type": "delete-node",
      "node": {
        "label": "issue",
        "type": "SimpleName"
      },
      "location-before-char-start": 15560,
      "location-before-char-end": 15565,
      "node-str": "issue"
    },
    {
      "type": "delete-node",
      "node": {
        "label": "",
        "type": "SingleVariableDeclaration"
      },
      "location-before-char-start": 15554,
      "location-before-char-end": 15565,
      "node-str": ""
    },
    {
      "type": "delete-node",
      "node": {
        "label": "ScarabUser",
        "type": "SimpleName"
      },
      "location-before-char-start": 15595,
      "location-before-char-end": 15605,
      "node-str": "ScarabUser"
    },
    {
      "type": "delete-node",
      "node": {
        "label": "",
        "type": "SimpleType"
      },
      "location-before-char-start": 15595,
      "location-before-char-end": 15605,
      "node-str": ""
    },
    {
      "type": "delete-node",
      "node": {
        "label": "assignee",
        "type": "SimpleName"
      },
      "location-before-char-start": 15606,
      "location-before-char-end": 15614,
      "node-str": "assignee"
    },
    {
      "type": "delete-node",
      "node": {
        "label": "",
        "type": "SingleVariableDeclaration"
      },
      "location-before-char-start": 15595,
      "location-before-char-end": 15614,
      "node-str": ""
    },
    {
      "type": "delete-node",
      "node": {
        "label": "ScarabUser",
        "type": "SimpleName"
      },
      "location-before-char-start": 15616,
      "location-before-char-end": 15626,
      "node-str": "ScarabUser"
    },
    {
      "type": "delete-node",
      "node": {
        "label": "",
        "type": "SimpleType"
      },
      "location-before-char-start": 15616,
      "location-before-char-end": 15626,
      "node-str": ""
    },
    {
      "type": "delete-node",
      "node": {
        "label": "assigner",
        "type": "SimpleName"
      },
      "location-before-char-start": 15627,
      "location-before-char-end": 15635,
      "node-str": "assigner"
    },
    {
      "type": "delete-node",
      "node": {
        "label": "",
        "type": "SingleVariableDeclaration"
      },
      "location-before-char-start": 15616,
      "location-before-char-end": 15635,
      "node-str": ""
    },
    {
      "type": "delete-node",
      "node": {
        "label": "String",
        "type": "SimpleName"
      },
      "location-before-char-start": 15664,
      "location-before-char-end": 15670,
      "node-str": "String"
    },
    {
      "type": "delete-node",
      "node": {
        "label": "",
        "type": "SimpleType"
      },
      "location-before-char-start": 15664,
      "location-before-char-end": 15670,
      "node-str": ""
    },
    {
      "type": "delete-node",
      "node": {
        "label": "userAction",
        "type": "SimpleName"
      },
      "location-before-char-start": 15671,
      "location-before-char-end": 15681,
      "node-str": "userAction"
    },
    {
      "type": "delete-node",
      "node": {
        "label": "",
        "type": "SingleVariableDeclaration"
      },
      "location-before-char-start": 15664,
      "location-before-char-end": 15681,
      "node-str": ""
    },
    {
      "type": "delete-node",
      "node": {
        "label": "String",
        "type": "SimpleName"
      },
      "location-before-char-start": 15683,
      "location-before-char-end": 15689,
      "node-str": "String"
    },
    {
      "type": "delete-node",
      "node": {
        "label": "",
        "type": "SimpleType"
      },
      "location-before-char-start": 15683,
      "location-before-char-end": 15689,
      "node-str": ""
    },
    {
      "type": "delete-node",
      "node": {
        "label": "othersAction",
        "type": "SimpleName"
      },
      "location-before-char-start": 15690,
      "location-before-char-end": 15702,
      "node-str": "othersAction"
    },
    {
      "type": "delete-node",
      "node": {
        "label": "",
        "type": "SingleVariableDeclaration"
      },
      "location-before-char-start": 15683,
      "location-before-char-end": 15702,
      "node-str": ""
    },
    {
      "type": "delete-node",
      "node": {
        "label": "Exception",
        "type": "SimpleName"
      },
      "location-before-char-start": 15725,
      "location-before-char-end": 15734,
      "node-str": "Exception"
    },
    {
      "type": "delete-node",
      "node": {
        "label": "",
        "type": "SimpleType"
      },
      "location-before-char-start": 15725,
      "location-before-char-end": 15734,
      "node-str": ""
    },
    {
      "type": "delete-node",
      "node": {
        "label": "String",
        "type": "SimpleName"
      },
      "location-before-char-start": 16151,
      "location-before-char-end": 16157,
      "node-str": "String"
    },
    {
      "type": "delete-node",
      "node": {
        "label": "",
        "type": "SimpleType"
      },
      "location-before-char-start": 16151,
      "location-before-char-end": 16157,
      "node-str": ""
    },
    {
      "type": "delete-node",
      "node": {
        "label": "subject",
        "type": "SimpleName"
      },
      "location-before-char-start": 16158,
      "location-before-char-end": 16165,
      "node-str": "subject"
    },
    {
      "type": "delete-node",
      "node": {
        "label": "\"[\"",
        "type": "StringLiteral"
      },
      "location-before-char-start": 16168,
      "location-before-char-end": 16171,
      "node-str": "\"[\""
    },
    {
      "type": "delete-node",
      "node": {
        "label": "+",
        "type": "INFIX_EXPRESSION_OPERATOR"
      },
      "location-before-char-start": 16172,
      "location-before-char-end": 16173,
      "node-str": "+"
    },
    {
      "type": "delete-node",
      "node": {
        "label": "\"] Issue #\"",
        "type": "StringLiteral"
      },
      "location-before-char-start": 16248,
      "location-before-char-end": 16259,
      "node-str": "\"] Issue #\""
    },
    {
      "type": "delete-node",
      "node": {
        "label": "issue",
        "type": "SimpleName"
      },
      "location-before-char-start": 16288,
      "location-before-char-end": 16293,
      "node-str": "issue"
    },
    {
      "type": "delete-node",
      "node": {
        "label": "",
        "type": "METHOD_INVOCATION_RECEIVER"
      },
      "location-before-char-start": 16288,
      "location-before-char-end": 16293,
      "node-str": ""
    },
    {
      "type": "delete-node",
      "node": {
        "label": "getUniqueId",
        "type": "SimpleName"
      },
      "location-before-char-start": 16294,
      "location-before-char-end": 16305,
      "node-str": "getUniqueId"
    },
    {
      "type": "delete-node",
      "node": {
        "label": "",
        "type": "MethodInvocation"
      },
      "location-before-char-start": 16288,
      "location-before-char-end": 16307,
      "node-str": ""
    },
    {
      "type": "delete-node",
      "node": {
        "label": "\" assigned\"",
        "type": "StringLiteral"
      },
      "location-before-char-start": 16310,
      "location-before-char-end": 16321,
      "node-str": "\" assigned\""
    },
    {
      "type": "delete-node",
      "node": {
        "label": "",
        "type": "InfixExpression"
      },
      "location-before-char-start": 16168,
      "location-before-char-end": 16321,
      "node-str": ""
    },
    {
      "type": "delete-node",
      "node": {
        "label": "",
        "type": "VariableDeclarationFragment"
      },
      "location-before-char-start": 16158,
      "location-before-char-end": 16321,
      "node-str": ""
    },
    {
      "type": "delete-node",
      "node": {
        "label": "",
        "type": "VariableDeclarationStatement"
      },
      "location-before-char-start": 16151,
      "location-before-char-end": 16322,
      "node-str": ""
    },
    {
      "type": "delete-node",
      "node": {
        "label": "success",
        "type": "SimpleName"
      },
      "location-before-char-start": 17561,
      "location-before-char-end": 17568,
      "node-str": "success"
    },
    {
      "type": "delete-node",
      "node": {
        "label": "",
        "type": "ReturnStatement"
      },
      "location-before-char-start": 17554,
      "location-before-char-end": 17569,
      "node-str": ""
    }
  ],
  "before-file": {},
  "after-file": {},
  "mapping": {}
}