{
  "tool-info": {},
  "diff": [
    {
      "type": "insert-node",
      "node": {
        "label": "STATE_MINIMIZED",
        "type": "Field"
      },
      "location-after-char-start": 2421,
      "location-after-char-end": 2465,
      "node-str": "STATE_MINIMIZED"
    },
    {
      "type": "insert-node",
      "node": {
        "label": "STATE_RESTORED",
        "type": "Field"
      },
      "location-after-char-start": 2468,
      "location-after-char-end": 2511,
      "node-str": "STATE_RESTORED"
    },
    {
      "type": "insert-node",
      "node": {
        "label": "STATE_MAXIMIZED",
        "type": "Field"
      },
      "location-after-char-start": 2514,
      "location-after-char-end": 2558,
      "node-str": "STATE_MAXIMIZED"
    },
    {
      "type": "insert-node",
      "node": {
        "label": "viewState",
        "type": "Field"
      },
      "location-after-char-start": 2881,
      "location-after-char-end": 2919,
      "node-str": "viewState"
    },
    {
      "type": "insert-node",
      "node": {
        "label": "stateListener",
        "type": "Field"
      },
      "location-after-char-start": 3120,
      "location-after-char-end": 3302,
      "node-str": "stateListener"
    },
    {
      "type": "insert-node",
      "node": {
        "label": "expandListener",
        "type": "Field"
      },
      "location-after-char-start": 3307,
      "location-after-char-end": 3712,
      "node-str": "expandListener"
    },
    {
      "type": "insert-node",
      "node": {
        "label": "checkPart",
        "type": "Method"
      },
      "location-after-char-start": 14593,
      "location-after-char-end": 15078,
      "node-str": "checkPart"
    },
    {
      "type": "insert-node",
      "node": {
        "label": "showMinMaxButtons",
        "type": "Method"
      },
      "location-after-char-start": 31777,
      "location-after-char-end": 31915,
      "node-str": "showMinMaxButtons"
    },
    {
      "type": "insert-node",
      "node": {
        "label": "setState",
        "type": "Method"
      },
      "location-after-char-start": 31919,
      "location-after-char-end": 32421,
      "node-str": "setState"
    },
    {
      "type": "insert-node",
      "node": {
        "label": "updateControlBounds",
        "type": "Method"
      },
      "location-after-char-start": 32426,
      "location-after-char-end": 32708,
      "node-str": "updateControlBounds"
    },
    {
      "type": "update-node",
      "node": {
        "label": "reflectChangesInPage",
        "type": "Method"
      },
      "location-before-char-start": 4102,
      "location-before-char-end": 4489,
      "location-after-char-start": 32713,
      "location-after-char-end": 32973,
      "node-str": "forceLayout"
    },
    {
      "type": "move-subtree",
      "node": {
        "label": "reflectChangesInPage",
        "type": "Method"
      },
      "location-before-char-start": 4102,
      "location-before-char-end": 4489,
      "location-after-char-start": 32713,
      "location-after-char-end": 32973,
      "node-str": "forceLayout"
    },
    {
      "type": "update-node",
      "node": {
        "label": "update",
        "type": "Method"
      },
      "location-before-char-start": 3098,
      "location-before-char-end": 3457,
      "location-after-char-start": 32978,
      "location-after-char-end": 33582,
      "node-str": "updateControlState"
    },
    {
      "type": "move-subtree",
      "node": {
        "label": "update",
        "type": "Method"
      },
      "location-before-char-start": 3098,
      "location-before-char-end": 3457,
      "location-after-char-start": 32978,
      "location-after-char-end": 33582,
      "node-str": "updateControlState"
    },
    {
      "type": "insert-node",
      "node": {
        "label": "int",
        "type": "VARIABLE_TYPE"
      },
      "location-after-char-start": 0,
      "location-after-char-end": 0,
      "node-str": "int"
    },
    {
      "type": "insert-node",
      "node": {
        "label": "final",
        "type": "Modifier"
      },
      "location-after-char-start": 0,
      "location-after-char-end": 0,
      "node-str": "final"
    },
    {
      "type": "insert-node",
      "node": {
        "label": "static",
        "type": "Modifier"
      },
      "location-after-char-start": 0,
      "location-after-char-end": 0,
      "node-str": "static"
    },
    {
      "type": "move-subtree",
      "node": {
        "label": "0",
        "type": "Literal"
      },
      "location-before-char-start": 27306,
      "location-before-char-end": 27306,
      "location-after-char-start": 2464,
      "location-after-char-end": 2464,
      "node-str": "0"
    },
    {
      "type": "insert-node",
      "node": {
        "label": "int",
        "type": "VARIABLE_TYPE"
      },
      "location-after-char-start": 0,
      "location-after-char-end": 0,
      "node-str": "int"
    },
    {
      "type": "insert-node",
      "node": {
        "label": "final",
        "type": "Modifier"
      },
      "location-after-char-start": 0,
      "location-after-char-end": 0,
      "node-str": "final"
    },
    {
      "type": "insert-node",
      "node": {
        "label": "static",
        "type": "Modifier"
      },
      "location-after-char-start": 0,
      "location-after-char-end": 0,
      "node-str": "static"
    },
    {
      "type": "move-subtree",
      "node": {
        "label": "1",
        "type": "Literal"
      },
      "location-before-char-start": 27310,
      "location-before-char-end": 27310,
      "location-after-char-start": 2510,
      "location-after-char-end": 2510,
      "node-str": "1"
    },
    {
      "type": "insert-node",
      "node": {
        "label": "int",
        "type": "VARIABLE_TYPE"
      },
      "location-after-char-start": 0,
      "location-after-char-end": 0,
      "node-str": "int"
    },
    {
      "type": "insert-node",
      "node": {
        "label": "final",
        "type": "Modifier"
      },
      "location-after-char-start": 0,
      "location-after-char-end": 0,
      "node-str": "final"
    },
    {
      "type": "insert-node",
      "node": {
        "label": "static",
        "type": "Modifier"
      },
      "location-after-char-start": 0,
      "location-after-char-end": 0,
      "node-str": "static"
    },
    {
      "type": "insert-node",
      "node": {
        "label": "2",
        "type": "Literal"
      },
      "location-after-char-start": 2557,
      "location-after-char-end": 2557,
      "node-str": "2"
    },
    {
      "type": "move-subtree",
      "node": {
        "label": "int",
        "type": "VARIABLE_TYPE"
      },
      "location-before-char-start": 0,
      "location-before-char-end": 0,
      "location-after-char-start": 0,
      "location-after-char-end": 0,
      "node-str": "int"
    },
    {
      "type": "insert-node",
      "node": {
        "label": "STATE_RESTORED",
        "type": "FieldRead"
      },
      "location-after-char-start": 2905,
      "location-after-char-end": 2918,
      "node-str": "STATE_RESTORED"
    },
    {
      "type": "move-subtree",
      "node": {
        "label": "org.eclipse.ui.internal.IChangeListener",
        "type": "VARIABLE_TYPE"
      },
      "location-before-char-start": 0,
      "location-before-char-end": 0,
      "location-after-char-start": 0,
      "location-after-char-end": 0,
      "node-str": "org.eclipse.ui.internal.IChangeListener"
    },
    {
      "type": "insert-node",
      "node": {
        "label": "org.eclipse.ui.internal.IChangeListener()",
        "type": "NewClass"
      },
      "location-after-char-start": 3232,
      "location-after-char-end": 3301,
      "node-str": "org.eclipse.ui.internal.IChangeListener()"
    },
    {
      "type": "move-subtree",
      "node": {
        "label": "org.eclipse.swt.custom.CTabFolderMinMaxAdapter",
        "type": "VARIABLE_TYPE"
      },
      "location-before-char-start": 0,
      "location-before-char-end": 0,
      "location-after-char-start": 0,
      "location-after-char-end": 0,
      "node-str": "org.eclipse.swt.custom.CTabFolderMinMaxAdapter"
    },
    {
      "type": "insert-node",
      "node": {
        "label": "org.eclipse.swt.custom.CTabFolderMinMaxAdapter()",
        "type": "NewClass"
      },
      "location-after-char-start": 3424,
      "location-after-char-end": 3711,
      "node-str": "org.eclipse.swt.custom.CTabFolderMinMaxAdapter()"
    },
    {
      "type": "move-subtree",
      "node": {
        "label": "addCTabFolderMinMaxListener",
        "type": "Invocation"
      },
      "location-before-char-start": 31792,
      "location-before-char-end": 31845,
      "location-after-char-start": 11382,
      "location-after-char-end": 11435,
      "node-str": "addCTabFolderMinMaxListener"
    },
    {
      "type": "insert-node",
      "node": {
        "label": "showMinMaxButtons",
        "type": "Invocation"
      },
      "location-after-char-start": 11439,
      "location-after-char-end": 11480,
      "node-str": "showMinMaxButtons"
    },
    {
      "type": "update-node",
      "node": {
        "label": "set",
        "type": "Invocation"
      },
      "location-before-char-start": 3995,
      "location-before-char-end": 4020,
      "location-after-char-start": 11486,
      "location-after-char-end": 11506,
      "node-str": "updateControlState"
    },
    {
      "type": "move-subtree",
      "node": {
        "label": "set",
        "type": "Invocation"
      },
      "location-before-char-start": 3995,
      "location-before-char-end": 4020,
      "location-after-char-start": 11486,
      "location-after-char-end": 11506,
      "node-str": "updateControlState"
    },
    {
      "type": "update-node",
      "node": {
        "label": "removeChangeListener",
        "type": "Invocation"
      },
      "location-before-char-start": 13216,
      "location-before-char-end": 13269,
      "location-after-char-start": 12350,
      "location-after-char-end": 12371,
      "node-str": "updateControlBounds"
    },
    {
      "type": "move-subtree",
      "node": {
        "label": "removeChangeListener",
        "type": "Invocation"
      },
      "location-before-char-start": 13216,
      "location-before-char-end": 13269,
      "location-after-char-start": 12350,
      "location-after-char-end": 12371,
      "node-str": "updateControlBounds"
    },
    {
      "type": "insert-node",
      "node": {
        "label": "if",
        "type": "If"
      },
      "location-after-char-start": 13954,
      "location-after-char-end": 14015,
      "node-str": "if"
    },
    {
      "type": "insert-node",
      "node": {
        "label": "void",
        "type": "RETURN_TYPE"
      },
      "location-after-char-start": 0,
      "location-after-char-end": 0,
      "node-str": "void"
    },
    {
      "type": "insert-node",
      "node": {
        "label": "if",
        "type": "If"
      },
      "location-after-char-start": 14702,
      "location-after-char-end": 14985,
      "node-str": "if"
    },
    {
      "type": "insert-node",
      "node": {
        "label": "if",
        "type": "If"
      },
      "location-after-char-start": 14992,
      "location-after-char-end": 15075,
      "node-str": "if"
    },
    {
      "type": "update-node",
      "node": {
        "label": "set",
        "type": "Invocation"
      },
      "location-before-char-start": 25232,
      "location-before-char-end": 25296,
      "location-after-char-start": 25042,
      "location-after-char-end": 25147,
      "node-str": "setState"
    },
    {
      "type": "move-subtree",
      "node": {
        "label": "void",
        "type": "RETURN_TYPE"
      },
      "location-before-char-start": 0,
      "location-before-char-end": 0,
      "location-after-char-start": 0,
      "location-after-char-end": 0,
      "node-str": "void"
    },
    {
      "type": "move-subtree",
      "node": {
        "label": "b",
        "type": "Parameter"
      },
      "location-before-char-start": 31749,
      "location-before-char-end": 31757,
      "location-after-char-start": 31831,
      "location-after-char-end": 31839,
      "node-str": "b"
    },
    {
      "type": "move-subtree",
      "node": {
        "label": "setMinimizeVisible",
        "type": "Invocation"
      },
      "location-before-char-start": 32110,
      "location-before-char-end": 32145,
      "location-after-char-start": 31846,
      "location-after-char-end": 31877,
      "node-str": "setMinimizeVisible"
    },
    {
      "type": "move-subtree",
      "node": {
        "label": "setMaximizeVisible",
        "type": "Invocation"
      },
      "location-before-char-start": 32150,
      "location-before-char-end": 32185,
      "location-after-char-start": 31881,
      "location-after-char-end": 31912,
      "node-str": "setMaximizeVisible"
    },
    {
      "type": "move-subtree",
      "node": {
        "label": "void",
        "type": "RETURN_TYPE"
      },
      "location-before-char-start": 0,
      "location-before-char-end": 0,
      "location-after-char-start": 0,
      "location-after-char-end": 0,
      "node-str": "void"
    },
    {
      "type": "insert-node",
      "node": {
        "label": "newState",
        "type": "Parameter"
      },
      "location-after-char-start": 31941,
      "location-after-char-end": 31952,
      "node-str": "newState"
    },
    {
      "type": "insert-node",
      "node": {
        "label": "if",
        "type": "If"
      },
      "location-after-char-start": 31959,
      "location-after-char-end": 32001,
      "node-str": "if"
    },
    {
      "type": "insert-node",
      "node": {
        "label": "oldState",
        "type": "LocalVariable"
      },
      "location-after-char-start": 32008,
      "location-after-char-end": 32032,
      "node-str": "oldState"
    },
    {
      "type": "insert-node",
      "node": {
        "label": "\u003d",
        "type": "Assignment"
      },
      "location-after-char-start": 32039,
      "location-after-char-end": 32059,
      "node-str": "\u003d"
    },
    {
      "type": "update-node",
      "node": {
        "label": "set",
        "type": "Invocation"
      },
      "location-before-char-start": 3879,
      "location-before-char-end": 3904,
      "location-after-char-start": 32063,
      "location-after-char-end": 32083,
      "node-str": "updateControlState"
    },
    {
      "type": "move-subtree",
      "node": {
        "label": "set",
        "type": "Invocation"
      },
      "location-before-char-start": 3879,
      "location-before-char-end": 3904,
      "location-after-char-start": 32063,
      "location-after-char-end": 32083,
      "node-str": "updateControlState"
    },
    {
      "type": "insert-node",
      "node": {
        "label": "if",
        "type": "If"
      },
      "location-after-char-start": 32090,
      "location-after-char-end": 32418,
      "node-str": "if"
    },
    {
      "type": "insert-node",
      "node": {
        "label": "void",
        "type": "RETURN_TYPE"
      },
      "location-after-char-start": 0,
      "location-after-char-end": 0,
      "node-str": "void"
    },
    {
      "type": "insert-node",
      "node": {
        "label": "bounds",
        "type": "LocalVariable"
      },
      "location-after-char-start": 32465,
      "location-after-char-end": 32505,
      "node-str": "bounds"
    },
    {
      "type": "update-node",
      "node": {
        "label": "minHeight",
        "type": "LocalVariable"
      },
      "location-before-char-start": 14721,
      "location-before-char-end": 14755,
      "location-after-char-start": 32509,
      "location-after-char-end": 32547,
      "node-str": "minimumHeight"
    },
    {
      "type": "move-subtree",
      "node": {
        "label": "minHeight",
        "type": "LocalVariable"
      },
      "location-before-char-start": 14721,
      "location-before-char-end": 14755,
      "location-after-char-start": 32509,
      "location-after-char-end": 32547,
      "node-str": "minimumHeight"
    },
    {
      "type": "insert-node",
      "node": {
        "label": "if",
        "type": "If"
      },
      "location-after-char-start": 32554,
      "location-after-char-end": 32705,
      "node-str": "if"
    },
    {
      "type": "insert-node",
      "node": {
        "label": "void",
        "type": "RETURN_TYPE"
      },
      "location-after-char-start": 0,
      "location-after-char-end": 0,
      "node-str": "void"
    },
    {
      "type": "insert-node",
      "node": {
        "label": "1",
        "type": "Class"
      },
      "location-after-char-start": 3254,
      "location-after-char-end": 3301,
      "node-str": "1"
    },
    {
      "type": "insert-node",
      "node": {
        "label": "2",
        "type": "Class"
      },
      "location-after-char-start": 3454,
      "location-after-char-end": 3711,
      "node-str": "2"
    },
    {
      "type": "move-subtree",
      "node": {
        "label": "org.eclipse.ui.internal.PartTabFolder",
        "type": "TypeAccess"
      },
      "location-before-char-start": 0,
      "location-before-char-end": 0,
      "location-after-char-start": 0,
      "location-after-char-end": 0,
      "node-str": "org.eclipse.ui.internal.PartTabFolder"
    },
    {
      "type": "move-subtree",
      "node": {
        "label": "NE",
        "type": "BinaryOperator"
      },
      "location-before-char-start": 12201,
      "location-before-char-end": 12222,
      "location-after-char-start": 11457,
      "location-after-char-end": 11478,
      "node-str": "NE"
    },
    {
      "type": "move-subtree",
      "node": {
        "label": "org.eclipse.ui.internal.PartTabFolder",
        "type": "TypeAccess"
      },
      "location-before-char-start": 0,
      "location-before-char-end": 0,
      "location-after-char-start": 0,
      "location-after-char-end": 0,
      "node-str": "org.eclipse.ui.internal.PartTabFolder"
    },
    {
      "type": "move-subtree",
      "node": {
        "label": "org.eclipse.ui.internal.PartTabFolder",
        "type": "TypeAccess"
      },
      "location-before-char-start": 0,
      "location-before-char-end": 0,
      "location-after-char-start": 0,
      "location-after-char-end": 0,
      "node-str": "org.eclipse.ui.internal.PartTabFolder"
    },
    {
      "type": "move-subtree",
      "node": {
        "label": "THEN",
        "type": "then"
      },
      "location-before-char-start": 3280,
      "location-before-char-end": 3322,
      "location-after-char-start": 13518,
      "location-after-char-end": 13611,
      "node-str": "THEN"
    },
    {
      "type": "update-node",
      "node": {
        "label": "NE",
        "type": "BinaryOperator"
      },
      "location-before-char-start": 31768,
      "location-before-char-end": 31784,
      "location-after-char-start": 13958,
      "location-after-char-end": 13974,
      "node-str": "EQ"
    },
    {
      "type": "move-subtree",
      "node": {
        "label": "NE",
        "type": "BinaryOperator"
      },
      "location-before-char-start": 31768,
      "location-before-char-end": 31784,
      "location-after-char-start": 13958,
      "location-after-char-end": 13974,
      "node-str": "EQ"
    },
    {
      "type": "insert-node",
      "node": {
        "label": "THEN",
        "type": "then"
      },
      "location-after-char-start": 13977,
      "location-after-char-end": 14015,
      "node-str": "THEN"
    },
    {
      "type": "insert-node",
      "node": {
        "label": "AND",
        "type": "BinaryOperator"
      },
      "location-after-char-start": 14706,
      "location-after-char-end": 14749,
      "node-str": "AND"
    },
    {
      "type": "insert-node",
      "node": {
        "label": "THEN",
        "type": "then"
      },
      "location-after-char-start": 14752,
      "location-after-char-end": 14985,
      "node-str": "THEN"
    },
    {
      "type": "insert-node",
      "node": {
        "label": "NE",
        "type": "BinaryOperator"
      },
      "location-after-char-start": 14996,
      "location-after-char-end": 15010,
      "node-str": "NE"
    },
    {
      "type": "insert-node",
      "node": {
        "label": "THEN",
        "type": "then"
      },
      "location-after-char-start": 15013,
      "location-after-char-end": 15075,
      "node-str": "THEN"
    },
    {
      "type": "move-subtree",
      "node": {
        "label": "org.eclipse.ui.internal.PartTabFolder",
        "type": "TypeAccess"
      },
      "location-before-char-start": 0,
      "location-before-char-end": 0,
      "location-after-char-start": 0,
      "location-after-char-end": 0,
      "node-str": "org.eclipse.ui.internal.PartTabFolder"
    },
    {
      "type": "insert-node",
      "node": {
        "label": "",
        "type": "Conditional"
      },
      "location-after-char-start": 25051,
      "location-after-char-end": 25145,
      "node-str": ""
    },
    {
      "type": "insert-node",
      "node": {
        "label": "EQ",
        "type": "BinaryOperator"
      },
      "location-after-char-start": 27717,
      "location-after-char-end": 27744,
      "node-str": "EQ"
    },
    {
      "type": "insert-node",
      "node": {
        "label": "b",
        "type": "VariableRead"
      },
      "location-after-char-start": 31875,
      "location-after-char-end": 31875,
      "node-str": "b"
    },
    {
      "type": "insert-node",
      "node": {
        "label": "b",
        "type": "VariableRead"
      },
      "location-after-char-start": 31910,
      "location-after-char-end": 31910,
      "node-str": "b"
    },
    {
      "type": "insert-node",
      "node": {
        "label": "int",
        "type": "VARIABLE_TYPE"
      },
      "location-after-char-start": 0,
      "location-after-char-end": 0,
      "node-str": "int"
    },
    {
      "type": "insert-node",
      "node": {
        "label": "EQ",
        "type": "BinaryOperator"
      },
      "location-after-char-start": 31963,
      "location-after-char-end": 31983,
      "node-str": "EQ"
    },
    {
      "type": "insert-node",
      "node": {
        "label": "THEN",
        "type": "then"
      },
      "location-after-char-start": 31986,
      "location-after-char-end": 32001,
      "node-str": "THEN"
    },
    {
      "type": "insert-node",
      "node": {
        "label": "int",
        "type": "VARIABLE_TYPE"
      },
      "location-after-char-start": 0,
      "location-after-char-end": 0,
      "node-str": "int"
    },
    {
      "type": "insert-node",
      "node": {
        "label": "viewState",
        "type": "FieldRead"
      },
      "location-after-char-start": 32023,
      "location-after-char-end": 32031,
      "node-str": "viewState"
    },
    {
      "type": "insert-node",
      "node": {
        "label": "viewState",
        "type": "FieldWrite"
      },
      "location-after-char-start": 32039,
      "location-after-char-end": 32047,
      "node-str": "viewState"
    },
    {
      "type": "insert-node",
      "node": {
        "label": "newState",
        "type": "VariableRead"
      },
      "location-after-char-start": 32051,
      "location-after-char-end": 32058,
      "node-str": "newState"
    },
    {
      "type": "move-subtree",
      "node": {
        "label": "org.eclipse.ui.internal.PartTabFolder",
        "type": "TypeAccess"
      },
      "location-before-char-start": 0,
      "location-before-char-end": 0,
      "location-after-char-start": 0,
      "location-after-char-end": 0,
      "node-str": "org.eclipse.ui.internal.PartTabFolder"
    },
    {
      "type": "insert-node",
      "node": {
        "label": "NE",
        "type": "BinaryOperator"
      },
      "location-after-char-start": 32094,
      "location-after-char-end": 32108,
      "node-str": "NE"
    },
    {
      "type": "insert-node",
      "node": {
        "label": "THEN",
        "type": "then"
      },
      "location-after-char-start": 32111,
      "location-after-char-end": 32418,
      "node-str": "THEN"
    },
    {
      "type": "insert-node",
      "node": {
        "label": "org.eclipse.swt.graphics.Rectangle",
        "type": "VARIABLE_TYPE"
      },
      "location-after-char-start": 0,
      "location-after-char-end": 0,
      "node-str": "org.eclipse.swt.graphics.Rectangle"
    },
    {
      "type": "update-node",
      "node": {
        "label": "setMaximized",
        "type": "Invocation"
      },
      "location-before-char-start": 3698,
      "location-before-char-end": 3727,
      "location-after-char-start": 32484,
      "location-after-char-end": 32504,
      "node-str": "getBounds"
    },
    {
      "type": "move-subtree",
      "node": {
        "label": "setMaximized",
        "type": "Invocation"
      },
      "location-before-char-start": 3698,
      "location-before-char-end": 3727,
      "location-after-char-start": 32484,
      "location-after-char-end": 32504,
      "node-str": "getBounds"
    },
    {
      "type": "insert-node",
      "node": {
        "label": "int",
        "type": "VARIABLE_TYPE"
      },
      "location-after-char-start": 0,
      "location-after-char-end": 0,
      "node-str": "int"
    },
    {
      "type": "insert-node",
      "node": {
        "label": "AND",
        "type": "BinaryOperator"
      },
      "location-after-char-start": 32558,
      "location-after-char-end": 32619,
      "node-str": "AND"
    },
    {
      "type": "insert-node",
      "node": {
        "label": "THEN",
        "type": "then"
      },
      "location-after-char-start": 32622,
      "location-after-char-end": 32705,
      "node-str": "THEN"
    },
    {
      "type": "insert-node",
      "node": {
        "label": "getContainer",
        "type": "Invocation"
      },
      "location-after-char-start": 32832,
      "location-after-char-end": 32865,
      "node-str": "getContainer"
    },
    {
      "type": "move-subtree",
      "node": {
        "label": "",
        "type": "TypeReference"
      },
      "location-before-char-start": 0,
      "location-before-char-end": 0,
      "location-after-char-start": 0,
      "location-after-char-end": 0,
      "node-str": ""
    },
    {
      "type": "insert-node",
      "node": {
        "label": "update",
        "type": "Method"
      },
      "location-after-char-start": 3258,
      "location-after-char-end": 3298,
      "node-str": "update"
    },
    {
      "type": "move-subtree",
      "node": {
        "label": "",
        "type": "TypeReference"
      },
      "location-before-char-start": 0,
      "location-before-char-end": 0,
      "location-after-char-start": 0,
      "location-after-char-end": 0,
      "node-str": ""
    },
    {
      "type": "move-subtree",
      "node": {
        "label": "minimize",
        "type": "Method"
      },
      "location-before-char-start": 3620,
      "location-before-char-end": 3786,
      "location-after-char-start": 3461,
      "location-after-char-end": 3540,
      "node-str": "minimize"
    },
    {
      "type": "move-subtree",
      "node": {
        "label": "restore",
        "type": "Method"
      },
      "location-before-char-start": 3793,
      "location-before-char-end": 3939,
      "location-after-char-start": 3547,
      "location-after-char-end": 3623,
      "node-str": "restore"
    },
    {
      "type": "insert-node",
      "node": {
        "label": "maximize",
        "type": "Method"
      },
      "location-after-char-start": 3630,
      "location-after-char-end": 3708,
      "node-str": "maximize"
    },
    {
      "type": "update-node",
      "node": {
        "label": "setMaximized",
        "type": "Invocation"
      },
      "location-before-char-start": 3287,
      "location-before-char-end": 3316,
      "location-after-char-start": 13523,
      "location-after-char-end": 13579,
      "node-str": "removeCTabFolderMinMaxListener"
    },
    {
      "type": "move-subtree",
      "node": {
        "label": "dispose",
        "type": "Invocation"
      },
      "location-before-char-start": 14309,
      "location-before-char-end": 14328,
      "location-after-char-start": 13588,
      "location-after-char-end": 13607,
      "node-str": "dispose"
    },
    {
      "type": "move-subtree",
      "node": {
        "label": "tabFolder",
        "type": "FieldRead"
      },
      "location-before-char-start": 4146,
      "location-before-char-end": 4154,
      "location-after-char-start": 13958,
      "location-after-char-end": 13966,
      "node-str": "tabFolder"
    },
    {
      "type": "insert-node",
      "node": {
        "label": "return",
        "type": "Return"
      },
      "location-after-char-start": 13982,
      "location-after-char-end": 14011,
      "node-str": "return"
    },
    {
      "type": "insert-node",
      "node": {
        "label": "clientHeight",
        "type": "LocalVariable"
      },
      "location-after-char-start": 14380,
      "location-after-char-end": 14445,
      "node-str": "clientHeight"
    },
    {
      "type": "insert-node",
      "node": {
        "label": "NE",
        "type": "BinaryOperator"
      },
      "location-after-char-start": 14706,
      "location-after-char-end": 14722,
      "node-str": "NE"
    },
    {
      "type": "insert-node",
      "node": {
        "label": "NOT",
        "type": "UnaryOperator"
      },
      "location-after-char-start": 14727,
      "location-after-char-end": 14749,
      "node-str": "NOT"
    },
    {
      "type": "insert-node",
      "node": {
        "label": "isTrue",
        "type": "Invocation"
      },
      "location-after-char-start": 14757,
      "location-after-char-end": 14830,
      "node-str": "isTrue"
    },
    {
      "type": "insert-node",
      "node": {
        "label": "isTrue",
        "type": "Invocation"
      },
      "location-after-char-start": 14835,
      "location-after-char-end": 14891,
      "node-str": "isTrue"
    },
    {
      "type": "insert-node",
      "node": {
        "label": "if",
        "type": "If"
      },
      "location-after-char-start": 14896,
      "location-after-char-end": 14981,
      "node-str": "if"
    },
    {
      "type": "insert-node",
      "node": {
        "label": "current",
        "type": "FieldRead"
      },
      "location-after-char-start": 14996,
      "location-after-char-end": 15002,
      "node-str": "current"
    },
    {
      "type": "insert-node",
      "node": {
        "label": "null",
        "type": "Literal"
      },
      "location-after-char-start": 15007,
      "location-after-char-end": 15010,
      "node-str": "null"
    },
    {
      "type": "update-node",
      "node": {
        "label": "AND",
        "type": "BinaryOperator"
      },
      "location-before-char-start": 25251,
      "location-before-char-end": 25294,
      "location-after-char-start": 25051,
      "location-after-char-end": 25110,
      "node-str": "OR"
    },
    {
      "type": "move-subtree",
      "node": {
        "label": "AND",
        "type": "BinaryOperator"
      },
      "location-before-char-start": 25251,
      "location-before-char-end": 25294,
      "location-after-char-start": 25051,
      "location-after-char-end": 25110,
      "node-str": "OR"
    },
    {
      "type": "insert-node",
      "node": {
        "label": "STATE_RESTORED",
        "type": "FieldRead"
      },
      "location-after-char-start": 25114,
      "location-after-char-end": 25127,
      "node-str": "STATE_RESTORED"
    },
    {
      "type": "insert-node",
      "node": {
        "label": "STATE_MINIMIZED",
        "type": "FieldRead"
      },
      "location-after-char-start": 25131,
      "location-after-char-end": 25145,
      "node-str": "STATE_MINIMIZED"
    },
    {
      "type": "insert-node",
      "node": {
        "label": "EQ",
        "type": "BinaryOperator"
      },
      "location-after-char-start": 27134,
      "location-after-char-end": 27163,
      "node-str": "EQ"
    },
    {
      "type": "insert-node",
      "node": {
        "label": "STATE_MINIMIZED",
        "type": "FieldRead"
      },
      "location-after-char-start": 27167,
      "location-after-char-end": 27181,
      "node-str": "STATE_MINIMIZED"
    },
    {
      "type": "insert-node",
      "node": {
        "label": "STATE_RESTORED",
        "type": "FieldRead"
      },
      "location-after-char-start": 27185,
      "location-after-char-end": 27198,
      "node-str": "STATE_RESTORED"
    },
    {
      "type": "update-node",
      "node": {
        "label": "minimizedState",
        "type": "FieldRead"
      },
      "location-before-char-start": 27829,
      "location-before-char-end": 27842,
      "location-after-char-start": 27717,
      "location-after-char-end": 27725,
      "node-str": "viewState"
    },
    {
      "type": "move-subtree",
      "node": {
        "label": "minimizedState",
        "type": "FieldRead"
      },
      "location-before-char-start": 27829,
      "location-before-char-end": 27842,
      "location-after-char-start": 27717,
      "location-after-char-end": 27725,
      "node-str": "viewState"
    },
    {
      "type": "insert-node",
      "node": {
        "label": "STATE_MINIMIZED",
        "type": "FieldRead"
      },
      "location-after-char-start": 27730,
      "location-after-char-end": 27744,
      "node-str": "STATE_MINIMIZED"
    },
    {
      "type": "update-node",
      "node": {
        "label": "attachExpandListener",
        "type": "Invocation"
      },
      "location-before-char-start": 31643,
      "location-before-char-end": 31682,
      "location-after-char-start": 31542,
      "location-after-char-end": 31578,
      "node-str": "showMinMaxButtons"
    },
    {
      "type": "insert-node",
      "node": {
        "label": "if",
        "type": "If"
      },
      "location-after-char-start": 31587,
      "location-after-char-end": 31767,
      "node-str": "if"
    },
    {
      "type": "insert-node",
      "node": {
        "label": "newState",
        "type": "VariableRead"
      },
      "location-after-char-start": 31963,
      "location-after-char-end": 31970,
      "node-str": "newState"
    },
    {
      "type": "update-node",
      "node": {
        "label": "minimizedState",
        "type": "FieldRead"
      },
      "location-before-char-start": 32052,
      "location-before-char-end": 32065,
      "location-after-char-start": 31975,
      "location-after-char-end": 31983,
      "node-str": "viewState"
    },
    {
      "type": "move-subtree",
      "node": {
        "label": "minimizedState",
        "type": "FieldRead"
      },
      "location-before-char-start": 32052,
      "location-before-char-end": 32065,
      "location-after-char-start": 31975,
      "location-after-char-end": 31983,
      "node-str": "viewState"
    },
    {
      "type": "insert-node",
      "node": {
        "label": "return",
        "type": "Return"
      },
      "location-after-char-start": 31991,
      "location-after-char-end": 31997,
      "node-str": "return"
    },
    {
      "type": "insert-node",
      "node": {
        "label": "org.eclipse.ui.internal.PartTabFolder",
        "type": "TypeAccess"
      },
      "location-after-char-start": 0,
      "location-after-char-end": 0,
      "node-str": "org.eclipse.ui.internal.PartTabFolder"
    },
    {
      "type": "insert-node",
      "node": {
        "label": "org.eclipse.ui.internal.PartTabFolder",
        "type": "TypeAccess"
      },
      "location-after-char-start": 0,
      "location-after-char-end": 0,
      "node-str": "org.eclipse.ui.internal.PartTabFolder"
    },
    {
      "type": "insert-node",
      "node": {
        "label": "current",
        "type": "FieldRead"
      },
      "location-after-char-start": 32094,
      "location-after-char-end": 32100,
      "node-str": "current"
    },
    {
      "type": "insert-node",
      "node": {
        "label": "null",
        "type": "Literal"
      },
      "location-after-char-start": 32105,
      "location-after-char-end": 32108,
      "node-str": "null"
    },
    {
      "type": "insert-node",
      "node": {
        "label": "if",
        "type": "If"
      },
      "location-after-char-start": 32116,
      "location-after-char-end": 32414,
      "node-str": "if"
    },
    {
      "type": "insert-node",
      "node": {
        "label": "EQ",
        "type": "BinaryOperator"
      },
      "location-after-char-start": 32558,
      "location-after-char-end": 32585,
      "node-str": "EQ"
    },
    {
      "type": "insert-node",
      "node": {
        "label": "NE",
        "type": "BinaryOperator"
      },
      "location-after-char-start": 32590,
      "location-after-char-end": 32619,
      "node-str": "NE"
    },
    {
      "type": "update-node",
      "node": {
        "label": "setMaximizeVisible",
        "type": "Invocation"
      },
      "location-before-char-start": 31944,
      "location-before-char-end": 31978,
      "location-after-char-start": 32627,
      "location-after-char-end": 32678,
      "node-str": "setSize"
    },
    {
      "type": "move-subtree",
      "node": {
        "label": "setMaximizeVisible",
        "type": "Invocation"
      },
      "location-before-char-start": 31944,
      "location-before-char-end": 31978,
      "location-after-char-start": 32627,
      "location-after-char-end": 32678,
      "node-str": "setSize"
    },
    {
      "type": "update-node",
      "node": {
        "label": "attachExpandListener",
        "type": "Invocation"
      },
      "location-before-char-start": 12230,
      "location-before-char-end": 12256,
      "location-after-char-start": 32688,
      "location-after-char-end": 32701,
      "node-str": "forceLayout"
    },
    {
      "type": "move-subtree",
      "node": {
        "label": "attachExpandListener",
        "type": "Invocation"
      },
      "location-before-char-start": 12230,
      "location-before-char-end": 12256,
      "location-after-char-start": 32688,
      "location-after-char-end": 32701,
      "node-str": "forceLayout"
    },
    {
      "type": "insert-node",
      "node": {
        "label": "org.eclipse.ui.internal.PartTabFolder",
        "type": "TypeAccess"
      },
      "location-after-char-start": 0,
      "location-after-char-end": 0,
      "node-str": "org.eclipse.ui.internal.PartTabFolder"
    },
    {
      "type": "insert-node",
      "node": {
        "label": "minimized",
        "type": "LocalVariable"
      },
      "location-after-char-start": 33289,
      "location-after-char-end": 33339,
      "node-str": "minimized"
    },
    {
      "type": "insert-node",
      "node": {
        "label": "maximized",
        "type": "LocalVariable"
      },
      "location-after-char-start": 33344,
      "location-after-char-end": 33394,
      "node-str": "maximized"
    },
    {
      "type": "update-node",
      "node": {
        "label": "setMinimizeVisible",
        "type": "Invocation"
      },
      "location-before-char-start": 31905,
      "location-before-char-end": 31939,
      "location-after-char-start": 33441,
      "location-after-char-end": 33474,
      "node-str": "setMaximized"
    },
    {
      "type": "move-subtree",
      "node": {
        "label": "setMinimizeVisible",
        "type": "Invocation"
      },
      "location-before-char-start": 31905,
      "location-before-char-end": 31939,
      "location-after-char-start": 33441,
      "location-after-char-end": 33474,
      "node-str": "setMaximized"
    },
    {
      "type": "insert-node",
      "node": {
        "label": "updateControlBounds",
        "type": "Invocation"
      },
      "location-after-char-start": 33554,
      "location-after-char-end": 33575,
      "node-str": "updateControlBounds"
    },
    {
      "type": "move-subtree",
      "node": {
        "label": "void",
        "type": "RETURN_TYPE"
      },
      "location-before-char-start": 0,
      "location-before-char-end": 0,
      "location-after-char-start": 0,
      "location-after-char-end": 0,
      "node-str": "void"
    },
    {
      "type": "move-subtree",
      "node": {
        "label": "public",
        "type": "Modifier"
      },
      "location-before-char-start": 0,
      "location-before-char-end": 0,
      "location-after-char-start": 0,
      "location-after-char-end": 0,
      "node-str": "public"
    },
    {
      "type": "move-subtree",
      "node": {
        "label": "changed",
        "type": "Parameter"
      },
      "location-before-char-start": 3117,
      "location-before-char-end": 3131,
      "location-after-char-start": 3277,
      "location-after-char-end": 3291,
      "node-str": "changed"
    },
    {
      "type": "update-node",
      "node": {
        "label": "reflectChangesInPage",
        "type": "Invocation"
      },
      "location-before-char-start": 3759,
      "location-before-char-end": 3781,
      "location-after-char-start": 3510,
      "location-after-char-end": 3535,
      "node-str": "setState"
    },
    {
      "type": "update-node",
      "node": {
        "label": "reflectChangesInPage",
        "type": "Invocation"
      },
      "location-before-char-start": 3913,
      "location-before-char-end": 3935,
      "location-after-char-start": 3595,
      "location-after-char-end": 3619,
      "node-str": "setState"
    },
    {
      "type": "insert-node",
      "node": {
        "label": "void",
        "type": "RETURN_TYPE"
      },
      "location-after-char-start": 0,
      "location-after-char-end": 0,
      "node-str": "void"
    },
    {
      "type": "move-subtree",
      "node": {
        "label": "public",
        "type": "Modifier"
      },
      "location-before-char-start": 0,
      "location-before-char-end": 0,
      "location-after-char-start": 0,
      "location-after-char-end": 0,
      "node-str": "public"
    },
    {
      "type": "move-subtree",
      "node": {
        "label": "event",
        "type": "Parameter"
      },
      "location-before-char-start": 3967,
      "location-before-char-end": 3987,
      "location-after-char-start": 3651,
      "location-after-char-end": 3671,
      "node-str": "event"
    },
    {
      "type": "update-node",
      "node": {
        "label": "getContainer",
        "type": "Invocation"
      },
      "location-before-char-start": 4344,
      "location-before-char-end": 4377,
      "location-after-char-start": 3679,
      "location-after-char-end": 3704,
      "node-str": "setState"
    },
    {
      "type": "move-subtree",
      "node": {
        "label": "getContainer",
        "type": "Invocation"
      },
      "location-before-char-start": 4344,
      "location-before-char-end": 4377,
      "location-after-char-start": 3679,
      "location-after-char-end": 3704,
      "node-str": "setState"
    },
    {
      "type": "update-node",
      "node": {
        "label": "minimizeListener",
        "type": "FieldRead"
      },
      "location-before-char-start": 13252,
      "location-before-char-end": 13267,
      "location-after-char-start": 13564,
      "location-after-char-end": 13577,
      "node-str": "expandListener"
    },
    {
      "type": "move-subtree",
      "node": {
        "label": "minimizeListener",
        "type": "FieldRead"
      },
      "location-before-char-start": 13252,
      "location-before-char-end": 13267,
      "location-after-char-start": 13564,
      "location-after-char-end": 13577,
      "node-str": "expandListener"
    },
    {
      "type": "insert-node",
      "node": {
        "label": "org.eclipse.swt.graphics.Rectangle(int,int,int,int)",
        "type": "ConstructorCall"
      },
      "location-after-char-start": 13989,
      "location-after-char-end": 14010,
      "node-str": "org.eclipse.swt.graphics.Rectangle(int,int,int,int)"
    },
    {
      "type": "insert-node",
      "node": {
        "label": "int",
        "type": "VARIABLE_TYPE"
      },
      "location-after-char-start": 0,
      "location-after-char-end": 0,
      "node-str": "int"
    },
    {
      "type": "insert-node",
      "node": {
        "label": "",
        "type": "Conditional"
      },
      "location-after-char-start": 14399,
      "location-after-char-end": 14444,
      "node-str": ""
    },
    {
      "type": "insert-node",
      "node": {
        "label": "tabFolder",
        "type": "FieldRead"
      },
      "location-after-char-start": 14706,
      "location-after-char-end": 14714,
      "node-str": "tabFolder"
    },
    {
      "type": "insert-node",
      "node": {
        "label": "null",
        "type": "Literal"
      },
      "location-after-char-start": 14719,
      "location-after-char-end": 14722,
      "node-str": "null"
    },
    {
      "type": "insert-node",
      "node": {
        "label": "isDisposed",
        "type": "Invocation"
      },
      "location-after-char-start": 14728,
      "location-after-char-end": 14749,
      "node-str": "isDisposed"
    },
    {
      "type": "insert-node",
      "node": {
        "label": "org.eclipse.jface.util.Assert",
        "type": "TypeAccess"
      },
      "location-after-char-start": 14757,
      "location-after-char-end": 14762,
      "node-str": "org.eclipse.jface.util.Assert"
    },
    {
      "type": "insert-node",
      "node": {
        "label": "EQ",
        "type": "BinaryOperator"
      },
      "location-after-char-start": 14771,
      "location-after-char-end": 14828,
      "node-str": "EQ"
    },
    {
      "type": "insert-node",
      "node": {
        "label": "org.eclipse.jface.util.Assert",
        "type": "TypeAccess"
      },
      "location-after-char-start": 14835,
      "location-after-char-end": 14840,
      "node-str": "org.eclipse.jface.util.Assert"
    },
    {
      "type": "insert-node",
      "node": {
        "label": "EQ",
        "type": "BinaryOperator"
      },
      "location-after-char-start": 14849,
      "location-after-char-end": 14889,
      "node-str": "EQ"
    },
    {
      "type": "update-node",
      "node": {
        "label": "get",
        "type": "Invocation"
      },
      "location-before-char-start": 3258,
      "location-before-char-end": 3277,
      "location-after-char-start": 14900,
      "location-after-char-end": 14912,
      "node-str": "isMinimized"
    },
    {
      "type": "move-subtree",
      "node": {
        "label": "get",
        "type": "Invocation"
      },
      "location-before-char-start": 3258,
      "location-before-char-end": 3277,
      "location-after-char-start": 14900,
      "location-after-char-end": 14912,
      "node-str": "isMinimized"
    },
    {
      "type": "insert-node",
      "node": {
        "label": "THEN",
        "type": "then"
      },
      "location-after-char-start": 14915,
      "location-after-char-end": 14981,
      "node-str": "THEN"
    },
    {
      "type": "insert-node",
      "node": {
        "label": "org.eclipse.ui.internal.PartTabFolder",
        "type": "TypeAccess"
      },
      "location-after-char-start": 0,
      "location-after-char-end": 0,
      "node-str": "org.eclipse.ui.internal.PartTabFolder"
    },
    {
      "type": "update-node",
      "node": {
        "label": "NE",
        "type": "BinaryOperator"
      },
      "location-before-char-start": 25251,
      "location-before-char-end": 25266,
      "location-after-char-start": 25052,
      "location-after-char-end": 25067,
      "node-str": "EQ"
    },
    {
      "type": "update-node",
      "node": {
        "label": "EQ",
        "type": "BinaryOperator"
      },
      "location-before-char-start": 25271,
      "location-before-char-end": 25294,
      "location-after-char-start": 25072,
      "location-after-char-end": 25109,
      "node-str": "NE"
    },
    {
      "type": "update-node",
      "node": {
        "label": "minimizedState",
        "type": "FieldRead"
      },
      "location-before-char-start": 27283,
      "location-before-char-end": 27296,
      "location-after-char-start": 27135,
      "location-after-char-end": 27143,
      "node-str": "viewState"
    },
    {
      "type": "move-subtree",
      "node": {
        "label": "minimizedState",
        "type": "FieldRead"
      },
      "location-before-char-start": 27283,
      "location-before-char-end": 27296,
      "location-after-char-start": 27135,
      "location-after-char-end": 27143,
      "node-str": "viewState"
    },
    {
      "type": "insert-node",
      "node": {
        "label": "STATE_MINIMIZED",
        "type": "FieldRead"
      },
      "location-after-char-start": 27148,
      "location-after-char-end": 27162,
      "node-str": "STATE_MINIMIZED"
    },
    {
      "type": "insert-node",
      "node": {
        "label": "AND",
        "type": "BinaryOperator"
      },
      "location-after-char-start": 31591,
      "location-after-char-end": 31637,
      "node-str": "AND"
    },
    {
      "type": "move-subtree",
      "node": {
        "label": "THEN",
        "type": "then"
      },
      "location-before-char-start": 4908,
      "location-before-char-end": 5062,
      "location-after-char-start": 31640,
      "location-after-char-end": 31767,
      "node-str": "THEN"
    },
    {
      "type": "insert-node",
      "node": {
        "label": "org.eclipse.ui.internal.PartTabFolder",
        "type": "TypeAccess"
      },
      "location-after-char-start": 0,
      "location-after-char-end": 0,
      "node-str": "org.eclipse.ui.internal.PartTabFolder"
    },
    {
      "type": "insert-node",
      "node": {
        "label": "EQ",
        "type": "BinaryOperator"
      },
      "location-after-char-start": 32120,
      "location-after-char-end": 32147,
      "node-str": "EQ"
    },
    {
      "type": "insert-node",
      "node": {
        "label": "THEN",
        "type": "then"
      },
      "location-after-char-start": 32150,
      "location-after-char-end": 32190,
      "node-str": "THEN"
    },
    {
      "type": "insert-node",
      "node": {
        "label": "ELSE",
        "type": "else"
      },
      "location-after-char-start": 32197,
      "location-after-char-end": 32414,
      "node-str": "ELSE"
    },
    {
      "type": "insert-node",
      "node": {
        "label": "viewState",
        "type": "FieldRead"
      },
      "location-after-char-start": 32558,
      "location-after-char-end": 32566,
      "node-str": "viewState"
    },
    {
      "type": "insert-node",
      "node": {
        "label": "STATE_MINIMIZED",
        "type": "FieldRead"
      },
      "location-after-char-start": 32571,
      "location-after-char-end": 32585,
      "node-str": "STATE_MINIMIZED"
    },
    {
      "type": "insert-node",
      "node": {
        "label": "height",
        "type": "FieldRead"
      },
      "location-after-char-start": 32590,
      "location-after-char-end": 32602,
      "node-str": "height"
    },
    {
      "type": "insert-node",
      "node": {
        "label": "minimumHeight",
        "type": "VariableRead"
      },
      "location-after-char-start": 32607,
      "location-after-char-end": 32619,
      "node-str": "minimumHeight"
    },
    {
      "type": "update-node",
      "node": {
        "label": "addChangeListener",
        "type": "Invocation"
      },
      "location-before-char-start": 31850,
      "location-before-char-end": 31900,
      "location-after-char-start": 32645,
      "location-after-char-end": 32661,
      "node-str": "getMinimumWidth"
    },
    {
      "type": "move-subtree",
      "node": {
        "label": "addChangeListener",
        "type": "Invocation"
      },
      "location-before-char-start": 31850,
      "location-before-char-end": 31900,
      "location-after-char-start": 32645,
      "location-after-char-end": 32661,
      "node-str": "getMinimumWidth"
    },
    {
      "type": "insert-node",
      "node": {
        "label": "minimumHeight",
        "type": "VariableRead"
      },
      "location-after-char-start": 32664,
      "location-after-char-end": 32676,
      "node-str": "minimumHeight"
    },
    {
      "type": "move-subtree",
      "node": {
        "label": "boolean",
        "type": "VARIABLE_TYPE"
      },
      "location-before-char-start": 0,
      "location-before-char-end": 0,
      "location-after-char-start": 0,
      "location-after-char-end": 0,
      "node-str": "boolean"
    },
    {
      "type": "insert-node",
      "node": {
        "label": "EQ",
        "type": "BinaryOperator"
      },
      "location-after-char-start": 33309,
      "location-after-char-end": 33338,
      "node-str": "EQ"
    },
    {
      "type": "insert-node",
      "node": {
        "label": "boolean",
        "type": "VARIABLE_TYPE"
      },
      "location-after-char-start": 0,
      "location-after-char-end": 0,
      "node-str": "boolean"
    },
    {
      "type": "insert-node",
      "node": {
        "label": "EQ",
        "type": "BinaryOperator"
      },
      "location-after-char-start": 33364,
      "location-after-char-end": 33393,
      "node-str": "EQ"
    },
    {
      "type": "insert-node",
      "node": {
        "label": "minimized",
        "type": "VariableRead"
      },
      "location-after-char-start": 33426,
      "location-after-char-end": 33434,
      "node-str": "minimized"
    },
    {
      "type": "insert-node",
      "node": {
        "label": "maximized",
        "type": "VariableRead"
      },
      "location-after-char-start": 33464,
      "location-after-char-end": 33472,
      "node-str": "maximized"
    },
    {
      "type": "move-subtree",
      "node": {
        "label": "org.eclipse.ui.internal.PartTabFolder",
        "type": "TypeAccess"
      },
      "location-before-char-start": 0,
      "location-before-char-end": 0,
      "location-after-char-start": 0,
      "location-after-char-end": 0,
      "node-str": "org.eclipse.ui.internal.PartTabFolder"
    },
    {
      "type": "insert-node",
      "node": {
        "label": "STATE_MINIMIZED",
        "type": "FieldRead"
      },
      "location-after-char-start": 3519,
      "location-after-char-end": 3533,
      "node-str": "STATE_MINIMIZED"
    },
    {
      "type": "insert-node",
      "node": {
        "label": "STATE_RESTORED",
        "type": "FieldRead"
      },
      "location-after-char-start": 3604,
      "location-after-char-end": 3617,
      "node-str": "STATE_RESTORED"
    },
    {
      "type": "insert-node",
      "node": {
        "label": "STATE_MAXIMIZED",
        "type": "FieldRead"
      },
      "location-after-char-start": 3688,
      "location-after-char-end": 3702,
      "node-str": "STATE_MAXIMIZED"
    },
    {
      "type": "insert-node",
      "node": {
        "label": "0",
        "type": "Literal"
      },
      "location-after-char-start": 14003,
      "location-after-char-end": 14003,
      "node-str": "0"
    },
    {
      "type": "insert-node",
      "node": {
        "label": "0",
        "type": "Literal"
      },
      "location-after-char-start": 14005,
      "location-after-char-end": 14005,
      "node-str": "0"
    },
    {
      "type": "insert-node",
      "node": {
        "label": "0",
        "type": "Literal"
      },
      "location-after-char-start": 14007,
      "location-after-char-end": 14007,
      "node-str": "0"
    },
    {
      "type": "insert-node",
      "node": {
        "label": "0",
        "type": "Literal"
      },
      "location-after-char-start": 14009,
      "location-after-char-end": 14009,
      "node-str": "0"
    },
    {
      "type": "update-node",
      "node": {
        "label": "get",
        "type": "Invocation"
      },
      "location-before-char-start": 3222,
      "location-before-char-end": 3241,
      "location-after-char-start": 14399,
      "location-after-char-end": 14411,
      "node-str": "isMinimized"
    },
    {
      "type": "move-subtree",
      "node": {
        "label": "get",
        "type": "Invocation"
      },
      "location-before-char-start": 3222,
      "location-before-char-end": 3241,
      "location-after-char-start": 14399,
      "location-after-char-end": 14411,
      "node-str": "isMinimized"
    },
    {
      "type": "move-subtree",
      "node": {
        "label": "0",
        "type": "Literal"
      },
      "location-before-char-start": 15162,
      "location-before-char-end": 15162,
      "location-after-char-start": 14415,
      "location-after-char-end": 14415,
      "node-str": "0"
    },
    {
      "type": "move-subtree",
      "node": {
        "label": "getMinimumHeight",
        "type": "Invocation"
      },
      "location-before-char-start": 15168,
      "location-before-char-end": 15193,
      "location-after-char-start": 14419,
      "location-after-char-end": 14444,
      "node-str": "getMinimumHeight"
    },
    {
      "type": "move-subtree",
      "node": {
        "label": "0",
        "type": "Literal"
      },
      "location-before-char-start": 25294,
      "location-before-char-end": 25294,
      "location-after-char-start": 14496,
      "location-after-char-end": 14496,
      "node-str": "0"
    },
    {
      "type": "insert-node",
      "node": {
        "label": "clientHeight",
        "type": "VariableRead"
      },
      "location-after-char-start": 14502,
      "location-after-char-end": 14513,
      "node-str": "clientHeight"
    },
    {
      "type": "insert-node",
      "node": {
        "label": "org.eclipse.ui.internal.PartTabFolder",
        "type": "TypeAccess"
      },
      "location-after-char-start": 0,
      "location-after-char-end": 0,
      "node-str": "org.eclipse.ui.internal.PartTabFolder"
    },
    {
      "type": "insert-node",
      "node": {
        "label": "tabFolder",
        "type": "FieldRead"
      },
      "location-after-char-start": 14728,
      "location-after-char-end": 14736,
      "node-str": "tabFolder"
    },
    {
      "type": "update-node",
      "node": {
        "label": "setExpanded",
        "type": "Invocation"
      },
      "location-before-char-start": 4945,
      "location-before-char-end": 4972,
      "location-after-char-start": 14771,
      "location-after-char-end": 14794,
      "node-str": "getMaximized"
    },
    {
      "type": "move-subtree",
      "node": {
        "label": "setExpanded",
        "type": "Invocation"
      },
      "location-before-char-start": 4945,
      "location-before-char-end": 4972,
      "location-after-char-start": 14771,
      "location-after-char-end": 14794,
      "node-str": "getMaximized"
    },
    {
      "type": "insert-node",
      "node": {
        "label": "EQ",
        "type": "BinaryOperator"
      },
      "location-after-char-start": 14799,
      "location-after-char-end": 14828,
      "node-str": "EQ"
    },
    {
      "type": "update-node",
      "node": {
        "label": "setMaximized",
        "type": "Invocation"
      },
      "location-before-char-start": 3841,
      "location-before-char-end": 3870,
      "location-after-char-start": 14849,
      "location-after-char-end": 14872,
      "node-str": "getMinimized"
    },
    {
      "type": "move-subtree",
      "node": {
        "label": "setMaximized",
        "type": "Invocation"
      },
      "location-before-char-start": 3841,
      "location-before-char-end": 3870,
      "location-after-char-start": 14849,
      "location-after-char-end": 14872,
      "node-str": "getMinimized"
    },
    {
      "type": "insert-node",
      "node": {
        "label": "isMinimized",
        "type": "Invocation"
      },
      "location-after-char-start": 14877,
      "location-after-char-end": 14889,
      "node-str": "isMinimized"
    },
    {
      "type": "move-subtree",
      "node": {
        "label": "org.eclipse.ui.internal.PartTabFolder",
        "type": "TypeAccess"
      },
      "location-before-char-start": 0,
      "location-before-char-end": 0,
      "location-after-char-start": 0,
      "location-after-char-end": 0,
      "node-str": "org.eclipse.ui.internal.PartTabFolder"
    },
    {
      "type": "insert-node",
      "node": {
        "label": "isTrue",
        "type": "Invocation"
      },
      "location-after-char-start": 14921,
      "location-after-char-end": 14976,
      "node-str": "isTrue"
    },
    {
      "type": "insert-node",
      "node": {
        "label": "STATE_MINIMIZED",
        "type": "FieldRead"
      },
      "location-after-char-start": 25095,
      "location-after-char-end": 25109,
      "node-str": "STATE_MINIMIZED"
    },
    {
      "type": "insert-node",
      "node": {
        "label": "NE",
        "type": "BinaryOperator"
      },
      "location-after-char-start": 31591,
      "location-after-char-end": 31605,
      "node-str": "NE"
    },
    {
      "type": "insert-node",
      "node": {
        "label": "EQ",
        "type": "BinaryOperator"
      },
      "location-after-char-start": 31610,
      "location-after-char-end": 31637,
      "node-str": "EQ"
    },
    {
      "type": "insert-node",
      "node": {
        "label": "page",
        "type": "LocalVariable"
      },
      "location-after-char-start": 31646,
      "location-after-char-end": 31697,
      "node-str": "page"
    },
    {
      "type": "insert-node",
      "node": {
        "label": "viewState",
        "type": "FieldRead"
      },
      "location-after-char-start": 32120,
      "location-after-char-end": 32128,
      "node-str": "viewState"
    },
    {
      "type": "insert-node",
      "node": {
        "label": "STATE_MAXIMIZED",
        "type": "FieldRead"
      },
      "location-after-char-start": 32133,
      "location-after-char-end": 32147,
      "node-str": "STATE_MAXIMIZED"
    },
    {
      "type": "move-subtree",
      "node": {
        "label": "doZoom",
        "type": "Invocation"
      },
      "location-before-char-start": 4062,
      "location-before-char-end": 4091,
      "location-after-char-start": 32156,
      "location-after-char-end": 32185,
      "node-str": "doZoom"
    },
    {
      "type": "move-subtree",
      "node": {
        "label": "page",
        "type": "LocalVariable"
      },
      "location-before-char-start": 4211,
      "location-before-char-end": 4262,
      "location-after-char-start": 32203,
      "location-after-char-end": 32254,
      "node-str": "page"
    },
    {
      "type": "move-subtree",
      "node": {
        "label": "if",
        "type": "If"
      },
      "location-before-char-start": 4267,
      "location-before-char-end": 4313,
      "location-after-char-start": 32260,
      "location-after-char-end": 32308,
      "node-str": "if"
    },
    {
      "type": "update-node",
      "node": {
        "label": "removeChangeListener",
        "type": "Invocation"
      },
      "location-before-char-start": 32052,
      "location-before-char-end": 32105,
      "location-after-char-start": 32318,
      "location-after-char-end": 32339,
      "node-str": "updateControlBounds"
    },
    {
      "type": "move-subtree",
      "node": {
        "label": "removeChangeListener",
        "type": "Invocation"
      },
      "location-before-char-start": 32052,
      "location-before-char-end": 32105,
      "location-after-char-start": 32318,
      "location-after-char-end": 32339,
      "node-str": "updateControlBounds"
    },
    {
      "type": "insert-node",
      "node": {
        "label": "if",
        "type": "If"
      },
      "location-after-char-start": 32350,
      "location-after-char-end": 32409,
      "node-str": "if"
    },
    {
      "type": "insert-node",
      "node": {
        "label": "org.eclipse.ui.internal.PartTabFolder",
        "type": "TypeAccess"
      },
      "location-after-char-start": 0,
      "location-after-char-end": 0,
      "node-str": "org.eclipse.ui.internal.PartTabFolder"
    },
    {
      "type": "insert-node",
      "node": {
        "label": "bounds",
        "type": "VariableRead"
      },
      "location-after-char-start": 32590,
      "location-after-char-end": 32602,
      "node-str": "bounds"
    },
    {
      "type": "move-subtree",
      "node": {
        "label": "org.eclipse.ui.internal.PartTabFolder",
        "type": "TypeAccess"
      },
      "location-before-char-start": 0,
      "location-before-char-end": 0,
      "location-after-char-start": 0,
      "location-after-char-end": 0,
      "node-str": "org.eclipse.ui.internal.PartTabFolder"
    },
    {
      "type": "insert-node",
      "node": {
        "label": "viewState",
        "type": "FieldRead"
      },
      "location-after-char-start": 33310,
      "location-after-char-end": 33318,
      "node-str": "viewState"
    },
    {
      "type": "insert-node",
      "node": {
        "label": "STATE_MINIMIZED",
        "type": "FieldRead"
      },
      "location-after-char-start": 33323,
      "location-after-char-end": 33337,
      "node-str": "STATE_MINIMIZED"
    },
    {
      "type": "update-node",
      "node": {
        "label": "minimizedState",
        "type": "FieldRead"
      },
      "location-before-char-start": 3222,
      "location-before-char-end": 3235,
      "location-after-char-start": 33365,
      "location-after-char-end": 33373,
      "node-str": "viewState"
    },
    {
      "type": "move-subtree",
      "node": {
        "label": "minimizedState",
        "type": "FieldRead"
      },
      "location-before-char-start": 3222,
      "location-before-char-end": 3235,
      "location-after-char-start": 33365,
      "location-after-char-end": 33373,
      "node-str": "viewState"
    },
    {
      "type": "insert-node",
      "node": {
        "label": "STATE_MAXIMIZED",
        "type": "FieldRead"
      },
      "location-after-char-start": 33378,
      "location-after-char-end": 33392,
      "node-str": "STATE_MAXIMIZED"
    },
    {
      "type": "move-subtree",
      "node": {
        "label": "org.eclipse.ui.internal.PartTabFolder",
        "type": "TypeAccess"
      },
      "location-before-char-start": 0,
      "location-before-char-end": 0,
      "location-after-char-start": 0,
      "location-after-char-end": 0,
      "node-str": "org.eclipse.ui.internal.PartTabFolder"
    },
    {
      "type": "insert-node",
      "node": {
        "label": "org.eclipse.ui.internal.PartTabFolder",
        "type": "TypeAccess"
      },
      "location-after-char-start": 0,
      "location-after-char-end": 0,
      "node-str": "org.eclipse.ui.internal.PartTabFolder"
    },
    {
      "type": "insert-node",
      "node": {
        "label": "viewState",
        "type": "FieldRead"
      },
      "location-after-char-start": 14800,
      "location-after-char-end": 14808,
      "node-str": "viewState"
    },
    {
      "type": "insert-node",
      "node": {
        "label": "STATE_MAXIMIZED",
        "type": "FieldRead"
      },
      "location-after-char-start": 14813,
      "location-after-char-end": 14827,
      "node-str": "STATE_MAXIMIZED"
    },
    {
      "type": "insert-node",
      "node": {
        "label": "org.eclipse.ui.internal.PartTabFolder",
        "type": "TypeAccess"
      },
      "location-after-char-start": 0,
      "location-after-char-end": 0,
      "node-str": "org.eclipse.ui.internal.PartTabFolder"
    },
    {
      "type": "insert-node",
      "node": {
        "label": "org.eclipse.jface.util.Assert",
        "type": "TypeAccess"
      },
      "location-after-char-start": 14921,
      "location-after-char-end": 14926,
      "node-str": "org.eclipse.jface.util.Assert"
    },
    {
      "type": "insert-node",
      "node": {
        "label": "EQ",
        "type": "BinaryOperator"
      },
      "location-after-char-start": 14935,
      "location-after-char-end": 14974,
      "node-str": "EQ"
    },
    {
      "type": "insert-node",
      "node": {
        "label": "current",
        "type": "FieldRead"
      },
      "location-after-char-start": 31591,
      "location-after-char-end": 31597,
      "node-str": "current"
    },
    {
      "type": "insert-node",
      "node": {
        "label": "null",
        "type": "Literal"
      },
      "location-after-char-start": 31602,
      "location-after-char-end": 31605,
      "node-str": "null"
    },
    {
      "type": "insert-node",
      "node": {
        "label": "viewState",
        "type": "FieldRead"
      },
      "location-after-char-start": 31610,
      "location-after-char-end": 31618,
      "node-str": "viewState"
    },
    {
      "type": "insert-node",
      "node": {
        "label": "STATE_MAXIMIZED",
        "type": "FieldRead"
      },
      "location-after-char-start": 31623,
      "location-after-char-end": 31637,
      "node-str": "STATE_MAXIMIZED"
    },
    {
      "type": "insert-node",
      "node": {
        "label": "org.eclipse.ui.internal.WorkbenchPage",
        "type": "VARIABLE_TYPE"
      },
      "location-after-char-start": 0,
      "location-after-char-end": 0,
      "node-str": "org.eclipse.ui.internal.WorkbenchPage"
    },
    {
      "type": "insert-node",
      "node": {
        "label": "getPage",
        "type": "Invocation"
      },
      "location-after-char-start": 31667,
      "location-after-char-end": 31696,
      "node-str": "getPage"
    },
    {
      "type": "insert-node",
      "node": {
        "label": "org.eclipse.ui.internal.PartTabFolder",
        "type": "TypeAccess"
      },
      "location-after-char-start": 0,
      "location-after-char-end": 0,
      "node-str": "org.eclipse.ui.internal.PartTabFolder"
    },
    {
      "type": "move-subtree",
      "node": {
        "label": "org.eclipse.ui.internal.PartTabFolder",
        "type": "TypeAccess"
      },
      "location-before-char-start": 0,
      "location-before-char-end": 0,
      "location-after-char-start": 0,
      "location-after-char-end": 0,
      "node-str": "org.eclipse.ui.internal.PartTabFolder"
    },
    {
      "type": "insert-node",
      "node": {
        "label": "EQ",
        "type": "BinaryOperator"
      },
      "location-after-char-start": 32354,
      "location-after-char-end": 32380,
      "node-str": "EQ"
    },
    {
      "type": "insert-node",
      "node": {
        "label": "THEN",
        "type": "then"
      },
      "location-after-char-start": 32383,
      "location-after-char-end": 32409,
      "node-str": "THEN"
    },
    {
      "type": "insert-node",
      "node": {
        "label": "org.eclipse.ui.internal.PartTabFolder",
        "type": "TypeAccess"
      },
      "location-after-char-start": 0,
      "location-after-char-end": 0,
      "node-str": "org.eclipse.ui.internal.PartTabFolder"
    },
    {
      "type": "insert-node",
      "node": {
        "label": "org.eclipse.ui.internal.PartTabFolder",
        "type": "TypeAccess"
      },
      "location-after-char-start": 0,
      "location-after-char-end": 0,
      "node-str": "org.eclipse.ui.internal.PartTabFolder"
    },
    {
      "type": "insert-node",
      "node": {
        "label": "NOT",
        "type": "UnaryOperator"
      },
      "location-after-char-start": 33529,
      "location-after-char-end": 33538,
      "node-str": "NOT"
    },
    {
      "type": "insert-node",
      "node": {
        "label": "THEN",
        "type": "then"
      },
      "location-after-char-start": 4127,
      "location-after-char-end": 4247,
      "node-str": "THEN"
    },
    {
      "type": "insert-node",
      "node": {
        "label": "org.eclipse.ui.internal.PartTabFolder",
        "type": "TypeAccess"
      },
      "location-after-char-start": 0,
      "location-after-char-end": 0,
      "node-str": "org.eclipse.ui.internal.PartTabFolder"
    },
    {
      "type": "insert-node",
      "node": {
        "label": "height",
        "type": "FieldRead"
      },
      "location-after-char-start": 14935,
      "location-after-char-end": 14952,
      "node-str": "height"
    },
    {
      "type": "insert-node",
      "node": {
        "label": "getMinimumHeight",
        "type": "Invocation"
      },
      "location-after-char-start": 14957,
      "location-after-char-end": 14974,
      "node-str": "getMinimumHeight"
    },
    {
      "type": "insert-node",
      "node": {
        "label": "org.eclipse.ui.internal.PartTabFolder",
        "type": "TypeAccess"
      },
      "location-after-char-start": 0,
      "location-after-char-end": 0,
      "node-str": "org.eclipse.ui.internal.PartTabFolder"
    },
    {
      "type": "insert-node",
      "node": {
        "label": "org.eclipse.ui.internal.PartTabFolder",
        "type": "TypeAccess"
      },
      "location-after-char-start": 0,
      "location-after-char-end": 0,
      "node-str": "org.eclipse.ui.internal.PartTabFolder"
    },
    {
      "type": "insert-node",
      "node": {
        "label": "current",
        "type": "FieldRead"
      },
      "location-after-char-start": 31667,
      "location-after-char-end": 31686,
      "node-str": "current"
    },
    {
      "type": "insert-node",
      "node": {
        "label": "setState",
        "type": "Invocation"
      },
      "location-after-char-start": 31732,
      "location-after-char-end": 31756,
      "node-str": "setState"
    },
    {
      "type": "insert-node",
      "node": {
        "label": "oldState",
        "type": "VariableRead"
      },
      "location-after-char-start": 32354,
      "location-after-char-end": 32361,
      "node-str": "oldState"
    },
    {
      "type": "insert-node",
      "node": {
        "label": "STATE_MINIMIZED",
        "type": "FieldRead"
      },
      "location-after-char-start": 32366,
      "location-after-char-end": 32380,
      "node-str": "STATE_MINIMIZED"
    },
    {
      "type": "update-node",
      "node": {
        "label": "get",
        "type": "Invocation"
      },
      "location-before-char-start": 3381,
      "location-before-char-end": 3400,
      "location-after-char-start": 32390,
      "location-after-char-end": 32403,
      "node-str": "forceLayout"
    },
    {
      "type": "move-subtree",
      "node": {
        "label": "get",
        "type": "Invocation"
      },
      "location-before-char-start": 3381,
      "location-before-char-end": 3400,
      "location-after-char-start": 32390,
      "location-after-char-end": 32403,
      "node-str": "forceLayout"
    },
    {
      "type": "update-node",
      "node": {
        "label": "expanded",
        "type": "VariableRead"
      },
      "location-before-char-start": 3433,
      "location-before-char-end": 3440,
      "location-after-char-start": 33530,
      "location-after-char-end": 33538,
      "node-str": "minimized"
    },
    {
      "type": "move-subtree",
      "node": {
        "label": "expanded",
        "type": "VariableRead"
      },
      "location-before-char-start": 3433,
      "location-before-char-end": 3440,
      "location-after-char-start": 33530,
      "location-after-char-end": 33538,
      "node-str": "minimized"
    },
    {
      "type": "insert-node",
      "node": {
        "label": "if",
        "type": "If"
      },
      "location-after-char-start": 4134,
      "location-after-char-end": 4241,
      "node-str": "if"
    },
    {
      "type": "insert-node",
      "node": {
        "label": "getBounds",
        "type": "Invocation"
      },
      "location-after-char-start": 14935,
      "location-after-char-end": 14945,
      "node-str": "getBounds"
    },
    {
      "type": "insert-node",
      "node": {
        "label": "org.eclipse.ui.internal.PartTabFolder",
        "type": "TypeAccess"
      },
      "location-after-char-start": 0,
      "location-after-char-end": 0,
      "node-str": "org.eclipse.ui.internal.PartTabFolder"
    },
    {
      "type": "insert-node",
      "node": {
        "label": "org.eclipse.ui.internal.PartTabFolder",
        "type": "TypeAccess"
      },
      "location-after-char-start": 0,
      "location-after-char-end": 0,
      "node-str": "org.eclipse.ui.internal.PartTabFolder"
    },
    {
      "type": "move-subtree",
      "node": {
        "label": "org.eclipse.ui.internal.PartTabFolder",
        "type": "TypeAccess"
      },
      "location-before-char-start": 5014,
      "location-before-char-end": 5026,
      "location-after-char-start": 0,
      "location-after-char-end": 0,
      "node-str": "org.eclipse.ui.internal.PartTabFolder"
    },
    {
      "type": "insert-node",
      "node": {
        "label": "STATE_RESTORED",
        "type": "FieldRead"
      },
      "location-after-char-start": 31741,
      "location-after-char-end": 31754,
      "node-str": "STATE_RESTORED"
    },
    {
      "type": "move-subtree",
      "node": {
        "label": "org.eclipse.ui.internal.PartTabFolder",
        "type": "TypeAccess"
      },
      "location-before-char-start": 0,
      "location-before-char-end": 0,
      "location-after-char-start": 0,
      "location-after-char-end": 0,
      "node-str": "org.eclipse.ui.internal.PartTabFolder"
    },
    {
      "type": "insert-node",
      "node": {
        "label": "isZoomed",
        "type": "Invocation"
      },
      "location-after-char-start": 4138,
      "location-after-char-end": 4152,
      "node-str": "isZoomed"
    },
    {
      "type": "insert-node",
      "node": {
        "label": "THEN",
        "type": "then"
      },
      "location-after-char-start": 4155,
      "location-after-char-end": 4194,
      "node-str": "THEN"
    },
    {
      "type": "insert-node",
      "node": {
        "label": "ELSE",
        "type": "else"
      },
      "location-after-char-start": 4201,
      "location-after-char-end": 4241,
      "node-str": "ELSE"
    },
    {
      "type": "insert-node",
      "node": {
        "label": "org.eclipse.ui.internal.PartTabFolder",
        "type": "TypeAccess"
      },
      "location-after-char-start": 0,
      "location-after-char-end": 0,
      "node-str": "org.eclipse.ui.internal.PartTabFolder"
    },
    {
      "type": "move-subtree",
      "node": {
        "label": "page",
        "type": "VariableRead"
      },
      "location-before-char-start": 4986,
      "location-before-char-end": 4989,
      "location-after-char-start": 4138,
      "location-after-char-end": 4141,
      "node-str": "page"
    },
    {
      "type": "insert-node",
      "node": {
        "label": "setState",
        "type": "Invocation"
      },
      "location-after-char-start": 4163,
      "location-after-char-end": 4187,
      "node-str": "setState"
    },
    {
      "type": "update-node",
      "node": {
        "label": "toggleZoom",
        "type": "Invocation"
      },
      "location-before-char-start": 4986,
      "location-before-char-end": 5056,
      "location-after-char-start": 4209,
      "location-after-char-end": 4234,
      "node-str": "setState"
    },
    {
      "type": "move-subtree",
      "node": {
        "label": "toggleZoom",
        "type": "Invocation"
      },
      "location-before-char-start": 4986,
      "location-before-char-end": 5056,
      "location-after-char-start": 4209,
      "location-after-char-end": 4234,
      "node-str": "setState"
    },
    {
      "type": "insert-node",
      "node": {
        "label": "org.eclipse.ui.internal.PartTabFolder$3",
        "type": "TypeAccess"
      },
      "location-after-char-start": 0,
      "location-after-char-end": 0,
      "node-str": "org.eclipse.ui.internal.PartTabFolder$3"
    },
    {
      "type": "insert-node",
      "node": {
        "label": "STATE_RESTORED",
        "type": "FieldRead"
      },
      "location-after-char-start": 4172,
      "location-after-char-end": 4185,
      "node-str": "STATE_RESTORED"
    },
    {
      "type": "insert-node",
      "node": {
        "label": "org.eclipse.ui.internal.PartTabFolder$3",
        "type": "TypeAccess"
      },
      "location-after-char-start": 0,
      "location-after-char-end": 0,
      "node-str": "org.eclipse.ui.internal.PartTabFolder$3"
    },
    {
      "type": "insert-node",
      "node": {
        "label": "STATE_MAXIMIZED",
        "type": "FieldRead"
      },
      "location-after-char-start": 4218,
      "location-after-char-end": 4232,
      "node-str": "STATE_MAXIMIZED"
    },
    {
      "type": "delete-node",
      "node": {
        "label": "org.eclipse.ui.internal.BooleanModel",
        "type": "VARIABLE_TYPE"
      },
      "location-before-char-start": 0,
      "location-before-char-end": 0,
      "node-str": "org.eclipse.ui.internal.BooleanModel"
    },
    {
      "type": "delete-node",
      "node": {
        "label": "false",
        "type": "Literal"
      },
      "location-before-char-start": 2750,
      "location-before-char-end": 2754,
      "node-str": "false"
    },
    {
      "type": "delete-node",
      "node": {
        "label": "org.eclipse.ui.internal.BooleanModel(boolean)",
        "type": "ConstructorCall"
      },
      "location-before-char-start": 2733,
      "location-before-char-end": 2755,
      "node-str": "org.eclipse.ui.internal.BooleanModel(boolean)"
    },
    {
      "type": "delete-node",
      "node": {
        "label": "minimizedState",
        "type": "Field"
      },
      "location-before-char-start": 2695,
      "location-before-char-end": 2756,
      "node-str": "minimizedState"
    },
    {
      "type": "delete-node",
      "node": {
        "label": "minimizedState",
        "type": "FieldRead"
      },
      "location-before-char-start": 3669,
      "location-before-char-end": 3682,
      "node-str": "minimizedState"
    },
    {
      "type": "delete-node",
      "node": {
        "label": "true",
        "type": "Literal"
      },
      "location-before-char-start": 3688,
      "location-before-char-end": 3691,
      "node-str": "true"
    },
    {
      "type": "delete-node",
      "node": {
        "label": "set",
        "type": "Invocation"
      },
      "location-before-char-start": 3669,
      "location-before-char-end": 3693,
      "node-str": "set"
    },
    {
      "type": "delete-node",
      "node": {
        "label": "event",
        "type": "VariableWrite"
      },
      "location-before-char-start": 3732,
      "location-before-char-end": 3741,
      "node-str": "event"
    },
    {
      "type": "delete-node",
      "node": {
        "label": "doit",
        "type": "FieldWrite"
      },
      "location-before-char-start": 3732,
      "location-before-char-end": 3741,
      "node-str": "doit"
    },
    {
      "type": "delete-node",
      "node": {
        "label": "false",
        "type": "Literal"
      },
      "location-before-char-start": 3745,
      "location-before-char-end": 3749,
      "node-str": "false"
    },
    {
      "type": "delete-node",
      "node": {
        "label": "\u003d",
        "type": "Assignment"
      },
      "location-before-char-start": 3732,
      "location-before-char-end": 3750,
      "node-str": "\u003d"
    },
    {
      "type": "delete-node",
      "node": {
        "label": "1",
        "type": "Class"
      },
      "location-before-char-start": 3094,
      "location-before-char-end": 3460,
      "node-str": "1"
    },
    {
      "type": "delete-node",
      "node": {
        "label": "org.eclipse.ui.internal.IChangeListener()",
        "type": "NewClass"
      },
      "location-before-char-start": 3072,
      "location-before-char-end": 3460,
      "node-str": "org.eclipse.ui.internal.IChangeListener()"
    },
    {
      "type": "delete-node",
      "node": {
        "label": "minimizeListener",
        "type": "Field"
      },
      "location-before-char-start": 2957,
      "location-before-char-end": 3461,
      "node-str": "minimizeListener"
    },
    {
      "type": "delete-node",
      "node": {
        "label": "org.eclipse.ui.internal.PartTabFolder",
        "type": "TypeAccess"
      },
      "location-before-char-start": 0,
      "location-before-char-end": 0,
      "node-str": "org.eclipse.ui.internal.PartTabFolder"
    },
    {
      "type": "delete-node",
      "node": {
        "label": "tabFolder",
        "type": "FieldRead"
      },
      "location-before-char-start": 4025,
      "location-before-char-end": 4033,
      "node-str": "tabFolder"
    },
    {
      "type": "delete-node",
      "node": {
        "label": "true",
        "type": "Literal"
      },
      "location-before-char-start": 4048,
      "location-before-char-end": 4051,
      "node-str": "true"
    },
    {
      "type": "delete-node",
      "node": {
        "label": "setMaximized",
        "type": "Invocation"
      },
      "location-before-char-start": 4025,
      "location-before-char-end": 4053,
      "node-str": "setMaximized"
    },
    {
      "type": "delete-node",
      "node": {
        "label": "maximize",
        "type": "Method"
      },
      "location-before-char-start": 3946,
      "location-before-char-end": 4095,
      "node-str": "maximize"
    },
    {
      "type": "delete-node",
      "node": {
        "label": "2",
        "type": "Class"
      },
      "location-before-char-start": 3613,
      "location-before-char-end": 4492,
      "node-str": "2"
    },
    {
      "type": "delete-node",
      "node": {
        "label": "org.eclipse.swt.custom.CTabFolderMinMaxAdapter()",
        "type": "NewClass"
      },
      "location-before-char-start": 3583,
      "location-before-char-end": 4492,
      "node-str": "org.eclipse.swt.custom.CTabFolderMinMaxAdapter()"
    },
    {
      "type": "delete-node",
      "node": {
        "label": "expandListener",
        "type": "Field"
      },
      "location-before-char-start": 3466,
      "location-before-char-end": 4493,
      "node-str": "expandListener"
    },
    {
      "type": "delete-node",
      "node": {
        "label": "this",
        "type": "ThisAccess"
      },
      "location-before-char-start": 5014,
      "location-before-char-end": 5031,
      "node-str": "this"
    },
    {
      "type": "delete-node",
      "node": {
        "label": "current",
        "type": "FieldRead"
      },
      "location-before-char-start": 5002,
      "location-before-char-end": 5040,
      "node-str": "current"
    },
    {
      "type": "delete-node",
      "node": {
        "label": "partReference",
        "type": "FieldRead"
      },
      "location-before-char-start": 5002,
      "location-before-char-end": 5054,
      "node-str": "partReference"
    },
    {
      "type": "delete-node",
      "node": {
        "label": "minimizedState",
        "type": "FieldRead"
      },
      "location-before-char-start": 3995,
      "location-before-char-end": 4008,
      "node-str": "minimizedState"
    },
    {
      "type": "delete-node",
      "node": {
        "label": "false",
        "type": "Literal"
      },
      "location-before-char-start": 4014,
      "location-before-char-end": 4018,
      "node-str": "false"
    },
    {
      "type": "delete-node",
      "node": {
        "label": "THEN",
        "type": "then"
      },
      "location-before-char-start": 12225,
      "location-before-char-end": 12260,
      "node-str": "THEN"
    },
    {
      "type": "delete-node",
      "node": {
        "label": "if",
        "type": "If"
      },
      "location-before-char-start": 12197,
      "location-before-char-end": 12260,
      "node-str": "if"
    },
    {
      "type": "delete-node",
      "node": {
        "label": "minimizedState",
        "type": "FieldRead"
      },
      "location-before-char-start": 13216,
      "location-before-char-end": 13229,
      "node-str": "minimizedState"
    },
    {
      "type": "delete-node",
      "node": {
        "label": "false",
        "type": "Literal"
      },
      "location-before-char-start": 3310,
      "location-before-char-end": 3314,
      "node-str": "false"
    },
    {
      "type": "delete-node",
      "node": {
        "label": "THEN",
        "type": "then"
      },
      "location-before-char-start": 14304,
      "location-before-char-end": 14332,
      "node-str": "THEN"
    },
    {
      "type": "delete-node",
      "node": {
        "label": "container",
        "type": "FieldRead"
      },
      "location-before-char-start": 31768,
      "location-before-char-end": 31776,
      "node-str": "container"
    },
    {
      "type": "delete-node",
      "node": {
        "label": "result",
        "type": "VariableRead"
      },
      "location-before-char-start": 14763,
      "location-before-char-end": 14775,
      "node-str": "result"
    },
    {
      "type": "delete-node",
      "node": {
        "label": "height",
        "type": "FieldRead"
      },
      "location-before-char-start": 14763,
      "location-before-char-end": 14775,
      "node-str": "height"
    },
    {
      "type": "delete-node",
      "node": {
        "label": "minHeight",
        "type": "VariableRead"
      },
      "location-before-char-start": 14779,
      "location-before-char-end": 14787,
      "node-str": "minHeight"
    },
    {
      "type": "delete-node",
      "node": {
        "label": "LT",
        "type": "BinaryOperator"
      },
      "location-before-char-start": 14763,
      "location-before-char-end": 14787,
      "node-str": "LT"
    },
    {
      "type": "delete-node",
      "node": {
        "label": "result",
        "type": "VariableWrite"
      },
      "location-before-char-start": 14795,
      "location-before-char-end": 14807,
      "node-str": "result"
    },
    {
      "type": "delete-node",
      "node": {
        "label": "height",
        "type": "FieldWrite"
      },
      "location-before-char-start": 14795,
      "location-before-char-end": 14807,
      "node-str": "height"
    },
    {
      "type": "delete-node",
      "node": {
        "label": "minHeight",
        "type": "VariableRead"
      },
      "location-before-char-start": 14811,
      "location-before-char-end": 14819,
      "node-str": "minHeight"
    },
    {
      "type": "delete-node",
      "node": {
        "label": "\u003d",
        "type": "Assignment"
      },
      "location-before-char-start": 14795,
      "location-before-char-end": 14820,
      "node-str": "\u003d"
    },
    {
      "type": "delete-node",
      "node": {
        "label": "THEN",
        "type": "then"
      },
      "location-before-char-start": 14790,
      "location-before-char-end": 14824,
      "node-str": "THEN"
    },
    {
      "type": "delete-node",
      "node": {
        "label": "if",
        "type": "If"
      },
      "location-before-char-start": 14759,
      "location-before-char-end": 14824,
      "node-str": "if"
    },
    {
      "type": "delete-node",
      "node": {
        "label": "true",
        "type": "Literal"
      },
      "location-before-char-start": 4967,
      "location-before-char-end": 4970,
      "node-str": "true"
    },
    {
      "type": "delete-node",
      "node": {
        "label": "false",
        "type": "Literal"
      },
      "location-before-char-start": 3864,
      "location-before-char-end": 3868,
      "node-str": "false"
    },
    {
      "type": "delete-node",
      "node": {
        "label": "minimizedState",
        "type": "FieldRead"
      },
      "location-before-char-start": 3258,
      "location-before-char-end": 3271,
      "node-str": "minimizedState"
    },
    {
      "type": "delete-node",
      "node": {
        "label": "minimizedState",
        "type": "FieldRead"
      },
      "location-before-char-start": 25232,
      "location-before-char-end": 25245,
      "node-str": "minimizedState"
    },
    {
      "type": "delete-node",
      "node": {
        "label": "get",
        "type": "Invocation"
      },
      "location-before-char-start": 27283,
      "location-before-char-end": 27302,
      "node-str": "get"
    },
    {
      "type": "delete-node",
      "node": {
        "label": "get",
        "type": "Invocation"
      },
      "location-before-char-start": 27829,
      "location-before-char-end": 27848,
      "node-str": "get"
    },
    {
      "type": "delete-node",
      "node": {
        "label": "false",
        "type": "Literal"
      },
      "location-before-char-start": 32139,
      "location-before-char-end": 32143,
      "node-str": "false"
    },
    {
      "type": "delete-node",
      "node": {
        "label": "false",
        "type": "Literal"
      },
      "location-before-char-start": 32179,
      "location-before-char-end": 32183,
      "node-str": "false"
    },
    {
      "type": "delete-node",
      "node": {
        "label": "minimizedState",
        "type": "FieldRead"
      },
      "location-before-char-start": 3879,
      "location-before-char-end": 3892,
      "node-str": "minimizedState"
    },
    {
      "type": "delete-node",
      "node": {
        "label": "false",
        "type": "Literal"
      },
      "location-before-char-start": 3898,
      "location-before-char-end": 3902,
      "node-str": "false"
    },
    {
      "type": "delete-node",
      "node": {
        "label": "minimizeListener",
        "type": "FieldRead"
      },
      "location-before-char-start": 32088,
      "location-before-char-end": 32103,
      "node-str": "minimizeListener"
    },
    {
      "type": "delete-node",
      "node": {
        "label": "minimizedState",
        "type": "FieldRead"
      },
      "location-before-char-start": 3381,
      "location-before-char-end": 3394,
      "node-str": "minimizedState"
    },
    {
      "type": "delete-node",
      "node": {
        "label": "false",
        "type": "Literal"
      },
      "location-before-char-start": 3721,
      "location-before-char-end": 3725,
      "node-str": "false"
    },
    {
      "type": "delete-node",
      "node": {
        "label": "minimizedState",
        "type": "FieldRead"
      },
      "location-before-char-start": 31850,
      "location-before-char-end": 31863,
      "node-str": "minimizedState"
    },
    {
      "type": "delete-node",
      "node": {
        "label": "minimizeListener",
        "type": "FieldRead"
      },
      "location-before-char-start": 31883,
      "location-before-char-end": 31898,
      "node-str": "minimizeListener"
    },
    {
      "type": "delete-node",
      "node": {
        "label": "true",
        "type": "Literal"
      },
      "location-before-char-start": 31973,
      "location-before-char-end": 31976,
      "node-str": "true"
    },
    {
      "type": "delete-node",
      "node": {
        "label": "true",
        "type": "Literal"
      },
      "location-before-char-start": 12251,
      "location-before-char-end": 12254,
      "node-str": "true"
    },
    {
      "type": "delete-node",
      "node": {
        "label": "public",
        "type": "Modifier"
      },
      "location-before-char-start": 0,
      "location-before-char-end": 0,
      "node-str": "public"
    },
    {
      "type": "delete-node",
      "node": {
        "label": "org.eclipse.ui.internal.PartTabFolder$2",
        "type": "TypeAccess"
      },
      "location-before-char-start": 0,
      "location-before-char-end": 0,
      "node-str": "org.eclipse.ui.internal.PartTabFolder$2"
    },
    {
      "type": "delete-node",
      "node": {
        "label": "getMinimumWidth",
        "type": "Invocation"
      },
      "location-before-char-start": 4164,
      "location-before-char-end": 4180,
      "node-str": "getMinimumWidth"
    },
    {
      "type": "delete-node",
      "node": {
        "label": "org.eclipse.ui.internal.PartTabFolder$2",
        "type": "TypeAccess"
      },
      "location-before-char-start": 0,
      "location-before-char-end": 0,
      "node-str": "org.eclipse.ui.internal.PartTabFolder$2"
    },
    {
      "type": "delete-node",
      "node": {
        "label": "getMinimumHeight",
        "type": "Invocation"
      },
      "location-before-char-start": 4183,
      "location-before-char-end": 4200,
      "node-str": "getMinimumHeight"
    },
    {
      "type": "delete-node",
      "node": {
        "label": "setSize",
        "type": "Invocation"
      },
      "location-before-char-start": 4146,
      "location-before-char-end": 4202,
      "node-str": "setSize"
    },
    {
      "type": "delete-node",
      "node": {
        "label": "true",
        "type": "Literal"
      },
      "location-before-char-start": 31934,
      "location-before-char-end": 31937,
      "node-str": "true"
    },
    {
      "type": "delete-node",
      "node": {
        "label": "if",
        "type": "If"
      },
      "location-before-char-start": 3254,
      "location-before-char-end": 3322,
      "node-str": "if"
    },
    {
      "type": "delete-node",
      "node": {
        "label": "NOT",
        "type": "UnaryOperator"
      },
      "location-before-char-start": 3380,
      "location-before-char-end": 3400,
      "node-str": "NOT"
    },
    {
      "type": "delete-node",
      "node": {
        "label": "expanded",
        "type": "LocalVariable"
      },
      "location-before-char-start": 3361,
      "location-before-char-end": 3401,
      "node-str": "expanded"
    },
    {
      "type": "delete-node",
      "node": {
        "label": "THEN",
        "type": "then"
      },
      "location-before-char-start": 31787,
      "location-before-char-end": 31982,
      "node-str": "THEN"
    },
    {
      "type": "delete-node",
      "node": {
        "label": "org.eclipse.ui.internal.PartTabFolder",
        "type": "TypeAccess"
      },
      "location-before-char-start": 0,
      "location-before-char-end": 0,
      "node-str": "org.eclipse.ui.internal.PartTabFolder"
    },
    {
      "type": "delete-node",
      "node": {
        "label": "tabFolder",
        "type": "FieldRead"
      },
      "location-before-char-start": 31994,
      "location-before-char-end": 32002,
      "node-str": "tabFolder"
    },
    {
      "type": "delete-node",
      "node": {
        "label": "org.eclipse.ui.internal.PartTabFolder",
        "type": "TypeAccess"
      },
      "location-before-char-start": 0,
      "location-before-char-end": 0,
      "node-str": "org.eclipse.ui.internal.PartTabFolder"
    },
    {
      "type": "delete-node",
      "node": {
        "label": "expandListener",
        "type": "FieldRead"
      },
      "location-before-char-start": 32032,
      "location-before-char-end": 32045,
      "node-str": "expandListener"
    },
    {
      "type": "delete-node",
      "node": {
        "label": "addCTabFolderMinMaxListener",
        "type": "Invocation"
      },
      "location-before-char-start": 31994,
      "location-before-char-end": 32047,
      "node-str": "addCTabFolderMinMaxListener"
    },
    {
      "type": "delete-node",
      "node": {
        "label": "ELSE",
        "type": "else"
      },
      "location-before-char-start": 31989,
      "location-before-char-end": 32189,
      "node-str": "ELSE"
    },
    {
      "type": "delete-node",
      "node": {
        "label": "if",
        "type": "If"
      },
      "location-before-char-start": 31764,
      "location-before-char-end": 32189,
      "node-str": "if"
    },
    {
      "type": "delete-node",
      "node": {
        "label": "attachExpandListener",
        "type": "Method"
      },
      "location-before-char-start": 31692,
      "location-before-char-end": 32192,
      "node-str": "attachExpandListener"
    }
  ],
  "before-file": {},
  "after-file": {},
  "mapping": {}
}