{
  "tool-info": {},
  "diff": [
    {
      "type": "insert-node",
      "node": {
        "label": "public",
        "type": "Modifier"
      },
      "location-after-char-start": 0,
      "location-after-char-end": 0,
      "node-str": "public"
    },
    {
      "type": "insert-node",
      "node": {
        "label": "defaultRMI",
        "type": "Field"
      },
      "location-after-char-start": 1898,
      "location-after-char-end": 1974,
      "node-str": "defaultRMI"
    },
    {
      "type": "insert-node",
      "node": {
        "label": "threadCtx",
        "type": "Field"
      },
      "location-after-char-start": 1981,
      "location-after-char-end": 2097,
      "node-str": "threadCtx"
    },
    {
      "type": "insert-node",
      "node": {
        "label": "java.lang.String",
        "type": "VARIABLE_TYPE"
      },
      "location-after-char-start": 0,
      "location-after-char-end": 0,
      "node-str": "java.lang.String"
    },
    {
      "type": "insert-node",
      "node": {
        "label": "static",
        "type": "Modifier"
      },
      "location-after-char-start": 0,
      "location-after-char-end": 0,
      "node-str": "static"
    },
    {
      "type": "insert-node",
      "node": {
        "label": "java.lang.InheritableThreadLocal",
        "type": "VARIABLE_TYPE"
      },
      "location-after-char-start": 0,
      "location-after-char-end": 0,
      "node-str": "java.lang.InheritableThreadLocal"
    },
    {
      "type": "insert-node",
      "node": {
        "label": "static",
        "type": "Modifier"
      },
      "location-after-char-start": 0,
      "location-after-char-end": 0,
      "node-str": "static"
    },
    {
      "type": "delete-node",
      "node": {
        "label": "public",
        "type": "Modifier"
      },
      "location-before-char-start": 0,
      "location-before-char-end": 0,
      "node-str": "public"
    },
    {
      "type": "delete-node",
      "node": {
        "label": "java.lang.String",
        "type": "VARIABLE_TYPE"
      },
      "location-before-char-start": 0,
      "location-before-char-end": 0,
      "node-str": "java.lang.String"
    },
    {
      "type": "delete-node",
      "node": {
        "label": "static",
        "type": "Modifier"
      },
      "location-before-char-start": 0,
      "location-before-char-end": 0,
      "node-str": "static"
    },
    {
      "type": "delete-node",
      "node": {
        "label": "defaultRMI",
        "type": "Field"
      },
      "location-before-char-start": 1984,
      "location-before-char-end": 2060,
      "node-str": "defaultRMI"
    },
    {
      "type": "delete-node",
      "node": {
        "label": "java.lang.InheritableThreadLocal",
        "type": "VARIABLE_TYPE"
      },
      "location-before-char-start": 0,
      "location-before-char-end": 0,
      "node-str": "java.lang.InheritableThreadLocal"
    },
    {
      "type": "delete-node",
      "node": {
        "label": "static",
        "type": "Modifier"
      },
      "location-before-char-start": 0,
      "location-before-char-end": 0,
      "node-str": "static"
    },
    {
      "type": "delete-node",
      "node": {
        "label": "threadCtx",
        "type": "Field"
      },
      "location-before-char-start": 2067,
      "location-before-char-end": 2183,
      "node-str": "threadCtx"
    },
    {
      "type": "delete-node",
      "node": {
        "label": "int",
        "type": "VARIABLE_TYPE"
      },
      "location-before-char-start": 0,
      "location-before-char-end": 0,
      "node-str": "int"
    },
    {
      "type": "delete-node",
      "node": {
        "label": "allRMIConfiguration",
        "type": "VariableRead"
      },
      "location-before-char-start": 2773,
      "location-before-char-end": 2791,
      "node-str": "allRMIConfiguration"
    },
    {
      "type": "delete-node",
      "node": {
        "label": "size",
        "type": "Invocation"
      },
      "location-before-char-start": 2773,
      "location-before-char-end": 2798,
      "node-str": "size"
    },
    {
      "type": "delete-node",
      "node": {
        "label": "nbProtocol",
        "type": "LocalVariable"
      },
      "location-before-char-start": 2756,
      "location-before-char-end": 2799,
      "node-str": "nbProtocol"
    }
  ],
  "before-file": {},
  "after-file": {},
  "mapping": {}
}