{
  "tool-info": {},
  "diff": [
    {
      "type": "insert-node",
      "node": {
        "label": "Request",
        "type": "Class"
      },
      "location-after-char-start": 460,
      "location-after-char-end": 5472,
      "node-str": "Request"
    },
    {
      "type": "insert-node",
      "node": {
        "label": "abstract",
        "type": "Modifier"
      },
      "location-after-char-start": 0,
      "location-after-char-end": 0,
      "node-str": "abstract"
    },
    {
      "type": "insert-node",
      "node": {
        "label": "public",
        "type": "Modifier"
      },
      "location-after-char-start": 0,
      "location-after-char-end": 0,
      "node-str": "public"
    },
    {
      "type": "move-subtree",
      "node": {
        "label": "method",
        "type": "Method"
      },
      "location-before-char-start": 1436,
      "location-before-char-end": 1984,
      "location-after-char-start": 1282,
      "location-after-char-end": 1830,
      "node-str": "method"
    },
    {
      "type": "insert-node",
      "node": {
        "label": "aClass",
        "type": "Method"
      },
      "location-after-char-start": 1834,
      "location-after-char-end": 2226,
      "node-str": "aClass"
    },
    {
      "type": "move-subtree",
      "node": {
        "label": "classWithoutSuiteMethod",
        "type": "Method"
      },
      "location-before-char-start": 3145,
      "location-before-char-end": 3543,
      "location-after-char-start": 2230,
      "location-after-char-end": 2628,
      "node-str": "classWithoutSuiteMethod"
    },
    {
      "type": "move-subtree",
      "node": {
        "label": "classes",
        "type": "Method"
      },
      "location-before-char-start": 3547,
      "location-before-char-end": 4228,
      "location-after-char-start": 2632,
      "location-after-char-end": 3313,
      "node-str": "classes"
    },
    {
      "type": "move-subtree",
      "node": {
        "label": "errorReport",
        "type": "Method"
      },
      "location-before-char-start": 4232,
      "location-before-char-end": 4477,
      "location-after-char-start": 3317,
      "location-after-char-end": 3562,
      "node-str": "errorReport"
    },
    {
      "type": "insert-node",
      "node": {
        "label": "runner",
        "type": "Method"
      },
      "location-after-char-start": 3566,
      "location-after-char-end": 3846,
      "node-str": "runner"
    },
    {
      "type": "insert-node",
      "node": {
        "label": "getRunner",
        "type": "Method"
      },
      "location-after-char-start": 3850,
      "location-after-char-end": 3998,
      "node-str": "getRunner"
    },
    {
      "type": "move-subtree",
      "node": {
        "label": "filterWith",
        "type": "Method"
      },
      "location-before-char-start": 4917,
      "location-before-char-end": 5217,
      "location-after-char-start": 4002,
      "location-after-char-end": 4302,
      "node-str": "filterWith"
    },
    {
      "type": "insert-node",
      "node": {
        "label": "filterWith",
        "type": "Method"
      },
      "location-after-char-start": 4306,
      "location-after-char-end": 4687,
      "node-str": "filterWith"
    },
    {
      "type": "move-subtree",
      "node": {
        "label": "sortWith",
        "type": "Method"
      },
      "location-before-char-start": 6041,
      "location-before-char-end": 6820,
      "location-after-char-start": 4691,
      "location-after-char-end": 5470,
      "node-str": "sortWith"
    },
    {
      "type": "insert-node",
      "node": {
        "label": "org.junit.runner.Request",
        "type": "RETURN_TYPE"
      },
      "location-after-char-start": 0,
      "location-after-char-end": 0,
      "node-str": "org.junit.runner.Request"
    },
    {
      "type": "insert-node",
      "node": {
        "label": "public",
        "type": "Modifier"
      },
      "location-after-char-start": 0,
      "location-after-char-end": 0,
      "node-str": "public"
    },
    {
      "type": "insert-node",
      "node": {
        "label": "static",
        "type": "Modifier"
      },
      "location-after-char-start": 0,
      "location-after-char-end": 0,
      "node-str": "static"
    },
    {
      "type": "insert-node",
      "node": {
        "label": "clazz",
        "type": "Parameter"
      },
      "location-after-char-start": 2173,
      "location-after-char-end": 2186,
      "node-str": "clazz"
    },
    {
      "type": "insert-node",
      "node": {
        "label": "return",
        "type": "Return"
      },
      "location-after-char-start": 2193,
      "location-after-char-end": 2223,
      "node-str": "return"
    },
    {
      "type": "insert-node",
      "node": {
        "label": "org.junit.runner.Request",
        "type": "RETURN_TYPE"
      },
      "location-after-char-start": 0,
      "location-after-char-end": 0,
      "node-str": "org.junit.runner.Request"
    },
    {
      "type": "insert-node",
      "node": {
        "label": "public",
        "type": "Modifier"
      },
      "location-after-char-start": 0,
      "location-after-char-end": 0,
      "node-str": "public"
    },
    {
      "type": "insert-node",
      "node": {
        "label": "static",
        "type": "Modifier"
      },
      "location-after-char-start": 0,
      "location-after-char-end": 0,
      "node-str": "static"
    },
    {
      "type": "insert-node",
      "node": {
        "label": "runner",
        "type": "Parameter"
      },
      "location-after-char-start": 3723,
      "location-after-char-end": 3741,
      "node-str": "runner"
    },
    {
      "type": "insert-node",
      "node": {
        "label": "return",
        "type": "Return"
      },
      "location-after-char-start": 3748,
      "location-after-char-end": 3843,
      "node-str": "return"
    },
    {
      "type": "insert-node",
      "node": {
        "label": "org.junit.runner.Runner",
        "type": "RETURN_TYPE"
      },
      "location-after-char-start": 0,
      "location-after-char-end": 0,
      "node-str": "org.junit.runner.Runner"
    },
    {
      "type": "insert-node",
      "node": {
        "label": "abstract",
        "type": "Modifier"
      },
      "location-after-char-start": 0,
      "location-after-char-end": 0,
      "node-str": "abstract"
    },
    {
      "type": "insert-node",
      "node": {
        "label": "public",
        "type": "Modifier"
      },
      "location-after-char-start": 0,
      "location-after-char-end": 0,
      "node-str": "public"
    },
    {
      "type": "insert-node",
      "node": {
        "label": "org.junit.runner.Request",
        "type": "RETURN_TYPE"
      },
      "location-after-char-start": 0,
      "location-after-char-end": 0,
      "node-str": "org.junit.runner.Request"
    },
    {
      "type": "insert-node",
      "node": {
        "label": "public",
        "type": "Modifier"
      },
      "location-after-char-start": 0,
      "location-after-char-end": 0,
      "node-str": "public"
    },
    {
      "type": "insert-node",
      "node": {
        "label": "desiredDescription",
        "type": "Parameter"
      },
      "location-after-char-start": 4580,
      "location-after-char-end": 4615,
      "node-str": "desiredDescription"
    },
    {
      "type": "insert-node",
      "node": {
        "label": "return",
        "type": "Return"
      },
      "location-after-char-start": 4622,
      "location-after-char-end": 4684,
      "node-str": "return"
    },
    {
      "type": "insert-node",
      "node": {
        "label": "java.lang.Class",
        "type": "VARIABLE_TYPE"
      },
      "location-after-char-start": 0,
      "location-after-char-end": 0,
      "node-str": "java.lang.Class"
    },
    {
      "type": "insert-node",
      "node": {
        "label": "org.junit.internal.requests.ClassRequest(java.lang.Class)",
        "type": "ConstructorCall"
      },
      "location-after-char-start": 2200,
      "location-after-char-end": 2222,
      "node-str": "org.junit.internal.requests.ClassRequest(java.lang.Class)"
    },
    {
      "type": "insert-node",
      "node": {
        "label": "org.junit.runner.Runner",
        "type": "VARIABLE_TYPE"
      },
      "location-after-char-start": 0,
      "location-after-char-end": 0,
      "node-str": "org.junit.runner.Runner"
    },
    {
      "type": "insert-node",
      "node": {
        "label": "final",
        "type": "Modifier"
      },
      "location-after-char-start": 0,
      "location-after-char-end": 0,
      "node-str": "final"
    },
    {
      "type": "insert-node",
      "node": {
        "label": "org.junit.runner.Request$1()",
        "type": "NewClass"
      },
      "location-after-char-start": 3755,
      "location-after-char-end": 3842,
      "node-str": "org.junit.runner.Request$1()"
    },
    {
      "type": "insert-node",
      "node": {
        "label": "org.junit.runner.Description",
        "type": "VARIABLE_TYPE"
      },
      "location-after-char-start": 0,
      "location-after-char-end": 0,
      "node-str": "org.junit.runner.Description"
    },
    {
      "type": "insert-node",
      "node": {
        "label": "final",
        "type": "Modifier"
      },
      "location-after-char-start": 0,
      "location-after-char-end": 0,
      "node-str": "final"
    },
    {
      "type": "insert-node",
      "node": {
        "label": "filterWith",
        "type": "Invocation"
      },
      "location-after-char-start": 4629,
      "location-after-char-end": 4683,
      "node-str": "filterWith"
    },
    {
      "type": "insert-node",
      "node": {
        "label": "clazz",
        "type": "VariableRead"
      },
      "location-after-char-start": 2217,
      "location-after-char-end": 2221,
      "node-str": "clazz"
    },
    {
      "type": "insert-node",
      "node": {
        "label": "1",
        "type": "Class"
      },
      "location-after-char-start": 3768,
      "location-after-char-end": 3842,
      "node-str": "1"
    },
    {
      "type": "insert-node",
      "node": {
        "label": "org.junit.runner.Request",
        "type": "TypeAccess"
      },
      "location-after-char-start": 0,
      "location-after-char-end": 0,
      "node-str": "org.junit.runner.Request"
    },
    {
      "type": "insert-node",
      "node": {
        "label": "matchDescription",
        "type": "Invocation"
      },
      "location-after-char-start": 4640,
      "location-after-char-end": 4682,
      "node-str": "matchDescription"
    },
    {
      "type": "insert-node",
      "node": {
        "label": "",
        "type": "TypeReference"
      },
      "location-after-char-start": 0,
      "location-after-char-end": 0,
      "node-str": ""
    },
    {
      "type": "insert-node",
      "node": {
        "label": "getRunner",
        "type": "Method"
      },
      "location-after-char-start": 3773,
      "location-after-char-end": 3836,
      "node-str": "getRunner"
    },
    {
      "type": "insert-node",
      "node": {
        "label": "org.junit.runner.manipulation.Filter",
        "type": "TypeAccess"
      },
      "location-after-char-start": 4640,
      "location-after-char-end": 4645,
      "node-str": "org.junit.runner.manipulation.Filter"
    },
    {
      "type": "insert-node",
      "node": {
        "label": "desiredDescription",
        "type": "VariableRead"
      },
      "location-after-char-start": 4664,
      "location-after-char-end": 4681,
      "node-str": "desiredDescription"
    },
    {
      "type": "insert-node",
      "node": {
        "label": "org.junit.runner.Request",
        "type": "SUPER_TYPE"
      },
      "location-after-char-start": 0,
      "location-after-char-end": 0,
      "node-str": "org.junit.runner.Request"
    },
    {
      "type": "insert-node",
      "node": {
        "label": "org.junit.runner.Runner",
        "type": "RETURN_TYPE"
      },
      "location-after-char-start": 0,
      "location-after-char-end": 0,
      "node-str": "org.junit.runner.Runner"
    },
    {
      "type": "insert-node",
      "node": {
        "label": "public",
        "type": "Modifier"
      },
      "location-after-char-start": 0,
      "location-after-char-end": 0,
      "node-str": "public"
    },
    {
      "type": "insert-node",
      "node": {
        "label": "",
        "type": "Annotation"
      },
      "location-after-char-start": 3773,
      "location-after-char-end": 3781,
      "node-str": ""
    },
    {
      "type": "insert-node",
      "node": {
        "label": "return",
        "type": "Return"
      },
      "location-after-char-start": 3818,
      "location-after-char-end": 3831,
      "node-str": "return"
    },
    {
      "type": "insert-node",
      "node": {
        "label": "runner",
        "type": "VariableRead"
      },
      "location-after-char-start": 3825,
      "location-after-char-end": 3830,
      "node-str": "runner"
    },
    {
      "type": "delete-node",
      "node": {
        "label": "abstract",
        "type": "Modifier"
      },
      "location-before-char-start": 0,
      "location-before-char-end": 0,
      "node-str": "abstract"
    },
    {
      "type": "delete-node",
      "node": {
        "label": "public",
        "type": "Modifier"
      },
      "location-before-char-start": 0,
      "location-before-char-end": 0,
      "node-str": "public"
    },
    {
      "type": "delete-node",
      "node": {
        "label": "boolean",
        "type": "VARIABLE_TYPE"
      },
      "location-before-char-start": 0,
      "location-before-char-end": 0,
      "node-str": "boolean"
    },
    {
      "type": "delete-node",
      "node": {
        "label": "static",
        "type": "Modifier"
      },
      "location-before-char-start": 0,
      "location-before-char-end": 0,
      "node-str": "static"
    },
    {
      "type": "delete-node",
      "node": {
        "label": "false",
        "type": "Literal"
      },
      "location-before-char-start": 2332,
      "location-before-char-end": 2336,
      "node-str": "false"
    },
    {
      "type": "delete-node",
      "node": {
        "label": "firstTime",
        "type": "Field"
      },
      "location-before-char-start": 1988,
      "location-before-char-end": 2337,
      "node-str": "firstTime"
    },
    {
      "type": "delete-node",
      "node": {
        "label": "org.junit.runner.Request",
        "type": "RETURN_TYPE"
      },
      "location-before-char-start": 0,
      "location-before-char-end": 0,
      "node-str": "org.junit.runner.Request"
    },
    {
      "type": "delete-node",
      "node": {
        "label": "public",
        "type": "Modifier"
      },
      "location-before-char-start": 0,
      "location-before-char-end": 0,
      "node-str": "public"
    },
    {
      "type": "delete-node",
      "node": {
        "label": "static",
        "type": "Modifier"
      },
      "location-before-char-start": 0,
      "location-before-char-end": 0,
      "node-str": "static"
    },
    {
      "type": "delete-node",
      "node": {
        "label": "java.lang.Class",
        "type": "VARIABLE_TYPE"
      },
      "location-before-char-start": 0,
      "location-before-char-end": 0,
      "node-str": "java.lang.Class"
    },
    {
      "type": "delete-node",
      "node": {
        "label": "clazz",
        "type": "Parameter"
      },
      "location-before-char-start": 2421,
      "location-before-char-end": 2434,
      "node-str": "clazz"
    },
    {
      "type": "delete-node",
      "node": {
        "label": "firstTime",
        "type": "FieldRead"
      },
      "location-before-char-start": 2445,
      "location-before-char-end": 2453,
      "node-str": "firstTime"
    },
    {
      "type": "delete-node",
      "node": {
        "label": "firstTime",
        "type": "FieldWrite"
      },
      "location-before-char-start": 2461,
      "location-before-char-end": 2469,
      "node-str": "firstTime"
    },
    {
      "type": "delete-node",
      "node": {
        "label": "false",
        "type": "Literal"
      },
      "location-before-char-start": 2472,
      "location-before-char-end": 2476,
      "node-str": "false"
    },
    {
      "type": "delete-node",
      "node": {
        "label": "\u003d",
        "type": "Assignment"
      },
      "location-before-char-start": 2461,
      "location-before-char-end": 2477,
      "node-str": "\u003d"
    },
    {
      "type": "delete-node",
      "node": {
        "label": "org.junit.internal.requests.ClassRequest",
        "type": "VARIABLE_TYPE"
      },
      "location-before-char-start": 0,
      "location-before-char-end": 0,
      "node-str": "org.junit.internal.requests.ClassRequest"
    },
    {
      "type": "delete-node",
      "node": {
        "label": "final",
        "type": "Modifier"
      },
      "location-before-char-start": 0,
      "location-before-char-end": 0,
      "node-str": "final"
    },
    {
      "type": "delete-node",
      "node": {
        "label": "clazz",
        "type": "VariableRead"
      },
      "location-before-char-start": 2528,
      "location-before-char-end": 2532,
      "node-str": "clazz"
    },
    {
      "type": "delete-node",
      "node": {
        "label": "org.junit.internal.requests.ClassRequest(java.lang.Class)",
        "type": "ConstructorCall"
      },
      "location-before-char-start": 2511,
      "location-before-char-end": 2533,
      "node-str": "org.junit.internal.requests.ClassRequest(java.lang.Class)"
    },
    {
      "type": "delete-node",
      "node": {
        "label": "delegate",
        "type": "LocalVariable"
      },
      "location-before-char-start": 2482,
      "location-before-char-end": 2534,
      "node-str": "delegate"
    },
    {
      "type": "delete-node",
      "node": {
        "label": "org.junit.runner.Request",
        "type": "SUPER_TYPE"
      },
      "location-before-char-start": 0,
      "location-before-char-end": 0,
      "node-str": "org.junit.runner.Request"
    },
    {
      "type": "delete-node",
      "node": {
        "label": "",
        "type": "TypeReference"
      },
      "location-before-char-start": 0,
      "location-before-char-end": 0,
      "node-str": ""
    },
    {
      "type": "delete-node",
      "node": {
        "label": "org.junit.runner.Runner",
        "type": "RETURN_TYPE"
      },
      "location-before-char-start": 0,
      "location-before-char-end": 0,
      "node-str": "org.junit.runner.Runner"
    },
    {
      "type": "delete-node",
      "node": {
        "label": "public",
        "type": "Modifier"
      },
      "location-before-char-start": 0,
      "location-before-char-end": 0,
      "node-str": "public"
    },
    {
      "type": "delete-node",
      "node": {
        "label": "",
        "type": "Annotation"
      },
      "location-before-char-start": 2566,
      "location-before-char-end": 2574,
      "node-str": ""
    },
    {
      "type": "delete-node",
      "node": {
        "label": "org.junit.runner.Runner",
        "type": "SUPER_TYPE"
      },
      "location-before-char-start": 0,
      "location-before-char-end": 0,
      "node-str": "org.junit.runner.Runner"
    },
    {
      "type": "delete-node",
      "node": {
        "label": "",
        "type": "TypeReference"
      },
      "location-before-char-start": 0,
      "location-before-char-end": 0,
      "node-str": ""
    },
    {
      "type": "delete-node",
      "node": {
        "label": "void",
        "type": "RETURN_TYPE"
      },
      "location-before-char-start": 0,
      "location-before-char-end": 0,
      "node-str": "void"
    },
    {
      "type": "delete-node",
      "node": {
        "label": "public",
        "type": "Modifier"
      },
      "location-before-char-start": 0,
      "location-before-char-end": 0,
      "node-str": "public"
    },
    {
      "type": "delete-node",
      "node": {
        "label": "",
        "type": "Annotation"
      },
      "location-before-char-start": 2647,
      "location-before-char-end": 2655,
      "node-str": ""
    },
    {
      "type": "delete-node",
      "node": {
        "label": "org.junit.runner.notification.RunNotifier",
        "type": "VARIABLE_TYPE"
      },
      "location-before-char-start": 0,
      "location-before-char-end": 0,
      "node-str": "org.junit.runner.notification.RunNotifier"
    },
    {
      "type": "delete-node",
      "node": {
        "label": "notifier",
        "type": "Parameter"
      },
      "location-before-char-start": 2679,
      "location-before-char-end": 2698,
      "node-str": "notifier"
    },
    {
      "type": "delete-node",
      "node": {
        "label": "org.junit.runner.JUnitCore",
        "type": "VARIABLE_TYPE"
      },
      "location-before-char-start": 0,
      "location-before-char-end": 0,
      "node-str": "org.junit.runner.JUnitCore"
    },
    {
      "type": "delete-node",
      "node": {
        "label": "org.junit.runner.JUnitCore()",
        "type": "ConstructorCall"
      },
      "location-before-char-start": 2726,
      "location-before-char-end": 2740,
      "node-str": "org.junit.runner.JUnitCore()"
    },
    {
      "type": "delete-node",
      "node": {
        "label": "core",
        "type": "LocalVariable"
      },
      "location-before-char-start": 2710,
      "location-before-char-end": 2741,
      "node-str": "core"
    },
    {
      "type": "delete-node",
      "node": {
        "label": "core",
        "type": "VariableRead"
      },
      "location-before-char-start": 2750,
      "location-before-char-end": 2753,
      "node-str": "core"
    },
    {
      "type": "delete-node",
      "node": {
        "label": "fNotifier",
        "type": "FieldWrite"
      },
      "location-before-char-start": 2750,
      "location-before-char-end": 2763,
      "node-str": "fNotifier"
    },
    {
      "type": "delete-node",
      "node": {
        "label": "notifier",
        "type": "VariableRead"
      },
      "location-before-char-start": 2766,
      "location-before-char-end": 2773,
      "node-str": "notifier"
    },
    {
      "type": "delete-node",
      "node": {
        "label": "\u003d",
        "type": "Assignment"
      },
      "location-before-char-start": 2750,
      "location-before-char-end": 2774,
      "node-str": "\u003d"
    },
    {
      "type": "delete-node",
      "node": {
        "label": "org.junit.experimental.max.MaxCore",
        "type": "TypeAccess"
      },
      "location-before-char-start": 2797,
      "location-before-char-end": 2803,
      "node-str": "org.junit.experimental.max.MaxCore"
    },
    {
      "type": "delete-node",
      "node": {
        "label": "\"defaultMaxCore\"",
        "type": "Literal"
      },
      "location-before-char-start": 2815,
      "location-before-char-end": 2830,
      "node-str": "\"defaultMaxCore\""
    },
    {
      "type": "delete-node",
      "node": {
        "label": "forFolder",
        "type": "Invocation"
      },
      "location-before-char-start": 2797,
      "location-before-char-end": 2831,
      "node-str": "forFolder"
    },
    {
      "type": "delete-node",
      "node": {
        "label": "delegate",
        "type": "VariableRead"
      },
      "location-before-char-start": 2837,
      "location-before-char-end": 2844,
      "node-str": "delegate"
    },
    {
      "type": "delete-node",
      "node": {
        "label": "core",
        "type": "VariableRead"
      },
      "location-before-char-start": 2847,
      "location-before-char-end": 2850,
      "node-str": "core"
    },
    {
      "type": "delete-node",
      "node": {
        "label": "run",
        "type": "Invocation"
      },
      "location-before-char-start": 2797,
      "location-before-char-end": 2852,
      "node-str": "run"
    },
    {
      "type": "delete-node",
      "node": {
        "label": "org.junit.experimental.max.CouldNotReadCoreException",
        "type": "VARIABLE_TYPE"
      },
      "location-before-char-start": 0,
      "location-before-char-end": 0,
      "node-str": "org.junit.experimental.max.CouldNotReadCoreException"
    },
    {
      "type": "delete-node",
      "node": {
        "label": "e",
        "type": "CatchVariable"
      },
      "location-before-char-start": 2870,
      "location-before-char-end": 2896,
      "node-str": "e"
    },
    {
      "type": "delete-node",
      "node": {
        "label": "e",
        "type": "VariableRead"
      },
      "location-before-char-start": 2909,
      "location-before-char-end": 2909,
      "node-str": "e"
    },
    {
      "type": "delete-node",
      "node": {
        "label": "printStackTrace",
        "type": "Invocation"
      },
      "location-before-char-start": 2909,
      "location-before-char-end": 2928,
      "node-str": "printStackTrace"
    },
    {
      "type": "delete-node",
      "node": {
        "label": "",
        "type": "Catch"
      },
      "location-before-char-start": 2862,
      "location-before-char-end": 2937,
      "node-str": ""
    },
    {
      "type": "delete-node",
      "node": {
        "label": "",
        "type": "Try"
      },
      "location-before-char-start": 2783,
      "location-before-char-end": 2937,
      "node-str": ""
    },
    {
      "type": "delete-node",
      "node": {
        "label": "run",
        "type": "Method"
      },
      "location-before-char-start": 2647,
      "location-before-char-end": 2945,
      "node-str": "run"
    },
    {
      "type": "delete-node",
      "node": {
        "label": "org.junit.runner.Description",
        "type": "RETURN_TYPE"
      },
      "location-before-char-start": 0,
      "location-before-char-end": 0,
      "node-str": "org.junit.runner.Description"
    },
    {
      "type": "delete-node",
      "node": {
        "label": "public",
        "type": "Modifier"
      },
      "location-before-char-start": 0,
      "location-before-char-end": 0,
      "node-str": "public"
    },
    {
      "type": "delete-node",
      "node": {
        "label": "",
        "type": "Annotation"
      },
      "location-before-char-start": 2959,
      "location-before-char-end": 2967,
      "node-str": ""
    },
    {
      "type": "delete-node",
      "node": {
        "label": "delegate",
        "type": "VariableRead"
      },
      "location-before-char-start": 3027,
      "location-before-char-end": 3034,
      "node-str": "delegate"
    },
    {
      "type": "delete-node",
      "node": {
        "label": "getRunner",
        "type": "Invocation"
      },
      "location-before-char-start": 3027,
      "location-before-char-end": 3046,
      "node-str": "getRunner"
    },
    {
      "type": "delete-node",
      "node": {
        "label": "getDescription",
        "type": "Invocation"
      },
      "location-before-char-start": 3027,
      "location-before-char-end": 3063,
      "node-str": "getDescription"
    },
    {
      "type": "delete-node",
      "node": {
        "label": "return",
        "type": "Return"
      },
      "location-before-char-start": 3020,
      "location-before-char-end": 3064,
      "node-str": "return"
    },
    {
      "type": "delete-node",
      "node": {
        "label": "getDescription",
        "type": "Method"
      },
      "location-before-char-start": 2959,
      "location-before-char-end": 3072,
      "node-str": "getDescription"
    },
    {
      "type": "delete-node",
      "node": {
        "label": "1",
        "type": "Class"
      },
      "location-before-char-start": 2633,
      "location-before-char-end": 3079,
      "node-str": "1"
    },
    {
      "type": "delete-node",
      "node": {
        "label": "org.junit.runner.Request$1$1()",
        "type": "NewClass"
      },
      "location-before-char-start": 2620,
      "location-before-char-end": 3079,
      "node-str": "org.junit.runner.Request$1$1()"
    },
    {
      "type": "delete-node",
      "node": {
        "label": "return",
        "type": "Return"
      },
      "location-before-char-start": 2613,
      "location-before-char-end": 3080,
      "node-str": "return"
    },
    {
      "type": "delete-node",
      "node": {
        "label": "getRunner",
        "type": "Method"
      },
      "location-before-char-start": 2566,
      "location-before-char-end": 3086,
      "node-str": "getRunner"
    },
    {
      "type": "delete-node",
      "node": {
        "label": "1",
        "type": "Class"
      },
      "location-before-char-start": 2560,
      "location-before-char-end": 3091,
      "node-str": "1"
    },
    {
      "type": "delete-node",
      "node": {
        "label": "org.junit.runner.Request$1()",
        "type": "NewClass"
      },
      "location-before-char-start": 2546,
      "location-before-char-end": 3091,
      "node-str": "org.junit.runner.Request$1()"
    },
    {
      "type": "delete-node",
      "node": {
        "label": "return",
        "type": "Return"
      },
      "location-before-char-start": 2539,
      "location-before-char-end": 3092,
      "node-str": "return"
    },
    {
      "type": "delete-node",
      "node": {
        "label": "THEN",
        "type": "then"
      },
      "location-before-char-start": 2456,
      "location-before-char-end": 3096,
      "node-str": "THEN"
    },
    {
      "type": "delete-node",
      "node": {
        "label": "clazz",
        "type": "VariableRead"
      },
      "location-before-char-start": 3132,
      "location-before-char-end": 3136,
      "node-str": "clazz"
    },
    {
      "type": "delete-node",
      "node": {
        "label": "org.junit.internal.requests.ClassRequest(java.lang.Class)",
        "type": "ConstructorCall"
      },
      "location-before-char-start": 3115,
      "location-before-char-end": 3137,
      "node-str": "org.junit.internal.requests.ClassRequest(java.lang.Class)"
    },
    {
      "type": "delete-node",
      "node": {
        "label": "return",
        "type": "Return"
      },
      "location-before-char-start": 3108,
      "location-before-char-end": 3138,
      "node-str": "return"
    },
    {
      "type": "delete-node",
      "node": {
        "label": "ELSE",
        "type": "else"
      },
      "location-before-char-start": 3108,
      "location-before-char-end": 3138,
      "node-str": "ELSE"
    },
    {
      "type": "delete-node",
      "node": {
        "label": "if",
        "type": "If"
      },
      "location-before-char-start": 2441,
      "location-before-char-end": 3138,
      "node-str": "if"
    },
    {
      "type": "delete-node",
      "node": {
        "label": "aClass",
        "type": "Method"
      },
      "location-before-char-start": 2392,
      "location-before-char-end": 3141,
      "node-str": "aClass"
    },
    {
      "type": "delete-node",
      "node": {
        "label": "org.junit.runner.Request",
        "type": "RETURN_TYPE"
      },
      "location-before-char-start": 0,
      "location-before-char-end": 0,
      "node-str": "org.junit.runner.Request"
    },
    {
      "type": "delete-node",
      "node": {
        "label": "public",
        "type": "Modifier"
      },
      "location-before-char-start": 0,
      "location-before-char-end": 0,
      "node-str": "public"
    },
    {
      "type": "delete-node",
      "node": {
        "label": "static",
        "type": "Modifier"
      },
      "location-before-char-start": 0,
      "location-before-char-end": 0,
      "node-str": "static"
    },
    {
      "type": "delete-node",
      "node": {
        "label": "org.junit.runner.Runner",
        "type": "VARIABLE_TYPE"
      },
      "location-before-char-start": 0,
      "location-before-char-end": 0,
      "node-str": "org.junit.runner.Runner"
    },
    {
      "type": "delete-node",
      "node": {
        "label": "final",
        "type": "Modifier"
      },
      "location-before-char-start": 0,
      "location-before-char-end": 0,
      "node-str": "final"
    },
    {
      "type": "delete-node",
      "node": {
        "label": "runner",
        "type": "Parameter"
      },
      "location-before-char-start": 4638,
      "location-before-char-end": 4656,
      "node-str": "runner"
    },
    {
      "type": "delete-node",
      "node": {
        "label": "org.junit.runner.Request",
        "type": "SUPER_TYPE"
      },
      "location-before-char-start": 0,
      "location-before-char-end": 0,
      "node-str": "org.junit.runner.Request"
    },
    {
      "type": "delete-node",
      "node": {
        "label": "",
        "type": "TypeReference"
      },
      "location-before-char-start": 0,
      "location-before-char-end": 0,
      "node-str": ""
    },
    {
      "type": "delete-node",
      "node": {
        "label": "org.junit.runner.Runner",
        "type": "RETURN_TYPE"
      },
      "location-before-char-start": 0,
      "location-before-char-end": 0,
      "node-str": "org.junit.runner.Runner"
    },
    {
      "type": "delete-node",
      "node": {
        "label": "public",
        "type": "Modifier"
      },
      "location-before-char-start": 0,
      "location-before-char-end": 0,
      "node-str": "public"
    },
    {
      "type": "delete-node",
      "node": {
        "label": "",
        "type": "Annotation"
      },
      "location-before-char-start": 4688,
      "location-before-char-end": 4696,
      "node-str": ""
    },
    {
      "type": "delete-node",
      "node": {
        "label": "runner",
        "type": "VariableRead"
      },
      "location-before-char-start": 4740,
      "location-before-char-end": 4745,
      "node-str": "runner"
    },
    {
      "type": "delete-node",
      "node": {
        "label": "return",
        "type": "Return"
      },
      "location-before-char-start": 4733,
      "location-before-char-end": 4746,
      "node-str": "return"
    },
    {
      "type": "delete-node",
      "node": {
        "label": "getRunner",
        "type": "Method"
      },
      "location-before-char-start": 4688,
      "location-before-char-end": 4751,
      "node-str": "getRunner"
    },
    {
      "type": "delete-node",
      "node": {
        "label": "2",
        "type": "Class"
      },
      "location-before-char-start": 4683,
      "location-before-char-end": 4757,
      "node-str": "2"
    },
    {
      "type": "delete-node",
      "node": {
        "label": "org.junit.runner.Request$2()",
        "type": "NewClass"
      },
      "location-before-char-start": 4670,
      "location-before-char-end": 4757,
      "node-str": "org.junit.runner.Request$2()"
    },
    {
      "type": "delete-node",
      "node": {
        "label": "return",
        "type": "Return"
      },
      "location-before-char-start": 4663,
      "location-before-char-end": 4758,
      "node-str": "return"
    },
    {
      "type": "delete-node",
      "node": {
        "label": "runner",
        "type": "Method"
      },
      "location-before-char-start": 4481,
      "location-before-char-end": 4761,
      "node-str": "runner"
    },
    {
      "type": "delete-node",
      "node": {
        "label": "org.junit.runner.Runner",
        "type": "RETURN_TYPE"
      },
      "location-before-char-start": 0,
      "location-before-char-end": 0,
      "node-str": "org.junit.runner.Runner"
    },
    {
      "type": "delete-node",
      "node": {
        "label": "abstract",
        "type": "Modifier"
      },
      "location-before-char-start": 0,
      "location-before-char-end": 0,
      "node-str": "abstract"
    },
    {
      "type": "delete-node",
      "node": {
        "label": "public",
        "type": "Modifier"
      },
      "location-before-char-start": 0,
      "location-before-char-end": 0,
      "node-str": "public"
    },
    {
      "type": "delete-node",
      "node": {
        "label": "getRunner",
        "type": "Method"
      },
      "location-before-char-start": 4765,
      "location-before-char-end": 4913,
      "node-str": "getRunner"
    },
    {
      "type": "delete-node",
      "node": {
        "label": "org.junit.runner.Request",
        "type": "RETURN_TYPE"
      },
      "location-before-char-start": 0,
      "location-before-char-end": 0,
      "node-str": "org.junit.runner.Request"
    },
    {
      "type": "delete-node",
      "node": {
        "label": "public",
        "type": "Modifier"
      },
      "location-before-char-start": 0,
      "location-before-char-end": 0,
      "node-str": "public"
    },
    {
      "type": "delete-node",
      "node": {
        "label": "org.junit.runner.Description",
        "type": "VARIABLE_TYPE"
      },
      "location-before-char-start": 0,
      "location-before-char-end": 0,
      "node-str": "org.junit.runner.Description"
    },
    {
      "type": "delete-node",
      "node": {
        "label": "final",
        "type": "Modifier"
      },
      "location-before-char-start": 0,
      "location-before-char-end": 0,
      "node-str": "final"
    },
    {
      "type": "delete-node",
      "node": {
        "label": "desiredDescription",
        "type": "Parameter"
      },
      "location-before-char-start": 5495,
      "location-before-char-end": 5530,
      "node-str": "desiredDescription"
    },
    {
      "type": "delete-node",
      "node": {
        "label": "org.junit.runner.Request",
        "type": "TypeAccess"
      },
      "location-before-char-start": 0,
      "location-before-char-end": 0,
      "node-str": "org.junit.runner.Request"
    },
    {
      "type": "delete-node",
      "node": {
        "label": "org.junit.runner.manipulation.Filter",
        "type": "SUPER_TYPE"
      },
      "location-before-char-start": 0,
      "location-before-char-end": 0,
      "node-str": "org.junit.runner.manipulation.Filter"
    },
    {
      "type": "delete-node",
      "node": {
        "label": "",
        "type": "TypeReference"
      },
      "location-before-char-start": 0,
      "location-before-char-end": 0,
      "node-str": ""
    },
    {
      "type": "delete-node",
      "node": {
        "label": "boolean",
        "type": "RETURN_TYPE"
      },
      "location-before-char-start": 0,
      "location-before-char-end": 0,
      "node-str": "boolean"
    },
    {
      "type": "delete-node",
      "node": {
        "label": "public",
        "type": "Modifier"
      },
      "location-before-char-start": 0,
      "location-before-char-end": 0,
      "node-str": "public"
    },
    {
      "type": "delete-node",
      "node": {
        "label": "",
        "type": "Annotation"
      },
      "location-before-char-start": 5573,
      "location-before-char-end": 5581,
      "node-str": ""
    },
    {
      "type": "delete-node",
      "node": {
        "label": "org.junit.runner.Description",
        "type": "VARIABLE_TYPE"
      },
      "location-before-char-start": 0,
      "location-before-char-end": 0,
      "node-str": "org.junit.runner.Description"
    },
    {
      "type": "delete-node",
      "node": {
        "label": "description",
        "type": "Parameter"
      },
      "location-before-char-start": 5611,
      "location-before-char-end": 5633,
      "node-str": "description"
    },
    {
      "type": "delete-node",
      "node": {
        "label": "description",
        "type": "VariableRead"
      },
      "location-before-char-start": 5646,
      "location-before-char-end": 5656,
      "node-str": "description"
    },
    {
      "type": "delete-node",
      "node": {
        "label": "isTest",
        "type": "Invocation"
      },
      "location-before-char-start": 5646,
      "location-before-char-end": 5665,
      "node-str": "isTest"
    },
    {
      "type": "delete-node",
      "node": {
        "label": "desiredDescription",
        "type": "VariableRead"
      },
      "location-before-char-start": 5680,
      "location-before-char-end": 5697,
      "node-str": "desiredDescription"
    },
    {
      "type": "delete-node",
      "node": {
        "label": "description",
        "type": "VariableRead"
      },
      "location-before-char-start": 5706,
      "location-before-char-end": 5716,
      "node-str": "description"
    },
    {
      "type": "delete-node",
      "node": {
        "label": "equals",
        "type": "Invocation"
      },
      "location-before-char-start": 5680,
      "location-before-char-end": 5717,
      "node-str": "equals"
    },
    {
      "type": "delete-node",
      "node": {
        "label": "return",
        "type": "Return"
      },
      "location-before-char-start": 5673,
      "location-before-char-end": 5718,
      "node-str": "return"
    },
    {
      "type": "delete-node",
      "node": {
        "label": "THEN",
        "type": "then"
      },
      "location-before-char-start": 5673,
      "location-before-char-end": 5718,
      "node-str": "THEN"
    },
    {
      "type": "delete-node",
      "node": {
        "label": "if",
        "type": "If"
      },
      "location-before-char-start": 5642,
      "location-before-char-end": 5718,
      "node-str": "if"
    },
    {
      "type": "delete-node",
      "node": {
        "label": "org.junit.runner.Description",
        "type": "VARIABLE_TYPE"
      },
      "location-before-char-start": 0,
      "location-before-char-end": 0,
      "node-str": "org.junit.runner.Description"
    },
    {
      "type": "delete-node",
      "node": {
        "label": "each",
        "type": "LocalVariable"
      },
      "location-before-char-start": 5786,
      "location-before-char-end": 5801,
      "node-str": "each"
    },
    {
      "type": "delete-node",
      "node": {
        "label": "description",
        "type": "VariableRead"
      },
      "location-before-char-start": 5805,
      "location-before-char-end": 5815,
      "node-str": "description"
    },
    {
      "type": "delete-node",
      "node": {
        "label": "getChildren",
        "type": "Invocation"
      },
      "location-before-char-start": 5805,
      "location-before-char-end": 5829,
      "node-str": "getChildren"
    },
    {
      "type": "delete-node",
      "node": {
        "label": "org.junit.runner.Request$3",
        "type": "TypeAccess"
      },
      "location-before-char-start": 0,
      "location-before-char-end": 0,
      "node-str": "org.junit.runner.Request$3"
    },
    {
      "type": "delete-node",
      "node": {
        "label": "each",
        "type": "VariableRead"
      },
      "location-before-char-start": 5851,
      "location-before-char-end": 5854,
      "node-str": "each"
    },
    {
      "type": "delete-node",
      "node": {
        "label": "shouldRun",
        "type": "Invocation"
      },
      "location-before-char-start": 5841,
      "location-before-char-end": 5855,
      "node-str": "shouldRun"
    },
    {
      "type": "delete-node",
      "node": {
        "label": "true",
        "type": "Literal"
      },
      "location-before-char-start": 5871,
      "location-before-char-end": 5874,
      "node-str": "true"
    },
    {
      "type": "delete-node",
      "node": {
        "label": "return",
        "type": "Return"
      },
      "location-before-char-start": 5864,
      "location-before-char-end": 5875,
      "node-str": "return"
    },
    {
      "type": "delete-node",
      "node": {
        "label": "THEN",
        "type": "then"
      },
      "location-before-char-start": 5864,
      "location-before-char-end": 5875,
      "node-str": "THEN"
    },
    {
      "type": "delete-node",
      "node": {
        "label": "if",
        "type": "If"
      },
      "location-before-char-start": 5837,
      "location-before-char-end": 5875,
      "node-str": "if"
    },
    {
      "type": "delete-node",
      "node": {
        "label": "",
        "type": "ForEach"
      },
      "location-before-char-start": 5781,
      "location-before-char-end": 5875,
      "node-str": ""
    },
    {
      "type": "delete-node",
      "node": {
        "label": "false",
        "type": "Literal"
      },
      "location-before-char-start": 5888,
      "location-before-char-end": 5892,
      "node-str": "false"
    },
    {
      "type": "delete-node",
      "node": {
        "label": "return",
        "type": "Return"
      },
      "location-before-char-start": 5881,
      "location-before-char-end": 5893,
      "node-str": "return"
    },
    {
      "type": "delete-node",
      "node": {
        "label": "shouldRun",
        "type": "Method"
      },
      "location-before-char-start": 5573,
      "location-before-char-end": 5903,
      "node-str": "shouldRun"
    },
    {
      "type": "delete-node",
      "node": {
        "label": "java.lang.String",
        "type": "RETURN_TYPE"
      },
      "location-before-char-start": 0,
      "location-before-char-end": 0,
      "node-str": "java.lang.String"
    },
    {
      "type": "delete-node",
      "node": {
        "label": "public",
        "type": "Modifier"
      },
      "location-before-char-start": 0,
      "location-before-char-end": 0,
      "node-str": "public"
    },
    {
      "type": "delete-node",
      "node": {
        "label": "",
        "type": "Annotation"
      },
      "location-before-char-start": 5909,
      "location-before-char-end": 5917,
      "node-str": ""
    },
    {
      "type": "delete-node",
      "node": {
        "label": "java.lang.String",
        "type": "TypeAccess"
      },
      "location-before-char-start": 5960,
      "location-before-char-end": 5965,
      "node-str": "java.lang.String"
    },
    {
      "type": "delete-node",
      "node": {
        "label": "\"Method %s\"",
        "type": "Literal"
      },
      "location-before-char-start": 5974,
      "location-before-char-end": 5984,
      "node-str": "\"Method %s\""
    },
    {
      "type": "delete-node",
      "node": {
        "label": "desiredDescription",
        "type": "VariableRead"
      },
      "location-before-char-start": 5987,
      "location-before-char-end": 6004,
      "node-str": "desiredDescription"
    },
    {
      "type": "delete-node",
      "node": {
        "label": "getDisplayName",
        "type": "Invocation"
      },
      "location-before-char-start": 5987,
      "location-before-char-end": 6021,
      "node-str": "getDisplayName"
    },
    {
      "type": "delete-node",
      "node": {
        "label": "format",
        "type": "Invocation"
      },
      "location-before-char-start": 5960,
      "location-before-char-end": 6022,
      "node-str": "format"
    },
    {
      "type": "delete-node",
      "node": {
        "label": "return",
        "type": "Return"
      },
      "location-before-char-start": 5953,
      "location-before-char-end": 6023,
      "node-str": "return"
    },
    {
      "type": "delete-node",
      "node": {
        "label": "describe",
        "type": "Method"
      },
      "location-before-char-start": 5909,
      "location-before-char-end": 6028,
      "node-str": "describe"
    },
    {
      "type": "delete-node",
      "node": {
        "label": "3",
        "type": "Class"
      },
      "location-before-char-start": 5568,
      "location-before-char-end": 6032,
      "node-str": "3"
    },
    {
      "type": "delete-node",
      "node": {
        "label": "org.junit.runner.Request$3()",
        "type": "NewClass"
      },
      "location-before-char-start": 5555,
      "location-before-char-end": 6032,
      "node-str": "org.junit.runner.Request$3()"
    },
    {
      "type": "delete-node",
      "node": {
        "label": "filterWith",
        "type": "Invocation"
      },
      "location-before-char-start": 5544,
      "location-before-char-end": 6033,
      "node-str": "filterWith"
    },
    {
      "type": "delete-node",
      "node": {
        "label": "return",
        "type": "Return"
      },
      "location-before-char-start": 5537,
      "location-before-char-end": 6034,
      "node-str": "return"
    },
    {
      "type": "delete-node",
      "node": {
        "label": "filterWith",
        "type": "Method"
      },
      "location-before-char-start": 5221,
      "location-before-char-end": 6037,
      "node-str": "filterWith"
    },
    {
      "type": "delete-node",
      "node": {
        "label": "Request",
        "type": "Class"
      },
      "location-before-char-start": 614,
      "location-before-char-end": 6822,
      "node-str": "Request"
    }
  ],
  "before-file": {},
  "after-file": {},
  "mapping": {}
}