{
  "tool-info": {},
  "diff": [
    {
      "type": "insert-node",
      "node": {
        "label": "",
        "type": "PackageDeclaration"
      },
      "location-after-char-start": 342,
      "location-after-char-end": 371,
      "node-str": ""
    },
    {
      "type": "insert-node",
      "node": {
        "label": "",
        "type": "ImportDeclaration"
      },
      "location-after-char-start": 373,
      "location-after-char-end": 417,
      "node-str": ""
    },
    {
      "type": "insert-node",
      "node": {
        "label": "",
        "type": "ImportDeclaration"
      },
      "location-after-char-start": 418,
      "location-after-char-end": 459,
      "node-str": ""
    },
    {
      "type": "insert-node",
      "node": {
        "label": "",
        "type": "ImportDeclaration"
      },
      "location-after-char-start": 460,
      "location-after-char-end": 504,
      "node-str": ""
    },
    {
      "type": "insert-node",
      "node": {
        "label": "",
        "type": "ImportDeclaration"
      },
      "location-after-char-start": 505,
      "location-after-char-end": 531,
      "node-str": ""
    },
    {
      "type": "insert-node",
      "node": {
        "label": "",
        "type": "ImportDeclaration"
      },
      "location-after-char-start": 532,
      "location-after-char-end": 563,
      "node-str": ""
    },
    {
      "type": "insert-node",
      "node": {
        "label": "",
        "type": "ImportDeclaration"
      },
      "location-after-char-start": 564,
      "location-after-char-end": 585,
      "node-str": ""
    },
    {
      "type": "insert-node",
      "node": {
        "label": "",
        "type": "ImportDeclaration"
      },
      "location-after-char-start": 586,
      "location-after-char-end": 604,
      "node-str": ""
    },
    {
      "type": "insert-node",
      "node": {
        "label": "",
        "type": "ImportDeclaration"
      },
      "location-after-char-start": 605,
      "location-after-char-end": 629,
      "node-str": ""
    },
    {
      "type": "insert-node",
      "node": {
        "label": "",
        "type": "ImportDeclaration"
      },
      "location-after-char-start": 630,
      "location-after-char-end": 649,
      "node-str": ""
    },
    {
      "type": "insert-node",
      "node": {
        "label": "",
        "type": "ImportDeclaration"
      },
      "location-after-char-start": 650,
      "location-after-char-end": 672,
      "node-str": ""
    },
    {
      "type": "insert-node",
      "node": {
        "label": "",
        "type": "ImportDeclaration"
      },
      "location-after-char-start": 673,
      "location-after-char-end": 690,
      "node-str": ""
    },
    {
      "type": "insert-node",
      "node": {
        "label": "",
        "type": "TypeDeclaration"
      },
      "location-after-char-start": 692,
      "location-after-char-end": 26271,
      "node-str": ""
    },
    {
      "type": "insert-node",
      "node": {
        "label": "CH.ifa.draw.standard",
        "type": "QualifiedName"
      },
      "location-after-char-start": 350,
      "location-after-char-end": 370,
      "node-str": "CH.ifa.draw.standard"
    },
    {
      "type": "insert-node",
      "node": {
        "label": "CH.ifa.draw.contrib.AutoscrollHelper",
        "type": "QualifiedName"
      },
      "location-after-char-start": 380,
      "location-after-char-end": 416,
      "node-str": "CH.ifa.draw.contrib.AutoscrollHelper"
    },
    {
      "type": "insert-node",
      "node": {
        "label": "CH.ifa.draw.contrib.dnd.DNDHelper",
        "type": "QualifiedName"
      },
      "location-after-char-start": 425,
      "location-after-char-end": 458,
      "node-str": "CH.ifa.draw.contrib.dnd.DNDHelper"
    },
    {
      "type": "insert-node",
      "node": {
        "label": "CH.ifa.draw.contrib.dnd.DNDInterface",
        "type": "QualifiedName"
      },
      "location-after-char-start": 467,
      "location-after-char-end": 503,
      "node-str": "CH.ifa.draw.contrib.dnd.DNDInterface"
    },
    {
      "type": "insert-node",
      "node": {
        "label": "CH.ifa.draw.util",
        "type": "QualifiedName"
      },
      "location-after-char-start": 512,
      "location-after-char-end": 528,
      "node-str": "CH.ifa.draw.util"
    },
    {
      "type": "insert-node",
      "node": {
        "label": "CH.ifa.draw.framework",
        "type": "QualifiedName"
      },
      "location-after-char-start": 539,
      "location-after-char-end": 560,
      "node-str": "CH.ifa.draw.framework"
    },
    {
      "type": "insert-node",
      "node": {
        "label": "javax.swing",
        "type": "QualifiedName"
      },
      "location-after-char-start": 571,
      "location-after-char-end": 582,
      "node-str": "javax.swing"
    },
    {
      "type": "insert-node",
      "node": {
        "label": "java.awt",
        "type": "QualifiedName"
      },
      "location-after-char-start": 593,
      "location-after-char-end": 601,
      "node-str": "java.awt"
    },
    {
      "type": "insert-node",
      "node": {
        "label": "java.awt.event",
        "type": "QualifiedName"
      },
      "location-after-char-start": 612,
      "location-after-char-end": 626,
      "node-str": "java.awt.event"
    },
    {
      "type": "insert-node",
      "node": {
        "label": "java.util",
        "type": "QualifiedName"
      },
      "location-after-char-start": 637,
      "location-after-char-end": 646,
      "node-str": "java.util"
    },
    {
      "type": "insert-node",
      "node": {
        "label": "java.util.List",
        "type": "QualifiedName"
      },
      "location-after-char-start": 657,
      "location-after-char-end": 671,
      "node-str": "java.util.List"
    },
    {
      "type": "insert-node",
      "node": {
        "label": "java.io",
        "type": "QualifiedName"
      },
      "location-after-char-start": 680,
      "location-after-char-end": 687,
      "node-str": "java.io"
    },
    {
      "type": "insert-node",
      "node": {
        "label": "",
        "type": "Javadoc"
      },
      "location-after-char-start": 692,
      "location-after-char-end": 833,
      "node-str": ""
    },
    {
      "type": "insert-node",
      "node": {
        "label": "public",
        "type": "Modifier"
      },
      "location-after-char-start": 834,
      "location-after-char-end": 840,
      "node-str": "public"
    },
    {
      "type": "insert-node",
      "node": {
        "label": "class",
        "type": "TYPE_DECLARATION_KIND"
      },
      "location-after-char-start": 841,
      "location-after-char-end": 846,
      "node-str": "class"
    },
    {
      "type": "insert-node",
      "node": {
        "label": "StandardDrawingView",
        "type": "SimpleName"
      },
      "location-after-char-start": 847,
      "location-after-char-end": 866,
      "node-str": "StandardDrawingView"
    },
    {
      "type": "insert-node",
      "node": {
        "label": "",
        "type": "SimpleType"
      },
      "location-after-char-start": 877,
      "location-after-char-end": 883,
      "node-str": ""
    },
    {
      "type": "insert-node",
      "node": {
        "label": "",
        "type": "SimpleType"
      },
      "location-after-char-start": 897,
      "location-after-char-end": 908,
      "node-str": ""
    },
    {
      "type": "insert-node",
      "node": {
        "label": "",
        "type": "SimpleType"
      },
      "location-after-char-start": 912,
      "location-after-char-end": 924,
      "node-str": ""
    },
    {
      "type": "insert-node",
      "node": {
        "label": "",
        "type": "SimpleType"
      },
      "location-after-char-start": 926,
      "location-after-char-end": 949,
      "node-str": ""
    },
    {
      "type": "move-subtree",
      "node": {
        "label": "",
        "type": "FieldDeclaration"
      },
      "location-before-char-start": 954,
      "location-before-char-end": 1056,
      "location-after-char-start": 954,
      "location-after-char-end": 1056,
      "node-str": ""
    },
    {
      "type": "move-subtree",
      "node": {
        "label": "",
        "type": "FieldDeclaration"
      },
      "location-before-char-start": 1059,
      "location-before-char-end": 1163,
      "location-after-char-start": 1059,
      "location-after-char-end": 1163,
      "node-str": ""
    },
    {
      "type": "move-subtree",
      "node": {
        "label": "",
        "type": "FieldDeclaration"
      },
      "location-before-char-start": 1166,
      "location-before-char-end": 1232,
      "location-after-char-start": 1166,
      "location-after-char-end": 1232,
      "node-str": ""
    },
    {
      "type": "move-subtree",
      "node": {
        "label": "",
        "type": "FieldDeclaration"
      },
      "location-before-char-start": 1235,
      "location-before-char-end": 1314,
      "location-after-char-start": 1235,
      "location-after-char-end": 1314,
      "node-str": ""
    },
    {
      "type": "move-subtree",
      "node": {
        "label": "",
        "type": "FieldDeclaration"
      },
      "location-before-char-start": 1317,
      "location-before-char-end": 1405,
      "location-after-char-start": 1317,
      "location-after-char-end": 1405,
      "node-str": ""
    },
    {
      "type": "move-subtree",
      "node": {
        "label": "",
        "type": "FieldDeclaration"
      },
      "location-before-char-start": 1408,
      "location-before-char-end": 1492,
      "location-after-char-start": 1408,
      "location-after-char-end": 1492,
      "node-str": ""
    },
    {
      "type": "move-subtree",
      "node": {
        "label": "",
        "type": "FieldDeclaration"
      },
      "location-before-char-start": 1495,
      "location-before-char-end": 1568,
      "location-after-char-start": 1495,
      "location-after-char-end": 1568,
      "node-str": ""
    },
    {
      "type": "move-subtree",
      "node": {
        "label": "",
        "type": "FieldDeclaration"
      },
      "location-before-char-start": 1571,
      "location-before-char-end": 1668,
      "location-after-char-start": 1571,
      "location-after-char-end": 1668,
      "node-str": ""
    },
    {
      "type": "move-subtree",
      "node": {
        "label": "",
        "type": "FieldDeclaration"
      },
      "location-before-char-start": 1671,
      "location-before-char-end": 1846,
      "location-after-char-start": 1671,
      "location-after-char-end": 1846,
      "node-str": ""
    },
    {
      "type": "move-subtree",
      "node": {
        "label": "",
        "type": "FieldDeclaration"
      },
      "location-before-char-start": 1849,
      "location-before-char-end": 2023,
      "location-after-char-start": 1849,
      "location-after-char-end": 2023,
      "node-str": ""
    },
    {
      "type": "move-subtree",
      "node": {
        "label": "",
        "type": "FieldDeclaration"
      },
      "location-before-char-start": 2026,
      "location-before-char-end": 2117,
      "location-after-char-start": 2026,
      "location-after-char-end": 2117,
      "node-str": ""
    },
    {
      "type": "move-subtree",
      "node": {
        "label": "",
        "type": "FieldDeclaration"
      },
      "location-before-char-start": 2120,
      "location-before-char-end": 2355,
      "location-after-char-start": 2120,
      "location-after-char-end": 2355,
      "node-str": ""
    },
    {
      "type": "move-subtree",
      "node": {
        "label": "",
        "type": "FieldDeclaration"
      },
      "location-before-char-start": 2358,
      "location-before-char-end": 2436,
      "location-after-char-start": 2358,
      "location-after-char-end": 2436,
      "node-str": ""
    },
    {
      "type": "insert-node",
      "node": {
        "label": "",
        "type": "FieldDeclaration"
      },
      "location-after-char-start": 2438,
      "location-after-char-end": 2483,
      "node-str": ""
    },
    {
      "type": "insert-node",
      "node": {
        "label": "",
        "type": "FieldDeclaration"
      },
      "location-after-char-start": 2485,
      "location-after-char-end": 2527,
      "node-str": ""
    },
    {
      "type": "insert-node",
      "node": {
        "label": "",
        "type": "FieldDeclaration"
      },
      "location-after-char-start": 2529,
      "location-after-char-end": 2572,
      "node-str": ""
    },
    {
      "type": "insert-node",
      "node": {
        "label": "",
        "type": "FieldDeclaration"
      },
      "location-after-char-start": 2575,
      "location-after-char-end": 2602,
      "node-str": ""
    },
    {
      "type": "insert-node",
      "node": {
        "label": "",
        "type": "FieldDeclaration"
      },
      "location-after-char-start": 2604,
      "location-after-char-end": 2636,
      "node-str": ""
    },
    {
      "type": "insert-node",
      "node": {
        "label": "",
        "type": "FieldDeclaration"
      },
      "location-after-char-start": 2639,
      "location-after-char-end": 2662,
      "node-str": ""
    },
    {
      "type": "move-subtree",
      "node": {
        "label": "",
        "type": "FieldDeclaration"
      },
      "location-before-char-start": 2823,
      "location-before-char-end": 2890,
      "location-after-char-start": 2823,
      "location-after-char-end": 2890,
      "node-str": ""
    },
    {
      "type": "insert-node",
      "node": {
        "label": "",
        "type": "FieldDeclaration"
      },
      "location-after-char-start": 2892,
      "location-after-char-end": 2941,
      "node-str": ""
    },
    {
      "type": "move-subtree",
      "node": {
        "label": "",
        "type": "MethodDeclaration"
      },
      "location-before-char-start": 2944,
      "location-before-char-end": 3079,
      "location-after-char-start": 2944,
      "location-after-char-end": 3079,
      "node-str": ""
    },
    {
      "type": "move-subtree",
      "node": {
        "label": "",
        "type": "MethodDeclaration"
      },
      "location-before-char-start": 3081,
      "location-before-char-end": 3961,
      "location-after-char-start": 3081,
      "location-after-char-end": 3961,
      "node-str": ""
    },
    {
      "type": "move-subtree",
      "node": {
        "label": "",
        "type": "MethodDeclaration"
      },
      "location-before-char-start": 3963,
      "location-before-char-end": 4096,
      "location-after-char-start": 3963,
      "location-after-char-end": 4096,
      "node-str": ""
    },
    {
      "type": "move-subtree",
      "node": {
        "label": "",
        "type": "MethodDeclaration"
      },
      "location-before-char-start": 4099,
      "location-before-char-end": 4195,
      "location-after-char-start": 4099,
      "location-after-char-end": 4195,
      "node-str": ""
    },
    {
      "type": "move-subtree",
      "node": {
        "label": "",
        "type": "MethodDeclaration"
      },
      "location-before-char-start": 4198,
      "location-before-char-end": 4313,
      "location-after-char-start": 4198,
      "location-after-char-end": 4313,
      "node-str": ""
    },
    {
      "type": "move-subtree",
      "node": {
        "label": "",
        "type": "MethodDeclaration"
      },
      "location-before-char-start": 4316,
      "location-before-char-end": 4406,
      "location-after-char-start": 4316,
      "location-after-char-end": 4406,
      "node-str": ""
    },
    {
      "type": "move-subtree",
      "node": {
        "label": "",
        "type": "MethodDeclaration"
      },
      "location-before-char-start": 4409,
      "location-before-char-end": 4556,
      "location-after-char-start": 4409,
      "location-after-char-end": 4556,
      "node-str": ""
    },
    {
      "type": "move-subtree",
      "node": {
        "label": "",
        "type": "MethodDeclaration"
      },
      "location-before-char-start": 4559,
      "location-before-char-end": 4665,
      "location-after-char-start": 4559,
      "location-after-char-end": 4665,
      "node-str": ""
    },
    {
      "type": "move-subtree",
      "node": {
        "label": "",
        "type": "MethodDeclaration"
      },
      "location-before-char-start": 4668,
      "location-before-char-end": 4754,
      "location-after-char-start": 4668,
      "location-after-char-end": 4754,
      "node-str": ""
    },
    {
      "type": "move-subtree",
      "node": {
        "label": "",
        "type": "MethodDeclaration"
      },
      "location-before-char-start": 4757,
      "location-before-char-end": 4837,
      "location-after-char-start": 4757,
      "location-after-char-end": 4837,
      "node-str": ""
    },
    {
      "type": "move-subtree",
      "node": {
        "label": "",
        "type": "MethodDeclaration"
      },
      "location-before-char-start": 4840,
      "location-before-char-end": 5168,
      "location-after-char-start": 4840,
      "location-after-char-end": 5168,
      "node-str": ""
    },
    {
      "type": "move-subtree",
      "node": {
        "label": "",
        "type": "MethodDeclaration"
      },
      "location-before-char-start": 5171,
      "location-before-char-end": 5254,
      "location-after-char-start": 5171,
      "location-after-char-end": 5254,
      "node-str": ""
    },
    {
      "type": "insert-node",
      "node": {
        "label": "",
        "type": "MethodDeclaration"
      },
      "location-after-char-start": 5257,
      "location-after-char-end": 5361,
      "node-str": ""
    },
    {
      "type": "insert-node",
      "node": {
        "label": "",
        "type": "MethodDeclaration"
      },
      "location-after-char-start": 5364,
      "location-after-char-end": 5479,
      "node-str": ""
    },
    {
      "type": "move-subtree",
      "node": {
        "label": "",
        "type": "MethodDeclaration"
      },
      "location-before-char-start": 5561,
      "location-before-char-end": 5779,
      "location-after-char-start": 5482,
      "location-after-char-end": 5700,
      "node-str": ""
    },
    {
      "type": "move-subtree",
      "node": {
        "label": "",
        "type": "MethodDeclaration"
      },
      "location-before-char-start": 5782,
      "location-before-char-end": 6046,
      "location-after-char-start": 5703,
      "location-after-char-end": 5967,
      "node-str": ""
    },
    {
      "type": "move-subtree",
      "node": {
        "label": "",
        "type": "MethodDeclaration"
      },
      "location-before-char-start": 6049,
      "location-before-char-end": 7816,
      "location-after-char-start": 5970,
      "location-after-char-end": 7737,
      "node-str": ""
    },
    {
      "type": "move-subtree",
      "node": {
        "label": "",
        "type": "MethodDeclaration"
      },
      "location-before-char-start": 7819,
      "location-before-char-end": 8678,
      "location-after-char-start": 7740,
      "location-after-char-end": 8599,
      "node-str": ""
    },
    {
      "type": "move-subtree",
      "node": {
        "label": "",
        "type": "MethodDeclaration"
      },
      "location-before-char-start": 8681,
      "location-before-char-end": 8796,
      "location-after-char-start": 8602,
      "location-after-char-end": 8717,
      "node-str": ""
    },
    {
      "type": "move-subtree",
      "node": {
        "label": "",
        "type": "MethodDeclaration"
      },
      "location-before-char-start": 8799,
      "location-before-char-end": 8926,
      "location-after-char-start": 8720,
      "location-after-char-end": 8847,
      "node-str": ""
    },
    {
      "type": "move-subtree",
      "node": {
        "label": "",
        "type": "MethodDeclaration"
      },
      "location-before-char-start": 8929,
      "location-before-char-end": 9095,
      "location-after-char-start": 8850,
      "location-after-char-end": 9016,
      "node-str": ""
    },
    {
      "type": "move-subtree",
      "node": {
        "label": "",
        "type": "MethodDeclaration"
      },
      "location-before-char-start": 9098,
      "location-before-char-end": 9235,
      "location-after-char-start": 9019,
      "location-after-char-end": 9156,
      "node-str": ""
    },
    {
      "type": "move-subtree",
      "node": {
        "label": "",
        "type": "MethodDeclaration"
      },
      "location-before-char-start": 9238,
      "location-before-char-end": 9544,
      "location-after-char-start": 9159,
      "location-after-char-end": 9465,
      "node-str": ""
    },
    {
      "type": "move-subtree",
      "node": {
        "label": "",
        "type": "MethodDeclaration"
      },
      "location-before-char-start": 9547,
      "location-before-char-end": 10100,
      "location-after-char-start": 9468,
      "location-after-char-end": 10021,
      "node-str": ""
    },
    {
      "type": "move-subtree",
      "node": {
        "label": "",
        "type": "MethodDeclaration"
      },
      "location-before-char-start": 10103,
      "location-before-char-end": 10214,
      "location-after-char-start": 10024,
      "location-after-char-end": 10135,
      "node-str": ""
    },
    {
      "type": "move-subtree",
      "node": {
        "label": "",
        "type": "MethodDeclaration"
      },
      "location-before-char-start": 10217,
      "location-before-char-end": 10371,
      "location-after-char-start": 10138,
      "location-after-char-end": 10292,
      "node-str": ""
    },
    {
      "type": "move-subtree",
      "node": {
        "label": "",
        "type": "MethodDeclaration"
      },
      "location-before-char-start": 10374,
      "location-before-char-end": 10755,
      "location-after-char-start": 10295,
      "location-after-char-end": 10676,
      "node-str": ""
    },
    {
      "type": "move-subtree",
      "node": {
        "label": "",
        "type": "MethodDeclaration"
      },
      "location-before-char-start": 10758,
      "location-before-char-end": 10933,
      "location-after-char-start": 10679,
      "location-after-char-end": 10854,
      "node-str": ""
    },
    {
      "type": "move-subtree",
      "node": {
        "label": "",
        "type": "MethodDeclaration"
      },
      "location-before-char-start": 10936,
      "location-before-char-end": 11128,
      "location-after-char-start": 10857,
      "location-after-char-end": 11049,
      "node-str": ""
    },
    {
      "type": "move-subtree",
      "node": {
        "label": "",
        "type": "MethodDeclaration"
      },
      "location-before-char-start": 11131,
      "location-before-char-end": 11381,
      "location-after-char-start": 11052,
      "location-after-char-end": 11302,
      "node-str": ""
    },
    {
      "type": "move-subtree",
      "node": {
        "label": "",
        "type": "MethodDeclaration"
      },
      "location-before-char-start": 11384,
      "location-before-char-end": 11686,
      "location-after-char-start": 11305,
      "location-after-char-end": 11607,
      "node-str": ""
    },
    {
      "type": "move-subtree",
      "node": {
        "label": "",
        "type": "MethodDeclaration"
      },
      "location-before-char-start": 11689,
      "location-before-char-end": 12161,
      "location-after-char-start": 11610,
      "location-after-char-end": 12082,
      "node-str": ""
    },
    {
      "type": "move-subtree",
      "node": {
        "label": "",
        "type": "MethodDeclaration"
      },
      "location-before-char-start": 12164,
      "location-before-char-end": 12677,
      "location-after-char-start": 12085,
      "location-after-char-end": 12598,
      "node-str": ""
    },
    {
      "type": "move-subtree",
      "node": {
        "label": "",
        "type": "MethodDeclaration"
      },
      "location-before-char-start": 12680,
      "location-before-char-end": 12918,
      "location-after-char-start": 12601,
      "location-after-char-end": 12839,
      "node-str": ""
    },
    {
      "type": "move-subtree",
      "node": {
        "label": "",
        "type": "MethodDeclaration"
      },
      "location-before-char-start": 12921,
      "location-before-char-end": 13278,
      "location-after-char-start": 12842,
      "location-after-char-end": 13199,
      "node-str": ""
    },
    {
      "type": "move-subtree",
      "node": {
        "label": "",
        "type": "MethodDeclaration"
      },
      "location-before-char-start": 13281,
      "location-before-char-end": 13672,
      "location-after-char-start": 13202,
      "location-after-char-end": 13593,
      "node-str": ""
    },
    {
      "type": "move-subtree",
      "node": {
        "label": "",
        "type": "MethodDeclaration"
      },
      "location-before-char-start": 13678,
      "location-before-char-end": 13751,
      "location-after-char-start": 13599,
      "location-after-char-end": 13672,
      "node-str": ""
    },
    {
      "type": "move-subtree",
      "node": {
        "label": "",
        "type": "MethodDeclaration"
      },
      "location-before-char-start": 13757,
      "location-before-char-end": 13823,
      "location-after-char-start": 13678,
      "location-after-char-end": 13744,
      "node-str": ""
    },
    {
      "type": "move-subtree",
      "node": {
        "label": "",
        "type": "MethodDeclaration"
      },
      "location-before-char-start": 13826,
      "location-before-char-end": 13943,
      "location-after-char-start": 13747,
      "location-after-char-end": 13864,
      "node-str": ""
    },
    {
      "type": "move-subtree",
      "node": {
        "label": "",
        "type": "MethodDeclaration"
      },
      "location-before-char-start": 13946,
      "location-before-char-end": 14027,
      "location-after-char-start": 13867,
      "location-after-char-end": 13948,
      "node-str": ""
    },
    {
      "type": "move-subtree",
      "node": {
        "label": "",
        "type": "MethodDeclaration"
      },
      "location-before-char-start": 14030,
      "location-before-char-end": 14171,
      "location-after-char-start": 13951,
      "location-after-char-end": 14092,
      "node-str": ""
    },
    {
      "type": "move-subtree",
      "node": {
        "label": "",
        "type": "MethodDeclaration"
      },
      "location-before-char-start": 14174,
      "location-before-char-end": 14286,
      "location-after-char-start": 14095,
      "location-after-char-end": 14207,
      "node-str": ""
    },
    {
      "type": "move-subtree",
      "node": {
        "label": "",
        "type": "MethodDeclaration"
      },
      "location-before-char-start": 14289,
      "location-before-char-end": 14717,
      "location-after-char-start": 14210,
      "location-after-char-end": 14638,
      "node-str": ""
    },
    {
      "type": "move-subtree",
      "node": {
        "label": "",
        "type": "MethodDeclaration"
      },
      "location-before-char-start": 14720,
      "location-before-char-end": 14907,
      "location-after-char-start": 14641,
      "location-after-char-end": 14828,
      "node-str": ""
    },
    {
      "type": "move-subtree",
      "node": {
        "label": "",
        "type": "MethodDeclaration"
      },
      "location-before-char-start": 14910,
      "location-before-char-end": 15284,
      "location-after-char-start": 14831,
      "location-after-char-end": 15205,
      "node-str": ""
    },
    {
      "type": "move-subtree",
      "node": {
        "label": "",
        "type": "MethodDeclaration"
      },
      "location-before-char-start": 15287,
      "location-before-char-end": 15452,
      "location-after-char-start": 15208,
      "location-after-char-end": 15373,
      "node-str": ""
    },
    {
      "type": "move-subtree",
      "node": {
        "label": "",
        "type": "MethodDeclaration"
      },
      "location-before-char-start": 15455,
      "location-before-char-end": 15813,
      "location-after-char-start": 15376,
      "location-after-char-end": 15734,
      "node-str": ""
    },
    {
      "type": "move-subtree",
      "node": {
        "label": "",
        "type": "MethodDeclaration"
      },
      "location-before-char-start": 15816,
      "location-before-char-end": 15893,
      "location-after-char-start": 15737,
      "location-after-char-end": 15814,
      "node-str": ""
    },
    {
      "type": "move-subtree",
      "node": {
        "label": "",
        "type": "MethodDeclaration"
      },
      "location-before-char-start": 15898,
      "location-before-char-end": 15958,
      "location-after-char-start": 15819,
      "location-after-char-end": 15879,
      "node-str": ""
    },
    {
      "type": "move-subtree",
      "node": {
        "label": "",
        "type": "MethodDeclaration"
      },
      "location-before-char-start": 15960,
      "location-before-char-end": 16166,
      "location-after-char-start": 15881,
      "location-after-char-end": 16087,
      "node-str": ""
    },
    {
      "type": "move-subtree",
      "node": {
        "label": "",
        "type": "MethodDeclaration"
      },
      "location-before-char-start": 16169,
      "location-before-char-end": 16673,
      "location-after-char-start": 16090,
      "location-after-char-end": 16594,
      "node-str": ""
    },
    {
      "type": "move-subtree",
      "node": {
        "label": "",
        "type": "MethodDeclaration"
      },
      "location-before-char-start": 16676,
      "location-before-char-end": 17223,
      "location-after-char-start": 16597,
      "location-after-char-end": 17144,
      "node-str": ""
    },
    {
      "type": "move-subtree",
      "node": {
        "label": "",
        "type": "MethodDeclaration"
      },
      "location-before-char-start": 17226,
      "location-before-char-end": 17426,
      "location-after-char-start": 17147,
      "location-after-char-end": 17347,
      "node-str": ""
    },
    {
      "type": "move-subtree",
      "node": {
        "label": "",
        "type": "MethodDeclaration"
      },
      "location-before-char-start": 17429,
      "location-before-char-end": 17523,
      "location-after-char-start": 17350,
      "location-after-char-end": 17444,
      "node-str": ""
    },
    {
      "type": "move-subtree",
      "node": {
        "label": "",
        "type": "MethodDeclaration"
      },
      "location-before-char-start": 17526,
      "location-before-char-end": 17829,
      "location-after-char-start": 17447,
      "location-after-char-end": 17750,
      "node-str": ""
    },
    {
      "type": "move-subtree",
      "node": {
        "label": "",
        "type": "MethodDeclaration"
      },
      "location-before-char-start": 17832,
      "location-before-char-end": 17965,
      "location-after-char-start": 17753,
      "location-after-char-end": 17886,
      "node-str": ""
    },
    {
      "type": "move-subtree",
      "node": {
        "label": "",
        "type": "MethodDeclaration"
      },
      "location-before-char-start": 17968,
      "location-before-char-end": 18187,
      "location-after-char-start": 17889,
      "location-after-char-end": 18108,
      "node-str": ""
    },
    {
      "type": "move-subtree",
      "node": {
        "label": "",
        "type": "MethodDeclaration"
      },
      "location-before-char-start": 18190,
      "location-before-char-end": 18357,
      "location-after-char-start": 18111,
      "location-after-char-end": 18278,
      "node-str": ""
    },
    {
      "type": "move-subtree",
      "node": {
        "label": "",
        "type": "MethodDeclaration"
      },
      "location-before-char-start": 18363,
      "location-before-char-end": 18431,
      "location-after-char-start": 18284,
      "location-after-char-end": 18352,
      "node-str": ""
    },
    {
      "type": "move-subtree",
      "node": {
        "label": "",
        "type": "MethodDeclaration"
      },
      "location-before-char-start": 18434,
      "location-before-char-end": 18601,
      "location-after-char-start": 18355,
      "location-after-char-end": 18522,
      "node-str": ""
    },
    {
      "type": "move-subtree",
      "node": {
        "label": "",
        "type": "MethodDeclaration"
      },
      "location-before-char-start": 18604,
      "location-before-char-end": 18823,
      "location-after-char-start": 18525,
      "location-after-char-end": 18744,
      "node-str": ""
    },
    {
      "type": "move-subtree",
      "node": {
        "label": "",
        "type": "MethodDeclaration"
      },
      "location-before-char-start": 18829,
      "location-before-char-end": 18897,
      "location-after-char-start": 18750,
      "location-after-char-end": 18818,
      "node-str": ""
    },
    {
      "type": "move-subtree",
      "node": {
        "label": "",
        "type": "MethodDeclaration"
      },
      "location-before-char-start": 18900,
      "location-before-char-end": 19033,
      "location-after-char-start": 18821,
      "location-after-char-end": 18954,
      "node-str": ""
    },
    {
      "type": "move-subtree",
      "node": {
        "label": "",
        "type": "MethodDeclaration"
      },
      "location-before-char-start": 19036,
      "location-before-char-end": 19177,
      "location-after-char-start": 18957,
      "location-after-char-end": 19098,
      "node-str": ""
    },
    {
      "type": "move-subtree",
      "node": {
        "label": "",
        "type": "MethodDeclaration"
      },
      "location-before-char-start": 19180,
      "location-before-char-end": 19542,
      "location-after-char-start": 19101,
      "location-after-char-end": 19463,
      "node-str": ""
    },
    {
      "type": "move-subtree",
      "node": {
        "label": "",
        "type": "MethodDeclaration"
      },
      "location-before-char-start": 19548,
      "location-before-char-end": 19856,
      "location-after-char-start": 19469,
      "location-after-char-end": 19777,
      "node-str": ""
    },
    {
      "type": "move-subtree",
      "node": {
        "label": "",
        "type": "MethodDeclaration"
      },
      "location-before-char-start": 19862,
      "location-before-char-end": 20336,
      "location-after-char-start": 19783,
      "location-after-char-end": 20257,
      "node-str": ""
    },
    {
      "type": "move-subtree",
      "node": {
        "label": "",
        "type": "MethodDeclaration"
      },
      "location-before-char-start": 20339,
      "location-before-char-end": 20394,
      "location-after-char-start": 20260,
      "location-after-char-end": 20315,
      "node-str": ""
    },
    {
      "type": "move-subtree",
      "node": {
        "label": "",
        "type": "MethodDeclaration"
      },
      "location-before-char-start": 20397,
      "location-before-char-end": 20447,
      "location-after-char-start": 20318,
      "location-after-char-end": 20368,
      "node-str": ""
    },
    {
      "type": "move-subtree",
      "node": {
        "label": "",
        "type": "MethodDeclaration"
      },
      "location-before-char-start": 20450,
      "location-before-char-end": 20485,
      "location-after-char-start": 20371,
      "location-after-char-end": 20406,
      "node-str": ""
    },
    {
      "type": "move-subtree",
      "node": {
        "label": "",
        "type": "MethodDeclaration"
      },
      "location-before-char-start": 20487,
      "location-before-char-end": 20525,
      "location-after-char-start": 20408,
      "location-after-char-end": 20446,
      "node-str": ""
    },
    {
      "type": "move-subtree",
      "node": {
        "label": "",
        "type": "MethodDeclaration"
      },
      "location-before-char-start": 20528,
      "location-before-char-end": 20742,
      "location-after-char-start": 20449,
      "location-after-char-end": 20663,
      "node-str": ""
    },
    {
      "type": "move-subtree",
      "node": {
        "label": "",
        "type": "MethodDeclaration"
      },
      "location-before-char-start": 20745,
      "location-before-char-end": 20968,
      "location-after-char-start": 20666,
      "location-after-char-end": 20889,
      "node-str": ""
    },
    {
      "type": "move-subtree",
      "node": {
        "label": "",
        "type": "MethodDeclaration"
      },
      "location-before-char-start": 20971,
      "location-before-char-end": 21065,
      "location-after-char-start": 20892,
      "location-after-char-end": 20986,
      "node-str": ""
    },
    {
      "type": "move-subtree",
      "node": {
        "label": "",
        "type": "FieldDeclaration"
      },
      "location-before-char-start": 21069,
      "location-before-char-end": 21133,
      "location-after-char-start": 20990,
      "location-after-char-end": 21054,
      "node-str": ""
    },
    {
      "type": "move-subtree",
      "node": {
        "label": "",
        "type": "MethodDeclaration"
      },
      "location-before-char-start": 21136,
      "location-before-char-end": 21202,
      "location-after-char-start": 21057,
      "location-after-char-end": 21123,
      "node-str": ""
    },
    {
      "type": "move-subtree",
      "node": {
        "label": "",
        "type": "MethodDeclaration"
      },
      "location-before-char-start": 21204,
      "location-before-char-end": 21280,
      "location-after-char-start": 21125,
      "location-after-char-end": 21201,
      "node-str": ""
    },
    {
      "type": "move-subtree",
      "node": {
        "label": "",
        "type": "TypeDeclaration"
      },
      "location-before-char-start": 21282,
      "location-before-char-end": 21659,
      "location-after-char-start": 21203,
      "location-after-char-end": 21580,
      "node-str": ""
    },
    {
      "type": "move-subtree",
      "node": {
        "label": "",
        "type": "MethodDeclaration"
      },
      "location-before-char-start": 21662,
      "location-before-char-end": 21732,
      "location-after-char-start": 21583,
      "location-after-char-end": 21653,
      "node-str": ""
    },
    {
      "type": "move-subtree",
      "node": {
        "label": "",
        "type": "MethodDeclaration"
      },
      "location-before-char-start": 21735,
      "location-before-char-end": 22155,
      "location-after-char-start": 21656,
      "location-after-char-end": 22076,
      "node-str": ""
    },
    {
      "type": "move-subtree",
      "node": {
        "label": "",
        "type": "TypeDeclaration"
      },
      "location-before-char-start": 22158,
      "location-before-char-end": 23154,
      "location-after-char-start": 22079,
      "location-after-char-end": 23075,
      "node-str": ""
    },
    {
      "type": "move-subtree",
      "node": {
        "label": "",
        "type": "TypeDeclaration"
      },
      "location-before-char-start": 23157,
      "location-before-char-end": 24012,
      "location-after-char-start": 23078,
      "location-after-char-end": 23933,
      "node-str": ""
    },
    {
      "type": "move-subtree",
      "node": {
        "label": "",
        "type": "TypeDeclaration"
      },
      "location-before-char-start": 24015,
      "location-before-char-end": 25768,
      "location-after-char-start": 23936,
      "location-after-char-end": 25689,
      "node-str": ""
    },
    {
      "type": "move-subtree",
      "node": {
        "label": "",
        "type": "MethodDeclaration"
      },
      "location-before-char-start": 25771,
      "location-before-char-end": 26018,
      "location-after-char-start": 25692,
      "location-after-char-end": 25939,
      "node-str": ""
    },
    {
      "type": "move-subtree",
      "node": {
        "label": "",
        "type": "MethodDeclaration"
      },
      "location-before-char-start": 26021,
      "location-before-char-end": 26130,
      "location-after-char-start": 25942,
      "location-after-char-end": 26051,
      "node-str": ""
    },
    {
      "type": "move-subtree",
      "node": {
        "label": "",
        "type": "MethodDeclaration"
      },
      "location-before-char-start": 26133,
      "location-before-char-end": 26239,
      "location-after-char-start": 26054,
      "location-after-char-end": 26160,
      "node-str": ""
    },
    {
      "type": "move-subtree",
      "node": {
        "label": "",
        "type": "MethodDeclaration"
      },
      "location-before-char-start": 26242,
      "location-before-char-end": 26348,
      "location-after-char-start": 26163,
      "location-after-char-end": 26269,
      "node-str": ""
    },
    {
      "type": "insert-node",
      "node": {
        "label": "",
        "type": "TagElement"
      },
      "location-after-char-start": 699,
      "location-after-char-end": 742,
      "node-str": ""
    },
    {
      "type": "insert-node",
      "node": {
        "label": "",
        "type": "TagElement"
      },
      "location-after-char-start": 749,
      "location-after-char-end": 765,
      "node-str": ""
    },
    {
      "type": "insert-node",
      "node": {
        "label": "",
        "type": "TagElement"
      },
      "location-after-char-start": 769,
      "location-after-char-end": 781,
      "node-str": ""
    },
    {
      "type": "insert-node",
      "node": {
        "label": "",
        "type": "TagElement"
      },
      "location-after-char-start": 785,
      "location-after-char-end": 794,
      "node-str": ""
    },
    {
      "type": "insert-node",
      "node": {
        "label": "",
        "type": "TagElement"
      },
      "location-after-char-start": 801,
      "location-after-char-end": 829,
      "node-str": ""
    },
    {
      "type": "insert-node",
      "node": {
        "label": "JPanel",
        "type": "SimpleName"
      },
      "location-after-char-start": 877,
      "location-after-char-end": 883,
      "node-str": "JPanel"
    },
    {
      "type": "insert-node",
      "node": {
        "label": "DrawingView",
        "type": "SimpleName"
      },
      "location-after-char-start": 897,
      "location-after-char-end": 908,
      "node-str": "DrawingView"
    },
    {
      "type": "insert-node",
      "node": {
        "label": "DNDInterface",
        "type": "SimpleName"
      },
      "location-after-char-start": 912,
      "location-after-char-end": 924,
      "node-str": "DNDInterface"
    },
    {
      "type": "insert-node",
      "node": {
        "label": "java.awt.dnd.Autoscroll",
        "type": "QualifiedName"
      },
      "location-after-char-start": 926,
      "location-after-char-end": 949,
      "node-str": "java.awt.dnd.Autoscroll"
    },
    {
      "type": "insert-node",
      "node": {
        "label": "public",
        "type": "Modifier"
      },
      "location-after-char-start": 2438,
      "location-after-char-end": 2444,
      "node-str": "public"
    },
    {
      "type": "insert-node",
      "node": {
        "label": "static",
        "type": "Modifier"
      },
      "location-after-char-start": 2445,
      "location-after-char-end": 2451,
      "node-str": "static"
    },
    {
      "type": "insert-node",
      "node": {
        "label": "final",
        "type": "Modifier"
      },
      "location-after-char-start": 2452,
      "location-after-char-end": 2457,
      "node-str": "final"
    },
    {
      "type": "insert-node",
      "node": {
        "label": "int",
        "type": "PrimitiveType"
      },
      "location-after-char-start": 2458,
      "location-after-char-end": 2461,
      "node-str": "int"
    },
    {
      "type": "insert-node",
      "node": {
        "label": "",
        "type": "VariableDeclarationFragment"
      },
      "location-after-char-start": 2462,
      "location-after-char-end": 2482,
      "node-str": ""
    },
    {
      "type": "insert-node",
      "node": {
        "label": "public",
        "type": "Modifier"
      },
      "location-after-char-start": 2485,
      "location-after-char-end": 2491,
      "node-str": "public"
    },
    {
      "type": "insert-node",
      "node": {
        "label": "static",
        "type": "Modifier"
      },
      "location-after-char-start": 2492,
      "location-after-char-end": 2498,
      "node-str": "static"
    },
    {
      "type": "insert-node",
      "node": {
        "label": "final",
        "type": "Modifier"
      },
      "location-after-char-start": 2499,
      "location-after-char-end": 2504,
      "node-str": "final"
    },
    {
      "type": "insert-node",
      "node": {
        "label": "int",
        "type": "PrimitiveType"
      },
      "location-after-char-start": 2505,
      "location-after-char-end": 2508,
      "node-str": "int"
    },
    {
      "type": "insert-node",
      "node": {
        "label": "",
        "type": "VariableDeclarationFragment"
      },
      "location-after-char-start": 2509,
      "location-after-char-end": 2526,
      "node-str": ""
    },
    {
      "type": "insert-node",
      "node": {
        "label": "public",
        "type": "Modifier"
      },
      "location-after-char-start": 2529,
      "location-after-char-end": 2535,
      "node-str": "public"
    },
    {
      "type": "insert-node",
      "node": {
        "label": "static",
        "type": "Modifier"
      },
      "location-after-char-start": 2536,
      "location-after-char-end": 2542,
      "node-str": "static"
    },
    {
      "type": "insert-node",
      "node": {
        "label": "final",
        "type": "Modifier"
      },
      "location-after-char-start": 2543,
      "location-after-char-end": 2548,
      "node-str": "final"
    },
    {
      "type": "insert-node",
      "node": {
        "label": "int",
        "type": "PrimitiveType"
      },
      "location-after-char-start": 2549,
      "location-after-char-end": 2552,
      "node-str": "int"
    },
    {
      "type": "insert-node",
      "node": {
        "label": "",
        "type": "VariableDeclarationFragment"
      },
      "location-after-char-start": 2553,
      "location-after-char-end": 2571,
      "node-str": ""
    },
    {
      "type": "insert-node",
      "node": {
        "label": "private",
        "type": "Modifier"
      },
      "location-after-char-start": 2575,
      "location-after-char-end": 2582,
      "node-str": "private"
    },
    {
      "type": "insert-node",
      "node": {
        "label": "static",
        "type": "Modifier"
      },
      "location-after-char-start": 2583,
      "location-after-char-end": 2589,
      "node-str": "static"
    },
    {
      "type": "insert-node",
      "node": {
        "label": "int",
        "type": "PrimitiveType"
      },
      "location-after-char-start": 2590,
      "location-after-char-end": 2593,
      "node-str": "int"
    },
    {
      "type": "insert-node",
      "node": {
        "label": "",
        "type": "VariableDeclarationFragment"
      },
      "location-after-char-start": 2594,
      "location-after-char-end": 2601,
      "node-str": ""
    },
    {
      "type": "insert-node",
      "node": {
        "label": "private",
        "type": "Modifier"
      },
      "location-after-char-start": 2604,
      "location-after-char-end": 2611,
      "node-str": "private"
    },
    {
      "type": "insert-node",
      "node": {
        "label": "int",
        "type": "PrimitiveType"
      },
      "location-after-char-start": 2612,
      "location-after-char-end": 2615,
      "node-str": "int"
    },
    {
      "type": "insert-node",
      "node": {
        "label": "",
        "type": "VariableDeclarationFragment"
      },
      "location-after-char-start": 2616,
      "location-after-char-end": 2635,
      "node-str": ""
    },
    {
      "type": "insert-node",
      "node": {
        "label": "private",
        "type": "Modifier"
      },
      "location-after-char-start": 2639,
      "location-after-char-end": 2646,
      "node-str": "private"
    },
    {
      "type": "insert-node",
      "node": {
        "label": "",
        "type": "SimpleType"
      },
      "location-after-char-start": 2647,
      "location-after-char-end": 2656,
      "node-str": ""
    },
    {
      "type": "insert-node",
      "node": {
        "label": "",
        "type": "VariableDeclarationFragment"
      },
      "location-after-char-start": 2657,
      "location-after-char-end": 2661,
      "node-str": ""
    },
    {
      "type": "insert-node",
      "node": {
        "label": "private",
        "type": "Modifier"
      },
      "location-after-char-start": 2892,
      "location-after-char-end": 2899,
      "node-str": "private"
    },
    {
      "type": "insert-node",
      "node": {
        "label": "int",
        "type": "PrimitiveType"
      },
      "location-after-char-start": 2900,
      "location-after-char-end": 2903,
      "node-str": "int"
    },
    {
      "type": "insert-node",
      "node": {
        "label": "",
        "type": "VariableDeclarationFragment"
      },
      "location-after-char-start": 2904,
      "location-after-char-end": 2940,
      "node-str": ""
    },
    {
      "type": "insert-node",
      "node": {
        "label": "",
        "type": "Javadoc"
      },
      "location-after-char-start": 5257,
      "location-after-char-end": 5299,
      "node-str": ""
    },
    {
      "type": "insert-node",
      "node": {
        "label": "public",
        "type": "Modifier"
      },
      "location-after-char-start": 5301,
      "location-after-char-end": 5307,
      "node-str": "public"
    },
    {
      "type": "insert-node",
      "node": {
        "label": "void",
        "type": "PrimitiveType"
      },
      "location-after-char-start": 5308,
      "location-after-char-end": 5312,
      "node-str": "void"
    },
    {
      "type": "insert-node",
      "node": {
        "label": "add",
        "type": "SimpleName"
      },
      "location-after-char-start": 5313,
      "location-after-char-end": 5316,
      "node-str": "add"
    },
    {
      "type": "insert-node",
      "node": {
        "label": "",
        "type": "SingleVariableDeclaration"
      },
      "location-after-char-start": 5317,
      "location-after-char-end": 5330,
      "node-str": ""
    },
    {
      "type": "insert-node",
      "node": {
        "label": "",
        "type": "Block"
      },
      "location-after-char-start": 5332,
      "location-after-char-end": 5361,
      "node-str": ""
    },
    {
      "type": "insert-node",
      "node": {
        "label": "",
        "type": "Javadoc"
      },
      "location-after-char-start": 5364,
      "location-after-char-end": 5411,
      "node-str": ""
    },
    {
      "type": "insert-node",
      "node": {
        "label": "public",
        "type": "Modifier"
      },
      "location-after-char-start": 5413,
      "location-after-char-end": 5419,
      "node-str": "public"
    },
    {
      "type": "insert-node",
      "node": {
        "label": "void",
        "type": "PrimitiveType"
      },
      "location-after-char-start": 5420,
      "location-after-char-end": 5424,
      "node-str": "void"
    },
    {
      "type": "insert-node",
      "node": {
        "label": "remove",
        "type": "SimpleName"
      },
      "location-after-char-start": 5425,
      "location-after-char-end": 5431,
      "node-str": "remove"
    },
    {
      "type": "insert-node",
      "node": {
        "label": "",
        "type": "SingleVariableDeclaration"
      },
      "location-after-char-start": 5432,
      "location-after-char-end": 5445,
      "node-str": ""
    },
    {
      "type": "insert-node",
      "node": {
        "label": "",
        "type": "Block"
      },
      "location-after-char-start": 5447,
      "location-after-char-end": 5479,
      "node-str": ""
    },
    {
      "type": "insert-node",
      "node": {
        "label": "The standard implementation of DrawingView.",
        "type": "TextElement"
      },
      "location-after-char-start": 699,
      "location-after-char-end": 742,
      "node-str": "The standard implementation of DrawingView."
    },
    {
      "type": "insert-node",
      "node": {
        "label": "DrawingView",
        "type": "SimpleName"
      },
      "location-after-char-start": 754,
      "location-after-char-end": 765,
      "node-str": "DrawingView"
    },
    {
      "type": "insert-node",
      "node": {
        "label": "Painter",
        "type": "SimpleName"
      },
      "location-after-char-start": 774,
      "location-after-char-end": 781,
      "node-str": "Painter"
    },
    {
      "type": "insert-node",
      "node": {
        "label": "Tool",
        "type": "SimpleName"
      },
      "location-after-char-start": 790,
      "location-after-char-end": 794,
      "node-str": "Tool"
    },
    {
      "type": "insert-node",
      "node": {
        "label": " \u003c$CURRENT_VERSION$\u003e",
        "type": "TextElement"
      },
      "location-after-char-start": 809,
      "location-after-char-end": 829,
      "node-str": " \u003c$CURRENT_VERSION$\u003e"
    },
    {
      "type": "insert-node",
      "node": {
        "label": "MINIMUM_HEIGHT",
        "type": "SimpleName"
      },
      "location-after-char-start": 2462,
      "location-after-char-end": 2476,
      "node-str": "MINIMUM_HEIGHT"
    },
    {
      "type": "insert-node",
      "node": {
        "label": "300",
        "type": "NumberLiteral"
      },
      "location-after-char-start": 2479,
      "location-after-char-end": 2482,
      "node-str": "300"
    },
    {
      "type": "insert-node",
      "node": {
        "label": "SCROLL_INCR",
        "type": "SimpleName"
      },
      "location-after-char-start": 2509,
      "location-after-char-end": 2520,
      "node-str": "SCROLL_INCR"
    },
    {
      "type": "insert-node",
      "node": {
        "label": "100",
        "type": "NumberLiteral"
      },
      "location-after-char-start": 2523,
      "location-after-char-end": 2526,
      "node-str": "100"
    },
    {
      "type": "insert-node",
      "node": {
        "label": "SCROLL_OFFSET",
        "type": "SimpleName"
      },
      "location-after-char-start": 2553,
      "location-after-char-end": 2566,
      "node-str": "SCROLL_OFFSET"
    },
    {
      "type": "insert-node",
      "node": {
        "label": "10",
        "type": "NumberLiteral"
      },
      "location-after-char-start": 2569,
      "location-after-char-end": 2571,
      "node-str": "10"
    },
    {
      "type": "insert-node",
      "node": {
        "label": "counter",
        "type": "SimpleName"
      },
      "location-after-char-start": 2594,
      "location-after-char-end": 2601,
      "node-str": "counter"
    },
    {
      "type": "insert-node",
      "node": {
        "label": "myCounter",
        "type": "SimpleName"
      },
      "location-after-char-start": 2616,
      "location-after-char-end": 2625,
      "node-str": "myCounter"
    },
    {
      "type": "insert-node",
      "node": {
        "label": "counter",
        "type": "SimpleName"
      },
      "location-after-char-start": 2628,
      "location-after-char-end": 2635,
      "node-str": "counter"
    },
    {
      "type": "insert-node",
      "node": {
        "label": "DNDHelper",
        "type": "SimpleName"
      },
      "location-after-char-start": 2647,
      "location-after-char-end": 2656,
      "node-str": "DNDHelper"
    },
    {
      "type": "insert-node",
      "node": {
        "label": "dndh",
        "type": "SimpleName"
      },
      "location-after-char-start": 2657,
      "location-after-char-end": 2661,
      "node-str": "dndh"
    },
    {
      "type": "insert-node",
      "node": {
        "label": "drawingViewSerializedDataVersion",
        "type": "SimpleName"
      },
      "location-after-char-start": 2904,
      "location-after-char-end": 2936,
      "node-str": "drawingViewSerializedDataVersion"
    },
    {
      "type": "insert-node",
      "node": {
        "label": "1",
        "type": "NumberLiteral"
      },
      "location-after-char-start": 2939,
      "location-after-char-end": 2940,
      "node-str": "1"
    },
    {
      "type": "insert-node",
      "node": {
        "label": "",
        "type": "TagElement"
      },
      "location-after-char-start": 5265,
      "location-after-char-end": 5294,
      "node-str": ""
    },
    {
      "type": "insert-node",
      "node": {
        "label": "",
        "type": "SimpleType"
      },
      "location-after-char-start": 5317,
      "location-after-char-end": 5323,
      "node-str": ""
    },
    {
      "type": "insert-node",
      "node": {
        "label": "figure",
        "type": "SimpleName"
      },
      "location-after-char-start": 5324,
      "location-after-char-end": 5330,
      "node-str": "figure"
    },
    {
      "type": "insert-node",
      "node": {
        "label": "",
        "type": "ExpressionStatement"
      },
      "location-after-char-start": 5336,
      "location-after-char-end": 5358,
      "node-str": ""
    },
    {
      "type": "insert-node",
      "node": {
        "label": "",
        "type": "TagElement"
      },
      "location-after-char-start": 5372,
      "location-after-char-end": 5406,
      "node-str": ""
    },
    {
      "type": "insert-node",
      "node": {
        "label": "",
        "type": "SimpleType"
      },
      "location-after-char-start": 5432,
      "location-after-char-end": 5438,
      "node-str": ""
    },
    {
      "type": "insert-node",
      "node": {
        "label": "figure",
        "type": "SimpleName"
      },
      "location-after-char-start": 5439,
      "location-after-char-end": 5445,
      "node-str": "figure"
    },
    {
      "type": "insert-node",
      "node": {
        "label": "",
        "type": "ExpressionStatement"
      },
      "location-after-char-start": 5451,
      "location-after-char-end": 5476,
      "node-str": ""
    },
    {
      "type": "insert-node",
      "node": {
        "label": "Adds a figure to the drawing.",
        "type": "TextElement"
      },
      "location-after-char-start": 5265,
      "location-after-char-end": 5294,
      "node-str": "Adds a figure to the drawing."
    },
    {
      "type": "insert-node",
      "node": {
        "label": "Figure",
        "type": "SimpleName"
      },
      "location-after-char-start": 5317,
      "location-after-char-end": 5323,
      "node-str": "Figure"
    },
    {
      "type": "move-subtree",
      "node": {
        "label": "",
        "type": "MethodInvocation"
      },
      "location-before-char-start": 5375,
      "location-before-char-end": 5396,
      "location-after-char-start": 5336,
      "location-after-char-end": 5357,
      "node-str": ""
    },
    {
      "type": "insert-node",
      "node": {
        "label": "Removes a figure from the drawing.",
        "type": "TextElement"
      },
      "location-after-char-start": 5372,
      "location-after-char-end": 5406,
      "node-str": "Removes a figure from the drawing."
    },
    {
      "type": "insert-node",
      "node": {
        "label": "Figure",
        "type": "SimpleName"
      },
      "location-after-char-start": 5432,
      "location-after-char-end": 5438,
      "node-str": "Figure"
    },
    {
      "type": "move-subtree",
      "node": {
        "label": "",
        "type": "MethodInvocation"
      },
      "location-before-char-start": 5530,
      "location-before-char-end": 5554,
      "location-after-char-start": 5451,
      "location-after-char-end": 5475,
      "node-str": ""
    },
    {
      "type": "delete-node",
      "node": {
        "label": "CH.ifa.draw.standard",
        "type": "QualifiedName"
      },
      "location-before-char-start": 350,
      "location-before-char-end": 370,
      "node-str": "CH.ifa.draw.standard"
    },
    {
      "type": "delete-node",
      "node": {
        "label": "",
        "type": "PackageDeclaration"
      },
      "location-before-char-start": 342,
      "location-before-char-end": 371,
      "node-str": ""
    },
    {
      "type": "delete-node",
      "node": {
        "label": "CH.ifa.draw.contrib.AutoscrollHelper",
        "type": "QualifiedName"
      },
      "location-before-char-start": 380,
      "location-before-char-end": 416,
      "node-str": "CH.ifa.draw.contrib.AutoscrollHelper"
    },
    {
      "type": "delete-node",
      "node": {
        "label": "",
        "type": "ImportDeclaration"
      },
      "location-before-char-start": 373,
      "location-before-char-end": 417,
      "node-str": ""
    },
    {
      "type": "delete-node",
      "node": {
        "label": "CH.ifa.draw.contrib.dnd.DNDHelper",
        "type": "QualifiedName"
      },
      "location-before-char-start": 425,
      "location-before-char-end": 458,
      "node-str": "CH.ifa.draw.contrib.dnd.DNDHelper"
    },
    {
      "type": "delete-node",
      "node": {
        "label": "",
        "type": "ImportDeclaration"
      },
      "location-before-char-start": 418,
      "location-before-char-end": 459,
      "node-str": ""
    },
    {
      "type": "delete-node",
      "node": {
        "label": "CH.ifa.draw.contrib.dnd.DNDInterface",
        "type": "QualifiedName"
      },
      "location-before-char-start": 467,
      "location-before-char-end": 503,
      "node-str": "CH.ifa.draw.contrib.dnd.DNDInterface"
    },
    {
      "type": "delete-node",
      "node": {
        "label": "",
        "type": "ImportDeclaration"
      },
      "location-before-char-start": 460,
      "location-before-char-end": 504,
      "node-str": ""
    },
    {
      "type": "delete-node",
      "node": {
        "label": "CH.ifa.draw.util",
        "type": "QualifiedName"
      },
      "location-before-char-start": 512,
      "location-before-char-end": 528,
      "node-str": "CH.ifa.draw.util"
    },
    {
      "type": "delete-node",
      "node": {
        "label": "",
        "type": "ImportDeclaration"
      },
      "location-before-char-start": 505,
      "location-before-char-end": 531,
      "node-str": ""
    },
    {
      "type": "delete-node",
      "node": {
        "label": "CH.ifa.draw.framework",
        "type": "QualifiedName"
      },
      "location-before-char-start": 539,
      "location-before-char-end": 560,
      "node-str": "CH.ifa.draw.framework"
    },
    {
      "type": "delete-node",
      "node": {
        "label": "",
        "type": "ImportDeclaration"
      },
      "location-before-char-start": 532,
      "location-before-char-end": 563,
      "node-str": ""
    },
    {
      "type": "delete-node",
      "node": {
        "label": "javax.swing",
        "type": "QualifiedName"
      },
      "location-before-char-start": 571,
      "location-before-char-end": 582,
      "node-str": "javax.swing"
    },
    {
      "type": "delete-node",
      "node": {
        "label": "",
        "type": "ImportDeclaration"
      },
      "location-before-char-start": 564,
      "location-before-char-end": 585,
      "node-str": ""
    },
    {
      "type": "delete-node",
      "node": {
        "label": "java.awt",
        "type": "QualifiedName"
      },
      "location-before-char-start": 593,
      "location-before-char-end": 601,
      "node-str": "java.awt"
    },
    {
      "type": "delete-node",
      "node": {
        "label": "",
        "type": "ImportDeclaration"
      },
      "location-before-char-start": 586,
      "location-before-char-end": 604,
      "node-str": ""
    },
    {
      "type": "delete-node",
      "node": {
        "label": "java.awt.event",
        "type": "QualifiedName"
      },
      "location-before-char-start": 612,
      "location-before-char-end": 626,
      "node-str": "java.awt.event"
    },
    {
      "type": "delete-node",
      "node": {
        "label": "",
        "type": "ImportDeclaration"
      },
      "location-before-char-start": 605,
      "location-before-char-end": 629,
      "node-str": ""
    },
    {
      "type": "delete-node",
      "node": {
        "label": "java.util",
        "type": "QualifiedName"
      },
      "location-before-char-start": 637,
      "location-before-char-end": 646,
      "node-str": "java.util"
    },
    {
      "type": "delete-node",
      "node": {
        "label": "",
        "type": "ImportDeclaration"
      },
      "location-before-char-start": 630,
      "location-before-char-end": 649,
      "node-str": ""
    },
    {
      "type": "delete-node",
      "node": {
        "label": "java.util.List",
        "type": "QualifiedName"
      },
      "location-before-char-start": 657,
      "location-before-char-end": 671,
      "node-str": "java.util.List"
    },
    {
      "type": "delete-node",
      "node": {
        "label": "",
        "type": "ImportDeclaration"
      },
      "location-before-char-start": 650,
      "location-before-char-end": 672,
      "node-str": ""
    },
    {
      "type": "delete-node",
      "node": {
        "label": "java.io",
        "type": "QualifiedName"
      },
      "location-before-char-start": 680,
      "location-before-char-end": 687,
      "node-str": "java.io"
    },
    {
      "type": "delete-node",
      "node": {
        "label": "",
        "type": "ImportDeclaration"
      },
      "location-before-char-start": 673,
      "location-before-char-end": 690,
      "node-str": ""
    },
    {
      "type": "delete-node",
      "node": {
        "label": "The standard implementation of DrawingView.",
        "type": "TextElement"
      },
      "location-before-char-start": 699,
      "location-before-char-end": 742,
      "node-str": "The standard implementation of DrawingView."
    },
    {
      "type": "delete-node",
      "node": {
        "label": "",
        "type": "TagElement"
      },
      "location-before-char-start": 699,
      "location-before-char-end": 742,
      "node-str": ""
    },
    {
      "type": "delete-node",
      "node": {
        "label": "DrawingView",
        "type": "SimpleName"
      },
      "location-before-char-start": 754,
      "location-before-char-end": 765,
      "node-str": "DrawingView"
    },
    {
      "type": "delete-node",
      "node": {
        "label": "",
        "type": "TagElement"
      },
      "location-before-char-start": 749,
      "location-before-char-end": 765,
      "node-str": ""
    },
    {
      "type": "delete-node",
      "node": {
        "label": "Painter",
        "type": "SimpleName"
      },
      "location-before-char-start": 774,
      "location-before-char-end": 781,
      "node-str": "Painter"
    },
    {
      "type": "delete-node",
      "node": {
        "label": "",
        "type": "TagElement"
      },
      "location-before-char-start": 769,
      "location-before-char-end": 781,
      "node-str": ""
    },
    {
      "type": "delete-node",
      "node": {
        "label": "Tool",
        "type": "SimpleName"
      },
      "location-before-char-start": 790,
      "location-before-char-end": 794,
      "node-str": "Tool"
    },
    {
      "type": "delete-node",
      "node": {
        "label": "",
        "type": "TagElement"
      },
      "location-before-char-start": 785,
      "location-before-char-end": 794,
      "node-str": ""
    },
    {
      "type": "delete-node",
      "node": {
        "label": " \u003c$CURRENT_VERSION$\u003e",
        "type": "TextElement"
      },
      "location-before-char-start": 809,
      "location-before-char-end": 829,
      "node-str": " \u003c$CURRENT_VERSION$\u003e"
    },
    {
      "type": "delete-node",
      "node": {
        "label": "",
        "type": "TagElement"
      },
      "location-before-char-start": 801,
      "location-before-char-end": 829,
      "node-str": ""
    },
    {
      "type": "delete-node",
      "node": {
        "label": "",
        "type": "Javadoc"
      },
      "location-before-char-start": 692,
      "location-before-char-end": 833,
      "node-str": ""
    },
    {
      "type": "delete-node",
      "node": {
        "label": "public",
        "type": "Modifier"
      },
      "location-before-char-start": 834,
      "location-before-char-end": 840,
      "node-str": "public"
    },
    {
      "type": "delete-node",
      "node": {
        "label": "class",
        "type": "TYPE_DECLARATION_KIND"
      },
      "location-before-char-start": 841,
      "location-before-char-end": 846,
      "node-str": "class"
    },
    {
      "type": "delete-node",
      "node": {
        "label": "StandardDrawingView",
        "type": "SimpleName"
      },
      "location-before-char-start": 847,
      "location-before-char-end": 866,
      "node-str": "StandardDrawingView"
    },
    {
      "type": "delete-node",
      "node": {
        "label": "JPanel",
        "type": "SimpleName"
      },
      "location-before-char-start": 877,
      "location-before-char-end": 883,
      "node-str": "JPanel"
    },
    {
      "type": "delete-node",
      "node": {
        "label": "",
        "type": "SimpleType"
      },
      "location-before-char-start": 877,
      "location-before-char-end": 883,
      "node-str": ""
    },
    {
      "type": "delete-node",
      "node": {
        "label": "DrawingView",
        "type": "SimpleName"
      },
      "location-before-char-start": 897,
      "location-before-char-end": 908,
      "node-str": "DrawingView"
    },
    {
      "type": "delete-node",
      "node": {
        "label": "",
        "type": "SimpleType"
      },
      "location-before-char-start": 897,
      "location-before-char-end": 908,
      "node-str": ""
    },
    {
      "type": "delete-node",
      "node": {
        "label": "DNDInterface",
        "type": "SimpleName"
      },
      "location-before-char-start": 912,
      "location-before-char-end": 924,
      "node-str": "DNDInterface"
    },
    {
      "type": "delete-node",
      "node": {
        "label": "",
        "type": "SimpleType"
      },
      "location-before-char-start": 912,
      "location-before-char-end": 924,
      "node-str": ""
    },
    {
      "type": "delete-node",
      "node": {
        "label": "java.awt.dnd.Autoscroll",
        "type": "QualifiedName"
      },
      "location-before-char-start": 926,
      "location-before-char-end": 949,
      "node-str": "java.awt.dnd.Autoscroll"
    },
    {
      "type": "delete-node",
      "node": {
        "label": "",
        "type": "SimpleType"
      },
      "location-before-char-start": 926,
      "location-before-char-end": 949,
      "node-str": ""
    },
    {
      "type": "delete-node",
      "node": {
        "label": "public",
        "type": "Modifier"
      },
      "location-before-char-start": 2438,
      "location-before-char-end": 2444,
      "node-str": "public"
    },
    {
      "type": "delete-node",
      "node": {
        "label": "static",
        "type": "Modifier"
      },
      "location-before-char-start": 2445,
      "location-before-char-end": 2451,
      "node-str": "static"
    },
    {
      "type": "delete-node",
      "node": {
        "label": "final",
        "type": "Modifier"
      },
      "location-before-char-start": 2452,
      "location-before-char-end": 2457,
      "node-str": "final"
    },
    {
      "type": "delete-node",
      "node": {
        "label": "int",
        "type": "PrimitiveType"
      },
      "location-before-char-start": 2458,
      "location-before-char-end": 2461,
      "node-str": "int"
    },
    {
      "type": "delete-node",
      "node": {
        "label": "MINIMUM_HEIGHT",
        "type": "SimpleName"
      },
      "location-before-char-start": 2462,
      "location-before-char-end": 2476,
      "node-str": "MINIMUM_HEIGHT"
    },
    {
      "type": "delete-node",
      "node": {
        "label": "300",
        "type": "NumberLiteral"
      },
      "location-before-char-start": 2479,
      "location-before-char-end": 2482,
      "node-str": "300"
    },
    {
      "type": "delete-node",
      "node": {
        "label": "",
        "type": "VariableDeclarationFragment"
      },
      "location-before-char-start": 2462,
      "location-before-char-end": 2482,
      "node-str": ""
    },
    {
      "type": "delete-node",
      "node": {
        "label": "",
        "type": "FieldDeclaration"
      },
      "location-before-char-start": 2438,
      "location-before-char-end": 2483,
      "node-str": ""
    },
    {
      "type": "delete-node",
      "node": {
        "label": "public",
        "type": "Modifier"
      },
      "location-before-char-start": 2485,
      "location-before-char-end": 2491,
      "node-str": "public"
    },
    {
      "type": "delete-node",
      "node": {
        "label": "static",
        "type": "Modifier"
      },
      "location-before-char-start": 2492,
      "location-before-char-end": 2498,
      "node-str": "static"
    },
    {
      "type": "delete-node",
      "node": {
        "label": "final",
        "type": "Modifier"
      },
      "location-before-char-start": 2499,
      "location-before-char-end": 2504,
      "node-str": "final"
    },
    {
      "type": "delete-node",
      "node": {
        "label": "int",
        "type": "PrimitiveType"
      },
      "location-before-char-start": 2505,
      "location-before-char-end": 2508,
      "node-str": "int"
    },
    {
      "type": "delete-node",
      "node": {
        "label": "SCROLL_INCR",
        "type": "SimpleName"
      },
      "location-before-char-start": 2509,
      "location-before-char-end": 2520,
      "node-str": "SCROLL_INCR"
    },
    {
      "type": "delete-node",
      "node": {
        "label": "100",
        "type": "NumberLiteral"
      },
      "location-before-char-start": 2523,
      "location-before-char-end": 2526,
      "node-str": "100"
    },
    {
      "type": "delete-node",
      "node": {
        "label": "",
        "type": "VariableDeclarationFragment"
      },
      "location-before-char-start": 2509,
      "location-before-char-end": 2526,
      "node-str": ""
    },
    {
      "type": "delete-node",
      "node": {
        "label": "",
        "type": "FieldDeclaration"
      },
      "location-before-char-start": 2485,
      "location-before-char-end": 2527,
      "node-str": ""
    },
    {
      "type": "delete-node",
      "node": {
        "label": "public",
        "type": "Modifier"
      },
      "location-before-char-start": 2529,
      "location-before-char-end": 2535,
      "node-str": "public"
    },
    {
      "type": "delete-node",
      "node": {
        "label": "static",
        "type": "Modifier"
      },
      "location-before-char-start": 2536,
      "location-before-char-end": 2542,
      "node-str": "static"
    },
    {
      "type": "delete-node",
      "node": {
        "label": "final",
        "type": "Modifier"
      },
      "location-before-char-start": 2543,
      "location-before-char-end": 2548,
      "node-str": "final"
    },
    {
      "type": "delete-node",
      "node": {
        "label": "int",
        "type": "PrimitiveType"
      },
      "location-before-char-start": 2549,
      "location-before-char-end": 2552,
      "node-str": "int"
    },
    {
      "type": "delete-node",
      "node": {
        "label": "SCROLL_OFFSET",
        "type": "SimpleName"
      },
      "location-before-char-start": 2553,
      "location-before-char-end": 2566,
      "node-str": "SCROLL_OFFSET"
    },
    {
      "type": "delete-node",
      "node": {
        "label": "10",
        "type": "NumberLiteral"
      },
      "location-before-char-start": 2569,
      "location-before-char-end": 2571,
      "node-str": "10"
    },
    {
      "type": "delete-node",
      "node": {
        "label": "",
        "type": "VariableDeclarationFragment"
      },
      "location-before-char-start": 2553,
      "location-before-char-end": 2571,
      "node-str": ""
    },
    {
      "type": "delete-node",
      "node": {
        "label": "",
        "type": "FieldDeclaration"
      },
      "location-before-char-start": 2529,
      "location-before-char-end": 2572,
      "node-str": ""
    },
    {
      "type": "delete-node",
      "node": {
        "label": "private",
        "type": "Modifier"
      },
      "location-before-char-start": 2575,
      "location-before-char-end": 2582,
      "node-str": "private"
    },
    {
      "type": "delete-node",
      "node": {
        "label": "static",
        "type": "Modifier"
      },
      "location-before-char-start": 2583,
      "location-before-char-end": 2589,
      "node-str": "static"
    },
    {
      "type": "delete-node",
      "node": {
        "label": "int",
        "type": "PrimitiveType"
      },
      "location-before-char-start": 2590,
      "location-before-char-end": 2593,
      "node-str": "int"
    },
    {
      "type": "delete-node",
      "node": {
        "label": "counter",
        "type": "SimpleName"
      },
      "location-before-char-start": 2594,
      "location-before-char-end": 2601,
      "node-str": "counter"
    },
    {
      "type": "delete-node",
      "node": {
        "label": "",
        "type": "VariableDeclarationFragment"
      },
      "location-before-char-start": 2594,
      "location-before-char-end": 2601,
      "node-str": ""
    },
    {
      "type": "delete-node",
      "node": {
        "label": "",
        "type": "FieldDeclaration"
      },
      "location-before-char-start": 2575,
      "location-before-char-end": 2602,
      "node-str": ""
    },
    {
      "type": "delete-node",
      "node": {
        "label": "private",
        "type": "Modifier"
      },
      "location-before-char-start": 2604,
      "location-before-char-end": 2611,
      "node-str": "private"
    },
    {
      "type": "delete-node",
      "node": {
        "label": "int",
        "type": "PrimitiveType"
      },
      "location-before-char-start": 2612,
      "location-before-char-end": 2615,
      "node-str": "int"
    },
    {
      "type": "delete-node",
      "node": {
        "label": "myCounter",
        "type": "SimpleName"
      },
      "location-before-char-start": 2616,
      "location-before-char-end": 2625,
      "node-str": "myCounter"
    },
    {
      "type": "delete-node",
      "node": {
        "label": "counter",
        "type": "SimpleName"
      },
      "location-before-char-start": 2628,
      "location-before-char-end": 2635,
      "node-str": "counter"
    },
    {
      "type": "delete-node",
      "node": {
        "label": "",
        "type": "VariableDeclarationFragment"
      },
      "location-before-char-start": 2616,
      "location-before-char-end": 2635,
      "node-str": ""
    },
    {
      "type": "delete-node",
      "node": {
        "label": "",
        "type": "FieldDeclaration"
      },
      "location-before-char-start": 2604,
      "location-before-char-end": 2636,
      "node-str": ""
    },
    {
      "type": "delete-node",
      "node": {
        "label": "private",
        "type": "Modifier"
      },
      "location-before-char-start": 2639,
      "location-before-char-end": 2646,
      "node-str": "private"
    },
    {
      "type": "delete-node",
      "node": {
        "label": "DNDHelper",
        "type": "SimpleName"
      },
      "location-before-char-start": 2647,
      "location-before-char-end": 2656,
      "node-str": "DNDHelper"
    },
    {
      "type": "delete-node",
      "node": {
        "label": "",
        "type": "SimpleType"
      },
      "location-before-char-start": 2647,
      "location-before-char-end": 2656,
      "node-str": ""
    },
    {
      "type": "delete-node",
      "node": {
        "label": "dndh",
        "type": "SimpleName"
      },
      "location-before-char-start": 2657,
      "location-before-char-end": 2661,
      "node-str": "dndh"
    },
    {
      "type": "delete-node",
      "node": {
        "label": "",
        "type": "VariableDeclarationFragment"
      },
      "location-before-char-start": 2657,
      "location-before-char-end": 2661,
      "node-str": ""
    },
    {
      "type": "delete-node",
      "node": {
        "label": "",
        "type": "FieldDeclaration"
      },
      "location-before-char-start": 2639,
      "location-before-char-end": 2662,
      "node-str": ""
    },
    {
      "type": "delete-node",
      "node": {
        "label": "private",
        "type": "Modifier"
      },
      "location-before-char-start": 2892,
      "location-before-char-end": 2899,
      "node-str": "private"
    },
    {
      "type": "delete-node",
      "node": {
        "label": "int",
        "type": "PrimitiveType"
      },
      "location-before-char-start": 2900,
      "location-before-char-end": 2903,
      "node-str": "int"
    },
    {
      "type": "delete-node",
      "node": {
        "label": "drawingViewSerializedDataVersion",
        "type": "SimpleName"
      },
      "location-before-char-start": 2904,
      "location-before-char-end": 2936,
      "node-str": "drawingViewSerializedDataVersion"
    },
    {
      "type": "delete-node",
      "node": {
        "label": "1",
        "type": "NumberLiteral"
      },
      "location-before-char-start": 2939,
      "location-before-char-end": 2940,
      "node-str": "1"
    },
    {
      "type": "delete-node",
      "node": {
        "label": "",
        "type": "VariableDeclarationFragment"
      },
      "location-before-char-start": 2904,
      "location-before-char-end": 2940,
      "node-str": ""
    },
    {
      "type": "delete-node",
      "node": {
        "label": "",
        "type": "FieldDeclaration"
      },
      "location-before-char-start": 2892,
      "location-before-char-end": 2941,
      "node-str": ""
    },
    {
      "type": "delete-node",
      "node": {
        "label": "Adds a figure to the drawing.",
        "type": "TextElement"
      },
      "location-before-char-start": 5265,
      "location-before-char-end": 5294,
      "node-str": "Adds a figure to the drawing."
    },
    {
      "type": "delete-node",
      "node": {
        "label": "",
        "type": "TagElement"
      },
      "location-before-char-start": 5265,
      "location-before-char-end": 5294,
      "node-str": ""
    },
    {
      "type": "delete-node",
      "node": {
        "label": " the added figure.",
        "type": "TextElement"
      },
      "location-before-char-start": 5306,
      "location-before-char-end": 5324,
      "node-str": " the added figure."
    },
    {
      "type": "delete-node",
      "node": {
        "label": "",
        "type": "TagElement"
      },
      "location-before-char-start": 5299,
      "location-before-char-end": 5324,
      "node-str": ""
    },
    {
      "type": "delete-node",
      "node": {
        "label": "",
        "type": "Javadoc"
      },
      "location-before-char-start": 5257,
      "location-before-char-end": 5329,
      "node-str": ""
    },
    {
      "type": "delete-node",
      "node": {
        "label": "public",
        "type": "Modifier"
      },
      "location-before-char-start": 5331,
      "location-before-char-end": 5337,
      "node-str": "public"
    },
    {
      "type": "delete-node",
      "node": {
        "label": "Figure",
        "type": "SimpleName"
      },
      "location-before-char-start": 5338,
      "location-before-char-end": 5344,
      "node-str": "Figure"
    },
    {
      "type": "delete-node",
      "node": {
        "label": "",
        "type": "SimpleType"
      },
      "location-before-char-start": 5338,
      "location-before-char-end": 5344,
      "node-str": ""
    },
    {
      "type": "delete-node",
      "node": {
        "label": "add",
        "type": "SimpleName"
      },
      "location-before-char-start": 5345,
      "location-before-char-end": 5348,
      "node-str": "add"
    },
    {
      "type": "delete-node",
      "node": {
        "label": "Figure",
        "type": "SimpleName"
      },
      "location-before-char-start": 5349,
      "location-before-char-end": 5355,
      "node-str": "Figure"
    },
    {
      "type": "delete-node",
      "node": {
        "label": "",
        "type": "SimpleType"
      },
      "location-before-char-start": 5349,
      "location-before-char-end": 5355,
      "node-str": ""
    },
    {
      "type": "delete-node",
      "node": {
        "label": "figure",
        "type": "SimpleName"
      },
      "location-before-char-start": 5356,
      "location-before-char-end": 5362,
      "node-str": "figure"
    },
    {
      "type": "delete-node",
      "node": {
        "label": "",
        "type": "SingleVariableDeclaration"
      },
      "location-before-char-start": 5349,
      "location-before-char-end": 5362,
      "node-str": ""
    },
    {
      "type": "delete-node",
      "node": {
        "label": "",
        "type": "ReturnStatement"
      },
      "location-before-char-start": 5368,
      "location-before-char-end": 5397,
      "node-str": ""
    },
    {
      "type": "delete-node",
      "node": {
        "label": "",
        "type": "Block"
      },
      "location-before-char-start": 5364,
      "location-before-char-end": 5400,
      "node-str": ""
    },
    {
      "type": "delete-node",
      "node": {
        "label": "",
        "type": "MethodDeclaration"
      },
      "location-before-char-start": 5257,
      "location-before-char-end": 5400,
      "node-str": ""
    },
    {
      "type": "delete-node",
      "node": {
        "label": "Removes a figure from the drawing.",
        "type": "TextElement"
      },
      "location-before-char-start": 5411,
      "location-before-char-end": 5445,
      "node-str": "Removes a figure from the drawing."
    },
    {
      "type": "delete-node",
      "node": {
        "label": "",
        "type": "TagElement"
      },
      "location-before-char-start": 5411,
      "location-before-char-end": 5445,
      "node-str": ""
    },
    {
      "type": "delete-node",
      "node": {
        "label": " the removed figure",
        "type": "TextElement"
      },
      "location-before-char-start": 5457,
      "location-before-char-end": 5476,
      "node-str": " the removed figure"
    },
    {
      "type": "delete-node",
      "node": {
        "label": "",
        "type": "TagElement"
      },
      "location-before-char-start": 5450,
      "location-before-char-end": 5476,
      "node-str": ""
    },
    {
      "type": "delete-node",
      "node": {
        "label": "",
        "type": "Javadoc"
      },
      "location-before-char-start": 5403,
      "location-before-char-end": 5481,
      "node-str": ""
    },
    {
      "type": "delete-node",
      "node": {
        "label": "public",
        "type": "Modifier"
      },
      "location-before-char-start": 5483,
      "location-before-char-end": 5489,
      "node-str": "public"
    },
    {
      "type": "delete-node",
      "node": {
        "label": "Figure",
        "type": "SimpleName"
      },
      "location-before-char-start": 5490,
      "location-before-char-end": 5496,
      "node-str": "Figure"
    },
    {
      "type": "delete-node",
      "node": {
        "label": "",
        "type": "SimpleType"
      },
      "location-before-char-start": 5490,
      "location-before-char-end": 5496,
      "node-str": ""
    },
    {
      "type": "delete-node",
      "node": {
        "label": "remove",
        "type": "SimpleName"
      },
      "location-before-char-start": 5497,
      "location-before-char-end": 5503,
      "node-str": "remove"
    },
    {
      "type": "delete-node",
      "node": {
        "label": "Figure",
        "type": "SimpleName"
      },
      "location-before-char-start": 5504,
      "location-before-char-end": 5510,
      "node-str": "Figure"
    },
    {
      "type": "delete-node",
      "node": {
        "label": "",
        "type": "SimpleType"
      },
      "location-before-char-start": 5504,
      "location-before-char-end": 5510,
      "node-str": ""
    },
    {
      "type": "delete-node",
      "node": {
        "label": "figure",
        "type": "SimpleName"
      },
      "location-before-char-start": 5511,
      "location-before-char-end": 5517,
      "node-str": "figure"
    },
    {
      "type": "delete-node",
      "node": {
        "label": "",
        "type": "SingleVariableDeclaration"
      },
      "location-before-char-start": 5504,
      "location-before-char-end": 5517,
      "node-str": ""
    },
    {
      "type": "delete-node",
      "node": {
        "label": "",
        "type": "ReturnStatement"
      },
      "location-before-char-start": 5523,
      "location-before-char-end": 5555,
      "node-str": ""
    },
    {
      "type": "delete-node",
      "node": {
        "label": "",
        "type": "Block"
      },
      "location-before-char-start": 5519,
      "location-before-char-end": 5558,
      "node-str": ""
    },
    {
      "type": "delete-node",
      "node": {
        "label": "",
        "type": "MethodDeclaration"
      },
      "location-before-char-start": 5403,
      "location-before-char-end": 5558,
      "node-str": ""
    },
    {
      "type": "delete-node",
      "node": {
        "label": "",
        "type": "TypeDeclaration"
      },
      "location-before-char-start": 692,
      "location-before-char-end": 26350,
      "node-str": ""
    }
  ],
  "before-file": {},
  "after-file": {},
  "mapping": {}
}