{
  "tool-info": {},
  "diff": [
    {
      "type": "insert-node",
      "node": {
        "label": "\u003cinit\u003e",
        "type": "Constructor"
      },
      "location-after-char-start": 1061,
      "location-after-char-end": 1452,
      "node-str": "\u003cinit\u003e"
    },
    {
      "type": "move-subtree",
      "node": {
        "label": "public",
        "type": "Modifier"
      },
      "location-before-char-start": 0,
      "location-before-char-end": 0,
      "location-after-char-start": 0,
      "location-after-char-end": 0,
      "node-str": "public"
    },
    {
      "type": "move-subtree",
      "node": {
        "label": "ctx",
        "type": "Parameter"
      },
      "location-before-char-start": 1162,
      "location-before-char-end": 1197,
      "location-after-char-start": 1162,
      "location-after-char-end": 1197,
      "node-str": "ctx"
    },
    {
      "type": "move-subtree",
      "node": {
        "label": "in",
        "type": "Parameter"
      },
      "location-before-char-start": 1200,
      "location-before-char-end": 1213,
      "location-after-char-start": 1200,
      "location-after-char-end": 1213,
      "node-str": "in"
    },
    {
      "type": "move-subtree",
      "node": {
        "label": "\u003cinit\u003e",
        "type": "Invocation"
      },
      "location-before-char-start": 1252,
      "location-before-char-end": 1261,
      "location-after-char-start": 1252,
      "location-after-char-end": 1261,
      "node-str": "\u003cinit\u003e"
    },
    {
      "type": "move-subtree",
      "node": {
        "label": "enableResolveObject",
        "type": "Invocation"
      },
      "location-before-char-start": 1269,
      "location-before-char-end": 1320,
      "location-after-char-start": 1269,
      "location-after-char-end": 1320,
      "node-str": "enableResolveObject"
    },
    {
      "type": "move-subtree",
      "node": {
        "label": "\u003d",
        "type": "Assignment"
      },
      "location-before-char-start": 1329,
      "location-before-char-end": 1343,
      "location-after-char-start": 1329,
      "location-after-char-end": 1343,
      "node-str": "\u003d"
    },
    {
      "type": "insert-node",
      "node": {
        "label": "\u003d",
        "type": "Assignment"
      },
      "location-after-char-start": 1401,
      "location-after-char-end": 1447,
      "node-str": "\u003d"
    },
    {
      "type": "move-subtree",
      "node": {
        "label": "appCl",
        "type": "FieldWrite"
      },
      "location-before-char-start": 1401,
      "location-before-char-end": 1405,
      "location-after-char-start": 1401,
      "location-after-char-end": 1405,
      "node-str": "appCl"
    },
    {
      "type": "insert-node",
      "node": {
        "label": "getContextClassLoader",
        "type": "Invocation"
      },
      "location-after-char-start": 1409,
      "location-after-char-end": 1446,
      "node-str": "getContextClassLoader"
    },
    {
      "type": "insert-node",
      "node": {
        "label": "TCLAction.UTIL",
        "type": "TypeAccess"
      },
      "location-after-char-start": 1409,
      "location-after-char-end": 1422,
      "node-str": "TCLAction.UTIL"
    },
    {
      "type": "delete-node",
      "node": {
        "label": "org.jboss.ejb.plugins.TCLStack",
        "type": "TypeAccess"
      },
      "location-before-char-start": 1409,
      "location-before-char-end": 1416,
      "node-str": "org.jboss.ejb.plugins.TCLStack"
    },
    {
      "type": "delete-node",
      "node": {
        "label": "getContextClassLoader",
        "type": "Invocation"
      },
      "location-before-char-start": 1409,
      "location-before-char-end": 1440,
      "node-str": "getContextClassLoader"
    },
    {
      "type": "delete-node",
      "node": {
        "label": "\u003d",
        "type": "Assignment"
      },
      "location-before-char-start": 1401,
      "location-before-char-end": 1441,
      "node-str": "\u003d"
    },
    {
      "type": "delete-node",
      "node": {
        "label": "\u003cinit\u003e",
        "type": "Constructor"
      },
      "location-before-char-start": 1061,
      "location-before-char-end": 1446,
      "node-str": "\u003cinit\u003e"
    }
  ],
  "before-file": {},
  "after-file": {},
  "mapping": {}
}