{
  "tool-info": {},
  "diff": [
    {
      "type": "delete-node",
      "node": {
        "label": "public",
        "type": "Modifier"
      },
      "location-before-char-start": 0,
      "location-before-char-end": 0,
      "node-str": "public"
    },
    {
      "type": "delete-node",
      "node": {
        "label": "javax.swing.JPanel",
        "type": "SUPER_TYPE"
      },
      "location-before-char-start": 0,
      "location-before-char-end": 0,
      "node-str": "javax.swing.JPanel"
    },
    {
      "type": "delete-node",
      "node": {
        "label": "",
        "type": "TypeReference"
      },
      "location-before-char-start": 399,
      "location-before-char-end": 404,
      "node-str": ""
    },
    {
      "type": "delete-node",
      "node": {
        "label": "javax.swing.JTextField",
        "type": "VARIABLE_TYPE"
      },
      "location-before-char-start": 0,
      "location-before-char-end": 0,
      "node-str": "javax.swing.JTextField"
    },
    {
      "type": "delete-node",
      "node": {
        "label": "fNumberOfErrors",
        "type": "Field"
      },
      "location-before-char-start": 409,
      "location-before-char-end": 443,
      "node-str": "fNumberOfErrors"
    },
    {
      "type": "delete-node",
      "node": {
        "label": "javax.swing.JTextField",
        "type": "VARIABLE_TYPE"
      },
      "location-before-char-start": 0,
      "location-before-char-end": 0,
      "node-str": "javax.swing.JTextField"
    },
    {
      "type": "delete-node",
      "node": {
        "label": "fNumberOfFailures",
        "type": "Field"
      },
      "location-before-char-start": 446,
      "location-before-char-end": 482,
      "node-str": "fNumberOfFailures"
    },
    {
      "type": "delete-node",
      "node": {
        "label": "javax.swing.JTextField",
        "type": "VARIABLE_TYPE"
      },
      "location-before-char-start": 0,
      "location-before-char-end": 0,
      "node-str": "javax.swing.JTextField"
    },
    {
      "type": "delete-node",
      "node": {
        "label": "fNumberOfRuns",
        "type": "Field"
      },
      "location-before-char-start": 485,
      "location-before-char-end": 517,
      "node-str": "fNumberOfRuns"
    },
    {
      "type": "delete-node",
      "node": {
        "label": "javax.swing.Icon",
        "type": "VARIABLE_TYPE"
      },
      "location-before-char-start": 0,
      "location-before-char-end": 0,
      "node-str": "javax.swing.Icon"
    },
    {
      "type": "delete-node",
      "node": {
        "label": "junit.swingui.TestRunner",
        "type": "TypeAccess"
      },
      "location-before-char-start": 547,
      "location-before-char-end": 556,
      "node-str": "junit.swingui.TestRunner"
    },
    {
      "type": "delete-node",
      "node": {
        "label": "junit.swingui.CounterPanel",
        "type": "TypeAccess"
      },
      "location-before-char-start": 0,
      "location-before-char-end": 0,
      "node-str": "junit.swingui.CounterPanel"
    },
    {
      "type": "delete-node",
      "node": {
        "label": "getClass",
        "type": "Invocation"
      },
      "location-before-char-start": 574,
      "location-before-char-end": 583,
      "node-str": "getClass"
    },
    {
      "type": "delete-node",
      "node": {
        "label": "\"icons/failure.gif\"",
        "type": "Literal"
      },
      "location-before-char-start": 586,
      "location-before-char-end": 604,
      "node-str": "\"icons/failure.gif\""
    },
    {
      "type": "delete-node",
      "node": {
        "label": "getIconResource",
        "type": "Invocation"
      },
      "location-before-char-start": 547,
      "location-before-char-end": 605,
      "node-str": "getIconResource"
    },
    {
      "type": "delete-node",
      "node": {
        "label": "fFailureIcon",
        "type": "Field"
      },
      "location-before-char-start": 520,
      "location-before-char-end": 606,
      "node-str": "fFailureIcon"
    },
    {
      "type": "delete-node",
      "node": {
        "label": "javax.swing.Icon",
        "type": "VARIABLE_TYPE"
      },
      "location-before-char-start": 0,
      "location-before-char-end": 0,
      "node-str": "javax.swing.Icon"
    },
    {
      "type": "delete-node",
      "node": {
        "label": "junit.swingui.TestRunner",
        "type": "TypeAccess"
      },
      "location-before-char-start": 634,
      "location-before-char-end": 643,
      "node-str": "junit.swingui.TestRunner"
    },
    {
      "type": "delete-node",
      "node": {
        "label": "junit.swingui.CounterPanel",
        "type": "TypeAccess"
      },
      "location-before-char-start": 0,
      "location-before-char-end": 0,
      "node-str": "junit.swingui.CounterPanel"
    },
    {
      "type": "delete-node",
      "node": {
        "label": "getClass",
        "type": "Invocation"
      },
      "location-before-char-start": 661,
      "location-before-char-end": 670,
      "node-str": "getClass"
    },
    {
      "type": "delete-node",
      "node": {
        "label": "\"icons/error.gif\"",
        "type": "Literal"
      },
      "location-before-char-start": 673,
      "location-before-char-end": 689,
      "node-str": "\"icons/error.gif\""
    },
    {
      "type": "delete-node",
      "node": {
        "label": "getIconResource",
        "type": "Invocation"
      },
      "location-before-char-start": 634,
      "location-before-char-end": 690,
      "node-str": "getIconResource"
    },
    {
      "type": "delete-node",
      "node": {
        "label": "fErrorIcon",
        "type": "Field"
      },
      "location-before-char-start": 609,
      "location-before-char-end": 691,
      "node-str": "fErrorIcon"
    },
    {
      "type": "delete-node",
      "node": {
        "label": "int",
        "type": "VARIABLE_TYPE"
      },
      "location-before-char-start": 0,
      "location-before-char-end": 0,
      "node-str": "int"
    },
    {
      "type": "delete-node",
      "node": {
        "label": "fTotal",
        "type": "Field"
      },
      "location-before-char-start": 695,
      "location-before-char-end": 713,
      "node-str": "fTotal"
    },
    {
      "type": "delete-node",
      "node": {
        "label": "public",
        "type": "Modifier"
      },
      "location-before-char-start": 0,
      "location-before-char-end": 0,
      "node-str": "public"
    },
    {
      "type": "delete-node",
      "node": {
        "label": "java.awt.GridBagLayout()",
        "type": "ConstructorCall"
      },
      "location-before-char-start": 749,
      "location-before-char-end": 767,
      "node-str": "java.awt.GridBagLayout()"
    },
    {
      "type": "delete-node",
      "node": {
        "label": "\u003cinit\u003e",
        "type": "Invocation"
      },
      "location-before-char-start": 743,
      "location-before-char-end": 769,
      "node-str": "\u003cinit\u003e"
    },
    {
      "type": "delete-node",
      "node": {
        "label": "junit.swingui.CounterPanel",
        "type": "TypeAccess"
      },
      "location-before-char-start": 0,
      "location-before-char-end": 0,
      "node-str": "junit.swingui.CounterPanel"
    },
    {
      "type": "delete-node",
      "node": {
        "label": "fNumberOfErrors",
        "type": "FieldWrite"
      },
      "location-before-char-start": 773,
      "location-before-char-end": 787,
      "node-str": "fNumberOfErrors"
    },
    {
      "type": "delete-node",
      "node": {
        "label": "junit.swingui.CounterPanel",
        "type": "TypeAccess"
      },
      "location-before-char-start": 0,
      "location-before-char-end": 0,
      "node-str": "junit.swingui.CounterPanel"
    },
    {
      "type": "delete-node",
      "node": {
        "label": "5",
        "type": "Literal"
      },
      "location-before-char-start": 808,
      "location-before-char-end": 808,
      "node-str": "5"
    },
    {
      "type": "delete-node",
      "node": {
        "label": "createOutputField",
        "type": "Invocation"
      },
      "location-before-char-start": 790,
      "location-before-char-end": 809,
      "node-str": "createOutputField"
    },
    {
      "type": "delete-node",
      "node": {
        "label": "\u003d",
        "type": "Assignment"
      },
      "location-before-char-start": 773,
      "location-before-char-end": 810,
      "node-str": "\u003d"
    },
    {
      "type": "delete-node",
      "node": {
        "label": "junit.swingui.CounterPanel",
        "type": "TypeAccess"
      },
      "location-before-char-start": 0,
      "location-before-char-end": 0,
      "node-str": "junit.swingui.CounterPanel"
    },
    {
      "type": "delete-node",
      "node": {
        "label": "fNumberOfFailures",
        "type": "FieldWrite"
      },
      "location-before-char-start": 814,
      "location-before-char-end": 830,
      "node-str": "fNumberOfFailures"
    },
    {
      "type": "delete-node",
      "node": {
        "label": "junit.swingui.CounterPanel",
        "type": "TypeAccess"
      },
      "location-before-char-start": 0,
      "location-before-char-end": 0,
      "node-str": "junit.swingui.CounterPanel"
    },
    {
      "type": "delete-node",
      "node": {
        "label": "5",
        "type": "Literal"
      },
      "location-before-char-start": 851,
      "location-before-char-end": 851,
      "node-str": "5"
    },
    {
      "type": "delete-node",
      "node": {
        "label": "createOutputField",
        "type": "Invocation"
      },
      "location-before-char-start": 833,
      "location-before-char-end": 852,
      "node-str": "createOutputField"
    },
    {
      "type": "delete-node",
      "node": {
        "label": "\u003d",
        "type": "Assignment"
      },
      "location-before-char-start": 814,
      "location-before-char-end": 853,
      "node-str": "\u003d"
    },
    {
      "type": "delete-node",
      "node": {
        "label": "junit.swingui.CounterPanel",
        "type": "TypeAccess"
      },
      "location-before-char-start": 0,
      "location-before-char-end": 0,
      "node-str": "junit.swingui.CounterPanel"
    },
    {
      "type": "delete-node",
      "node": {
        "label": "fNumberOfRuns",
        "type": "FieldWrite"
      },
      "location-before-char-start": 857,
      "location-before-char-end": 869,
      "node-str": "fNumberOfRuns"
    },
    {
      "type": "delete-node",
      "node": {
        "label": "junit.swingui.CounterPanel",
        "type": "TypeAccess"
      },
      "location-before-char-start": 0,
      "location-before-char-end": 0,
      "node-str": "junit.swingui.CounterPanel"
    },
    {
      "type": "delete-node",
      "node": {
        "label": "9",
        "type": "Literal"
      },
      "location-before-char-start": 890,
      "location-before-char-end": 890,
      "node-str": "9"
    },
    {
      "type": "delete-node",
      "node": {
        "label": "createOutputField",
        "type": "Invocation"
      },
      "location-before-char-start": 872,
      "location-before-char-end": 891,
      "node-str": "createOutputField"
    },
    {
      "type": "delete-node",
      "node": {
        "label": "\u003d",
        "type": "Assignment"
      },
      "location-before-char-start": 857,
      "location-before-char-end": 892,
      "node-str": "\u003d"
    },
    {
      "type": "delete-node",
      "node": {
        "label": "junit.swingui.CounterPanel",
        "type": "TypeAccess"
      },
      "location-before-char-start": 0,
      "location-before-char-end": 0,
      "node-str": "junit.swingui.CounterPanel"
    },
    {
      "type": "delete-node",
      "node": {
        "label": "\"Runs:\"",
        "type": "Literal"
      },
      "location-before-char-start": 922,
      "location-before-char-end": 928,
      "node-str": "\"Runs:\""
    },
    {
      "type": "delete-node",
      "node": {
        "label": "javax.swing.SwingConstants",
        "type": "TypeAccess"
      },
      "location-before-char-start": 931,
      "location-before-char-end": 944,
      "node-str": "javax.swing.SwingConstants"
    },
    {
      "type": "delete-node",
      "node": {
        "label": "CENTER",
        "type": "FieldRead"
      },
      "location-before-char-start": 931,
      "location-before-char-end": 951,
      "node-str": "CENTER"
    },
    {
      "type": "delete-node",
      "node": {
        "label": "javax.swing.JLabel(java.lang.String,int)",
        "type": "ConstructorCall"
      },
      "location-before-char-start": 911,
      "location-before-char-end": 952,
      "node-str": "javax.swing.JLabel(java.lang.String,int)"
    },
    {
      "type": "delete-node",
      "node": {
        "label": "0",
        "type": "Literal"
      },
      "location-before-char-start": 965,
      "location-before-char-end": 965,
      "node-str": "0"
    },
    {
      "type": "delete-node",
      "node": {
        "label": "0",
        "type": "Literal"
      },
      "location-before-char-start": 968,
      "location-before-char-end": 968,
      "node-str": "0"
    },
    {
      "type": "delete-node",
      "node": {
        "label": "1",
        "type": "Literal"
      },
      "location-before-char-start": 971,
      "location-before-char-end": 971,
      "node-str": "1"
    },
    {
      "type": "delete-node",
      "node": {
        "label": "1",
        "type": "Literal"
      },
      "location-before-char-start": 974,
      "location-before-char-end": 974,
      "node-str": "1"
    },
    {
      "type": "delete-node",
      "node": {
        "label": "0.0",
        "type": "Literal"
      },
      "location-before-char-start": 977,
      "location-before-char-end": 979,
      "node-str": "0.0"
    },
    {
      "type": "delete-node",
      "node": {
        "label": "0.0",
        "type": "Literal"
      },
      "location-before-char-start": 982,
      "location-before-char-end": 984,
      "node-str": "0.0"
    },
    {
      "type": "delete-node",
      "node": {
        "label": "java.awt.GridBagConstraints",
        "type": "TypeAccess"
      },
      "location-before-char-start": 997,
      "location-before-char-end": 1014,
      "node-str": "java.awt.GridBagConstraints"
    },
    {
      "type": "delete-node",
      "node": {
        "label": "CENTER",
        "type": "FieldRead"
      },
      "location-before-char-start": 997,
      "location-before-char-end": 1021,
      "node-str": "CENTER"
    },
    {
      "type": "delete-node",
      "node": {
        "label": "java.awt.GridBagConstraints",
        "type": "TypeAccess"
      },
      "location-before-char-start": 1024,
      "location-before-char-end": 1041,
      "node-str": "java.awt.GridBagConstraints"
    },
    {
      "type": "delete-node",
      "node": {
        "label": "NONE",
        "type": "FieldRead"
      },
      "location-before-char-start": 1024,
      "location-before-char-end": 1046,
      "node-str": "NONE"
    },
    {
      "type": "delete-node",
      "node": {
        "label": "0",
        "type": "Literal"
      },
      "location-before-char-start": 1070,
      "location-before-char-end": 1070,
      "node-str": "0"
    },
    {
      "type": "delete-node",
      "node": {
        "label": "0",
        "type": "Literal"
      },
      "location-before-char-start": 1073,
      "location-before-char-end": 1073,
      "node-str": "0"
    },
    {
      "type": "delete-node",
      "node": {
        "label": "0",
        "type": "Literal"
      },
      "location-before-char-start": 1076,
      "location-before-char-end": 1076,
      "node-str": "0"
    },
    {
      "type": "delete-node",
      "node": {
        "label": "0",
        "type": "Literal"
      },
      "location-before-char-start": 1079,
      "location-before-char-end": 1079,
      "node-str": "0"
    },
    {
      "type": "delete-node",
      "node": {
        "label": "java.awt.Insets(int,int,int,int)",
        "type": "ConstructorCall"
      },
      "location-before-char-start": 1059,
      "location-before-char-end": 1080,
      "node-str": "java.awt.Insets(int,int,int,int)"
    },
    {
      "type": "delete-node",
      "node": {
        "label": "addToGrid",
        "type": "Invocation"
      },
      "location-before-char-start": 901,
      "location-before-char-end": 1082,
      "node-str": "addToGrid"
    },
    {
      "type": "delete-node",
      "node": {
        "label": "junit.swingui.CounterPanel",
        "type": "TypeAccess"
      },
      "location-before-char-start": 0,
      "location-before-char-end": 0,
      "node-str": "junit.swingui.CounterPanel"
    },
    {
      "type": "delete-node",
      "node": {
        "label": "junit.swingui.CounterPanel",
        "type": "TypeAccess"
      },
      "location-before-char-start": 0,
      "location-before-char-end": 0,
      "node-str": "junit.swingui.CounterPanel"
    },
    {
      "type": "delete-node",
      "node": {
        "label": "fNumberOfRuns",
        "type": "FieldRead"
      },
      "location-before-char-start": 1099,
      "location-before-char-end": 1111,
      "node-str": "fNumberOfRuns"
    },
    {
      "type": "delete-node",
      "node": {
        "label": "1",
        "type": "Literal"
      },
      "location-before-char-start": 1124,
      "location-before-char-end": 1124,
      "node-str": "1"
    },
    {
      "type": "delete-node",
      "node": {
        "label": "0",
        "type": "Literal"
      },
      "location-before-char-start": 1127,
      "location-before-char-end": 1127,
      "node-str": "0"
    },
    {
      "type": "delete-node",
      "node": {
        "label": "1",
        "type": "Literal"
      },
      "location-before-char-start": 1130,
      "location-before-char-end": 1130,
      "node-str": "1"
    },
    {
      "type": "delete-node",
      "node": {
        "label": "1",
        "type": "Literal"
      },
      "location-before-char-start": 1133,
      "location-before-char-end": 1133,
      "node-str": "1"
    },
    {
      "type": "delete-node",
      "node": {
        "label": "0.33",
        "type": "Literal"
      },
      "location-before-char-start": 1136,
      "location-before-char-end": 1139,
      "node-str": "0.33"
    },
    {
      "type": "delete-node",
      "node": {
        "label": "0.0",
        "type": "Literal"
      },
      "location-before-char-start": 1142,
      "location-before-char-end": 1144,
      "node-str": "0.0"
    },
    {
      "type": "delete-node",
      "node": {
        "label": "java.awt.GridBagConstraints",
        "type": "TypeAccess"
      },
      "location-before-char-start": 1157,
      "location-before-char-end": 1174,
      "node-str": "java.awt.GridBagConstraints"
    },
    {
      "type": "delete-node",
      "node": {
        "label": "CENTER",
        "type": "FieldRead"
      },
      "location-before-char-start": 1157,
      "location-before-char-end": 1181,
      "node-str": "CENTER"
    },
    {
      "type": "delete-node",
      "node": {
        "label": "java.awt.GridBagConstraints",
        "type": "TypeAccess"
      },
      "location-before-char-start": 1184,
      "location-before-char-end": 1201,
      "node-str": "java.awt.GridBagConstraints"
    },
    {
      "type": "delete-node",
      "node": {
        "label": "HORIZONTAL",
        "type": "FieldRead"
      },
      "location-before-char-start": 1184,
      "location-before-char-end": 1212,
      "node-str": "HORIZONTAL"
    },
    {
      "type": "delete-node",
      "node": {
        "label": "0",
        "type": "Literal"
      },
      "location-before-char-start": 1236,
      "location-before-char-end": 1236,
      "node-str": "0"
    },
    {
      "type": "delete-node",
      "node": {
        "label": "8",
        "type": "Literal"
      },
      "location-before-char-start": 1239,
      "location-before-char-end": 1239,
      "node-str": "8"
    },
    {
      "type": "delete-node",
      "node": {
        "label": "0",
        "type": "Literal"
      },
      "location-before-char-start": 1242,
      "location-before-char-end": 1242,
      "node-str": "0"
    },
    {
      "type": "delete-node",
      "node": {
        "label": "0",
        "type": "Literal"
      },
      "location-before-char-start": 1245,
      "location-before-char-end": 1245,
      "node-str": "0"
    },
    {
      "type": "delete-node",
      "node": {
        "label": "java.awt.Insets(int,int,int,int)",
        "type": "ConstructorCall"
      },
      "location-before-char-start": 1225,
      "location-before-char-end": 1246,
      "node-str": "java.awt.Insets(int,int,int,int)"
    },
    {
      "type": "delete-node",
      "node": {
        "label": "addToGrid",
        "type": "Invocation"
      },
      "location-before-char-start": 1089,
      "location-before-char-end": 1248,
      "node-str": "addToGrid"
    },
    {
      "type": "delete-node",
      "node": {
        "label": "junit.swingui.CounterPanel",
        "type": "TypeAccess"
      },
      "location-before-char-start": 0,
      "location-before-char-end": 0,
      "node-str": "junit.swingui.CounterPanel"
    },
    {
      "type": "delete-node",
      "node": {
        "label": "\"Errors:\"",
        "type": "Literal"
      },
      "location-before-char-start": 1277,
      "location-before-char-end": 1285,
      "node-str": "\"Errors:\""
    },
    {
      "type": "delete-node",
      "node": {
        "label": "junit.swingui.CounterPanel",
        "type": "TypeAccess"
      },
      "location-before-char-start": 0,
      "location-before-char-end": 0,
      "node-str": "junit.swingui.CounterPanel"
    },
    {
      "type": "delete-node",
      "node": {
        "label": "fErrorIcon",
        "type": "FieldRead"
      },
      "location-before-char-start": 1288,
      "location-before-char-end": 1297,
      "node-str": "fErrorIcon"
    },
    {
      "type": "delete-node",
      "node": {
        "label": "javax.swing.SwingConstants",
        "type": "TypeAccess"
      },
      "location-before-char-start": 1300,
      "location-before-char-end": 1313,
      "node-str": "javax.swing.SwingConstants"
    },
    {
      "type": "delete-node",
      "node": {
        "label": "LEFT",
        "type": "FieldRead"
      },
      "location-before-char-start": 1300,
      "location-before-char-end": 1318,
      "node-str": "LEFT"
    },
    {
      "type": "delete-node",
      "node": {
        "label": "javax.swing.JLabel(java.lang.String,javax.swing.Icon,int)",
        "type": "ConstructorCall"
      },
      "location-before-char-start": 1266,
      "location-before-char-end": 1319,
      "node-str": "javax.swing.JLabel(java.lang.String,javax.swing.Icon,int)"
    },
    {
      "type": "delete-node",
      "node": {
        "label": "2",
        "type": "Literal"
      },
      "location-before-char-start": 1332,
      "location-before-char-end": 1332,
      "node-str": "2"
    },
    {
      "type": "delete-node",
      "node": {
        "label": "0",
        "type": "Literal"
      },
      "location-before-char-start": 1335,
      "location-before-char-end": 1335,
      "node-str": "0"
    },
    {
      "type": "delete-node",
      "node": {
        "label": "1",
        "type": "Literal"
      },
      "location-before-char-start": 1338,
      "location-before-char-end": 1338,
      "node-str": "1"
    },
    {
      "type": "delete-node",
      "node": {
        "label": "1",
        "type": "Literal"
      },
      "location-before-char-start": 1341,
      "location-before-char-end": 1341,
      "node-str": "1"
    },
    {
      "type": "delete-node",
      "node": {
        "label": "0.0",
        "type": "Literal"
      },
      "location-before-char-start": 1344,
      "location-before-char-end": 1346,
      "node-str": "0.0"
    },
    {
      "type": "delete-node",
      "node": {
        "label": "0.0",
        "type": "Literal"
      },
      "location-before-char-start": 1349,
      "location-before-char-end": 1351,
      "node-str": "0.0"
    },
    {
      "type": "delete-node",
      "node": {
        "label": "java.awt.GridBagConstraints",
        "type": "TypeAccess"
      },
      "location-before-char-start": 1364,
      "location-before-char-end": 1381,
      "node-str": "java.awt.GridBagConstraints"
    },
    {
      "type": "delete-node",
      "node": {
        "label": "CENTER",
        "type": "FieldRead"
      },
      "location-before-char-start": 1364,
      "location-before-char-end": 1388,
      "node-str": "CENTER"
    },
    {
      "type": "delete-node",
      "node": {
        "label": "java.awt.GridBagConstraints",
        "type": "TypeAccess"
      },
      "location-before-char-start": 1391,
      "location-before-char-end": 1408,
      "node-str": "java.awt.GridBagConstraints"
    },
    {
      "type": "delete-node",
      "node": {
        "label": "NONE",
        "type": "FieldRead"
      },
      "location-before-char-start": 1391,
      "location-before-char-end": 1413,
      "node-str": "NONE"
    },
    {
      "type": "delete-node",
      "node": {
        "label": "0",
        "type": "Literal"
      },
      "location-before-char-start": 1437,
      "location-before-char-end": 1437,
      "node-str": "0"
    },
    {
      "type": "delete-node",
      "node": {
        "label": "8",
        "type": "Literal"
      },
      "location-before-char-start": 1440,
      "location-before-char-end": 1440,
      "node-str": "8"
    },
    {
      "type": "delete-node",
      "node": {
        "label": "0",
        "type": "Literal"
      },
      "location-before-char-start": 1443,
      "location-before-char-end": 1443,
      "node-str": "0"
    },
    {
      "type": "delete-node",
      "node": {
        "label": "0",
        "type": "Literal"
      },
      "location-before-char-start": 1446,
      "location-before-char-end": 1446,
      "node-str": "0"
    },
    {
      "type": "delete-node",
      "node": {
        "label": "java.awt.Insets(int,int,int,int)",
        "type": "ConstructorCall"
      },
      "location-before-char-start": 1426,
      "location-before-char-end": 1447,
      "node-str": "java.awt.Insets(int,int,int,int)"
    },
    {
      "type": "delete-node",
      "node": {
        "label": "addToGrid",
        "type": "Invocation"
      },
      "location-before-char-start": 1256,
      "location-before-char-end": 1449,
      "node-str": "addToGrid"
    },
    {
      "type": "delete-node",
      "node": {
        "label": "junit.swingui.CounterPanel",
        "type": "TypeAccess"
      },
      "location-before-char-start": 0,
      "location-before-char-end": 0,
      "node-str": "junit.swingui.CounterPanel"
    },
    {
      "type": "delete-node",
      "node": {
        "label": "junit.swingui.CounterPanel",
        "type": "TypeAccess"
      },
      "location-before-char-start": 0,
      "location-before-char-end": 0,
      "node-str": "junit.swingui.CounterPanel"
    },
    {
      "type": "delete-node",
      "node": {
        "label": "fNumberOfErrors",
        "type": "FieldRead"
      },
      "location-before-char-start": 1467,
      "location-before-char-end": 1481,
      "node-str": "fNumberOfErrors"
    },
    {
      "type": "delete-node",
      "node": {
        "label": "3",
        "type": "Literal"
      },
      "location-before-char-start": 1494,
      "location-before-char-end": 1494,
      "node-str": "3"
    },
    {
      "type": "delete-node",
      "node": {
        "label": "0",
        "type": "Literal"
      },
      "location-before-char-start": 1497,
      "location-before-char-end": 1497,
      "node-str": "0"
    },
    {
      "type": "delete-node",
      "node": {
        "label": "1",
        "type": "Literal"
      },
      "location-before-char-start": 1500,
      "location-before-char-end": 1500,
      "node-str": "1"
    },
    {
      "type": "delete-node",
      "node": {
        "label": "1",
        "type": "Literal"
      },
      "location-before-char-start": 1503,
      "location-before-char-end": 1503,
      "node-str": "1"
    },
    {
      "type": "delete-node",
      "node": {
        "label": "0.33",
        "type": "Literal"
      },
      "location-before-char-start": 1506,
      "location-before-char-end": 1509,
      "node-str": "0.33"
    },
    {
      "type": "delete-node",
      "node": {
        "label": "0.0",
        "type": "Literal"
      },
      "location-before-char-start": 1512,
      "location-before-char-end": 1514,
      "node-str": "0.0"
    },
    {
      "type": "delete-node",
      "node": {
        "label": "java.awt.GridBagConstraints",
        "type": "TypeAccess"
      },
      "location-before-char-start": 1527,
      "location-before-char-end": 1544,
      "node-str": "java.awt.GridBagConstraints"
    },
    {
      "type": "delete-node",
      "node": {
        "label": "CENTER",
        "type": "FieldRead"
      },
      "location-before-char-start": 1527,
      "location-before-char-end": 1551,
      "node-str": "CENTER"
    },
    {
      "type": "delete-node",
      "node": {
        "label": "java.awt.GridBagConstraints",
        "type": "TypeAccess"
      },
      "location-before-char-start": 1554,
      "location-before-char-end": 1571,
      "node-str": "java.awt.GridBagConstraints"
    },
    {
      "type": "delete-node",
      "node": {
        "label": "HORIZONTAL",
        "type": "FieldRead"
      },
      "location-before-char-start": 1554,
      "location-before-char-end": 1582,
      "node-str": "HORIZONTAL"
    },
    {
      "type": "delete-node",
      "node": {
        "label": "0",
        "type": "Literal"
      },
      "location-before-char-start": 1606,
      "location-before-char-end": 1606,
      "node-str": "0"
    },
    {
      "type": "delete-node",
      "node": {
        "label": "8",
        "type": "Literal"
      },
      "location-before-char-start": 1609,
      "location-before-char-end": 1609,
      "node-str": "8"
    },
    {
      "type": "delete-node",
      "node": {
        "label": "0",
        "type": "Literal"
      },
      "location-before-char-start": 1612,
      "location-before-char-end": 1612,
      "node-str": "0"
    },
    {
      "type": "delete-node",
      "node": {
        "label": "0",
        "type": "Literal"
      },
      "location-before-char-start": 1615,
      "location-before-char-end": 1615,
      "node-str": "0"
    },
    {
      "type": "delete-node",
      "node": {
        "label": "java.awt.Insets(int,int,int,int)",
        "type": "ConstructorCall"
      },
      "location-before-char-start": 1595,
      "location-before-char-end": 1616,
      "node-str": "java.awt.Insets(int,int,int,int)"
    },
    {
      "type": "delete-node",
      "node": {
        "label": "addToGrid",
        "type": "Invocation"
      },
      "location-before-char-start": 1457,
      "location-before-char-end": 1618,
      "node-str": "addToGrid"
    },
    {
      "type": "delete-node",
      "node": {
        "label": "junit.swingui.CounterPanel",
        "type": "TypeAccess"
      },
      "location-before-char-start": 0,
      "location-before-char-end": 0,
      "node-str": "junit.swingui.CounterPanel"
    },
    {
      "type": "delete-node",
      "node": {
        "label": "\"Failures:\"",
        "type": "Literal"
      },
      "location-before-char-start": 1648,
      "location-before-char-end": 1658,
      "node-str": "\"Failures:\""
    },
    {
      "type": "delete-node",
      "node": {
        "label": "junit.swingui.CounterPanel",
        "type": "TypeAccess"
      },
      "location-before-char-start": 0,
      "location-before-char-end": 0,
      "node-str": "junit.swingui.CounterPanel"
    },
    {
      "type": "delete-node",
      "node": {
        "label": "fFailureIcon",
        "type": "FieldRead"
      },
      "location-before-char-start": 1661,
      "location-before-char-end": 1672,
      "node-str": "fFailureIcon"
    },
    {
      "type": "delete-node",
      "node": {
        "label": "javax.swing.SwingConstants",
        "type": "TypeAccess"
      },
      "location-before-char-start": 1675,
      "location-before-char-end": 1688,
      "node-str": "javax.swing.SwingConstants"
    },
    {
      "type": "delete-node",
      "node": {
        "label": "LEFT",
        "type": "FieldRead"
      },
      "location-before-char-start": 1675,
      "location-before-char-end": 1693,
      "node-str": "LEFT"
    },
    {
      "type": "delete-node",
      "node": {
        "label": "javax.swing.JLabel(java.lang.String,javax.swing.Icon,int)",
        "type": "ConstructorCall"
      },
      "location-before-char-start": 1637,
      "location-before-char-end": 1694,
      "node-str": "javax.swing.JLabel(java.lang.String,javax.swing.Icon,int)"
    },
    {
      "type": "delete-node",
      "node": {
        "label": "4",
        "type": "Literal"
      },
      "location-before-char-start": 1707,
      "location-before-char-end": 1707,
      "node-str": "4"
    },
    {
      "type": "delete-node",
      "node": {
        "label": "0",
        "type": "Literal"
      },
      "location-before-char-start": 1710,
      "location-before-char-end": 1710,
      "node-str": "0"
    },
    {
      "type": "delete-node",
      "node": {
        "label": "1",
        "type": "Literal"
      },
      "location-before-char-start": 1713,
      "location-before-char-end": 1713,
      "node-str": "1"
    },
    {
      "type": "delete-node",
      "node": {
        "label": "1",
        "type": "Literal"
      },
      "location-before-char-start": 1716,
      "location-before-char-end": 1716,
      "node-str": "1"
    },
    {
      "type": "delete-node",
      "node": {
        "label": "0.0",
        "type": "Literal"
      },
      "location-before-char-start": 1719,
      "location-before-char-end": 1721,
      "node-str": "0.0"
    },
    {
      "type": "delete-node",
      "node": {
        "label": "0.0",
        "type": "Literal"
      },
      "location-before-char-start": 1724,
      "location-before-char-end": 1726,
      "node-str": "0.0"
    },
    {
      "type": "delete-node",
      "node": {
        "label": "java.awt.GridBagConstraints",
        "type": "TypeAccess"
      },
      "location-before-char-start": 1739,
      "location-before-char-end": 1756,
      "node-str": "java.awt.GridBagConstraints"
    },
    {
      "type": "delete-node",
      "node": {
        "label": "CENTER",
        "type": "FieldRead"
      },
      "location-before-char-start": 1739,
      "location-before-char-end": 1763,
      "node-str": "CENTER"
    },
    {
      "type": "delete-node",
      "node": {
        "label": "java.awt.GridBagConstraints",
        "type": "TypeAccess"
      },
      "location-before-char-start": 1766,
      "location-before-char-end": 1783,
      "node-str": "java.awt.GridBagConstraints"
    },
    {
      "type": "delete-node",
      "node": {
        "label": "NONE",
        "type": "FieldRead"
      },
      "location-before-char-start": 1766,
      "location-before-char-end": 1788,
      "node-str": "NONE"
    },
    {
      "type": "delete-node",
      "node": {
        "label": "0",
        "type": "Literal"
      },
      "location-before-char-start": 1812,
      "location-before-char-end": 1812,
      "node-str": "0"
    },
    {
      "type": "delete-node",
      "node": {
        "label": "8",
        "type": "Literal"
      },
      "location-before-char-start": 1815,
      "location-before-char-end": 1815,
      "node-str": "8"
    },
    {
      "type": "delete-node",
      "node": {
        "label": "0",
        "type": "Literal"
      },
      "location-before-char-start": 1818,
      "location-before-char-end": 1818,
      "node-str": "0"
    },
    {
      "type": "delete-node",
      "node": {
        "label": "0",
        "type": "Literal"
      },
      "location-before-char-start": 1821,
      "location-before-char-end": 1821,
      "node-str": "0"
    },
    {
      "type": "delete-node",
      "node": {
        "label": "java.awt.Insets(int,int,int,int)",
        "type": "ConstructorCall"
      },
      "location-before-char-start": 1801,
      "location-before-char-end": 1822,
      "node-str": "java.awt.Insets(int,int,int,int)"
    },
    {
      "type": "delete-node",
      "node": {
        "label": "addToGrid",
        "type": "Invocation"
      },
      "location-before-char-start": 1627,
      "location-before-char-end": 1824,
      "node-str": "addToGrid"
    },
    {
      "type": "delete-node",
      "node": {
        "label": "junit.swingui.CounterPanel",
        "type": "TypeAccess"
      },
      "location-before-char-start": 0,
      "location-before-char-end": 0,
      "node-str": "junit.swingui.CounterPanel"
    },
    {
      "type": "delete-node",
      "node": {
        "label": "junit.swingui.CounterPanel",
        "type": "TypeAccess"
      },
      "location-before-char-start": 0,
      "location-before-char-end": 0,
      "node-str": "junit.swingui.CounterPanel"
    },
    {
      "type": "delete-node",
      "node": {
        "label": "fNumberOfFailures",
        "type": "FieldRead"
      },
      "location-before-char-start": 1842,
      "location-before-char-end": 1858,
      "node-str": "fNumberOfFailures"
    },
    {
      "type": "delete-node",
      "node": {
        "label": "5",
        "type": "Literal"
      },
      "location-before-char-start": 1871,
      "location-before-char-end": 1871,
      "node-str": "5"
    },
    {
      "type": "delete-node",
      "node": {
        "label": "0",
        "type": "Literal"
      },
      "location-before-char-start": 1874,
      "location-before-char-end": 1874,
      "node-str": "0"
    },
    {
      "type": "delete-node",
      "node": {
        "label": "1",
        "type": "Literal"
      },
      "location-before-char-start": 1877,
      "location-before-char-end": 1877,
      "node-str": "1"
    },
    {
      "type": "delete-node",
      "node": {
        "label": "1",
        "type": "Literal"
      },
      "location-before-char-start": 1880,
      "location-before-char-end": 1880,
      "node-str": "1"
    },
    {
      "type": "delete-node",
      "node": {
        "label": "0.33",
        "type": "Literal"
      },
      "location-before-char-start": 1883,
      "location-before-char-end": 1886,
      "node-str": "0.33"
    },
    {
      "type": "delete-node",
      "node": {
        "label": "0.0",
        "type": "Literal"
      },
      "location-before-char-start": 1889,
      "location-before-char-end": 1891,
      "node-str": "0.0"
    },
    {
      "type": "delete-node",
      "node": {
        "label": "java.awt.GridBagConstraints",
        "type": "TypeAccess"
      },
      "location-before-char-start": 1904,
      "location-before-char-end": 1921,
      "node-str": "java.awt.GridBagConstraints"
    },
    {
      "type": "delete-node",
      "node": {
        "label": "CENTER",
        "type": "FieldRead"
      },
      "location-before-char-start": 1904,
      "location-before-char-end": 1928,
      "node-str": "CENTER"
    },
    {
      "type": "delete-node",
      "node": {
        "label": "java.awt.GridBagConstraints",
        "type": "TypeAccess"
      },
      "location-before-char-start": 1931,
      "location-before-char-end": 1948,
      "node-str": "java.awt.GridBagConstraints"
    },
    {
      "type": "delete-node",
      "node": {
        "label": "HORIZONTAL",
        "type": "FieldRead"
      },
      "location-before-char-start": 1931,
      "location-before-char-end": 1959,
      "node-str": "HORIZONTAL"
    },
    {
      "type": "delete-node",
      "node": {
        "label": "0",
        "type": "Literal"
      },
      "location-before-char-start": 1983,
      "location-before-char-end": 1983,
      "node-str": "0"
    },
    {
      "type": "delete-node",
      "node": {
        "label": "8",
        "type": "Literal"
      },
      "location-before-char-start": 1986,
      "location-before-char-end": 1986,
      "node-str": "8"
    },
    {
      "type": "delete-node",
      "node": {
        "label": "0",
        "type": "Literal"
      },
      "location-before-char-start": 1989,
      "location-before-char-end": 1989,
      "node-str": "0"
    },
    {
      "type": "delete-node",
      "node": {
        "label": "0",
        "type": "Literal"
      },
      "location-before-char-start": 1992,
      "location-before-char-end": 1992,
      "node-str": "0"
    },
    {
      "type": "delete-node",
      "node": {
        "label": "java.awt.Insets(int,int,int,int)",
        "type": "ConstructorCall"
      },
      "location-before-char-start": 1972,
      "location-before-char-end": 1993,
      "node-str": "java.awt.Insets(int,int,int,int)"
    },
    {
      "type": "delete-node",
      "node": {
        "label": "addToGrid",
        "type": "Invocation"
      },
      "location-before-char-start": 1832,
      "location-before-char-end": 1995,
      "node-str": "addToGrid"
    },
    {
      "type": "delete-node",
      "node": {
        "label": "\u003cinit\u003e",
        "type": "Constructor"
      },
      "location-before-char-start": 717,
      "location-before-char-end": 1998,
      "node-str": "\u003cinit\u003e"
    },
    {
      "type": "delete-node",
      "node": {
        "label": "javax.swing.JTextField",
        "type": "RETURN_TYPE"
      },
      "location-before-char-start": 0,
      "location-before-char-end": 0,
      "node-str": "javax.swing.JTextField"
    },
    {
      "type": "delete-node",
      "node": {
        "label": "int",
        "type": "VARIABLE_TYPE"
      },
      "location-before-char-start": 0,
      "location-before-char-end": 0,
      "node-str": "int"
    },
    {
      "type": "delete-node",
      "node": {
        "label": "width",
        "type": "Parameter"
      },
      "location-before-char-start": 2039,
      "location-before-char-end": 2047,
      "node-str": "width"
    },
    {
      "type": "delete-node",
      "node": {
        "label": "javax.swing.JTextField",
        "type": "VARIABLE_TYPE"
      },
      "location-before-char-start": 0,
      "location-before-char-end": 0,
      "node-str": "javax.swing.JTextField"
    },
    {
      "type": "delete-node",
      "node": {
        "label": "\"0\"",
        "type": "Literal"
      },
      "location-before-char-start": 2087,
      "location-before-char-end": 2089,
      "node-str": "\"0\""
    },
    {
      "type": "delete-node",
      "node": {
        "label": "width",
        "type": "VariableRead"
      },
      "location-before-char-start": 2092,
      "location-before-char-end": 2096,
      "node-str": "width"
    },
    {
      "type": "delete-node",
      "node": {
        "label": "javax.swing.JTextField(java.lang.String,int)",
        "type": "ConstructorCall"
      },
      "location-before-char-start": 2072,
      "location-before-char-end": 2097,
      "node-str": "javax.swing.JTextField(java.lang.String,int)"
    },
    {
      "type": "delete-node",
      "node": {
        "label": "field",
        "type": "LocalVariable"
      },
      "location-before-char-start": 2054,
      "location-before-char-end": 2098,
      "node-str": "field"
    },
    {
      "type": "delete-node",
      "node": {
        "label": "field",
        "type": "VariableRead"
      },
      "location-before-char-start": 2167,
      "location-before-char-end": 2171,
      "node-str": "field"
    },
    {
      "type": "delete-node",
      "node": {
        "label": "field",
        "type": "VariableRead"
      },
      "location-before-char-start": 2188,
      "location-before-char-end": 2192,
      "node-str": "field"
    },
    {
      "type": "delete-node",
      "node": {
        "label": "getPreferredSize",
        "type": "Invocation"
      },
      "location-before-char-start": 2188,
      "location-before-char-end": 2211,
      "node-str": "getPreferredSize"
    },
    {
      "type": "delete-node",
      "node": {
        "label": "setMinimumSize",
        "type": "Invocation"
      },
      "location-before-char-start": 2167,
      "location-before-char-end": 2213,
      "node-str": "setMinimumSize"
    },
    {
      "type": "delete-node",
      "node": {
        "label": "field",
        "type": "VariableRead"
      },
      "location-before-char-start": 2217,
      "location-before-char-end": 2221,
      "node-str": "field"
    },
    {
      "type": "delete-node",
      "node": {
        "label": "field",
        "type": "VariableRead"
      },
      "location-before-char-start": 2238,
      "location-before-char-end": 2242,
      "node-str": "field"
    },
    {
      "type": "delete-node",
      "node": {
        "label": "getPreferredSize",
        "type": "Invocation"
      },
      "location-before-char-start": 2238,
      "location-before-char-end": 2261,
      "node-str": "getPreferredSize"
    },
    {
      "type": "delete-node",
      "node": {
        "label": "setMaximumSize",
        "type": "Invocation"
      },
      "location-before-char-start": 2217,
      "location-before-char-end": 2263,
      "node-str": "setMaximumSize"
    },
    {
      "type": "delete-node",
      "node": {
        "label": "field",
        "type": "VariableRead"
      },
      "location-before-char-start": 2267,
      "location-before-char-end": 2271,
      "node-str": "field"
    },
    {
      "type": "delete-node",
      "node": {
        "label": "javax.swing.SwingConstants",
        "type": "TypeAccess"
      },
      "location-before-char-start": 2296,
      "location-before-char-end": 2309,
      "node-str": "javax.swing.SwingConstants"
    },
    {
      "type": "delete-node",
      "node": {
        "label": "LEFT",
        "type": "FieldRead"
      },
      "location-before-char-start": 2296,
      "location-before-char-end": 2314,
      "node-str": "LEFT"
    },
    {
      "type": "delete-node",
      "node": {
        "label": "setHorizontalAlignment",
        "type": "Invocation"
      },
      "location-before-char-start": 2267,
      "location-before-char-end": 2316,
      "node-str": "setHorizontalAlignment"
    },
    {
      "type": "delete-node",
      "node": {
        "label": "field",
        "type": "VariableRead"
      },
      "location-before-char-start": 2320,
      "location-before-char-end": 2324,
      "node-str": "field"
    },
    {
      "type": "delete-node",
      "node": {
        "label": "StatusLine.BOLD_FONT",
        "type": "TypeAccess"
      },
      "location-before-char-start": 2334,
      "location-before-char-end": 2353,
      "node-str": "StatusLine.BOLD_FONT"
    },
    {
      "type": "delete-node",
      "node": {
        "label": "setFont",
        "type": "Invocation"
      },
      "location-before-char-start": 2320,
      "location-before-char-end": 2355,
      "node-str": "setFont"
    },
    {
      "type": "delete-node",
      "node": {
        "label": "field",
        "type": "VariableRead"
      },
      "location-before-char-start": 2359,
      "location-before-char-end": 2363,
      "node-str": "field"
    },
    {
      "type": "delete-node",
      "node": {
        "label": "false",
        "type": "Literal"
      },
      "location-before-char-start": 2377,
      "location-before-char-end": 2381,
      "node-str": "false"
    },
    {
      "type": "delete-node",
      "node": {
        "label": "setEditable",
        "type": "Invocation"
      },
      "location-before-char-start": 2359,
      "location-before-char-end": 2383,
      "node-str": "setEditable"
    },
    {
      "type": "delete-node",
      "node": {
        "label": "field",
        "type": "VariableRead"
      },
      "location-before-char-start": 2387,
      "location-before-char-end": 2391,
      "node-str": "field"
    },
    {
      "type": "delete-node",
      "node": {
        "label": "javax.swing.BorderFactory",
        "type": "TypeAccess"
      },
      "location-before-char-start": 2403,
      "location-before-char-end": 2415,
      "node-str": "javax.swing.BorderFactory"
    },
    {
      "type": "delete-node",
      "node": {
        "label": "createEmptyBorder",
        "type": "Invocation"
      },
      "location-before-char-start": 2403,
      "location-before-char-end": 2435,
      "node-str": "createEmptyBorder"
    },
    {
      "type": "delete-node",
      "node": {
        "label": "setBorder",
        "type": "Invocation"
      },
      "location-before-char-start": 2387,
      "location-before-char-end": 2437,
      "node-str": "setBorder"
    },
    {
      "type": "delete-node",
      "node": {
        "label": "field",
        "type": "VariableRead"
      },
      "location-before-char-start": 2448,
      "location-before-char-end": 2452,
      "node-str": "field"
    },
    {
      "type": "delete-node",
      "node": {
        "label": "return",
        "type": "Return"
      },
      "location-before-char-start": 2441,
      "location-before-char-end": 2453,
      "node-str": "return"
    },
    {
      "type": "delete-node",
      "node": {
        "label": "createOutputField",
        "type": "Method"
      },
      "location-before-char-start": 2002,
      "location-before-char-end": 2456,
      "node-str": "createOutputField"
    },
    {
      "type": "delete-node",
      "node": {
        "label": "void",
        "type": "RETURN_TYPE"
      },
      "location-before-char-start": 0,
      "location-before-char-end": 0,
      "node-str": "void"
    },
    {
      "type": "delete-node",
      "node": {
        "label": "public",
        "type": "Modifier"
      },
      "location-before-char-start": 0,
      "location-before-char-end": 0,
      "node-str": "public"
    },
    {
      "type": "delete-node",
      "node": {
        "label": "java.awt.Component",
        "type": "VARIABLE_TYPE"
      },
      "location-before-char-start": 0,
      "location-before-char-end": 0,
      "node-str": "java.awt.Component"
    },
    {
      "type": "delete-node",
      "node": {
        "label": "comp",
        "type": "Parameter"
      },
      "location-before-char-start": 2482,
      "location-before-char-end": 2495,
      "node-str": "comp"
    },
    {
      "type": "delete-node",
      "node": {
        "label": "int",
        "type": "VARIABLE_TYPE"
      },
      "location-before-char-start": 0,
      "location-before-char-end": 0,
      "node-str": "int"
    },
    {
      "type": "delete-node",
      "node": {
        "label": "gridx",
        "type": "Parameter"
      },
      "location-before-char-start": 2504,
      "location-before-char-end": 2512,
      "node-str": "gridx"
    },
    {
      "type": "delete-node",
      "node": {
        "label": "int",
        "type": "VARIABLE_TYPE"
      },
      "location-before-char-start": 0,
      "location-before-char-end": 0,
      "node-str": "int"
    },
    {
      "type": "delete-node",
      "node": {
        "label": "gridy",
        "type": "Parameter"
      },
      "location-before-char-start": 2515,
      "location-before-char-end": 2523,
      "node-str": "gridy"
    },
    {
      "type": "delete-node",
      "node": {
        "label": "int",
        "type": "VARIABLE_TYPE"
      },
      "location-before-char-start": 0,
      "location-before-char-end": 0,
      "node-str": "int"
    },
    {
      "type": "delete-node",
      "node": {
        "label": "gridwidth",
        "type": "Parameter"
      },
      "location-before-char-start": 2526,
      "location-before-char-end": 2538,
      "node-str": "gridwidth"
    },
    {
      "type": "delete-node",
      "node": {
        "label": "int",
        "type": "VARIABLE_TYPE"
      },
      "location-before-char-start": 0,
      "location-before-char-end": 0,
      "node-str": "int"
    },
    {
      "type": "delete-node",
      "node": {
        "label": "gridheight",
        "type": "Parameter"
      },
      "location-before-char-start": 2541,
      "location-before-char-end": 2554,
      "node-str": "gridheight"
    },
    {
      "type": "delete-node",
      "node": {
        "label": "double",
        "type": "VARIABLE_TYPE"
      },
      "location-before-char-start": 0,
      "location-before-char-end": 0,
      "node-str": "double"
    },
    {
      "type": "delete-node",
      "node": {
        "label": "weightx",
        "type": "Parameter"
      },
      "location-before-char-start": 2560,
      "location-before-char-end": 2573,
      "node-str": "weightx"
    },
    {
      "type": "delete-node",
      "node": {
        "label": "double",
        "type": "VARIABLE_TYPE"
      },
      "location-before-char-start": 0,
      "location-before-char-end": 0,
      "node-str": "double"
    },
    {
      "type": "delete-node",
      "node": {
        "label": "weighty",
        "type": "Parameter"
      },
      "location-before-char-start": 2576,
      "location-before-char-end": 2589,
      "node-str": "weighty"
    },
    {
      "type": "delete-node",
      "node": {
        "label": "int",
        "type": "VARIABLE_TYPE"
      },
      "location-before-char-start": 0,
      "location-before-char-end": 0,
      "node-str": "int"
    },
    {
      "type": "delete-node",
      "node": {
        "label": "anchor",
        "type": "Parameter"
      },
      "location-before-char-start": 2595,
      "location-before-char-end": 2604,
      "node-str": "anchor"
    },
    {
      "type": "delete-node",
      "node": {
        "label": "int",
        "type": "VARIABLE_TYPE"
      },
      "location-before-char-start": 0,
      "location-before-char-end": 0,
      "node-str": "int"
    },
    {
      "type": "delete-node",
      "node": {
        "label": "fill",
        "type": "Parameter"
      },
      "location-before-char-start": 2607,
      "location-before-char-end": 2614,
      "node-str": "fill"
    },
    {
      "type": "delete-node",
      "node": {
        "label": "java.awt.Insets",
        "type": "VARIABLE_TYPE"
      },
      "location-before-char-start": 0,
      "location-before-char-end": 0,
      "node-str": "java.awt.Insets"
    },
    {
      "type": "delete-node",
      "node": {
        "label": "insets",
        "type": "Parameter"
      },
      "location-before-char-start": 2620,
      "location-before-char-end": 2632,
      "node-str": "insets"
    },
    {
      "type": "delete-node",
      "node": {
        "label": "java.awt.GridBagConstraints",
        "type": "VARIABLE_TYPE"
      },
      "location-before-char-start": 0,
      "location-before-char-end": 0,
      "node-str": "java.awt.GridBagConstraints"
    },
    {
      "type": "delete-node",
      "node": {
        "label": "java.awt.GridBagConstraints()",
        "type": "ConstructorCall"
      },
      "location-before-char-start": 2672,
      "location-before-char-end": 2695,
      "node-str": "java.awt.GridBagConstraints()"
    },
    {
      "type": "delete-node",
      "node": {
        "label": "constraints",
        "type": "LocalVariable"
      },
      "location-before-char-start": 2640,
      "location-before-char-end": 2696,
      "node-str": "constraints"
    },
    {
      "type": "delete-node",
      "node": {
        "label": "constraints",
        "type": "VariableRead"
      },
      "location-before-char-start": 2700,
      "location-before-char-end": 2710,
      "node-str": "constraints"
    },
    {
      "type": "delete-node",
      "node": {
        "label": "gridx",
        "type": "FieldWrite"
      },
      "location-before-char-start": 2700,
      "location-before-char-end": 2716,
      "node-str": "gridx"
    },
    {
      "type": "delete-node",
      "node": {
        "label": "gridx",
        "type": "VariableRead"
      },
      "location-before-char-start": 2719,
      "location-before-char-end": 2723,
      "node-str": "gridx"
    },
    {
      "type": "delete-node",
      "node": {
        "label": "\u003d",
        "type": "Assignment"
      },
      "location-before-char-start": 2700,
      "location-before-char-end": 2724,
      "node-str": "\u003d"
    },
    {
      "type": "delete-node",
      "node": {
        "label": "constraints",
        "type": "VariableRead"
      },
      "location-before-char-start": 2728,
      "location-before-char-end": 2738,
      "node-str": "constraints"
    },
    {
      "type": "delete-node",
      "node": {
        "label": "gridy",
        "type": "FieldWrite"
      },
      "location-before-char-start": 2728,
      "location-before-char-end": 2744,
      "node-str": "gridy"
    },
    {
      "type": "delete-node",
      "node": {
        "label": "gridy",
        "type": "VariableRead"
      },
      "location-before-char-start": 2747,
      "location-before-char-end": 2751,
      "node-str": "gridy"
    },
    {
      "type": "delete-node",
      "node": {
        "label": "\u003d",
        "type": "Assignment"
      },
      "location-before-char-start": 2728,
      "location-before-char-end": 2752,
      "node-str": "\u003d"
    },
    {
      "type": "delete-node",
      "node": {
        "label": "constraints",
        "type": "VariableRead"
      },
      "location-before-char-start": 2756,
      "location-before-char-end": 2766,
      "node-str": "constraints"
    },
    {
      "type": "delete-node",
      "node": {
        "label": "gridwidth",
        "type": "FieldWrite"
      },
      "location-before-char-start": 2756,
      "location-before-char-end": 2776,
      "node-str": "gridwidth"
    },
    {
      "type": "delete-node",
      "node": {
        "label": "gridwidth",
        "type": "VariableRead"
      },
      "location-before-char-start": 2779,
      "location-before-char-end": 2787,
      "node-str": "gridwidth"
    },
    {
      "type": "delete-node",
      "node": {
        "label": "\u003d",
        "type": "Assignment"
      },
      "location-before-char-start": 2756,
      "location-before-char-end": 2788,
      "node-str": "\u003d"
    },
    {
      "type": "delete-node",
      "node": {
        "label": "constraints",
        "type": "VariableRead"
      },
      "location-before-char-start": 2792,
      "location-before-char-end": 2802,
      "node-str": "constraints"
    },
    {
      "type": "delete-node",
      "node": {
        "label": "gridheight",
        "type": "FieldWrite"
      },
      "location-before-char-start": 2792,
      "location-before-char-end": 2813,
      "node-str": "gridheight"
    },
    {
      "type": "delete-node",
      "node": {
        "label": "gridheight",
        "type": "VariableRead"
      },
      "location-before-char-start": 2816,
      "location-before-char-end": 2825,
      "node-str": "gridheight"
    },
    {
      "type": "delete-node",
      "node": {
        "label": "\u003d",
        "type": "Assignment"
      },
      "location-before-char-start": 2792,
      "location-before-char-end": 2826,
      "node-str": "\u003d"
    },
    {
      "type": "delete-node",
      "node": {
        "label": "constraints",
        "type": "VariableRead"
      },
      "location-before-char-start": 2830,
      "location-before-char-end": 2840,
      "node-str": "constraints"
    },
    {
      "type": "delete-node",
      "node": {
        "label": "weightx",
        "type": "FieldWrite"
      },
      "location-before-char-start": 2830,
      "location-before-char-end": 2848,
      "node-str": "weightx"
    },
    {
      "type": "delete-node",
      "node": {
        "label": "weightx",
        "type": "VariableRead"
      },
      "location-before-char-start": 2851,
      "location-before-char-end": 2857,
      "node-str": "weightx"
    },
    {
      "type": "delete-node",
      "node": {
        "label": "\u003d",
        "type": "Assignment"
      },
      "location-before-char-start": 2830,
      "location-before-char-end": 2858,
      "node-str": "\u003d"
    },
    {
      "type": "delete-node",
      "node": {
        "label": "constraints",
        "type": "VariableRead"
      },
      "location-before-char-start": 2862,
      "location-before-char-end": 2872,
      "node-str": "constraints"
    },
    {
      "type": "delete-node",
      "node": {
        "label": "weighty",
        "type": "FieldWrite"
      },
      "location-before-char-start": 2862,
      "location-before-char-end": 2880,
      "node-str": "weighty"
    },
    {
      "type": "delete-node",
      "node": {
        "label": "weighty",
        "type": "VariableRead"
      },
      "location-before-char-start": 2883,
      "location-before-char-end": 2889,
      "node-str": "weighty"
    },
    {
      "type": "delete-node",
      "node": {
        "label": "\u003d",
        "type": "Assignment"
      },
      "location-before-char-start": 2862,
      "location-before-char-end": 2890,
      "node-str": "\u003d"
    },
    {
      "type": "delete-node",
      "node": {
        "label": "constraints",
        "type": "VariableRead"
      },
      "location-before-char-start": 2894,
      "location-before-char-end": 2904,
      "node-str": "constraints"
    },
    {
      "type": "delete-node",
      "node": {
        "label": "anchor",
        "type": "FieldWrite"
      },
      "location-before-char-start": 2894,
      "location-before-char-end": 2911,
      "node-str": "anchor"
    },
    {
      "type": "delete-node",
      "node": {
        "label": "anchor",
        "type": "VariableRead"
      },
      "location-before-char-start": 2914,
      "location-before-char-end": 2919,
      "node-str": "anchor"
    },
    {
      "type": "delete-node",
      "node": {
        "label": "\u003d",
        "type": "Assignment"
      },
      "location-before-char-start": 2894,
      "location-before-char-end": 2920,
      "node-str": "\u003d"
    },
    {
      "type": "delete-node",
      "node": {
        "label": "constraints",
        "type": "VariableRead"
      },
      "location-before-char-start": 2924,
      "location-before-char-end": 2934,
      "node-str": "constraints"
    },
    {
      "type": "delete-node",
      "node": {
        "label": "fill",
        "type": "FieldWrite"
      },
      "location-before-char-start": 2924,
      "location-before-char-end": 2939,
      "node-str": "fill"
    },
    {
      "type": "delete-node",
      "node": {
        "label": "fill",
        "type": "VariableRead"
      },
      "location-before-char-start": 2942,
      "location-before-char-end": 2945,
      "node-str": "fill"
    },
    {
      "type": "delete-node",
      "node": {
        "label": "\u003d",
        "type": "Assignment"
      },
      "location-before-char-start": 2924,
      "location-before-char-end": 2946,
      "node-str": "\u003d"
    },
    {
      "type": "delete-node",
      "node": {
        "label": "constraints",
        "type": "VariableRead"
      },
      "location-before-char-start": 2950,
      "location-before-char-end": 2960,
      "node-str": "constraints"
    },
    {
      "type": "delete-node",
      "node": {
        "label": "insets",
        "type": "FieldWrite"
      },
      "location-before-char-start": 2950,
      "location-before-char-end": 2967,
      "node-str": "insets"
    },
    {
      "type": "delete-node",
      "node": {
        "label": "insets",
        "type": "VariableRead"
      },
      "location-before-char-start": 2970,
      "location-before-char-end": 2975,
      "node-str": "insets"
    },
    {
      "type": "delete-node",
      "node": {
        "label": "\u003d",
        "type": "Assignment"
      },
      "location-before-char-start": 2950,
      "location-before-char-end": 2976,
      "node-str": "\u003d"
    },
    {
      "type": "delete-node",
      "node": {
        "label": "junit.swingui.CounterPanel",
        "type": "TypeAccess"
      },
      "location-before-char-start": 0,
      "location-before-char-end": 0,
      "node-str": "junit.swingui.CounterPanel"
    },
    {
      "type": "delete-node",
      "node": {
        "label": "comp",
        "type": "VariableRead"
      },
      "location-before-char-start": 2984,
      "location-before-char-end": 2987,
      "node-str": "comp"
    },
    {
      "type": "delete-node",
      "node": {
        "label": "constraints",
        "type": "VariableRead"
      },
      "location-before-char-start": 2990,
      "location-before-char-end": 3000,
      "node-str": "constraints"
    },
    {
      "type": "delete-node",
      "node": {
        "label": "add",
        "type": "Invocation"
      },
      "location-before-char-start": 2980,
      "location-before-char-end": 3002,
      "node-str": "add"
    },
    {
      "type": "delete-node",
      "node": {
        "label": "addToGrid",
        "type": "Method"
      },
      "location-before-char-start": 2460,
      "location-before-char-end": 3005,
      "node-str": "addToGrid"
    },
    {
      "type": "delete-node",
      "node": {
        "label": "void",
        "type": "RETURN_TYPE"
      },
      "location-before-char-start": 0,
      "location-before-char-end": 0,
      "node-str": "void"
    },
    {
      "type": "delete-node",
      "node": {
        "label": "public",
        "type": "Modifier"
      },
      "location-before-char-start": 0,
      "location-before-char-end": 0,
      "node-str": "public"
    },
    {
      "type": "delete-node",
      "node": {
        "label": "junit.swingui.CounterPanel",
        "type": "TypeAccess"
      },
      "location-before-char-start": 0,
      "location-before-char-end": 0,
      "node-str": "junit.swingui.CounterPanel"
    },
    {
      "type": "delete-node",
      "node": {
        "label": "junit.swingui.CounterPanel",
        "type": "TypeAccess"
      },
      "location-before-char-start": 0,
      "location-before-char-end": 0,
      "node-str": "junit.swingui.CounterPanel"
    },
    {
      "type": "delete-node",
      "node": {
        "label": "fNumberOfErrors",
        "type": "FieldRead"
      },
      "location-before-char-start": 3047,
      "location-before-char-end": 3061,
      "node-str": "fNumberOfErrors"
    },
    {
      "type": "delete-node",
      "node": {
        "label": "0",
        "type": "Literal"
      },
      "location-before-char-start": 3064,
      "location-before-char-end": 3064,
      "node-str": "0"
    },
    {
      "type": "delete-node",
      "node": {
        "label": "setLabelValue",
        "type": "Invocation"
      },
      "location-before-char-start": 3033,
      "location-before-char-end": 3066,
      "node-str": "setLabelValue"
    },
    {
      "type": "delete-node",
      "node": {
        "label": "junit.swingui.CounterPanel",
        "type": "TypeAccess"
      },
      "location-before-char-start": 0,
      "location-before-char-end": 0,
      "node-str": "junit.swingui.CounterPanel"
    },
    {
      "type": "delete-node",
      "node": {
        "label": "junit.swingui.CounterPanel",
        "type": "TypeAccess"
      },
      "location-before-char-start": 0,
      "location-before-char-end": 0,
      "node-str": "junit.swingui.CounterPanel"
    },
    {
      "type": "delete-node",
      "node": {
        "label": "fNumberOfFailures",
        "type": "FieldRead"
      },
      "location-before-char-start": 3084,
      "location-before-char-end": 3100,
      "node-str": "fNumberOfFailures"
    },
    {
      "type": "delete-node",
      "node": {
        "label": "0",
        "type": "Literal"
      },
      "location-before-char-start": 3103,
      "location-before-char-end": 3103,
      "node-str": "0"
    },
    {
      "type": "delete-node",
      "node": {
        "label": "setLabelValue",
        "type": "Invocation"
      },
      "location-before-char-start": 3070,
      "location-before-char-end": 3105,
      "node-str": "setLabelValue"
    },
    {
      "type": "delete-node",
      "node": {
        "label": "junit.swingui.CounterPanel",
        "type": "TypeAccess"
      },
      "location-before-char-start": 0,
      "location-before-char-end": 0,
      "node-str": "junit.swingui.CounterPanel"
    },
    {
      "type": "delete-node",
      "node": {
        "label": "junit.swingui.CounterPanel",
        "type": "TypeAccess"
      },
      "location-before-char-start": 0,
      "location-before-char-end": 0,
      "node-str": "junit.swingui.CounterPanel"
    },
    {
      "type": "delete-node",
      "node": {
        "label": "fNumberOfRuns",
        "type": "FieldRead"
      },
      "location-before-char-start": 3123,
      "location-before-char-end": 3135,
      "node-str": "fNumberOfRuns"
    },
    {
      "type": "delete-node",
      "node": {
        "label": "0",
        "type": "Literal"
      },
      "location-before-char-start": 3138,
      "location-before-char-end": 3138,
      "node-str": "0"
    },
    {
      "type": "delete-node",
      "node": {
        "label": "setLabelValue",
        "type": "Invocation"
      },
      "location-before-char-start": 3109,
      "location-before-char-end": 3140,
      "node-str": "setLabelValue"
    },
    {
      "type": "delete-node",
      "node": {
        "label": "junit.swingui.CounterPanel",
        "type": "TypeAccess"
      },
      "location-before-char-start": 0,
      "location-before-char-end": 0,
      "node-str": "junit.swingui.CounterPanel"
    },
    {
      "type": "delete-node",
      "node": {
        "label": "fTotal",
        "type": "FieldWrite"
      },
      "location-before-char-start": 3144,
      "location-before-char-end": 3149,
      "node-str": "fTotal"
    },
    {
      "type": "delete-node",
      "node": {
        "label": "0",
        "type": "Literal"
      },
      "location-before-char-start": 3152,
      "location-before-char-end": 3152,
      "node-str": "0"
    },
    {
      "type": "delete-node",
      "node": {
        "label": "\u003d",
        "type": "Assignment"
      },
      "location-before-char-start": 3144,
      "location-before-char-end": 3153,
      "node-str": "\u003d"
    },
    {
      "type": "delete-node",
      "node": {
        "label": "reset",
        "type": "Method"
      },
      "location-before-char-start": 3009,
      "location-before-char-end": 3156,
      "node-str": "reset"
    },
    {
      "type": "delete-node",
      "node": {
        "label": "void",
        "type": "RETURN_TYPE"
      },
      "location-before-char-start": 0,
      "location-before-char-end": 0,
      "node-str": "void"
    },
    {
      "type": "delete-node",
      "node": {
        "label": "public",
        "type": "Modifier"
      },
      "location-before-char-start": 0,
      "location-before-char-end": 0,
      "node-str": "public"
    },
    {
      "type": "delete-node",
      "node": {
        "label": "int",
        "type": "VARIABLE_TYPE"
      },
      "location-before-char-start": 0,
      "location-before-char-end": 0,
      "node-str": "int"
    },
    {
      "type": "delete-node",
      "node": {
        "label": "value",
        "type": "Parameter"
      },
      "location-before-char-start": 3181,
      "location-before-char-end": 3189,
      "node-str": "value"
    },
    {
      "type": "delete-node",
      "node": {
        "label": "junit.swingui.CounterPanel",
        "type": "TypeAccess"
      },
      "location-before-char-start": 0,
      "location-before-char-end": 0,
      "node-str": "junit.swingui.CounterPanel"
    },
    {
      "type": "delete-node",
      "node": {
        "label": "fTotal",
        "type": "FieldWrite"
      },
      "location-before-char-start": 3196,
      "location-before-char-end": 3201,
      "node-str": "fTotal"
    },
    {
      "type": "delete-node",
      "node": {
        "label": "value",
        "type": "VariableRead"
      },
      "location-before-char-start": 3204,
      "location-before-char-end": 3208,
      "node-str": "value"
    },
    {
      "type": "delete-node",
      "node": {
        "label": "\u003d",
        "type": "Assignment"
      },
      "location-before-char-start": 3196,
      "location-before-char-end": 3209,
      "node-str": "\u003d"
    },
    {
      "type": "delete-node",
      "node": {
        "label": "setTotal",
        "type": "Method"
      },
      "location-before-char-start": 3160,
      "location-before-char-end": 3212,
      "node-str": "setTotal"
    },
    {
      "type": "delete-node",
      "node": {
        "label": "void",
        "type": "RETURN_TYPE"
      },
      "location-before-char-start": 0,
      "location-before-char-end": 0,
      "node-str": "void"
    },
    {
      "type": "delete-node",
      "node": {
        "label": "public",
        "type": "Modifier"
      },
      "location-before-char-start": 0,
      "location-before-char-end": 0,
      "node-str": "public"
    },
    {
      "type": "delete-node",
      "node": {
        "label": "int",
        "type": "VARIABLE_TYPE"
      },
      "location-before-char-start": 0,
      "location-before-char-end": 0,
      "node-str": "int"
    },
    {
      "type": "delete-node",
      "node": {
        "label": "value",
        "type": "Parameter"
      },
      "location-before-char-start": 3240,
      "location-before-char-end": 3248,
      "node-str": "value"
    },
    {
      "type": "delete-node",
      "node": {
        "label": "junit.swingui.CounterPanel",
        "type": "TypeAccess"
      },
      "location-before-char-start": 0,
      "location-before-char-end": 0,
      "node-str": "junit.swingui.CounterPanel"
    },
    {
      "type": "delete-node",
      "node": {
        "label": "fNumberOfRuns",
        "type": "FieldRead"
      },
      "location-before-char-start": 3255,
      "location-before-char-end": 3267,
      "node-str": "fNumberOfRuns"
    },
    {
      "type": "delete-node",
      "node": {
        "label": "java.lang.Integer",
        "type": "TypeAccess"
      },
      "location-before-char-start": 3277,
      "location-before-char-end": 3283,
      "node-str": "java.lang.Integer"
    },
    {
      "type": "delete-node",
      "node": {
        "label": "value",
        "type": "VariableRead"
      },
      "location-before-char-start": 3294,
      "location-before-char-end": 3298,
      "node-str": "value"
    },
    {
      "type": "delete-node",
      "node": {
        "label": "toString",
        "type": "Invocation"
      },
      "location-before-char-start": 3277,
      "location-before-char-end": 3299,
      "node-str": "toString"
    },
    {
      "type": "delete-node",
      "node": {
        "label": "\"/\"",
        "type": "Literal"
      },
      "location-before-char-start": 3303,
      "location-before-char-end": 3305,
      "node-str": "\"/\""
    },
    {
      "type": "delete-node",
      "node": {
        "label": "PLUS",
        "type": "BinaryOperator"
      },
      "location-before-char-start": 3277,
      "location-before-char-end": 3305,
      "node-str": "PLUS"
    },
    {
      "type": "delete-node",
      "node": {
        "label": "junit.swingui.CounterPanel",
        "type": "TypeAccess"
      },
      "location-before-char-start": 0,
      "location-before-char-end": 0,
      "node-str": "junit.swingui.CounterPanel"
    },
    {
      "type": "delete-node",
      "node": {
        "label": "fTotal",
        "type": "FieldRead"
      },
      "location-before-char-start": 3309,
      "location-before-char-end": 3314,
      "node-str": "fTotal"
    },
    {
      "type": "delete-node",
      "node": {
        "label": "PLUS",
        "type": "BinaryOperator"
      },
      "location-before-char-start": 3277,
      "location-before-char-end": 3314,
      "node-str": "PLUS"
    },
    {
      "type": "delete-node",
      "node": {
        "label": "setText",
        "type": "Invocation"
      },
      "location-before-char-start": 3255,
      "location-before-char-end": 3316,
      "node-str": "setText"
    },
    {
      "type": "delete-node",
      "node": {
        "label": "setRunValue",
        "type": "Method"
      },
      "location-before-char-start": 3216,
      "location-before-char-end": 3319,
      "node-str": "setRunValue"
    },
    {
      "type": "delete-node",
      "node": {
        "label": "void",
        "type": "RETURN_TYPE"
      },
      "location-before-char-start": 0,
      "location-before-char-end": 0,
      "node-str": "void"
    },
    {
      "type": "delete-node",
      "node": {
        "label": "public",
        "type": "Modifier"
      },
      "location-before-char-start": 0,
      "location-before-char-end": 0,
      "node-str": "public"
    },
    {
      "type": "delete-node",
      "node": {
        "label": "int",
        "type": "VARIABLE_TYPE"
      },
      "location-before-char-start": 0,
      "location-before-char-end": 0,
      "node-str": "int"
    },
    {
      "type": "delete-node",
      "node": {
        "label": "value",
        "type": "Parameter"
      },
      "location-before-char-start": 3349,
      "location-before-char-end": 3357,
      "node-str": "value"
    },
    {
      "type": "delete-node",
      "node": {
        "label": "junit.swingui.CounterPanel",
        "type": "TypeAccess"
      },
      "location-before-char-start": 0,
      "location-before-char-end": 0,
      "node-str": "junit.swingui.CounterPanel"
    },
    {
      "type": "delete-node",
      "node": {
        "label": "junit.swingui.CounterPanel",
        "type": "TypeAccess"
      },
      "location-before-char-start": 0,
      "location-before-char-end": 0,
      "node-str": "junit.swingui.CounterPanel"
    },
    {
      "type": "delete-node",
      "node": {
        "label": "fNumberOfErrors",
        "type": "FieldRead"
      },
      "location-before-char-start": 3378,
      "location-before-char-end": 3392,
      "node-str": "fNumberOfErrors"
    },
    {
      "type": "delete-node",
      "node": {
        "label": "value",
        "type": "VariableRead"
      },
      "location-before-char-start": 3395,
      "location-before-char-end": 3399,
      "node-str": "value"
    },
    {
      "type": "delete-node",
      "node": {
        "label": "setLabelValue",
        "type": "Invocation"
      },
      "location-before-char-start": 3364,
      "location-before-char-end": 3401,
      "node-str": "setLabelValue"
    },
    {
      "type": "delete-node",
      "node": {
        "label": "setErrorValue",
        "type": "Method"
      },
      "location-before-char-start": 3323,
      "location-before-char-end": 3404,
      "node-str": "setErrorValue"
    },
    {
      "type": "delete-node",
      "node": {
        "label": "void",
        "type": "RETURN_TYPE"
      },
      "location-before-char-start": 0,
      "location-before-char-end": 0,
      "node-str": "void"
    },
    {
      "type": "delete-node",
      "node": {
        "label": "public",
        "type": "Modifier"
      },
      "location-before-char-start": 0,
      "location-before-char-end": 0,
      "node-str": "public"
    },
    {
      "type": "delete-node",
      "node": {
        "label": "int",
        "type": "VARIABLE_TYPE"
      },
      "location-before-char-start": 0,
      "location-before-char-end": 0,
      "node-str": "int"
    },
    {
      "type": "delete-node",
      "node": {
        "label": "value",
        "type": "Parameter"
      },
      "location-before-char-start": 3436,
      "location-before-char-end": 3444,
      "node-str": "value"
    },
    {
      "type": "delete-node",
      "node": {
        "label": "junit.swingui.CounterPanel",
        "type": "TypeAccess"
      },
      "location-before-char-start": 0,
      "location-before-char-end": 0,
      "node-str": "junit.swingui.CounterPanel"
    },
    {
      "type": "delete-node",
      "node": {
        "label": "junit.swingui.CounterPanel",
        "type": "TypeAccess"
      },
      "location-before-char-start": 0,
      "location-before-char-end": 0,
      "node-str": "junit.swingui.CounterPanel"
    },
    {
      "type": "delete-node",
      "node": {
        "label": "fNumberOfFailures",
        "type": "FieldRead"
      },
      "location-before-char-start": 3465,
      "location-before-char-end": 3481,
      "node-str": "fNumberOfFailures"
    },
    {
      "type": "delete-node",
      "node": {
        "label": "value",
        "type": "VariableRead"
      },
      "location-before-char-start": 3484,
      "location-before-char-end": 3488,
      "node-str": "value"
    },
    {
      "type": "delete-node",
      "node": {
        "label": "setLabelValue",
        "type": "Invocation"
      },
      "location-before-char-start": 3451,
      "location-before-char-end": 3490,
      "node-str": "setLabelValue"
    },
    {
      "type": "delete-node",
      "node": {
        "label": "setFailureValue",
        "type": "Method"
      },
      "location-before-char-start": 3408,
      "location-before-char-end": 3493,
      "node-str": "setFailureValue"
    },
    {
      "type": "delete-node",
      "node": {
        "label": "void",
        "type": "RETURN_TYPE"
      },
      "location-before-char-start": 0,
      "location-before-char-end": 0,
      "node-str": "void"
    },
    {
      "type": "delete-node",
      "node": {
        "label": "javax.swing.JTextField",
        "type": "VARIABLE_TYPE"
      },
      "location-before-char-start": 0,
      "location-before-char-end": 0,
      "node-str": "javax.swing.JTextField"
    },
    {
      "type": "delete-node",
      "node": {
        "label": "label",
        "type": "Parameter"
      },
      "location-before-char-start": 3524,
      "location-before-char-end": 3539,
      "node-str": "label"
    },
    {
      "type": "delete-node",
      "node": {
        "label": "int",
        "type": "VARIABLE_TYPE"
      },
      "location-before-char-start": 0,
      "location-before-char-end": 0,
      "node-str": "int"
    },
    {
      "type": "delete-node",
      "node": {
        "label": "value",
        "type": "Parameter"
      },
      "location-before-char-start": 3542,
      "location-before-char-end": 3550,
      "node-str": "value"
    },
    {
      "type": "delete-node",
      "node": {
        "label": "label",
        "type": "VariableRead"
      },
      "location-before-char-start": 3557,
      "location-before-char-end": 3561,
      "node-str": "label"
    },
    {
      "type": "delete-node",
      "node": {
        "label": "java.lang.Integer",
        "type": "TypeAccess"
      },
      "location-before-char-start": 3571,
      "location-before-char-end": 3577,
      "node-str": "java.lang.Integer"
    },
    {
      "type": "delete-node",
      "node": {
        "label": "value",
        "type": "VariableRead"
      },
      "location-before-char-start": 3588,
      "location-before-char-end": 3592,
      "node-str": "value"
    },
    {
      "type": "delete-node",
      "node": {
        "label": "toString",
        "type": "Invocation"
      },
      "location-before-char-start": 3571,
      "location-before-char-end": 3593,
      "node-str": "toString"
    },
    {
      "type": "delete-node",
      "node": {
        "label": "setText",
        "type": "Invocation"
      },
      "location-before-char-start": 3557,
      "location-before-char-end": 3595,
      "node-str": "setText"
    },
    {
      "type": "delete-node",
      "node": {
        "label": "setLabelValue",
        "type": "Method"
      },
      "location-before-char-start": 3497,
      "location-before-char-end": 3598,
      "node-str": "setLabelValue"
    },
    {
      "type": "delete-node",
      "node": {
        "label": "CounterPanel",
        "type": "Class"
      },
      "location-before-char-start": 323,
      "location-before-char-end": 3600,
      "node-str": "CounterPanel"
    }
  ],
  "before-file": {},
  "after-file": {},
  "mapping": {}
}