{
  "tool-info": {},
  "diff": [
    {
      "type": "move-subtree",
      "node": {
        "label": "append",
        "type": "Method"
      },
      "location-before-char-start": 19636,
      "location-before-char-end": 20474,
      "location-after-char-start": 20386,
      "location-after-char-end": 20700,
      "node-str": "append"
    },
    {
      "type": "move-subtree",
      "node": {
        "label": "ensureLoginState",
        "type": "Invocation"
      },
      "location-before-char-start": 18438,
      "location-before-char-end": 18456,
      "location-after-char-start": 18070,
      "location-after-char-end": 18088,
      "node-str": "ensureLoginState"
    },
    {
      "type": "move-subtree",
      "node": {
        "label": "printStatusMessage",
        "type": "Invocation"
      },
      "location-before-char-start": 18462,
      "location-before-char-end": 18612,
      "location-after-char-start": 18450,
      "location-after-char-end": 18599,
      "node-str": "printStatusMessage"
    },
    {
      "type": "move-subtree",
      "node": {
        "label": "return",
        "type": "Return"
      },
      "location-before-char-start": 18618,
      "location-before-char-end": 18742,
      "location-after-char-start": 18604,
      "location-after-char-end": 18727,
      "node-str": "return"
    },
    {
      "type": "move-subtree",
      "node": {
        "label": "ensureLoginState",
        "type": "Invocation"
      },
      "location-before-char-start": 20814,
      "location-before-char-end": 20832,
      "location-after-char-start": 19858,
      "location-after-char-end": 19876,
      "node-str": "ensureLoginState"
    },
    {
      "type": "move-subtree",
      "node": {
        "label": "if",
        "type": "If"
      },
      "location-before-char-start": 20880,
      "location-before-char-end": 21010,
      "location-after-char-start": 19922,
      "location-after-char-end": 20049,
      "node-str": "if"
    },
    {
      "type": "move-subtree",
      "node": {
        "label": "status",
        "type": "LocalVariable"
      },
      "location-before-char-start": 21016,
      "location-before-char-end": 21109,
      "location-after-char-start": 20054,
      "location-after-char-end": 20146,
      "node-str": "status"
    },
    {
      "type": "insert-node",
      "node": {
        "label": "if",
        "type": "If"
      },
      "location-after-char-start": 20151,
      "location-after-char-end": 20329,
      "node-str": "if"
    },
    {
      "type": "move-subtree",
      "node": {
        "label": "return",
        "type": "Return"
      },
      "location-before-char-start": 21202,
      "location-before-char-end": 21247,
      "location-after-char-start": 20334,
      "location-after-char-end": 20379,
      "node-str": "return"
    },
    {
      "type": "move-subtree",
      "node": {
        "label": "return",
        "type": "Return"
      },
      "location-before-char-start": 20427,
      "location-before-char-end": 20463,
      "location-after-char-start": 20655,
      "location-after-char-end": 20697,
      "node-str": "return"
    },
    {
      "type": "move-subtree",
      "node": {
        "label": "ensureLoginState",
        "type": "Invocation"
      },
      "location-before-char-start": 21666,
      "location-before-char-end": 21684,
      "location-after-char-start": 21005,
      "location-after-char-end": 21023,
      "node-str": "ensureLoginState"
    },
    {
      "type": "move-subtree",
      "node": {
        "label": "fullName",
        "type": "LocalVariable"
      },
      "location-before-char-start": 21736,
      "location-before-char-end": 21751,
      "location-after-char-start": 21074,
      "location-after-char-end": 21089,
      "node-str": "fullName"
    },
    {
      "type": "move-subtree",
      "node": {
        "label": "path",
        "type": "LocalVariable"
      },
      "location-before-char-start": 21756,
      "location-before-char-end": 21814,
      "location-after-char-start": 21093,
      "location-after-char-end": 21151,
      "node-str": "path"
    },
    {
      "type": "move-subtree",
      "node": {
        "label": "if",
        "type": "If"
      },
      "location-before-char-start": 21820,
      "location-before-char-end": 21929,
      "location-after-char-start": 21156,
      "location-after-char-end": 21262,
      "node-str": "if"
    },
    {
      "type": "move-subtree",
      "node": {
        "label": "if",
        "type": "If"
      },
      "location-before-char-start": 21995,
      "location-before-char-end": 22117,
      "location-after-char-start": 21326,
      "location-after-char-end": 21444,
      "node-str": "if"
    },
    {
      "type": "move-subtree",
      "node": {
        "label": "subscribe",
        "type": "Invocation"
      },
      "location-before-char-start": 22158,
      "location-before-char-end": 22186,
      "location-after-char-start": 21483,
      "location-after-char-end": 21511,
      "node-str": "subscribe"
    },
    {
      "type": "move-subtree",
      "node": {
        "label": "ensureLoginState",
        "type": "Invocation"
      },
      "location-before-char-start": 22518,
      "location-before-char-end": 22536,
      "location-after-char-start": 21740,
      "location-after-char-end": 21758,
      "node-str": "ensureLoginState"
    },
    {
      "type": "move-subtree",
      "node": {
        "label": "if",
        "type": "If"
      },
      "location-before-char-start": 22542,
      "location-before-char-end": 22670,
      "location-after-char-start": 21763,
      "location-after-char-end": 21888,
      "node-str": "if"
    },
    {
      "type": "move-subtree",
      "node": {
        "label": "unsubscribe",
        "type": "Invocation"
      },
      "location-before-char-start": 22676,
      "location-before-char-end": 22702,
      "location-after-char-start": 21893,
      "location-after-char-end": 21919,
      "node-str": "unsubscribe"
    },
    {
      "type": "move-subtree",
      "node": {
        "label": "delete",
        "type": "Invocation"
      },
      "location-before-char-start": 22708,
      "location-before-char-end": 22729,
      "location-after-char-start": 21924,
      "location-after-char-end": 21945,
      "node-str": "delete"
    },
    {
      "type": "move-subtree",
      "node": {
        "label": "ensureLoginState",
        "type": "Invocation"
      },
      "location-before-char-start": 23187,
      "location-before-char-end": 23205,
      "location-after-char-start": 22316,
      "location-after-char-end": 22334,
      "node-str": "ensureLoginState"
    },
    {
      "type": "move-subtree",
      "node": {
        "label": "rename",
        "type": "Invocation"
      },
      "location-before-char-start": 23210,
      "location-before-char-end": 23257,
      "location-after-char-start": 22338,
      "location-after-char-end": 22385,
      "node-str": "rename"
    },
    {
      "type": "move-subtree",
      "node": {
        "label": "unsubscribe",
        "type": "Invocation"
      },
      "location-before-char-start": 23262,
      "location-before-char-end": 23298,
      "location-after-char-start": 22389,
      "location-after-char-end": 22425,
      "node-str": "unsubscribe"
    },
    {
      "type": "move-subtree",
      "node": {
        "label": "subscribe",
        "type": "Invocation"
      },
      "location-before-char-start": 23303,
      "location-before-char-end": 23337,
      "location-after-char-start": 22429,
      "location-after-char-end": 22463,
      "node-str": "subscribe"
    },
    {
      "type": "move-subtree",
      "node": {
        "label": "ensureLoginState",
        "type": "Invocation"
      },
      "location-before-char-start": 23742,
      "location-before-char-end": 23760,
      "location-after-char-start": 22755,
      "location-after-char-end": 22773,
      "node-str": "ensureLoginState"
    },
    {
      "type": "move-subtree",
      "node": {
        "label": "subscribe",
        "type": "Invocation"
      },
      "location-before-char-start": 23766,
      "location-before-char-end": 23797,
      "location-after-char-start": 22778,
      "location-after-char-end": 22809,
      "node-str": "subscribe"
    },
    {
      "type": "move-subtree",
      "node": {
        "label": "ensureLoginState",
        "type": "Invocation"
      },
      "location-before-char-start": 24189,
      "location-before-char-end": 24207,
      "location-after-char-start": 23104,
      "location-after-char-end": 23122,
      "node-str": "ensureLoginState"
    },
    {
      "type": "move-subtree",
      "node": {
        "label": "unsubscribe",
        "type": "Invocation"
      },
      "location-before-char-start": 24213,
      "location-before-char-end": 24246,
      "location-after-char-start": 23127,
      "location-after-char-end": 23160,
      "node-str": "unsubscribe"
    },
    {
      "type": "move-subtree",
      "node": {
        "label": "ensureSelectedState",
        "type": "Invocation"
      },
      "location-before-char-start": 24627,
      "location-before-char-end": 24654,
      "location-after-char-start": 23443,
      "location-after-char-end": 23470,
      "node-str": "ensureSelectedState"
    },
    {
      "type": "move-subtree",
      "node": {
        "label": "\u003d",
        "type": "Assignment"
      },
      "location-before-char-start": 24660,
      "location-before-char-end": 24682,
      "location-after-char-start": 23475,
      "location-after-char-end": 23497,
      "node-str": "\u003d"
    },
    {
      "type": "move-subtree",
      "node": {
        "label": "expunge",
        "type": "Invocation"
      },
      "location-before-char-start": 24687,
      "location-before-char-end": 24705,
      "location-after-char-start": 23501,
      "location-after-char-end": 23519,
      "node-str": "expunge"
    },
    {
      "type": "move-subtree",
      "node": {
        "label": "\u003d",
        "type": "Assignment"
      },
      "location-before-char-start": 24710,
      "location-before-char-end": 24731,
      "location-after-char-start": 23523,
      "location-after-char-end": 23544,
      "node-str": "\u003d"
    },
    {
      "type": "move-subtree",
      "node": {
        "label": "ensureSelectedState",
        "type": "Invocation"
      },
      "location-before-char-start": 25413,
      "location-before-char-end": 25440,
      "location-after-char-start": 24152,
      "location-after-char-end": 24179,
      "node-str": "ensureSelectedState"
    },
    {
      "type": "move-subtree",
      "node": {
        "label": "sortedUids",
        "type": "LocalVariable"
      },
      "location-before-char-start": 25558,
      "location-before-char-end": 25595,
      "location-after-char-start": 24293,
      "location-after-char-end": 24330,
      "node-str": "sortedUids"
    },
    {
      "type": "move-subtree",
      "node": {
        "label": "sort",
        "type": "Invocation"
      },
      "location-before-char-start": 25600,
      "location-before-char-end": 25628,
      "location-after-char-start": 24334,
      "location-after-char-end": 24362,
      "node-str": "sort"
    },
    {
      "type": "move-subtree",
      "node": {
        "label": "statusBefore",
        "type": "LocalVariable"
      },
      "location-before-char-start": 25634,
      "location-before-char-end": 25738,
      "location-after-char-start": 24367,
      "location-after-char-end": 24469,
      "node-str": "statusBefore"
    },
    {
      "type": "move-subtree",
      "node": {
        "label": "uidCopy",
        "type": "Invocation"
      },
      "location-before-char-start": 25744,
      "location-before-char-end": 25830,
      "location-after-char-start": 24474,
      "location-after-char-end": 24559,
      "node-str": "uidCopy"
    },
    {
      "type": "move-subtree",
      "node": {
        "label": "statusAfter",
        "type": "LocalVariable"
      },
      "location-before-char-start": 25836,
      "location-before-char-end": 25939,
      "location-after-char-start": 24564,
      "location-after-char-end": 24665,
      "node-str": "statusAfter"
    },
    {
      "type": "move-subtree",
      "node": {
        "label": "copied",
        "type": "LocalVariable"
      },
      "location-before-char-start": 26001,
      "location-before-char-end": 26080,
      "location-after-char-start": 24725,
      "location-after-char-end": 24803,
      "node-str": "copied"
    },
    {
      "type": "move-subtree",
      "node": {
        "label": "destUids",
        "type": "LocalVariable"
      },
      "location-before-char-start": 26085,
      "location-before-char-end": 26125,
      "location-after-char-start": 24807,
      "location-after-char-end": 24847,
      "node-str": "destUids"
    },
    {
      "type": "move-subtree",
      "node": {
        "label": "",
        "type": "For"
      },
      "location-before-char-start": 26130,
      "location-before-char-end": 26238,
      "location-after-char-start": 24851,
      "location-after-char-end": 24957,
      "node-str": ""
    },
    {
      "type": "move-subtree",
      "node": {
        "label": "return",
        "type": "Return"
      },
      "location-before-char-start": 26244,
      "location-before-char-end": 26259,
      "location-after-char-start": 24962,
      "location-after-char-end": 24977,
      "node-str": "return"
    },
    {
      "type": "move-subtree",
      "node": {
        "label": "observable",
        "type": "LocalVariable"
      },
      "location-before-char-start": 26632,
      "location-before-char-end": 26677,
      "location-after-char-start": 25253,
      "location-after-char-end": 25298,
      "node-str": "observable"
    },
    {
      "type": "move-subtree",
      "node": {
        "label": "printStatusMessage",
        "type": "Invocation"
      },
      "location-before-char-start": 26682,
      "location-before-char-end": 26775,
      "location-after-char-start": 25302,
      "location-after-char-end": 25396,
      "node-str": "printStatusMessage"
    },
    {
      "type": "move-subtree",
      "node": {
        "label": "ensureSelectedState",
        "type": "Invocation"
      },
      "location-before-char-start": 26781,
      "location-before-char-end": 26808,
      "location-after-char-start": 25401,
      "location-after-char-end": 25428,
      "node-str": "ensureSelectedState"
    },
    {
      "type": "move-subtree",
      "node": {
        "label": "if",
        "type": "If"
      },
      "location-before-char-start": 26813,
      "location-before-char-end": 27549,
      "location-after-char-start": 25432,
      "location-after-char-end": 26136,
      "node-str": "if"
    },
    {
      "type": "move-subtree",
      "node": {
        "label": "observable",
        "type": "LocalVariable"
      },
      "location-before-char-start": 28657,
      "location-before-char-end": 28702,
      "location-after-char-start": 27145,
      "location-after-char-end": 27190,
      "node-str": "observable"
    },
    {
      "type": "move-subtree",
      "node": {
        "label": "ensureSelectedState",
        "type": "Invocation"
      },
      "location-before-char-start": 28711,
      "location-before-char-end": 28738,
      "location-after-char-start": 27195,
      "location-after-char-end": 27222,
      "node-str": "ensureSelectedState"
    },
    {
      "type": "move-subtree",
      "node": {
        "label": "if",
        "type": "If"
      },
      "location-before-char-start": 28743,
      "location-before-char-end": 29863,
      "location-after-char-start": 27226,
      "location-after-char-end": 28251,
      "node-str": "if"
    },
    {
      "type": "move-subtree",
      "node": {
        "label": "ensureLoginState",
        "type": "Invocation"
      },
      "location-before-char-start": 30091,
      "location-before-char-end": 30109,
      "location-after-char-start": 28371,
      "location-after-char-end": 28389,
      "node-str": "ensureLoginState"
    },
    {
      "type": "move-subtree",
      "node": {
        "label": "return",
        "type": "Return"
      },
      "location-before-char-start": 30114,
      "location-before-char-end": 30141,
      "location-after-char-start": 28393,
      "location-after-char-end": 28420,
      "node-str": "return"
    },
    {
      "type": "move-subtree",
      "node": {
        "label": "ensureSelectedState",
        "type": "Invocation"
      },
      "location-before-char-start": 31112,
      "location-before-char-end": 31139,
      "location-after-char-start": 29305,
      "location-after-char-end": 29332,
      "node-str": "ensureSelectedState"
    },
    {
      "type": "move-subtree",
      "node": {
        "label": "printStatusMessage",
        "type": "Invocation"
      },
      "location-before-char-start": 31145,
      "location-before-char-end": 31242,
      "location-after-char-start": 29337,
      "location-after-char-end": 29434,
      "node-str": "printStatusMessage"
    },
    {
      "type": "move-subtree",
      "node": {
        "label": "count",
        "type": "LocalVariable"
      },
      "location-before-char-start": 31251,
      "location-before-char-end": 31297,
      "location-after-char-start": 29439,
      "location-after-char-end": 29485,
      "node-str": "count"
    },
    {
      "type": "move-subtree",
      "node": {
        "label": "rest",
        "type": "LocalVariable"
      },
      "location-before-char-start": 31302,
      "location-before-char-end": 31347,
      "location-after-char-start": 29489,
      "location-after-char-end": 29534,
      "node-str": "rest"
    },
    {
      "type": "move-subtree",
      "node": {
        "label": "setCurrent",
        "type": "Invocation"
      },
      "location-before-char-start": 31352,
      "location-before-char-end": 31381,
      "location-after-char-start": 29538,
      "location-after-char-end": 29567,
      "node-str": "setCurrent"
    },
    {
      "type": "move-subtree",
      "node": {
        "label": "setMax",
        "type": "Invocation"
      },
      "location-before-char-start": 31386,
      "location-before-char-end": 31417,
      "location-after-char-start": 29571,
      "location-after-char-end": 29604,
      "node-str": "setMax"
    },
    {
      "type": "move-subtree",
      "node": {
        "label": "",
        "type": "For"
      },
      "location-before-char-start": 31422,
      "location-before-char-end": 31608,
      "location-after-char-start": 29608,
      "location-after-char-end": 29790,
      "node-str": ""
    },
    {
      "type": "move-subtree",
      "node": {
        "label": "if",
        "type": "If"
      },
      "location-before-char-start": 31617,
      "location-before-char-end": 31768,
      "location-after-char-start": 29795,
      "location-after-char-end": 29941,
      "node-str": "if"
    },
    {
      "type": "move-subtree",
      "node": {
        "label": "setCurrent",
        "type": "Invocation"
      },
      "location-before-char-start": 31777,
      "location-before-char-end": 31812,
      "location-after-char-start": 29946,
      "location-after-char-end": 29983,
      "node-str": "setCurrent"
    },
    {
      "type": "insert-node",
      "node": {
        "label": "synchronized",
        "type": "Modifier"
      },
      "location-after-char-start": 0,
      "location-after-char-end": 0,
      "node-str": "synchronized"
    },
    {
      "type": "update-node",
      "node": {
        "label": "3",
        "type": "Literal"
      },
      "location-before-char-start": 5811,
      "location-before-char-end": 5811,
      "location-after-char-start": 5811,
      "location-after-char-end": 5811,
      "node-str": "1"
    },
    {
      "type": "insert-node",
      "node": {
        "label": "NE",
        "type": "BinaryOperator"
      },
      "location-after-char-start": 20155,
      "location-after-char-end": 20167,
      "node-str": "NE"
    },
    {
      "type": "insert-node",
      "node": {
        "label": "THEN",
        "type": "then"
      },
      "location-after-char-start": 20170,
      "location-after-char-end": 20260,
      "node-str": "THEN"
    },
    {
      "type": "insert-node",
      "node": {
        "label": "ELSE",
        "type": "else"
      },
      "location-after-char-start": 20267,
      "location-after-char-end": 20329,
      "node-str": "ELSE"
    },
    {
      "type": "move-subtree",
      "node": {
        "label": "flags",
        "type": "VariableRead"
      },
      "location-before-char-start": 21323,
      "location-before-char-end": 21327,
      "location-after-char-start": 20155,
      "location-after-char-end": 20159,
      "node-str": "flags"
    },
    {
      "type": "insert-node",
      "node": {
        "label": "null",
        "type": "Literal"
      },
      "location-after-char-start": 20164,
      "location-after-char-end": 20167,
      "node-str": "null"
    },
    {
      "type": "move-subtree",
      "node": {
        "label": "append",
        "type": "Invocation"
      },
      "location-before-char-start": 21115,
      "location-before-char-end": 21196,
      "location-after-char-start": 20175,
      "location-after-char-end": 20256,
      "node-str": "append"
    },
    {
      "type": "move-subtree",
      "node": {
        "label": "append",
        "type": "Invocation"
      },
      "location-before-char-start": 20256,
      "location-before-char-end": 20308,
      "location-after-char-start": 20272,
      "location-after-char-end": 20324,
      "node-str": "append"
    },
    {
      "type": "insert-node",
      "node": {
        "label": "null",
        "type": "Literal"
      },
      "location-after-char-start": 20684,
      "location-after-char-end": 20687,
      "node-str": "null"
    },
    {
      "type": "insert-node",
      "node": {
        "label": "abs",
        "type": "Invocation"
      },
      "location-after-char-start": 31487,
      "location-after-char-end": 31542,
      "node-str": "abs"
    },
    {
      "type": "move-subtree",
      "node": {
        "label": "\u003d",
        "type": "Assignment"
      },
      "location-before-char-start": 33846,
      "location-before-char-end": 33892,
      "location-after-char-start": 31784,
      "location-after-char-end": 31830,
      "node-str": "\u003d"
    },
    {
      "type": "move-subtree",
      "node": {
        "label": "getState",
        "type": "Invocation"
      },
      "location-before-char-start": 33763,
      "location-before-char-end": 33781,
      "location-after-char-start": 31843,
      "location-after-char-end": 31861,
      "node-str": "getState"
    },
    {
      "type": "insert-node",
      "node": {
        "label": "java.lang.Math",
        "type": "TypeAccess"
      },
      "location-after-char-start": 31487,
      "location-after-char-end": 31490,
      "node-str": "java.lang.Math"
    },
    {
      "type": "move-subtree",
      "node": {
        "label": "MINUS",
        "type": "BinaryOperator"
      },
      "location-before-char-start": 33399,
      "location-before-char-end": 33444,
      "location-after-char-start": 31496,
      "location-after-char-end": 31541,
      "node-str": "MINUS"
    },
    {
      "type": "delete-node",
      "node": {
        "label": "org.columba.ristretto.imap.IMAPDisconnectedException",
        "type": "VARIABLE_TYPE"
      },
      "location-before-char-start": 0,
      "location-before-char-end": 0,
      "node-str": "org.columba.ristretto.imap.IMAPDisconnectedException"
    },
    {
      "type": "delete-node",
      "node": {
        "label": "e",
        "type": "CatchVariable"
      },
      "location-before-char-start": 18755,
      "location-before-char-end": 18781,
      "node-str": "e"
    },
    {
      "type": "delete-node",
      "node": {
        "label": "org.columba.mail.imap.IMAPServer",
        "type": "TypeAccess"
      },
      "location-before-char-start": 0,
      "location-before-char-end": 0,
      "node-str": "org.columba.mail.imap.IMAPServer"
    },
    {
      "type": "delete-node",
      "node": {
        "label": "folder",
        "type": "VariableRead"
      },
      "location-before-char-start": 18806,
      "location-before-char-end": 18811,
      "node-str": "folder"
    },
    {
      "type": "delete-node",
      "node": {
        "label": "getStatus",
        "type": "Invocation"
      },
      "location-before-char-start": 18796,
      "location-before-char-end": 18812,
      "node-str": "getStatus"
    },
    {
      "type": "delete-node",
      "node": {
        "label": "return",
        "type": "Return"
      },
      "location-before-char-start": 18789,
      "location-before-char-end": 18813,
      "node-str": "return"
    },
    {
      "type": "delete-node",
      "node": {
        "label": "",
        "type": "Catch"
      },
      "location-before-char-start": 18747,
      "location-before-char-end": 18817,
      "node-str": ""
    },
    {
      "type": "delete-node",
      "node": {
        "label": "",
        "type": "Try"
      },
      "location-before-char-start": 18429,
      "location-before-char-end": 18817,
      "node-str": ""
    },
    {
      "type": "delete-node",
      "node": {
        "label": "org.columba.ristretto.imap.IMAPDisconnectedException",
        "type": "VARIABLE_TYPE"
      },
      "location-before-char-start": 0,
      "location-before-char-end": 0,
      "node-str": "org.columba.ristretto.imap.IMAPDisconnectedException"
    },
    {
      "type": "delete-node",
      "node": {
        "label": "e",
        "type": "CatchVariable"
      },
      "location-before-char-start": 21260,
      "location-before-char-end": 21286,
      "node-str": "e"
    },
    {
      "type": "delete-node",
      "node": {
        "label": "org.columba.mail.imap.IMAPServer",
        "type": "TypeAccess"
      },
      "location-before-char-start": 0,
      "location-before-char-end": 0,
      "node-str": "org.columba.mail.imap.IMAPServer"
    },
    {
      "type": "delete-node",
      "node": {
        "label": "messageSource",
        "type": "VariableRead"
      },
      "location-before-char-start": 21308,
      "location-before-char-end": 21320,
      "node-str": "messageSource"
    },
    {
      "type": "delete-node",
      "node": {
        "label": "folder",
        "type": "VariableRead"
      },
      "location-before-char-start": 21330,
      "location-before-char-end": 21335,
      "node-str": "folder"
    },
    {
      "type": "delete-node",
      "node": {
        "label": "append",
        "type": "Invocation"
      },
      "location-before-char-start": 21301,
      "location-before-char-end": 21336,
      "node-str": "append"
    },
    {
      "type": "delete-node",
      "node": {
        "label": "return",
        "type": "Return"
      },
      "location-before-char-start": 21294,
      "location-before-char-end": 21337,
      "node-str": "return"
    },
    {
      "type": "delete-node",
      "node": {
        "label": "",
        "type": "Catch"
      },
      "location-before-char-start": 21252,
      "location-before-char-end": 21341,
      "node-str": ""
    },
    {
      "type": "delete-node",
      "node": {
        "label": "",
        "type": "Try"
      },
      "location-before-char-start": 20764,
      "location-before-char-end": 21341,
      "node-str": ""
    },
    {
      "type": "delete-node",
      "node": {
        "label": "org.columba.mail.imap.IMAPServer",
        "type": "TypeAccess"
      },
      "location-before-char-start": 0,
      "location-before-char-end": 0,
      "node-str": "org.columba.mail.imap.IMAPServer"
    },
    {
      "type": "delete-node",
      "node": {
        "label": "ensureLoginState",
        "type": "Invocation"
      },
      "location-before-char-start": 19955,
      "location-before-char-end": 19973,
      "node-str": "ensureLoginState"
    },
    {
      "type": "delete-node",
      "node": {
        "label": "org.columba.mail.imap.IMAPServer",
        "type": "TypeAccess"
      },
      "location-before-char-start": 0,
      "location-before-char-end": 0,
      "node-str": "org.columba.mail.imap.IMAPServer"
    },
    {
      "type": "delete-node",
      "node": {
        "label": "protocol",
        "type": "FieldRead"
      },
      "location-before-char-start": 20025,
      "location-before-char-end": 20032,
      "node-str": "protocol"
    },
    {
      "type": "delete-node",
      "node": {
        "label": "getState",
        "type": "Invocation"
      },
      "location-before-char-start": 20025,
      "location-before-char-end": 20043,
      "node-str": "getState"
    },
    {
      "type": "delete-node",
      "node": {
        "label": "org.columba.ristretto.imap.IMAPProtocol",
        "type": "TypeAccess"
      },
      "location-before-char-start": 0,
      "location-before-char-end": 0,
      "node-str": "org.columba.ristretto.imap.IMAPProtocol"
    },
    {
      "type": "delete-node",
      "node": {
        "label": "SELECTED",
        "type": "FieldRead"
      },
      "location-before-char-start": 20048,
      "location-before-char-end": 20068,
      "node-str": "SELECTED"
    },
    {
      "type": "delete-node",
      "node": {
        "label": "EQ",
        "type": "BinaryOperator"
      },
      "location-before-char-start": 20025,
      "location-before-char-end": 20068,
      "node-str": "EQ"
    },
    {
      "type": "delete-node",
      "node": {
        "label": "org.columba.mail.imap.IMAPServer",
        "type": "TypeAccess"
      },
      "location-before-char-start": 0,
      "location-before-char-end": 0,
      "node-str": "org.columba.mail.imap.IMAPServer"
    },
    {
      "type": "delete-node",
      "node": {
        "label": "protocol",
        "type": "FieldRead"
      },
      "location-before-char-start": 20078,
      "location-before-char-end": 20085,
      "node-str": "protocol"
    },
    {
      "type": "delete-node",
      "node": {
        "label": "getSelectedMailbox",
        "type": "Invocation"
      },
      "location-before-char-start": 20078,
      "location-before-char-end": 20106,
      "node-str": "getSelectedMailbox"
    },
    {
      "type": "delete-node",
      "node": {
        "label": "folder",
        "type": "VariableRead"
      },
      "location-before-char-start": 20115,
      "location-before-char-end": 20120,
      "node-str": "folder"
    },
    {
      "type": "delete-node",
      "node": {
        "label": "equals",
        "type": "Invocation"
      },
      "location-before-char-start": 20078,
      "location-before-char-end": 20121,
      "node-str": "equals"
    },
    {
      "type": "delete-node",
      "node": {
        "label": "AND",
        "type": "BinaryOperator"
      },
      "location-before-char-start": 20025,
      "location-before-char-end": 20121,
      "node-str": "AND"
    },
    {
      "type": "delete-node",
      "node": {
        "label": "org.columba.mail.imap.IMAPServer",
        "type": "TypeAccess"
      },
      "location-before-char-start": 0,
      "location-before-char-end": 0,
      "node-str": "org.columba.mail.imap.IMAPServer"
    },
    {
      "type": "delete-node",
      "node": {
        "label": "protocol",
        "type": "FieldRead"
      },
      "location-before-char-start": 20130,
      "location-before-char-end": 20137,
      "node-str": "protocol"
    },
    {
      "type": "delete-node",
      "node": {
        "label": "close",
        "type": "Invocation"
      },
      "location-before-char-start": 20130,
      "location-before-char-end": 20146,
      "node-str": "close"
    },
    {
      "type": "delete-node",
      "node": {
        "label": "THEN",
        "type": "then"
      },
      "location-before-char-start": 20124,
      "location-before-char-end": 20151,
      "node-str": "THEN"
    },
    {
      "type": "delete-node",
      "node": {
        "label": "if",
        "type": "If"
      },
      "location-before-char-start": 20021,
      "location-before-char-end": 20151,
      "node-str": "if"
    },
    {
      "type": "delete-node",
      "node": {
        "label": "org.columba.ristretto.imap.MailboxStatus",
        "type": "VARIABLE_TYPE"
      },
      "location-before-char-start": 0,
      "location-before-char-end": 0,
      "node-str": "org.columba.ristretto.imap.MailboxStatus"
    },
    {
      "type": "delete-node",
      "node": {
        "label": "org.columba.mail.imap.IMAPServer",
        "type": "TypeAccess"
      },
      "location-before-char-start": 0,
      "location-before-char-end": 0,
      "node-str": "org.columba.mail.imap.IMAPServer"
    },
    {
      "type": "delete-node",
      "node": {
        "label": "protocol",
        "type": "FieldRead"
      },
      "location-before-char-start": 20180,
      "location-before-char-end": 20187,
      "node-str": "protocol"
    },
    {
      "type": "delete-node",
      "node": {
        "label": "folder",
        "type": "VariableRead"
      },
      "location-before-char-start": 20196,
      "location-before-char-end": 20201,
      "node-str": "folder"
    },
    {
      "type": "delete-node",
      "node": {
        "label": "getImapPath",
        "type": "Invocation"
      },
      "location-before-char-start": 20196,
      "location-before-char-end": 20215,
      "node-str": "getImapPath"
    },
    {
      "type": "delete-node",
      "node": {
        "label": "\"UIDNEXT\"",
        "type": "Literal"
      },
      "location-before-char-start": 20238,
      "location-before-char-end": 20246,
      "node-str": "\"UIDNEXT\""
    },
    {
      "type": "delete-node",
      "node": {
        "label": "",
        "type": "NewArray"
      },
      "location-before-char-start": 20223,
      "location-before-char-end": 20248,
      "node-str": ""
    },
    {
      "type": "delete-node",
      "node": {
        "label": "status",
        "type": "Invocation"
      },
      "location-before-char-start": 20180,
      "location-before-char-end": 20249,
      "node-str": "status"
    },
    {
      "type": "delete-node",
      "node": {
        "label": "status",
        "type": "LocalVariable"
      },
      "location-before-char-start": 20157,
      "location-before-char-end": 20250,
      "node-str": "status"
    },
    {
      "type": "delete-node",
      "node": {
        "label": "status",
        "type": "VariableRead"
      },
      "location-before-char-start": 20339,
      "location-before-char-end": 20344,
      "node-str": "status"
    },
    {
      "type": "delete-node",
      "node": {
        "label": "getUidNext",
        "type": "Invocation"
      },
      "location-before-char-start": 20333,
      "location-before-char-end": 20357,
      "node-str": "getUidNext"
    },
    {
      "type": "delete-node",
      "node": {
        "label": "java.lang.Integer(int)",
        "type": "ConstructorCall"
      },
      "location-before-char-start": 20321,
      "location-before-char-end": 20358,
      "node-str": "java.lang.Integer(int)"
    },
    {
      "type": "delete-node",
      "node": {
        "label": "return",
        "type": "Return"
      },
      "location-before-char-start": 20314,
      "location-before-char-end": 20359,
      "node-str": "return"
    },
    {
      "type": "delete-node",
      "node": {
        "label": "org.columba.ristretto.imap.IMAPDisconnectedException",
        "type": "VARIABLE_TYPE"
      },
      "location-before-char-start": 0,
      "location-before-char-end": 0,
      "node-str": "org.columba.ristretto.imap.IMAPDisconnectedException"
    },
    {
      "type": "delete-node",
      "node": {
        "label": "e",
        "type": "CatchVariable"
      },
      "location-before-char-start": 20372,
      "location-before-char-end": 20398,
      "node-str": "e"
    },
    {
      "type": "delete-node",
      "node": {
        "label": "",
        "type": "Catch"
      },
      "location-before-char-start": 20364,
      "location-before-char-end": 20467,
      "node-str": ""
    },
    {
      "type": "delete-node",
      "node": {
        "label": "",
        "type": "Try"
      },
      "location-before-char-start": 19905,
      "location-before-char-end": 20467,
      "node-str": ""
    },
    {
      "type": "delete-node",
      "node": {
        "label": "org.columba.ristretto.imap.IMAPDisconnectedException",
        "type": "VARIABLE_TYPE"
      },
      "location-before-char-start": 0,
      "location-before-char-end": 0,
      "node-str": "org.columba.ristretto.imap.IMAPDisconnectedException"
    },
    {
      "type": "delete-node",
      "node": {
        "label": "e",
        "type": "CatchVariable"
      },
      "location-before-char-start": 22199,
      "location-before-char-end": 22225,
      "node-str": "e"
    },
    {
      "type": "delete-node",
      "node": {
        "label": "org.columba.mail.imap.IMAPServer",
        "type": "TypeAccess"
      },
      "location-before-char-start": 0,
      "location-before-char-end": 0,
      "node-str": "org.columba.mail.imap.IMAPServer"
    },
    {
      "type": "delete-node",
      "node": {
        "label": "mailboxName",
        "type": "VariableRead"
      },
      "location-before-char-start": 22247,
      "location-before-char-end": 22257,
      "node-str": "mailboxName"
    },
    {
      "type": "delete-node",
      "node": {
        "label": "folder",
        "type": "VariableRead"
      },
      "location-before-char-start": 22260,
      "location-before-char-end": 22265,
      "node-str": "folder"
    },
    {
      "type": "delete-node",
      "node": {
        "label": "createMailbox",
        "type": "Invocation"
      },
      "location-before-char-start": 22233,
      "location-before-char-end": 22267,
      "node-str": "createMailbox"
    },
    {
      "type": "delete-node",
      "node": {
        "label": "",
        "type": "Catch"
      },
      "location-before-char-start": 22191,
      "location-before-char-end": 22271,
      "node-str": ""
    },
    {
      "type": "delete-node",
      "node": {
        "label": "",
        "type": "Try"
      },
      "location-before-char-start": 21625,
      "location-before-char-end": 22271,
      "node-str": ""
    },
    {
      "type": "delete-node",
      "node": {
        "label": "org.columba.ristretto.imap.IMAPDisconnectedException",
        "type": "VARIABLE_TYPE"
      },
      "location-before-char-start": 0,
      "location-before-char-end": 0,
      "node-str": "org.columba.ristretto.imap.IMAPDisconnectedException"
    },
    {
      "type": "delete-node",
      "node": {
        "label": "e",
        "type": "CatchVariable"
      },
      "location-before-char-start": 22742,
      "location-before-char-end": 22768,
      "node-str": "e"
    },
    {
      "type": "delete-node",
      "node": {
        "label": "org.columba.mail.imap.IMAPServer",
        "type": "TypeAccess"
      },
      "location-before-char-start": 0,
      "location-before-char-end": 0,
      "node-str": "org.columba.mail.imap.IMAPServer"
    },
    {
      "type": "delete-node",
      "node": {
        "label": "path",
        "type": "VariableRead"
      },
      "location-before-char-start": 22789,
      "location-before-char-end": 22792,
      "node-str": "path"
    },
    {
      "type": "delete-node",
      "node": {
        "label": "deleteFolder",
        "type": "Invocation"
      },
      "location-before-char-start": 22776,
      "location-before-char-end": 22794,
      "node-str": "deleteFolder"
    },
    {
      "type": "delete-node",
      "node": {
        "label": "",
        "type": "Catch"
      },
      "location-before-char-start": 22734,
      "location-before-char-end": 22798,
      "node-str": ""
    },
    {
      "type": "delete-node",
      "node": {
        "label": "",
        "type": "Try"
      },
      "location-before-char-start": 22468,
      "location-before-char-end": 22798,
      "node-str": ""
    },
    {
      "type": "delete-node",
      "node": {
        "label": "org.columba.ristretto.imap.IMAPDisconnectedException",
        "type": "VARIABLE_TYPE"
      },
      "location-before-char-start": 0,
      "location-before-char-end": 0,
      "node-str": "org.columba.ristretto.imap.IMAPDisconnectedException"
    },
    {
      "type": "delete-node",
      "node": {
        "label": "e",
        "type": "CatchVariable"
      },
      "location-before-char-start": 23350,
      "location-before-char-end": 23376,
      "node-str": "e"
    },
    {
      "type": "delete-node",
      "node": {
        "label": "org.columba.mail.imap.IMAPServer",
        "type": "TypeAccess"
      },
      "location-before-char-start": 0,
      "location-before-char-end": 0,
      "node-str": "org.columba.mail.imap.IMAPServer"
    },
    {
      "type": "delete-node",
      "node": {
        "label": "oldMailboxName",
        "type": "VariableRead"
      },
      "location-before-char-start": 23397,
      "location-before-char-end": 23410,
      "node-str": "oldMailboxName"
    },
    {
      "type": "delete-node",
      "node": {
        "label": "newMailboxName",
        "type": "VariableRead"
      },
      "location-before-char-start": 23413,
      "location-before-char-end": 23426,
      "node-str": "newMailboxName"
    },
    {
      "type": "delete-node",
      "node": {
        "label": "renameFolder",
        "type": "Invocation"
      },
      "location-before-char-start": 23384,
      "location-before-char-end": 23428,
      "node-str": "renameFolder"
    },
    {
      "type": "delete-node",
      "node": {
        "label": "",
        "type": "Catch"
      },
      "location-before-char-start": 23342,
      "location-before-char-end": 23432,
      "node-str": ""
    },
    {
      "type": "delete-node",
      "node": {
        "label": "",
        "type": "Try"
      },
      "location-before-char-start": 23137,
      "location-before-char-end": 23432,
      "node-str": ""
    },
    {
      "type": "delete-node",
      "node": {
        "label": "org.columba.ristretto.imap.IMAPDisconnectedException",
        "type": "VARIABLE_TYPE"
      },
      "location-before-char-start": 0,
      "location-before-char-end": 0,
      "node-str": "org.columba.ristretto.imap.IMAPDisconnectedException"
    },
    {
      "type": "delete-node",
      "node": {
        "label": "e",
        "type": "CatchVariable"
      },
      "location-before-char-start": 23810,
      "location-before-char-end": 23836,
      "node-str": "e"
    },
    {
      "type": "delete-node",
      "node": {
        "label": "org.columba.mail.imap.IMAPServer",
        "type": "TypeAccess"
      },
      "location-before-char-start": 0,
      "location-before-char-end": 0,
      "node-str": "org.columba.mail.imap.IMAPServer"
    },
    {
      "type": "delete-node",
      "node": {
        "label": "mailboxName",
        "type": "VariableRead"
      },
      "location-before-char-start": 23860,
      "location-before-char-end": 23870,
      "node-str": "mailboxName"
    },
    {
      "type": "delete-node",
      "node": {
        "label": "subscribeFolder",
        "type": "Invocation"
      },
      "location-before-char-start": 23844,
      "location-before-char-end": 23872,
      "node-str": "subscribeFolder"
    },
    {
      "type": "delete-node",
      "node": {
        "label": "",
        "type": "Catch"
      },
      "location-before-char-start": 23802,
      "location-before-char-end": 23876,
      "node-str": ""
    },
    {
      "type": "delete-node",
      "node": {
        "label": "",
        "type": "Try"
      },
      "location-before-char-start": 23692,
      "location-before-char-end": 23876,
      "node-str": ""
    },
    {
      "type": "delete-node",
      "node": {
        "label": "org.columba.ristretto.imap.IMAPDisconnectedException",
        "type": "VARIABLE_TYPE"
      },
      "location-before-char-start": 0,
      "location-before-char-end": 0,
      "node-str": "org.columba.ristretto.imap.IMAPDisconnectedException"
    },
    {
      "type": "delete-node",
      "node": {
        "label": "e",
        "type": "CatchVariable"
      },
      "location-before-char-start": 24259,
      "location-before-char-end": 24285,
      "node-str": "e"
    },
    {
      "type": "delete-node",
      "node": {
        "label": "org.columba.mail.imap.IMAPServer",
        "type": "TypeAccess"
      },
      "location-before-char-start": 0,
      "location-before-char-end": 0,
      "node-str": "org.columba.mail.imap.IMAPServer"
    },
    {
      "type": "delete-node",
      "node": {
        "label": "mailboxName",
        "type": "VariableRead"
      },
      "location-before-char-start": 24311,
      "location-before-char-end": 24321,
      "node-str": "mailboxName"
    },
    {
      "type": "delete-node",
      "node": {
        "label": "unsubscribeFolder",
        "type": "Invocation"
      },
      "location-before-char-start": 24293,
      "location-before-char-end": 24323,
      "node-str": "unsubscribeFolder"
    },
    {
      "type": "delete-node",
      "node": {
        "label": "",
        "type": "Catch"
      },
      "location-before-char-start": 24251,
      "location-before-char-end": 24327,
      "node-str": ""
    },
    {
      "type": "delete-node",
      "node": {
        "label": "",
        "type": "Try"
      },
      "location-before-char-start": 24139,
      "location-before-char-end": 24327,
      "node-str": ""
    },
    {
      "type": "delete-node",
      "node": {
        "label": "org.columba.ristretto.imap.IMAPDisconnectedException",
        "type": "VARIABLE_TYPE"
      },
      "location-before-char-start": 0,
      "location-before-char-end": 0,
      "node-str": "org.columba.ristretto.imap.IMAPDisconnectedException"
    },
    {
      "type": "delete-node",
      "node": {
        "label": "e",
        "type": "CatchVariable"
      },
      "location-before-char-start": 24744,
      "location-before-char-end": 24770,
      "node-str": "e"
    },
    {
      "type": "delete-node",
      "node": {
        "label": "org.columba.mail.imap.IMAPServer",
        "type": "TypeAccess"
      },
      "location-before-char-start": 0,
      "location-before-char-end": 0,
      "node-str": "org.columba.mail.imap.IMAPServer"
    },
    {
      "type": "delete-node",
      "node": {
        "label": "folder",
        "type": "VariableRead"
      },
      "location-before-char-start": 24786,
      "location-before-char-end": 24791,
      "node-str": "folder"
    },
    {
      "type": "delete-node",
      "node": {
        "label": "expunge",
        "type": "Invocation"
      },
      "location-before-char-start": 24778,
      "location-before-char-end": 24793,
      "node-str": "expunge"
    },
    {
      "type": "delete-node",
      "node": {
        "label": "",
        "type": "Catch"
      },
      "location-before-char-start": 24736,
      "location-before-char-end": 24797,
      "node-str": ""
    },
    {
      "type": "delete-node",
      "node": {
        "label": "",
        "type": "Try"
      },
      "location-before-char-start": 24618,
      "location-before-char-end": 24797,
      "node-str": ""
    },
    {
      "type": "delete-node",
      "node": {
        "label": "org.columba.ristretto.imap.IMAPDisconnectedException",
        "type": "VARIABLE_TYPE"
      },
      "location-before-char-start": 0,
      "location-before-char-end": 0,
      "node-str": "org.columba.ristretto.imap.IMAPDisconnectedException"
    },
    {
      "type": "delete-node",
      "node": {
        "label": "e",
        "type": "CatchVariable"
      },
      "location-before-char-start": 26272,
      "location-before-char-end": 26298,
      "node-str": "e"
    },
    {
      "type": "delete-node",
      "node": {
        "label": "org.columba.mail.imap.IMAPServer",
        "type": "TypeAccess"
      },
      "location-before-char-start": 0,
      "location-before-char-end": 0,
      "node-str": "org.columba.mail.imap.IMAPServer"
    },
    {
      "type": "delete-node",
      "node": {
        "label": "destFolder",
        "type": "VariableRead"
      },
      "location-before-char-start": 26318,
      "location-before-char-end": 26327,
      "node-str": "destFolder"
    },
    {
      "type": "delete-node",
      "node": {
        "label": "uids",
        "type": "VariableRead"
      },
      "location-before-char-start": 26330,
      "location-before-char-end": 26333,
      "node-str": "uids"
    },
    {
      "type": "delete-node",
      "node": {
        "label": "folder",
        "type": "VariableRead"
      },
      "location-before-char-start": 26336,
      "location-before-char-end": 26341,
      "node-str": "folder"
    },
    {
      "type": "delete-node",
      "node": {
        "label": "copy",
        "type": "Invocation"
      },
      "location-before-char-start": 26313,
      "location-before-char-end": 26342,
      "node-str": "copy"
    },
    {
      "type": "delete-node",
      "node": {
        "label": "return",
        "type": "Return"
      },
      "location-before-char-start": 26306,
      "location-before-char-end": 26343,
      "node-str": "return"
    },
    {
      "type": "delete-node",
      "node": {
        "label": "",
        "type": "Catch"
      },
      "location-before-char-start": 26264,
      "location-before-char-end": 26347,
      "node-str": ""
    },
    {
      "type": "delete-node",
      "node": {
        "label": "",
        "type": "Try"
      },
      "location-before-char-start": 25404,
      "location-before-char-end": 26347,
      "node-str": ""
    },
    {
      "type": "delete-node",
      "node": {
        "label": "org.columba.ristretto.imap.IMAPDisconnectedException",
        "type": "VARIABLE_TYPE"
      },
      "location-before-char-start": 0,
      "location-before-char-end": 0,
      "node-str": "org.columba.ristretto.imap.IMAPDisconnectedException"
    },
    {
      "type": "delete-node",
      "node": {
        "label": "e",
        "type": "CatchVariable"
      },
      "location-before-char-start": 27562,
      "location-before-char-end": 27588,
      "node-str": "e"
    },
    {
      "type": "delete-node",
      "node": {
        "label": "org.columba.mail.imap.IMAPServer",
        "type": "TypeAccess"
      },
      "location-before-char-start": 0,
      "location-before-char-end": 0,
      "node-str": "org.columba.mail.imap.IMAPServer"
    },
    {
      "type": "delete-node",
      "node": {
        "label": "set",
        "type": "VariableRead"
      },
      "location-before-char-start": 27613,
      "location-before-char-end": 27615,
      "node-str": "set"
    },
    {
      "type": "delete-node",
      "node": {
        "label": "folder",
        "type": "VariableRead"
      },
      "location-before-char-start": 27618,
      "location-before-char-end": 27623,
      "node-str": "folder"
    },
    {
      "type": "delete-node",
      "node": {
        "label": "fetchUids",
        "type": "Invocation"
      },
      "location-before-char-start": 27603,
      "location-before-char-end": 27624,
      "node-str": "fetchUids"
    },
    {
      "type": "delete-node",
      "node": {
        "label": "return",
        "type": "Return"
      },
      "location-before-char-start": 27596,
      "location-before-char-end": 27625,
      "node-str": "return"
    },
    {
      "type": "delete-node",
      "node": {
        "label": "",
        "type": "Catch"
      },
      "location-before-char-start": 27554,
      "location-before-char-end": 27629,
      "node-str": ""
    },
    {
      "type": "delete-node",
      "node": {
        "label": "",
        "type": "Try"
      },
      "location-before-char-start": 26623,
      "location-before-char-end": 27629,
      "node-str": ""
    },
    {
      "type": "delete-node",
      "node": {
        "label": "org.columba.ristretto.imap.IMAPDisconnectedException",
        "type": "VARIABLE_TYPE"
      },
      "location-before-char-start": 0,
      "location-before-char-end": 0,
      "node-str": "org.columba.ristretto.imap.IMAPDisconnectedException"
    },
    {
      "type": "delete-node",
      "node": {
        "label": "e",
        "type": "CatchVariable"
      },
      "location-before-char-start": 29876,
      "location-before-char-end": 29902,
      "node-str": "e"
    },
    {
      "type": "delete-node",
      "node": {
        "label": "org.columba.mail.imap.IMAPServer",
        "type": "TypeAccess"
      },
      "location-before-char-start": 0,
      "location-before-char-end": 0,
      "node-str": "org.columba.mail.imap.IMAPServer"
    },
    {
      "type": "delete-node",
      "node": {
        "label": "startIdx",
        "type": "VariableRead"
      },
      "location-before-char-start": 29941,
      "location-before-char-end": 29948,
      "node-str": "startIdx"
    },
    {
      "type": "delete-node",
      "node": {
        "label": "folder",
        "type": "VariableRead"
      },
      "location-before-char-start": 29951,
      "location-before-char-end": 29956,
      "node-str": "folder"
    },
    {
      "type": "delete-node",
      "node": {
        "label": "fetchFlagsListStartFrom",
        "type": "Invocation"
      },
      "location-before-char-start": 29917,
      "location-before-char-end": 29957,
      "node-str": "fetchFlagsListStartFrom"
    },
    {
      "type": "delete-node",
      "node": {
        "label": "return",
        "type": "Return"
      },
      "location-before-char-start": 29910,
      "location-before-char-end": 29958,
      "node-str": "return"
    },
    {
      "type": "delete-node",
      "node": {
        "label": "",
        "type": "Catch"
      },
      "location-before-char-start": 29868,
      "location-before-char-end": 29962,
      "node-str": ""
    },
    {
      "type": "delete-node",
      "node": {
        "label": "",
        "type": "Try"
      },
      "location-before-char-start": 28648,
      "location-before-char-end": 29962,
      "node-str": ""
    },
    {
      "type": "delete-node",
      "node": {
        "label": "org.columba.ristretto.imap.IMAPDisconnectedException",
        "type": "VARIABLE_TYPE"
      },
      "location-before-char-start": 0,
      "location-before-char-end": 0,
      "node-str": "org.columba.ristretto.imap.IMAPDisconnectedException"
    },
    {
      "type": "delete-node",
      "node": {
        "label": "e",
        "type": "CatchVariable"
      },
      "location-before-char-start": 30155,
      "location-before-char-end": 30181,
      "node-str": "e"
    },
    {
      "type": "delete-node",
      "node": {
        "label": "org.columba.mail.imap.IMAPServer",
        "type": "TypeAccess"
      },
      "location-before-char-start": 0,
      "location-before-char-end": 0,
      "node-str": "org.columba.mail.imap.IMAPServer"
    },
    {
      "type": "delete-node",
      "node": {
        "label": "fetchNamespaces",
        "type": "Invocation"
      },
      "location-before-char-start": 30196,
      "location-before-char-end": 30212,
      "node-str": "fetchNamespaces"
    },
    {
      "type": "delete-node",
      "node": {
        "label": "return",
        "type": "Return"
      },
      "location-before-char-start": 30189,
      "location-before-char-end": 30213,
      "node-str": "return"
    },
    {
      "type": "delete-node",
      "node": {
        "label": "",
        "type": "Catch"
      },
      "location-before-char-start": 30147,
      "location-before-char-end": 30217,
      "node-str": ""
    },
    {
      "type": "delete-node",
      "node": {
        "label": "",
        "type": "Try"
      },
      "location-before-char-start": 30082,
      "location-before-char-end": 30217,
      "node-str": ""
    },
    {
      "type": "delete-node",
      "node": {
        "label": "org.columba.ristretto.imap.IMAPDisconnectedException",
        "type": "VARIABLE_TYPE"
      },
      "location-before-char-start": 0,
      "location-before-char-end": 0,
      "node-str": "org.columba.ristretto.imap.IMAPDisconnectedException"
    },
    {
      "type": "delete-node",
      "node": {
        "label": "e",
        "type": "CatchVariable"
      },
      "location-before-char-start": 31825,
      "location-before-char-end": 31851,
      "node-str": "e"
    },
    {
      "type": "delete-node",
      "node": {
        "label": "org.columba.mail.imap.IMAPServer",
        "type": "TypeAccess"
      },
      "location-before-char-start": 0,
      "location-before-char-end": 0,
      "node-str": "org.columba.mail.imap.IMAPServer"
    },
    {
      "type": "delete-node",
      "node": {
        "label": "headerList",
        "type": "VariableRead"
      },
      "location-before-char-start": 31875,
      "location-before-char-end": 31884,
      "node-str": "headerList"
    },
    {
      "type": "delete-node",
      "node": {
        "label": "list",
        "type": "VariableRead"
      },
      "location-before-char-start": 31887,
      "location-before-char-end": 31890,
      "node-str": "list"
    },
    {
      "type": "delete-node",
      "node": {
        "label": "folder",
        "type": "VariableRead"
      },
      "location-before-char-start": 31893,
      "location-before-char-end": 31898,
      "node-str": "folder"
    },
    {
      "type": "delete-node",
      "node": {
        "label": "fetchHeaderList",
        "type": "Invocation"
      },
      "location-before-char-start": 31859,
      "location-before-char-end": 31900,
      "node-str": "fetchHeaderList"
    },
    {
      "type": "delete-node",
      "node": {
        "label": "",
        "type": "Catch"
      },
      "location-before-char-start": 31817,
      "location-before-char-end": 31904,
      "node-str": ""
    },
    {
      "type": "delete-node",
      "node": {
        "label": "",
        "type": "Try"
      },
      "location-before-char-start": 31062,
      "location-before-char-end": 31904,
      "node-str": ""
    },
    {
      "type": "delete-node",
      "node": {
        "label": "actState",
        "type": "VariableWrite"
      },
      "location-before-char-start": 33643,
      "location-before-char-end": 33650,
      "node-str": "actState"
    },
    {
      "type": "delete-node",
      "node": {
        "label": "org.columba.mail.imap.IMAPServer",
        "type": "TypeAccess"
      },
      "location-before-char-start": 0,
      "location-before-char-end": 0,
      "node-str": "org.columba.mail.imap.IMAPServer"
    },
    {
      "type": "delete-node",
      "node": {
        "label": "protocol",
        "type": "FieldRead"
      },
      "location-before-char-start": 33654,
      "location-before-char-end": 33661,
      "node-str": "protocol"
    },
    {
      "type": "delete-node",
      "node": {
        "label": "getState",
        "type": "Invocation"
      },
      "location-before-char-start": 33654,
      "location-before-char-end": 33672,
      "node-str": "getState"
    },
    {
      "type": "delete-node",
      "node": {
        "label": "\u003d",
        "type": "Assignment"
      },
      "location-before-char-start": 33643,
      "location-before-char-end": 33673,
      "node-str": "\u003d"
    },
    {
      "type": "delete-node",
      "node": {
        "label": "actState",
        "type": "VariableRead"
      },
      "location-before-char-start": 33682,
      "location-before-char-end": 33689,
      "node-str": "actState"
    },
    {
      "type": "delete-node",
      "node": {
        "label": "actState",
        "type": "VariableWrite"
      },
      "location-before-char-start": 33752,
      "location-before-char-end": 33759,
      "node-str": "actState"
    },
    {
      "type": "delete-node",
      "node": {
        "label": "\u003d",
        "type": "Assignment"
      },
      "location-before-char-start": 33752,
      "location-before-char-end": 33782,
      "node-str": "\u003d"
    }
  ],
  "before-file": {},
  "after-file": {},
  "mapping": {}
}