{
  "tool-info": {},
  "diff": [
    {
      "type": "insert-node",
      "node": {
        "label": "public",
        "type": "Modifier"
      },
      "location-after-char-start": 0,
      "location-after-char-end": 0,
      "node-str": "public"
    },
    {
      "type": "insert-node",
      "node": {
        "label": "",
        "type": "TypeReference"
      },
      "location-after-char-start": 738,
      "location-after-char-end": 759,
      "node-str": ""
    },
    {
      "type": "insert-node",
      "node": {
        "label": "childBlock",
        "type": "Method"
      },
      "location-after-char-start": 1534,
      "location-after-char-end": 1641,
      "node-str": "childBlock"
    },
    {
      "type": "insert-node",
      "node": {
        "label": "org.junit.runners.BlockJUnit4ClassRunner",
        "type": "SUPER_TYPE"
      },
      "location-after-char-start": 0,
      "location-after-char-end": 0,
      "node-str": "org.junit.runners.BlockJUnit4ClassRunner"
    },
    {
      "type": "insert-node",
      "node": {
        "label": "org.junit.runners.Statement",
        "type": "RETURN_TYPE"
      },
      "location-after-char-start": 0,
      "location-after-char-end": 0,
      "node-str": "org.junit.runners.Statement"
    },
    {
      "type": "insert-node",
      "node": {
        "label": "public",
        "type": "Modifier"
      },
      "location-after-char-start": 0,
      "location-after-char-end": 0,
      "node-str": "public"
    },
    {
      "type": "insert-node",
      "node": {
        "label": "",
        "type": "Annotation"
      },
      "location-after-char-start": 1534,
      "location-after-char-end": 1542,
      "node-str": ""
    },
    {
      "type": "insert-node",
      "node": {
        "label": "method",
        "type": "Parameter"
      },
      "location-after-char-start": 1573,
      "location-after-char-end": 1600,
      "node-str": "method"
    },
    {
      "type": "insert-node",
      "node": {
        "label": "return",
        "type": "Return"
      },
      "location-after-char-start": 1607,
      "location-after-char-end": 1638,
      "node-str": "return"
    },
    {
      "type": "insert-node",
      "node": {
        "label": "public",
        "type": "Modifier"
      },
      "location-after-char-start": 0,
      "location-after-char-end": 0,
      "node-str": "public"
    },
    {
      "type": "insert-node",
      "node": {
        "label": "",
        "type": "TypeReference"
      },
      "location-after-char-start": 1679,
      "location-after-char-end": 1687,
      "node-str": ""
    },
    {
      "type": "insert-node",
      "node": {
        "label": "fTestMethod",
        "type": "Field"
      },
      "location-after-char-start": 1722,
      "location-after-char-end": 1757,
      "node-str": "fTestMethod"
    },
    {
      "type": "insert-node",
      "node": {
        "label": "\u003cinit\u003e",
        "type": "Constructor"
      },
      "location-after-char-start": 1873,
      "location-after-char-end": 1945,
      "node-str": "\u003cinit\u003e"
    },
    {
      "type": "insert-node",
      "node": {
        "label": "org.junit.runners.FrameworkMethod",
        "type": "VARIABLE_TYPE"
      },
      "location-after-char-start": 0,
      "location-after-char-end": 0,
      "node-str": "org.junit.runners.FrameworkMethod"
    },
    {
      "type": "insert-node",
      "node": {
        "label": "final",
        "type": "Modifier"
      },
      "location-after-char-start": 0,
      "location-after-char-end": 0,
      "node-str": "final"
    },
    {
      "type": "insert-node",
      "node": {
        "label": "org.junit.experimental.theories.Theories$TheoryAnchor(org.junit.runners.FrameworkMethod)",
        "type": "ConstructorCall"
      },
      "location-after-char-start": 1614,
      "location-after-char-end": 1637,
      "node-str": "org.junit.experimental.theories.Theories$TheoryAnchor(org.junit.runners.FrameworkMethod)"
    },
    {
      "type": "insert-node",
      "node": {
        "label": "org.junit.runners.Statement",
        "type": "SUPER_TYPE"
      },
      "location-after-char-start": 0,
      "location-after-char-end": 0,
      "node-str": "org.junit.runners.Statement"
    },
    {
      "type": "insert-node",
      "node": {
        "label": "org.junit.runners.FrameworkMethod",
        "type": "VARIABLE_TYPE"
      },
      "location-after-char-start": 0,
      "location-after-char-end": 0,
      "node-str": "org.junit.runners.FrameworkMethod"
    },
    {
      "type": "insert-node",
      "node": {
        "label": "public",
        "type": "Modifier"
      },
      "location-after-char-start": 0,
      "location-after-char-end": 0,
      "node-str": "public"
    },
    {
      "type": "insert-node",
      "node": {
        "label": "method",
        "type": "Parameter"
      },
      "location-after-char-start": 1893,
      "location-after-char-end": 1914,
      "node-str": "method"
    },
    {
      "type": "move-subtree",
      "node": {
        "label": "\u003d",
        "type": "Assignment"
      },
      "location-before-char-start": 1946,
      "location-before-char-end": 1965,
      "location-after-char-start": 1922,
      "location-after-char-end": 1941,
      "node-str": "\u003d"
    },
    {
      "type": "insert-node",
      "node": {
        "label": "void",
        "type": "RETURN_TYPE"
      },
      "location-after-char-start": 0,
      "location-after-char-end": 0,
      "node-str": "void"
    },
    {
      "type": "insert-node",
      "node": {
        "label": "java.lang.InstantiationException",
        "type": "THROWS"
      },
      "location-after-char-start": 0,
      "location-after-char-end": 0,
      "node-str": "java.lang.InstantiationException"
    },
    {
      "type": "insert-node",
      "node": {
        "label": "java.lang.IllegalAccessException",
        "type": "THROWS"
      },
      "location-after-char-start": 0,
      "location-after-char-end": 0,
      "node-str": "java.lang.IllegalAccessException"
    },
    {
      "type": "insert-node",
      "node": {
        "label": "java.lang.reflect.InvocationTargetException",
        "type": "THROWS"
      },
      "location-after-char-start": 0,
      "location-after-char-end": 0,
      "node-str": "java.lang.reflect.InvocationTargetException"
    },
    {
      "type": "insert-node",
      "node": {
        "label": "java.lang.NoSuchMethodException",
        "type": "THROWS"
      },
      "location-after-char-start": 0,
      "location-after-char-end": 0,
      "node-str": "java.lang.NoSuchMethodException"
    },
    {
      "type": "insert-node",
      "node": {
        "label": "java.lang.Throwable",
        "type": "THROWS"
      },
      "location-after-char-start": 0,
      "location-after-char-end": 0,
      "node-str": "java.lang.Throwable"
    },
    {
      "type": "insert-node",
      "node": {
        "label": "protected",
        "type": "Modifier"
      },
      "location-after-char-start": 0,
      "location-after-char-end": 0,
      "node-str": "protected"
    },
    {
      "type": "insert-node",
      "node": {
        "label": "method",
        "type": "VariableRead"
      },
      "location-after-char-start": 1631,
      "location-after-char-end": 1636,
      "node-str": "method"
    },
    {
      "type": "insert-node",
      "node": {
        "label": "org.junit.runners.FrameworkMethod",
        "type": "VARIABLE_TYPE"
      },
      "location-after-char-start": 0,
      "location-after-char-end": 0,
      "node-str": "org.junit.runners.FrameworkMethod"
    },
    {
      "type": "update-node",
      "node": {
        "label": "org.junit.internal.runners.model.FrameworkMethod",
        "type": "VARIABLE_TYPE"
      },
      "location-before-char-start": 0,
      "location-before-char-end": 0,
      "location-after-char-start": 0,
      "location-after-char-end": 0,
      "node-str": "org.junit.runners.FrameworkMethod"
    },
    {
      "type": "update-node",
      "node": {
        "label": "org.junit.internal.runners.model.FrameworkMethod",
        "type": "VARIABLE_TYPE"
      },
      "location-before-char-start": 0,
      "location-before-char-end": 0,
      "location-after-char-start": 0,
      "location-after-char-end": 0,
      "node-str": "org.junit.runners.FrameworkMethod"
    },
    {
      "type": "update-node",
      "node": {
        "label": "org.junit.internal.runners.model.FrameworkMethod",
        "type": "VARIABLE_TYPE"
      },
      "location-before-char-start": 0,
      "location-before-char-end": 0,
      "location-after-char-start": 0,
      "location-after-char-end": 0,
      "node-str": "org.junit.runners.FrameworkMethod"
    },
    {
      "type": "delete-node",
      "node": {
        "label": "public",
        "type": "Modifier"
      },
      "location-before-char-start": 0,
      "location-before-char-end": 0,
      "node-str": "public"
    },
    {
      "type": "delete-node",
      "node": {
        "label": "org.junit.runners.BlockJUnit4ClassRunner",
        "type": "SUPER_TYPE"
      },
      "location-before-char-start": 0,
      "location-before-char-end": 0,
      "node-str": "org.junit.runners.BlockJUnit4ClassRunner"
    },
    {
      "type": "delete-node",
      "node": {
        "label": "",
        "type": "TypeReference"
      },
      "location-before-char-start": 762,
      "location-before-char-end": 783,
      "node-str": ""
    },
    {
      "type": "delete-node",
      "node": {
        "label": "org.junit.runners.Statement",
        "type": "RETURN_TYPE"
      },
      "location-before-char-start": 0,
      "location-before-char-end": 0,
      "node-str": "org.junit.runners.Statement"
    },
    {
      "type": "delete-node",
      "node": {
        "label": "public",
        "type": "Modifier"
      },
      "location-before-char-start": 0,
      "location-before-char-end": 0,
      "node-str": "public"
    },
    {
      "type": "delete-node",
      "node": {
        "label": "",
        "type": "Annotation"
      },
      "location-before-char-start": 1558,
      "location-before-char-end": 1566,
      "node-str": ""
    },
    {
      "type": "delete-node",
      "node": {
        "label": "org.junit.internal.runners.model.FrameworkMethod",
        "type": "VARIABLE_TYPE"
      },
      "location-before-char-start": 0,
      "location-before-char-end": 0,
      "node-str": "org.junit.internal.runners.model.FrameworkMethod"
    },
    {
      "type": "delete-node",
      "node": {
        "label": "final",
        "type": "Modifier"
      },
      "location-before-char-start": 0,
      "location-before-char-end": 0,
      "node-str": "final"
    },
    {
      "type": "delete-node",
      "node": {
        "label": "method",
        "type": "Parameter"
      },
      "location-before-char-start": 1597,
      "location-before-char-end": 1624,
      "node-str": "method"
    },
    {
      "type": "delete-node",
      "node": {
        "label": "method",
        "type": "VariableRead"
      },
      "location-before-char-start": 1655,
      "location-before-char-end": 1660,
      "node-str": "method"
    },
    {
      "type": "delete-node",
      "node": {
        "label": "org.junit.experimental.theories.Theories$TheoryAnchor(org.junit.internal.runners.model.FrameworkMethod)",
        "type": "ConstructorCall"
      },
      "location-before-char-start": 1638,
      "location-before-char-end": 1661,
      "node-str": "org.junit.experimental.theories.Theories$TheoryAnchor(org.junit.internal.runners.model.FrameworkMethod)"
    },
    {
      "type": "delete-node",
      "node": {
        "label": "return",
        "type": "Return"
      },
      "location-before-char-start": 1631,
      "location-before-char-end": 1662,
      "node-str": "return"
    },
    {
      "type": "delete-node",
      "node": {
        "label": "childBlock",
        "type": "Method"
      },
      "location-before-char-start": 1558,
      "location-before-char-end": 1665,
      "node-str": "childBlock"
    },
    {
      "type": "delete-node",
      "node": {
        "label": "public",
        "type": "Modifier"
      },
      "location-before-char-start": 0,
      "location-before-char-end": 0,
      "node-str": "public"
    },
    {
      "type": "delete-node",
      "node": {
        "label": "org.junit.runners.Statement",
        "type": "SUPER_TYPE"
      },
      "location-before-char-start": 0,
      "location-before-char-end": 0,
      "node-str": "org.junit.runners.Statement"
    },
    {
      "type": "delete-node",
      "node": {
        "label": "",
        "type": "TypeReference"
      },
      "location-before-char-start": 1703,
      "location-before-char-end": 1711,
      "node-str": ""
    },
    {
      "type": "delete-node",
      "node": {
        "label": "org.junit.internal.runners.model.FrameworkMethod",
        "type": "VARIABLE_TYPE"
      },
      "location-before-char-start": 0,
      "location-before-char-end": 0,
      "node-str": "org.junit.internal.runners.model.FrameworkMethod"
    },
    {
      "type": "delete-node",
      "node": {
        "label": "fTestMethod",
        "type": "Field"
      },
      "location-before-char-start": 1746,
      "location-before-char-end": 1781,
      "node-str": "fTestMethod"
    },
    {
      "type": "delete-node",
      "node": {
        "label": "public",
        "type": "Modifier"
      },
      "location-before-char-start": 0,
      "location-before-char-end": 0,
      "node-str": "public"
    },
    {
      "type": "delete-node",
      "node": {
        "label": "org.junit.internal.runners.model.FrameworkMethod",
        "type": "VARIABLE_TYPE"
      },
      "location-before-char-start": 0,
      "location-before-char-end": 0,
      "node-str": "org.junit.internal.runners.model.FrameworkMethod"
    },
    {
      "type": "delete-node",
      "node": {
        "label": "method",
        "type": "Parameter"
      },
      "location-before-char-start": 1917,
      "location-before-char-end": 1938,
      "node-str": "method"
    },
    {
      "type": "delete-node",
      "node": {
        "label": "\u003cinit\u003e",
        "type": "Constructor"
      },
      "location-before-char-start": 1897,
      "location-before-char-end": 1969,
      "node-str": "\u003cinit\u003e"
    },
    {
      "type": "delete-node",
      "node": {
        "label": "void",
        "type": "RETURN_TYPE"
      },
      "location-before-char-start": 0,
      "location-before-char-end": 0,
      "node-str": "void"
    },
    {
      "type": "delete-node",
      "node": {
        "label": "java.lang.InstantiationException",
        "type": "THROWS"
      },
      "location-before-char-start": 0,
      "location-before-char-end": 0,
      "node-str": "java.lang.InstantiationException"
    },
    {
      "type": "delete-node",
      "node": {
        "label": "java.lang.IllegalAccessException",
        "type": "THROWS"
      },
      "location-before-char-start": 0,
      "location-before-char-end": 0,
      "node-str": "java.lang.IllegalAccessException"
    },
    {
      "type": "delete-node",
      "node": {
        "label": "java.lang.reflect.InvocationTargetException",
        "type": "THROWS"
      },
      "location-before-char-start": 0,
      "location-before-char-end": 0,
      "node-str": "java.lang.reflect.InvocationTargetException"
    },
    {
      "type": "delete-node",
      "node": {
        "label": "java.lang.NoSuchMethodException",
        "type": "THROWS"
      },
      "location-before-char-start": 0,
      "location-before-char-end": 0,
      "node-str": "java.lang.NoSuchMethodException"
    },
    {
      "type": "delete-node",
      "node": {
        "label": "java.lang.Throwable",
        "type": "THROWS"
      },
      "location-before-char-start": 0,
      "location-before-char-end": 0,
      "node-str": "java.lang.Throwable"
    },
    {
      "type": "delete-node",
      "node": {
        "label": "protected",
        "type": "Modifier"
      },
      "location-before-char-start": 0,
      "location-before-char-end": 0,
      "node-str": "protected"
    }
  ],
  "before-file": {},
  "after-file": {},
  "mapping": {}
}