{
  "tool-info": {},
  "diff": [
    {
      "type": "insert-node",
      "node": {
        "label": "public",
        "type": "Modifier"
      },
      "location-after-char-start": 0,
      "location-after-char-end": 0,
      "node-str": "public"
    },
    {
      "type": "insert-node",
      "node": {
        "label": "",
        "type": "TypeReference"
      },
      "location-after-char-start": 4596,
      "location-after-char-end": 4612,
      "node-str": ""
    },
    {
      "type": "insert-node",
      "node": {
        "label": "number",
        "type": "Field"
      },
      "location-after-char-start": 4646,
      "location-after-char-end": 4664,
      "node-str": "number"
    },
    {
      "type": "insert-node",
      "node": {
        "label": "pageList",
        "type": "Field"
      },
      "location-after-char-start": 4667,
      "location-after-char-end": 4709,
      "node-str": "pageList"
    },
    {
      "type": "insert-node",
      "node": {
        "label": "pageListeners",
        "type": "Field"
      },
      "location-after-char-start": 4712,
      "location-after-char-end": 4775,
      "node-str": "pageListeners"
    },
    {
      "type": "insert-node",
      "node": {
        "label": "perspectiveListeners",
        "type": "Field"
      },
      "location-after-char-start": 4778,
      "location-after-char-end": 4868,
      "node-str": "perspectiveListeners"
    },
    {
      "type": "insert-node",
      "node": {
        "label": "partDropListener",
        "type": "Field"
      },
      "location-after-char-start": 4871,
      "location-after-char-end": 4913,
      "node-str": "partDropListener"
    },
    {
      "type": "insert-node",
      "node": {
        "label": "actionPresentation",
        "type": "Field"
      },
      "location-after-char-start": 5069,
      "location-after-char-end": 5114,
      "node-str": "actionPresentation"
    },
    {
      "type": "insert-node",
      "node": {
        "label": "actionBars",
        "type": "Field"
      },
      "location-after-char-start": 5117,
      "location-after-char-end": 5150,
      "node-str": "actionBars"
    },
    {
      "type": "insert-node",
      "node": {
        "label": "updateDisabled",
        "type": "Field"
      },
      "location-after-char-start": 5154,
      "location-after-char-end": 5191,
      "node-str": "updateDisabled"
    },
    {
      "type": "insert-node",
      "node": {
        "label": "closing",
        "type": "Field"
      },
      "location-after-char-start": 5194,
      "location-after-char-end": 5225,
      "node-str": "closing"
    },
    {
      "type": "insert-node",
      "node": {
        "label": "shellActivated",
        "type": "Field"
      },
      "location-after-char-start": 5228,
      "location-after-char-end": 5266,
      "node-str": "shellActivated"
    },
    {
      "type": "insert-node",
      "node": {
        "label": "fastViewBar",
        "type": "Field"
      },
      "location-after-char-start": 5270,
      "location-after-char-end": 5304,
      "node-str": "fastViewBar"
    },
    {
      "type": "insert-node",
      "node": {
        "label": "fastViewPart",
        "type": "Field"
      },
      "location-after-char-start": 5307,
      "location-after-char-end": 5343,
      "node-str": "fastViewPart"
    },
    {
      "type": "insert-node",
      "node": {
        "label": "fastViewDND",
        "type": "Field"
      },
      "location-after-char-start": 5346,
      "location-after-char-end": 5389,
      "node-str": "fastViewDND"
    },
    {
      "type": "insert-node",
      "node": {
        "label": "fastViewBarMenu",
        "type": "Field"
      },
      "location-after-char-start": 5392,
      "location-after-char-end": 5420,
      "node-str": "fastViewBarMenu"
    },
    {
      "type": "insert-node",
      "node": {
        "label": "perspectiveBar",
        "type": "Field"
      },
      "location-after-char-start": 5424,
      "location-after-char-end": 5468,
      "node-str": "perspectiveBar"
    },
    {
      "type": "insert-node",
      "node": {
        "label": "perspectiveBarMenu",
        "type": "Field"
      },
      "location-after-char-start": 5471,
      "location-after-char-end": 5502,
      "node-str": "perspectiveBarMenu"
    },
    {
      "type": "insert-node",
      "node": {
        "label": "newBar",
        "type": "Field"
      },
      "location-after-char-start": 5507,
      "location-after-char-end": 5543,
      "node-str": "newBar"
    },
    {
      "type": "insert-node",
      "node": {
        "label": "MAX_PERSPECTIVES",
        "type": "Field"
      },
      "location-after-char-start": 5548,
      "location-after-char-end": 5593,
      "node-str": "MAX_PERSPECTIVES"
    },
    {
      "type": "insert-node",
      "node": {
        "label": "mostRecentDescriptors",
        "type": "Field"
      },
      "location-after-char-start": 5596,
      "location-after-char-end": 5655,
      "node-str": "mostRecentDescriptors"
    },
    {
      "type": "insert-node",
      "node": {
        "label": "restoreItem",
        "type": "Field"
      },
      "location-after-char-start": 5659,
      "location-after-char-end": 5687,
      "node-str": "restoreItem"
    },
    {
      "type": "insert-node",
      "node": {
        "label": "animationItem",
        "type": "Field"
      },
      "location-after-char-start": 5690,
      "location-after-char-end": 5717,
      "node-str": "animationItem"
    },
    {
      "type": "insert-node",
      "node": {
        "label": "noOpenPerspective",
        "type": "Field"
      },
      "location-after-char-start": 5721,
      "location-after-char-end": 5752,
      "node-str": "noOpenPerspective"
    },
    {
      "type": "insert-node",
      "node": {
        "label": "normalBounds",
        "type": "Field"
      },
      "location-after-char-start": 5755,
      "location-after-char-end": 5785,
      "node-str": "normalBounds"
    },
    {
      "type": "insert-node",
      "node": {
        "label": "asMaximizedState",
        "type": "Field"
      },
      "location-after-char-start": 5788,
      "location-after-char-end": 5828,
      "node-str": "asMaximizedState"
    },
    {
      "type": "insert-node",
      "node": {
        "label": "topBar",
        "type": "Field"
      },
      "location-after-char-start": 5832,
      "location-after-char-end": 5854,
      "node-str": "topBar"
    },
    {
      "type": "insert-node",
      "node": {
        "label": "submenus",
        "type": "Field"
      },
      "location-after-char-start": 5858,
      "location-after-char-end": 6020,
      "node-str": "submenus"
    },
    {
      "type": "insert-node",
      "node": {
        "label": "windowConfigurer",
        "type": "Field"
      },
      "location-after-char-start": 6024,
      "location-after-char-end": 6223,
      "node-str": "windowConfigurer"
    },
    {
      "type": "insert-node",
      "node": {
        "label": "VGAP",
        "type": "Field"
      },
      "location-after-char-start": 6227,
      "location-after-char-end": 6289,
      "node-str": "VGAP"
    },
    {
      "type": "insert-node",
      "node": {
        "label": "CLIENT_INSET",
        "type": "Field"
      },
      "location-after-char-start": 6292,
      "location-after-char-end": 6325,
      "node-str": "CLIENT_INSET"
    },
    {
      "type": "insert-node",
      "node": {
        "label": "BAR_SIZE",
        "type": "Field"
      },
      "location-after-char-start": 6328,
      "location-after-char-end": 6358,
      "node-str": "BAR_SIZE"
    },
    {
      "type": "insert-node",
      "node": {
        "label": "SHOW_VIEW_SUBMENU",
        "type": "Field"
      },
      "location-after-char-start": 6362,
      "location-after-char-end": 6574,
      "node-str": "SHOW_VIEW_SUBMENU"
    },
    {
      "type": "insert-node",
      "node": {
        "label": "OPEN_PERSPECTIVE_SUBMENU",
        "type": "Field"
      },
      "location-after-char-start": 6578,
      "location-after-char-end": 6804,
      "node-str": "OPEN_PERSPECTIVE_SUBMENU"
    },
    {
      "type": "insert-node",
      "node": {
        "label": "NEW_WIZARD_SUBMENU",
        "type": "Field"
      },
      "location-after-char-start": 6808,
      "location-after-char-end": 7022,
      "node-str": "NEW_WIZARD_SUBMENU"
    },
    {
      "type": "insert-node",
      "node": {
        "label": "actionSetHandlersByCommandId",
        "type": "Field"
      },
      "location-after-char-start": 10183,
      "location-after-char-end": 10239,
      "node-str": "actionSetHandlersByCommandId"
    },
    {
      "type": "insert-node",
      "node": {
        "label": "globalActionHandlersByCommandId",
        "type": "Field"
      },
      "location-after-char-start": 10242,
      "location-after-char-end": 10301,
      "node-str": "globalActionHandlersByCommandId"
    },
    {
      "type": "insert-node",
      "node": {
        "label": "workbenchWindowCommandSupport",
        "type": "Field"
      },
      "location-after-char-start": 70213,
      "location-after-char-end": 70281,
      "node-str": "workbenchWindowCommandSupport"
    },
    {
      "type": "insert-node",
      "node": {
        "label": "workbenchWindowContextSupport",
        "type": "Field"
      },
      "location-after-char-start": 70284,
      "location-after-char-end": 70352,
      "node-str": "workbenchWindowContextSupport"
    },
    {
      "type": "insert-node",
      "node": {
        "label": "org.eclipse.jface.window.ApplicationWindow",
        "type": "SUPER_TYPE"
      },
      "location-after-char-start": 0,
      "location-after-char-end": 0,
      "node-str": "org.eclipse.jface.window.ApplicationWindow"
    },
    {
      "type": "insert-node",
      "node": {
        "label": "int",
        "type": "VARIABLE_TYPE"
      },
      "location-after-char-start": 0,
      "location-after-char-end": 0,
      "node-str": "int"
    },
    {
      "type": "insert-node",
      "node": {
        "label": "org.eclipse.ui.internal.WorkbenchWindow$PageList",
        "type": "VARIABLE_TYPE"
      },
      "location-after-char-start": 0,
      "location-after-char-end": 0,
      "node-str": "org.eclipse.ui.internal.WorkbenchWindow$PageList"
    },
    {
      "type": "insert-node",
      "node": {
        "label": "org.eclipse.ui.internal.WorkbenchWindow$PageList()",
        "type": "ConstructorCall"
      },
      "location-after-char-start": 4695,
      "location-after-char-end": 4708,
      "node-str": "org.eclipse.ui.internal.WorkbenchWindow$PageList()"
    },
    {
      "type": "insert-node",
      "node": {
        "label": "org.eclipse.ui.internal.PageListenerList",
        "type": "VARIABLE_TYPE"
      },
      "location-after-char-start": 0,
      "location-after-char-end": 0,
      "node-str": "org.eclipse.ui.internal.PageListenerList"
    },
    {
      "type": "insert-node",
      "node": {
        "label": "org.eclipse.ui.internal.PageListenerList()",
        "type": "ConstructorCall"
      },
      "location-after-char-start": 4753,
      "location-after-char-end": 4774,
      "node-str": "org.eclipse.ui.internal.PageListenerList()"
    },
    {
      "type": "insert-node",
      "node": {
        "label": "org.eclipse.ui.internal.PerspectiveListenerListOld",
        "type": "VARIABLE_TYPE"
      },
      "location-after-char-start": 0,
      "location-after-char-end": 0,
      "node-str": "org.eclipse.ui.internal.PerspectiveListenerListOld"
    },
    {
      "type": "insert-node",
      "node": {
        "label": "org.eclipse.ui.internal.PerspectiveListenerListOld()",
        "type": "ConstructorCall"
      },
      "location-after-char-start": 4836,
      "location-after-char-end": 4867,
      "node-str": "org.eclipse.ui.internal.PerspectiveListenerListOld()"
    },
    {
      "type": "insert-node",
      "node": {
        "label": "org.eclipse.ui.internal.IPartDropListener",
        "type": "VARIABLE_TYPE"
      },
      "location-after-char-start": 0,
      "location-after-char-end": 0,
      "node-str": "org.eclipse.ui.internal.IPartDropListener"
    },
    {
      "type": "insert-node",
      "node": {
        "label": "org.eclipse.ui.internal.ActionPresentation",
        "type": "VARIABLE_TYPE"
      },
      "location-after-char-start": 0,
      "location-after-char-end": 0,
      "node-str": "org.eclipse.ui.internal.ActionPresentation"
    },
    {
      "type": "insert-node",
      "node": {
        "label": "org.eclipse.ui.internal.WWinActionBars",
        "type": "VARIABLE_TYPE"
      },
      "location-after-char-start": 0,
      "location-after-char-end": 0,
      "node-str": "org.eclipse.ui.internal.WWinActionBars"
    },
    {
      "type": "insert-node",
      "node": {
        "label": "boolean",
        "type": "VARIABLE_TYPE"
      },
      "location-after-char-start": 0,
      "location-after-char-end": 0,
      "node-str": "boolean"
    },
    {
      "type": "insert-node",
      "node": {
        "label": "true",
        "type": "Literal"
      },
      "location-after-char-start": 5187,
      "location-after-char-end": 5190,
      "node-str": "true"
    },
    {
      "type": "insert-node",
      "node": {
        "label": "boolean",
        "type": "VARIABLE_TYPE"
      },
      "location-after-char-start": 0,
      "location-after-char-end": 0,
      "node-str": "boolean"
    },
    {
      "type": "insert-node",
      "node": {
        "label": "false",
        "type": "Literal"
      },
      "location-after-char-start": 5220,
      "location-after-char-end": 5224,
      "node-str": "false"
    },
    {
      "type": "insert-node",
      "node": {
        "label": "boolean",
        "type": "VARIABLE_TYPE"
      },
      "location-after-char-start": 0,
      "location-after-char-end": 0,
      "node-str": "boolean"
    },
    {
      "type": "insert-node",
      "node": {
        "label": "false",
        "type": "Literal"
      },
      "location-after-char-start": 5261,
      "location-after-char-end": 5265,
      "node-str": "false"
    },
    {
      "type": "insert-node",
      "node": {
        "label": "org.eclipse.jface.action.ToolBarManager",
        "type": "VARIABLE_TYPE"
      },
      "location-after-char-start": 0,
      "location-after-char-end": 0,
      "node-str": "org.eclipse.jface.action.ToolBarManager"
    },
    {
      "type": "insert-node",
      "node": {
        "label": "org.eclipse.ui.internal.ShortcutBarPart",
        "type": "VARIABLE_TYPE"
      },
      "location-after-char-start": 0,
      "location-after-char-end": 0,
      "node-str": "org.eclipse.ui.internal.ShortcutBarPart"
    },
    {
      "type": "insert-node",
      "node": {
        "label": "org.eclipse.ui.internal.ShortcutBarPartDragDrop",
        "type": "VARIABLE_TYPE"
      },
      "location-after-char-start": 0,
      "location-after-char-end": 0,
      "node-str": "org.eclipse.ui.internal.ShortcutBarPartDragDrop"
    },
    {
      "type": "insert-node",
      "node": {
        "label": "org.eclipse.swt.widgets.Menu",
        "type": "VARIABLE_TYPE"
      },
      "location-after-char-start": 0,
      "location-after-char-end": 0,
      "node-str": "org.eclipse.swt.widgets.Menu"
    },
    {
      "type": "insert-node",
      "node": {
        "label": "org.eclipse.ui.internal.PerspectiveBarManager",
        "type": "VARIABLE_TYPE"
      },
      "location-after-char-start": 0,
      "location-after-char-end": 0,
      "node-str": "org.eclipse.ui.internal.PerspectiveBarManager"
    },
    {
      "type": "insert-node",
      "node": {
        "label": "org.eclipse.swt.widgets.Menu",
        "type": "VARIABLE_TYPE"
      },
      "location-after-char-start": 0,
      "location-after-char-end": 0,
      "node-str": "org.eclipse.swt.widgets.Menu"
    },
    {
      "type": "insert-node",
      "node": {
        "label": "org.eclipse.ui.internal.PerspectiveBarManager",
        "type": "VARIABLE_TYPE"
      },
      "location-after-char-start": 0,
      "location-after-char-end": 0,
      "node-str": "org.eclipse.ui.internal.PerspectiveBarManager"
    },
    {
      "type": "insert-node",
      "node": {
        "label": "int",
        "type": "VARIABLE_TYPE"
      },
      "location-after-char-start": 0,
      "location-after-char-end": 0,
      "node-str": "int"
    },
    {
      "type": "insert-node",
      "node": {
        "label": "final",
        "type": "Modifier"
      },
      "location-after-char-start": 0,
      "location-after-char-end": 0,
      "node-str": "final"
    },
    {
      "type": "insert-node",
      "node": {
        "label": "static",
        "type": "Modifier"
      },
      "location-after-char-start": 0,
      "location-after-char-end": 0,
      "node-str": "static"
    },
    {
      "type": "insert-node",
      "node": {
        "label": "4",
        "type": "Literal"
      },
      "location-after-char-start": 5592,
      "location-after-char-end": 5592,
      "node-str": "4"
    },
    {
      "type": "insert-node",
      "node": {
        "label": "java.util.LinkedList",
        "type": "VARIABLE_TYPE"
      },
      "location-after-char-start": 0,
      "location-after-char-end": 0,
      "node-str": "java.util.LinkedList"
    },
    {
      "type": "insert-node",
      "node": {
        "label": "java.util.LinkedList()",
        "type": "ConstructorCall"
      },
      "location-after-char-start": 5639,
      "location-after-char-end": 5654,
      "node-str": "java.util.LinkedList()"
    },
    {
      "type": "insert-node",
      "node": {
        "label": "org.eclipse.swt.widgets.MenuItem",
        "type": "VARIABLE_TYPE"
      },
      "location-after-char-start": 0,
      "location-after-char-end": 0,
      "node-str": "org.eclipse.swt.widgets.MenuItem"
    },
    {
      "type": "insert-node",
      "node": {
        "label": "org.eclipse.ui.internal.progress.AnimationItem",
        "type": "VARIABLE_TYPE"
      },
      "location-after-char-start": 0,
      "location-after-char-end": 0,
      "node-str": "org.eclipse.ui.internal.progress.AnimationItem"
    },
    {
      "type": "insert-node",
      "node": {
        "label": "org.eclipse.swt.widgets.Label",
        "type": "VARIABLE_TYPE"
      },
      "location-after-char-start": 0,
      "location-after-char-end": 0,
      "node-str": "org.eclipse.swt.widgets.Label"
    },
    {
      "type": "insert-node",
      "node": {
        "label": "org.eclipse.swt.graphics.Rectangle",
        "type": "VARIABLE_TYPE"
      },
      "location-after-char-start": 0,
      "location-after-char-end": 0,
      "node-str": "org.eclipse.swt.graphics.Rectangle"
    },
    {
      "type": "insert-node",
      "node": {
        "label": "boolean",
        "type": "VARIABLE_TYPE"
      },
      "location-after-char-start": 0,
      "location-after-char-end": 0,
      "node-str": "boolean"
    },
    {
      "type": "insert-node",
      "node": {
        "label": "false",
        "type": "Literal"
      },
      "location-after-char-start": 5823,
      "location-after-char-end": 5827,
      "node-str": "false"
    },
    {
      "type": "insert-node",
      "node": {
        "label": "org.eclipse.swt.custom.CBanner",
        "type": "VARIABLE_TYPE"
      },
      "location-after-char-start": 0,
      "location-after-char-end": 0,
      "node-str": "org.eclipse.swt.custom.CBanner"
    },
    {
      "type": "insert-node",
      "node": {
        "label": "int",
        "type": "VARIABLE_TYPE"
      },
      "location-after-char-start": 0,
      "location-after-char-end": 0,
      "node-str": "int"
    },
    {
      "type": "insert-node",
      "node": {
        "label": "0x0",
        "type": "Literal"
      },
      "location-after-char-start": 6016,
      "location-after-char-end": 6019,
      "node-str": "0x0"
    },
    {
      "type": "insert-node",
      "node": {
        "label": "org.eclipse.ui.internal.WorkbenchWindowConfigurer",
        "type": "VARIABLE_TYPE"
      },
      "location-after-char-start": 0,
      "location-after-char-end": 0,
      "node-str": "org.eclipse.ui.internal.WorkbenchWindowConfigurer"
    },
    {
      "type": "insert-node",
      "node": {
        "label": "null",
        "type": "Literal"
      },
      "location-after-char-start": 6219,
      "location-after-char-end": 6222,
      "node-str": "null"
    },
    {
      "type": "insert-node",
      "node": {
        "label": "int",
        "type": "VARIABLE_TYPE"
      },
      "location-after-char-start": 0,
      "location-after-char-end": 0,
      "node-str": "int"
    },
    {
      "type": "insert-node",
      "node": {
        "label": "final",
        "type": "Modifier"
      },
      "location-after-char-start": 0,
      "location-after-char-end": 0,
      "node-str": "final"
    },
    {
      "type": "insert-node",
      "node": {
        "label": "static",
        "type": "Modifier"
      },
      "location-after-char-start": 0,
      "location-after-char-end": 0,
      "node-str": "static"
    },
    {
      "type": "insert-node",
      "node": {
        "label": "0",
        "type": "Literal"
      },
      "location-after-char-start": 6288,
      "location-after-char-end": 6288,
      "node-str": "0"
    },
    {
      "type": "insert-node",
      "node": {
        "label": "int",
        "type": "VARIABLE_TYPE"
      },
      "location-after-char-start": 0,
      "location-after-char-end": 0,
      "node-str": "int"
    },
    {
      "type": "insert-node",
      "node": {
        "label": "final",
        "type": "Modifier"
      },
      "location-after-char-start": 0,
      "location-after-char-end": 0,
      "node-str": "final"
    },
    {
      "type": "insert-node",
      "node": {
        "label": "static",
        "type": "Modifier"
      },
      "location-after-char-start": 0,
      "location-after-char-end": 0,
      "node-str": "static"
    },
    {
      "type": "insert-node",
      "node": {
        "label": "3",
        "type": "Literal"
      },
      "location-after-char-start": 6324,
      "location-after-char-end": 6324,
      "node-str": "3"
    },
    {
      "type": "insert-node",
      "node": {
        "label": "int",
        "type": "VARIABLE_TYPE"
      },
      "location-after-char-start": 0,
      "location-after-char-end": 0,
      "node-str": "int"
    },
    {
      "type": "insert-node",
      "node": {
        "label": "final",
        "type": "Modifier"
      },
      "location-after-char-start": 0,
      "location-after-char-end": 0,
      "node-str": "final"
    },
    {
      "type": "insert-node",
      "node": {
        "label": "static",
        "type": "Modifier"
      },
      "location-after-char-start": 0,
      "location-after-char-end": 0,
      "node-str": "static"
    },
    {
      "type": "insert-node",
      "node": {
        "label": "23",
        "type": "Literal"
      },
      "location-after-char-start": 6356,
      "location-after-char-end": 6357,
      "node-str": "23"
    },
    {
      "type": "insert-node",
      "node": {
        "label": "int",
        "type": "VARIABLE_TYPE"
      },
      "location-after-char-start": 0,
      "location-after-char-end": 0,
      "node-str": "int"
    },
    {
      "type": "insert-node",
      "node": {
        "label": "final",
        "type": "Modifier"
      },
      "location-after-char-start": 0,
      "location-after-char-end": 0,
      "node-str": "final"
    },
    {
      "type": "insert-node",
      "node": {
        "label": "public",
        "type": "Modifier"
      },
      "location-after-char-start": 0,
      "location-after-char-end": 0,
      "node-str": "public"
    },
    {
      "type": "insert-node",
      "node": {
        "label": "static",
        "type": "Modifier"
      },
      "location-after-char-start": 0,
      "location-after-char-end": 0,
      "node-str": "static"
    },
    {
      "type": "insert-node",
      "node": {
        "label": "0x1",
        "type": "Literal"
      },
      "location-after-char-start": 6570,
      "location-after-char-end": 6573,
      "node-str": "0x1"
    },
    {
      "type": "insert-node",
      "node": {
        "label": "int",
        "type": "VARIABLE_TYPE"
      },
      "location-after-char-start": 0,
      "location-after-char-end": 0,
      "node-str": "int"
    },
    {
      "type": "insert-node",
      "node": {
        "label": "final",
        "type": "Modifier"
      },
      "location-after-char-start": 0,
      "location-after-char-end": 0,
      "node-str": "final"
    },
    {
      "type": "insert-node",
      "node": {
        "label": "public",
        "type": "Modifier"
      },
      "location-after-char-start": 0,
      "location-after-char-end": 0,
      "node-str": "public"
    },
    {
      "type": "insert-node",
      "node": {
        "label": "static",
        "type": "Modifier"
      },
      "location-after-char-start": 0,
      "location-after-char-end": 0,
      "node-str": "static"
    },
    {
      "type": "insert-node",
      "node": {
        "label": "0x2",
        "type": "Literal"
      },
      "location-after-char-start": 6800,
      "location-after-char-end": 6803,
      "node-str": "0x2"
    },
    {
      "type": "insert-node",
      "node": {
        "label": "int",
        "type": "VARIABLE_TYPE"
      },
      "location-after-char-start": 0,
      "location-after-char-end": 0,
      "node-str": "int"
    },
    {
      "type": "insert-node",
      "node": {
        "label": "final",
        "type": "Modifier"
      },
      "location-after-char-start": 0,
      "location-after-char-end": 0,
      "node-str": "final"
    },
    {
      "type": "insert-node",
      "node": {
        "label": "public",
        "type": "Modifier"
      },
      "location-after-char-start": 0,
      "location-after-char-end": 0,
      "node-str": "public"
    },
    {
      "type": "insert-node",
      "node": {
        "label": "static",
        "type": "Modifier"
      },
      "location-after-char-start": 0,
      "location-after-char-end": 0,
      "node-str": "static"
    },
    {
      "type": "insert-node",
      "node": {
        "label": "0x4",
        "type": "Literal"
      },
      "location-after-char-start": 7018,
      "location-after-char-end": 7021,
      "node-str": "0x4"
    },
    {
      "type": "insert-node",
      "node": {
        "label": "java.util.Map",
        "type": "VARIABLE_TYPE"
      },
      "location-after-char-start": 0,
      "location-after-char-end": 0,
      "node-str": "java.util.Map"
    },
    {
      "type": "insert-node",
      "node": {
        "label": "java.util.HashMap()",
        "type": "ConstructorCall"
      },
      "location-after-char-start": 10226,
      "location-after-char-end": 10238,
      "node-str": "java.util.HashMap()"
    },
    {
      "type": "insert-node",
      "node": {
        "label": "java.util.Map",
        "type": "VARIABLE_TYPE"
      },
      "location-after-char-start": 0,
      "location-after-char-end": 0,
      "node-str": "java.util.Map"
    },
    {
      "type": "insert-node",
      "node": {
        "label": "java.util.HashMap()",
        "type": "ConstructorCall"
      },
      "location-after-char-start": 10288,
      "location-after-char-end": 10300,
      "node-str": "java.util.HashMap()"
    },
    {
      "type": "insert-node",
      "node": {
        "label": "org.eclipse.ui.commands.IWorkbenchWindowCommandSupport",
        "type": "VARIABLE_TYPE"
      },
      "location-after-char-start": 0,
      "location-after-char-end": 0,
      "node-str": "org.eclipse.ui.commands.IWorkbenchWindowCommandSupport"
    },
    {
      "type": "insert-node",
      "node": {
        "label": "org.eclipse.ui.contexts.IWorkbenchWindowContextSupport",
        "type": "VARIABLE_TYPE"
      },
      "location-after-char-start": 0,
      "location-after-char-end": 0,
      "node-str": "org.eclipse.ui.contexts.IWorkbenchWindowContextSupport"
    },
    {
      "type": "insert-node",
      "node": {
        "label": "void",
        "type": "RETURN_TYPE"
      },
      "location-after-char-start": 0,
      "location-after-char-end": 0,
      "node-str": "void"
    },
    {
      "type": "insert-node",
      "node": {
        "label": "topData",
        "type": "LocalVariable"
      },
      "location-after-char-start": 70573,
      "location-after-char-end": 70606,
      "node-str": "topData"
    },
    {
      "type": "insert-node",
      "node": {
        "label": "fastViewData",
        "type": "LocalVariable"
      },
      "location-after-char-start": 70768,
      "location-after-char-end": 70806,
      "node-str": "fastViewData"
    },
    {
      "type": "insert-node",
      "node": {
        "label": "\u003d",
        "type": "Assignment"
      },
      "location-after-char-start": 70909,
      "location-after-char-end": 70979,
      "node-str": "\u003d"
    },
    {
      "type": "insert-node",
      "node": {
        "label": "progressData",
        "type": "LocalVariable"
      },
      "location-after-char-start": 71041,
      "location-after-char-end": 71079,
      "node-str": "progressData"
    },
    {
      "type": "insert-node",
      "node": {
        "label": "statusLineData",
        "type": "LocalVariable"
      },
      "location-after-char-start": 71410,
      "location-after-char-end": 71450,
      "node-str": "statusLineData"
    },
    {
      "type": "insert-node",
      "node": {
        "label": "clientAreaData",
        "type": "LocalVariable"
      },
      "location-after-char-start": 71698,
      "location-after-char-end": 71738,
      "node-str": "clientAreaData"
    },
    {
      "type": "insert-node",
      "node": {
        "label": "org.eclipse.swt.layout.FormData",
        "type": "VARIABLE_TYPE"
      },
      "location-after-char-start": 0,
      "location-after-char-end": 0,
      "node-str": "org.eclipse.swt.layout.FormData"
    },
    {
      "type": "insert-node",
      "node": {
        "label": "org.eclipse.swt.layout.FormData()",
        "type": "ConstructorCall"
      },
      "location-after-char-start": 70592,
      "location-after-char-end": 70605,
      "node-str": "org.eclipse.swt.layout.FormData()"
    },
    {
      "type": "insert-node",
      "node": {
        "label": "org.eclipse.swt.layout.FormData",
        "type": "VARIABLE_TYPE"
      },
      "location-after-char-start": 0,
      "location-after-char-end": 0,
      "node-str": "org.eclipse.swt.layout.FormData"
    },
    {
      "type": "insert-node",
      "node": {
        "label": "org.eclipse.swt.layout.FormData()",
        "type": "ConstructorCall"
      },
      "location-after-char-start": 70792,
      "location-after-char-end": 70805,
      "node-str": "org.eclipse.swt.layout.FormData()"
    },
    {
      "type": "insert-node",
      "node": {
        "label": "bottom",
        "type": "FieldWrite"
      },
      "location-after-char-start": 70909,
      "location-after-char-end": 70927,
      "node-str": "bottom"
    },
    {
      "type": "insert-node",
      "node": {
        "label": "java.lang.Object()",
        "type": "ConstructorCall"
      },
      "location-after-char-start": 70931,
      "location-after-char-end": 70978,
      "node-str": "java.lang.Object()"
    },
    {
      "type": "insert-node",
      "node": {
        "label": "org.eclipse.swt.layout.FormData",
        "type": "VARIABLE_TYPE"
      },
      "location-after-char-start": 0,
      "location-after-char-end": 0,
      "node-str": "org.eclipse.swt.layout.FormData"
    },
    {
      "type": "insert-node",
      "node": {
        "label": "org.eclipse.swt.layout.FormData()",
        "type": "ConstructorCall"
      },
      "location-after-char-start": 71065,
      "location-after-char-end": 71078,
      "node-str": "org.eclipse.swt.layout.FormData()"
    },
    {
      "type": "insert-node",
      "node": {
        "label": "org.eclipse.swt.layout.FormData",
        "type": "VARIABLE_TYPE"
      },
      "location-after-char-start": 0,
      "location-after-char-end": 0,
      "node-str": "org.eclipse.swt.layout.FormData"
    },
    {
      "type": "insert-node",
      "node": {
        "label": "org.eclipse.swt.layout.FormData()",
        "type": "ConstructorCall"
      },
      "location-after-char-start": 71436,
      "location-after-char-end": 71449,
      "node-str": "org.eclipse.swt.layout.FormData()"
    },
    {
      "type": "insert-node",
      "node": {
        "label": "org.eclipse.swt.layout.FormData",
        "type": "VARIABLE_TYPE"
      },
      "location-after-char-start": 0,
      "location-after-char-end": 0,
      "node-str": "org.eclipse.swt.layout.FormData"
    },
    {
      "type": "insert-node",
      "node": {
        "label": "org.eclipse.swt.layout.FormData()",
        "type": "ConstructorCall"
      },
      "location-after-char-start": 71724,
      "location-after-char-end": 71737,
      "node-str": "org.eclipse.swt.layout.FormData()"
    },
    {
      "type": "insert-node",
      "node": {
        "label": "fastViewData",
        "type": "VariableWrite"
      },
      "location-after-char-start": 70909,
      "location-after-char-end": 70927,
      "node-str": "fastViewData"
    },
    {
      "type": "insert-node",
      "node": {
        "label": "getControl",
        "type": "Invocation"
      },
      "location-after-char-start": 70950,
      "location-after-char-end": 70975,
      "node-str": "getControl"
    },
    {
      "type": "insert-node",
      "node": {
        "label": "0",
        "type": "Literal"
      },
      "location-after-char-start": 70977,
      "location-after-char-end": 70977,
      "node-str": "0"
    },
    {
      "type": "insert-node",
      "node": {
        "label": "animationItem",
        "type": "FieldRead"
      },
      "location-after-char-start": 70950,
      "location-after-char-end": 70962,
      "node-str": "animationItem"
    },
    {
      "type": "insert-node",
      "node": {
        "label": "org.eclipse.ui.internal.WorkbenchWindow",
        "type": "TypeAccess"
      },
      "location-after-char-start": 0,
      "location-after-char-end": 0,
      "node-str": "org.eclipse.ui.internal.WorkbenchWindow"
    },
    {
      "type": "delete-node",
      "node": {
        "label": "public",
        "type": "Modifier"
      },
      "location-before-char-start": 0,
      "location-before-char-end": 0,
      "node-str": "public"
    },
    {
      "type": "delete-node",
      "node": {
        "label": "org.eclipse.jface.window.ApplicationWindow",
        "type": "SUPER_TYPE"
      },
      "location-before-char-start": 0,
      "location-before-char-end": 0,
      "node-str": "org.eclipse.jface.window.ApplicationWindow"
    },
    {
      "type": "delete-node",
      "node": {
        "label": "",
        "type": "TypeReference"
      },
      "location-before-char-start": 4596,
      "location-before-char-end": 4612,
      "node-str": ""
    },
    {
      "type": "delete-node",
      "node": {
        "label": "int",
        "type": "VARIABLE_TYPE"
      },
      "location-before-char-start": 0,
      "location-before-char-end": 0,
      "node-str": "int"
    },
    {
      "type": "delete-node",
      "node": {
        "label": "number",
        "type": "Field"
      },
      "location-before-char-start": 4646,
      "location-before-char-end": 4664,
      "node-str": "number"
    },
    {
      "type": "delete-node",
      "node": {
        "label": "org.eclipse.ui.internal.WorkbenchWindow$PageList",
        "type": "VARIABLE_TYPE"
      },
      "location-before-char-start": 0,
      "location-before-char-end": 0,
      "node-str": "org.eclipse.ui.internal.WorkbenchWindow$PageList"
    },
    {
      "type": "delete-node",
      "node": {
        "label": "org.eclipse.ui.internal.WorkbenchWindow$PageList()",
        "type": "ConstructorCall"
      },
      "location-before-char-start": 4695,
      "location-before-char-end": 4708,
      "node-str": "org.eclipse.ui.internal.WorkbenchWindow$PageList()"
    },
    {
      "type": "delete-node",
      "node": {
        "label": "pageList",
        "type": "Field"
      },
      "location-before-char-start": 4667,
      "location-before-char-end": 4709,
      "node-str": "pageList"
    },
    {
      "type": "delete-node",
      "node": {
        "label": "org.eclipse.ui.internal.PageListenerList",
        "type": "VARIABLE_TYPE"
      },
      "location-before-char-start": 0,
      "location-before-char-end": 0,
      "node-str": "org.eclipse.ui.internal.PageListenerList"
    },
    {
      "type": "delete-node",
      "node": {
        "label": "org.eclipse.ui.internal.PageListenerList()",
        "type": "ConstructorCall"
      },
      "location-before-char-start": 4753,
      "location-before-char-end": 4774,
      "node-str": "org.eclipse.ui.internal.PageListenerList()"
    },
    {
      "type": "delete-node",
      "node": {
        "label": "pageListeners",
        "type": "Field"
      },
      "location-before-char-start": 4712,
      "location-before-char-end": 4775,
      "node-str": "pageListeners"
    },
    {
      "type": "delete-node",
      "node": {
        "label": "org.eclipse.ui.internal.PerspectiveListenerListOld",
        "type": "VARIABLE_TYPE"
      },
      "location-before-char-start": 0,
      "location-before-char-end": 0,
      "node-str": "org.eclipse.ui.internal.PerspectiveListenerListOld"
    },
    {
      "type": "delete-node",
      "node": {
        "label": "org.eclipse.ui.internal.PerspectiveListenerListOld()",
        "type": "ConstructorCall"
      },
      "location-before-char-start": 4836,
      "location-before-char-end": 4867,
      "node-str": "org.eclipse.ui.internal.PerspectiveListenerListOld()"
    },
    {
      "type": "delete-node",
      "node": {
        "label": "perspectiveListeners",
        "type": "Field"
      },
      "location-before-char-start": 4778,
      "location-before-char-end": 4868,
      "node-str": "perspectiveListeners"
    },
    {
      "type": "delete-node",
      "node": {
        "label": "org.eclipse.ui.internal.IPartDropListener",
        "type": "VARIABLE_TYPE"
      },
      "location-before-char-start": 0,
      "location-before-char-end": 0,
      "node-str": "org.eclipse.ui.internal.IPartDropListener"
    },
    {
      "type": "delete-node",
      "node": {
        "label": "partDropListener",
        "type": "Field"
      },
      "location-before-char-start": 4871,
      "location-before-char-end": 4913,
      "node-str": "partDropListener"
    },
    {
      "type": "delete-node",
      "node": {
        "label": "org.eclipse.ui.internal.ActionPresentation",
        "type": "VARIABLE_TYPE"
      },
      "location-before-char-start": 0,
      "location-before-char-end": 0,
      "node-str": "org.eclipse.ui.internal.ActionPresentation"
    },
    {
      "type": "delete-node",
      "node": {
        "label": "actionPresentation",
        "type": "Field"
      },
      "location-before-char-start": 5069,
      "location-before-char-end": 5114,
      "node-str": "actionPresentation"
    },
    {
      "type": "delete-node",
      "node": {
        "label": "org.eclipse.ui.internal.WWinActionBars",
        "type": "VARIABLE_TYPE"
      },
      "location-before-char-start": 0,
      "location-before-char-end": 0,
      "node-str": "org.eclipse.ui.internal.WWinActionBars"
    },
    {
      "type": "delete-node",
      "node": {
        "label": "actionBars",
        "type": "Field"
      },
      "location-before-char-start": 5117,
      "location-before-char-end": 5150,
      "node-str": "actionBars"
    },
    {
      "type": "delete-node",
      "node": {
        "label": "boolean",
        "type": "VARIABLE_TYPE"
      },
      "location-before-char-start": 0,
      "location-before-char-end": 0,
      "node-str": "boolean"
    },
    {
      "type": "delete-node",
      "node": {
        "label": "true",
        "type": "Literal"
      },
      "location-before-char-start": 5187,
      "location-before-char-end": 5190,
      "node-str": "true"
    },
    {
      "type": "delete-node",
      "node": {
        "label": "updateDisabled",
        "type": "Field"
      },
      "location-before-char-start": 5154,
      "location-before-char-end": 5191,
      "node-str": "updateDisabled"
    },
    {
      "type": "delete-node",
      "node": {
        "label": "boolean",
        "type": "VARIABLE_TYPE"
      },
      "location-before-char-start": 0,
      "location-before-char-end": 0,
      "node-str": "boolean"
    },
    {
      "type": "delete-node",
      "node": {
        "label": "false",
        "type": "Literal"
      },
      "location-before-char-start": 5220,
      "location-before-char-end": 5224,
      "node-str": "false"
    },
    {
      "type": "delete-node",
      "node": {
        "label": "closing",
        "type": "Field"
      },
      "location-before-char-start": 5194,
      "location-before-char-end": 5225,
      "node-str": "closing"
    },
    {
      "type": "delete-node",
      "node": {
        "label": "boolean",
        "type": "VARIABLE_TYPE"
      },
      "location-before-char-start": 0,
      "location-before-char-end": 0,
      "node-str": "boolean"
    },
    {
      "type": "delete-node",
      "node": {
        "label": "false",
        "type": "Literal"
      },
      "location-before-char-start": 5261,
      "location-before-char-end": 5265,
      "node-str": "false"
    },
    {
      "type": "delete-node",
      "node": {
        "label": "shellActivated",
        "type": "Field"
      },
      "location-before-char-start": 5228,
      "location-before-char-end": 5266,
      "node-str": "shellActivated"
    },
    {
      "type": "delete-node",
      "node": {
        "label": "org.eclipse.jface.action.ToolBarManager",
        "type": "VARIABLE_TYPE"
      },
      "location-before-char-start": 0,
      "location-before-char-end": 0,
      "node-str": "org.eclipse.jface.action.ToolBarManager"
    },
    {
      "type": "delete-node",
      "node": {
        "label": "fastViewBar",
        "type": "Field"
      },
      "location-before-char-start": 5270,
      "location-before-char-end": 5304,
      "node-str": "fastViewBar"
    },
    {
      "type": "delete-node",
      "node": {
        "label": "org.eclipse.ui.internal.ShortcutBarPart",
        "type": "VARIABLE_TYPE"
      },
      "location-before-char-start": 0,
      "location-before-char-end": 0,
      "node-str": "org.eclipse.ui.internal.ShortcutBarPart"
    },
    {
      "type": "delete-node",
      "node": {
        "label": "fastViewPart",
        "type": "Field"
      },
      "location-before-char-start": 5307,
      "location-before-char-end": 5343,
      "node-str": "fastViewPart"
    },
    {
      "type": "delete-node",
      "node": {
        "label": "org.eclipse.ui.internal.ShortcutBarPartDragDrop",
        "type": "VARIABLE_TYPE"
      },
      "location-before-char-start": 0,
      "location-before-char-end": 0,
      "node-str": "org.eclipse.ui.internal.ShortcutBarPartDragDrop"
    },
    {
      "type": "delete-node",
      "node": {
        "label": "fastViewDND",
        "type": "Field"
      },
      "location-before-char-start": 5346,
      "location-before-char-end": 5389,
      "node-str": "fastViewDND"
    },
    {
      "type": "delete-node",
      "node": {
        "label": "org.eclipse.swt.widgets.Menu",
        "type": "VARIABLE_TYPE"
      },
      "location-before-char-start": 0,
      "location-before-char-end": 0,
      "node-str": "org.eclipse.swt.widgets.Menu"
    },
    {
      "type": "delete-node",
      "node": {
        "label": "fastViewBarMenu",
        "type": "Field"
      },
      "location-before-char-start": 5392,
      "location-before-char-end": 5420,
      "node-str": "fastViewBarMenu"
    },
    {
      "type": "delete-node",
      "node": {
        "label": "org.eclipse.ui.internal.PerspectiveBarManager",
        "type": "VARIABLE_TYPE"
      },
      "location-before-char-start": 0,
      "location-before-char-end": 0,
      "node-str": "org.eclipse.ui.internal.PerspectiveBarManager"
    },
    {
      "type": "delete-node",
      "node": {
        "label": "perspectiveBar",
        "type": "Field"
      },
      "location-before-char-start": 5424,
      "location-before-char-end": 5468,
      "node-str": "perspectiveBar"
    },
    {
      "type": "delete-node",
      "node": {
        "label": "org.eclipse.swt.widgets.Menu",
        "type": "VARIABLE_TYPE"
      },
      "location-before-char-start": 0,
      "location-before-char-end": 0,
      "node-str": "org.eclipse.swt.widgets.Menu"
    },
    {
      "type": "delete-node",
      "node": {
        "label": "perspectiveBarMenu",
        "type": "Field"
      },
      "location-before-char-start": 5471,
      "location-before-char-end": 5502,
      "node-str": "perspectiveBarMenu"
    },
    {
      "type": "delete-node",
      "node": {
        "label": "org.eclipse.ui.internal.PerspectiveBarManager",
        "type": "VARIABLE_TYPE"
      },
      "location-before-char-start": 0,
      "location-before-char-end": 0,
      "node-str": "org.eclipse.ui.internal.PerspectiveBarManager"
    },
    {
      "type": "delete-node",
      "node": {
        "label": "newBar",
        "type": "Field"
      },
      "location-before-char-start": 5507,
      "location-before-char-end": 5543,
      "node-str": "newBar"
    },
    {
      "type": "delete-node",
      "node": {
        "label": "int",
        "type": "VARIABLE_TYPE"
      },
      "location-before-char-start": 0,
      "location-before-char-end": 0,
      "node-str": "int"
    },
    {
      "type": "delete-node",
      "node": {
        "label": "final",
        "type": "Modifier"
      },
      "location-before-char-start": 0,
      "location-before-char-end": 0,
      "node-str": "final"
    },
    {
      "type": "delete-node",
      "node": {
        "label": "static",
        "type": "Modifier"
      },
      "location-before-char-start": 0,
      "location-before-char-end": 0,
      "node-str": "static"
    },
    {
      "type": "delete-node",
      "node": {
        "label": "4",
        "type": "Literal"
      },
      "location-before-char-start": 5592,
      "location-before-char-end": 5592,
      "node-str": "4"
    },
    {
      "type": "delete-node",
      "node": {
        "label": "MAX_PERSPECTIVES",
        "type": "Field"
      },
      "location-before-char-start": 5548,
      "location-before-char-end": 5593,
      "node-str": "MAX_PERSPECTIVES"
    },
    {
      "type": "delete-node",
      "node": {
        "label": "java.util.LinkedList",
        "type": "VARIABLE_TYPE"
      },
      "location-before-char-start": 0,
      "location-before-char-end": 0,
      "node-str": "java.util.LinkedList"
    },
    {
      "type": "delete-node",
      "node": {
        "label": "java.util.LinkedList()",
        "type": "ConstructorCall"
      },
      "location-before-char-start": 5639,
      "location-before-char-end": 5654,
      "node-str": "java.util.LinkedList()"
    },
    {
      "type": "delete-node",
      "node": {
        "label": "mostRecentDescriptors",
        "type": "Field"
      },
      "location-before-char-start": 5596,
      "location-before-char-end": 5655,
      "node-str": "mostRecentDescriptors"
    },
    {
      "type": "delete-node",
      "node": {
        "label": "org.eclipse.swt.widgets.MenuItem",
        "type": "VARIABLE_TYPE"
      },
      "location-before-char-start": 0,
      "location-before-char-end": 0,
      "node-str": "org.eclipse.swt.widgets.MenuItem"
    },
    {
      "type": "delete-node",
      "node": {
        "label": "restoreItem",
        "type": "Field"
      },
      "location-before-char-start": 5659,
      "location-before-char-end": 5687,
      "node-str": "restoreItem"
    },
    {
      "type": "delete-node",
      "node": {
        "label": "org.eclipse.ui.internal.progress.AnimationItem",
        "type": "VARIABLE_TYPE"
      },
      "location-before-char-start": 0,
      "location-before-char-end": 0,
      "node-str": "org.eclipse.ui.internal.progress.AnimationItem"
    },
    {
      "type": "delete-node",
      "node": {
        "label": "animationItem",
        "type": "Field"
      },
      "location-before-char-start": 5690,
      "location-before-char-end": 5717,
      "node-str": "animationItem"
    },
    {
      "type": "delete-node",
      "node": {
        "label": "org.eclipse.swt.widgets.Label",
        "type": "VARIABLE_TYPE"
      },
      "location-before-char-start": 0,
      "location-before-char-end": 0,
      "node-str": "org.eclipse.swt.widgets.Label"
    },
    {
      "type": "delete-node",
      "node": {
        "label": "noOpenPerspective",
        "type": "Field"
      },
      "location-before-char-start": 5721,
      "location-before-char-end": 5752,
      "node-str": "noOpenPerspective"
    },
    {
      "type": "delete-node",
      "node": {
        "label": "org.eclipse.swt.graphics.Rectangle",
        "type": "VARIABLE_TYPE"
      },
      "location-before-char-start": 0,
      "location-before-char-end": 0,
      "node-str": "org.eclipse.swt.graphics.Rectangle"
    },
    {
      "type": "delete-node",
      "node": {
        "label": "normalBounds",
        "type": "Field"
      },
      "location-before-char-start": 5755,
      "location-before-char-end": 5785,
      "node-str": "normalBounds"
    },
    {
      "type": "delete-node",
      "node": {
        "label": "boolean",
        "type": "VARIABLE_TYPE"
      },
      "location-before-char-start": 0,
      "location-before-char-end": 0,
      "node-str": "boolean"
    },
    {
      "type": "delete-node",
      "node": {
        "label": "false",
        "type": "Literal"
      },
      "location-before-char-start": 5823,
      "location-before-char-end": 5827,
      "node-str": "false"
    },
    {
      "type": "delete-node",
      "node": {
        "label": "asMaximizedState",
        "type": "Field"
      },
      "location-before-char-start": 5788,
      "location-before-char-end": 5828,
      "node-str": "asMaximizedState"
    },
    {
      "type": "delete-node",
      "node": {
        "label": "org.eclipse.swt.custom.CBanner",
        "type": "VARIABLE_TYPE"
      },
      "location-before-char-start": 0,
      "location-before-char-end": 0,
      "node-str": "org.eclipse.swt.custom.CBanner"
    },
    {
      "type": "delete-node",
      "node": {
        "label": "topBar",
        "type": "Field"
      },
      "location-before-char-start": 5832,
      "location-before-char-end": 5854,
      "node-str": "topBar"
    },
    {
      "type": "delete-node",
      "node": {
        "label": "int",
        "type": "VARIABLE_TYPE"
      },
      "location-before-char-start": 0,
      "location-before-char-end": 0,
      "node-str": "int"
    },
    {
      "type": "delete-node",
      "node": {
        "label": "0x0",
        "type": "Literal"
      },
      "location-before-char-start": 6016,
      "location-before-char-end": 6019,
      "node-str": "0x0"
    },
    {
      "type": "delete-node",
      "node": {
        "label": "submenus",
        "type": "Field"
      },
      "location-before-char-start": 5858,
      "location-before-char-end": 6020,
      "node-str": "submenus"
    },
    {
      "type": "delete-node",
      "node": {
        "label": "org.eclipse.ui.internal.WorkbenchWindowConfigurer",
        "type": "VARIABLE_TYPE"
      },
      "location-before-char-start": 0,
      "location-before-char-end": 0,
      "node-str": "org.eclipse.ui.internal.WorkbenchWindowConfigurer"
    },
    {
      "type": "delete-node",
      "node": {
        "label": "null",
        "type": "Literal"
      },
      "location-before-char-start": 6219,
      "location-before-char-end": 6222,
      "node-str": "null"
    },
    {
      "type": "delete-node",
      "node": {
        "label": "windowConfigurer",
        "type": "Field"
      },
      "location-before-char-start": 6024,
      "location-before-char-end": 6223,
      "node-str": "windowConfigurer"
    },
    {
      "type": "delete-node",
      "node": {
        "label": "int",
        "type": "VARIABLE_TYPE"
      },
      "location-before-char-start": 0,
      "location-before-char-end": 0,
      "node-str": "int"
    },
    {
      "type": "delete-node",
      "node": {
        "label": "final",
        "type": "Modifier"
      },
      "location-before-char-start": 0,
      "location-before-char-end": 0,
      "node-str": "final"
    },
    {
      "type": "delete-node",
      "node": {
        "label": "static",
        "type": "Modifier"
      },
      "location-before-char-start": 0,
      "location-before-char-end": 0,
      "node-str": "static"
    },
    {
      "type": "delete-node",
      "node": {
        "label": "0",
        "type": "Literal"
      },
      "location-before-char-start": 6288,
      "location-before-char-end": 6288,
      "node-str": "0"
    },
    {
      "type": "delete-node",
      "node": {
        "label": "VGAP",
        "type": "Field"
      },
      "location-before-char-start": 6227,
      "location-before-char-end": 6289,
      "node-str": "VGAP"
    },
    {
      "type": "delete-node",
      "node": {
        "label": "int",
        "type": "VARIABLE_TYPE"
      },
      "location-before-char-start": 0,
      "location-before-char-end": 0,
      "node-str": "int"
    },
    {
      "type": "delete-node",
      "node": {
        "label": "final",
        "type": "Modifier"
      },
      "location-before-char-start": 0,
      "location-before-char-end": 0,
      "node-str": "final"
    },
    {
      "type": "delete-node",
      "node": {
        "label": "static",
        "type": "Modifier"
      },
      "location-before-char-start": 0,
      "location-before-char-end": 0,
      "node-str": "static"
    },
    {
      "type": "delete-node",
      "node": {
        "label": "3",
        "type": "Literal"
      },
      "location-before-char-start": 6324,
      "location-before-char-end": 6324,
      "node-str": "3"
    },
    {
      "type": "delete-node",
      "node": {
        "label": "CLIENT_INSET",
        "type": "Field"
      },
      "location-before-char-start": 6292,
      "location-before-char-end": 6325,
      "node-str": "CLIENT_INSET"
    },
    {
      "type": "delete-node",
      "node": {
        "label": "int",
        "type": "VARIABLE_TYPE"
      },
      "location-before-char-start": 0,
      "location-before-char-end": 0,
      "node-str": "int"
    },
    {
      "type": "delete-node",
      "node": {
        "label": "final",
        "type": "Modifier"
      },
      "location-before-char-start": 0,
      "location-before-char-end": 0,
      "node-str": "final"
    },
    {
      "type": "delete-node",
      "node": {
        "label": "static",
        "type": "Modifier"
      },
      "location-before-char-start": 0,
      "location-before-char-end": 0,
      "node-str": "static"
    },
    {
      "type": "delete-node",
      "node": {
        "label": "23",
        "type": "Literal"
      },
      "location-before-char-start": 6356,
      "location-before-char-end": 6357,
      "node-str": "23"
    },
    {
      "type": "delete-node",
      "node": {
        "label": "BAR_SIZE",
        "type": "Field"
      },
      "location-before-char-start": 6328,
      "location-before-char-end": 6358,
      "node-str": "BAR_SIZE"
    },
    {
      "type": "delete-node",
      "node": {
        "label": "int",
        "type": "VARIABLE_TYPE"
      },
      "location-before-char-start": 0,
      "location-before-char-end": 0,
      "node-str": "int"
    },
    {
      "type": "delete-node",
      "node": {
        "label": "final",
        "type": "Modifier"
      },
      "location-before-char-start": 0,
      "location-before-char-end": 0,
      "node-str": "final"
    },
    {
      "type": "delete-node",
      "node": {
        "label": "public",
        "type": "Modifier"
      },
      "location-before-char-start": 0,
      "location-before-char-end": 0,
      "node-str": "public"
    },
    {
      "type": "delete-node",
      "node": {
        "label": "static",
        "type": "Modifier"
      },
      "location-before-char-start": 0,
      "location-before-char-end": 0,
      "node-str": "static"
    },
    {
      "type": "delete-node",
      "node": {
        "label": "0x1",
        "type": "Literal"
      },
      "location-before-char-start": 6570,
      "location-before-char-end": 6573,
      "node-str": "0x1"
    },
    {
      "type": "delete-node",
      "node": {
        "label": "SHOW_VIEW_SUBMENU",
        "type": "Field"
      },
      "location-before-char-start": 6362,
      "location-before-char-end": 6574,
      "node-str": "SHOW_VIEW_SUBMENU"
    },
    {
      "type": "delete-node",
      "node": {
        "label": "int",
        "type": "VARIABLE_TYPE"
      },
      "location-before-char-start": 0,
      "location-before-char-end": 0,
      "node-str": "int"
    },
    {
      "type": "delete-node",
      "node": {
        "label": "final",
        "type": "Modifier"
      },
      "location-before-char-start": 0,
      "location-before-char-end": 0,
      "node-str": "final"
    },
    {
      "type": "delete-node",
      "node": {
        "label": "public",
        "type": "Modifier"
      },
      "location-before-char-start": 0,
      "location-before-char-end": 0,
      "node-str": "public"
    },
    {
      "type": "delete-node",
      "node": {
        "label": "static",
        "type": "Modifier"
      },
      "location-before-char-start": 0,
      "location-before-char-end": 0,
      "node-str": "static"
    },
    {
      "type": "delete-node",
      "node": {
        "label": "0x2",
        "type": "Literal"
      },
      "location-before-char-start": 6800,
      "location-before-char-end": 6803,
      "node-str": "0x2"
    },
    {
      "type": "delete-node",
      "node": {
        "label": "OPEN_PERSPECTIVE_SUBMENU",
        "type": "Field"
      },
      "location-before-char-start": 6578,
      "location-before-char-end": 6804,
      "node-str": "OPEN_PERSPECTIVE_SUBMENU"
    },
    {
      "type": "delete-node",
      "node": {
        "label": "int",
        "type": "VARIABLE_TYPE"
      },
      "location-before-char-start": 0,
      "location-before-char-end": 0,
      "node-str": "int"
    },
    {
      "type": "delete-node",
      "node": {
        "label": "final",
        "type": "Modifier"
      },
      "location-before-char-start": 0,
      "location-before-char-end": 0,
      "node-str": "final"
    },
    {
      "type": "delete-node",
      "node": {
        "label": "public",
        "type": "Modifier"
      },
      "location-before-char-start": 0,
      "location-before-char-end": 0,
      "node-str": "public"
    },
    {
      "type": "delete-node",
      "node": {
        "label": "static",
        "type": "Modifier"
      },
      "location-before-char-start": 0,
      "location-before-char-end": 0,
      "node-str": "static"
    },
    {
      "type": "delete-node",
      "node": {
        "label": "0x4",
        "type": "Literal"
      },
      "location-before-char-start": 7018,
      "location-before-char-end": 7021,
      "node-str": "0x4"
    },
    {
      "type": "delete-node",
      "node": {
        "label": "NEW_WIZARD_SUBMENU",
        "type": "Field"
      },
      "location-before-char-start": 6808,
      "location-before-char-end": 7022,
      "node-str": "NEW_WIZARD_SUBMENU"
    },
    {
      "type": "delete-node",
      "node": {
        "label": "java.util.Map",
        "type": "VARIABLE_TYPE"
      },
      "location-before-char-start": 0,
      "location-before-char-end": 0,
      "node-str": "java.util.Map"
    },
    {
      "type": "delete-node",
      "node": {
        "label": "java.util.HashMap()",
        "type": "ConstructorCall"
      },
      "location-before-char-start": 10226,
      "location-before-char-end": 10238,
      "node-str": "java.util.HashMap()"
    },
    {
      "type": "delete-node",
      "node": {
        "label": "actionSetHandlersByCommandId",
        "type": "Field"
      },
      "location-before-char-start": 10183,
      "location-before-char-end": 10239,
      "node-str": "actionSetHandlersByCommandId"
    },
    {
      "type": "delete-node",
      "node": {
        "label": "java.util.Map",
        "type": "VARIABLE_TYPE"
      },
      "location-before-char-start": 0,
      "location-before-char-end": 0,
      "node-str": "java.util.Map"
    },
    {
      "type": "delete-node",
      "node": {
        "label": "java.util.HashMap()",
        "type": "ConstructorCall"
      },
      "location-before-char-start": 10288,
      "location-before-char-end": 10300,
      "node-str": "java.util.HashMap()"
    },
    {
      "type": "delete-node",
      "node": {
        "label": "globalActionHandlersByCommandId",
        "type": "Field"
      },
      "location-before-char-start": 10242,
      "location-before-char-end": 10301,
      "node-str": "globalActionHandlersByCommandId"
    },
    {
      "type": "delete-node",
      "node": {
        "label": "org.eclipse.ui.commands.IWorkbenchWindowCommandSupport",
        "type": "VARIABLE_TYPE"
      },
      "location-before-char-start": 0,
      "location-before-char-end": 0,
      "node-str": "org.eclipse.ui.commands.IWorkbenchWindowCommandSupport"
    },
    {
      "type": "delete-node",
      "node": {
        "label": "workbenchWindowCommandSupport",
        "type": "Field"
      },
      "location-before-char-start": 70213,
      "location-before-char-end": 70281,
      "node-str": "workbenchWindowCommandSupport"
    },
    {
      "type": "delete-node",
      "node": {
        "label": "org.eclipse.ui.contexts.IWorkbenchWindowContextSupport",
        "type": "VARIABLE_TYPE"
      },
      "location-before-char-start": 0,
      "location-before-char-end": 0,
      "node-str": "org.eclipse.ui.contexts.IWorkbenchWindowContextSupport"
    },
    {
      "type": "delete-node",
      "node": {
        "label": "workbenchWindowContextSupport",
        "type": "Field"
      },
      "location-before-char-start": 70284,
      "location-before-char-end": 70352,
      "node-str": "workbenchWindowContextSupport"
    },
    {
      "type": "delete-node",
      "node": {
        "label": "void",
        "type": "RETURN_TYPE"
      },
      "location-before-char-start": 0,
      "location-before-char-end": 0,
      "node-str": "void"
    },
    {
      "type": "delete-node",
      "node": {
        "label": "org.eclipse.swt.layout.FormData",
        "type": "VARIABLE_TYPE"
      },
      "location-before-char-start": 0,
      "location-before-char-end": 0,
      "node-str": "org.eclipse.swt.layout.FormData"
    },
    {
      "type": "delete-node",
      "node": {
        "label": "org.eclipse.swt.layout.FormData()",
        "type": "ConstructorCall"
      },
      "location-before-char-start": 70592,
      "location-before-char-end": 70605,
      "node-str": "org.eclipse.swt.layout.FormData()"
    },
    {
      "type": "delete-node",
      "node": {
        "label": "topData",
        "type": "LocalVariable"
      },
      "location-before-char-start": 70573,
      "location-before-char-end": 70606,
      "node-str": "topData"
    },
    {
      "type": "delete-node",
      "node": {
        "label": "org.eclipse.swt.layout.FormData",
        "type": "VARIABLE_TYPE"
      },
      "location-before-char-start": 0,
      "location-before-char-end": 0,
      "node-str": "org.eclipse.swt.layout.FormData"
    },
    {
      "type": "delete-node",
      "node": {
        "label": "org.eclipse.swt.layout.FormData()",
        "type": "ConstructorCall"
      },
      "location-before-char-start": 70792,
      "location-before-char-end": 70805,
      "node-str": "org.eclipse.swt.layout.FormData()"
    },
    {
      "type": "delete-node",
      "node": {
        "label": "fastViewData",
        "type": "LocalVariable"
      },
      "location-before-char-start": 70768,
      "location-before-char-end": 70806,
      "node-str": "fastViewData"
    },
    {
      "type": "delete-node",
      "node": {
        "label": "fastViewData",
        "type": "VariableWrite"
      },
      "location-before-char-start": 70909,
      "location-before-char-end": 70927,
      "node-str": "fastViewData"
    },
    {
      "type": "delete-node",
      "node": {
        "label": "bottom",
        "type": "FieldWrite"
      },
      "location-before-char-start": 70909,
      "location-before-char-end": 70927,
      "node-str": "bottom"
    },
    {
      "type": "delete-node",
      "node": {
        "label": "100",
        "type": "Literal"
      },
      "location-before-char-start": 70950,
      "location-before-char-end": 70952,
      "node-str": "100"
    },
    {
      "type": "delete-node",
      "node": {
        "label": "org.eclipse.swt.layout.FormAttachment(int)",
        "type": "ConstructorCall"
      },
      "location-before-char-start": 70931,
      "location-before-char-end": 70953,
      "node-str": "org.eclipse.swt.layout.FormAttachment(int)"
    },
    {
      "type": "delete-node",
      "node": {
        "label": "\u003d",
        "type": "Assignment"
      },
      "location-before-char-start": 70909,
      "location-before-char-end": 70954,
      "node-str": "\u003d"
    },
    {
      "type": "delete-node",
      "node": {
        "label": "org.eclipse.swt.layout.FormData",
        "type": "VARIABLE_TYPE"
      },
      "location-before-char-start": 0,
      "location-before-char-end": 0,
      "node-str": "org.eclipse.swt.layout.FormData"
    },
    {
      "type": "delete-node",
      "node": {
        "label": "org.eclipse.swt.layout.FormData()",
        "type": "ConstructorCall"
      },
      "location-before-char-start": 71040,
      "location-before-char-end": 71053,
      "node-str": "org.eclipse.swt.layout.FormData()"
    },
    {
      "type": "delete-node",
      "node": {
        "label": "progressData",
        "type": "LocalVariable"
      },
      "location-before-char-start": 71016,
      "location-before-char-end": 71054,
      "node-str": "progressData"
    },
    {
      "type": "delete-node",
      "node": {
        "label": "org.eclipse.swt.layout.FormData",
        "type": "VARIABLE_TYPE"
      },
      "location-before-char-start": 0,
      "location-before-char-end": 0,
      "node-str": "org.eclipse.swt.layout.FormData"
    },
    {
      "type": "delete-node",
      "node": {
        "label": "org.eclipse.swt.layout.FormData()",
        "type": "ConstructorCall"
      },
      "location-before-char-start": 71411,
      "location-before-char-end": 71424,
      "node-str": "org.eclipse.swt.layout.FormData()"
    },
    {
      "type": "delete-node",
      "node": {
        "label": "statusLineData",
        "type": "LocalVariable"
      },
      "location-before-char-start": 71385,
      "location-before-char-end": 71425,
      "node-str": "statusLineData"
    },
    {
      "type": "delete-node",
      "node": {
        "label": "org.eclipse.swt.layout.FormData",
        "type": "VARIABLE_TYPE"
      },
      "location-before-char-start": 0,
      "location-before-char-end": 0,
      "node-str": "org.eclipse.swt.layout.FormData"
    },
    {
      "type": "delete-node",
      "node": {
        "label": "org.eclipse.swt.layout.FormData()",
        "type": "ConstructorCall"
      },
      "location-before-char-start": 71699,
      "location-before-char-end": 71712,
      "node-str": "org.eclipse.swt.layout.FormData()"
    },
    {
      "type": "delete-node",
      "node": {
        "label": "clientAreaData",
        "type": "LocalVariable"
      },
      "location-before-char-start": 71673,
      "location-before-char-end": 71713,
      "node-str": "clientAreaData"
    }
  ],
  "before-file": {},
  "after-file": {},
  "mapping": {}
}