{
  "tool-info": {},
  "diff": [
    {
      "type": "insert-node",
      "node": {
        "label": "public",
        "type": "Modifier"
      },
      "location-after-char-start": 0,
      "location-after-char-end": 0,
      "node-str": "public"
    },
    {
      "type": "insert-node",
      "node": {
        "label": "",
        "type": "TypeReference"
      },
      "location-after-char-start": 2769,
      "location-after-char-end": 2780,
      "node-str": ""
    },
    {
      "type": "insert-node",
      "node": {
        "label": "issueList",
        "type": "Field"
      },
      "location-after-char-start": 2788,
      "location-after-char-end": 2828,
      "node-str": "issueList"
    },
    {
      "type": "insert-node",
      "node": {
        "label": "runTest",
        "type": "Method"
      },
      "location-after-char-start": 3046,
      "location-after-char-end": 3292,
      "node-str": "runTest"
    },
    {
      "type": "insert-node",
      "node": {
        "label": "testGetAllAttributeValuesMap",
        "type": "Method"
      },
      "location-after-char-start": 4672,
      "location-after-char-end": 5557,
      "node-str": "testGetAllAttributeValuesMap"
    },
    {
      "type": "insert-node",
      "node": {
        "label": "testAssignUser",
        "type": "Method"
      },
      "location-after-char-start": 5564,
      "location-after-char-end": 6035,
      "node-str": "testAssignUser"
    },
    {
      "type": "insert-node",
      "node": {
        "label": "testGetAssociatedUsers",
        "type": "Method"
      },
      "location-after-char-start": 6057,
      "location-after-char-end": 6369,
      "node-str": "testGetAssociatedUsers"
    },
    {
      "type": "insert-node",
      "node": {
        "label": "testChangeUserAttributeValue",
        "type": "Method"
      },
      "location-after-char-start": 6376,
      "location-after-char-end": 7090,
      "node-str": "testChangeUserAttributeValue"
    },
    {
      "type": "insert-node",
      "node": {
        "label": "testDeleteUser",
        "type": "Method"
      },
      "location-after-char-start": 7112,
      "location-after-char-end": 7675,
      "node-str": "testDeleteUser"
    },
    {
      "type": "insert-node",
      "node": {
        "label": "org.tigris.scarab.test.BaseTestCase",
        "type": "SUPER_TYPE"
      },
      "location-after-char-start": 0,
      "location-after-char-end": 0,
      "node-str": "org.tigris.scarab.test.BaseTestCase"
    },
    {
      "type": "insert-node",
      "node": {
        "label": "java.util.List",
        "type": "VARIABLE_TYPE"
      },
      "location-after-char-start": 0,
      "location-after-char-end": 0,
      "node-str": "java.util.List"
    },
    {
      "type": "insert-node",
      "node": {
        "label": "java.util.ArrayList()",
        "type": "ConstructorCall"
      },
      "location-after-char-start": 2813,
      "location-after-char-end": 2827,
      "node-str": "java.util.ArrayList()"
    },
    {
      "type": "insert-node",
      "node": {
        "label": "void",
        "type": "RETURN_TYPE"
      },
      "location-after-char-start": 0,
      "location-after-char-end": 0,
      "node-str": "void"
    },
    {
      "type": "insert-node",
      "node": {
        "label": "java.lang.Throwable",
        "type": "THROWS"
      },
      "location-after-char-start": 0,
      "location-after-char-end": 0,
      "node-str": "java.lang.Throwable"
    },
    {
      "type": "insert-node",
      "node": {
        "label": "protected",
        "type": "Modifier"
      },
      "location-after-char-start": 0,
      "location-after-char-end": 0,
      "node-str": "protected"
    },
    {
      "type": "insert-node",
      "node": {
        "label": "createTestIssues",
        "type": "Invocation"
      },
      "location-after-char-start": 3110,
      "location-after-char-end": 3128,
      "node-str": "createTestIssues"
    },
    {
      "type": "insert-node",
      "node": {
        "label": "loopThruTestIssues",
        "type": "Invocation"
      },
      "location-after-char-start": 3139,
      "location-after-char-end": 3159,
      "node-str": "loopThruTestIssues"
    },
    {
      "type": "insert-node",
      "node": {
        "label": "testAssignUser",
        "type": "Invocation"
      },
      "location-after-char-start": 3169,
      "location-after-char-end": 3185,
      "node-str": "testAssignUser"
    },
    {
      "type": "insert-node",
      "node": {
        "label": "testGetUserAttributeValues",
        "type": "Invocation"
      },
      "location-after-char-start": 3195,
      "location-after-char-end": 3223,
      "node-str": "testGetUserAttributeValues"
    },
    {
      "type": "insert-node",
      "node": {
        "label": "testGetEligibleUsers",
        "type": "Invocation"
      },
      "location-after-char-start": 3233,
      "location-after-char-end": 3255,
      "node-str": "testGetEligibleUsers"
    },
    {
      "type": "insert-node",
      "node": {
        "label": "testGetUsersToEmail",
        "type": "Invocation"
      },
      "location-after-char-start": 3265,
      "location-after-char-end": 3286,
      "node-str": "testGetUsersToEmail"
    },
    {
      "type": "insert-node",
      "node": {
        "label": "void",
        "type": "RETURN_TYPE"
      },
      "location-after-char-start": 0,
      "location-after-char-end": 0,
      "node-str": "void"
    },
    {
      "type": "insert-node",
      "node": {
        "label": "java.lang.Exception",
        "type": "THROWS"
      },
      "location-after-char-start": 0,
      "location-after-char-end": 0,
      "node-str": "java.lang.Exception"
    },
    {
      "type": "insert-node",
      "node": {
        "label": "issue",
        "type": "Parameter"
      },
      "location-after-char-start": 4714,
      "location-after-char-end": 4724,
      "node-str": "issue"
    },
    {
      "type": "move-subtree",
      "node": {
        "label": "println",
        "type": "Invocation"
      },
      "location-before-char-start": 4759,
      "location-before-char-end": 4812,
      "location-after-char-start": 4758,
      "location-after-char-end": 4811,
      "node-str": "println"
    },
    {
      "type": "move-subtree",
      "node": {
        "label": "map",
        "type": "LocalVariable"
      },
      "location-before-char-start": 4822,
      "location-before-char-end": 4868,
      "location-after-char-start": 4821,
      "location-after-char-end": 4867,
      "node-str": "map"
    },
    {
      "type": "move-subtree",
      "node": {
        "label": "println",
        "type": "Invocation"
      },
      "location-before-char-start": 4878,
      "location-before-char-end": 4949,
      "location-after-char-start": 4877,
      "location-after-char-end": 4948,
      "node-str": "println"
    },
    {
      "type": "insert-node",
      "node": {
        "label": "expectedSize",
        "type": "LocalVariable"
      },
      "location-after-char-start": 4958,
      "location-after-char-end": 4979,
      "node-str": "expectedSize"
    },
    {
      "type": "insert-node",
      "node": {
        "label": "",
        "type": "Switch"
      },
      "location-after-char-start": 4989,
      "location-after-char-end": 5502,
      "node-str": ""
    },
    {
      "type": "move-subtree",
      "node": {
        "label": "assertEquals",
        "type": "Invocation"
      },
      "location-before-char-start": 5513,
      "location-before-char-end": 5552,
      "location-after-char-start": 5512,
      "location-after-char-end": 5551,
      "node-str": "assertEquals"
    },
    {
      "type": "insert-node",
      "node": {
        "label": "void",
        "type": "RETURN_TYPE"
      },
      "location-after-char-start": 0,
      "location-after-char-end": 0,
      "node-str": "void"
    },
    {
      "type": "insert-node",
      "node": {
        "label": "java.lang.Exception",
        "type": "THROWS"
      },
      "location-after-char-start": 0,
      "location-after-char-end": 0,
      "node-str": "java.lang.Exception"
    },
    {
      "type": "move-subtree",
      "node": {
        "label": "println",
        "type": "Invocation"
      },
      "location-before-char-start": 5627,
      "location-before-char-end": 5666,
      "location-after-char-start": 5625,
      "location-after-char-end": 5664,
      "node-str": "println"
    },
    {
      "type": "insert-node",
      "node": {
        "label": "assignAttr",
        "type": "LocalVariable"
      },
      "location-after-char-start": 5674,
      "location-after-char-end": 5717,
      "node-str": "assignAttr"
    },
    {
      "type": "insert-node",
      "node": {
        "label": "ccAttr",
        "type": "LocalVariable"
      },
      "location-after-char-start": 5727,
      "location-after-char-end": 5762,
      "node-str": "ccAttr"
    },
    {
      "type": "move-subtree",
      "node": {
        "label": "assignee",
        "type": "LocalVariable"
      },
      "location-before-char-start": 5728,
      "location-before-char-end": 5760,
      "location-after-char-start": 5772,
      "location-after-char-end": 5804,
      "node-str": "assignee"
    },
    {
      "type": "move-subtree",
      "node": {
        "label": "assigner",
        "type": "LocalVariable"
      },
      "location-before-char-start": 5770,
      "location-before-char-end": 5802,
      "location-after-char-start": 5814,
      "location-after-char-end": 5846,
      "node-str": "assigner"
    },
    {
      "type": "insert-node",
      "node": {
        "label": "activitySet",
        "type": "LocalVariable"
      },
      "location-after-char-start": 5856,
      "location-after-char-end": 5899,
      "node-str": "activitySet"
    },
    {
      "type": "insert-node",
      "node": {
        "label": "assignUser",
        "type": "Invocation"
      },
      "location-after-char-start": 5909,
      "location-after-char-end": 6029,
      "node-str": "assignUser"
    },
    {
      "type": "insert-node",
      "node": {
        "label": "void",
        "type": "RETURN_TYPE"
      },
      "location-after-char-start": 0,
      "location-after-char-end": 0,
      "node-str": "void"
    },
    {
      "type": "insert-node",
      "node": {
        "label": "java.lang.Exception",
        "type": "THROWS"
      },
      "location-after-char-start": 0,
      "location-after-char-end": 0,
      "node-str": "java.lang.Exception"
    },
    {
      "type": "insert-node",
      "node": {
        "label": "println",
        "type": "Invocation"
      },
      "location-after-char-start": 6126,
      "location-after-char-end": 6170,
      "node-str": "println"
    },
    {
      "type": "insert-node",
      "node": {
        "label": "assertEquals",
        "type": "Invocation"
      },
      "location-after-char-start": 6180,
      "location-after-char-end": 6236,
      "node-str": "assertEquals"
    },
    {
      "type": "insert-node",
      "node": {
        "label": "pair",
        "type": "LocalVariable"
      },
      "location-after-char-start": 6246,
      "location-after-char-end": 6303,
      "node-str": "pair"
    },
    {
      "type": "insert-node",
      "node": {
        "label": "assertEquals",
        "type": "Invocation"
      },
      "location-after-char-start": 6313,
      "location-after-char-end": 6363,
      "node-str": "assertEquals"
    },
    {
      "type": "insert-node",
      "node": {
        "label": "void",
        "type": "RETURN_TYPE"
      },
      "location-after-char-start": 0,
      "location-after-char-end": 0,
      "node-str": "void"
    },
    {
      "type": "insert-node",
      "node": {
        "label": "java.lang.Exception",
        "type": "THROWS"
      },
      "location-after-char-start": 0,
      "location-after-char-end": 0,
      "node-str": "java.lang.Exception"
    },
    {
      "type": "insert-node",
      "node": {
        "label": "println",
        "type": "Invocation"
      },
      "location-after-char-start": 6451,
      "location-after-char-end": 6504,
      "node-str": "println"
    },
    {
      "type": "insert-node",
      "node": {
        "label": "assignAttr",
        "type": "LocalVariable"
      },
      "location-after-char-start": 6514,
      "location-after-char-end": 6557,
      "node-str": "assignAttr"
    },
    {
      "type": "insert-node",
      "node": {
        "label": "ccAttr",
        "type": "LocalVariable"
      },
      "location-after-char-start": 6567,
      "location-after-char-end": 6602,
      "node-str": "ccAttr"
    },
    {
      "type": "insert-node",
      "node": {
        "label": "assignee",
        "type": "LocalVariable"
      },
      "location-after-char-start": 6612,
      "location-after-char-end": 6644,
      "node-str": "assignee"
    },
    {
      "type": "insert-node",
      "node": {
        "label": "assigner",
        "type": "LocalVariable"
      },
      "location-after-char-start": 6654,
      "location-after-char-end": 6686,
      "node-str": "assigner"
    },
    {
      "type": "insert-node",
      "node": {
        "label": "activitySet",
        "type": "LocalVariable"
      },
      "location-after-char-start": 6696,
      "location-after-char-end": 6739,
      "node-str": "activitySet"
    },
    {
      "type": "insert-node",
      "node": {
        "label": "attVal",
        "type": "LocalVariable"
      },
      "location-after-char-start": 6749,
      "location-after-char-end": 6814,
      "node-str": "attVal"
    },
    {
      "type": "insert-node",
      "node": {
        "label": "changeUserAttributeValue",
        "type": "Invocation"
      },
      "location-after-char-start": 6824,
      "location-after-char-end": 6962,
      "node-str": "changeUserAttributeValue"
    },
    {
      "type": "insert-node",
      "node": {
        "label": "pair",
        "type": "LocalVariable"
      },
      "location-after-char-start": 6972,
      "location-after-char-end": 7029,
      "node-str": "pair"
    },
    {
      "type": "insert-node",
      "node": {
        "label": "assertEquals",
        "type": "Invocation"
      },
      "location-after-char-start": 7039,
      "location-after-char-end": 7084,
      "node-str": "assertEquals"
    },
    {
      "type": "insert-node",
      "node": {
        "label": "void",
        "type": "RETURN_TYPE"
      },
      "location-after-char-start": 0,
      "location-after-char-end": 0,
      "node-str": "void"
    },
    {
      "type": "insert-node",
      "node": {
        "label": "java.lang.Exception",
        "type": "THROWS"
      },
      "location-after-char-start": 0,
      "location-after-char-end": 0,
      "node-str": "java.lang.Exception"
    },
    {
      "type": "insert-node",
      "node": {
        "label": "println",
        "type": "Invocation"
      },
      "location-after-char-start": 7173,
      "location-after-char-end": 7212,
      "node-str": "println"
    },
    {
      "type": "insert-node",
      "node": {
        "label": "assignAttr",
        "type": "LocalVariable"
      },
      "location-after-char-start": 7222,
      "location-after-char-end": 7265,
      "node-str": "assignAttr"
    },
    {
      "type": "insert-node",
      "node": {
        "label": "assignee",
        "type": "LocalVariable"
      },
      "location-after-char-start": 7275,
      "location-after-char-end": 7307,
      "node-str": "assignee"
    },
    {
      "type": "insert-node",
      "node": {
        "label": "assigner",
        "type": "LocalVariable"
      },
      "location-after-char-start": 7317,
      "location-after-char-end": 7349,
      "node-str": "assigner"
    },
    {
      "type": "insert-node",
      "node": {
        "label": "activitySet",
        "type": "LocalVariable"
      },
      "location-after-char-start": 7359,
      "location-after-char-end": 7402,
      "node-str": "activitySet"
    },
    {
      "type": "insert-node",
      "node": {
        "label": "attVal",
        "type": "LocalVariable"
      },
      "location-after-char-start": 7412,
      "location-after-char-end": 7477,
      "node-str": "attVal"
    },
    {
      "type": "insert-node",
      "node": {
        "label": "deleteUser",
        "type": "Invocation"
      },
      "location-after-char-start": 7487,
      "location-after-char-end": 7603,
      "node-str": "deleteUser"
    },
    {
      "type": "insert-node",
      "node": {
        "label": "assertEquals",
        "type": "Invocation"
      },
      "location-after-char-start": 7613,
      "location-after-char-end": 7669,
      "node-str": "assertEquals"
    },
    {
      "type": "insert-node",
      "node": {
        "label": "org.tigris.scarab.om.IssueTest",
        "type": "TypeAccess"
      },
      "location-after-char-start": 0,
      "location-after-char-end": 0,
      "node-str": "org.tigris.scarab.om.IssueTest"
    },
    {
      "type": "insert-node",
      "node": {
        "label": "org.tigris.scarab.om.IssueTest",
        "type": "TypeAccess"
      },
      "location-after-char-start": 0,
      "location-after-char-end": 0,
      "node-str": "org.tigris.scarab.om.IssueTest"
    },
    {
      "type": "insert-node",
      "node": {
        "label": "org.tigris.scarab.om.IssueTest",
        "type": "TypeAccess"
      },
      "location-after-char-start": 0,
      "location-after-char-end": 0,
      "node-str": "org.tigris.scarab.om.IssueTest"
    },
    {
      "type": "insert-node",
      "node": {
        "label": "org.tigris.scarab.om.IssueTest",
        "type": "TypeAccess"
      },
      "location-after-char-start": 0,
      "location-after-char-end": 0,
      "node-str": "org.tigris.scarab.om.IssueTest"
    },
    {
      "type": "insert-node",
      "node": {
        "label": "org.tigris.scarab.om.IssueTest",
        "type": "TypeAccess"
      },
      "location-after-char-start": 0,
      "location-after-char-end": 0,
      "node-str": "org.tigris.scarab.om.IssueTest"
    },
    {
      "type": "insert-node",
      "node": {
        "label": "org.tigris.scarab.om.IssueTest",
        "type": "TypeAccess"
      },
      "location-after-char-start": 0,
      "location-after-char-end": 0,
      "node-str": "org.tigris.scarab.om.IssueTest"
    },
    {
      "type": "insert-node",
      "node": {
        "label": "org.tigris.scarab.om.Issue",
        "type": "VARIABLE_TYPE"
      },
      "location-after-char-start": 0,
      "location-after-char-end": 0,
      "node-str": "org.tigris.scarab.om.Issue"
    },
    {
      "type": "insert-node",
      "node": {
        "label": "int",
        "type": "VARIABLE_TYPE"
      },
      "location-after-char-start": 0,
      "location-after-char-end": 0,
      "node-str": "int"
    },
    {
      "type": "insert-node",
      "node": {
        "label": "12",
        "type": "Literal"
      },
      "location-after-char-start": 4977,
      "location-after-char-end": 4978,
      "node-str": "12"
    },
    {
      "type": "move-subtree",
      "node": {
        "label": "parseInt",
        "type": "Invocation"
      },
      "location-before-char-start": 4998,
      "location-before-char-end": 5043,
      "location-after-char-start": 4997,
      "location-after-char-end": 5042,
      "node-str": "parseInt"
    },
    {
      "type": "insert-node",
      "node": {
        "label": "",
        "type": "Case"
      },
      "location-after-char-start": 5067,
      "location-after-char-end": 5098,
      "node-str": ""
    },
    {
      "type": "insert-node",
      "node": {
        "label": "",
        "type": "Case"
      },
      "location-after-char-start": 5112,
      "location-after-char-end": 5143,
      "node-str": ""
    },
    {
      "type": "insert-node",
      "node": {
        "label": "",
        "type": "Case"
      },
      "location-after-char-start": 5157,
      "location-after-char-end": 5188,
      "node-str": ""
    },
    {
      "type": "insert-node",
      "node": {
        "label": "",
        "type": "Case"
      },
      "location-after-char-start": 5202,
      "location-after-char-end": 5233,
      "node-str": ""
    },
    {
      "type": "insert-node",
      "node": {
        "label": "",
        "type": "Case"
      },
      "location-after-char-start": 5247,
      "location-after-char-end": 5277,
      "node-str": ""
    },
    {
      "type": "insert-node",
      "node": {
        "label": "",
        "type": "Case"
      },
      "location-after-char-start": 5291,
      "location-after-char-end": 5321,
      "node-str": ""
    },
    {
      "type": "insert-node",
      "node": {
        "label": "",
        "type": "Case"
      },
      "location-after-char-start": 5335,
      "location-after-char-end": 5365,
      "node-str": ""
    },
    {
      "type": "insert-node",
      "node": {
        "label": "",
        "type": "Case"
      },
      "location-after-char-start": 5379,
      "location-after-char-end": 5409,
      "node-str": ""
    },
    {
      "type": "insert-node",
      "node": {
        "label": "",
        "type": "Case"
      },
      "location-after-char-start": 5423,
      "location-after-char-end": 5453,
      "node-str": ""
    },
    {
      "type": "insert-node",
      "node": {
        "label": "",
        "type": "Case"
      },
      "location-after-char-start": 5467,
      "location-after-char-end": 5492,
      "node-str": ""
    },
    {
      "type": "insert-node",
      "node": {
        "label": "org.tigris.scarab.om.Attribute",
        "type": "VARIABLE_TYPE"
      },
      "location-after-char-start": 0,
      "location-after-char-end": 0,
      "node-str": "org.tigris.scarab.om.Attribute"
    },
    {
      "type": "insert-node",
      "node": {
        "label": "getAssignAttribute",
        "type": "Invocation"
      },
      "location-after-char-start": 5697,
      "location-after-char-end": 5716,
      "node-str": "getAssignAttribute"
    },
    {
      "type": "insert-node",
      "node": {
        "label": "org.tigris.scarab.om.Attribute",
        "type": "VARIABLE_TYPE"
      },
      "location-after-char-start": 0,
      "location-after-char-end": 0,
      "node-str": "org.tigris.scarab.om.Attribute"
    },
    {
      "type": "insert-node",
      "node": {
        "label": "getCcAttribute",
        "type": "Invocation"
      },
      "location-after-char-start": 5746,
      "location-after-char-end": 5761,
      "node-str": "getCcAttribute"
    },
    {
      "type": "insert-node",
      "node": {
        "label": "org.tigris.scarab.om.ActivitySet",
        "type": "VARIABLE_TYPE"
      },
      "location-after-char-start": 0,
      "location-after-char-end": 0,
      "node-str": "org.tigris.scarab.om.ActivitySet"
    },
    {
      "type": "insert-node",
      "node": {
        "label": "org.tigris.scarab.om.ActivitySet()",
        "type": "ConstructorCall"
      },
      "location-after-char-start": 5882,
      "location-after-char-end": 5898,
      "node-str": "org.tigris.scarab.om.ActivitySet()"
    },
    {
      "type": "insert-node",
      "node": {
        "label": "getIssue0",
        "type": "Invocation"
      },
      "location-after-char-start": 5909,
      "location-after-char-end": 5919,
      "node-str": "getIssue0"
    },
    {
      "type": "insert-node",
      "node": {
        "label": "activitySet",
        "type": "VariableRead"
      },
      "location-after-char-start": 5932,
      "location-after-char-end": 5942,
      "node-str": "activitySet"
    },
    {
      "type": "insert-node",
      "node": {
        "label": "getUser1",
        "type": "Invocation"
      },
      "location-after-char-start": 5945,
      "location-after-char-end": 5954,
      "node-str": "getUser1"
    },
    {
      "type": "insert-node",
      "node": {
        "label": "getUser2",
        "type": "Invocation"
      },
      "location-after-char-start": 5957,
      "location-after-char-end": 5966,
      "node-str": "getUser2"
    },
    {
      "type": "insert-node",
      "node": {
        "label": "assignAttr",
        "type": "VariableRead"
      },
      "location-after-char-start": 6001,
      "location-after-char-end": 6010,
      "node-str": "assignAttr"
    },
    {
      "type": "insert-node",
      "node": {
        "label": "\"assign reason\"",
        "type": "Literal"
      },
      "location-after-char-start": 6013,
      "location-after-char-end": 6027,
      "node-str": "\"assign reason\""
    },
    {
      "type": "insert-node",
      "node": {
        "label": "out",
        "type": "FieldRead"
      },
      "location-after-char-start": 6126,
      "location-after-char-end": 6135,
      "node-str": "out"
    },
    {
      "type": "insert-node",
      "node": {
        "label": "\"testAssociatedUsers()\"",
        "type": "Literal"
      },
      "location-after-char-start": 6146,
      "location-after-char-end": 6168,
      "node-str": "\"testAssociatedUsers()\""
    },
    {
      "type": "insert-node",
      "node": {
        "label": "org.tigris.scarab.om.IssueTest",
        "type": "TypeAccess"
      },
      "location-after-char-start": 0,
      "location-after-char-end": 0,
      "node-str": "org.tigris.scarab.om.IssueTest"
    },
    {
      "type": "insert-node",
      "node": {
        "label": "size",
        "type": "Invocation"
      },
      "location-after-char-start": 6193,
      "location-after-char-end": 6231,
      "node-str": "size"
    },
    {
      "type": "insert-node",
      "node": {
        "label": "1",
        "type": "Literal"
      },
      "location-after-char-start": 6234,
      "location-after-char-end": 6234,
      "node-str": "1"
    },
    {
      "type": "insert-node",
      "node": {
        "label": "java.util.List",
        "type": "VARIABLE_TYPE"
      },
      "location-after-char-start": 0,
      "location-after-char-end": 0,
      "node-str": "java.util.List"
    },
    {
      "type": "insert-node",
      "node": {
        "label": "get",
        "type": "Invocation"
      },
      "location-after-char-start": 6258,
      "location-after-char-end": 6302,
      "node-str": "get"
    },
    {
      "type": "insert-node",
      "node": {
        "label": "org.tigris.scarab.om.IssueTest",
        "type": "TypeAccess"
      },
      "location-after-char-start": 0,
      "location-after-char-end": 0,
      "node-str": "org.tigris.scarab.om.IssueTest"
    },
    {
      "type": "insert-node",
      "node": {
        "label": "get",
        "type": "Invocation"
      },
      "location-after-char-start": 6326,
      "location-after-char-end": 6350,
      "node-str": "get"
    },
    {
      "type": "insert-node",
      "node": {
        "label": "getUser2",
        "type": "Invocation"
      },
      "location-after-char-start": 6352,
      "location-after-char-end": 6361,
      "node-str": "getUser2"
    },
    {
      "type": "insert-node",
      "node": {
        "label": "out",
        "type": "FieldRead"
      },
      "location-after-char-start": 6451,
      "location-after-char-end": 6460,
      "node-str": "out"
    },
    {
      "type": "insert-node",
      "node": {
        "label": "\"testChangeUserAttributeValue()\"",
        "type": "Literal"
      },
      "location-after-char-start": 6471,
      "location-after-char-end": 6502,
      "node-str": "\"testChangeUserAttributeValue()\""
    },
    {
      "type": "insert-node",
      "node": {
        "label": "org.tigris.scarab.om.Attribute",
        "type": "VARIABLE_TYPE"
      },
      "location-after-char-start": 0,
      "location-after-char-end": 0,
      "node-str": "org.tigris.scarab.om.Attribute"
    },
    {
      "type": "insert-node",
      "node": {
        "label": "getAssignAttribute",
        "type": "Invocation"
      },
      "location-after-char-start": 6537,
      "location-after-char-end": 6556,
      "node-str": "getAssignAttribute"
    },
    {
      "type": "insert-node",
      "node": {
        "label": "org.tigris.scarab.om.Attribute",
        "type": "VARIABLE_TYPE"
      },
      "location-after-char-start": 0,
      "location-after-char-end": 0,
      "node-str": "org.tigris.scarab.om.Attribute"
    },
    {
      "type": "insert-node",
      "node": {
        "label": "getCcAttribute",
        "type": "Invocation"
      },
      "location-after-char-start": 6586,
      "location-after-char-end": 6601,
      "node-str": "getCcAttribute"
    },
    {
      "type": "insert-node",
      "node": {
        "label": "org.tigris.scarab.om.ScarabUser",
        "type": "VARIABLE_TYPE"
      },
      "location-after-char-start": 0,
      "location-after-char-end": 0,
      "node-str": "org.tigris.scarab.om.ScarabUser"
    },
    {
      "type": "insert-node",
      "node": {
        "label": "getUser2",
        "type": "Invocation"
      },
      "location-after-char-start": 6634,
      "location-after-char-end": 6643,
      "node-str": "getUser2"
    },
    {
      "type": "insert-node",
      "node": {
        "label": "org.tigris.scarab.om.ScarabUser",
        "type": "VARIABLE_TYPE"
      },
      "location-after-char-start": 0,
      "location-after-char-end": 0,
      "node-str": "org.tigris.scarab.om.ScarabUser"
    },
    {
      "type": "insert-node",
      "node": {
        "label": "getUser1",
        "type": "Invocation"
      },
      "location-after-char-start": 6676,
      "location-after-char-end": 6685,
      "node-str": "getUser1"
    },
    {
      "type": "insert-node",
      "node": {
        "label": "org.tigris.scarab.om.ActivitySet",
        "type": "VARIABLE_TYPE"
      },
      "location-after-char-start": 0,
      "location-after-char-end": 0,
      "node-str": "org.tigris.scarab.om.ActivitySet"
    },
    {
      "type": "insert-node",
      "node": {
        "label": "org.tigris.scarab.om.ActivitySet()",
        "type": "ConstructorCall"
      },
      "location-after-char-start": 6722,
      "location-after-char-end": 6738,
      "node-str": "org.tigris.scarab.om.ActivitySet()"
    },
    {
      "type": "insert-node",
      "node": {
        "label": "org.tigris.scarab.om.AttributeValue",
        "type": "VARIABLE_TYPE"
      },
      "location-after-char-start": 0,
      "location-after-char-end": 0,
      "node-str": "org.tigris.scarab.om.AttributeValue"
    },
    {
      "type": "insert-node",
      "node": {
        "label": "getAttributeValue",
        "type": "Invocation"
      },
      "location-after-char-start": 6773,
      "location-after-char-end": 6813,
      "node-str": "getAttributeValue"
    },
    {
      "type": "insert-node",
      "node": {
        "label": "getIssue0",
        "type": "Invocation"
      },
      "location-after-char-start": 6824,
      "location-after-char-end": 6834,
      "node-str": "getIssue0"
    },
    {
      "type": "insert-node",
      "node": {
        "label": "activitySet",
        "type": "VariableRead"
      },
      "location-after-char-start": 6861,
      "location-after-char-end": 6871,
      "node-str": "activitySet"
    },
    {
      "type": "insert-node",
      "node": {
        "label": "getUser1",
        "type": "Invocation"
      },
      "location-after-char-start": 6874,
      "location-after-char-end": 6883,
      "node-str": "getUser1"
    },
    {
      "type": "insert-node",
      "node": {
        "label": "getUser2",
        "type": "Invocation"
      },
      "location-after-char-start": 6886,
      "location-after-char-end": 6895,
      "node-str": "getUser2"
    },
    {
      "type": "insert-node",
      "node": {
        "label": "attVal",
        "type": "VariableRead"
      },
      "location-after-char-start": 6930,
      "location-after-char-end": 6935,
      "node-str": "attVal"
    },
    {
      "type": "insert-node",
      "node": {
        "label": "ccAttr",
        "type": "VariableRead"
      },
      "location-after-char-start": 6938,
      "location-after-char-end": 6943,
      "node-str": "ccAttr"
    },
    {
      "type": "insert-node",
      "node": {
        "label": "\"change reason\"",
        "type": "Literal"
      },
      "location-after-char-start": 6946,
      "location-after-char-end": 6960,
      "node-str": "\"change reason\""
    },
    {
      "type": "insert-node",
      "node": {
        "label": "java.util.List",
        "type": "VARIABLE_TYPE"
      },
      "location-after-char-start": 0,
      "location-after-char-end": 0,
      "node-str": "java.util.List"
    },
    {
      "type": "insert-node",
      "node": {
        "label": "get",
        "type": "Invocation"
      },
      "location-after-char-start": 6984,
      "location-after-char-end": 7028,
      "node-str": "get"
    },
    {
      "type": "insert-node",
      "node": {
        "label": "org.tigris.scarab.om.IssueTest",
        "type": "TypeAccess"
      },
      "location-after-char-start": 0,
      "location-after-char-end": 0,
      "node-str": "org.tigris.scarab.om.IssueTest"
    },
    {
      "type": "insert-node",
      "node": {
        "label": "get",
        "type": "Invocation"
      },
      "location-after-char-start": 7052,
      "location-after-char-end": 7075,
      "node-str": "get"
    },
    {
      "type": "insert-node",
      "node": {
        "label": "ccAttr",
        "type": "VariableRead"
      },
      "location-after-char-start": 7077,
      "location-after-char-end": 7082,
      "node-str": "ccAttr"
    },
    {
      "type": "insert-node",
      "node": {
        "label": "out",
        "type": "FieldRead"
      },
      "location-after-char-start": 7173,
      "location-after-char-end": 7182,
      "node-str": "out"
    },
    {
      "type": "insert-node",
      "node": {
        "label": "\"testDeleteUser()\"",
        "type": "Literal"
      },
      "location-after-char-start": 7193,
      "location-after-char-end": 7210,
      "node-str": "\"testDeleteUser()\""
    },
    {
      "type": "insert-node",
      "node": {
        "label": "org.tigris.scarab.om.Attribute",
        "type": "VARIABLE_TYPE"
      },
      "location-after-char-start": 0,
      "location-after-char-end": 0,
      "node-str": "org.tigris.scarab.om.Attribute"
    },
    {
      "type": "insert-node",
      "node": {
        "label": "getAssignAttribute",
        "type": "Invocation"
      },
      "location-after-char-start": 7245,
      "location-after-char-end": 7264,
      "node-str": "getAssignAttribute"
    },
    {
      "type": "insert-node",
      "node": {
        "label": "org.tigris.scarab.om.ScarabUser",
        "type": "VARIABLE_TYPE"
      },
      "location-after-char-start": 0,
      "location-after-char-end": 0,
      "node-str": "org.tigris.scarab.om.ScarabUser"
    },
    {
      "type": "insert-node",
      "node": {
        "label": "getUser2",
        "type": "Invocation"
      },
      "location-after-char-start": 7297,
      "location-after-char-end": 7306,
      "node-str": "getUser2"
    },
    {
      "type": "insert-node",
      "node": {
        "label": "org.tigris.scarab.om.ScarabUser",
        "type": "VARIABLE_TYPE"
      },
      "location-after-char-start": 0,
      "location-after-char-end": 0,
      "node-str": "org.tigris.scarab.om.ScarabUser"
    },
    {
      "type": "insert-node",
      "node": {
        "label": "getUser1",
        "type": "Invocation"
      },
      "location-after-char-start": 7339,
      "location-after-char-end": 7348,
      "node-str": "getUser1"
    },
    {
      "type": "insert-node",
      "node": {
        "label": "org.tigris.scarab.om.ActivitySet",
        "type": "VARIABLE_TYPE"
      },
      "location-after-char-start": 0,
      "location-after-char-end": 0,
      "node-str": "org.tigris.scarab.om.ActivitySet"
    },
    {
      "type": "insert-node",
      "node": {
        "label": "org.tigris.scarab.om.ActivitySet()",
        "type": "ConstructorCall"
      },
      "location-after-char-start": 7385,
      "location-after-char-end": 7401,
      "node-str": "org.tigris.scarab.om.ActivitySet()"
    },
    {
      "type": "insert-node",
      "node": {
        "label": "org.tigris.scarab.om.AttributeValue",
        "type": "VARIABLE_TYPE"
      },
      "location-after-char-start": 0,
      "location-after-char-end": 0,
      "node-str": "org.tigris.scarab.om.AttributeValue"
    },
    {
      "type": "insert-node",
      "node": {
        "label": "getAttributeValue",
        "type": "Invocation"
      },
      "location-after-char-start": 7436,
      "location-after-char-end": 7476,
      "node-str": "getAttributeValue"
    },
    {
      "type": "insert-node",
      "node": {
        "label": "getIssue0",
        "type": "Invocation"
      },
      "location-after-char-start": 7487,
      "location-after-char-end": 7497,
      "node-str": "getIssue0"
    },
    {
      "type": "insert-node",
      "node": {
        "label": "activitySet",
        "type": "VariableRead"
      },
      "location-after-char-start": 7510,
      "location-after-char-end": 7520,
      "node-str": "activitySet"
    },
    {
      "type": "insert-node",
      "node": {
        "label": "getUser1",
        "type": "Invocation"
      },
      "location-after-char-start": 7523,
      "location-after-char-end": 7532,
      "node-str": "getUser1"
    },
    {
      "type": "insert-node",
      "node": {
        "label": "getUser2",
        "type": "Invocation"
      },
      "location-after-char-start": 7535,
      "location-after-char-end": 7544,
      "node-str": "getUser2"
    },
    {
      "type": "insert-node",
      "node": {
        "label": "attVal",
        "type": "VariableRead"
      },
      "location-after-char-start": 7579,
      "location-after-char-end": 7584,
      "node-str": "attVal"
    },
    {
      "type": "insert-node",
      "node": {
        "label": "\"delete reason\"",
        "type": "Literal"
      },
      "location-after-char-start": 7587,
      "location-after-char-end": 7601,
      "node-str": "\"delete reason\""
    },
    {
      "type": "insert-node",
      "node": {
        "label": "org.tigris.scarab.om.IssueTest",
        "type": "TypeAccess"
      },
      "location-after-char-start": 0,
      "location-after-char-end": 0,
      "node-str": "org.tigris.scarab.om.IssueTest"
    },
    {
      "type": "insert-node",
      "node": {
        "label": "size",
        "type": "Invocation"
      },
      "location-after-char-start": 7626,
      "location-after-char-end": 7664,
      "node-str": "size"
    },
    {
      "type": "insert-node",
      "node": {
        "label": "0",
        "type": "Literal"
      },
      "location-after-char-start": 7667,
      "location-after-char-end": 7667,
      "node-str": "0"
    },
    {
      "type": "insert-node",
      "node": {
        "label": "1",
        "type": "Literal"
      },
      "location-after-char-start": 5072,
      "location-after-char-end": 5072,
      "node-str": "1"
    },
    {
      "type": "insert-node",
      "node": {
        "label": "\u003d",
        "type": "Assignment"
      },
      "location-after-char-start": 5075,
      "location-after-char-end": 5092,
      "node-str": "\u003d"
    },
    {
      "type": "insert-node",
      "node": {
        "label": "break",
        "type": "Break"
      },
      "location-after-char-start": 5093,
      "location-after-char-end": 5098,
      "node-str": "break"
    },
    {
      "type": "insert-node",
      "node": {
        "label": "2",
        "type": "Literal"
      },
      "location-after-char-start": 5117,
      "location-after-char-end": 5117,
      "node-str": "2"
    },
    {
      "type": "insert-node",
      "node": {
        "label": "\u003d",
        "type": "Assignment"
      },
      "location-after-char-start": 5120,
      "location-after-char-end": 5137,
      "node-str": "\u003d"
    },
    {
      "type": "insert-node",
      "node": {
        "label": "break",
        "type": "Break"
      },
      "location-after-char-start": 5138,
      "location-after-char-end": 5143,
      "node-str": "break"
    },
    {
      "type": "insert-node",
      "node": {
        "label": "3",
        "type": "Literal"
      },
      "location-after-char-start": 5162,
      "location-after-char-end": 5162,
      "node-str": "3"
    },
    {
      "type": "insert-node",
      "node": {
        "label": "\u003d",
        "type": "Assignment"
      },
      "location-after-char-start": 5165,
      "location-after-char-end": 5182,
      "node-str": "\u003d"
    },
    {
      "type": "insert-node",
      "node": {
        "label": "break",
        "type": "Break"
      },
      "location-after-char-start": 5183,
      "location-after-char-end": 5188,
      "node-str": "break"
    },
    {
      "type": "insert-node",
      "node": {
        "label": "4",
        "type": "Literal"
      },
      "location-after-char-start": 5207,
      "location-after-char-end": 5207,
      "node-str": "4"
    },
    {
      "type": "insert-node",
      "node": {
        "label": "\u003d",
        "type": "Assignment"
      },
      "location-after-char-start": 5210,
      "location-after-char-end": 5227,
      "node-str": "\u003d"
    },
    {
      "type": "insert-node",
      "node": {
        "label": "break",
        "type": "Break"
      },
      "location-after-char-start": 5228,
      "location-after-char-end": 5233,
      "node-str": "break"
    },
    {
      "type": "insert-node",
      "node": {
        "label": "5",
        "type": "Literal"
      },
      "location-after-char-start": 5252,
      "location-after-char-end": 5252,
      "node-str": "5"
    },
    {
      "type": "insert-node",
      "node": {
        "label": "\u003d",
        "type": "Assignment"
      },
      "location-after-char-start": 5255,
      "location-after-char-end": 5271,
      "node-str": "\u003d"
    },
    {
      "type": "insert-node",
      "node": {
        "label": "break",
        "type": "Break"
      },
      "location-after-char-start": 5272,
      "location-after-char-end": 5277,
      "node-str": "break"
    },
    {
      "type": "insert-node",
      "node": {
        "label": "6",
        "type": "Literal"
      },
      "location-after-char-start": 5296,
      "location-after-char-end": 5296,
      "node-str": "6"
    },
    {
      "type": "insert-node",
      "node": {
        "label": "\u003d",
        "type": "Assignment"
      },
      "location-after-char-start": 5299,
      "location-after-char-end": 5315,
      "node-str": "\u003d"
    },
    {
      "type": "insert-node",
      "node": {
        "label": "break",
        "type": "Break"
      },
      "location-after-char-start": 5316,
      "location-after-char-end": 5321,
      "node-str": "break"
    },
    {
      "type": "insert-node",
      "node": {
        "label": "7",
        "type": "Literal"
      },
      "location-after-char-start": 5340,
      "location-after-char-end": 5340,
      "node-str": "7"
    },
    {
      "type": "insert-node",
      "node": {
        "label": "\u003d",
        "type": "Assignment"
      },
      "location-after-char-start": 5343,
      "location-after-char-end": 5359,
      "node-str": "\u003d"
    },
    {
      "type": "insert-node",
      "node": {
        "label": "break",
        "type": "Break"
      },
      "location-after-char-start": 5360,
      "location-after-char-end": 5365,
      "node-str": "break"
    },
    {
      "type": "insert-node",
      "node": {
        "label": "8",
        "type": "Literal"
      },
      "location-after-char-start": 5384,
      "location-after-char-end": 5384,
      "node-str": "8"
    },
    {
      "type": "insert-node",
      "node": {
        "label": "\u003d",
        "type": "Assignment"
      },
      "location-after-char-start": 5387,
      "location-after-char-end": 5403,
      "node-str": "\u003d"
    },
    {
      "type": "insert-node",
      "node": {
        "label": "break",
        "type": "Break"
      },
      "location-after-char-start": 5404,
      "location-after-char-end": 5409,
      "node-str": "break"
    },
    {
      "type": "insert-node",
      "node": {
        "label": "9",
        "type": "Literal"
      },
      "location-after-char-start": 5428,
      "location-after-char-end": 5428,
      "node-str": "9"
    },
    {
      "type": "insert-node",
      "node": {
        "label": "\u003d",
        "type": "Assignment"
      },
      "location-after-char-start": 5431,
      "location-after-char-end": 5447,
      "node-str": "\u003d"
    },
    {
      "type": "insert-node",
      "node": {
        "label": "break",
        "type": "Break"
      },
      "location-after-char-start": 5448,
      "location-after-char-end": 5453,
      "node-str": "break"
    },
    {
      "type": "insert-node",
      "node": {
        "label": "10",
        "type": "Literal"
      },
      "location-after-char-start": 5472,
      "location-after-char-end": 5473,
      "node-str": "10"
    },
    {
      "type": "insert-node",
      "node": {
        "label": "\u003d",
        "type": "Assignment"
      },
      "location-after-char-start": 5476,
      "location-after-char-end": 5492,
      "node-str": "\u003d"
    },
    {
      "type": "insert-node",
      "node": {
        "label": "org.tigris.scarab.om.IssueTest",
        "type": "TypeAccess"
      },
      "location-after-char-start": 0,
      "location-after-char-end": 0,
      "node-str": "org.tigris.scarab.om.IssueTest"
    },
    {
      "type": "insert-node",
      "node": {
        "label": "org.tigris.scarab.om.IssueTest",
        "type": "TypeAccess"
      },
      "location-after-char-start": 0,
      "location-after-char-end": 0,
      "node-str": "org.tigris.scarab.om.IssueTest"
    },
    {
      "type": "insert-node",
      "node": {
        "label": "org.tigris.scarab.om.IssueTest",
        "type": "TypeAccess"
      },
      "location-after-char-start": 0,
      "location-after-char-end": 0,
      "node-str": "org.tigris.scarab.om.IssueTest"
    },
    {
      "type": "insert-node",
      "node": {
        "label": "org.tigris.scarab.om.IssueTest",
        "type": "TypeAccess"
      },
      "location-after-char-start": 0,
      "location-after-char-end": 0,
      "node-str": "org.tigris.scarab.om.IssueTest"
    },
    {
      "type": "insert-node",
      "node": {
        "label": "org.tigris.scarab.om.IssueTest",
        "type": "TypeAccess"
      },
      "location-after-char-start": 0,
      "location-after-char-end": 0,
      "node-str": "org.tigris.scarab.om.IssueTest"
    },
    {
      "type": "insert-node",
      "node": {
        "label": "java.lang.System",
        "type": "TypeAccess"
      },
      "location-after-char-start": 6126,
      "location-after-char-end": 6131,
      "node-str": "java.lang.System"
    },
    {
      "type": "insert-node",
      "node": {
        "label": "getAssociatedUsers",
        "type": "Invocation"
      },
      "location-after-char-start": 6193,
      "location-after-char-end": 6224,
      "node-str": "getAssociatedUsers"
    },
    {
      "type": "insert-node",
      "node": {
        "label": "getAssociatedUsers",
        "type": "Invocation"
      },
      "location-after-char-start": 6264,
      "location-after-char-end": 6295,
      "node-str": "getAssociatedUsers"
    },
    {
      "type": "insert-node",
      "node": {
        "label": "0",
        "type": "Literal"
      },
      "location-after-char-start": 6301,
      "location-after-char-end": 6301,
      "node-str": "0"
    },
    {
      "type": "insert-node",
      "node": {
        "label": "pair",
        "type": "VariableRead"
      },
      "location-after-char-start": 6339,
      "location-after-char-end": 6342,
      "node-str": "pair"
    },
    {
      "type": "insert-node",
      "node": {
        "label": "1",
        "type": "Literal"
      },
      "location-after-char-start": 6348,
      "location-after-char-end": 6348,
      "node-str": "1"
    },
    {
      "type": "insert-node",
      "node": {
        "label": "org.tigris.scarab.om.IssueTest",
        "type": "TypeAccess"
      },
      "location-after-char-start": 0,
      "location-after-char-end": 0,
      "node-str": "org.tigris.scarab.om.IssueTest"
    },
    {
      "type": "insert-node",
      "node": {
        "label": "java.lang.System",
        "type": "TypeAccess"
      },
      "location-after-char-start": 6451,
      "location-after-char-end": 6456,
      "node-str": "java.lang.System"
    },
    {
      "type": "insert-node",
      "node": {
        "label": "org.tigris.scarab.om.IssueTest",
        "type": "TypeAccess"
      },
      "location-after-char-start": 0,
      "location-after-char-end": 0,
      "node-str": "org.tigris.scarab.om.IssueTest"
    },
    {
      "type": "insert-node",
      "node": {
        "label": "org.tigris.scarab.om.IssueTest",
        "type": "TypeAccess"
      },
      "location-after-char-start": 0,
      "location-after-char-end": 0,
      "node-str": "org.tigris.scarab.om.IssueTest"
    },
    {
      "type": "insert-node",
      "node": {
        "label": "org.tigris.scarab.om.IssueTest",
        "type": "TypeAccess"
      },
      "location-after-char-start": 0,
      "location-after-char-end": 0,
      "node-str": "org.tigris.scarab.om.IssueTest"
    },
    {
      "type": "insert-node",
      "node": {
        "label": "org.tigris.scarab.om.IssueTest",
        "type": "TypeAccess"
      },
      "location-after-char-start": 0,
      "location-after-char-end": 0,
      "node-str": "org.tigris.scarab.om.IssueTest"
    },
    {
      "type": "insert-node",
      "node": {
        "label": "getIssue0",
        "type": "Invocation"
      },
      "location-after-char-start": 6773,
      "location-after-char-end": 6783,
      "node-str": "getIssue0"
    },
    {
      "type": "insert-node",
      "node": {
        "label": "assignAttr",
        "type": "VariableRead"
      },
      "location-after-char-start": 6803,
      "location-after-char-end": 6812,
      "node-str": "assignAttr"
    },
    {
      "type": "insert-node",
      "node": {
        "label": "org.tigris.scarab.om.IssueTest",
        "type": "TypeAccess"
      },
      "location-after-char-start": 0,
      "location-after-char-end": 0,
      "node-str": "org.tigris.scarab.om.IssueTest"
    },
    {
      "type": "insert-node",
      "node": {
        "label": "org.tigris.scarab.om.IssueTest",
        "type": "TypeAccess"
      },
      "location-after-char-start": 0,
      "location-after-char-end": 0,
      "node-str": "org.tigris.scarab.om.IssueTest"
    },
    {
      "type": "insert-node",
      "node": {
        "label": "org.tigris.scarab.om.IssueTest",
        "type": "TypeAccess"
      },
      "location-after-char-start": 0,
      "location-after-char-end": 0,
      "node-str": "org.tigris.scarab.om.IssueTest"
    },
    {
      "type": "insert-node",
      "node": {
        "label": "getAssociatedUsers",
        "type": "Invocation"
      },
      "location-after-char-start": 6990,
      "location-after-char-end": 7021,
      "node-str": "getAssociatedUsers"
    },
    {
      "type": "insert-node",
      "node": {
        "label": "0",
        "type": "Literal"
      },
      "location-after-char-start": 7027,
      "location-after-char-end": 7027,
      "node-str": "0"
    },
    {
      "type": "insert-node",
      "node": {
        "label": "pair",
        "type": "VariableRead"
      },
      "location-after-char-start": 7064,
      "location-after-char-end": 7067,
      "node-str": "pair"
    },
    {
      "type": "insert-node",
      "node": {
        "label": "0",
        "type": "Literal"
      },
      "location-after-char-start": 7073,
      "location-after-char-end": 7073,
      "node-str": "0"
    },
    {
      "type": "insert-node",
      "node": {
        "label": "java.lang.System",
        "type": "TypeAccess"
      },
      "location-after-char-start": 7173,
      "location-after-char-end": 7178,
      "node-str": "java.lang.System"
    },
    {
      "type": "insert-node",
      "node": {
        "label": "org.tigris.scarab.om.IssueTest",
        "type": "TypeAccess"
      },
      "location-after-char-start": 0,
      "location-after-char-end": 0,
      "node-str": "org.tigris.scarab.om.IssueTest"
    },
    {
      "type": "insert-node",
      "node": {
        "label": "org.tigris.scarab.om.IssueTest",
        "type": "TypeAccess"
      },
      "location-after-char-start": 0,
      "location-after-char-end": 0,
      "node-str": "org.tigris.scarab.om.IssueTest"
    },
    {
      "type": "insert-node",
      "node": {
        "label": "org.tigris.scarab.om.IssueTest",
        "type": "TypeAccess"
      },
      "location-after-char-start": 0,
      "location-after-char-end": 0,
      "node-str": "org.tigris.scarab.om.IssueTest"
    },
    {
      "type": "insert-node",
      "node": {
        "label": "getIssue0",
        "type": "Invocation"
      },
      "location-after-char-start": 7436,
      "location-after-char-end": 7446,
      "node-str": "getIssue0"
    },
    {
      "type": "insert-node",
      "node": {
        "label": "assignAttr",
        "type": "VariableRead"
      },
      "location-after-char-start": 7466,
      "location-after-char-end": 7475,
      "node-str": "assignAttr"
    },
    {
      "type": "insert-node",
      "node": {
        "label": "org.tigris.scarab.om.IssueTest",
        "type": "TypeAccess"
      },
      "location-after-char-start": 0,
      "location-after-char-end": 0,
      "node-str": "org.tigris.scarab.om.IssueTest"
    },
    {
      "type": "insert-node",
      "node": {
        "label": "org.tigris.scarab.om.IssueTest",
        "type": "TypeAccess"
      },
      "location-after-char-start": 0,
      "location-after-char-end": 0,
      "node-str": "org.tigris.scarab.om.IssueTest"
    },
    {
      "type": "insert-node",
      "node": {
        "label": "org.tigris.scarab.om.IssueTest",
        "type": "TypeAccess"
      },
      "location-after-char-start": 0,
      "location-after-char-end": 0,
      "node-str": "org.tigris.scarab.om.IssueTest"
    },
    {
      "type": "insert-node",
      "node": {
        "label": "getAssociatedUsers",
        "type": "Invocation"
      },
      "location-after-char-start": 7626,
      "location-after-char-end": 7657,
      "node-str": "getAssociatedUsers"
    },
    {
      "type": "insert-node",
      "node": {
        "label": "expectedSize",
        "type": "VariableWrite"
      },
      "location-after-char-start": 5075,
      "location-after-char-end": 5086,
      "node-str": "expectedSize"
    },
    {
      "type": "insert-node",
      "node": {
        "label": "12",
        "type": "Literal"
      },
      "location-after-char-start": 5090,
      "location-after-char-end": 5091,
      "node-str": "12"
    },
    {
      "type": "insert-node",
      "node": {
        "label": "expectedSize",
        "type": "VariableWrite"
      },
      "location-after-char-start": 5120,
      "location-after-char-end": 5131,
      "node-str": "expectedSize"
    },
    {
      "type": "insert-node",
      "node": {
        "label": "12",
        "type": "Literal"
      },
      "location-after-char-start": 5135,
      "location-after-char-end": 5136,
      "node-str": "12"
    },
    {
      "type": "insert-node",
      "node": {
        "label": "expectedSize",
        "type": "VariableWrite"
      },
      "location-after-char-start": 5165,
      "location-after-char-end": 5176,
      "node-str": "expectedSize"
    },
    {
      "type": "insert-node",
      "node": {
        "label": "11",
        "type": "Literal"
      },
      "location-after-char-start": 5180,
      "location-after-char-end": 5181,
      "node-str": "11"
    },
    {
      "type": "insert-node",
      "node": {
        "label": "expectedSize",
        "type": "VariableWrite"
      },
      "location-after-char-start": 5210,
      "location-after-char-end": 5221,
      "node-str": "expectedSize"
    },
    {
      "type": "insert-node",
      "node": {
        "label": "11",
        "type": "Literal"
      },
      "location-after-char-start": 5225,
      "location-after-char-end": 5226,
      "node-str": "11"
    },
    {
      "type": "insert-node",
      "node": {
        "label": "expectedSize",
        "type": "VariableWrite"
      },
      "location-after-char-start": 5255,
      "location-after-char-end": 5266,
      "node-str": "expectedSize"
    },
    {
      "type": "insert-node",
      "node": {
        "label": "9",
        "type": "Literal"
      },
      "location-after-char-start": 5270,
      "location-after-char-end": 5270,
      "node-str": "9"
    },
    {
      "type": "insert-node",
      "node": {
        "label": "expectedSize",
        "type": "VariableWrite"
      },
      "location-after-char-start": 5299,
      "location-after-char-end": 5310,
      "node-str": "expectedSize"
    },
    {
      "type": "insert-node",
      "node": {
        "label": "9",
        "type": "Literal"
      },
      "location-after-char-start": 5314,
      "location-after-char-end": 5314,
      "node-str": "9"
    },
    {
      "type": "insert-node",
      "node": {
        "label": "expectedSize",
        "type": "VariableWrite"
      },
      "location-after-char-start": 5343,
      "location-after-char-end": 5354,
      "node-str": "expectedSize"
    },
    {
      "type": "insert-node",
      "node": {
        "label": "9",
        "type": "Literal"
      },
      "location-after-char-start": 5358,
      "location-after-char-end": 5358,
      "node-str": "9"
    },
    {
      "type": "insert-node",
      "node": {
        "label": "expectedSize",
        "type": "VariableWrite"
      },
      "location-after-char-start": 5387,
      "location-after-char-end": 5398,
      "node-str": "expectedSize"
    },
    {
      "type": "insert-node",
      "node": {
        "label": "9",
        "type": "Literal"
      },
      "location-after-char-start": 5402,
      "location-after-char-end": 5402,
      "node-str": "9"
    },
    {
      "type": "insert-node",
      "node": {
        "label": "expectedSize",
        "type": "VariableWrite"
      },
      "location-after-char-start": 5431,
      "location-after-char-end": 5442,
      "node-str": "expectedSize"
    },
    {
      "type": "insert-node",
      "node": {
        "label": "9",
        "type": "Literal"
      },
      "location-after-char-start": 5446,
      "location-after-char-end": 5446,
      "node-str": "9"
    },
    {
      "type": "insert-node",
      "node": {
        "label": "expectedSize",
        "type": "VariableWrite"
      },
      "location-after-char-start": 5476,
      "location-after-char-end": 5487,
      "node-str": "expectedSize"
    },
    {
      "type": "insert-node",
      "node": {
        "label": "9",
        "type": "Literal"
      },
      "location-after-char-start": 5491,
      "location-after-char-end": 5491,
      "node-str": "9"
    },
    {
      "type": "insert-node",
      "node": {
        "label": "getIssue0",
        "type": "Invocation"
      },
      "location-after-char-start": 6193,
      "location-after-char-end": 6203,
      "node-str": "getIssue0"
    },
    {
      "type": "insert-node",
      "node": {
        "label": "getIssue0",
        "type": "Invocation"
      },
      "location-after-char-start": 6264,
      "location-after-char-end": 6274,
      "node-str": "getIssue0"
    },
    {
      "type": "insert-node",
      "node": {
        "label": "org.tigris.scarab.om.IssueTest",
        "type": "TypeAccess"
      },
      "location-after-char-start": 0,
      "location-after-char-end": 0,
      "node-str": "org.tigris.scarab.om.IssueTest"
    },
    {
      "type": "insert-node",
      "node": {
        "label": "getIssue0",
        "type": "Invocation"
      },
      "location-after-char-start": 6990,
      "location-after-char-end": 7000,
      "node-str": "getIssue0"
    },
    {
      "type": "insert-node",
      "node": {
        "label": "org.tigris.scarab.om.IssueTest",
        "type": "TypeAccess"
      },
      "location-after-char-start": 0,
      "location-after-char-end": 0,
      "node-str": "org.tigris.scarab.om.IssueTest"
    },
    {
      "type": "insert-node",
      "node": {
        "label": "getIssue0",
        "type": "Invocation"
      },
      "location-after-char-start": 7626,
      "location-after-char-end": 7636,
      "node-str": "getIssue0"
    },
    {
      "type": "insert-node",
      "node": {
        "label": "org.tigris.scarab.om.IssueTest",
        "type": "TypeAccess"
      },
      "location-after-char-start": 0,
      "location-after-char-end": 0,
      "node-str": "org.tigris.scarab.om.IssueTest"
    },
    {
      "type": "insert-node",
      "node": {
        "label": "org.tigris.scarab.om.IssueTest",
        "type": "TypeAccess"
      },
      "location-after-char-start": 0,
      "location-after-char-end": 0,
      "node-str": "org.tigris.scarab.om.IssueTest"
    },
    {
      "type": "insert-node",
      "node": {
        "label": "org.tigris.scarab.om.IssueTest",
        "type": "TypeAccess"
      },
      "location-after-char-start": 0,
      "location-after-char-end": 0,
      "node-str": "org.tigris.scarab.om.IssueTest"
    },
    {
      "type": "insert-node",
      "node": {
        "label": "org.tigris.scarab.om.IssueTest",
        "type": "TypeAccess"
      },
      "location-after-char-start": 0,
      "location-after-char-end": 0,
      "node-str": "org.tigris.scarab.om.IssueTest"
    },
    {
      "type": "delete-node",
      "node": {
        "label": "public",
        "type": "Modifier"
      },
      "location-before-char-start": 0,
      "location-before-char-end": 0,
      "node-str": "public"
    },
    {
      "type": "delete-node",
      "node": {
        "label": "org.tigris.scarab.test.BaseTestCase",
        "type": "SUPER_TYPE"
      },
      "location-before-char-start": 0,
      "location-before-char-end": 0,
      "node-str": "org.tigris.scarab.test.BaseTestCase"
    },
    {
      "type": "delete-node",
      "node": {
        "label": "",
        "type": "TypeReference"
      },
      "location-before-char-start": 2769,
      "location-before-char-end": 2780,
      "node-str": ""
    },
    {
      "type": "delete-node",
      "node": {
        "label": "java.util.List",
        "type": "VARIABLE_TYPE"
      },
      "location-before-char-start": 0,
      "location-before-char-end": 0,
      "node-str": "java.util.List"
    },
    {
      "type": "delete-node",
      "node": {
        "label": "java.util.ArrayList()",
        "type": "ConstructorCall"
      },
      "location-before-char-start": 2813,
      "location-before-char-end": 2827,
      "node-str": "java.util.ArrayList()"
    },
    {
      "type": "delete-node",
      "node": {
        "label": "issueList",
        "type": "Field"
      },
      "location-before-char-start": 2788,
      "location-before-char-end": 2828,
      "node-str": "issueList"
    },
    {
      "type": "delete-node",
      "node": {
        "label": "void",
        "type": "RETURN_TYPE"
      },
      "location-before-char-start": 0,
      "location-before-char-end": 0,
      "node-str": "void"
    },
    {
      "type": "delete-node",
      "node": {
        "label": "java.lang.Throwable",
        "type": "THROWS"
      },
      "location-before-char-start": 0,
      "location-before-char-end": 0,
      "node-str": "java.lang.Throwable"
    },
    {
      "type": "delete-node",
      "node": {
        "label": "protected",
        "type": "Modifier"
      },
      "location-before-char-start": 0,
      "location-before-char-end": 0,
      "node-str": "protected"
    },
    {
      "type": "delete-node",
      "node": {
        "label": "org.tigris.scarab.om.IssueTest",
        "type": "TypeAccess"
      },
      "location-before-char-start": 0,
      "location-before-char-end": 0,
      "node-str": "org.tigris.scarab.om.IssueTest"
    },
    {
      "type": "delete-node",
      "node": {
        "label": "createTestIssues",
        "type": "Invocation"
      },
      "location-before-char-start": 3110,
      "location-before-char-end": 3128,
      "node-str": "createTestIssues"
    },
    {
      "type": "delete-node",
      "node": {
        "label": "org.tigris.scarab.om.IssueTest",
        "type": "TypeAccess"
      },
      "location-before-char-start": 0,
      "location-before-char-end": 0,
      "node-str": "org.tigris.scarab.om.IssueTest"
    },
    {
      "type": "delete-node",
      "node": {
        "label": "loopThruTestIssues",
        "type": "Invocation"
      },
      "location-before-char-start": 3139,
      "location-before-char-end": 3159,
      "node-str": "loopThruTestIssues"
    },
    {
      "type": "delete-node",
      "node": {
        "label": "org.tigris.scarab.om.IssueTest",
        "type": "TypeAccess"
      },
      "location-before-char-start": 0,
      "location-before-char-end": 0,
      "node-str": "org.tigris.scarab.om.IssueTest"
    },
    {
      "type": "delete-node",
      "node": {
        "label": "testAssignIssue",
        "type": "Invocation"
      },
      "location-before-char-start": 3169,
      "location-before-char-end": 3186,
      "node-str": "testAssignIssue"
    },
    {
      "type": "delete-node",
      "node": {
        "label": "org.tigris.scarab.om.IssueTest",
        "type": "TypeAccess"
      },
      "location-before-char-start": 0,
      "location-before-char-end": 0,
      "node-str": "org.tigris.scarab.om.IssueTest"
    },
    {
      "type": "delete-node",
      "node": {
        "label": "testGetUserAttributeValues",
        "type": "Invocation"
      },
      "location-before-char-start": 3196,
      "location-before-char-end": 3224,
      "node-str": "testGetUserAttributeValues"
    },
    {
      "type": "delete-node",
      "node": {
        "label": "org.tigris.scarab.om.IssueTest",
        "type": "TypeAccess"
      },
      "location-before-char-start": 0,
      "location-before-char-end": 0,
      "node-str": "org.tigris.scarab.om.IssueTest"
    },
    {
      "type": "delete-node",
      "node": {
        "label": "testGetEligibleUsers",
        "type": "Invocation"
      },
      "location-before-char-start": 3234,
      "location-before-char-end": 3256,
      "node-str": "testGetEligibleUsers"
    },
    {
      "type": "delete-node",
      "node": {
        "label": "org.tigris.scarab.om.IssueTest",
        "type": "TypeAccess"
      },
      "location-before-char-start": 0,
      "location-before-char-end": 0,
      "node-str": "org.tigris.scarab.om.IssueTest"
    },
    {
      "type": "delete-node",
      "node": {
        "label": "testGetUsersToEmail",
        "type": "Invocation"
      },
      "location-before-char-start": 3266,
      "location-before-char-end": 3287,
      "node-str": "testGetUsersToEmail"
    },
    {
      "type": "delete-node",
      "node": {
        "label": "runTest",
        "type": "Method"
      },
      "location-before-char-start": 3046,
      "location-before-char-end": 3293,
      "node-str": "runTest"
    },
    {
      "type": "delete-node",
      "node": {
        "label": "void",
        "type": "RETURN_TYPE"
      },
      "location-before-char-start": 0,
      "location-before-char-end": 0,
      "node-str": "void"
    },
    {
      "type": "delete-node",
      "node": {
        "label": "java.lang.Exception",
        "type": "THROWS"
      },
      "location-before-char-start": 0,
      "location-before-char-end": 0,
      "node-str": "java.lang.Exception"
    },
    {
      "type": "delete-node",
      "node": {
        "label": "org.tigris.scarab.om.Issue",
        "type": "VARIABLE_TYPE"
      },
      "location-before-char-start": 0,
      "location-before-char-end": 0,
      "node-str": "org.tigris.scarab.om.Issue"
    },
    {
      "type": "delete-node",
      "node": {
        "label": "issue",
        "type": "Parameter"
      },
      "location-before-char-start": 4715,
      "location-before-char-end": 4725,
      "node-str": "issue"
    },
    {
      "type": "delete-node",
      "node": {
        "label": "int",
        "type": "VARIABLE_TYPE"
      },
      "location-before-char-start": 0,
      "location-before-char-end": 0,
      "node-str": "int"
    },
    {
      "type": "delete-node",
      "node": {
        "label": "11",
        "type": "Literal"
      },
      "location-before-char-start": 4978,
      "location-before-char-end": 4979,
      "node-str": "11"
    },
    {
      "type": "delete-node",
      "node": {
        "label": "expectedSize",
        "type": "LocalVariable"
      },
      "location-before-char-start": 4959,
      "location-before-char-end": 4980,
      "node-str": "expectedSize"
    },
    {
      "type": "delete-node",
      "node": {
        "label": "1",
        "type": "Literal"
      },
      "location-before-char-start": 5073,
      "location-before-char-end": 5073,
      "node-str": "1"
    },
    {
      "type": "delete-node",
      "node": {
        "label": "expectedSize",
        "type": "VariableWrite"
      },
      "location-before-char-start": 5076,
      "location-before-char-end": 5087,
      "node-str": "expectedSize"
    },
    {
      "type": "delete-node",
      "node": {
        "label": "11",
        "type": "Literal"
      },
      "location-before-char-start": 5091,
      "location-before-char-end": 5092,
      "node-str": "11"
    },
    {
      "type": "delete-node",
      "node": {
        "label": "\u003d",
        "type": "Assignment"
      },
      "location-before-char-start": 5076,
      "location-before-char-end": 5093,
      "node-str": "\u003d"
    },
    {
      "type": "delete-node",
      "node": {
        "label": "break",
        "type": "Break"
      },
      "location-before-char-start": 5094,
      "location-before-char-end": 5099,
      "node-str": "break"
    },
    {
      "type": "delete-node",
      "node": {
        "label": "",
        "type": "Case"
      },
      "location-before-char-start": 5068,
      "location-before-char-end": 5099,
      "node-str": ""
    },
    {
      "type": "delete-node",
      "node": {
        "label": "2",
        "type": "Literal"
      },
      "location-before-char-start": 5118,
      "location-before-char-end": 5118,
      "node-str": "2"
    },
    {
      "type": "delete-node",
      "node": {
        "label": "expectedSize",
        "type": "VariableWrite"
      },
      "location-before-char-start": 5121,
      "location-before-char-end": 5132,
      "node-str": "expectedSize"
    },
    {
      "type": "delete-node",
      "node": {
        "label": "11",
        "type": "Literal"
      },
      "location-before-char-start": 5136,
      "location-before-char-end": 5137,
      "node-str": "11"
    },
    {
      "type": "delete-node",
      "node": {
        "label": "\u003d",
        "type": "Assignment"
      },
      "location-before-char-start": 5121,
      "location-before-char-end": 5138,
      "node-str": "\u003d"
    },
    {
      "type": "delete-node",
      "node": {
        "label": "break",
        "type": "Break"
      },
      "location-before-char-start": 5139,
      "location-before-char-end": 5144,
      "node-str": "break"
    },
    {
      "type": "delete-node",
      "node": {
        "label": "",
        "type": "Case"
      },
      "location-before-char-start": 5113,
      "location-before-char-end": 5144,
      "node-str": ""
    },
    {
      "type": "delete-node",
      "node": {
        "label": "3",
        "type": "Literal"
      },
      "location-before-char-start": 5163,
      "location-before-char-end": 5163,
      "node-str": "3"
    },
    {
      "type": "delete-node",
      "node": {
        "label": "expectedSize",
        "type": "VariableWrite"
      },
      "location-before-char-start": 5166,
      "location-before-char-end": 5177,
      "node-str": "expectedSize"
    },
    {
      "type": "delete-node",
      "node": {
        "label": "10",
        "type": "Literal"
      },
      "location-before-char-start": 5181,
      "location-before-char-end": 5182,
      "node-str": "10"
    },
    {
      "type": "delete-node",
      "node": {
        "label": "\u003d",
        "type": "Assignment"
      },
      "location-before-char-start": 5166,
      "location-before-char-end": 5183,
      "node-str": "\u003d"
    },
    {
      "type": "delete-node",
      "node": {
        "label": "break",
        "type": "Break"
      },
      "location-before-char-start": 5184,
      "location-before-char-end": 5189,
      "node-str": "break"
    },
    {
      "type": "delete-node",
      "node": {
        "label": "",
        "type": "Case"
      },
      "location-before-char-start": 5158,
      "location-before-char-end": 5189,
      "node-str": ""
    },
    {
      "type": "delete-node",
      "node": {
        "label": "4",
        "type": "Literal"
      },
      "location-before-char-start": 5208,
      "location-before-char-end": 5208,
      "node-str": "4"
    },
    {
      "type": "delete-node",
      "node": {
        "label": "expectedSize",
        "type": "VariableWrite"
      },
      "location-before-char-start": 5211,
      "location-before-char-end": 5222,
      "node-str": "expectedSize"
    },
    {
      "type": "delete-node",
      "node": {
        "label": "10",
        "type": "Literal"
      },
      "location-before-char-start": 5226,
      "location-before-char-end": 5227,
      "node-str": "10"
    },
    {
      "type": "delete-node",
      "node": {
        "label": "\u003d",
        "type": "Assignment"
      },
      "location-before-char-start": 5211,
      "location-before-char-end": 5228,
      "node-str": "\u003d"
    },
    {
      "type": "delete-node",
      "node": {
        "label": "break",
        "type": "Break"
      },
      "location-before-char-start": 5229,
      "location-before-char-end": 5234,
      "node-str": "break"
    },
    {
      "type": "delete-node",
      "node": {
        "label": "",
        "type": "Case"
      },
      "location-before-char-start": 5203,
      "location-before-char-end": 5234,
      "node-str": ""
    },
    {
      "type": "delete-node",
      "node": {
        "label": "5",
        "type": "Literal"
      },
      "location-before-char-start": 5253,
      "location-before-char-end": 5253,
      "node-str": "5"
    },
    {
      "type": "delete-node",
      "node": {
        "label": "expectedSize",
        "type": "VariableWrite"
      },
      "location-before-char-start": 5256,
      "location-before-char-end": 5267,
      "node-str": "expectedSize"
    },
    {
      "type": "delete-node",
      "node": {
        "label": "8",
        "type": "Literal"
      },
      "location-before-char-start": 5271,
      "location-before-char-end": 5271,
      "node-str": "8"
    },
    {
      "type": "delete-node",
      "node": {
        "label": "\u003d",
        "type": "Assignment"
      },
      "location-before-char-start": 5256,
      "location-before-char-end": 5272,
      "node-str": "\u003d"
    },
    {
      "type": "delete-node",
      "node": {
        "label": "break",
        "type": "Break"
      },
      "location-before-char-start": 5273,
      "location-before-char-end": 5278,
      "node-str": "break"
    },
    {
      "type": "delete-node",
      "node": {
        "label": "",
        "type": "Case"
      },
      "location-before-char-start": 5248,
      "location-before-char-end": 5278,
      "node-str": ""
    },
    {
      "type": "delete-node",
      "node": {
        "label": "6",
        "type": "Literal"
      },
      "location-before-char-start": 5297,
      "location-before-char-end": 5297,
      "node-str": "6"
    },
    {
      "type": "delete-node",
      "node": {
        "label": "expectedSize",
        "type": "VariableWrite"
      },
      "location-before-char-start": 5300,
      "location-before-char-end": 5311,
      "node-str": "expectedSize"
    },
    {
      "type": "delete-node",
      "node": {
        "label": "8",
        "type": "Literal"
      },
      "location-before-char-start": 5315,
      "location-before-char-end": 5315,
      "node-str": "8"
    },
    {
      "type": "delete-node",
      "node": {
        "label": "\u003d",
        "type": "Assignment"
      },
      "location-before-char-start": 5300,
      "location-before-char-end": 5316,
      "node-str": "\u003d"
    },
    {
      "type": "delete-node",
      "node": {
        "label": "break",
        "type": "Break"
      },
      "location-before-char-start": 5317,
      "location-before-char-end": 5322,
      "node-str": "break"
    },
    {
      "type": "delete-node",
      "node": {
        "label": "",
        "type": "Case"
      },
      "location-before-char-start": 5292,
      "location-before-char-end": 5322,
      "node-str": ""
    },
    {
      "type": "delete-node",
      "node": {
        "label": "7",
        "type": "Literal"
      },
      "location-before-char-start": 5341,
      "location-before-char-end": 5341,
      "node-str": "7"
    },
    {
      "type": "delete-node",
      "node": {
        "label": "expectedSize",
        "type": "VariableWrite"
      },
      "location-before-char-start": 5344,
      "location-before-char-end": 5355,
      "node-str": "expectedSize"
    },
    {
      "type": "delete-node",
      "node": {
        "label": "8",
        "type": "Literal"
      },
      "location-before-char-start": 5359,
      "location-before-char-end": 5359,
      "node-str": "8"
    },
    {
      "type": "delete-node",
      "node": {
        "label": "\u003d",
        "type": "Assignment"
      },
      "location-before-char-start": 5344,
      "location-before-char-end": 5360,
      "node-str": "\u003d"
    },
    {
      "type": "delete-node",
      "node": {
        "label": "break",
        "type": "Break"
      },
      "location-before-char-start": 5361,
      "location-before-char-end": 5366,
      "node-str": "break"
    },
    {
      "type": "delete-node",
      "node": {
        "label": "",
        "type": "Case"
      },
      "location-before-char-start": 5336,
      "location-before-char-end": 5366,
      "node-str": ""
    },
    {
      "type": "delete-node",
      "node": {
        "label": "8",
        "type": "Literal"
      },
      "location-before-char-start": 5385,
      "location-before-char-end": 5385,
      "node-str": "8"
    },
    {
      "type": "delete-node",
      "node": {
        "label": "expectedSize",
        "type": "VariableWrite"
      },
      "location-before-char-start": 5388,
      "location-before-char-end": 5399,
      "node-str": "expectedSize"
    },
    {
      "type": "delete-node",
      "node": {
        "label": "8",
        "type": "Literal"
      },
      "location-before-char-start": 5403,
      "location-before-char-end": 5403,
      "node-str": "8"
    },
    {
      "type": "delete-node",
      "node": {
        "label": "\u003d",
        "type": "Assignment"
      },
      "location-before-char-start": 5388,
      "location-before-char-end": 5404,
      "node-str": "\u003d"
    },
    {
      "type": "delete-node",
      "node": {
        "label": "break",
        "type": "Break"
      },
      "location-before-char-start": 5405,
      "location-before-char-end": 5410,
      "node-str": "break"
    },
    {
      "type": "delete-node",
      "node": {
        "label": "",
        "type": "Case"
      },
      "location-before-char-start": 5380,
      "location-before-char-end": 5410,
      "node-str": ""
    },
    {
      "type": "delete-node",
      "node": {
        "label": "9",
        "type": "Literal"
      },
      "location-before-char-start": 5429,
      "location-before-char-end": 5429,
      "node-str": "9"
    },
    {
      "type": "delete-node",
      "node": {
        "label": "expectedSize",
        "type": "VariableWrite"
      },
      "location-before-char-start": 5432,
      "location-before-char-end": 5443,
      "node-str": "expectedSize"
    },
    {
      "type": "delete-node",
      "node": {
        "label": "8",
        "type": "Literal"
      },
      "location-before-char-start": 5447,
      "location-before-char-end": 5447,
      "node-str": "8"
    },
    {
      "type": "delete-node",
      "node": {
        "label": "\u003d",
        "type": "Assignment"
      },
      "location-before-char-start": 5432,
      "location-before-char-end": 5448,
      "node-str": "\u003d"
    },
    {
      "type": "delete-node",
      "node": {
        "label": "break",
        "type": "Break"
      },
      "location-before-char-start": 5449,
      "location-before-char-end": 5454,
      "node-str": "break"
    },
    {
      "type": "delete-node",
      "node": {
        "label": "",
        "type": "Case"
      },
      "location-before-char-start": 5424,
      "location-before-char-end": 5454,
      "node-str": ""
    },
    {
      "type": "delete-node",
      "node": {
        "label": "10",
        "type": "Literal"
      },
      "location-before-char-start": 5473,
      "location-before-char-end": 5474,
      "node-str": "10"
    },
    {
      "type": "delete-node",
      "node": {
        "label": "expectedSize",
        "type": "VariableWrite"
      },
      "location-before-char-start": 5477,
      "location-before-char-end": 5488,
      "node-str": "expectedSize"
    },
    {
      "type": "delete-node",
      "node": {
        "label": "8",
        "type": "Literal"
      },
      "location-before-char-start": 5492,
      "location-before-char-end": 5492,
      "node-str": "8"
    },
    {
      "type": "delete-node",
      "node": {
        "label": "\u003d",
        "type": "Assignment"
      },
      "location-before-char-start": 5477,
      "location-before-char-end": 5493,
      "node-str": "\u003d"
    },
    {
      "type": "delete-node",
      "node": {
        "label": "",
        "type": "Case"
      },
      "location-before-char-start": 5468,
      "location-before-char-end": 5493,
      "node-str": ""
    },
    {
      "type": "delete-node",
      "node": {
        "label": "",
        "type": "Switch"
      },
      "location-before-char-start": 4990,
      "location-before-char-end": 5503,
      "node-str": ""
    },
    {
      "type": "delete-node",
      "node": {
        "label": "testGetAllAttributeValuesMap",
        "type": "Method"
      },
      "location-before-char-start": 4673,
      "location-before-char-end": 5558,
      "node-str": "testGetAllAttributeValuesMap"
    },
    {
      "type": "delete-node",
      "node": {
        "label": "void",
        "type": "RETURN_TYPE"
      },
      "location-before-char-start": 0,
      "location-before-char-end": 0,
      "node-str": "void"
    },
    {
      "type": "delete-node",
      "node": {
        "label": "java.lang.Exception",
        "type": "THROWS"
      },
      "location-before-char-start": 0,
      "location-before-char-end": 0,
      "node-str": "java.lang.Exception"
    },
    {
      "type": "delete-node",
      "node": {
        "label": "org.tigris.scarab.om.Attribute",
        "type": "VARIABLE_TYPE"
      },
      "location-before-char-start": 0,
      "location-before-char-end": 0,
      "node-str": "org.tigris.scarab.om.Attribute"
    },
    {
      "type": "delete-node",
      "node": {
        "label": "org.tigris.scarab.om.IssueTest",
        "type": "TypeAccess"
      },
      "location-before-char-start": 0,
      "location-before-char-end": 0,
      "node-str": "org.tigris.scarab.om.IssueTest"
    },
    {
      "type": "delete-node",
      "node": {
        "label": "getAssignAttribute",
        "type": "Invocation"
      },
      "location-before-char-start": 5698,
      "location-before-char-end": 5717,
      "node-str": "getAssignAttribute"
    },
    {
      "type": "delete-node",
      "node": {
        "label": "attribute",
        "type": "LocalVariable"
      },
      "location-before-char-start": 5676,
      "location-before-char-end": 5718,
      "node-str": "attribute"
    },
    {
      "type": "delete-node",
      "node": {
        "label": "java.lang.String",
        "type": "VARIABLE_TYPE"
      },
      "location-before-char-start": 0,
      "location-before-char-end": 0,
      "node-str": "java.lang.String"
    },
    {
      "type": "delete-node",
      "node": {
        "label": "\"User \"",
        "type": "Literal"
      },
      "location-before-char-start": 5837,
      "location-before-char-end": 5843,
      "node-str": "\"User \""
    },
    {
      "type": "delete-node",
      "node": {
        "label": "assigner",
        "type": "VariableRead"
      },
      "location-before-char-start": 5847,
      "location-before-char-end": 5854,
      "node-str": "assigner"
    },
    {
      "type": "delete-node",
      "node": {
        "label": "getUserName",
        "type": "Invocation"
      },
      "location-before-char-start": 5847,
      "location-before-char-end": 5868,
      "node-str": "getUserName"
    },
    {
      "type": "delete-node",
      "node": {
        "label": "PLUS",
        "type": "BinaryOperator"
      },
      "location-before-char-start": 5837,
      "location-before-char-end": 5868,
      "node-str": "PLUS"
    },
    {
      "type": "delete-node",
      "node": {
        "label": "\" has added user \"",
        "type": "Literal"
      },
      "location-before-char-start": 5902,
      "location-before-char-end": 5919,
      "node-str": "\" has added user \""
    },
    {
      "type": "delete-node",
      "node": {
        "label": "PLUS",
        "type": "BinaryOperator"
      },
      "location-before-char-start": 5837,
      "location-before-char-end": 5919,
      "node-str": "PLUS"
    },
    {
      "type": "delete-node",
      "node": {
        "label": "assignee",
        "type": "VariableRead"
      },
      "location-before-char-start": 5953,
      "location-before-char-end": 5960,
      "node-str": "assignee"
    },
    {
      "type": "delete-node",
      "node": {
        "label": "getUserName",
        "type": "Invocation"
      },
      "location-before-char-start": 5953,
      "location-before-char-end": 5974,
      "node-str": "getUserName"
    },
    {
      "type": "delete-node",
      "node": {
        "label": "PLUS",
        "type": "BinaryOperator"
      },
      "location-before-char-start": 5837,
      "location-before-char-end": 5974,
      "node-str": "PLUS"
    },
    {
      "type": "delete-node",
      "node": {
        "label": "\" to \"",
        "type": "Literal"
      },
      "location-before-char-start": 5978,
      "location-before-char-end": 5983,
      "node-str": "\" to \""
    },
    {
      "type": "delete-node",
      "node": {
        "label": "PLUS",
        "type": "BinaryOperator"
      },
      "location-before-char-start": 5837,
      "location-before-char-end": 5983,
      "node-str": "PLUS"
    },
    {
      "type": "delete-node",
      "node": {
        "label": "attribute",
        "type": "VariableRead"
      },
      "location-before-char-start": 6017,
      "location-before-char-end": 6025,
      "node-str": "attribute"
    },
    {
      "type": "delete-node",
      "node": {
        "label": "getName",
        "type": "Invocation"
      },
      "location-before-char-start": 6017,
      "location-before-char-end": 6035,
      "node-str": "getName"
    },
    {
      "type": "delete-node",
      "node": {
        "label": "PLUS",
        "type": "BinaryOperator"
      },
      "location-before-char-start": 5837,
      "location-before-char-end": 6035,
      "node-str": "PLUS"
    },
    {
      "type": "delete-node",
      "node": {
        "label": "\".\"",
        "type": "Literal"
      },
      "location-before-char-start": 6039,
      "location-before-char-end": 6041,
      "node-str": "\".\""
    },
    {
      "type": "delete-node",
      "node": {
        "label": "PLUS",
        "type": "BinaryOperator"
      },
      "location-before-char-start": 5837,
      "location-before-char-end": 6041,
      "node-str": "PLUS"
    },
    {
      "type": "delete-node",
      "node": {
        "label": "attachmentText",
        "type": "LocalVariable"
      },
      "location-before-char-start": 5812,
      "location-before-char-end": 6042,
      "node-str": "attachmentText"
    },
    {
      "type": "delete-node",
      "node": {
        "label": "org.tigris.scarab.om.IssueTest",
        "type": "TypeAccess"
      },
      "location-before-char-start": 0,
      "location-before-char-end": 0,
      "node-str": "org.tigris.scarab.om.IssueTest"
    },
    {
      "type": "delete-node",
      "node": {
        "label": "getIssue0",
        "type": "Invocation"
      },
      "location-before-char-start": 6052,
      "location-before-char-end": 6062,
      "node-str": "getIssue0"
    },
    {
      "type": "delete-node",
      "node": {
        "label": "org.tigris.scarab.om.IssueTest",
        "type": "TypeAccess"
      },
      "location-before-char-start": 0,
      "location-before-char-end": 0,
      "node-str": "org.tigris.scarab.om.IssueTest"
    },
    {
      "type": "delete-node",
      "node": {
        "label": "getUser1",
        "type": "Invocation"
      },
      "location-before-char-start": 6075,
      "location-before-char-end": 6084,
      "node-str": "getUser1"
    },
    {
      "type": "delete-node",
      "node": {
        "label": "org.tigris.scarab.om.IssueTest",
        "type": "TypeAccess"
      },
      "location-before-char-start": 0,
      "location-before-char-end": 0,
      "node-str": "org.tigris.scarab.om.IssueTest"
    },
    {
      "type": "delete-node",
      "node": {
        "label": "getUser2",
        "type": "Invocation"
      },
      "location-before-char-start": 6086,
      "location-before-char-end": 6095,
      "node-str": "getUser2"
    },
    {
      "type": "delete-node",
      "node": {
        "label": "attachmentText",
        "type": "VariableRead"
      },
      "location-before-char-start": 6098,
      "location-before-char-end": 6111,
      "node-str": "attachmentText"
    },
    {
      "type": "delete-node",
      "node": {
        "label": "attribute",
        "type": "VariableRead"
      },
      "location-before-char-start": 6146,
      "location-before-char-end": 6154,
      "node-str": "attribute"
    },
    {
      "type": "delete-node",
      "node": {
        "label": "\"test reason\"",
        "type": "Literal"
      },
      "location-before-char-start": 6157,
      "location-before-char-end": 6169,
      "node-str": "\"test reason\""
    },
    {
      "type": "delete-node",
      "node": {
        "label": "assignUser",
        "type": "Invocation"
      },
      "location-before-char-start": 6052,
      "location-before-char-end": 6171,
      "node-str": "assignUser"
    },
    {
      "type": "delete-node",
      "node": {
        "label": "testAssignIssue",
        "type": "Method"
      },
      "location-before-char-start": 5565,
      "location-before-char-end": 6177,
      "node-str": "testAssignIssue"
    }
  ],
  "before-file": {},
  "after-file": {},
  "mapping": {}
}