{
  "tool-info": {},
  "diff": [
    {
      "type": "insert-node",
      "node": {
        "label": "FilterRule",
        "type": "Class"
      },
      "location-after-char-start": 929,
      "location-after-char-end": 3651,
      "node-str": "FilterRule"
    },
    {
      "type": "insert-node",
      "node": {
        "label": "public",
        "type": "Modifier"
      },
      "location-after-char-start": 0,
      "location-after-char-end": 0,
      "node-str": "public"
    },
    {
      "type": "insert-node",
      "node": {
        "label": "",
        "type": "TypeReference"
      },
      "location-after-char-start": 961,
      "location-after-char-end": 971,
      "node-str": ""
    },
    {
      "type": "insert-node",
      "node": {
        "label": "MATCH_ALL",
        "type": "Field"
      },
      "location-after-char-start": 977,
      "location-after-char-end": 1028,
      "node-str": "MATCH_ALL"
    },
    {
      "type": "insert-node",
      "node": {
        "label": "MATCH_ANY",
        "type": "Field"
      },
      "location-after-char-start": 1031,
      "location-after-char-end": 1068,
      "node-str": "MATCH_ANY"
    },
    {
      "type": "insert-node",
      "node": {
        "label": "list",
        "type": "Field"
      },
      "location-after-char-start": 1072,
      "location-after-char-end": 1116,
      "node-str": "list"
    },
    {
      "type": "move-subtree",
      "node": {
        "label": "\u003cinit\u003e",
        "type": "Constructor"
      },
      "location-before-char-start": 1099,
      "location-before-char-end": 1271,
      "location-after-char-start": 1120,
      "location-after-char-end": 1292,
      "node-str": "\u003cinit\u003e"
    },
    {
      "type": "move-subtree",
      "node": {
        "label": "\u003cinit\u003e",
        "type": "Constructor"
      },
      "location-before-char-start": 1276,
      "location-before-char-end": 1352,
      "location-after-char-start": 1297,
      "location-after-char-end": 1373,
      "node-str": "\u003cinit\u003e"
    },
    {
      "type": "move-subtree",
      "node": {
        "label": "addEmptyCriteria",
        "type": "Method"
      },
      "location-before-char-start": 1356,
      "location-before-char-end": 1807,
      "location-after-char-start": 1377,
      "location-after-char-end": 1828,
      "node-str": "addEmptyCriteria"
    },
    {
      "type": "move-subtree",
      "node": {
        "label": "add",
        "type": "Method"
      },
      "location-before-char-start": 1811,
      "location-before-char-end": 1899,
      "location-after-char-start": 1832,
      "location-after-char-end": 1920,
      "node-str": "add"
    },
    {
      "type": "move-subtree",
      "node": {
        "label": "remove",
        "type": "Method"
      },
      "location-before-char-start": 1903,
      "location-before-char-end": 2438,
      "location-after-char-start": 1924,
      "location-after-char-end": 2459,
      "node-str": "remove"
    },
    {
      "type": "move-subtree",
      "node": {
        "label": "removeAll",
        "type": "Method"
      },
      "location-before-char-start": 2442,
      "location-before-char-end": 2568,
      "location-after-char-start": 2463,
      "location-after-char-end": 2589,
      "node-str": "removeAll"
    },
    {
      "type": "move-subtree",
      "node": {
        "label": "removeLast",
        "type": "Method"
      },
      "location-before-char-start": 2572,
      "location-before-char-end": 2713,
      "location-after-char-start": 2593,
      "location-after-char-end": 2734,
      "node-str": "removeLast"
    },
    {
      "type": "move-subtree",
      "node": {
        "label": "get",
        "type": "Method"
      },
      "location-before-char-start": 2717,
      "location-before-char-end": 2815,
      "location-after-char-start": 2738,
      "location-after-char-end": 2836,
      "node-str": "get"
    },
    {
      "type": "move-subtree",
      "node": {
        "label": "count",
        "type": "Method"
      },
      "location-before-char-start": 2819,
      "location-before-char-end": 2869,
      "location-after-char-start": 2840,
      "location-after-char-end": 2890,
      "node-str": "count"
    },
    {
      "type": "move-subtree",
      "node": {
        "label": "getCondition",
        "type": "Method"
      },
      "location-before-char-start": 2873,
      "location-before-char-end": 3170,
      "location-after-char-start": 2894,
      "location-after-char-end": 3191,
      "node-str": "getCondition"
    },
    {
      "type": "move-subtree",
      "node": {
        "label": "setCondition",
        "type": "Method"
      },
      "location-before-char-start": 3174,
      "location-before-char-end": 3298,
      "location-after-char-start": 3195,
      "location-after-char-end": 3319,
      "node-str": "setCondition"
    },
    {
      "type": "move-subtree",
      "node": {
        "label": "getConditionInt",
        "type": "Method"
      },
      "location-before-char-start": 3302,
      "location-before-char-end": 3627,
      "location-after-char-start": 3323,
      "location-after-char-end": 3648,
      "node-str": "getConditionInt"
    },
    {
      "type": "insert-node",
      "node": {
        "label": "org.columba.core.config.DefaultItem",
        "type": "SUPER_TYPE"
      },
      "location-after-char-start": 0,
      "location-after-char-end": 0,
      "node-str": "org.columba.core.config.DefaultItem"
    },
    {
      "type": "insert-node",
      "node": {
        "label": "int",
        "type": "VARIABLE_TYPE"
      },
      "location-after-char-start": 0,
      "location-after-char-end": 0,
      "node-str": "int"
    },
    {
      "type": "insert-node",
      "node": {
        "label": "final",
        "type": "Modifier"
      },
      "location-after-char-start": 0,
      "location-after-char-end": 0,
      "node-str": "final"
    },
    {
      "type": "insert-node",
      "node": {
        "label": "public",
        "type": "Modifier"
      },
      "location-after-char-start": 0,
      "location-after-char-end": 0,
      "node-str": "public"
    },
    {
      "type": "insert-node",
      "node": {
        "label": "static",
        "type": "Modifier"
      },
      "location-after-char-start": 0,
      "location-after-char-end": 0,
      "node-str": "static"
    },
    {
      "type": "insert-node",
      "node": {
        "label": "0",
        "type": "Literal"
      },
      "location-after-char-start": 1027,
      "location-after-char-end": 1027,
      "node-str": "0"
    },
    {
      "type": "insert-node",
      "node": {
        "label": "int",
        "type": "VARIABLE_TYPE"
      },
      "location-after-char-start": 0,
      "location-after-char-end": 0,
      "node-str": "int"
    },
    {
      "type": "insert-node",
      "node": {
        "label": "final",
        "type": "Modifier"
      },
      "location-after-char-start": 0,
      "location-after-char-end": 0,
      "node-str": "final"
    },
    {
      "type": "insert-node",
      "node": {
        "label": "public",
        "type": "Modifier"
      },
      "location-after-char-start": 0,
      "location-after-char-end": 0,
      "node-str": "public"
    },
    {
      "type": "insert-node",
      "node": {
        "label": "static",
        "type": "Modifier"
      },
      "location-after-char-start": 0,
      "location-after-char-end": 0,
      "node-str": "static"
    },
    {
      "type": "insert-node",
      "node": {
        "label": "1",
        "type": "Literal"
      },
      "location-after-char-start": 1067,
      "location-after-char-end": 1067,
      "node-str": "1"
    },
    {
      "type": "insert-node",
      "node": {
        "label": "java.util.List",
        "type": "VARIABLE_TYPE"
      },
      "location-after-char-start": 0,
      "location-after-char-end": 0,
      "node-str": "java.util.List"
    },
    {
      "type": "delete-node",
      "node": {
        "label": "public",
        "type": "Modifier"
      },
      "location-before-char-start": 0,
      "location-before-char-end": 0,
      "node-str": "public"
    },
    {
      "type": "delete-node",
      "node": {
        "label": "org.columba.core.config.DefaultItem",
        "type": "SUPER_TYPE"
      },
      "location-before-char-start": 0,
      "location-before-char-end": 0,
      "node-str": "org.columba.core.config.DefaultItem"
    },
    {
      "type": "delete-node",
      "node": {
        "label": "",
        "type": "TypeReference"
      },
      "location-before-char-start": 938,
      "location-before-char-end": 948,
      "node-str": ""
    },
    {
      "type": "delete-node",
      "node": {
        "label": "int",
        "type": "VARIABLE_TYPE"
      },
      "location-before-char-start": 0,
      "location-before-char-end": 0,
      "node-str": "int"
    },
    {
      "type": "delete-node",
      "node": {
        "label": "final",
        "type": "Modifier"
      },
      "location-before-char-start": 0,
      "location-before-char-end": 0,
      "node-str": "final"
    },
    {
      "type": "delete-node",
      "node": {
        "label": "public",
        "type": "Modifier"
      },
      "location-before-char-start": 0,
      "location-before-char-end": 0,
      "node-str": "public"
    },
    {
      "type": "delete-node",
      "node": {
        "label": "static",
        "type": "Modifier"
      },
      "location-before-char-start": 0,
      "location-before-char-end": 0,
      "node-str": "static"
    },
    {
      "type": "delete-node",
      "node": {
        "label": "0",
        "type": "Literal"
      },
      "location-before-char-start": 1004,
      "location-before-char-end": 1004,
      "node-str": "0"
    },
    {
      "type": "delete-node",
      "node": {
        "label": "MATCH_ALL",
        "type": "Field"
      },
      "location-before-char-start": 954,
      "location-before-char-end": 1005,
      "node-str": "MATCH_ALL"
    },
    {
      "type": "delete-node",
      "node": {
        "label": "int",
        "type": "VARIABLE_TYPE"
      },
      "location-before-char-start": 0,
      "location-before-char-end": 0,
      "node-str": "int"
    },
    {
      "type": "delete-node",
      "node": {
        "label": "final",
        "type": "Modifier"
      },
      "location-before-char-start": 0,
      "location-before-char-end": 0,
      "node-str": "final"
    },
    {
      "type": "delete-node",
      "node": {
        "label": "public",
        "type": "Modifier"
      },
      "location-before-char-start": 0,
      "location-before-char-end": 0,
      "node-str": "public"
    },
    {
      "type": "delete-node",
      "node": {
        "label": "static",
        "type": "Modifier"
      },
      "location-before-char-start": 0,
      "location-before-char-end": 0,
      "node-str": "static"
    },
    {
      "type": "delete-node",
      "node": {
        "label": "1",
        "type": "Literal"
      },
      "location-before-char-start": 1044,
      "location-before-char-end": 1044,
      "node-str": "1"
    },
    {
      "type": "delete-node",
      "node": {
        "label": "MATCH_ANY",
        "type": "Field"
      },
      "location-before-char-start": 1008,
      "location-before-char-end": 1045,
      "node-str": "MATCH_ANY"
    },
    {
      "type": "delete-node",
      "node": {
        "label": "java.util.Vector",
        "type": "VARIABLE_TYPE"
      },
      "location-before-char-start": 0,
      "location-before-char-end": 0,
      "node-str": "java.util.Vector"
    },
    {
      "type": "delete-node",
      "node": {
        "label": "list",
        "type": "Field"
      },
      "location-before-char-start": 1049,
      "location-before-char-end": 1095,
      "node-str": "list"
    },
    {
      "type": "delete-node",
      "node": {
        "label": "FilterRule",
        "type": "Class"
      },
      "location-before-char-start": 906,
      "location-before-char-end": 3630,
      "node-str": "FilterRule"
    }
  ],
  "before-file": {},
  "after-file": {},
  "mapping": {}
}