{
  "tool-info": {},
  "diff": [
    {
      "type": "insert-node",
      "node": {
        "label": "public",
        "type": "Modifier"
      },
      "location-after-char-start": 0,
      "location-after-char-end": 0,
      "node-str": "public"
    },
    {
      "type": "insert-node",
      "node": {
        "label": "",
        "type": "TypeReference"
      },
      "location-after-char-start": 1153,
      "location-after-char-end": 1175,
      "node-str": ""
    },
    {
      "type": "insert-node",
      "node": {
        "label": "\u003cinit\u003e",
        "type": "Constructor"
      },
      "location-after-char-start": 1183,
      "location-after-char-end": 1226,
      "node-str": "\u003cinit\u003e"
    },
    {
      "type": "insert-node",
      "node": {
        "label": "\u003cinit\u003e",
        "type": "Constructor"
      },
      "location-after-char-start": 1233,
      "location-after-char-end": 1413,
      "node-str": "\u003cinit\u003e"
    },
    {
      "type": "insert-node",
      "node": {
        "label": "org.columba.mail.folder.mailboximport.AbstractMailboxImporter",
        "type": "SUPER_TYPE"
      },
      "location-after-char-start": 0,
      "location-after-char-end": 0,
      "node-str": "org.columba.mail.folder.mailboximport.AbstractMailboxImporter"
    },
    {
      "type": "insert-node",
      "node": {
        "label": "public",
        "type": "Modifier"
      },
      "location-after-char-start": 0,
      "location-after-char-end": 0,
      "node-str": "public"
    },
    {
      "type": "insert-node",
      "node": {
        "label": "\u003cinit\u003e",
        "type": "Invocation"
      },
      "location-after-char-start": 1213,
      "location-after-char-end": 1220,
      "node-str": "\u003cinit\u003e"
    },
    {
      "type": "insert-node",
      "node": {
        "label": "public",
        "type": "Modifier"
      },
      "location-after-char-start": 0,
      "location-after-char-end": 0,
      "node-str": "public"
    },
    {
      "type": "insert-node",
      "node": {
        "label": "destinationFolder",
        "type": "Parameter"
      },
      "location-after-char-start": 1312,
      "location-after-char-end": 1337,
      "node-str": "destinationFolder"
    },
    {
      "type": "insert-node",
      "node": {
        "label": "sourceFiles",
        "type": "Parameter"
      },
      "location-after-char-start": 1340,
      "location-after-char-end": 1357,
      "node-str": "sourceFiles"
    },
    {
      "type": "insert-node",
      "node": {
        "label": "\u003cinit\u003e",
        "type": "Invocation"
      },
      "location-after-char-start": 1370,
      "location-after-char-end": 1407,
      "node-str": "\u003cinit\u003e"
    },
    {
      "type": "insert-node",
      "node": {
        "label": "org.columba.mail.folder.IMailbox",
        "type": "VARIABLE_TYPE"
      },
      "location-after-char-start": 0,
      "location-after-char-end": 0,
      "node-str": "org.columba.mail.folder.IMailbox"
    },
    {
      "type": "insert-node",
      "node": {
        "label": "java.io.File[]",
        "type": "VARIABLE_TYPE"
      },
      "location-after-char-start": 0,
      "location-after-char-end": 0,
      "node-str": "java.io.File[]"
    },
    {
      "type": "insert-node",
      "node": {
        "label": "destinationFolder",
        "type": "VariableRead"
      },
      "location-after-char-start": 1376,
      "location-after-char-end": 1392,
      "node-str": "destinationFolder"
    },
    {
      "type": "insert-node",
      "node": {
        "label": "sourceFiles",
        "type": "VariableRead"
      },
      "location-after-char-start": 1395,
      "location-after-char-end": 1405,
      "node-str": "sourceFiles"
    },
    {
      "type": "update-node",
      "node": {
        "label": "org.columba.mail.folder.AbstractMessageFolder",
        "type": "VARIABLE_TYPE"
      },
      "location-before-char-start": 0,
      "location-before-char-end": 0,
      "location-after-char-start": 0,
      "location-after-char-end": 0,
      "node-str": "org.columba.mail.folder.IMailbox"
    },
    {
      "type": "delete-node",
      "node": {
        "label": "public",
        "type": "Modifier"
      },
      "location-before-char-start": 0,
      "location-before-char-end": 0,
      "node-str": "public"
    },
    {
      "type": "delete-node",
      "node": {
        "label": "org.columba.mail.folder.mailboximport.AbstractMailboxImporter",
        "type": "SUPER_TYPE"
      },
      "location-before-char-start": 0,
      "location-before-char-end": 0,
      "node-str": "org.columba.mail.folder.mailboximport.AbstractMailboxImporter"
    },
    {
      "type": "delete-node",
      "node": {
        "label": "",
        "type": "TypeReference"
      },
      "location-before-char-start": 1166,
      "location-before-char-end": 1188,
      "node-str": ""
    },
    {
      "type": "delete-node",
      "node": {
        "label": "public",
        "type": "Modifier"
      },
      "location-before-char-start": 0,
      "location-before-char-end": 0,
      "node-str": "public"
    },
    {
      "type": "delete-node",
      "node": {
        "label": "\u003cinit\u003e",
        "type": "Invocation"
      },
      "location-before-char-start": 1226,
      "location-before-char-end": 1233,
      "node-str": "\u003cinit\u003e"
    },
    {
      "type": "delete-node",
      "node": {
        "label": "\u003cinit\u003e",
        "type": "Constructor"
      },
      "location-before-char-start": 1196,
      "location-before-char-end": 1239,
      "node-str": "\u003cinit\u003e"
    },
    {
      "type": "delete-node",
      "node": {
        "label": "public",
        "type": "Modifier"
      },
      "location-before-char-start": 0,
      "location-before-char-end": 0,
      "node-str": "public"
    },
    {
      "type": "delete-node",
      "node": {
        "label": "org.columba.mail.folder.AbstractMessageFolder",
        "type": "VARIABLE_TYPE"
      },
      "location-before-char-start": 0,
      "location-before-char-end": 0,
      "node-str": "org.columba.mail.folder.AbstractMessageFolder"
    },
    {
      "type": "delete-node",
      "node": {
        "label": "destinationFolder",
        "type": "Parameter"
      },
      "location-before-char-start": 1325,
      "location-before-char-end": 1363,
      "node-str": "destinationFolder"
    },
    {
      "type": "delete-node",
      "node": {
        "label": "java.io.File[]",
        "type": "VARIABLE_TYPE"
      },
      "location-before-char-start": 0,
      "location-before-char-end": 0,
      "node-str": "java.io.File[]"
    },
    {
      "type": "delete-node",
      "node": {
        "label": "sourceFiles",
        "type": "Parameter"
      },
      "location-before-char-start": 1366,
      "location-before-char-end": 1383,
      "node-str": "sourceFiles"
    },
    {
      "type": "delete-node",
      "node": {
        "label": "destinationFolder",
        "type": "VariableRead"
      },
      "location-before-char-start": 1402,
      "location-before-char-end": 1418,
      "node-str": "destinationFolder"
    },
    {
      "type": "delete-node",
      "node": {
        "label": "sourceFiles",
        "type": "VariableRead"
      },
      "location-before-char-start": 1421,
      "location-before-char-end": 1431,
      "node-str": "sourceFiles"
    },
    {
      "type": "delete-node",
      "node": {
        "label": "\u003cinit\u003e",
        "type": "Invocation"
      },
      "location-before-char-start": 1396,
      "location-before-char-end": 1433,
      "node-str": "\u003cinit\u003e"
    },
    {
      "type": "delete-node",
      "node": {
        "label": "\u003cinit\u003e",
        "type": "Constructor"
      },
      "location-before-char-start": 1246,
      "location-before-char-end": 1439,
      "node-str": "\u003cinit\u003e"
    }
  ],
  "before-file": {},
  "after-file": {},
  "mapping": {}
}