{
  "tool-info": {},
  "diff": [
    {
      "type": "update-node",
      "node": {
        "label": "org.eclipse.ui.internal.WorkbenchPage$19()",
        "type": "NewClass"
      },
      "location-before-char-start": 128285,
      "location-before-char-end": 128552,
      "location-after-char-start": 128362,
      "location-after-char-end": 128629,
      "node-str": "org.eclipse.ui.internal.WorkbenchPage$20()"
    },
    {
      "type": "update-node",
      "node": {
        "label": "org.eclipse.ui.internal.WorkbenchPage$21()",
        "type": "NewClass"
      },
      "location-before-char-start": 164100,
      "location-before-char-end": 165036,
      "location-after-char-start": 164177,
      "location-after-char-end": 165113,
      "node-str": "org.eclipse.ui.internal.WorkbenchPage$22()"
    },
    {
      "type": "update-node",
      "node": {
        "label": "org.eclipse.ui.internal.WorkbenchPage$22()",
        "type": "NewClass"
      },
      "location-before-char-start": 168919,
      "location-before-char-end": 169823,
      "location-after-char-start": 168996,
      "location-after-char-end": 169900,
      "node-str": "org.eclipse.ui.internal.WorkbenchPage$23()"
    },
    {
      "type": "update-node",
      "node": {
        "label": "org.eclipse.ui.internal.WorkbenchPage$13()",
        "type": "NewClass"
      },
      "location-before-char-start": 102492,
      "location-before-char-end": 102619,
      "location-after-char-start": 102569,
      "location-after-char-end": 102696,
      "node-str": "org.eclipse.ui.internal.WorkbenchPage$14()"
    },
    {
      "type": "update-node",
      "node": {
        "label": "14",
        "type": "Class"
      },
      "location-before-char-start": 103148,
      "location-before-char-end": 103232,
      "location-after-char-start": 103225,
      "location-after-char-end": 103309,
      "node-str": "15"
    },
    {
      "type": "update-node",
      "node": {
        "label": "org.eclipse.ui.internal.WorkbenchPage$18()",
        "type": "NewClass"
      },
      "location-before-char-start": 124735,
      "location-before-char-end": 124864,
      "location-after-char-start": 124812,
      "location-after-char-end": 124941,
      "node-str": "org.eclipse.ui.internal.WorkbenchPage$19()"
    },
    {
      "type": "update-node",
      "node": {
        "label": "19",
        "type": "Class"
      },
      "location-before-char-start": 128300,
      "location-before-char-end": 128552,
      "location-after-char-start": 128377,
      "location-after-char-end": 128629,
      "node-str": "20"
    },
    {
      "type": "update-node",
      "node": {
        "label": "21",
        "type": "Class"
      },
      "location-before-char-start": 164115,
      "location-before-char-end": 165036,
      "location-after-char-start": 164192,
      "location-after-char-end": 165113,
      "node-str": "22"
    },
    {
      "type": "update-node",
      "node": {
        "label": "22",
        "type": "Class"
      },
      "location-before-char-start": 168934,
      "location-before-char-end": 169823,
      "location-after-char-start": 169011,
      "location-after-char-end": 169900,
      "node-str": "23"
    },
    {
      "type": "update-node",
      "node": {
        "label": "13",
        "type": "Class"
      },
      "location-before-char-start": 102507,
      "location-before-char-end": 102619,
      "location-after-char-start": 102584,
      "location-after-char-end": 102696,
      "node-str": "14"
    },
    {
      "type": "update-node",
      "node": {
        "label": "17",
        "type": "Class"
      },
      "location-before-char-start": 111635,
      "location-before-char-end": 111727,
      "location-after-char-start": 111712,
      "location-after-char-end": 111804,
      "node-str": "18"
    },
    {
      "type": "update-node",
      "node": {
        "label": "18",
        "type": "Class"
      },
      "location-before-char-start": 124750,
      "location-before-char-end": 124864,
      "location-after-char-start": 124827,
      "location-after-char-end": 124941,
      "node-str": "19"
    },
    {
      "type": "update-node",
      "node": {
        "label": "org.eclipse.ui.internal.WorkbenchPage$20()",
        "type": "NewClass"
      },
      "location-before-char-start": 154814,
      "location-before-char-end": 155276,
      "location-after-char-start": 154891,
      "location-after-char-end": 155353,
      "node-str": "org.eclipse.ui.internal.WorkbenchPage$21()"
    },
    {
      "type": "update-node",
      "node": {
        "label": "20",
        "type": "Class"
      },
      "location-before-char-start": 154831,
      "location-before-char-end": 155276,
      "location-after-char-start": 154908,
      "location-after-char-end": 155353,
      "node-str": "21"
    },
    {
      "type": "update-node",
      "node": {
        "label": "org.eclipse.ui.internal.WorkbenchPage$14",
        "type": "TypeAccess"
      },
      "location-before-char-start": 0,
      "location-before-char-end": 0,
      "location-after-char-start": 0,
      "location-after-char-end": 0,
      "node-str": "org.eclipse.ui.internal.WorkbenchPage$15"
    },
    {
      "type": "update-node",
      "node": {
        "label": "15",
        "type": "Class"
      },
      "location-before-char-start": 107435,
      "location-before-char-end": 108204,
      "location-after-char-start": 107512,
      "location-after-char-end": 108281,
      "node-str": "16"
    },
    {
      "type": "update-node",
      "node": {
        "label": "org.eclipse.ui.internal.WorkbenchPage$13",
        "type": "TypeAccess"
      },
      "location-before-char-start": 0,
      "location-before-char-end": 0,
      "location-after-char-start": 0,
      "location-after-char-end": 0,
      "node-str": "org.eclipse.ui.internal.WorkbenchPage$14"
    },
    {
      "type": "update-node",
      "node": {
        "label": "16",
        "type": "Class"
      },
      "location-before-char-start": 110196,
      "location-before-char-end": 110799,
      "location-after-char-start": 110273,
      "location-after-char-end": 110876,
      "node-str": "17"
    },
    {
      "type": "update-node",
      "node": {
        "label": "org.eclipse.ui.internal.WorkbenchPage$17",
        "type": "TypeAccess"
      },
      "location-before-char-start": 0,
      "location-before-char-end": 0,
      "location-after-char-start": 0,
      "location-after-char-end": 0,
      "node-str": "org.eclipse.ui.internal.WorkbenchPage$18"
    },
    {
      "type": "update-node",
      "node": {
        "label": "org.eclipse.ui.internal.WorkbenchPage$18",
        "type": "TypeAccess"
      },
      "location-before-char-start": 0,
      "location-before-char-end": 0,
      "location-after-char-start": 0,
      "location-after-char-end": 0,
      "node-str": "org.eclipse.ui.internal.WorkbenchPage$19"
    },
    {
      "type": "insert-node",
      "node": {
        "label": "org.eclipse.jface.dialogs.MessageDialog(\u003cunknown\u003e,java.lang.String[],int)",
        "type": "NewClass"
      },
      "location-after-char-start": 92494,
      "location-after-char-end": 93149,
      "node-str": "org.eclipse.jface.dialogs.MessageDialog(\u003cunknown\u003e,java.lang.String[],int)"
    },
    {
      "type": "update-node",
      "node": {
        "label": "org.eclipse.ui.internal.WorkbenchPage$19",
        "type": "TypeAccess"
      },
      "location-before-char-start": 0,
      "location-before-char-end": 0,
      "location-after-char-start": 0,
      "location-after-char-end": 0,
      "node-str": "org.eclipse.ui.internal.WorkbenchPage$20"
    },
    {
      "type": "update-node",
      "node": {
        "label": "org.eclipse.ui.internal.WorkbenchPage$22",
        "type": "TypeAccess"
      },
      "location-before-char-start": 0,
      "location-before-char-end": 0,
      "location-after-char-start": 0,
      "location-after-char-end": 0,
      "node-str": "org.eclipse.ui.internal.WorkbenchPage$23"
    },
    {
      "type": "move-subtree",
      "node": {
        "label": "getShell",
        "type": "Invocation"
      },
      "location-before-char-start": 92541,
      "location-before-char-end": 92571,
      "location-after-char-start": 92541,
      "location-after-char-end": 92571,
      "node-str": "getShell"
    },
    {
      "type": "move-subtree",
      "node": {
        "label": "Save",
        "type": "FieldRead"
      },
      "location-before-char-start": 92602,
      "location-before-char-end": 92623,
      "location-after-char-start": 92602,
      "location-after-char-end": 92623,
      "node-str": "Save"
    },
    {
      "type": "insert-node",
      "node": {
        "label": "null",
        "type": "Literal"
      },
      "location-after-char-start": 92655,
      "location-after-char-end": 92658,
      "node-str": "null"
    },
    {
      "type": "move-subtree",
      "node": {
        "label": "bind",
        "type": "Invocation"
      },
      "location-before-char-start": 92723,
      "location-before-char-end": 92804,
      "location-after-char-start": 92723,
      "location-after-char-end": 92804,
      "node-str": "bind"
    },
    {
      "type": "move-subtree",
      "node": {
        "label": "QUESTION",
        "type": "FieldRead"
      },
      "location-before-char-start": 92836,
      "location-before-char-end": 92857,
      "location-after-char-start": 92836,
      "location-after-char-end": 92857,
      "node-str": "QUESTION"
    },
    {
      "type": "move-subtree",
      "node": {
        "label": "",
        "type": "NewArray"
      },
      "location-before-char-start": 92860,
      "location-before-char-end": 93068,
      "location-after-char-start": 92860,
      "location-after-char-end": 93041,
      "node-str": ""
    },
    {
      "type": "insert-node",
      "node": {
        "label": "0",
        "type": "Literal"
      },
      "location-after-char-start": 93044,
      "location-after-char-end": 93044,
      "node-str": "0"
    },
    {
      "type": "insert-node",
      "node": {
        "label": "12",
        "type": "Class"
      },
      "location-after-char-start": 93047,
      "location-after-char-end": 93149,
      "node-str": "12"
    },
    {
      "type": "insert-node",
      "node": {
        "label": "",
        "type": "TypeReference"
      },
      "location-after-char-start": 0,
      "location-after-char-end": 0,
      "node-str": ""
    },
    {
      "type": "insert-node",
      "node": {
        "label": "getShellStyle",
        "type": "Method"
      },
      "location-after-char-start": 93055,
      "location-after-char-end": 93142,
      "node-str": "getShellStyle"
    },
    {
      "type": "update-node",
      "node": {
        "label": "org.eclipse.ui.internal.WorkbenchPage$22",
        "type": "TypeAccess"
      },
      "location-before-char-start": 0,
      "location-before-char-end": 0,
      "location-after-char-start": 0,
      "location-after-char-end": 0,
      "node-str": "org.eclipse.ui.internal.WorkbenchPage$23"
    },
    {
      "type": "insert-node",
      "node": {
        "label": "org.eclipse.jface.dialogs.MessageDialog",
        "type": "SUPER_TYPE"
      },
      "location-after-char-start": 0,
      "location-after-char-end": 0,
      "node-str": "org.eclipse.jface.dialogs.MessageDialog"
    },
    {
      "type": "insert-node",
      "node": {
        "label": "int",
        "type": "RETURN_TYPE"
      },
      "location-after-char-start": 0,
      "location-after-char-end": 0,
      "node-str": "int"
    },
    {
      "type": "insert-node",
      "node": {
        "label": "protected",
        "type": "Modifier"
      },
      "location-after-char-start": 0,
      "location-after-char-end": 0,
      "node-str": "protected"
    },
    {
      "type": "insert-node",
      "node": {
        "label": "return",
        "type": "Return"
      },
      "location-after-char-start": 93094,
      "location-after-char-end": 93134,
      "node-str": "return"
    },
    {
      "type": "insert-node",
      "node": {
        "label": "BITOR",
        "type": "BinaryOperator"
      },
      "location-after-char-start": 93101,
      "location-after-char-end": 93133,
      "node-str": "BITOR"
    },
    {
      "type": "update-node",
      "node": {
        "label": "12",
        "type": "Class"
      },
      "location-before-char-start": 93396,
      "location-before-char-end": 93785,
      "location-after-char-start": 93473,
      "location-after-char-end": 93862,
      "node-str": "13"
    },
    {
      "type": "update-node",
      "node": {
        "label": "org.eclipse.ui.internal.WorkbenchPage$22",
        "type": "TypeAccess"
      },
      "location-before-char-start": 0,
      "location-before-char-end": 0,
      "location-after-char-start": 0,
      "location-after-char-end": 0,
      "node-str": "org.eclipse.ui.internal.WorkbenchPage$23"
    },
    {
      "type": "insert-node",
      "node": {
        "label": "getShellStyle",
        "type": "Invocation"
      },
      "location-after-char-start": 93101,
      "location-after-char-end": 93121,
      "node-str": "getShellStyle"
    },
    {
      "type": "insert-node",
      "node": {
        "label": "SHEET",
        "type": "FieldRead"
      },
      "location-after-char-start": 93125,
      "location-after-char-end": 93133,
      "node-str": "SHEET"
    },
    {
      "type": "insert-node",
      "node": {
        "label": "super",
        "type": "SuperAccess"
      },
      "location-after-char-start": 93101,
      "location-after-char-end": 93105,
      "node-str": "super"
    },
    {
      "type": "insert-node",
      "node": {
        "label": "org.eclipse.swt.SWT",
        "type": "TypeAccess"
      },
      "location-after-char-start": 0,
      "location-after-char-end": 0,
      "node-str": "org.eclipse.swt.SWT"
    },
    {
      "type": "delete-node",
      "node": {
        "label": "null",
        "type": "Literal"
      },
      "location-before-char-start": 92655,
      "location-before-char-end": 92658,
      "node-str": "null"
    },
    {
      "type": "delete-node",
      "node": {
        "label": "0",
        "type": "Literal"
      },
      "location-before-char-start": 93071,
      "location-before-char-end": 93071,
      "node-str": "0"
    },
    {
      "type": "delete-node",
      "node": {
        "label": "java.lang.Object()",
        "type": "ConstructorCall"
      },
      "location-before-char-start": 92494,
      "location-before-char-end": 93072,
      "node-str": "java.lang.Object()"
    }
  ],
  "before-file": {},
  "after-file": {},
  "mapping": {}
}