{
  "tool-info": {},
  "diff": [
    {
      "type": "insert-node",
      "node": {
        "label": "public",
        "type": "Modifier"
      },
      "location-after-char-start": 0,
      "location-after-char-end": 0,
      "node-str": "public"
    },
    {
      "type": "insert-node",
      "node": {
        "label": "checkRFC2505",
        "type": "Method"
      },
      "location-after-char-start": 3837,
      "location-after-char-end": 5089,
      "node-str": "checkRFC2505"
    },
    {
      "type": "insert-node",
      "node": {
        "label": "boolean",
        "type": "RETURN_TYPE"
      },
      "location-after-char-start": 0,
      "location-after-char-end": 0,
      "node-str": "boolean"
    },
    {
      "type": "insert-node",
      "node": {
        "label": "email",
        "type": "Parameter"
      },
      "location-after-char-start": 3866,
      "location-after-char-end": 3877,
      "node-str": "email"
    },
    {
      "type": "move-subtree",
      "node": {
        "label": "domain",
        "type": "LocalVariable"
      },
      "location-before-char-start": 6456,
      "location-before-char-end": 6488,
      "location-after-char-start": 3944,
      "location-after-char-end": 3976,
      "node-str": "domain"
    },
    {
      "type": "insert-node",
      "node": {
        "label": "if",
        "type": "If"
      },
      "location-after-char-start": 3986,
      "location-after-char-end": 5061,
      "node-str": "if"
    },
    {
      "type": "insert-node",
      "node": {
        "label": "return",
        "type": "Return"
      },
      "location-after-char-start": 5071,
      "location-after-char-end": 5083,
      "node-str": "return"
    },
    {
      "type": "insert-node",
      "node": {
        "label": "void",
        "type": "RETURN_TYPE"
      },
      "location-after-char-start": 0,
      "location-after-char-end": 0,
      "node-str": "void"
    },
    {
      "type": "insert-node",
      "node": {
        "label": "java.lang.Exception",
        "type": "THROWS"
      },
      "location-after-char-start": 0,
      "location-after-char-end": 0,
      "node-str": "java.lang.Exception"
    },
    {
      "type": "insert-node",
      "node": {
        "label": "public",
        "type": "Modifier"
      },
      "location-after-char-start": 0,
      "location-after-char-end": 0,
      "node-str": "public"
    },
    {
      "type": "insert-node",
      "node": {
        "label": "java.lang.String",
        "type": "VARIABLE_TYPE"
      },
      "location-after-char-start": 0,
      "location-after-char-end": 0,
      "node-str": "java.lang.String"
    },
    {
      "type": "move-subtree",
      "node": {
        "label": "NE",
        "type": "BinaryOperator"
      },
      "location-before-char-start": 6551,
      "location-before-char-end": 6564,
      "location-after-char-start": 3990,
      "location-after-char-end": 4003,
      "node-str": "NE"
    },
    {
      "type": "insert-node",
      "node": {
        "label": "THEN",
        "type": "then"
      },
      "location-after-char-start": 4014,
      "location-after-char-end": 5061,
      "node-str": "THEN"
    },
    {
      "type": "insert-node",
      "node": {
        "label": "false",
        "type": "Literal"
      },
      "location-after-char-start": 5078,
      "location-after-char-end": 5082,
      "node-str": "false"
    },
    {
      "type": "insert-node",
      "node": {
        "label": "records",
        "type": "LocalVariable"
      },
      "location-after-char-start": 4084,
      "location-after-char-end": 4133,
      "node-str": "records"
    },
    {
      "type": "insert-node",
      "node": {
        "label": "if",
        "type": "If"
      },
      "location-after-char-start": 4147,
      "location-after-char-end": 4245,
      "node-str": "if"
    },
    {
      "type": "insert-node",
      "node": {
        "label": "fullDomain",
        "type": "LocalVariable"
      },
      "location-after-char-start": 4360,
      "location-after-char-end": 4417,
      "node-str": "fullDomain"
    },
    {
      "type": "insert-node",
      "node": {
        "label": "\u003d",
        "type": "Assignment"
      },
      "location-after-char-start": 4431,
      "location-after-char-end": 4475,
      "node-str": "\u003d"
    },
    {
      "type": "insert-node",
      "node": {
        "label": "if",
        "type": "If"
      },
      "location-after-char-start": 4489,
      "location-after-char-end": 4587,
      "node-str": "if"
    },
    {
      "type": "insert-node",
      "node": {
        "label": "\u003d",
        "type": "Assignment"
      },
      "location-after-char-start": 4662,
      "location-after-char-end": 4703,
      "node-str": "\u003d"
    },
    {
      "type": "insert-node",
      "node": {
        "label": "if",
        "type": "If"
      },
      "location-after-char-start": 4717,
      "location-after-char-end": 4815,
      "node-str": "if"
    },
    {
      "type": "insert-node",
      "node": {
        "label": "\u003d",
        "type": "Assignment"
      },
      "location-after-char-start": 4894,
      "location-after-char-end": 4939,
      "node-str": "\u003d"
    },
    {
      "type": "insert-node",
      "node": {
        "label": "if",
        "type": "If"
      },
      "location-after-char-start": 4953,
      "location-after-char-end": 5051,
      "node-str": "if"
    },
    {
      "type": "insert-node",
      "node": {
        "label": "if",
        "type": "If"
      },
      "location-after-char-start": 7520,
      "location-after-char-end": 8328,
      "node-str": "if"
    },
    {
      "type": "insert-node",
      "node": {
        "label": "org.xbill.DNS.Record[]",
        "type": "VARIABLE_TYPE"
      },
      "location-after-char-start": 0,
      "location-after-char-end": 0,
      "node-str": "org.xbill.DNS.Record[]"
    },
    {
      "type": "move-subtree",
      "node": {
        "label": "getRecords",
        "type": "Invocation"
      },
      "location-before-char-start": 6615,
      "location-before-char-end": 6644,
      "location-after-char-start": 4103,
      "location-after-char-end": 4132,
      "node-str": "getRecords"
    },
    {
      "type": "insert-node",
      "node": {
        "label": "OR",
        "type": "BinaryOperator"
      },
      "location-after-char-start": 4151,
      "location-after-char-end": 4187,
      "node-str": "OR"
    },
    {
      "type": "insert-node",
      "node": {
        "label": "THEN",
        "type": "then"
      },
      "location-after-char-start": 4202,
      "location-after-char-end": 4245,
      "node-str": "THEN"
    },
    {
      "type": "insert-node",
      "node": {
        "label": "java.lang.String",
        "type": "VARIABLE_TYPE"
      },
      "location-after-char-start": 0,
      "location-after-char-end": 0,
      "node-str": "java.lang.String"
    },
    {
      "type": "move-subtree",
      "node": {
        "label": "substring",
        "type": "Invocation"
      },
      "location-before-char-start": 6891,
      "location-before-char-end": 6927,
      "location-after-char-start": 4380,
      "location-after-char-end": 4416,
      "node-str": "substring"
    },
    {
      "type": "insert-node",
      "node": {
        "label": "records",
        "type": "VariableWrite"
      },
      "location-after-char-start": 4431,
      "location-after-char-end": 4437,
      "node-str": "records"
    },
    {
      "type": "insert-node",
      "node": {
        "label": "getRecords",
        "type": "Invocation"
      },
      "location-after-char-start": 4441,
      "location-after-char-end": 4474,
      "node-str": "getRecords"
    },
    {
      "type": "insert-node",
      "node": {
        "label": "OR",
        "type": "BinaryOperator"
      },
      "location-after-char-start": 4493,
      "location-after-char-end": 4529,
      "node-str": "OR"
    },
    {
      "type": "insert-node",
      "node": {
        "label": "THEN",
        "type": "then"
      },
      "location-after-char-start": 4544,
      "location-after-char-end": 4587,
      "node-str": "THEN"
    },
    {
      "type": "insert-node",
      "node": {
        "label": "records",
        "type": "VariableWrite"
      },
      "location-after-char-start": 4662,
      "location-after-char-end": 4668,
      "node-str": "records"
    },
    {
      "type": "insert-node",
      "node": {
        "label": "getRecords",
        "type": "Invocation"
      },
      "location-after-char-start": 4672,
      "location-after-char-end": 4702,
      "node-str": "getRecords"
    },
    {
      "type": "insert-node",
      "node": {
        "label": "OR",
        "type": "BinaryOperator"
      },
      "location-after-char-start": 4721,
      "location-after-char-end": 4757,
      "node-str": "OR"
    },
    {
      "type": "insert-node",
      "node": {
        "label": "THEN",
        "type": "then"
      },
      "location-after-char-start": 4772,
      "location-after-char-end": 4815,
      "node-str": "THEN"
    },
    {
      "type": "insert-node",
      "node": {
        "label": "records",
        "type": "VariableWrite"
      },
      "location-after-char-start": 4894,
      "location-after-char-end": 4900,
      "node-str": "records"
    },
    {
      "type": "insert-node",
      "node": {
        "label": "getRecords",
        "type": "Invocation"
      },
      "location-after-char-start": 4904,
      "location-after-char-end": 4938,
      "node-str": "getRecords"
    },
    {
      "type": "insert-node",
      "node": {
        "label": "OR",
        "type": "BinaryOperator"
      },
      "location-after-char-start": 4957,
      "location-after-char-end": 4993,
      "node-str": "OR"
    },
    {
      "type": "insert-node",
      "node": {
        "label": "THEN",
        "type": "then"
      },
      "location-after-char-start": 5008,
      "location-after-char-end": 5051,
      "node-str": "THEN"
    },
    {
      "type": "insert-node",
      "node": {
        "label": "getBoolean",
        "type": "Invocation"
      },
      "location-after-char-start": 7524,
      "location-after-char-end": 7626,
      "node-str": "getBoolean"
    },
    {
      "type": "insert-node",
      "node": {
        "label": "THEN",
        "type": "then"
      },
      "location-after-char-start": 7641,
      "location-after-char-end": 8328,
      "node-str": "THEN"
    },
    {
      "type": "insert-node",
      "node": {
        "label": "NE",
        "type": "BinaryOperator"
      },
      "location-after-char-start": 4151,
      "location-after-char-end": 4165,
      "node-str": "NE"
    },
    {
      "type": "insert-node",
      "node": {
        "label": "GT",
        "type": "BinaryOperator"
      },
      "location-after-char-start": 4170,
      "location-after-char-end": 4187,
      "node-str": "GT"
    },
    {
      "type": "insert-node",
      "node": {
        "label": "return",
        "type": "Return"
      },
      "location-after-char-start": 4220,
      "location-after-char-end": 4231,
      "node-str": "return"
    },
    {
      "type": "insert-node",
      "node": {
        "label": "dns",
        "type": "FieldRead"
      },
      "location-after-char-start": 4441,
      "location-after-char-end": 4443,
      "node-str": "dns"
    },
    {
      "type": "insert-node",
      "node": {
        "label": "fullDomain",
        "type": "VariableRead"
      },
      "location-after-char-start": 4456,
      "location-after-char-end": 4465,
      "node-str": "fullDomain"
    },
    {
      "type": "insert-node",
      "node": {
        "label": "Type.A",
        "type": "TypeAccess"
      },
      "location-after-char-start": 4468,
      "location-after-char-end": 4473,
      "node-str": "Type.A"
    },
    {
      "type": "insert-node",
      "node": {
        "label": "NE",
        "type": "BinaryOperator"
      },
      "location-after-char-start": 4493,
      "location-after-char-end": 4507,
      "node-str": "NE"
    },
    {
      "type": "insert-node",
      "node": {
        "label": "GT",
        "type": "BinaryOperator"
      },
      "location-after-char-start": 4512,
      "location-after-char-end": 4529,
      "node-str": "GT"
    },
    {
      "type": "insert-node",
      "node": {
        "label": "return",
        "type": "Return"
      },
      "location-after-char-start": 4562,
      "location-after-char-end": 4573,
      "node-str": "return"
    },
    {
      "type": "insert-node",
      "node": {
        "label": "dns",
        "type": "FieldRead"
      },
      "location-after-char-start": 4672,
      "location-after-char-end": 4674,
      "node-str": "dns"
    },
    {
      "type": "insert-node",
      "node": {
        "label": "domain",
        "type": "VariableRead"
      },
      "location-after-char-start": 4687,
      "location-after-char-end": 4692,
      "node-str": "domain"
    },
    {
      "type": "insert-node",
      "node": {
        "label": "Type.MX",
        "type": "TypeAccess"
      },
      "location-after-char-start": 4695,
      "location-after-char-end": 4701,
      "node-str": "Type.MX"
    },
    {
      "type": "insert-node",
      "node": {
        "label": "NE",
        "type": "BinaryOperator"
      },
      "location-after-char-start": 4721,
      "location-after-char-end": 4735,
      "node-str": "NE"
    },
    {
      "type": "insert-node",
      "node": {
        "label": "GT",
        "type": "BinaryOperator"
      },
      "location-after-char-start": 4740,
      "location-after-char-end": 4757,
      "node-str": "GT"
    },
    {
      "type": "insert-node",
      "node": {
        "label": "return",
        "type": "Return"
      },
      "location-after-char-start": 4790,
      "location-after-char-end": 4801,
      "node-str": "return"
    },
    {
      "type": "insert-node",
      "node": {
        "label": "dns",
        "type": "FieldRead"
      },
      "location-after-char-start": 4904,
      "location-after-char-end": 4906,
      "node-str": "dns"
    },
    {
      "type": "insert-node",
      "node": {
        "label": "fullDomain",
        "type": "VariableRead"
      },
      "location-after-char-start": 4919,
      "location-after-char-end": 4928,
      "node-str": "fullDomain"
    },
    {
      "type": "insert-node",
      "node": {
        "label": "Type.MX",
        "type": "TypeAccess"
      },
      "location-after-char-start": 4931,
      "location-after-char-end": 4937,
      "node-str": "Type.MX"
    },
    {
      "type": "insert-node",
      "node": {
        "label": "NE",
        "type": "BinaryOperator"
      },
      "location-after-char-start": 4957,
      "location-after-char-end": 4971,
      "node-str": "NE"
    },
    {
      "type": "insert-node",
      "node": {
        "label": "GT",
        "type": "BinaryOperator"
      },
      "location-after-char-start": 4976,
      "location-after-char-end": 4993,
      "node-str": "GT"
    },
    {
      "type": "insert-node",
      "node": {
        "label": "return",
        "type": "Return"
      },
      "location-after-char-start": 5026,
      "location-after-char-end": 5037,
      "node-str": "return"
    },
    {
      "type": "move-subtree",
      "node": {
        "label": "getConfiguration",
        "type": "Invocation"
      },
      "location-before-char-start": 6264,
      "location-before-char-end": 6289,
      "location-after-char-start": 7524,
      "location-after-char-end": 7549,
      "node-str": "getConfiguration"
    },
    {
      "type": "insert-node",
      "node": {
        "label": "\"scarab.register.email.checkRFC2505\"",
        "type": "Literal"
      },
      "location-after-char-start": 7583,
      "location-after-char-end": 7618,
      "node-str": "\"scarab.register.email.checkRFC2505\""
    },
    {
      "type": "insert-node",
      "node": {
        "label": "false",
        "type": "Literal"
      },
      "location-after-char-start": 7621,
      "location-after-char-end": 7625,
      "node-str": "false"
    },
    {
      "type": "insert-node",
      "node": {
        "label": "if",
        "type": "If"
      },
      "location-after-char-start": 7659,
      "location-after-char-end": 8314,
      "node-str": "if"
    },
    {
      "type": "insert-node",
      "node": {
        "label": "records",
        "type": "VariableRead"
      },
      "location-after-char-start": 4151,
      "location-after-char-end": 4157,
      "node-str": "records"
    },
    {
      "type": "insert-node",
      "node": {
        "label": "null",
        "type": "Literal"
      },
      "location-after-char-start": 4162,
      "location-after-char-end": 4165,
      "node-str": "null"
    },
    {
      "type": "insert-node",
      "node": {
        "label": "length",
        "type": "FieldRead"
      },
      "location-after-char-start": 4170,
      "location-after-char-end": 4183,
      "node-str": "length"
    },
    {
      "type": "insert-node",
      "node": {
        "label": "0",
        "type": "Literal"
      },
      "location-after-char-start": 4187,
      "location-after-char-end": 4187,
      "node-str": "0"
    },
    {
      "type": "insert-node",
      "node": {
        "label": "true",
        "type": "Literal"
      },
      "location-after-char-start": 4227,
      "location-after-char-end": 4230,
      "node-str": "true"
    },
    {
      "type": "insert-node",
      "node": {
        "label": "records",
        "type": "VariableRead"
      },
      "location-after-char-start": 4493,
      "location-after-char-end": 4499,
      "node-str": "records"
    },
    {
      "type": "insert-node",
      "node": {
        "label": "null",
        "type": "Literal"
      },
      "location-after-char-start": 4504,
      "location-after-char-end": 4507,
      "node-str": "null"
    },
    {
      "type": "move-subtree",
      "node": {
        "label": "length",
        "type": "FieldRead"
      },
      "location-before-char-start": 6690,
      "location-before-char-end": 6703,
      "location-after-char-start": 4512,
      "location-after-char-end": 4525,
      "node-str": "length"
    },
    {
      "type": "insert-node",
      "node": {
        "label": "0",
        "type": "Literal"
      },
      "location-after-char-start": 4529,
      "location-after-char-end": 4529,
      "node-str": "0"
    },
    {
      "type": "insert-node",
      "node": {
        "label": "true",
        "type": "Literal"
      },
      "location-after-char-start": 4569,
      "location-after-char-end": 4572,
      "node-str": "true"
    },
    {
      "type": "insert-node",
      "node": {
        "label": "records",
        "type": "VariableRead"
      },
      "location-after-char-start": 4721,
      "location-after-char-end": 4727,
      "node-str": "records"
    },
    {
      "type": "insert-node",
      "node": {
        "label": "null",
        "type": "Literal"
      },
      "location-after-char-start": 4732,
      "location-after-char-end": 4735,
      "node-str": "null"
    },
    {
      "type": "move-subtree",
      "node": {
        "label": "length",
        "type": "FieldRead"
      },
      "location-before-char-start": 7043,
      "location-before-char-end": 7056,
      "location-after-char-start": 4740,
      "location-after-char-end": 4753,
      "node-str": "length"
    },
    {
      "type": "insert-node",
      "node": {
        "label": "0",
        "type": "Literal"
      },
      "location-after-char-start": 4757,
      "location-after-char-end": 4757,
      "node-str": "0"
    },
    {
      "type": "insert-node",
      "node": {
        "label": "true",
        "type": "Literal"
      },
      "location-after-char-start": 4797,
      "location-after-char-end": 4800,
      "node-str": "true"
    },
    {
      "type": "insert-node",
      "node": {
        "label": "records",
        "type": "VariableRead"
      },
      "location-after-char-start": 4957,
      "location-after-char-end": 4963,
      "node-str": "records"
    },
    {
      "type": "insert-node",
      "node": {
        "label": "null",
        "type": "Literal"
      },
      "location-after-char-start": 4968,
      "location-after-char-end": 4971,
      "node-str": "null"
    },
    {
      "type": "insert-node",
      "node": {
        "label": "length",
        "type": "FieldRead"
      },
      "location-after-char-start": 4976,
      "location-after-char-end": 4989,
      "node-str": "length"
    },
    {
      "type": "insert-node",
      "node": {
        "label": "0",
        "type": "Literal"
      },
      "location-after-char-start": 4993,
      "location-after-char-end": 4993,
      "node-str": "0"
    },
    {
      "type": "insert-node",
      "node": {
        "label": "true",
        "type": "Literal"
      },
      "location-after-char-start": 5033,
      "location-after-char-end": 5036,
      "node-str": "true"
    },
    {
      "type": "insert-node",
      "node": {
        "label": "NOT",
        "type": "UnaryOperator"
      },
      "location-after-char-start": 7663,
      "location-after-char-end": 7682,
      "node-str": "NOT"
    },
    {
      "type": "insert-node",
      "node": {
        "label": "THEN",
        "type": "then"
      },
      "location-after-char-start": 7701,
      "location-after-char-end": 8314,
      "node-str": "THEN"
    },
    {
      "type": "insert-node",
      "node": {
        "label": "records",
        "type": "VariableRead"
      },
      "location-after-char-start": 4170,
      "location-after-char-end": 4183,
      "node-str": "records"
    },
    {
      "type": "insert-node",
      "node": {
        "label": "records",
        "type": "VariableRead"
      },
      "location-after-char-start": 4976,
      "location-after-char-end": 4989,
      "node-str": "records"
    },
    {
      "type": "insert-node",
      "node": {
        "label": "checkRFC2505",
        "type": "Invocation"
      },
      "location-after-char-start": 7664,
      "location-after-char-end": 7682,
      "node-str": "checkRFC2505"
    },
    {
      "type": "move-subtree",
      "node": {
        "label": "setTarget",
        "type": "Invocation"
      },
      "location-before-char-start": 7143,
      "location-before-char-end": 7168,
      "location-after-char-start": 7723,
      "location-after-char-end": 7748,
      "node-str": "setTarget"
    },
    {
      "type": "insert-node",
      "node": {
        "label": "setAlertMessage",
        "type": "Invocation"
      },
      "location-after-char-start": 7770,
      "location-after-char-end": 8268,
      "node-str": "setAlertMessage"
    },
    {
      "type": "insert-node",
      "node": {
        "label": "return",
        "type": "Return"
      },
      "location-after-char-start": 8290,
      "location-after-char-end": 8296,
      "node-str": "return"
    },
    {
      "type": "insert-node",
      "node": {
        "label": "org.tigris.scarab.actions.Register",
        "type": "TypeAccess"
      },
      "location-after-char-start": 0,
      "location-after-char-end": 0,
      "node-str": "org.tigris.scarab.actions.Register"
    },
    {
      "type": "insert-node",
      "node": {
        "label": "email",
        "type": "VariableRead"
      },
      "location-after-char-start": 7677,
      "location-after-char-end": 7681,
      "node-str": "email"
    },
    {
      "type": "move-subtree",
      "node": {
        "label": "getScarabRequestTool",
        "type": "Invocation"
      },
      "location-before-char-start": 7198,
      "location-before-char-end": 7226,
      "location-after-char-start": 7770,
      "location-after-char-end": 7798,
      "node-str": "getScarabRequestTool"
    },
    {
      "type": "insert-node",
      "node": {
        "label": "PLUS",
        "type": "BinaryOperator"
      },
      "location-after-char-start": 7841,
      "location-after-char-end": 8266,
      "node-str": "PLUS"
    },
    {
      "type": "insert-node",
      "node": {
        "label": "PLUS",
        "type": "BinaryOperator"
      },
      "location-after-char-start": 7841,
      "location-after-char-end": 8166,
      "node-str": "PLUS"
    },
    {
      "type": "insert-node",
      "node": {
        "label": "\"Please try another email address or contact your system administrator.\"",
        "type": "Literal"
      },
      "location-after-char-start": 8195,
      "location-after-char-end": 8266,
      "node-str": "\"Please try another email address or contact your system administrator.\""
    },
    {
      "type": "insert-node",
      "node": {
        "label": "PLUS",
        "type": "BinaryOperator"
      },
      "location-after-char-start": 7841,
      "location-after-char-end": 8068,
      "node-str": "PLUS"
    },
    {
      "type": "insert-node",
      "node": {
        "label": "\"Please see ftp://ftp.isi.edu/in-notes/rfc2505.txt for more details. \"",
        "type": "Literal"
      },
      "location-after-char-start": 8097,
      "location-after-char-end": 8166,
      "node-str": "\"Please see ftp://ftp.isi.edu/in-notes/rfc2505.txt for more details. \""
    },
    {
      "type": "insert-node",
      "node": {
        "label": "PLUS",
        "type": "BinaryOperator"
      },
      "location-after-char-start": 7841,
      "location-after-char-end": 7963,
      "node-str": "PLUS"
    },
    {
      "type": "insert-node",
      "node": {
        "label": "\"It is likely that the domain is invalid and that we cannot send you email. \"",
        "type": "Literal"
      },
      "location-after-char-start": 7992,
      "location-after-char-end": 8068,
      "node-str": "\"It is likely that the domain is invalid and that we cannot send you email. \""
    },
    {
      "type": "insert-node",
      "node": {
        "label": "PLUS",
        "type": "BinaryOperator"
      },
      "location-after-char-start": 7841,
      "location-after-char-end": 7889,
      "node-str": "PLUS"
    },
    {
      "type": "insert-node",
      "node": {
        "label": "\"does not have a DNS A or MX record defined. \"",
        "type": "Literal"
      },
      "location-after-char-start": 7918,
      "location-after-char-end": 7963,
      "node-str": "\"does not have a DNS A or MX record defined. \""
    },
    {
      "type": "insert-node",
      "node": {
        "label": "PLUS",
        "type": "BinaryOperator"
      },
      "location-after-char-start": 7841,
      "location-after-char-end": 7882,
      "node-str": "PLUS"
    },
    {
      "type": "insert-node",
      "node": {
        "label": "\") \"",
        "type": "Literal"
      },
      "location-after-char-start": 7886,
      "location-after-char-end": 7889,
      "node-str": "\") \""
    },
    {
      "type": "insert-node",
      "node": {
        "label": "\"Sorry, the email you submitted (\"",
        "type": "Literal"
      },
      "location-after-char-start": 7841,
      "location-after-char-end": 7874,
      "node-str": "\"Sorry, the email you submitted (\""
    },
    {
      "type": "insert-node",
      "node": {
        "label": "email",
        "type": "VariableRead"
      },
      "location-after-char-start": 7878,
      "location-after-char-end": 7882,
      "node-str": "email"
    },
    {
      "type": "delete-node",
      "node": {
        "label": "public",
        "type": "Modifier"
      },
      "location-before-char-start": 0,
      "location-before-char-end": 0,
      "node-str": "public"
    },
    {
      "type": "delete-node",
      "node": {
        "label": "void",
        "type": "RETURN_TYPE"
      },
      "location-before-char-start": 0,
      "location-before-char-end": 0,
      "node-str": "void"
    },
    {
      "type": "delete-node",
      "node": {
        "label": "java.lang.Exception",
        "type": "THROWS"
      },
      "location-before-char-start": 0,
      "location-before-char-end": 0,
      "node-str": "java.lang.Exception"
    },
    {
      "type": "delete-node",
      "node": {
        "label": "public",
        "type": "Modifier"
      },
      "location-before-char-start": 0,
      "location-before-char-end": 0,
      "node-str": "public"
    },
    {
      "type": "delete-node",
      "node": {
        "label": "\"scarab.register.email.checkValidA\"",
        "type": "Literal"
      },
      "location-before-char-start": 6323,
      "location-before-char-end": 6357,
      "node-str": "\"scarab.register.email.checkValidA\""
    },
    {
      "type": "delete-node",
      "node": {
        "label": "false",
        "type": "Literal"
      },
      "location-before-char-start": 6360,
      "location-before-char-end": 6364,
      "node-str": "false"
    },
    {
      "type": "delete-node",
      "node": {
        "label": "getBoolean",
        "type": "Invocation"
      },
      "location-before-char-start": 6264,
      "location-before-char-end": 6365,
      "node-str": "getBoolean"
    },
    {
      "type": "delete-node",
      "node": {
        "label": "org.xbill.DNS.Record[]",
        "type": "VARIABLE_TYPE"
      },
      "location-before-char-start": 0,
      "location-before-char-end": 0,
      "node-str": "org.xbill.DNS.Record[]"
    },
    {
      "type": "delete-node",
      "node": {
        "label": "null",
        "type": "Literal"
      },
      "location-before-char-start": 6525,
      "location-before-char-end": 6528,
      "node-str": "null"
    },
    {
      "type": "delete-node",
      "node": {
        "label": "records",
        "type": "LocalVariable"
      },
      "location-before-char-start": 6506,
      "location-before-char-end": 6529,
      "node-str": "records"
    },
    {
      "type": "delete-node",
      "node": {
        "label": "records",
        "type": "VariableWrite"
      },
      "location-before-char-start": 6605,
      "location-before-char-end": 6611,
      "node-str": "records"
    },
    {
      "type": "delete-node",
      "node": {
        "label": "\u003d",
        "type": "Assignment"
      },
      "location-before-char-start": 6605,
      "location-before-char-end": 6645,
      "node-str": "\u003d"
    },
    {
      "type": "delete-node",
      "node": {
        "label": "records",
        "type": "VariableRead"
      },
      "location-before-char-start": 6671,
      "location-before-char-end": 6677,
      "node-str": "records"
    },
    {
      "type": "delete-node",
      "node": {
        "label": "null",
        "type": "Literal"
      },
      "location-before-char-start": 6682,
      "location-before-char-end": 6685,
      "node-str": "null"
    },
    {
      "type": "delete-node",
      "node": {
        "label": "EQ",
        "type": "BinaryOperator"
      },
      "location-before-char-start": 6671,
      "location-before-char-end": 6685,
      "node-str": "EQ"
    },
    {
      "type": "delete-node",
      "node": {
        "label": "0",
        "type": "Literal"
      },
      "location-before-char-start": 6708,
      "location-before-char-end": 6708,
      "node-str": "0"
    },
    {
      "type": "delete-node",
      "node": {
        "label": "EQ",
        "type": "BinaryOperator"
      },
      "location-before-char-start": 6690,
      "location-before-char-end": 6708,
      "node-str": "EQ"
    },
    {
      "type": "delete-node",
      "node": {
        "label": "OR",
        "type": "BinaryOperator"
      },
      "location-before-char-start": 6671,
      "location-before-char-end": 6708,
      "node-str": "OR"
    },
    {
      "type": "delete-node",
      "node": {
        "label": "domain",
        "type": "VariableWrite"
      },
      "location-before-char-start": 6882,
      "location-before-char-end": 6887,
      "node-str": "domain"
    },
    {
      "type": "delete-node",
      "node": {
        "label": "\u003d",
        "type": "Assignment"
      },
      "location-before-char-start": 6882,
      "location-before-char-end": 6928,
      "node-str": "\u003d"
    },
    {
      "type": "delete-node",
      "node": {
        "label": "records",
        "type": "VariableWrite"
      },
      "location-before-char-start": 6954,
      "location-before-char-end": 6960,
      "node-str": "records"
    },
    {
      "type": "delete-node",
      "node": {
        "label": "dns",
        "type": "FieldRead"
      },
      "location-before-char-start": 6964,
      "location-before-char-end": 6966,
      "node-str": "dns"
    },
    {
      "type": "delete-node",
      "node": {
        "label": "domain",
        "type": "VariableRead"
      },
      "location-before-char-start": 6979,
      "location-before-char-end": 6984,
      "node-str": "domain"
    },
    {
      "type": "delete-node",
      "node": {
        "label": "Type.A",
        "type": "TypeAccess"
      },
      "location-before-char-start": 6987,
      "location-before-char-end": 6992,
      "node-str": "Type.A"
    },
    {
      "type": "delete-node",
      "node": {
        "label": "getRecords",
        "type": "Invocation"
      },
      "location-before-char-start": 6964,
      "location-before-char-end": 6993,
      "node-str": "getRecords"
    },
    {
      "type": "delete-node",
      "node": {
        "label": "\u003d",
        "type": "Assignment"
      },
      "location-before-char-start": 6954,
      "location-before-char-end": 6994,
      "node-str": "\u003d"
    },
    {
      "type": "delete-node",
      "node": {
        "label": "records",
        "type": "VariableRead"
      },
      "location-before-char-start": 7024,
      "location-before-char-end": 7030,
      "node-str": "records"
    },
    {
      "type": "delete-node",
      "node": {
        "label": "null",
        "type": "Literal"
      },
      "location-before-char-start": 7035,
      "location-before-char-end": 7038,
      "node-str": "null"
    },
    {
      "type": "delete-node",
      "node": {
        "label": "EQ",
        "type": "BinaryOperator"
      },
      "location-before-char-start": 7024,
      "location-before-char-end": 7038,
      "node-str": "EQ"
    },
    {
      "type": "delete-node",
      "node": {
        "label": "0",
        "type": "Literal"
      },
      "location-before-char-start": 7061,
      "location-before-char-end": 7061,
      "node-str": "0"
    },
    {
      "type": "delete-node",
      "node": {
        "label": "EQ",
        "type": "BinaryOperator"
      },
      "location-before-char-start": 7043,
      "location-before-char-end": 7061,
      "node-str": "EQ"
    },
    {
      "type": "delete-node",
      "node": {
        "label": "OR",
        "type": "BinaryOperator"
      },
      "location-before-char-start": 7024,
      "location-before-char-end": 7061,
      "node-str": "OR"
    },
    {
      "type": "delete-node",
      "node": {
        "label": "\"Sorry, the domain (\"",
        "type": "Literal"
      },
      "location-before-char-start": 7277,
      "location-before-char-end": 7297,
      "node-str": "\"Sorry, the domain (\""
    },
    {
      "type": "delete-node",
      "node": {
        "label": "domain",
        "type": "VariableRead"
      },
      "location-before-char-start": 7301,
      "location-before-char-end": 7306,
      "node-str": "domain"
    },
    {
      "type": "delete-node",
      "node": {
        "label": "PLUS",
        "type": "BinaryOperator"
      },
      "location-before-char-start": 7277,
      "location-before-char-end": 7306,
      "node-str": "PLUS"
    },
    {
      "type": "delete-node",
      "node": {
        "label": "\") for that email (\"",
        "type": "Literal"
      },
      "location-before-char-start": 7310,
      "location-before-char-end": 7329,
      "node-str": "\") for that email (\""
    },
    {
      "type": "delete-node",
      "node": {
        "label": "PLUS",
        "type": "BinaryOperator"
      },
      "location-before-char-start": 7277,
      "location-before-char-end": 7329,
      "node-str": "PLUS"
    },
    {
      "type": "delete-node",
      "node": {
        "label": "email",
        "type": "VariableRead"
      },
      "location-before-char-start": 7333,
      "location-before-char-end": 7337,
      "node-str": "email"
    },
    {
      "type": "delete-node",
      "node": {
        "label": "PLUS",
        "type": "BinaryOperator"
      },
      "location-before-char-start": 7277,
      "location-before-char-end": 7337,
      "node-str": "PLUS"
    },
    {
      "type": "delete-node",
      "node": {
        "label": "\") \"",
        "type": "Literal"
      },
      "location-before-char-start": 7341,
      "location-before-char-end": 7344,
      "node-str": "\") \""
    },
    {
      "type": "delete-node",
      "node": {
        "label": "PLUS",
        "type": "BinaryOperator"
      },
      "location-before-char-start": 7277,
      "location-before-char-end": 7344,
      "node-str": "PLUS"
    },
    {
      "type": "delete-node",
      "node": {
        "label": "\"does not have a DNS A record defined. \"",
        "type": "Literal"
      },
      "location-before-char-start": 7381,
      "location-before-char-end": 7420,
      "node-str": "\"does not have a DNS A record defined. \""
    },
    {
      "type": "delete-node",
      "node": {
        "label": "PLUS",
        "type": "BinaryOperator"
      },
      "location-before-char-start": 7277,
      "location-before-char-end": 7420,
      "node-str": "PLUS"
    },
    {
      "type": "delete-node",
      "node": {
        "label": "\"It is likely that the domain is invalid and that we cannot send you email. \"",
        "type": "Literal"
      },
      "location-before-char-start": 7457,
      "location-before-char-end": 7533,
      "node-str": "\"It is likely that the domain is invalid and that we cannot send you email. \""
    },
    {
      "type": "delete-node",
      "node": {
        "label": "PLUS",
        "type": "BinaryOperator"
      },
      "location-before-char-start": 7277,
      "location-before-char-end": 7533,
      "node-str": "PLUS"
    },
    {
      "type": "delete-node",
      "node": {
        "label": "\"Please see ftp://ftp.isi.edu/in-notes/rfc2505.txt for more details. \"",
        "type": "Literal"
      },
      "location-before-char-start": 7570,
      "location-before-char-end": 7639,
      "node-str": "\"Please see ftp://ftp.isi.edu/in-notes/rfc2505.txt for more details. \""
    },
    {
      "type": "delete-node",
      "node": {
        "label": "PLUS",
        "type": "BinaryOperator"
      },
      "location-before-char-start": 7277,
      "location-before-char-end": 7639,
      "node-str": "PLUS"
    },
    {
      "type": "delete-node",
      "node": {
        "label": "\"Please try another email address or contact your system administrator.\"",
        "type": "Literal"
      },
      "location-before-char-start": 7676,
      "location-before-char-end": 7747,
      "node-str": "\"Please try another email address or contact your system administrator.\""
    },
    {
      "type": "delete-node",
      "node": {
        "label": "PLUS",
        "type": "BinaryOperator"
      },
      "location-before-char-start": 7277,
      "location-before-char-end": 7747,
      "node-str": "PLUS"
    },
    {
      "type": "delete-node",
      "node": {
        "label": "setAlertMessage",
        "type": "Invocation"
      },
      "location-before-char-start": 7198,
      "location-before-char-end": 7749,
      "node-str": "setAlertMessage"
    },
    {
      "type": "delete-node",
      "node": {
        "label": "return",
        "type": "Return"
      },
      "location-before-char-start": 7779,
      "location-before-char-end": 7785,
      "node-str": "return"
    },
    {
      "type": "delete-node",
      "node": {
        "label": "THEN",
        "type": "then"
      },
      "location-before-char-start": 7088,
      "location-before-char-end": 7811,
      "node-str": "THEN"
    },
    {
      "type": "delete-node",
      "node": {
        "label": "if",
        "type": "If"
      },
      "location-before-char-start": 7020,
      "location-before-char-end": 7811,
      "node-str": "if"
    },
    {
      "type": "delete-node",
      "node": {
        "label": "THEN",
        "type": "then"
      },
      "location-before-char-start": 6731,
      "location-before-char-end": 7833,
      "node-str": "THEN"
    },
    {
      "type": "delete-node",
      "node": {
        "label": "if",
        "type": "If"
      },
      "location-before-char-start": 6667,
      "location-before-char-end": 7833,
      "node-str": "if"
    },
    {
      "type": "delete-node",
      "node": {
        "label": "THEN",
        "type": "then"
      },
      "location-before-char-start": 6583,
      "location-before-char-end": 7851,
      "node-str": "THEN"
    },
    {
      "type": "delete-node",
      "node": {
        "label": "if",
        "type": "If"
      },
      "location-before-char-start": 6547,
      "location-before-char-end": 7851,
      "node-str": "if"
    },
    {
      "type": "delete-node",
      "node": {
        "label": "THEN",
        "type": "then"
      },
      "location-before-char-start": 6380,
      "location-before-char-end": 7865,
      "node-str": "THEN"
    },
    {
      "type": "delete-node",
      "node": {
        "label": "if",
        "type": "If"
      },
      "location-before-char-start": 6260,
      "location-before-char-end": 7865,
      "node-str": "if"
    }
  ],
  "before-file": {},
  "after-file": {},
  "mapping": {}
}