{
  "tool-info": {},
  "diff": [
    {
      "type": "insert-node",
      "node": {
        "label": "WebServer",
        "type": "Class"
      },
      "location-after-char-start": 834,
      "location-after-char-end": 15979,
      "node-str": "WebServer"
    },
    {
      "type": "insert-node",
      "node": {
        "label": "public",
        "type": "Modifier"
      },
      "location-after-char-start": 0,
      "location-after-char-end": 0,
      "node-str": "public"
    },
    {
      "type": "move-subtree",
      "node": {
        "label": "log",
        "type": "Field"
      },
      "location-before-char-start": 1588,
      "location-before-char-end": 1790,
      "location-after-char-start": 1562,
      "location-after-char-end": 1764,
      "node-str": "log"
    },
    {
      "type": "insert-node",
      "node": {
        "label": "port",
        "type": "Field"
      },
      "location-after-char-start": 1769,
      "location-after-char-end": 1847,
      "node-str": "port"
    },
    {
      "type": "insert-node",
      "node": {
        "label": "bindAddress",
        "type": "Field"
      },
      "location-after-char-start": 1853,
      "location-after-char-end": 2033,
      "node-str": "bindAddress"
    },
    {
      "type": "insert-node",
      "node": {
        "label": "backlog",
        "type": "Field"
      },
      "location-after-char-start": 2038,
      "location-after-char-end": 2118,
      "node-str": "backlog"
    },
    {
      "type": "insert-node",
      "node": {
        "label": "loaderMap",
        "type": "Field"
      },
      "location-after-char-start": 2124,
      "location-after-char-end": 2279,
      "node-str": "loaderMap"
    },
    {
      "type": "insert-node",
      "node": {
        "label": "server",
        "type": "Field"
      },
      "location-after-char-start": 2284,
      "location-after-char-end": 2375,
      "node-str": "server"
    },
    {
      "type": "insert-node",
      "node": {
        "label": "downloadServerClasses",
        "type": "Field"
      },
      "location-after-char-start": 2380,
      "location-after-char-end": 2625,
      "node-str": "downloadServerClasses"
    },
    {
      "type": "insert-node",
      "node": {
        "label": "mimeTypes",
        "type": "Field"
      },
      "location-after-char-start": 2630,
      "location-after-char-end": 2859,
      "node-str": "mimeTypes"
    },
    {
      "type": "insert-node",
      "node": {
        "label": "threadPool",
        "type": "Field"
      },
      "location-after-char-start": 2864,
      "location-after-char-end": 2972,
      "node-str": "threadPool"
    },
    {
      "type": "move-subtree",
      "node": {
        "label": "setPort",
        "type": "Method"
      },
      "location-before-char-start": 3004,
      "location-before-char-end": 3174,
      "location-after-char-start": 2978,
      "location-after-char-end": 3148,
      "node-str": "setPort"
    },
    {
      "type": "move-subtree",
      "node": {
        "label": "getPort",
        "type": "Method"
      },
      "location-before-char-start": 3180,
      "location-before-char-end": 3314,
      "location-after-char-start": 3154,
      "location-after-char-end": 3288,
      "node-str": "getPort"
    },
    {
      "type": "move-subtree",
      "node": {
        "label": "getBindAddress",
        "type": "Method"
      },
      "location-before-char-start": 3320,
      "location-before-char-end": 3490,
      "location-after-char-start": 3294,
      "location-after-char-end": 3464,
      "node-str": "getBindAddress"
    },
    {
      "type": "move-subtree",
      "node": {
        "label": "getBindHostname",
        "type": "Method"
      },
      "location-before-char-start": 3496,
      "location-before-char-end": 3576,
      "location-after-char-start": 3470,
      "location-after-char-end": 3550,
      "node-str": "getBindHostname"
    },
    {
      "type": "move-subtree",
      "node": {
        "label": "setBindAddress",
        "type": "Method"
      },
      "location-before-char-start": 3582,
      "location-before-char-end": 3974,
      "location-after-char-start": 3556,
      "location-after-char-end": 3948,
      "node-str": "setBindAddress"
    },
    {
      "type": "move-subtree",
      "node": {
        "label": "getBacklog",
        "type": "Method"
      },
      "location-before-char-start": 3980,
      "location-before-char-end": 4133,
      "location-after-char-start": 3954,
      "location-after-char-end": 4107,
      "node-str": "getBacklog"
    },
    {
      "type": "move-subtree",
      "node": {
        "label": "setBacklog",
        "type": "Method"
      },
      "location-before-char-start": 4139,
      "location-before-char-end": 4322,
      "location-after-char-start": 4113,
      "location-after-char-end": 4296,
      "node-str": "setBacklog"
    },
    {
      "type": "move-subtree",
      "node": {
        "label": "getDownloadServerClasses",
        "type": "Method"
      },
      "location-before-char-start": 4328,
      "location-before-char-end": 4414,
      "location-after-char-start": 4302,
      "location-after-char-end": 4388,
      "node-str": "getDownloadServerClasses"
    },
    {
      "type": "move-subtree",
      "node": {
        "label": "setDownloadServerClasses",
        "type": "Method"
      },
      "location-before-char-start": 4420,
      "location-before-char-end": 4515,
      "location-after-char-start": 4394,
      "location-after-char-end": 4489,
      "node-str": "setDownloadServerClasses"
    },
    {
      "type": "move-subtree",
      "node": {
        "label": "getThreadPool",
        "type": "Method"
      },
      "location-before-char-start": 4521,
      "location-before-char-end": 4598,
      "location-after-char-start": 4495,
      "location-after-char-end": 4572,
      "node-str": "getThreadPool"
    },
    {
      "type": "move-subtree",
      "node": {
        "label": "setThreadPool",
        "type": "Method"
      },
      "location-before-char-start": 4604,
      "location-before-char-end": 4707,
      "location-after-char-start": 4578,
      "location-after-char-end": 4681,
      "node-str": "setThreadPool"
    },
    {
      "type": "insert-node",
      "node": {
        "label": "addMimeType",
        "type": "Method"
      },
      "location-after-char-start": 4687,
      "location-after-char-end": 4968,
      "node-str": "addMimeType"
    },
    {
      "type": "insert-node",
      "node": {
        "label": "start",
        "type": "Method"
      },
      "location-after-char-start": 4974,
      "location-after-char-end": 5537,
      "node-str": "start"
    },
    {
      "type": "move-subtree",
      "node": {
        "label": "stop",
        "type": "Method"
      },
      "location-before-char-start": 5607,
      "location-before-char-end": 5842,
      "location-after-char-start": 5543,
      "location-after-char-end": 5778,
      "node-str": "stop"
    },
    {
      "type": "move-subtree",
      "node": {
        "label": "addClassLoader",
        "type": "Method"
      },
      "location-before-char-start": 5848,
      "location-before-char-end": 7198,
      "location-after-char-start": 5784,
      "location-after-char-end": 7134,
      "node-str": "addClassLoader"
    },
    {
      "type": "move-subtree",
      "node": {
        "label": "removeClassLoader",
        "type": "Method"
      },
      "location-before-char-start": 7204,
      "location-before-char-end": 7477,
      "location-after-char-start": 7140,
      "location-after-char-end": 7413,
      "node-str": "removeClassLoader"
    },
    {
      "type": "move-subtree",
      "node": {
        "label": "run",
        "type": "Method"
      },
      "location-before-char-start": 7483,
      "location-before-char-end": 13896,
      "location-after-char-start": 7419,
      "location-after-char-end": 13832,
      "node-str": "run"
    },
    {
      "type": "move-subtree",
      "node": {
        "label": "getClassLoaderKey",
        "type": "Method"
      },
      "location-before-char-start": 13902,
      "location-before-char-end": 14395,
      "location-after-char-start": 13838,
      "location-after-char-end": 14331,
      "node-str": "getClassLoaderKey"
    },
    {
      "type": "move-subtree",
      "node": {
        "label": "listen",
        "type": "Method"
      },
      "location-before-char-start": 14401,
      "location-before-char-end": 14475,
      "location-after-char-start": 14337,
      "location-after-char-end": 14411,
      "node-str": "listen"
    },
    {
      "type": "move-subtree",
      "node": {
        "label": "getPath",
        "type": "Method"
      },
      "location-before-char-start": 14481,
      "location-before-char-end": 14996,
      "location-after-char-start": 14417,
      "location-after-char-end": 14932,
      "node-str": "getPath"
    },
    {
      "type": "insert-node",
      "node": {
        "label": "getBytes",
        "type": "Method"
      },
      "location-after-char-start": 14938,
      "location-after-char-end": 15441,
      "node-str": "getBytes"
    },
    {
      "type": "move-subtree",
      "node": {
        "label": "getMimeType",
        "type": "Method"
      },
      "location-before-char-start": 15546,
      "location-before-char-end": 16075,
      "location-after-char-start": 15447,
      "location-after-char-end": 15976,
      "node-str": "getMimeType"
    },
    {
      "type": "insert-node",
      "node": {
        "label": "int",
        "type": "VARIABLE_TYPE"
      },
      "location-after-char-start": 0,
      "location-after-char-end": 0,
      "node-str": "int"
    },
    {
      "type": "insert-node",
      "node": {
        "label": "8083",
        "type": "Literal"
      },
      "location-after-char-start": 1843,
      "location-after-char-end": 1846,
      "node-str": "8083"
    },
    {
      "type": "insert-node",
      "node": {
        "label": "java.net.InetAddress",
        "type": "VARIABLE_TYPE"
      },
      "location-after-char-start": 0,
      "location-after-char-end": 0,
      "node-str": "java.net.InetAddress"
    },
    {
      "type": "insert-node",
      "node": {
        "label": "int",
        "type": "VARIABLE_TYPE"
      },
      "location-after-char-start": 0,
      "location-after-char-end": 0,
      "node-str": "int"
    },
    {
      "type": "insert-node",
      "node": {
        "label": "50",
        "type": "Literal"
      },
      "location-after-char-start": 2116,
      "location-after-char-end": 2117,
      "node-str": "50"
    },
    {
      "type": "insert-node",
      "node": {
        "label": "EDU.oswego.cs.dl.util.concurrent.ConcurrentReaderHashMap",
        "type": "VARIABLE_TYPE"
      },
      "location-after-char-start": 0,
      "location-after-char-end": 0,
      "node-str": "EDU.oswego.cs.dl.util.concurrent.ConcurrentReaderHashMap"
    },
    {
      "type": "insert-node",
      "node": {
        "label": "final",
        "type": "Modifier"
      },
      "location-after-char-start": 0,
      "location-after-char-end": 0,
      "node-str": "final"
    },
    {
      "type": "insert-node",
      "node": {
        "label": "EDU.oswego.cs.dl.util.concurrent.ConcurrentReaderHashMap()",
        "type": "ConstructorCall"
      },
      "location-after-char-start": 2250,
      "location-after-char-end": 2278,
      "node-str": "EDU.oswego.cs.dl.util.concurrent.ConcurrentReaderHashMap()"
    },
    {
      "type": "insert-node",
      "node": {
        "label": "java.net.ServerSocket",
        "type": "VARIABLE_TYPE"
      },
      "location-after-char-start": 0,
      "location-after-char-end": 0,
      "node-str": "java.net.ServerSocket"
    },
    {
      "type": "insert-node",
      "node": {
        "label": "null",
        "type": "Literal"
      },
      "location-after-char-start": 2371,
      "location-after-char-end": 2374,
      "node-str": "null"
    },
    {
      "type": "insert-node",
      "node": {
        "label": "boolean",
        "type": "VARIABLE_TYPE"
      },
      "location-after-char-start": 0,
      "location-after-char-end": 0,
      "node-str": "boolean"
    },
    {
      "type": "insert-node",
      "node": {
        "label": "true",
        "type": "Literal"
      },
      "location-after-char-start": 2621,
      "location-after-char-end": 2624,
      "node-str": "true"
    },
    {
      "type": "insert-node",
      "node": {
        "label": "java.util.Properties",
        "type": "VARIABLE_TYPE"
      },
      "location-after-char-start": 0,
      "location-after-char-end": 0,
      "node-str": "java.util.Properties"
    },
    {
      "type": "insert-node",
      "node": {
        "label": "final",
        "type": "Modifier"
      },
      "location-after-char-start": 0,
      "location-after-char-end": 0,
      "node-str": "final"
    },
    {
      "type": "insert-node",
      "node": {
        "label": "static",
        "type": "Modifier"
      },
      "location-after-char-start": 0,
      "location-after-char-end": 0,
      "node-str": "static"
    },
    {
      "type": "insert-node",
      "node": {
        "label": "java.util.Properties()",
        "type": "ConstructorCall"
      },
      "location-after-char-start": 2843,
      "location-after-char-end": 2858,
      "node-str": "java.util.Properties()"
    },
    {
      "type": "insert-node",
      "node": {
        "label": "org.jboss.util.threadpool.BasicThreadPoolMBean",
        "type": "VARIABLE_TYPE"
      },
      "location-after-char-start": 0,
      "location-after-char-end": 0,
      "node-str": "org.jboss.util.threadpool.BasicThreadPoolMBean"
    },
    {
      "type": "insert-node",
      "node": {
        "label": "void",
        "type": "RETURN_TYPE"
      },
      "location-after-char-start": 0,
      "location-after-char-end": 0,
      "node-str": "void"
    },
    {
      "type": "insert-node",
      "node": {
        "label": "public",
        "type": "Modifier"
      },
      "location-after-char-start": 0,
      "location-after-char-end": 0,
      "node-str": "public"
    },
    {
      "type": "insert-node",
      "node": {
        "label": "extension",
        "type": "Parameter"
      },
      "location-after-char-start": 4891,
      "location-after-char-end": 4906,
      "node-str": "extension"
    },
    {
      "type": "insert-node",
      "node": {
        "label": "type",
        "type": "Parameter"
      },
      "location-after-char-start": 4909,
      "location-after-char-end": 4919,
      "node-str": "type"
    },
    {
      "type": "insert-node",
      "node": {
        "label": "put",
        "type": "Invocation"
      },
      "location-after-char-start": 4933,
      "location-after-char-end": 4963,
      "node-str": "put"
    },
    {
      "type": "insert-node",
      "node": {
        "label": "void",
        "type": "RETURN_TYPE"
      },
      "location-after-char-start": 0,
      "location-after-char-end": 0,
      "node-str": "void"
    },
    {
      "type": "insert-node",
      "node": {
        "label": "java.lang.Exception",
        "type": "THROWS"
      },
      "location-after-char-start": 0,
      "location-after-char-end": 0,
      "node-str": "java.lang.Exception"
    },
    {
      "type": "insert-node",
      "node": {
        "label": "public",
        "type": "Modifier"
      },
      "location-after-char-start": 0,
      "location-after-char-end": 0,
      "node-str": "public"
    },
    {
      "type": "move-subtree",
      "node": {
        "label": "if",
        "type": "If"
      },
      "location-before-char-start": 5131,
      "location-before-char-end": 5216,
      "location-after-char-start": 5105,
      "location-after-char-end": 5190,
      "node-str": "if"
    },
    {
      "type": "insert-node",
      "node": {
        "label": "",
        "type": "Try"
      },
      "location-after-char-start": 5198,
      "location-after-char-end": 5532,
      "node-str": ""
    },
    {
      "type": "insert-node",
      "node": {
        "label": "byte[]",
        "type": "RETURN_TYPE"
      },
      "location-after-char-start": 0,
      "location-after-char-end": 0,
      "node-str": "byte[]"
    },
    {
      "type": "insert-node",
      "node": {
        "label": "java.io.IOException",
        "type": "THROWS"
      },
      "location-after-char-start": 0,
      "location-after-char-end": 0,
      "node-str": "java.io.IOException"
    },
    {
      "type": "insert-node",
      "node": {
        "label": "protected",
        "type": "Modifier"
      },
      "location-after-char-start": 0,
      "location-after-char-end": 0,
      "node-str": "protected"
    },
    {
      "type": "insert-node",
      "node": {
        "label": "url",
        "type": "Parameter"
      },
      "location-after-char-start": 15042,
      "location-after-char-end": 15048,
      "node-str": "url"
    },
    {
      "type": "move-subtree",
      "node": {
        "label": "in",
        "type": "LocalVariable"
      },
      "location-before-char-start": 15145,
      "location-before-char-end": 15203,
      "location-after-char-start": 15081,
      "location-after-char-end": 15139,
      "node-str": "in"
    },
    {
      "type": "insert-node",
      "node": {
        "label": "debug",
        "type": "Invocation"
      },
      "location-after-char-start": 15147,
      "location-after-char-end": 15177,
      "node-str": "debug"
    },
    {
      "type": "insert-node",
      "node": {
        "label": "out",
        "type": "LocalVariable"
      },
      "location-after-char-start": 15185,
      "location-after-char-end": 15240,
      "node-str": "out"
    },
    {
      "type": "insert-node",
      "node": {
        "label": "tmp",
        "type": "LocalVariable"
      },
      "location-after-char-start": 15248,
      "location-after-char-end": 15275,
      "node-str": "tmp"
    },
    {
      "type": "insert-node",
      "node": {
        "label": "bytes",
        "type": "LocalVariable"
      },
      "location-after-char-start": 15283,
      "location-after-char-end": 15292,
      "node-str": "bytes"
    },
    {
      "type": "move-subtree",
      "node": {
        "label": "while",
        "type": "While"
      },
      "location-before-char-start": 15399,
      "location-before-char-end": 15485,
      "location-after-char-start": 15300,
      "location-after-char-end": 15386,
      "node-str": "while"
    },
    {
      "type": "insert-node",
      "node": {
        "label": "close",
        "type": "Invocation"
      },
      "location-after-char-start": 15394,
      "location-after-char-end": 15404,
      "node-str": "close"
    },
    {
      "type": "insert-node",
      "node": {
        "label": "return",
        "type": "Return"
      },
      "location-after-char-start": 15412,
      "location-after-char-end": 15436,
      "node-str": "return"
    },
    {
      "type": "insert-node",
      "node": {
        "label": "java.lang.String",
        "type": "VARIABLE_TYPE"
      },
      "location-after-char-start": 0,
      "location-after-char-end": 0,
      "node-str": "java.lang.String"
    },
    {
      "type": "insert-node",
      "node": {
        "label": "java.lang.String",
        "type": "VARIABLE_TYPE"
      },
      "location-after-char-start": 0,
      "location-after-char-end": 0,
      "node-str": "java.lang.String"
    },
    {
      "type": "insert-node",
      "node": {
        "label": "mimeTypes",
        "type": "FieldRead"
      },
      "location-after-char-start": 4933,
      "location-after-char-end": 4941,
      "node-str": "mimeTypes"
    },
    {
      "type": "insert-node",
      "node": {
        "label": "extension",
        "type": "VariableRead"
      },
      "location-after-char-start": 4947,
      "location-after-char-end": 4955,
      "node-str": "extension"
    },
    {
      "type": "insert-node",
      "node": {
        "label": "type",
        "type": "VariableRead"
      },
      "location-after-char-start": 4958,
      "location-after-char-end": 4961,
      "node-str": "type"
    },
    {
      "type": "move-subtree",
      "node": {
        "label": "\u003d",
        "type": "Assignment"
      },
      "location-before-char-start": 5245,
      "location-before-char-end": 5298,
      "location-after-char-start": 5219,
      "location-after-char-end": 5272,
      "node-str": "\u003d"
    },
    {
      "type": "move-subtree",
      "node": {
        "label": "debug",
        "type": "Invocation"
      },
      "location-before-char-start": 5347,
      "location-before-char-end": 5385,
      "location-after-char-start": 5283,
      "location-after-char-end": 5321,
      "node-str": "debug"
    },
    {
      "type": "insert-node",
      "node": {
        "label": "listen",
        "type": "Invocation"
      },
      "location-after-char-start": 5332,
      "location-after-char-end": 5340,
      "node-str": "listen"
    },
    {
      "type": "move-subtree",
      "node": {
        "label": "",
        "type": "Catch"
      },
      "location-before-char-start": 5413,
      "location-before-char-end": 5534,
      "location-after-char-start": 5349,
      "location-after-char-end": 5470,
      "node-str": ""
    },
    {
      "type": "insert-node",
      "node": {
        "label": "",
        "type": "Catch"
      },
      "location-after-char-start": 5471,
      "location-after-char-end": 5532,
      "node-str": ""
    },
    {
      "type": "insert-node",
      "node": {
        "label": "java.net.URL",
        "type": "VARIABLE_TYPE"
      },
      "location-after-char-start": 0,
      "location-after-char-end": 0,
      "node-str": "java.net.URL"
    },
    {
      "type": "insert-node",
      "node": {
        "label": "log",
        "type": "FieldRead"
      },
      "location-after-char-start": 15147,
      "location-after-char-end": 15149,
      "node-str": "log"
    },
    {
      "type": "insert-node",
      "node": {
        "label": "PLUS",
        "type": "BinaryOperator"
      },
      "location-after-char-start": 15157,
      "location-after-char-end": 15175,
      "node-str": "PLUS"
    },
    {
      "type": "insert-node",
      "node": {
        "label": "java.io.ByteArrayOutputStream",
        "type": "VARIABLE_TYPE"
      },
      "location-after-char-start": 0,
      "location-after-char-end": 0,
      "node-str": "java.io.ByteArrayOutputStream"
    },
    {
      "type": "insert-node",
      "node": {
        "label": "java.io.ByteArrayOutputStream()",
        "type": "ConstructorCall"
      },
      "location-after-char-start": 15213,
      "location-after-char-end": 15239,
      "node-str": "java.io.ByteArrayOutputStream()"
    },
    {
      "type": "insert-node",
      "node": {
        "label": "byte[]",
        "type": "VARIABLE_TYPE"
      },
      "location-after-char-start": 0,
      "location-after-char-end": 0,
      "node-str": "byte[]"
    },
    {
      "type": "insert-node",
      "node": {
        "label": "",
        "type": "NewArray"
      },
      "location-after-char-start": 15261,
      "location-after-char-end": 15274,
      "node-str": ""
    },
    {
      "type": "insert-node",
      "node": {
        "label": "int",
        "type": "VARIABLE_TYPE"
      },
      "location-after-char-start": 0,
      "location-after-char-end": 0,
      "node-str": "int"
    },
    {
      "type": "insert-node",
      "node": {
        "label": "in",
        "type": "VariableRead"
      },
      "location-after-char-start": 15394,
      "location-after-char-end": 15395,
      "node-str": "in"
    },
    {
      "type": "insert-node",
      "node": {
        "label": "toByteArray",
        "type": "Invocation"
      },
      "location-after-char-start": 15419,
      "location-after-char-end": 15435,
      "node-str": "toByteArray"
    },
    {
      "type": "insert-node",
      "node": {
        "label": "org.jboss.web.WebServer",
        "type": "TypeAccess"
      },
      "location-after-char-start": 0,
      "location-after-char-end": 0,
      "node-str": "org.jboss.web.WebServer"
    },
    {
      "type": "insert-node",
      "node": {
        "label": "e",
        "type": "CatchVariable"
      },
      "location-after-char-start": 5485,
      "location-after-char-end": 5497,
      "node-str": "e"
    },
    {
      "type": "insert-node",
      "node": {
        "label": "",
        "type": "Throw"
      },
      "location-after-char-start": 5517,
      "location-after-char-end": 5524,
      "node-str": ""
    },
    {
      "type": "insert-node",
      "node": {
        "label": "\"Retrieving \"",
        "type": "Literal"
      },
      "location-after-char-start": 15157,
      "location-after-char-end": 15169,
      "node-str": "\"Retrieving \""
    },
    {
      "type": "insert-node",
      "node": {
        "label": "url",
        "type": "VariableRead"
      },
      "location-after-char-start": 15173,
      "location-after-char-end": 15175,
      "node-str": "url"
    },
    {
      "type": "insert-node",
      "node": {
        "label": "1024",
        "type": "Literal"
      },
      "location-after-char-start": 15270,
      "location-after-char-end": 15273,
      "node-str": "1024"
    },
    {
      "type": "insert-node",
      "node": {
        "label": "out",
        "type": "VariableRead"
      },
      "location-after-char-start": 15419,
      "location-after-char-end": 15421,
      "node-str": "out"
    },
    {
      "type": "insert-node",
      "node": {
        "label": "java.io.IOException",
        "type": "VARIABLE_TYPE"
      },
      "location-after-char-start": 0,
      "location-after-char-end": 0,
      "node-str": "java.io.IOException"
    },
    {
      "type": "insert-node",
      "node": {
        "label": "e",
        "type": "VariableRead"
      },
      "location-after-char-start": 5523,
      "location-after-char-end": 5523,
      "node-str": "e"
    },
    {
      "type": "delete-node",
      "node": {
        "label": "public",
        "type": "Modifier"
      },
      "location-before-char-start": 0,
      "location-before-char-end": 0,
      "node-str": "public"
    },
    {
      "type": "delete-node",
      "node": {
        "label": "int",
        "type": "VARIABLE_TYPE"
      },
      "location-before-char-start": 0,
      "location-before-char-end": 0,
      "node-str": "int"
    },
    {
      "type": "delete-node",
      "node": {
        "label": "8083",
        "type": "Literal"
      },
      "location-before-char-start": 1869,
      "location-before-char-end": 1872,
      "node-str": "8083"
    },
    {
      "type": "delete-node",
      "node": {
        "label": "port",
        "type": "Field"
      },
      "location-before-char-start": 1795,
      "location-before-char-end": 1873,
      "node-str": "port"
    },
    {
      "type": "delete-node",
      "node": {
        "label": "java.net.InetAddress",
        "type": "VARIABLE_TYPE"
      },
      "location-before-char-start": 0,
      "location-before-char-end": 0,
      "node-str": "java.net.InetAddress"
    },
    {
      "type": "delete-node",
      "node": {
        "label": "bindAddress",
        "type": "Field"
      },
      "location-before-char-start": 1879,
      "location-before-char-end": 2059,
      "node-str": "bindAddress"
    },
    {
      "type": "delete-node",
      "node": {
        "label": "int",
        "type": "VARIABLE_TYPE"
      },
      "location-before-char-start": 0,
      "location-before-char-end": 0,
      "node-str": "int"
    },
    {
      "type": "delete-node",
      "node": {
        "label": "50",
        "type": "Literal"
      },
      "location-before-char-start": 2142,
      "location-before-char-end": 2143,
      "node-str": "50"
    },
    {
      "type": "delete-node",
      "node": {
        "label": "backlog",
        "type": "Field"
      },
      "location-before-char-start": 2064,
      "location-before-char-end": 2144,
      "node-str": "backlog"
    },
    {
      "type": "delete-node",
      "node": {
        "label": "EDU.oswego.cs.dl.util.concurrent.ConcurrentReaderHashMap",
        "type": "VARIABLE_TYPE"
      },
      "location-before-char-start": 0,
      "location-before-char-end": 0,
      "node-str": "EDU.oswego.cs.dl.util.concurrent.ConcurrentReaderHashMap"
    },
    {
      "type": "delete-node",
      "node": {
        "label": "final",
        "type": "Modifier"
      },
      "location-before-char-start": 0,
      "location-before-char-end": 0,
      "node-str": "final"
    },
    {
      "type": "delete-node",
      "node": {
        "label": "EDU.oswego.cs.dl.util.concurrent.ConcurrentReaderHashMap()",
        "type": "ConstructorCall"
      },
      "location-before-char-start": 2276,
      "location-before-char-end": 2304,
      "node-str": "EDU.oswego.cs.dl.util.concurrent.ConcurrentReaderHashMap()"
    },
    {
      "type": "delete-node",
      "node": {
        "label": "loaderMap",
        "type": "Field"
      },
      "location-before-char-start": 2150,
      "location-before-char-end": 2305,
      "node-str": "loaderMap"
    },
    {
      "type": "delete-node",
      "node": {
        "label": "java.net.ServerSocket",
        "type": "VARIABLE_TYPE"
      },
      "location-before-char-start": 0,
      "location-before-char-end": 0,
      "node-str": "java.net.ServerSocket"
    },
    {
      "type": "delete-node",
      "node": {
        "label": "null",
        "type": "Literal"
      },
      "location-before-char-start": 2397,
      "location-before-char-end": 2400,
      "node-str": "null"
    },
    {
      "type": "delete-node",
      "node": {
        "label": "server",
        "type": "Field"
      },
      "location-before-char-start": 2310,
      "location-before-char-end": 2401,
      "node-str": "server"
    },
    {
      "type": "delete-node",
      "node": {
        "label": "boolean",
        "type": "VARIABLE_TYPE"
      },
      "location-before-char-start": 0,
      "location-before-char-end": 0,
      "node-str": "boolean"
    },
    {
      "type": "delete-node",
      "node": {
        "label": "true",
        "type": "Literal"
      },
      "location-before-char-start": 2647,
      "location-before-char-end": 2650,
      "node-str": "true"
    },
    {
      "type": "delete-node",
      "node": {
        "label": "downloadServerClasses",
        "type": "Field"
      },
      "location-before-char-start": 2406,
      "location-before-char-end": 2651,
      "node-str": "downloadServerClasses"
    },
    {
      "type": "delete-node",
      "node": {
        "label": "java.util.Properties",
        "type": "VARIABLE_TYPE"
      },
      "location-before-char-start": 0,
      "location-before-char-end": 0,
      "node-str": "java.util.Properties"
    },
    {
      "type": "delete-node",
      "node": {
        "label": "final",
        "type": "Modifier"
      },
      "location-before-char-start": 0,
      "location-before-char-end": 0,
      "node-str": "final"
    },
    {
      "type": "delete-node",
      "node": {
        "label": "static",
        "type": "Modifier"
      },
      "location-before-char-start": 0,
      "location-before-char-end": 0,
      "node-str": "static"
    },
    {
      "type": "delete-node",
      "node": {
        "label": "java.util.Properties()",
        "type": "ConstructorCall"
      },
      "location-before-char-start": 2869,
      "location-before-char-end": 2884,
      "node-str": "java.util.Properties()"
    },
    {
      "type": "delete-node",
      "node": {
        "label": "mimeTypes",
        "type": "Field"
      },
      "location-before-char-start": 2656,
      "location-before-char-end": 2885,
      "node-str": "mimeTypes"
    },
    {
      "type": "delete-node",
      "node": {
        "label": "org.jboss.util.threadpool.BasicThreadPoolMBean",
        "type": "VARIABLE_TYPE"
      },
      "location-before-char-start": 0,
      "location-before-char-end": 0,
      "node-str": "org.jboss.util.threadpool.BasicThreadPoolMBean"
    },
    {
      "type": "delete-node",
      "node": {
        "label": "threadPool",
        "type": "Field"
      },
      "location-before-char-start": 2890,
      "location-before-char-end": 2998,
      "node-str": "threadPool"
    },
    {
      "type": "delete-node",
      "node": {
        "label": "void",
        "type": "RETURN_TYPE"
      },
      "location-before-char-start": 0,
      "location-before-char-end": 0,
      "node-str": "void"
    },
    {
      "type": "delete-node",
      "node": {
        "label": "public",
        "type": "Modifier"
      },
      "location-before-char-start": 0,
      "location-before-char-end": 0,
      "node-str": "public"
    },
    {
      "type": "delete-node",
      "node": {
        "label": "java.lang.String",
        "type": "VARIABLE_TYPE"
      },
      "location-before-char-start": 0,
      "location-before-char-end": 0,
      "node-str": "java.lang.String"
    },
    {
      "type": "delete-node",
      "node": {
        "label": "extension",
        "type": "Parameter"
      },
      "location-before-char-start": 4917,
      "location-before-char-end": 4932,
      "node-str": "extension"
    },
    {
      "type": "delete-node",
      "node": {
        "label": "java.lang.String",
        "type": "VARIABLE_TYPE"
      },
      "location-before-char-start": 0,
      "location-before-char-end": 0,
      "node-str": "java.lang.String"
    },
    {
      "type": "delete-node",
      "node": {
        "label": "type",
        "type": "Parameter"
      },
      "location-before-char-start": 4935,
      "location-before-char-end": 4945,
      "node-str": "type"
    },
    {
      "type": "delete-node",
      "node": {
        "label": "mimeTypes",
        "type": "FieldRead"
      },
      "location-before-char-start": 4959,
      "location-before-char-end": 4967,
      "node-str": "mimeTypes"
    },
    {
      "type": "delete-node",
      "node": {
        "label": "extension",
        "type": "VariableRead"
      },
      "location-before-char-start": 4973,
      "location-before-char-end": 4981,
      "node-str": "extension"
    },
    {
      "type": "delete-node",
      "node": {
        "label": "type",
        "type": "VariableRead"
      },
      "location-before-char-start": 4984,
      "location-before-char-end": 4987,
      "node-str": "type"
    },
    {
      "type": "delete-node",
      "node": {
        "label": "put",
        "type": "Invocation"
      },
      "location-before-char-start": 4959,
      "location-before-char-end": 4989,
      "node-str": "put"
    },
    {
      "type": "delete-node",
      "node": {
        "label": "addMimeType",
        "type": "Method"
      },
      "location-before-char-start": 4713,
      "location-before-char-end": 4994,
      "node-str": "addMimeType"
    },
    {
      "type": "delete-node",
      "node": {
        "label": "void",
        "type": "RETURN_TYPE"
      },
      "location-before-char-start": 0,
      "location-before-char-end": 0,
      "node-str": "void"
    },
    {
      "type": "delete-node",
      "node": {
        "label": "java.lang.Exception",
        "type": "THROWS"
      },
      "location-before-char-start": 0,
      "location-before-char-end": 0,
      "node-str": "java.lang.Exception"
    },
    {
      "type": "delete-node",
      "node": {
        "label": "public",
        "type": "Modifier"
      },
      "location-before-char-start": 0,
      "location-before-char-end": 0,
      "node-str": "public"
    },
    {
      "type": "delete-node",
      "node": {
        "label": "log",
        "type": "FieldRead"
      },
      "location-before-char-start": 5313,
      "location-before-char-end": 5315,
      "node-str": "log"
    },
    {
      "type": "delete-node",
      "node": {
        "label": "isDebugEnabled",
        "type": "Invocation"
      },
      "location-before-char-start": 5313,
      "location-before-char-end": 5332,
      "node-str": "isDebugEnabled"
    },
    {
      "type": "delete-node",
      "node": {
        "label": "THEN",
        "type": "then"
      },
      "location-before-char-start": 5347,
      "location-before-char-end": 5385,
      "node-str": "THEN"
    },
    {
      "type": "delete-node",
      "node": {
        "label": "if",
        "type": "If"
      },
      "location-before-char-start": 5309,
      "location-before-char-end": 5385,
      "node-str": "if"
    },
    {
      "type": "delete-node",
      "node": {
        "label": "org.jboss.web.WebServer",
        "type": "TypeAccess"
      },
      "location-before-char-start": 0,
      "location-before-char-end": 0,
      "node-str": "org.jboss.web.WebServer"
    },
    {
      "type": "delete-node",
      "node": {
        "label": "listen",
        "type": "Invocation"
      },
      "location-before-char-start": 5396,
      "location-before-char-end": 5404,
      "node-str": "listen"
    },
    {
      "type": "delete-node",
      "node": {
        "label": "java.io.IOException",
        "type": "VARIABLE_TYPE"
      },
      "location-before-char-start": 0,
      "location-before-char-end": 0,
      "node-str": "java.io.IOException"
    },
    {
      "type": "delete-node",
      "node": {
        "label": "e",
        "type": "CatchVariable"
      },
      "location-before-char-start": 5549,
      "location-before-char-end": 5561,
      "node-str": "e"
    },
    {
      "type": "delete-node",
      "node": {
        "label": "e",
        "type": "VariableRead"
      },
      "location-before-char-start": 5587,
      "location-before-char-end": 5587,
      "node-str": "e"
    },
    {
      "type": "delete-node",
      "node": {
        "label": "",
        "type": "Throw"
      },
      "location-before-char-start": 5581,
      "location-before-char-end": 5588,
      "node-str": ""
    },
    {
      "type": "delete-node",
      "node": {
        "label": "",
        "type": "Catch"
      },
      "location-before-char-start": 5535,
      "location-before-char-end": 5596,
      "node-str": ""
    },
    {
      "type": "delete-node",
      "node": {
        "label": "",
        "type": "Try"
      },
      "location-before-char-start": 5224,
      "location-before-char-end": 5596,
      "node-str": ""
    },
    {
      "type": "delete-node",
      "node": {
        "label": "start",
        "type": "Method"
      },
      "location-before-char-start": 5000,
      "location-before-char-end": 5601,
      "node-str": "start"
    },
    {
      "type": "delete-node",
      "node": {
        "label": "byte[]",
        "type": "RETURN_TYPE"
      },
      "location-before-char-start": 0,
      "location-before-char-end": 0,
      "node-str": "byte[]"
    },
    {
      "type": "delete-node",
      "node": {
        "label": "java.io.IOException",
        "type": "THROWS"
      },
      "location-before-char-start": 0,
      "location-before-char-end": 0,
      "node-str": "java.io.IOException"
    },
    {
      "type": "delete-node",
      "node": {
        "label": "protected",
        "type": "Modifier"
      },
      "location-before-char-start": 0,
      "location-before-char-end": 0,
      "node-str": "protected"
    },
    {
      "type": "delete-node",
      "node": {
        "label": "java.net.URL",
        "type": "VARIABLE_TYPE"
      },
      "location-before-char-start": 0,
      "location-before-char-end": 0,
      "node-str": "java.net.URL"
    },
    {
      "type": "delete-node",
      "node": {
        "label": "url",
        "type": "Parameter"
      },
      "location-before-char-start": 15106,
      "location-before-char-end": 15112,
      "node-str": "url"
    },
    {
      "type": "delete-node",
      "node": {
        "label": "log",
        "type": "FieldRead"
      },
      "location-before-char-start": 15215,
      "location-before-char-end": 15217,
      "node-str": "log"
    },
    {
      "type": "delete-node",
      "node": {
        "label": "isDebugEnabled",
        "type": "Invocation"
      },
      "location-before-char-start": 15215,
      "location-before-char-end": 15234,
      "node-str": "isDebugEnabled"
    },
    {
      "type": "delete-node",
      "node": {
        "label": "log",
        "type": "FieldRead"
      },
      "location-before-char-start": 15246,
      "location-before-char-end": 15248,
      "node-str": "log"
    },
    {
      "type": "delete-node",
      "node": {
        "label": "\"Retrieving \"",
        "type": "Literal"
      },
      "location-before-char-start": 15256,
      "location-before-char-end": 15268,
      "node-str": "\"Retrieving \""
    },
    {
      "type": "delete-node",
      "node": {
        "label": "url",
        "type": "VariableRead"
      },
      "location-before-char-start": 15272,
      "location-before-char-end": 15274,
      "node-str": "url"
    },
    {
      "type": "delete-node",
      "node": {
        "label": "PLUS",
        "type": "BinaryOperator"
      },
      "location-before-char-start": 15256,
      "location-before-char-end": 15274,
      "node-str": "PLUS"
    },
    {
      "type": "delete-node",
      "node": {
        "label": "debug",
        "type": "Invocation"
      },
      "location-before-char-start": 15246,
      "location-before-char-end": 15276,
      "node-str": "debug"
    },
    {
      "type": "delete-node",
      "node": {
        "label": "THEN",
        "type": "then"
      },
      "location-before-char-start": 15246,
      "location-before-char-end": 15276,
      "node-str": "THEN"
    },
    {
      "type": "delete-node",
      "node": {
        "label": "if",
        "type": "If"
      },
      "location-before-char-start": 15211,
      "location-before-char-end": 15276,
      "node-str": "if"
    },
    {
      "type": "delete-node",
      "node": {
        "label": "java.io.ByteArrayOutputStream",
        "type": "VARIABLE_TYPE"
      },
      "location-before-char-start": 0,
      "location-before-char-end": 0,
      "node-str": "java.io.ByteArrayOutputStream"
    },
    {
      "type": "delete-node",
      "node": {
        "label": "java.io.ByteArrayOutputStream()",
        "type": "ConstructorCall"
      },
      "location-before-char-start": 15312,
      "location-before-char-end": 15338,
      "node-str": "java.io.ByteArrayOutputStream()"
    },
    {
      "type": "delete-node",
      "node": {
        "label": "out",
        "type": "LocalVariable"
      },
      "location-before-char-start": 15284,
      "location-before-char-end": 15339,
      "node-str": "out"
    },
    {
      "type": "delete-node",
      "node": {
        "label": "byte[]",
        "type": "VARIABLE_TYPE"
      },
      "location-before-char-start": 0,
      "location-before-char-end": 0,
      "node-str": "byte[]"
    },
    {
      "type": "delete-node",
      "node": {
        "label": "1024",
        "type": "Literal"
      },
      "location-before-char-start": 15369,
      "location-before-char-end": 15372,
      "node-str": "1024"
    },
    {
      "type": "delete-node",
      "node": {
        "label": "",
        "type": "NewArray"
      },
      "location-before-char-start": 15360,
      "location-before-char-end": 15373,
      "node-str": ""
    },
    {
      "type": "delete-node",
      "node": {
        "label": "tmp",
        "type": "LocalVariable"
      },
      "location-before-char-start": 15347,
      "location-before-char-end": 15374,
      "node-str": "tmp"
    },
    {
      "type": "delete-node",
      "node": {
        "label": "int",
        "type": "VARIABLE_TYPE"
      },
      "location-before-char-start": 0,
      "location-before-char-end": 0,
      "node-str": "int"
    },
    {
      "type": "delete-node",
      "node": {
        "label": "bytes",
        "type": "LocalVariable"
      },
      "location-before-char-start": 15382,
      "location-before-char-end": 15391,
      "node-str": "bytes"
    },
    {
      "type": "delete-node",
      "node": {
        "label": "in",
        "type": "VariableRead"
      },
      "location-before-char-start": 15493,
      "location-before-char-end": 15494,
      "node-str": "in"
    },
    {
      "type": "delete-node",
      "node": {
        "label": "close",
        "type": "Invocation"
      },
      "location-before-char-start": 15493,
      "location-before-char-end": 15503,
      "node-str": "close"
    },
    {
      "type": "delete-node",
      "node": {
        "label": "out",
        "type": "VariableRead"
      },
      "location-before-char-start": 15518,
      "location-before-char-end": 15520,
      "node-str": "out"
    },
    {
      "type": "delete-node",
      "node": {
        "label": "toByteArray",
        "type": "Invocation"
      },
      "location-before-char-start": 15518,
      "location-before-char-end": 15534,
      "node-str": "toByteArray"
    },
    {
      "type": "delete-node",
      "node": {
        "label": "return",
        "type": "Return"
      },
      "location-before-char-start": 15511,
      "location-before-char-end": 15535,
      "node-str": "return"
    },
    {
      "type": "delete-node",
      "node": {
        "label": "getBytes",
        "type": "Method"
      },
      "location-before-char-start": 15002,
      "location-before-char-end": 15540,
      "node-str": "getBytes"
    },
    {
      "type": "delete-node",
      "node": {
        "label": "WebServer",
        "type": "Class"
      },
      "location-before-char-start": 860,
      "location-before-char-end": 16078,
      "node-str": "WebServer"
    }
  ],
  "before-file": {},
  "after-file": {},
  "mapping": {}
}