{
  "tool-info": {},
  "diff": [
    {
      "type": "insert-node",
      "node": {
        "label": "createUndoActivity",
        "type": "Method"
      },
      "location-after-char-start": 2246,
      "location-after-char-end": 2401,
      "node-str": "createUndoActivity"
    },
    {
      "type": "insert-node",
      "node": {
        "label": "org.jhotdraw.util.Undoable",
        "type": "RETURN_TYPE"
      },
      "location-after-char-start": 0,
      "location-after-char-end": 0,
      "node-str": "org.jhotdraw.util.Undoable"
    },
    {
      "type": "move-subtree",
      "node": {
        "label": "protected",
        "type": "Modifier"
      },
      "location-before-char-start": 0,
      "location-before-char-end": 0,
      "location-after-char-start": 0,
      "location-after-char-end": 0,
      "node-str": "protected"
    },
    {
      "type": "insert-node",
      "node": {
        "label": "return",
        "type": "Return"
      },
      "location-after-char-start": 2358,
      "location-after-char-end": 2398,
      "node-str": "return"
    },
    {
      "type": "insert-node",
      "node": {
        "label": "",
        "type": "TypeReference"
      },
      "location-after-char-start": 2446,
      "location-after-char-end": 2460,
      "node-str": ""
    },
    {
      "type": "insert-node",
      "node": {
        "label": "myCommand",
        "type": "Field"
      },
      "location-after-char-start": 2467,
      "location-after-char-end": 2506,
      "node-str": "myCommand"
    },
    {
      "type": "insert-node",
      "node": {
        "label": "redo",
        "type": "Method"
      },
      "location-after-char-start": 3084,
      "location-after-char-end": 3426,
      "node-str": "redo"
    },
    {
      "type": "insert-node",
      "node": {
        "label": "getSelectedFigures",
        "type": "Method"
      },
      "location-after-char-start": 4146,
      "location-after-char-end": 4383,
      "node-str": "getSelectedFigures"
    },
    {
      "type": "update-node",
      "node": {
        "label": "CH.ifa.draw.standard.CutCommand",
        "type": "TypeAccess"
      },
      "location-before-char-start": 0,
      "location-before-char-end": 0,
      "location-after-char-start": 0,
      "location-after-char-end": 0,
      "node-str": "org.jhotdraw.standard.CutCommand"
    },
    {
      "type": "update-node",
      "node": {
        "label": "CH.ifa.draw.standard.CutCommand$UndoActivity",
        "type": "VARIABLE_TYPE"
      },
      "location-before-char-start": 0,
      "location-before-char-end": 0,
      "location-after-char-start": 0,
      "location-after-char-end": 0,
      "node-str": "org.jhotdraw.standard.CutCommand$UndoActivity"
    },
    {
      "type": "update-node",
      "node": {
        "label": "CH.ifa.draw.standard.CutCommand",
        "type": "TypeAccess"
      },
      "location-before-char-start": 0,
      "location-before-char-end": 0,
      "location-after-char-start": 0,
      "location-after-char-end": 0,
      "node-str": "org.jhotdraw.standard.CutCommand"
    },
    {
      "type": "update-node",
      "node": {
        "label": "CH.ifa.draw.standard.CutCommand",
        "type": "TypeAccess"
      },
      "location-before-char-start": 0,
      "location-before-char-end": 0,
      "location-after-char-start": 0,
      "location-after-char-end": 0,
      "node-str": "org.jhotdraw.standard.CutCommand"
    },
    {
      "type": "insert-node",
      "node": {
        "label": "org.jhotdraw.standard.CutCommand$UndoActivity(org.jhotdraw.standard.FigureTransferCommand)",
        "type": "ConstructorCall"
      },
      "location-after-char-start": 2365,
      "location-after-char-end": 2397,
      "node-str": "org.jhotdraw.standard.CutCommand$UndoActivity(org.jhotdraw.standard.FigureTransferCommand)"
    },
    {
      "type": "insert-node",
      "node": {
        "label": "org.jhotdraw.util.UndoableAdapter",
        "type": "SUPER_TYPE"
      },
      "location-after-char-start": 0,
      "location-after-char-end": 0,
      "node-str": "org.jhotdraw.util.UndoableAdapter"
    },
    {
      "type": "insert-node",
      "node": {
        "label": "org.jhotdraw.standard.FigureTransferCommand",
        "type": "VARIABLE_TYPE"
      },
      "location-after-char-start": 0,
      "location-after-char-end": 0,
      "node-str": "org.jhotdraw.standard.FigureTransferCommand"
    },
    {
      "type": "move-subtree",
      "node": {
        "label": "boolean",
        "type": "RETURN_TYPE"
      },
      "location-before-char-start": 0,
      "location-before-char-end": 0,
      "location-after-char-start": 0,
      "location-after-char-end": 0,
      "node-str": "boolean"
    },
    {
      "type": "move-subtree",
      "node": {
        "label": "public",
        "type": "Modifier"
      },
      "location-before-char-start": 0,
      "location-before-char-end": 0,
      "location-after-char-start": 0,
      "location-after-char-end": 0,
      "node-str": "public"
    },
    {
      "type": "insert-node",
      "node": {
        "label": "if",
        "type": "If"
      },
      "location-after-char-start": 3237,
      "location-after-char-end": 3404,
      "node-str": "if"
    },
    {
      "type": "move-subtree",
      "node": {
        "label": "return",
        "type": "Return"
      },
      "location-before-char-start": 3400,
      "location-before-char-end": 3412,
      "location-after-char-start": 3410,
      "location-after-char-end": 3422,
      "node-str": "return"
    },
    {
      "type": "insert-node",
      "node": {
        "label": "org.jhotdraw.standard.FigureEnumeration",
        "type": "RETURN_TYPE"
      },
      "location-after-char-start": 0,
      "location-after-char-end": 0,
      "node-str": "org.jhotdraw.standard.FigureEnumeration"
    },
    {
      "type": "move-subtree",
      "node": {
        "label": "public",
        "type": "Modifier"
      },
      "location-before-char-start": 0,
      "location-before-char-end": 0,
      "location-after-char-start": 0,
      "location-after-char-end": 0,
      "node-str": "public"
    },
    {
      "type": "insert-node",
      "node": {
        "label": "return",
        "type": "Return"
      },
      "location-after-char-start": 4287,
      "location-after-char-end": 4379,
      "node-str": "return"
    },
    {
      "type": "update-node",
      "node": {
        "label": "CH.ifa.draw.standard.CutCommand",
        "type": "TypeAccess"
      },
      "location-before-char-start": 0,
      "location-before-char-end": 0,
      "location-after-char-start": 0,
      "location-after-char-end": 0,
      "node-str": "org.jhotdraw.standard.CutCommand"
    },
    {
      "type": "update-node",
      "node": {
        "label": "CH.ifa.draw.standard.CutCommand",
        "type": "TypeAccess"
      },
      "location-before-char-start": 0,
      "location-before-char-end": 0,
      "location-after-char-start": 0,
      "location-after-char-end": 0,
      "node-str": "org.jhotdraw.standard.CutCommand"
    },
    {
      "type": "update-node",
      "node": {
        "label": "CH.ifa.draw.standard.CutCommand",
        "type": "TypeAccess"
      },
      "location-before-char-start": 0,
      "location-before-char-end": 0,
      "location-after-char-start": 0,
      "location-after-char-end": 0,
      "node-str": "org.jhotdraw.standard.CutCommand"
    },
    {
      "type": "update-node",
      "node": {
        "label": "CH.ifa.draw.standard.CutCommand",
        "type": "TypeAccess"
      },
      "location-before-char-start": 0,
      "location-before-char-end": 0,
      "location-after-char-start": 0,
      "location-after-char-end": 0,
      "node-str": "org.jhotdraw.standard.CutCommand"
    },
    {
      "type": "insert-node",
      "node": {
        "label": "this",
        "type": "ThisAccess"
      },
      "location-after-char-start": 2393,
      "location-after-char-end": 2396,
      "node-str": "this"
    },
    {
      "type": "update-node",
      "node": {
        "label": "CH.ifa.draw.standard.CutCommand$UndoActivity",
        "type": "TypeAccess"
      },
      "location-before-char-start": 0,
      "location-before-char-end": 0,
      "location-after-char-start": 0,
      "location-after-char-end": 0,
      "node-str": "org.jhotdraw.standard.CutCommand$UndoActivity"
    },
    {
      "type": "update-node",
      "node": {
        "label": "CH.ifa.draw.standard.CutCommand$UndoActivity",
        "type": "TypeAccess"
      },
      "location-before-char-start": 0,
      "location-before-char-end": 0,
      "location-after-char-start": 0,
      "location-after-char-end": 0,
      "node-str": "org.jhotdraw.standard.CutCommand$UndoActivity"
    },
    {
      "type": "insert-node",
      "node": {
        "label": "isRedoable",
        "type": "Invocation"
      },
      "location-after-char-start": 3241,
      "location-after-char-end": 3252,
      "node-str": "isRedoable"
    },
    {
      "type": "insert-node",
      "node": {
        "label": "THEN",
        "type": "then"
      },
      "location-after-char-start": 3255,
      "location-after-char-end": 3404,
      "node-str": "THEN"
    },
    {
      "type": "update-node",
      "node": {
        "label": "CH.ifa.draw.standard.CutCommand$UndoActivity",
        "type": "TypeAccess"
      },
      "location-before-char-start": 0,
      "location-before-char-end": 0,
      "location-after-char-start": 0,
      "location-after-char-end": 0,
      "node-str": "org.jhotdraw.standard.CutCommand$UndoActivity"
    },
    {
      "type": "insert-node",
      "node": {
        "label": "java.lang.Object()",
        "type": "ConstructorCall"
      },
      "location-after-char-start": 4294,
      "location-after-char-end": 4378,
      "node-str": "java.lang.Object()"
    },
    {
      "type": "update-node",
      "node": {
        "label": "CH.ifa.draw.standard.CutCommand$UndoActivity",
        "type": "TypeAccess"
      },
      "location-before-char-start": 0,
      "location-before-char-end": 0,
      "location-after-char-start": 0,
      "location-after-char-end": 0,
      "node-str": "org.jhotdraw.standard.CutCommand$UndoActivity"
    },
    {
      "type": "update-node",
      "node": {
        "label": "CH.ifa.draw.standard.CutCommand",
        "type": "TypeAccess"
      },
      "location-before-char-start": 0,
      "location-before-char-end": 0,
      "location-after-char-start": 0,
      "location-after-char-end": 0,
      "node-str": "org.jhotdraw.standard.CutCommand"
    },
    {
      "type": "update-node",
      "node": {
        "label": "CH.ifa.draw.util.CollectionsFactory",
        "type": "TypeAccess"
      },
      "location-before-char-start": 1396,
      "location-before-char-end": 1413,
      "location-after-char-start": 1403,
      "location-after-char-end": 1420,
      "node-str": "org.jhotdraw.util.CollectionsFactory"
    },
    {
      "type": "update-node",
      "node": {
        "label": "CH.ifa.draw.standard.CutCommand",
        "type": "TypeAccess"
      },
      "location-before-char-start": 0,
      "location-before-char-end": 0,
      "location-after-char-start": 0,
      "location-after-char-end": 0,
      "node-str": "org.jhotdraw.standard.CutCommand"
    },
    {
      "type": "update-node",
      "node": {
        "label": "CH.ifa.draw.standard.CutCommand",
        "type": "TypeAccess"
      },
      "location-before-char-start": 0,
      "location-before-char-end": 0,
      "location-after-char-start": 0,
      "location-after-char-end": 0,
      "node-str": "org.jhotdraw.standard.CutCommand"
    },
    {
      "type": "insert-node",
      "node": {
        "label": "org.jhotdraw.standard.CutCommand",
        "type": "TypeAccess"
      },
      "location-after-char-start": 0,
      "location-after-char-end": 0,
      "node-str": "org.jhotdraw.standard.CutCommand"
    },
    {
      "type": "update-node",
      "node": {
        "label": "CH.ifa.draw.standard.CutCommand$UndoActivity",
        "type": "TypeAccess"
      },
      "location-before-char-start": 0,
      "location-before-char-end": 0,
      "location-after-char-start": 0,
      "location-after-char-end": 0,
      "node-str": "org.jhotdraw.standard.CutCommand$UndoActivity"
    },
    {
      "type": "insert-node",
      "node": {
        "label": "org.jhotdraw.standard.CutCommand$UndoActivity",
        "type": "TypeAccess"
      },
      "location-after-char-start": 0,
      "location-after-char-end": 0,
      "node-str": "org.jhotdraw.standard.CutCommand$UndoActivity"
    },
    {
      "type": "insert-node",
      "node": {
        "label": "copyFigures",
        "type": "Invocation"
      },
      "location-after-char-start": 3261,
      "location-after-char-end": 3331,
      "node-str": "copyFigures"
    },
    {
      "type": "insert-node",
      "node": {
        "label": "deleteFigures",
        "type": "Invocation"
      },
      "location-after-char-start": 3337,
      "location-after-char-end": 3382,
      "node-str": "deleteFigures"
    },
    {
      "type": "move-subtree",
      "node": {
        "label": "return",
        "type": "Return"
      },
      "location-before-char-start": 3378,
      "location-before-char-end": 3389,
      "location-after-char-start": 3388,
      "location-after-char-end": 3399,
      "node-str": "return"
    },
    {
      "type": "update-node",
      "node": {
        "label": "CH.ifa.draw.standard.CutCommand$UndoActivity",
        "type": "TypeAccess"
      },
      "location-before-char-start": 0,
      "location-before-char-end": 0,
      "location-after-char-start": 0,
      "location-after-char-end": 0,
      "node-str": "org.jhotdraw.standard.CutCommand$UndoActivity"
    },
    {
      "type": "insert-node",
      "node": {
        "label": "createList",
        "type": "Invocation"
      },
      "location-after-char-start": 4320,
      "location-after-char-end": 4377,
      "node-str": "createList"
    },
    {
      "type": "update-node",
      "node": {
        "label": "CH.ifa.draw.standard.CutCommand$UndoActivity",
        "type": "TypeAccess"
      },
      "location-before-char-start": 0,
      "location-before-char-end": 0,
      "location-after-char-start": 0,
      "location-after-char-end": 0,
      "node-str": "org.jhotdraw.standard.CutCommand$UndoActivity"
    },
    {
      "type": "update-node",
      "node": {
        "label": "CH.ifa.draw.standard.CutCommand",
        "type": "TypeAccess"
      },
      "location-before-char-start": 0,
      "location-before-char-end": 0,
      "location-after-char-start": 0,
      "location-after-char-end": 0,
      "node-str": "org.jhotdraw.standard.CutCommand"
    },
    {
      "type": "insert-node",
      "node": {
        "label": "myCommand",
        "type": "FieldRead"
      },
      "location-after-char-start": 3261,
      "location-after-char-end": 3269,
      "node-str": "myCommand"
    },
    {
      "type": "insert-node",
      "node": {
        "label": "getSelectedFigures",
        "type": "Invocation"
      },
      "location-after-char-start": 3283,
      "location-after-char-end": 3302,
      "node-str": "getSelectedFigures"
    },
    {
      "type": "insert-node",
      "node": {
        "label": "getSelectedFiguresCount",
        "type": "Invocation"
      },
      "location-after-char-start": 3305,
      "location-after-char-end": 3329,
      "node-str": "getSelectedFiguresCount"
    },
    {
      "type": "insert-node",
      "node": {
        "label": "myCommand",
        "type": "FieldRead"
      },
      "location-after-char-start": 3337,
      "location-after-char-end": 3345,
      "node-str": "myCommand"
    },
    {
      "type": "insert-node",
      "node": {
        "label": "getAffectedFigures",
        "type": "Invocation"
      },
      "location-after-char-start": 3361,
      "location-after-char-end": 3380,
      "node-str": "getAffectedFigures"
    },
    {
      "type": "update-node",
      "node": {
        "label": "CH.ifa.draw.util.CollectionsFactory",
        "type": "TypeAccess"
      },
      "location-before-char-start": 3980,
      "location-before-char-end": 3997,
      "location-after-char-start": 3990,
      "location-after-char-end": 4007,
      "node-str": "org.jhotdraw.util.CollectionsFactory"
    },
    {
      "type": "update-node",
      "node": {
        "label": "CH.ifa.draw.standard.CutCommand$UndoActivity",
        "type": "TypeAccess"
      },
      "location-before-char-start": 0,
      "location-before-char-end": 0,
      "location-after-char-start": 0,
      "location-after-char-end": 0,
      "node-str": "org.jhotdraw.standard.CutCommand$UndoActivity"
    },
    {
      "type": "insert-node",
      "node": {
        "label": "current",
        "type": "Invocation"
      },
      "location-after-char-start": 4320,
      "location-after-char-end": 4347,
      "node-str": "current"
    },
    {
      "type": "insert-node",
      "node": {
        "label": "mySelectedFigures",
        "type": "FieldRead"
      },
      "location-after-char-start": 4360,
      "location-after-char-end": 4376,
      "node-str": "mySelectedFigures"
    },
    {
      "type": "update-node",
      "node": {
        "label": "CH.ifa.draw.standard.CutCommand$UndoActivity",
        "type": "TypeAccess"
      },
      "location-before-char-start": 0,
      "location-before-char-end": 0,
      "location-after-char-start": 0,
      "location-after-char-end": 0,
      "node-str": "org.jhotdraw.standard.CutCommand$UndoActivity"
    },
    {
      "type": "update-node",
      "node": {
        "label": "CH.ifa.draw.standard.CutCommand$UndoActivity",
        "type": "TypeAccess"
      },
      "location-before-char-start": 0,
      "location-before-char-end": 0,
      "location-after-char-start": 0,
      "location-after-char-end": 0,
      "node-str": "org.jhotdraw.standard.CutCommand$UndoActivity"
    },
    {
      "type": "update-node",
      "node": {
        "label": "CH.ifa.draw.standard.CutCommand$UndoActivity",
        "type": "TypeAccess"
      },
      "location-before-char-start": 0,
      "location-before-char-end": 0,
      "location-after-char-start": 0,
      "location-after-char-end": 0,
      "node-str": "org.jhotdraw.standard.CutCommand$UndoActivity"
    },
    {
      "type": "update-node",
      "node": {
        "label": "CH.ifa.draw.standard.CutCommand$UndoActivity",
        "type": "TypeAccess"
      },
      "location-before-char-start": 0,
      "location-before-char-end": 0,
      "location-after-char-start": 0,
      "location-after-char-end": 0,
      "node-str": "org.jhotdraw.standard.CutCommand$UndoActivity"
    },
    {
      "type": "update-node",
      "node": {
        "label": "CH.ifa.draw.standard.CutCommand$UndoActivity",
        "type": "TypeAccess"
      },
      "location-before-char-start": 0,
      "location-before-char-end": 0,
      "location-after-char-start": 0,
      "location-after-char-end": 0,
      "node-str": "org.jhotdraw.standard.CutCommand$UndoActivity"
    },
    {
      "type": "insert-node",
      "node": {
        "label": "org.jhotdraw.standard.CutCommand$UndoActivity",
        "type": "TypeAccess"
      },
      "location-after-char-start": 0,
      "location-after-char-end": 0,
      "node-str": "org.jhotdraw.standard.CutCommand$UndoActivity"
    },
    {
      "type": "insert-node",
      "node": {
        "label": "org.jhotdraw.standard.CutCommand$UndoActivity",
        "type": "TypeAccess"
      },
      "location-after-char-start": 0,
      "location-after-char-end": 0,
      "node-str": "org.jhotdraw.standard.CutCommand$UndoActivity"
    },
    {
      "type": "insert-node",
      "node": {
        "label": "org.jhotdraw.standard.CutCommand$UndoActivity",
        "type": "TypeAccess"
      },
      "location-after-char-start": 0,
      "location-after-char-end": 0,
      "node-str": "org.jhotdraw.standard.CutCommand$UndoActivity"
    },
    {
      "type": "insert-node",
      "node": {
        "label": "org.jhotdraw.standard.CutCommand$UndoActivity",
        "type": "TypeAccess"
      },
      "location-after-char-start": 0,
      "location-after-char-end": 0,
      "node-str": "org.jhotdraw.standard.CutCommand$UndoActivity"
    },
    {
      "type": "insert-node",
      "node": {
        "label": "org.jhotdraw.standard.CutCommand$UndoActivity",
        "type": "TypeAccess"
      },
      "location-after-char-start": 0,
      "location-after-char-end": 0,
      "node-str": "org.jhotdraw.standard.CutCommand$UndoActivity"
    },
    {
      "type": "insert-node",
      "node": {
        "label": "org.jhotdraw.util.CollectionsFactory",
        "type": "TypeAccess"
      },
      "location-after-char-start": 4320,
      "location-after-char-end": 4337,
      "node-str": "org.jhotdraw.util.CollectionsFactory"
    },
    {
      "type": "insert-node",
      "node": {
        "label": "org.jhotdraw.standard.CutCommand$UndoActivity",
        "type": "TypeAccess"
      },
      "location-after-char-start": 0,
      "location-after-char-end": 0,
      "node-str": "org.jhotdraw.standard.CutCommand$UndoActivity"
    },
    {
      "type": "delete-node",
      "node": {
        "label": "CH.ifa.draw.util.Undoable",
        "type": "RETURN_TYPE"
      },
      "location-before-char-start": 0,
      "location-before-char-end": 0,
      "node-str": "CH.ifa.draw.util.Undoable"
    },
    {
      "type": "delete-node",
      "node": {
        "label": "CH.ifa.draw.standard.CutCommand",
        "type": "TypeAccess"
      },
      "location-before-char-start": 0,
      "location-before-char-end": 0,
      "node-str": "CH.ifa.draw.standard.CutCommand"
    },
    {
      "type": "delete-node",
      "node": {
        "label": "this",
        "type": "ThisAccess"
      },
      "location-before-char-start": 2385,
      "location-before-char-end": 2388,
      "node-str": "this"
    },
    {
      "type": "delete-node",
      "node": {
        "label": "CH.ifa.draw.standard.CutCommand$UndoActivity(CH.ifa.draw.standard.FigureTransferCommand)",
        "type": "ConstructorCall"
      },
      "location-before-char-start": 2357,
      "location-before-char-end": 2389,
      "node-str": "CH.ifa.draw.standard.CutCommand$UndoActivity(CH.ifa.draw.standard.FigureTransferCommand)"
    },
    {
      "type": "delete-node",
      "node": {
        "label": "return",
        "type": "Return"
      },
      "location-before-char-start": 2350,
      "location-before-char-end": 2390,
      "node-str": "return"
    },
    {
      "type": "delete-node",
      "node": {
        "label": "createUndoActivity",
        "type": "Method"
      },
      "location-before-char-start": 2238,
      "location-before-char-end": 2393,
      "node-str": "createUndoActivity"
    },
    {
      "type": "delete-node",
      "node": {
        "label": "CH.ifa.draw.util.UndoableAdapter",
        "type": "SUPER_TYPE"
      },
      "location-before-char-start": 0,
      "location-before-char-end": 0,
      "node-str": "CH.ifa.draw.util.UndoableAdapter"
    },
    {
      "type": "delete-node",
      "node": {
        "label": "",
        "type": "TypeReference"
      },
      "location-before-char-start": 2438,
      "location-before-char-end": 2452,
      "node-str": ""
    },
    {
      "type": "delete-node",
      "node": {
        "label": "CH.ifa.draw.standard.FigureTransferCommand",
        "type": "VARIABLE_TYPE"
      },
      "location-before-char-start": 0,
      "location-before-char-end": 0,
      "node-str": "CH.ifa.draw.standard.FigureTransferCommand"
    },
    {
      "type": "delete-node",
      "node": {
        "label": "myCommand",
        "type": "Field"
      },
      "location-before-char-start": 2459,
      "location-before-char-end": 2498,
      "node-str": "myCommand"
    },
    {
      "type": "delete-node",
      "node": {
        "label": "CH.ifa.draw.standard.CutCommand$UndoActivity",
        "type": "TypeAccess"
      },
      "location-before-char-start": 0,
      "location-before-char-end": 0,
      "node-str": "CH.ifa.draw.standard.CutCommand$UndoActivity"
    },
    {
      "type": "delete-node",
      "node": {
        "label": "isRedoable",
        "type": "Invocation"
      },
      "location-before-char-start": 3231,
      "location-before-char-end": 3242,
      "node-str": "isRedoable"
    },
    {
      "type": "delete-node",
      "node": {
        "label": "CH.ifa.draw.standard.CutCommand$UndoActivity",
        "type": "TypeAccess"
      },
      "location-before-char-start": 0,
      "location-before-char-end": 0,
      "node-str": "CH.ifa.draw.standard.CutCommand$UndoActivity"
    },
    {
      "type": "delete-node",
      "node": {
        "label": "myCommand",
        "type": "FieldRead"
      },
      "location-before-char-start": 3251,
      "location-before-char-end": 3259,
      "node-str": "myCommand"
    },
    {
      "type": "delete-node",
      "node": {
        "label": "CH.ifa.draw.standard.CutCommand$UndoActivity",
        "type": "TypeAccess"
      },
      "location-before-char-start": 0,
      "location-before-char-end": 0,
      "node-str": "CH.ifa.draw.standard.CutCommand$UndoActivity"
    },
    {
      "type": "delete-node",
      "node": {
        "label": "getSelectedFigures",
        "type": "Invocation"
      },
      "location-before-char-start": 3273,
      "location-before-char-end": 3292,
      "node-str": "getSelectedFigures"
    },
    {
      "type": "delete-node",
      "node": {
        "label": "CH.ifa.draw.standard.CutCommand$UndoActivity",
        "type": "TypeAccess"
      },
      "location-before-char-start": 0,
      "location-before-char-end": 0,
      "node-str": "CH.ifa.draw.standard.CutCommand$UndoActivity"
    },
    {
      "type": "delete-node",
      "node": {
        "label": "getSelectedFiguresCount",
        "type": "Invocation"
      },
      "location-before-char-start": 3295,
      "location-before-char-end": 3319,
      "node-str": "getSelectedFiguresCount"
    },
    {
      "type": "delete-node",
      "node": {
        "label": "copyFigures",
        "type": "Invocation"
      },
      "location-before-char-start": 3251,
      "location-before-char-end": 3321,
      "node-str": "copyFigures"
    },
    {
      "type": "delete-node",
      "node": {
        "label": "CH.ifa.draw.standard.CutCommand$UndoActivity",
        "type": "TypeAccess"
      },
      "location-before-char-start": 0,
      "location-before-char-end": 0,
      "node-str": "CH.ifa.draw.standard.CutCommand$UndoActivity"
    },
    {
      "type": "delete-node",
      "node": {
        "label": "myCommand",
        "type": "FieldRead"
      },
      "location-before-char-start": 3327,
      "location-before-char-end": 3335,
      "node-str": "myCommand"
    },
    {
      "type": "delete-node",
      "node": {
        "label": "CH.ifa.draw.standard.CutCommand$UndoActivity",
        "type": "TypeAccess"
      },
      "location-before-char-start": 0,
      "location-before-char-end": 0,
      "node-str": "CH.ifa.draw.standard.CutCommand$UndoActivity"
    },
    {
      "type": "delete-node",
      "node": {
        "label": "getAffectedFigures",
        "type": "Invocation"
      },
      "location-before-char-start": 3351,
      "location-before-char-end": 3370,
      "node-str": "getAffectedFigures"
    },
    {
      "type": "delete-node",
      "node": {
        "label": "deleteFigures",
        "type": "Invocation"
      },
      "location-before-char-start": 3327,
      "location-before-char-end": 3372,
      "node-str": "deleteFigures"
    },
    {
      "type": "delete-node",
      "node": {
        "label": "THEN",
        "type": "then"
      },
      "location-before-char-start": 3245,
      "location-before-char-end": 3394,
      "node-str": "THEN"
    },
    {
      "type": "delete-node",
      "node": {
        "label": "if",
        "type": "If"
      },
      "location-before-char-start": 3227,
      "location-before-char-end": 3394,
      "node-str": "if"
    },
    {
      "type": "delete-node",
      "node": {
        "label": "redo",
        "type": "Method"
      },
      "location-before-char-start": 3075,
      "location-before-char-end": 3416,
      "node-str": "redo"
    },
    {
      "type": "delete-node",
      "node": {
        "label": "CH.ifa.draw.standard.FigureEnumeration",
        "type": "RETURN_TYPE"
      },
      "location-before-char-start": 0,
      "location-before-char-end": 0,
      "node-str": "CH.ifa.draw.standard.FigureEnumeration"
    },
    {
      "type": "delete-node",
      "node": {
        "label": "CH.ifa.draw.util.CollectionsFactory",
        "type": "TypeAccess"
      },
      "location-before-char-start": 4310,
      "location-before-char-end": 4327,
      "node-str": "CH.ifa.draw.util.CollectionsFactory"
    },
    {
      "type": "delete-node",
      "node": {
        "label": "current",
        "type": "Invocation"
      },
      "location-before-char-start": 4310,
      "location-before-char-end": 4337,
      "node-str": "current"
    },
    {
      "type": "delete-node",
      "node": {
        "label": "CH.ifa.draw.standard.CutCommand$UndoActivity",
        "type": "TypeAccess"
      },
      "location-before-char-start": 0,
      "location-before-char-end": 0,
      "node-str": "CH.ifa.draw.standard.CutCommand$UndoActivity"
    },
    {
      "type": "delete-node",
      "node": {
        "label": "mySelectedFigures",
        "type": "FieldRead"
      },
      "location-before-char-start": 4350,
      "location-before-char-end": 4366,
      "node-str": "mySelectedFigures"
    },
    {
      "type": "delete-node",
      "node": {
        "label": "createList",
        "type": "Invocation"
      },
      "location-before-char-start": 4310,
      "location-before-char-end": 4367,
      "node-str": "createList"
    },
    {
      "type": "delete-node",
      "node": {
        "label": "java.lang.Object()",
        "type": "ConstructorCall"
      },
      "location-before-char-start": 4284,
      "location-before-char-end": 4368,
      "node-str": "java.lang.Object()"
    },
    {
      "type": "delete-node",
      "node": {
        "label": "return",
        "type": "Return"
      },
      "location-before-char-start": 4277,
      "location-before-char-end": 4369,
      "node-str": "return"
    },
    {
      "type": "delete-node",
      "node": {
        "label": "getSelectedFigures",
        "type": "Method"
      },
      "location-before-char-start": 4136,
      "location-before-char-end": 4373,
      "node-str": "getSelectedFigures"
    }
  ],
  "before-file": {},
  "after-file": {},
  "mapping": {}
}