{
  "tool-info": {},
  "diff": [
    {
      "type": "insert-node",
      "node": {
        "label": "final",
        "type": "Modifier"
      },
      "location-after-char-start": 0,
      "location-after-char-end": 0,
      "node-str": "final"
    },
    {
      "type": "insert-node",
      "node": {
        "label": "contextMap",
        "type": "Field"
      },
      "location-after-char-start": 14954,
      "location-after-char-end": 14992,
      "node-str": "contextMap"
    },
    {
      "type": "insert-node",
      "node": {
        "label": "assignmentsByContextId",
        "type": "Field"
      },
      "location-after-char-start": 14996,
      "location-after-char-end": 15046,
      "node-str": "assignmentsByContextId"
    },
    {
      "type": "insert-node",
      "node": {
        "label": "childKeyStrokeNodeByKeyStrokeMap",
        "type": "Field"
      },
      "location-after-char-start": 15049,
      "location-after-char-end": 15109,
      "node-str": "childKeyStrokeNodeByKeyStrokeMap"
    },
    {
      "type": "insert-node",
      "node": {
        "label": "match",
        "type": "Field"
      },
      "location-after-char-start": 15112,
      "location-after-char-end": 15138,
      "node-str": "match"
    },
    {
      "type": "insert-node",
      "node": {
        "label": "\u003cinit\u003e",
        "type": "Constructor"
      },
      "location-after-char-start": 15142,
      "location-after-char-end": 15197,
      "node-str": "\u003cinit\u003e"
    },
    {
      "type": "insert-node",
      "node": {
        "label": "java.util.Map",
        "type": "VARIABLE_TYPE"
      },
      "location-after-char-start": 0,
      "location-after-char-end": 0,
      "node-str": "java.util.Map"
    },
    {
      "type": "insert-node",
      "node": {
        "label": "java.util.HashMap()",
        "type": "ConstructorCall"
      },
      "location-after-char-start": 14979,
      "location-after-char-end": 14991,
      "node-str": "java.util.HashMap()"
    },
    {
      "type": "insert-node",
      "node": {
        "label": "java.util.Map",
        "type": "VARIABLE_TYPE"
      },
      "location-after-char-start": 0,
      "location-after-char-end": 0,
      "node-str": "java.util.Map"
    },
    {
      "type": "insert-node",
      "node": {
        "label": "java.util.HashMap()",
        "type": "ConstructorCall"
      },
      "location-after-char-start": 15033,
      "location-after-char-end": 15045,
      "node-str": "java.util.HashMap()"
    },
    {
      "type": "insert-node",
      "node": {
        "label": "java.util.Map",
        "type": "VARIABLE_TYPE"
      },
      "location-after-char-start": 0,
      "location-after-char-end": 0,
      "node-str": "java.util.Map"
    },
    {
      "type": "insert-node",
      "node": {
        "label": "java.util.HashMap()",
        "type": "ConstructorCall"
      },
      "location-after-char-start": 15096,
      "location-after-char-end": 15108,
      "node-str": "java.util.HashMap()"
    },
    {
      "type": "insert-node",
      "node": {
        "label": "org.eclipse.ui.internal.commands.Match",
        "type": "VARIABLE_TYPE"
      },
      "location-after-char-start": 0,
      "location-after-char-end": 0,
      "node-str": "org.eclipse.ui.internal.commands.Match"
    },
    {
      "type": "insert-node",
      "node": {
        "label": "null",
        "type": "Literal"
      },
      "location-after-char-start": 15134,
      "location-after-char-end": 15137,
      "node-str": "null"
    },
    {
      "type": "insert-node",
      "node": {
        "label": "void",
        "type": "RETURN_TYPE"
      },
      "location-after-char-start": 0,
      "location-after-char-end": 0,
      "node-str": "void"
    },
    {
      "type": "insert-node",
      "node": {
        "label": "contextIds",
        "type": "Parameter"
      },
      "location-after-char-start": 22037,
      "location-after-char-end": 22055,
      "node-str": "contextIds"
    },
    {
      "type": "insert-node",
      "node": {
        "label": "keyConfigurationIds",
        "type": "Parameter"
      },
      "location-after-char-start": 22060,
      "location-after-char-end": 22087,
      "node-str": "keyConfigurationIds"
    },
    {
      "type": "insert-node",
      "node": {
        "label": "platforms",
        "type": "Parameter"
      },
      "location-after-char-start": 22092,
      "location-after-char-end": 22109,
      "node-str": "platforms"
    },
    {
      "type": "insert-node",
      "node": {
        "label": "locales",
        "type": "Parameter"
      },
      "location-after-char-start": 22114,
      "location-after-char-end": 22129,
      "node-str": "locales"
    },
    {
      "type": "insert-node",
      "node": {
        "label": "\u003d",
        "type": "Assignment"
      },
      "location-after-char-start": 22136,
      "location-after-char-end": 22148,
      "node-str": "\u003d"
    },
    {
      "type": "insert-node",
      "node": {
        "label": "java.lang.String[]",
        "type": "VARIABLE_TYPE"
      },
      "location-after-char-start": 0,
      "location-after-char-end": 0,
      "node-str": "java.lang.String[]"
    },
    {
      "type": "insert-node",
      "node": {
        "label": "java.lang.String[]",
        "type": "VARIABLE_TYPE"
      },
      "location-after-char-start": 0,
      "location-after-char-end": 0,
      "node-str": "java.lang.String[]"
    },
    {
      "type": "insert-node",
      "node": {
        "label": "java.lang.String[]",
        "type": "VARIABLE_TYPE"
      },
      "location-after-char-start": 0,
      "location-after-char-end": 0,
      "node-str": "java.lang.String[]"
    },
    {
      "type": "insert-node",
      "node": {
        "label": "java.lang.String[]",
        "type": "VARIABLE_TYPE"
      },
      "location-after-char-start": 0,
      "location-after-char-end": 0,
      "node-str": "java.lang.String[]"
    },
    {
      "type": "insert-node",
      "node": {
        "label": "match",
        "type": "FieldWrite"
      },
      "location-after-char-start": 22136,
      "location-after-char-end": 22140,
      "node-str": "match"
    },
    {
      "type": "insert-node",
      "node": {
        "label": "null",
        "type": "Literal"
      },
      "location-after-char-start": 22144,
      "location-after-char-end": 22147,
      "node-str": "null"
    },
    {
      "type": "insert-node",
      "node": {
        "label": "context",
        "type": "LocalVariable"
      },
      "location-after-char-start": 22158,
      "location-after-char-end": 22172,
      "node-str": "context"
    },
    {
      "type": "insert-node",
      "node": {
        "label": "POSTINC",
        "type": "UnaryOperator"
      },
      "location-after-char-start": 22245,
      "location-after-char-end": 22253,
      "node-str": "POSTINC"
    },
    {
      "type": "insert-node",
      "node": {
        "label": "keyConfigurationMap",
        "type": "LocalVariable"
      },
      "location-after-char-start": 22261,
      "location-after-char-end": 22332,
      "node-str": "keyConfigurationMap"
    },
    {
      "type": "insert-node",
      "node": {
        "label": "org.eclipse.ui.internal.commands.KeySequenceBindingNode",
        "type": "TypeAccess"
      },
      "location-after-char-start": 0,
      "location-after-char-end": 0,
      "node-str": "org.eclipse.ui.internal.commands.KeySequenceBindingNode"
    },
    {
      "type": "insert-node",
      "node": {
        "label": "int",
        "type": "VARIABLE_TYPE"
      },
      "location-after-char-start": 0,
      "location-after-char-end": 0,
      "node-str": "int"
    },
    {
      "type": "insert-node",
      "node": {
        "label": "0",
        "type": "Literal"
      },
      "location-after-char-start": 22172,
      "location-after-char-end": 22172,
      "node-str": "0"
    },
    {
      "type": "insert-node",
      "node": {
        "label": "context",
        "type": "VariableWrite"
      },
      "location-after-char-start": 22245,
      "location-after-char-end": 22251,
      "node-str": "context"
    },
    {
      "type": "insert-node",
      "node": {
        "label": "java.util.Map",
        "type": "VARIABLE_TYPE"
      },
      "location-after-char-start": 0,
      "location-after-char-end": 0,
      "node-str": "java.util.Map"
    },
    {
      "type": "insert-node",
      "node": {
        "label": "get",
        "type": "Invocation"
      },
      "location-after-char-start": 22291,
      "location-after-char-end": 22331,
      "node-str": "get"
    },
    {
      "type": "insert-node",
      "node": {
        "label": "NE",
        "type": "BinaryOperator"
      },
      "location-after-char-start": 22342,
      "location-after-char-end": 22368,
      "node-str": "NE"
    },
    {
      "type": "insert-node",
      "node": {
        "label": "contextMap",
        "type": "FieldRead"
      },
      "location-after-char-start": 22297,
      "location-after-char-end": 22306,
      "node-str": "contextMap"
    },
    {
      "type": "insert-node",
      "node": {
        "label": "",
        "type": "ArrayRead"
      },
      "location-after-char-start": 22312,
      "location-after-char-end": 22330,
      "node-str": ""
    },
    {
      "type": "insert-node",
      "node": {
        "label": "keyConfigurationMap",
        "type": "VariableRead"
      },
      "location-after-char-start": 22342,
      "location-after-char-end": 22360,
      "node-str": "keyConfigurationMap"
    },
    {
      "type": "insert-node",
      "node": {
        "label": "null",
        "type": "Literal"
      },
      "location-after-char-start": 22365,
      "location-after-char-end": 22368,
      "node-str": "null"
    },
    {
      "type": "insert-node",
      "node": {
        "label": "org.eclipse.ui.internal.commands.KeySequenceBindingNode",
        "type": "TypeAccess"
      },
      "location-after-char-start": 0,
      "location-after-char-end": 0,
      "node-str": "org.eclipse.ui.internal.commands.KeySequenceBindingNode"
    },
    {
      "type": "insert-node",
      "node": {
        "label": "contextIds",
        "type": "VariableRead"
      },
      "location-after-char-start": 22312,
      "location-after-char-end": 22321,
      "node-str": "contextIds"
    },
    {
      "type": "insert-node",
      "node": {
        "label": "context",
        "type": "VariableRead"
      },
      "location-after-char-start": 22323,
      "location-after-char-end": 22329,
      "node-str": "context"
    },
    {
      "type": "insert-node",
      "node": {
        "label": "keyConfiguration",
        "type": "LocalVariable"
      },
      "location-after-char-start": 22380,
      "location-after-char-end": 22403,
      "node-str": "keyConfiguration"
    },
    {
      "type": "insert-node",
      "node": {
        "label": "POSTINC",
        "type": "UnaryOperator"
      },
      "location-after-char-start": 22519,
      "location-after-char-end": 22536,
      "node-str": "POSTINC"
    },
    {
      "type": "insert-node",
      "node": {
        "label": "rankMap",
        "type": "LocalVariable"
      },
      "location-after-char-start": 22546,
      "location-after-char-end": 22642,
      "node-str": "rankMap"
    },
    {
      "type": "insert-node",
      "node": {
        "label": "int",
        "type": "VARIABLE_TYPE"
      },
      "location-after-char-start": 0,
      "location-after-char-end": 0,
      "node-str": "int"
    },
    {
      "type": "insert-node",
      "node": {
        "label": "0",
        "type": "Literal"
      },
      "location-after-char-start": 22403,
      "location-after-char-end": 22403,
      "node-str": "0"
    },
    {
      "type": "insert-node",
      "node": {
        "label": "keyConfiguration",
        "type": "VariableWrite"
      },
      "location-after-char-start": 22519,
      "location-after-char-end": 22534,
      "node-str": "keyConfiguration"
    },
    {
      "type": "insert-node",
      "node": {
        "label": "java.util.Map",
        "type": "VARIABLE_TYPE"
      },
      "location-after-char-start": 0,
      "location-after-char-end": 0,
      "node-str": "java.util.Map"
    },
    {
      "type": "insert-node",
      "node": {
        "label": "get",
        "type": "Invocation"
      },
      "location-after-char-start": 22566,
      "location-after-char-end": 22641,
      "node-str": "get"
    },
    {
      "type": "insert-node",
      "node": {
        "label": "NE",
        "type": "BinaryOperator"
      },
      "location-after-char-start": 22654,
      "location-after-char-end": 22668,
      "node-str": "NE"
    },
    {
      "type": "insert-node",
      "node": {
        "label": "keyConfigurationMap",
        "type": "VariableRead"
      },
      "location-after-char-start": 22572,
      "location-after-char-end": 22590,
      "node-str": "keyConfigurationMap"
    },
    {
      "type": "insert-node",
      "node": {
        "label": "",
        "type": "ArrayRead"
      },
      "location-after-char-start": 22604,
      "location-after-char-end": 22640,
      "node-str": ""
    },
    {
      "type": "insert-node",
      "node": {
        "label": "rankMap",
        "type": "VariableRead"
      },
      "location-after-char-start": 22654,
      "location-after-char-end": 22660,
      "node-str": "rankMap"
    },
    {
      "type": "insert-node",
      "node": {
        "label": "null",
        "type": "Literal"
      },
      "location-after-char-start": 22665,
      "location-after-char-end": 22668,
      "node-str": "null"
    },
    {
      "type": "insert-node",
      "node": {
        "label": "keyConfigurationIds",
        "type": "VariableRead"
      },
      "location-after-char-start": 22604,
      "location-after-char-end": 22622,
      "node-str": "keyConfigurationIds"
    },
    {
      "type": "insert-node",
      "node": {
        "label": "keyConfiguration",
        "type": "VariableRead"
      },
      "location-after-char-start": 22624,
      "location-after-char-end": 22639,
      "node-str": "keyConfiguration"
    },
    {
      "type": "insert-node",
      "node": {
        "label": "rank",
        "type": "LocalVariable"
      },
      "location-after-char-start": 22684,
      "location-after-char-end": 22695,
      "node-str": "rank"
    },
    {
      "type": "insert-node",
      "node": {
        "label": "LE",
        "type": "BinaryOperator"
      },
      "location-after-char-start": 22698,
      "location-after-char-end": 22706,
      "node-str": "LE"
    },
    {
      "type": "insert-node",
      "node": {
        "label": "POSTINC",
        "type": "UnaryOperator"
      },
      "location-after-char-start": 22709,
      "location-after-char-end": 22714,
      "node-str": "POSTINC"
    },
    {
      "type": "insert-node",
      "node": {
        "label": "platformMap",
        "type": "LocalVariable"
      },
      "location-after-char-start": 22726,
      "location-after-char-end": 22788,
      "node-str": "platformMap"
    },
    {
      "type": "insert-node",
      "node": {
        "label": "int",
        "type": "VARIABLE_TYPE"
      },
      "location-after-char-start": 0,
      "location-after-char-end": 0,
      "node-str": "int"
    },
    {
      "type": "insert-node",
      "node": {
        "label": "0",
        "type": "Literal"
      },
      "location-after-char-start": 22695,
      "location-after-char-end": 22695,
      "node-str": "0"
    },
    {
      "type": "insert-node",
      "node": {
        "label": "rank",
        "type": "VariableRead"
      },
      "location-after-char-start": 22698,
      "location-after-char-end": 22701,
      "node-str": "rank"
    },
    {
      "type": "insert-node",
      "node": {
        "label": "1",
        "type": "Literal"
      },
      "location-after-char-start": 22706,
      "location-after-char-end": 22706,
      "node-str": "1"
    },
    {
      "type": "insert-node",
      "node": {
        "label": "rank",
        "type": "VariableWrite"
      },
      "location-after-char-start": 22709,
      "location-after-char-end": 22712,
      "node-str": "rank"
    },
    {
      "type": "insert-node",
      "node": {
        "label": "java.util.Map",
        "type": "VARIABLE_TYPE"
      },
      "location-after-char-start": 0,
      "location-after-char-end": 0,
      "node-str": "java.util.Map"
    },
    {
      "type": "insert-node",
      "node": {
        "label": "get",
        "type": "Invocation"
      },
      "location-after-char-start": 22752,
      "location-after-char-end": 22787,
      "node-str": "get"
    },
    {
      "type": "insert-node",
      "node": {
        "label": "rankMap",
        "type": "VariableRead"
      },
      "location-after-char-start": 22758,
      "location-after-char-end": 22764,
      "node-str": "rankMap"
    },
    {
      "type": "insert-node",
      "node": {
        "label": "java.lang.Integer(int)",
        "type": "ConstructorCall"
      },
      "location-after-char-start": 22770,
      "location-after-char-end": 22786,
      "node-str": "java.lang.Integer(int)"
    },
    {
      "type": "insert-node",
      "node": {
        "label": "rank",
        "type": "VariableRead"
      },
      "location-after-char-start": 22782,
      "location-after-char-end": 22785,
      "node-str": "rank"
    },
    {
      "type": "update-node",
      "node": {
        "label": "org.eclipse.ui.internal.commands.Match(java.lang.Object,int)",
        "type": "ConstructorCall"
      },
      "location-before-char-start": 23408,
      "location-before-char-end": 23725,
      "location-after-char-start": 23408,
      "location-after-char-end": 23906,
      "node-str": "org.eclipse.ui.internal.commands.Match(java.lang.Object,int,boolean)"
    },
    {
      "type": "insert-node",
      "node": {
        "label": "",
        "type": "Conditional"
      },
      "location-after-char-start": 23741,
      "location-after-char-end": 23905,
      "node-str": ""
    },
    {
      "type": "insert-node",
      "node": {
        "label": "EQ",
        "type": "BinaryOperator"
      },
      "location-after-char-start": 23741,
      "location-after-char-end": 23764,
      "node-str": "EQ"
    },
    {
      "type": "insert-node",
      "node": {
        "label": "booleanValue",
        "type": "Invocation"
      },
      "location-after-char-start": 23783,
      "location-after-char-end": 23882,
      "node-str": "booleanValue"
    },
    {
      "type": "insert-node",
      "node": {
        "label": "false",
        "type": "Literal"
      },
      "location-after-char-start": 23901,
      "location-after-char-end": 23905,
      "node-str": "false"
    },
    {
      "type": "insert-node",
      "node": {
        "label": "size",
        "type": "Invocation"
      },
      "location-after-char-start": 23741,
      "location-after-char-end": 23759,
      "node-str": "size"
    },
    {
      "type": "insert-node",
      "node": {
        "label": "1",
        "type": "Literal"
      },
      "location-after-char-start": 23764,
      "location-after-char-end": 23764,
      "node-str": "1"
    },
    {
      "type": "insert-node",
      "node": {
        "label": "next",
        "type": "Invocation"
      },
      "location-after-char-start": 23783,
      "location-after-char-end": 23867,
      "node-str": "next"
    },
    {
      "type": "insert-node",
      "node": {
        "label": "commandIdMap",
        "type": "VariableRead"
      },
      "location-after-char-start": 23741,
      "location-after-char-end": 23752,
      "node-str": "commandIdMap"
    },
    {
      "type": "insert-node",
      "node": {
        "label": "iterator",
        "type": "Invocation"
      },
      "location-after-char-start": 23794,
      "location-after-char-end": 23842,
      "node-str": "iterator"
    },
    {
      "type": "insert-node",
      "node": {
        "label": "values",
        "type": "Invocation"
      },
      "location-after-char-start": 23794,
      "location-after-char-end": 23831,
      "node-str": "values"
    },
    {
      "type": "insert-node",
      "node": {
        "label": "commandIdMap",
        "type": "VariableRead"
      },
      "location-after-char-start": 23794,
      "location-after-char-end": 23805,
      "node-str": "commandIdMap"
    },
    {
      "type": "delete-node",
      "node": {
        "label": "final",
        "type": "Modifier"
      },
      "location-before-char-start": 0,
      "location-before-char-end": 0,
      "node-str": "final"
    },
    {
      "type": "delete-node",
      "node": {
        "label": "java.util.Map",
        "type": "VARIABLE_TYPE"
      },
      "location-before-char-start": 0,
      "location-before-char-end": 0,
      "node-str": "java.util.Map"
    },
    {
      "type": "delete-node",
      "node": {
        "label": "java.util.HashMap()",
        "type": "ConstructorCall"
      },
      "location-before-char-start": 14979,
      "location-before-char-end": 14991,
      "node-str": "java.util.HashMap()"
    },
    {
      "type": "delete-node",
      "node": {
        "label": "contextMap",
        "type": "Field"
      },
      "location-before-char-start": 14954,
      "location-before-char-end": 14992,
      "node-str": "contextMap"
    },
    {
      "type": "delete-node",
      "node": {
        "label": "java.util.Map",
        "type": "VARIABLE_TYPE"
      },
      "location-before-char-start": 0,
      "location-before-char-end": 0,
      "node-str": "java.util.Map"
    },
    {
      "type": "delete-node",
      "node": {
        "label": "java.util.HashMap()",
        "type": "ConstructorCall"
      },
      "location-before-char-start": 15033,
      "location-before-char-end": 15045,
      "node-str": "java.util.HashMap()"
    },
    {
      "type": "delete-node",
      "node": {
        "label": "assignmentsByContextId",
        "type": "Field"
      },
      "location-before-char-start": 14996,
      "location-before-char-end": 15046,
      "node-str": "assignmentsByContextId"
    },
    {
      "type": "delete-node",
      "node": {
        "label": "java.util.Map",
        "type": "VARIABLE_TYPE"
      },
      "location-before-char-start": 0,
      "location-before-char-end": 0,
      "node-str": "java.util.Map"
    },
    {
      "type": "delete-node",
      "node": {
        "label": "java.util.HashMap()",
        "type": "ConstructorCall"
      },
      "location-before-char-start": 15096,
      "location-before-char-end": 15108,
      "node-str": "java.util.HashMap()"
    },
    {
      "type": "delete-node",
      "node": {
        "label": "childKeyStrokeNodeByKeyStrokeMap",
        "type": "Field"
      },
      "location-before-char-start": 15049,
      "location-before-char-end": 15109,
      "node-str": "childKeyStrokeNodeByKeyStrokeMap"
    },
    {
      "type": "delete-node",
      "node": {
        "label": "org.eclipse.ui.internal.commands.Match",
        "type": "VARIABLE_TYPE"
      },
      "location-before-char-start": 0,
      "location-before-char-end": 0,
      "node-str": "org.eclipse.ui.internal.commands.Match"
    },
    {
      "type": "delete-node",
      "node": {
        "label": "null",
        "type": "Literal"
      },
      "location-before-char-start": 15134,
      "location-before-char-end": 15137,
      "node-str": "null"
    },
    {
      "type": "delete-node",
      "node": {
        "label": "match",
        "type": "Field"
      },
      "location-before-char-start": 15112,
      "location-before-char-end": 15138,
      "node-str": "match"
    },
    {
      "type": "delete-node",
      "node": {
        "label": "\u003cinit\u003e",
        "type": "Constructor"
      },
      "location-before-char-start": 15142,
      "location-before-char-end": 15197,
      "node-str": "\u003cinit\u003e"
    },
    {
      "type": "delete-node",
      "node": {
        "label": "void",
        "type": "RETURN_TYPE"
      },
      "location-before-char-start": 0,
      "location-before-char-end": 0,
      "node-str": "void"
    },
    {
      "type": "delete-node",
      "node": {
        "label": "java.lang.String[]",
        "type": "VARIABLE_TYPE"
      },
      "location-before-char-start": 0,
      "location-before-char-end": 0,
      "node-str": "java.lang.String[]"
    },
    {
      "type": "delete-node",
      "node": {
        "label": "contextIds",
        "type": "Parameter"
      },
      "location-before-char-start": 22037,
      "location-before-char-end": 22055,
      "node-str": "contextIds"
    },
    {
      "type": "delete-node",
      "node": {
        "label": "java.lang.String[]",
        "type": "VARIABLE_TYPE"
      },
      "location-before-char-start": 0,
      "location-before-char-end": 0,
      "node-str": "java.lang.String[]"
    },
    {
      "type": "delete-node",
      "node": {
        "label": "keyConfigurationIds",
        "type": "Parameter"
      },
      "location-before-char-start": 22060,
      "location-before-char-end": 22087,
      "node-str": "keyConfigurationIds"
    },
    {
      "type": "delete-node",
      "node": {
        "label": "java.lang.String[]",
        "type": "VARIABLE_TYPE"
      },
      "location-before-char-start": 0,
      "location-before-char-end": 0,
      "node-str": "java.lang.String[]"
    },
    {
      "type": "delete-node",
      "node": {
        "label": "platforms",
        "type": "Parameter"
      },
      "location-before-char-start": 22092,
      "location-before-char-end": 22109,
      "node-str": "platforms"
    },
    {
      "type": "delete-node",
      "node": {
        "label": "java.lang.String[]",
        "type": "VARIABLE_TYPE"
      },
      "location-before-char-start": 0,
      "location-before-char-end": 0,
      "node-str": "java.lang.String[]"
    },
    {
      "type": "delete-node",
      "node": {
        "label": "locales",
        "type": "Parameter"
      },
      "location-before-char-start": 22114,
      "location-before-char-end": 22129,
      "node-str": "locales"
    },
    {
      "type": "delete-node",
      "node": {
        "label": "org.eclipse.ui.internal.commands.KeySequenceBindingNode",
        "type": "TypeAccess"
      },
      "location-before-char-start": 0,
      "location-before-char-end": 0,
      "node-str": "org.eclipse.ui.internal.commands.KeySequenceBindingNode"
    },
    {
      "type": "delete-node",
      "node": {
        "label": "match",
        "type": "FieldWrite"
      },
      "location-before-char-start": 22136,
      "location-before-char-end": 22140,
      "node-str": "match"
    },
    {
      "type": "delete-node",
      "node": {
        "label": "null",
        "type": "Literal"
      },
      "location-before-char-start": 22144,
      "location-before-char-end": 22147,
      "node-str": "null"
    },
    {
      "type": "delete-node",
      "node": {
        "label": "\u003d",
        "type": "Assignment"
      },
      "location-before-char-start": 22136,
      "location-before-char-end": 22148,
      "node-str": "\u003d"
    },
    {
      "type": "delete-node",
      "node": {
        "label": "int",
        "type": "VARIABLE_TYPE"
      },
      "location-before-char-start": 0,
      "location-before-char-end": 0,
      "node-str": "int"
    },
    {
      "type": "delete-node",
      "node": {
        "label": "0",
        "type": "Literal"
      },
      "location-before-char-start": 22172,
      "location-before-char-end": 22172,
      "node-str": "0"
    },
    {
      "type": "delete-node",
      "node": {
        "label": "context",
        "type": "LocalVariable"
      },
      "location-before-char-start": 22158,
      "location-before-char-end": 22172,
      "node-str": "context"
    },
    {
      "type": "delete-node",
      "node": {
        "label": "context",
        "type": "VariableWrite"
      },
      "location-before-char-start": 22245,
      "location-before-char-end": 22251,
      "node-str": "context"
    },
    {
      "type": "delete-node",
      "node": {
        "label": "POSTINC",
        "type": "UnaryOperator"
      },
      "location-before-char-start": 22245,
      "location-before-char-end": 22253,
      "node-str": "POSTINC"
    },
    {
      "type": "delete-node",
      "node": {
        "label": "java.util.Map",
        "type": "VARIABLE_TYPE"
      },
      "location-before-char-start": 0,
      "location-before-char-end": 0,
      "node-str": "java.util.Map"
    },
    {
      "type": "delete-node",
      "node": {
        "label": "org.eclipse.ui.internal.commands.KeySequenceBindingNode",
        "type": "TypeAccess"
      },
      "location-before-char-start": 0,
      "location-before-char-end": 0,
      "node-str": "org.eclipse.ui.internal.commands.KeySequenceBindingNode"
    },
    {
      "type": "delete-node",
      "node": {
        "label": "contextMap",
        "type": "FieldRead"
      },
      "location-before-char-start": 22297,
      "location-before-char-end": 22306,
      "node-str": "contextMap"
    },
    {
      "type": "delete-node",
      "node": {
        "label": "contextIds",
        "type": "VariableRead"
      },
      "location-before-char-start": 22312,
      "location-before-char-end": 22321,
      "node-str": "contextIds"
    },
    {
      "type": "delete-node",
      "node": {
        "label": "context",
        "type": "VariableRead"
      },
      "location-before-char-start": 22323,
      "location-before-char-end": 22329,
      "node-str": "context"
    },
    {
      "type": "delete-node",
      "node": {
        "label": "",
        "type": "ArrayRead"
      },
      "location-before-char-start": 22312,
      "location-before-char-end": 22330,
      "node-str": ""
    },
    {
      "type": "delete-node",
      "node": {
        "label": "get",
        "type": "Invocation"
      },
      "location-before-char-start": 22291,
      "location-before-char-end": 22331,
      "node-str": "get"
    },
    {
      "type": "delete-node",
      "node": {
        "label": "keyConfigurationMap",
        "type": "LocalVariable"
      },
      "location-before-char-start": 22261,
      "location-before-char-end": 22332,
      "node-str": "keyConfigurationMap"
    },
    {
      "type": "delete-node",
      "node": {
        "label": "keyConfigurationMap",
        "type": "VariableRead"
      },
      "location-before-char-start": 22342,
      "location-before-char-end": 22360,
      "node-str": "keyConfigurationMap"
    },
    {
      "type": "delete-node",
      "node": {
        "label": "null",
        "type": "Literal"
      },
      "location-before-char-start": 22365,
      "location-before-char-end": 22368,
      "node-str": "null"
    },
    {
      "type": "delete-node",
      "node": {
        "label": "NE",
        "type": "BinaryOperator"
      },
      "location-before-char-start": 22342,
      "location-before-char-end": 22368,
      "node-str": "NE"
    },
    {
      "type": "delete-node",
      "node": {
        "label": "int",
        "type": "VARIABLE_TYPE"
      },
      "location-before-char-start": 0,
      "location-before-char-end": 0,
      "node-str": "int"
    },
    {
      "type": "delete-node",
      "node": {
        "label": "0",
        "type": "Literal"
      },
      "location-before-char-start": 22403,
      "location-before-char-end": 22403,
      "node-str": "0"
    },
    {
      "type": "delete-node",
      "node": {
        "label": "keyConfiguration",
        "type": "LocalVariable"
      },
      "location-before-char-start": 22380,
      "location-before-char-end": 22403,
      "node-str": "keyConfiguration"
    },
    {
      "type": "delete-node",
      "node": {
        "label": "keyConfiguration",
        "type": "VariableWrite"
      },
      "location-before-char-start": 22519,
      "location-before-char-end": 22534,
      "node-str": "keyConfiguration"
    },
    {
      "type": "delete-node",
      "node": {
        "label": "POSTINC",
        "type": "UnaryOperator"
      },
      "location-before-char-start": 22519,
      "location-before-char-end": 22536,
      "node-str": "POSTINC"
    },
    {
      "type": "delete-node",
      "node": {
        "label": "java.util.Map",
        "type": "VARIABLE_TYPE"
      },
      "location-before-char-start": 0,
      "location-before-char-end": 0,
      "node-str": "java.util.Map"
    },
    {
      "type": "delete-node",
      "node": {
        "label": "keyConfigurationMap",
        "type": "VariableRead"
      },
      "location-before-char-start": 22572,
      "location-before-char-end": 22590,
      "node-str": "keyConfigurationMap"
    },
    {
      "type": "delete-node",
      "node": {
        "label": "keyConfigurationIds",
        "type": "VariableRead"
      },
      "location-before-char-start": 22604,
      "location-before-char-end": 22622,
      "node-str": "keyConfigurationIds"
    },
    {
      "type": "delete-node",
      "node": {
        "label": "keyConfiguration",
        "type": "VariableRead"
      },
      "location-before-char-start": 22624,
      "location-before-char-end": 22639,
      "node-str": "keyConfiguration"
    },
    {
      "type": "delete-node",
      "node": {
        "label": "",
        "type": "ArrayRead"
      },
      "location-before-char-start": 22604,
      "location-before-char-end": 22640,
      "node-str": ""
    },
    {
      "type": "delete-node",
      "node": {
        "label": "get",
        "type": "Invocation"
      },
      "location-before-char-start": 22566,
      "location-before-char-end": 22641,
      "node-str": "get"
    },
    {
      "type": "delete-node",
      "node": {
        "label": "rankMap",
        "type": "LocalVariable"
      },
      "location-before-char-start": 22546,
      "location-before-char-end": 22642,
      "node-str": "rankMap"
    },
    {
      "type": "delete-node",
      "node": {
        "label": "rankMap",
        "type": "VariableRead"
      },
      "location-before-char-start": 22654,
      "location-before-char-end": 22660,
      "node-str": "rankMap"
    },
    {
      "type": "delete-node",
      "node": {
        "label": "null",
        "type": "Literal"
      },
      "location-before-char-start": 22665,
      "location-before-char-end": 22668,
      "node-str": "null"
    },
    {
      "type": "delete-node",
      "node": {
        "label": "NE",
        "type": "BinaryOperator"
      },
      "location-before-char-start": 22654,
      "location-before-char-end": 22668,
      "node-str": "NE"
    },
    {
      "type": "delete-node",
      "node": {
        "label": "int",
        "type": "VARIABLE_TYPE"
      },
      "location-before-char-start": 0,
      "location-before-char-end": 0,
      "node-str": "int"
    },
    {
      "type": "delete-node",
      "node": {
        "label": "0",
        "type": "Literal"
      },
      "location-before-char-start": 22695,
      "location-before-char-end": 22695,
      "node-str": "0"
    },
    {
      "type": "delete-node",
      "node": {
        "label": "rank",
        "type": "LocalVariable"
      },
      "location-before-char-start": 22684,
      "location-before-char-end": 22695,
      "node-str": "rank"
    },
    {
      "type": "delete-node",
      "node": {
        "label": "rank",
        "type": "VariableRead"
      },
      "location-before-char-start": 22698,
      "location-before-char-end": 22701,
      "node-str": "rank"
    },
    {
      "type": "delete-node",
      "node": {
        "label": "1",
        "type": "Literal"
      },
      "location-before-char-start": 22706,
      "location-before-char-end": 22706,
      "node-str": "1"
    },
    {
      "type": "delete-node",
      "node": {
        "label": "LE",
        "type": "BinaryOperator"
      },
      "location-before-char-start": 22698,
      "location-before-char-end": 22706,
      "node-str": "LE"
    },
    {
      "type": "delete-node",
      "node": {
        "label": "rank",
        "type": "VariableWrite"
      },
      "location-before-char-start": 22709,
      "location-before-char-end": 22712,
      "node-str": "rank"
    },
    {
      "type": "delete-node",
      "node": {
        "label": "POSTINC",
        "type": "UnaryOperator"
      },
      "location-before-char-start": 22709,
      "location-before-char-end": 22714,
      "node-str": "POSTINC"
    },
    {
      "type": "delete-node",
      "node": {
        "label": "java.util.Map",
        "type": "VARIABLE_TYPE"
      },
      "location-before-char-start": 0,
      "location-before-char-end": 0,
      "node-str": "java.util.Map"
    },
    {
      "type": "delete-node",
      "node": {
        "label": "rankMap",
        "type": "VariableRead"
      },
      "location-before-char-start": 22758,
      "location-before-char-end": 22764,
      "node-str": "rankMap"
    },
    {
      "type": "delete-node",
      "node": {
        "label": "rank",
        "type": "VariableRead"
      },
      "location-before-char-start": 22782,
      "location-before-char-end": 22785,
      "node-str": "rank"
    },
    {
      "type": "delete-node",
      "node": {
        "label": "java.lang.Integer(int)",
        "type": "ConstructorCall"
      },
      "location-before-char-start": 22770,
      "location-before-char-end": 22786,
      "node-str": "java.lang.Integer(int)"
    },
    {
      "type": "delete-node",
      "node": {
        "label": "get",
        "type": "Invocation"
      },
      "location-before-char-start": 22752,
      "location-before-char-end": 22787,
      "node-str": "get"
    },
    {
      "type": "delete-node",
      "node": {
        "label": "platformMap",
        "type": "LocalVariable"
      },
      "location-before-char-start": 22726,
      "location-before-char-end": 22788,
      "node-str": "platformMap"
    }
  ],
  "before-file": {},
  "after-file": {},
  "mapping": {}
}