{
  "tool-info": {},
  "diff": [
    {
      "type": "insert-node",
      "node": {
        "label": "public",
        "type": "Modifier"
      },
      "location-after-char-start": 0,
      "location-after-char-end": 0,
      "node-str": "public"
    },
    {
      "type": "insert-node",
      "node": {
        "label": "separator",
        "type": "Parameter"
      },
      "location-after-char-start": 2312,
      "location-after-char-end": 2327,
      "node-str": "separator"
    },
    {
      "type": "insert-node",
      "node": {
        "label": "java.lang.String",
        "type": "VARIABLE_TYPE"
      },
      "location-after-char-start": 0,
      "location-after-char-end": 0,
      "node-str": "java.lang.String"
    },
    {
      "type": "insert-node",
      "node": {
        "label": "separator",
        "type": "VariableRead"
      },
      "location-after-char-start": 2608,
      "location-after-char-end": 2616,
      "node-str": "separator"
    },
    {
      "type": "delete-node",
      "node": {
        "label": "public",
        "type": "Modifier"
      },
      "location-before-char-start": 0,
      "location-before-char-end": 0,
      "node-str": "public"
    },
    {
      "type": "delete-node",
      "node": {
        "label": "\";\"",
        "type": "Literal"
      },
      "location-before-char-start": 2590,
      "location-before-char-end": 2592,
      "node-str": "\";\""
    }
  ],
  "before-file": {},
  "after-file": {},
  "mapping": {}
}