{
  "tool-info": {},
  "diff": [
    {
      "type": "insert-node",
      "node": {
        "label": "final",
        "type": "Modifier"
      },
      "location-after-char-start": 0,
      "location-after-char-end": 0,
      "node-str": "final"
    },
    {
      "type": "insert-node",
      "node": {
        "label": "public",
        "type": "Modifier"
      },
      "location-after-char-start": 0,
      "location-after-char-end": 0,
      "node-str": "public"
    },
    {
      "type": "insert-node",
      "node": {
        "label": "instance",
        "type": "Field"
      },
      "location-after-char-start": 1128,
      "location-after-char-end": 1169,
      "node-str": "instance"
    },
    {
      "type": "insert-node",
      "node": {
        "label": "configurationMap",
        "type": "Field"
      },
      "location-after-char-start": 1314,
      "location-after-char-end": 1364,
      "node-str": "configurationMap"
    },
    {
      "type": "insert-node",
      "node": {
        "label": "scopeMap",
        "type": "Field"
      },
      "location-after-char-start": 1367,
      "location-after-char-end": 1409,
      "node-str": "scopeMap"
    },
    {
      "type": "insert-node",
      "node": {
        "label": "bindings",
        "type": "Field"
      },
      "location-after-char-start": 1413,
      "location-after-char-end": 1452,
      "node-str": "bindings"
    },
    {
      "type": "insert-node",
      "node": {
        "label": "tree",
        "type": "Field"
      },
      "location-after-char-start": 1455,
      "location-after-char-end": 1493,
      "node-str": "tree"
    },
    {
      "type": "insert-node",
      "node": {
        "label": "actionKeySequenceSetMap",
        "type": "Field"
      },
      "location-after-char-start": 1760,
      "location-after-char-end": 1801,
      "node-str": "actionKeySequenceSetMap"
    },
    {
      "type": "insert-node",
      "node": {
        "label": "keySequenceActionMap",
        "type": "Field"
      },
      "location-after-char-start": 1804,
      "location-after-char-end": 1842,
      "node-str": "keySequenceActionMap"
    },
    {
      "type": "insert-node",
      "node": {
        "label": "actionKeySequenceSetMapForMode",
        "type": "Field"
      },
      "location-after-char-start": 1845,
      "location-after-char-end": 1893,
      "node-str": "actionKeySequenceSetMapForMode"
    },
    {
      "type": "insert-node",
      "node": {
        "label": "keySequenceActionMapForMode",
        "type": "Field"
      },
      "location-after-char-start": 1896,
      "location-after-char-end": 1941,
      "node-str": "keySequenceActionMapForMode"
    },
    {
      "type": "insert-node",
      "node": {
        "label": "keyStrokeSetForMode",
        "type": "Field"
      },
      "location-after-char-start": 1944,
      "location-after-char-end": 1981,
      "node-str": "keyStrokeSetForMode"
    },
    {
      "type": "insert-node",
      "node": {
        "label": "org.eclipse.ui.internal.keybindings.KeyBindingManager",
        "type": "VARIABLE_TYPE"
      },
      "location-after-char-start": 0,
      "location-after-char-end": 0,
      "node-str": "org.eclipse.ui.internal.keybindings.KeyBindingManager"
    },
    {
      "type": "insert-node",
      "node": {
        "label": "static",
        "type": "Modifier"
      },
      "location-after-char-start": 0,
      "location-after-char-end": 0,
      "node-str": "static"
    },
    {
      "type": "insert-node",
      "node": {
        "label": "java.util.SortedMap",
        "type": "VARIABLE_TYPE"
      },
      "location-after-char-start": 0,
      "location-after-char-end": 0,
      "node-str": "java.util.SortedMap"
    },
    {
      "type": "insert-node",
      "node": {
        "label": "java.util.TreeMap()",
        "type": "ConstructorCall"
      },
      "location-after-char-start": 1351,
      "location-after-char-end": 1363,
      "node-str": "java.util.TreeMap()"
    },
    {
      "type": "insert-node",
      "node": {
        "label": "java.util.SortedMap",
        "type": "VARIABLE_TYPE"
      },
      "location-after-char-start": 0,
      "location-after-char-end": 0,
      "node-str": "java.util.SortedMap"
    },
    {
      "type": "insert-node",
      "node": {
        "label": "java.util.TreeMap()",
        "type": "ConstructorCall"
      },
      "location-after-char-start": 1396,
      "location-after-char-end": 1408,
      "node-str": "java.util.TreeMap()"
    },
    {
      "type": "insert-node",
      "node": {
        "label": "java.util.List",
        "type": "VARIABLE_TYPE"
      },
      "location-after-char-start": 0,
      "location-after-char-end": 0,
      "node-str": "java.util.List"
    },
    {
      "type": "insert-node",
      "node": {
        "label": "java.util.ArrayList()",
        "type": "ConstructorCall"
      },
      "location-after-char-start": 1437,
      "location-after-char-end": 1451,
      "node-str": "java.util.ArrayList()"
    },
    {
      "type": "insert-node",
      "node": {
        "label": "java.util.SortedMap",
        "type": "VARIABLE_TYPE"
      },
      "location-after-char-start": 0,
      "location-after-char-end": 0,
      "node-str": "java.util.SortedMap"
    },
    {
      "type": "insert-node",
      "node": {
        "label": "java.util.TreeMap()",
        "type": "ConstructorCall"
      },
      "location-after-char-start": 1480,
      "location-after-char-end": 1492,
      "node-str": "java.util.TreeMap()"
    },
    {
      "type": "insert-node",
      "node": {
        "label": "java.util.SortedMap",
        "type": "VARIABLE_TYPE"
      },
      "location-after-char-start": 0,
      "location-after-char-end": 0,
      "node-str": "java.util.SortedMap"
    },
    {
      "type": "insert-node",
      "node": {
        "label": "java.util.SortedMap",
        "type": "VARIABLE_TYPE"
      },
      "location-after-char-start": 0,
      "location-after-char-end": 0,
      "node-str": "java.util.SortedMap"
    },
    {
      "type": "insert-node",
      "node": {
        "label": "java.util.SortedMap",
        "type": "VARIABLE_TYPE"
      },
      "location-after-char-start": 0,
      "location-after-char-end": 0,
      "node-str": "java.util.SortedMap"
    },
    {
      "type": "insert-node",
      "node": {
        "label": "java.util.SortedMap",
        "type": "VARIABLE_TYPE"
      },
      "location-after-char-start": 0,
      "location-after-char-end": 0,
      "node-str": "java.util.SortedMap"
    },
    {
      "type": "insert-node",
      "node": {
        "label": "java.util.SortedSet",
        "type": "VARIABLE_TYPE"
      },
      "location-after-char-start": 0,
      "location-after-char-end": 0,
      "node-str": "java.util.SortedSet"
    },
    {
      "type": "insert-node",
      "node": {
        "label": "\u003cinit\u003e",
        "type": "Invocation"
      },
      "location-after-char-start": 3895,
      "location-after-char-end": 3902,
      "node-str": "\u003cinit\u003e"
    },
    {
      "type": "insert-node",
      "node": {
        "label": "",
        "type": "For"
      },
      "location-after-char-start": 4123,
      "location-after-char-end": 4775,
      "node-str": ""
    },
    {
      "type": "insert-node",
      "node": {
        "label": "",
        "type": "For"
      },
      "location-after-char-start": 4866,
      "location-after-char-end": 5398,
      "node-str": ""
    },
    {
      "type": "insert-node",
      "node": {
        "label": "solve",
        "type": "Invocation"
      },
      "location-after-char-start": 7973,
      "location-after-char-end": 7980,
      "node-str": "solve"
    },
    {
      "type": "insert-node",
      "node": {
        "label": "i",
        "type": "LocalVariable"
      },
      "location-after-char-start": 4128,
      "location-after-char-end": 4136,
      "node-str": "i"
    },
    {
      "type": "move-subtree",
      "node": {
        "label": "LT",
        "type": "BinaryOperator"
      },
      "location-before-char-start": 4139,
      "location-before-char-end": 4174,
      "location-after-char-start": 4139,
      "location-after-char-end": 4174,
      "node-str": "LT"
    },
    {
      "type": "insert-node",
      "node": {
        "label": "POSTINC",
        "type": "UnaryOperator"
      },
      "location-after-char-start": 4177,
      "location-after-char-end": 4179,
      "node-str": "POSTINC"
    },
    {
      "type": "move-subtree",
      "node": {
        "label": "acceleratorConfiguration",
        "type": "LocalVariable"
      },
      "location-before-char-start": 4187,
      "location-before-char-end": 4272,
      "location-after-char-start": 4187,
      "location-after-char-end": 4272,
      "node-str": "acceleratorConfiguration"
    },
    {
      "type": "move-subtree",
      "node": {
        "label": "id",
        "type": "LocalVariable"
      },
      "location-before-char-start": 4277,
      "location-before-char-end": 4321,
      "location-after-char-start": 4277,
      "location-after-char-end": 4321,
      "node-str": "id"
    },
    {
      "type": "insert-node",
      "node": {
        "label": "initialId",
        "type": "LocalVariable"
      },
      "location-after-char-start": 4326,
      "location-after-char-end": 4347,
      "node-str": "initialId"
    },
    {
      "type": "insert-node",
      "node": {
        "label": "pathItems",
        "type": "LocalVariable"
      },
      "location-after-char-start": 4352,
      "location-after-char-end": 4384,
      "node-str": "pathItems"
    },
    {
      "type": "move-subtree",
      "node": {
        "label": "\u003d",
        "type": "Assignment"
      },
      "location-before-char-start": 4392,
      "location-before-char-end": 4460,
      "location-after-char-start": 4393,
      "location-after-char-end": 4461,
      "node-str": "\u003d"
    },
    {
      "type": "insert-node",
      "node": {
        "label": "while",
        "type": "While"
      },
      "location-after-char-start": 4471,
      "location-after-char-end": 4678,
      "node-str": "while"
    },
    {
      "type": "insert-node",
      "node": {
        "label": "put",
        "type": "Invocation"
      },
      "location-after-char-start": 4689,
      "location-after-char-end": 4771,
      "node-str": "put"
    },
    {
      "type": "insert-node",
      "node": {
        "label": "i",
        "type": "LocalVariable"
      },
      "location-after-char-start": 4871,
      "location-after-char-end": 4879,
      "node-str": "i"
    },
    {
      "type": "move-subtree",
      "node": {
        "label": "LT",
        "type": "BinaryOperator"
      },
      "location-before-char-start": 4878,
      "location-before-char-end": 4905,
      "location-after-char-start": 4882,
      "location-after-char-end": 4909,
      "node-str": "LT"
    },
    {
      "type": "insert-node",
      "node": {
        "label": "POSTINC",
        "type": "UnaryOperator"
      },
      "location-after-char-start": 4912,
      "location-after-char-end": 4914,
      "node-str": "POSTINC"
    },
    {
      "type": "move-subtree",
      "node": {
        "label": "acceleratorScope",
        "type": "LocalVariable"
      },
      "location-before-char-start": 4918,
      "location-before-char-end": 4974,
      "location-after-char-start": 4922,
      "location-after-char-end": 4978,
      "node-str": "acceleratorScope"
    },
    {
      "type": "move-subtree",
      "node": {
        "label": "id",
        "type": "LocalVariable"
      },
      "location-before-char-start": 4979,
      "location-before-char-end": 5015,
      "location-after-char-start": 4983,
      "location-after-char-end": 5019,
      "node-str": "id"
    },
    {
      "type": "insert-node",
      "node": {
        "label": "initialId",
        "type": "LocalVariable"
      },
      "location-after-char-start": 5024,
      "location-after-char-end": 5045,
      "node-str": "initialId"
    },
    {
      "type": "insert-node",
      "node": {
        "label": "pathItems",
        "type": "LocalVariable"
      },
      "location-after-char-start": 5050,
      "location-after-char-end": 5082,
      "node-str": "pathItems"
    },
    {
      "type": "move-subtree",
      "node": {
        "label": "\u003d",
        "type": "Assignment"
      },
      "location-before-char-start": 5086,
      "location-before-char-end": 5133,
      "location-after-char-start": 5091,
      "location-after-char-end": 5138,
      "node-str": "\u003d"
    },
    {
      "type": "insert-node",
      "node": {
        "label": "while",
        "type": "While"
      },
      "location-after-char-start": 5147,
      "location-after-char-end": 5316,
      "node-str": "while"
    },
    {
      "type": "insert-node",
      "node": {
        "label": "put",
        "type": "Invocation"
      },
      "location-after-char-start": 5328,
      "location-after-char-end": 5394,
      "node-str": "put"
    },
    {
      "type": "insert-node",
      "node": {
        "label": "hasNext",
        "type": "Invocation"
      },
      "location-after-char-start": 5534,
      "location-after-char-end": 5551,
      "node-str": "hasNext"
    },
    {
      "type": "insert-node",
      "node": {
        "label": "org.eclipse.ui.internal.keybindings.KeyBindingManager",
        "type": "TypeAccess"
      },
      "location-after-char-start": 0,
      "location-after-char-end": 0,
      "node-str": "org.eclipse.ui.internal.keybindings.KeyBindingManager"
    },
    {
      "type": "insert-node",
      "node": {
        "label": "int",
        "type": "VARIABLE_TYPE"
      },
      "location-after-char-start": 0,
      "location-after-char-end": 0,
      "node-str": "int"
    },
    {
      "type": "insert-node",
      "node": {
        "label": "0",
        "type": "Literal"
      },
      "location-after-char-start": 4136,
      "location-after-char-end": 4136,
      "node-str": "0"
    },
    {
      "type": "insert-node",
      "node": {
        "label": "i",
        "type": "VariableWrite"
      },
      "location-after-char-start": 4177,
      "location-after-char-end": 4177,
      "node-str": "i"
    },
    {
      "type": "insert-node",
      "node": {
        "label": "java.lang.String",
        "type": "VARIABLE_TYPE"
      },
      "location-after-char-start": 0,
      "location-after-char-end": 0,
      "node-str": "java.lang.String"
    },
    {
      "type": "insert-node",
      "node": {
        "label": "id",
        "type": "VariableRead"
      },
      "location-after-char-start": 4345,
      "location-after-char-end": 4346,
      "node-str": "id"
    },
    {
      "type": "insert-node",
      "node": {
        "label": "java.util.List",
        "type": "VARIABLE_TYPE"
      },
      "location-after-char-start": 0,
      "location-after-char-end": 0,
      "node-str": "java.util.List"
    },
    {
      "type": "insert-node",
      "node": {
        "label": "java.util.ArrayList()",
        "type": "ConstructorCall"
      },
      "location-after-char-start": 4369,
      "location-after-char-end": 4383,
      "node-str": "java.util.ArrayList()"
    },
    {
      "type": "insert-node",
      "node": {
        "label": "NE",
        "type": "BinaryOperator"
      },
      "location-after-char-start": 4478,
      "location-after-char-end": 4509,
      "node-str": "NE"
    },
    {
      "type": "insert-node",
      "node": {
        "label": "add",
        "type": "Invocation"
      },
      "location-after-char-start": 4518,
      "location-after-char-end": 4555,
      "node-str": "add"
    },
    {
      "type": "move-subtree",
      "node": {
        "label": "\u003d",
        "type": "Assignment"
      },
      "location-before-char-start": 4558,
      "location-before-char-end": 4595,
      "location-after-char-start": 4561,
      "location-after-char-end": 4598,
      "node-str": "\u003d"
    },
    {
      "type": "move-subtree",
      "node": {
        "label": "\u003d",
        "type": "Assignment"
      },
      "location-before-char-start": 4601,
      "location-before-char-end": 4670,
      "location-after-char-start": 4604,
      "location-after-char-end": 4673,
      "node-str": "\u003d"
    },
    {
      "type": "insert-node",
      "node": {
        "label": "configurationMap",
        "type": "FieldRead"
      },
      "location-after-char-start": 4689,
      "location-after-char-end": 4704,
      "node-str": "configurationMap"
    },
    {
      "type": "insert-node",
      "node": {
        "label": "initialId",
        "type": "VariableRead"
      },
      "location-after-char-start": 4710,
      "location-after-char-end": 4718,
      "node-str": "initialId"
    },
    {
      "type": "insert-node",
      "node": {
        "label": "create",
        "type": "Invocation"
      },
      "location-after-char-start": 4726,
      "location-after-char-end": 4769,
      "node-str": "create"
    },
    {
      "type": "insert-node",
      "node": {
        "label": "int",
        "type": "VARIABLE_TYPE"
      },
      "location-after-char-start": 0,
      "location-after-char-end": 0,
      "node-str": "int"
    },
    {
      "type": "insert-node",
      "node": {
        "label": "0",
        "type": "Literal"
      },
      "location-after-char-start": 4879,
      "location-after-char-end": 4879,
      "node-str": "0"
    },
    {
      "type": "insert-node",
      "node": {
        "label": "i",
        "type": "VariableWrite"
      },
      "location-after-char-start": 4912,
      "location-after-char-end": 4912,
      "node-str": "i"
    },
    {
      "type": "insert-node",
      "node": {
        "label": "java.lang.String",
        "type": "VARIABLE_TYPE"
      },
      "location-after-char-start": 0,
      "location-after-char-end": 0,
      "node-str": "java.lang.String"
    },
    {
      "type": "insert-node",
      "node": {
        "label": "id",
        "type": "VariableRead"
      },
      "location-after-char-start": 5043,
      "location-after-char-end": 5044,
      "node-str": "id"
    },
    {
      "type": "insert-node",
      "node": {
        "label": "java.util.List",
        "type": "VARIABLE_TYPE"
      },
      "location-after-char-start": 0,
      "location-after-char-end": 0,
      "node-str": "java.util.List"
    },
    {
      "type": "insert-node",
      "node": {
        "label": "java.util.ArrayList()",
        "type": "ConstructorCall"
      },
      "location-after-char-start": 5067,
      "location-after-char-end": 5081,
      "node-str": "java.util.ArrayList()"
    },
    {
      "type": "insert-node",
      "node": {
        "label": "NE",
        "type": "BinaryOperator"
      },
      "location-after-char-start": 5154,
      "location-after-char-end": 5177,
      "node-str": "NE"
    },
    {
      "type": "insert-node",
      "node": {
        "label": "add",
        "type": "Invocation"
      },
      "location-after-char-start": 5186,
      "location-after-char-end": 5223,
      "node-str": "add"
    },
    {
      "type": "move-subtree",
      "node": {
        "label": "\u003d",
        "type": "Assignment"
      },
      "location-before-char-start": 5222,
      "location-before-char-end": 5251,
      "location-after-char-start": 5229,
      "location-after-char-end": 5258,
      "node-str": "\u003d"
    },
    {
      "type": "move-subtree",
      "node": {
        "label": "\u003d",
        "type": "Assignment"
      },
      "location-before-char-start": 5257,
      "location-before-char-end": 5304,
      "location-after-char-start": 5264,
      "location-after-char-end": 5311,
      "node-str": "\u003d"
    },
    {
      "type": "insert-node",
      "node": {
        "label": "scopeMap",
        "type": "FieldRead"
      },
      "location-after-char-start": 5328,
      "location-after-char-end": 5335,
      "node-str": "scopeMap"
    },
    {
      "type": "insert-node",
      "node": {
        "label": "initialId",
        "type": "VariableRead"
      },
      "location-after-char-start": 5341,
      "location-after-char-end": 5349,
      "node-str": "initialId"
    },
    {
      "type": "insert-node",
      "node": {
        "label": "create",
        "type": "Invocation"
      },
      "location-after-char-start": 5357,
      "location-after-char-end": 5392,
      "node-str": "create"
    },
    {
      "type": "insert-node",
      "node": {
        "label": "iterator",
        "type": "VariableRead"
      },
      "location-after-char-start": 5534,
      "location-after-char-end": 5541,
      "node-str": "iterator"
    },
    {
      "type": "insert-node",
      "node": {
        "label": "acceleratorConfiguration",
        "type": "VariableRead"
      },
      "location-after-char-start": 4478,
      "location-after-char-end": 4501,
      "node-str": "acceleratorConfiguration"
    },
    {
      "type": "insert-node",
      "node": {
        "label": "null",
        "type": "Literal"
      },
      "location-after-char-start": 4506,
      "location-after-char-end": 4509,
      "node-str": "null"
    },
    {
      "type": "insert-node",
      "node": {
        "label": "pathItems",
        "type": "VariableRead"
      },
      "location-after-char-start": 4518,
      "location-after-char-end": 4526,
      "node-str": "pathItems"
    },
    {
      "type": "insert-node",
      "node": {
        "label": "0",
        "type": "Literal"
      },
      "location-after-char-start": 4532,
      "location-after-char-end": 4532,
      "node-str": "0"
    },
    {
      "type": "insert-node",
      "node": {
        "label": "create",
        "type": "Invocation"
      },
      "location-after-char-start": 4535,
      "location-after-char-end": 4553,
      "node-str": "create"
    },
    {
      "type": "insert-node",
      "node": {
        "label": "org.eclipse.ui.internal.keybindings.KeyBindingManager",
        "type": "TypeAccess"
      },
      "location-after-char-start": 0,
      "location-after-char-end": 0,
      "node-str": "org.eclipse.ui.internal.keybindings.KeyBindingManager"
    },
    {
      "type": "insert-node",
      "node": {
        "label": "org.eclipse.ui.internal.keybindings.Configuration",
        "type": "TypeAccess"
      },
      "location-after-char-start": 4726,
      "location-after-char-end": 4738,
      "node-str": "org.eclipse.ui.internal.keybindings.Configuration"
    },
    {
      "type": "insert-node",
      "node": {
        "label": "create",
        "type": "Invocation"
      },
      "location-after-char-start": 4747,
      "location-after-char-end": 4768,
      "node-str": "create"
    },
    {
      "type": "insert-node",
      "node": {
        "label": "acceleratorScope",
        "type": "VariableRead"
      },
      "location-after-char-start": 5154,
      "location-after-char-end": 5169,
      "node-str": "acceleratorScope"
    },
    {
      "type": "insert-node",
      "node": {
        "label": "null",
        "type": "Literal"
      },
      "location-after-char-start": 5174,
      "location-after-char-end": 5177,
      "node-str": "null"
    },
    {
      "type": "insert-node",
      "node": {
        "label": "pathItems",
        "type": "VariableRead"
      },
      "location-after-char-start": 5186,
      "location-after-char-end": 5194,
      "node-str": "pathItems"
    },
    {
      "type": "insert-node",
      "node": {
        "label": "0",
        "type": "Literal"
      },
      "location-after-char-start": 5200,
      "location-after-char-end": 5200,
      "node-str": "0"
    },
    {
      "type": "insert-node",
      "node": {
        "label": "create",
        "type": "Invocation"
      },
      "location-after-char-start": 5203,
      "location-after-char-end": 5221,
      "node-str": "create"
    },
    {
      "type": "insert-node",
      "node": {
        "label": "org.eclipse.ui.internal.keybindings.KeyBindingManager",
        "type": "TypeAccess"
      },
      "location-after-char-start": 0,
      "location-after-char-end": 0,
      "node-str": "org.eclipse.ui.internal.keybindings.KeyBindingManager"
    },
    {
      "type": "insert-node",
      "node": {
        "label": "org.eclipse.ui.internal.keybindings.Scope",
        "type": "TypeAccess"
      },
      "location-after-char-start": 5357,
      "location-after-char-end": 5361,
      "node-str": "org.eclipse.ui.internal.keybindings.Scope"
    },
    {
      "type": "insert-node",
      "node": {
        "label": "create",
        "type": "Invocation"
      },
      "location-after-char-start": 5370,
      "location-after-char-end": 5391,
      "node-str": "create"
    },
    {
      "type": "insert-node",
      "node": {
        "label": "org.eclipse.ui.internal.keybindings.PathItem",
        "type": "TypeAccess"
      },
      "location-after-char-start": 4535,
      "location-after-char-end": 4542,
      "node-str": "org.eclipse.ui.internal.keybindings.PathItem"
    },
    {
      "type": "insert-node",
      "node": {
        "label": "id",
        "type": "VariableRead"
      },
      "location-after-char-start": 4551,
      "location-after-char-end": 4552,
      "node-str": "id"
    },
    {
      "type": "insert-node",
      "node": {
        "label": "org.eclipse.ui.internal.keybindings.Path",
        "type": "TypeAccess"
      },
      "location-after-char-start": 4747,
      "location-after-char-end": 4750,
      "node-str": "org.eclipse.ui.internal.keybindings.Path"
    },
    {
      "type": "insert-node",
      "node": {
        "label": "pathItems",
        "type": "VariableRead"
      },
      "location-after-char-start": 4759,
      "location-after-char-end": 4767,
      "node-str": "pathItems"
    },
    {
      "type": "insert-node",
      "node": {
        "label": "org.eclipse.ui.internal.keybindings.PathItem",
        "type": "TypeAccess"
      },
      "location-after-char-start": 5203,
      "location-after-char-end": 5210,
      "node-str": "org.eclipse.ui.internal.keybindings.PathItem"
    },
    {
      "type": "insert-node",
      "node": {
        "label": "id",
        "type": "VariableRead"
      },
      "location-after-char-start": 5219,
      "location-after-char-end": 5220,
      "node-str": "id"
    },
    {
      "type": "insert-node",
      "node": {
        "label": "org.eclipse.ui.internal.keybindings.Path",
        "type": "TypeAccess"
      },
      "location-after-char-start": 5370,
      "location-after-char-end": 5373,
      "node-str": "org.eclipse.ui.internal.keybindings.Path"
    },
    {
      "type": "insert-node",
      "node": {
        "label": "pathItems",
        "type": "VariableRead"
      },
      "location-after-char-start": 5382,
      "location-after-char-end": 5390,
      "node-str": "pathItems"
    },
    {
      "type": "insert-node",
      "node": {
        "label": "i",
        "type": "LocalVariable"
      },
      "location-after-char-start": 6022,
      "location-after-char-end": 6030,
      "node-str": "i"
    },
    {
      "type": "insert-node",
      "node": {
        "label": "POSTINC",
        "type": "UnaryOperator"
      },
      "location-after-char-start": 6058,
      "location-after-char-end": 6060,
      "node-str": "POSTINC"
    },
    {
      "type": "insert-node",
      "node": {
        "label": "localePathItems",
        "type": "LocalVariable"
      },
      "location-after-char-start": 6271,
      "location-after-char-end": 6309,
      "node-str": "localePathItems"
    },
    {
      "type": "insert-node",
      "node": {
        "label": "if",
        "type": "If"
      },
      "location-after-char-start": 6323,
      "location-after-char-end": 6658,
      "node-str": "if"
    },
    {
      "type": "insert-node",
      "node": {
        "label": "locale",
        "type": "LocalVariable"
      },
      "location-after-char-start": 6666,
      "location-after-char-end": 6725,
      "node-str": "locale"
    },
    {
      "type": "insert-node",
      "node": {
        "label": "platformPathItems",
        "type": "LocalVariable"
      },
      "location-after-char-start": 6788,
      "location-after-char-end": 6828,
      "node-str": "platformPathItems"
    },
    {
      "type": "insert-node",
      "node": {
        "label": "if",
        "type": "If"
      },
      "location-after-char-start": 6842,
      "location-after-char-end": 6931,
      "node-str": "if"
    },
    {
      "type": "insert-node",
      "node": {
        "label": "platform",
        "type": "LocalVariable"
      },
      "location-after-char-start": 6949,
      "location-after-char-end": 7023,
      "node-str": "platform"
    },
    {
      "type": "insert-node",
      "node": {
        "label": "int",
        "type": "VARIABLE_TYPE"
      },
      "location-after-char-start": 0,
      "location-after-char-end": 0,
      "node-str": "int"
    },
    {
      "type": "insert-node",
      "node": {
        "label": "0",
        "type": "Literal"
      },
      "location-after-char-start": 6030,
      "location-after-char-end": 6030,
      "node-str": "0"
    },
    {
      "type": "insert-node",
      "node": {
        "label": "i",
        "type": "VariableWrite"
      },
      "location-after-char-start": 6058,
      "location-after-char-end": 6058,
      "node-str": "i"
    },
    {
      "type": "insert-node",
      "node": {
        "label": "java.util.List",
        "type": "VARIABLE_TYPE"
      },
      "location-after-char-start": 0,
      "location-after-char-end": 0,
      "node-str": "java.util.List"
    },
    {
      "type": "insert-node",
      "node": {
        "label": "java.util.ArrayList()",
        "type": "ConstructorCall"
      },
      "location-after-char-start": 6294,
      "location-after-char-end": 6308,
      "node-str": "java.util.ArrayList()"
    },
    {
      "type": "insert-node",
      "node": {
        "label": "NE",
        "type": "BinaryOperator"
      },
      "location-after-char-start": 6327,
      "location-after-char-end": 6346,
      "node-str": "NE"
    },
    {
      "type": "insert-node",
      "node": {
        "label": "THEN",
        "type": "then"
      },
      "location-after-char-start": 6349,
      "location-after-char-end": 6658,
      "node-str": "THEN"
    },
    {
      "type": "insert-node",
      "node": {
        "label": "org.eclipse.ui.internal.keybindings.Locale",
        "type": "VARIABLE_TYPE"
      },
      "location-after-char-start": 0,
      "location-after-char-end": 0,
      "node-str": "org.eclipse.ui.internal.keybindings.Locale"
    },
    {
      "type": "insert-node",
      "node": {
        "label": "create",
        "type": "Invocation"
      },
      "location-after-char-start": 6682,
      "location-after-char-end": 6724,
      "node-str": "create"
    },
    {
      "type": "insert-node",
      "node": {
        "label": "java.util.List",
        "type": "VARIABLE_TYPE"
      },
      "location-after-char-start": 0,
      "location-after-char-end": 0,
      "node-str": "java.util.List"
    },
    {
      "type": "insert-node",
      "node": {
        "label": "java.util.ArrayList()",
        "type": "ConstructorCall"
      },
      "location-after-char-start": 6813,
      "location-after-char-end": 6827,
      "node-str": "java.util.ArrayList()"
    },
    {
      "type": "insert-node",
      "node": {
        "label": "NE",
        "type": "BinaryOperator"
      },
      "location-after-char-start": 6846,
      "location-after-char-end": 6867,
      "node-str": "NE"
    },
    {
      "type": "insert-node",
      "node": {
        "label": "THEN",
        "type": "then"
      },
      "location-after-char-start": 6877,
      "location-after-char-end": 6931,
      "node-str": "THEN"
    },
    {
      "type": "insert-node",
      "node": {
        "label": "org.eclipse.ui.internal.keybindings.Platform",
        "type": "VARIABLE_TYPE"
      },
      "location-after-char-start": 0,
      "location-after-char-end": 0,
      "node-str": "org.eclipse.ui.internal.keybindings.Platform"
    },
    {
      "type": "insert-node",
      "node": {
        "label": "create",
        "type": "Invocation"
      },
      "location-after-char-start": 6976,
      "location-after-char-end": 7022,
      "node-str": "create"
    },
    {
      "type": "insert-node",
      "node": {
        "label": "localeString",
        "type": "VariableRead"
      },
      "location-after-char-start": 6327,
      "location-after-char-end": 6338,
      "node-str": "localeString"
    },
    {
      "type": "insert-node",
      "node": {
        "label": "null",
        "type": "Literal"
      },
      "location-after-char-start": 6343,
      "location-after-char-end": 6346,
      "node-str": "null"
    },
    {
      "type": "move-subtree",
      "node": {
        "label": "st",
        "type": "LocalVariable"
      },
      "location-before-char-start": 6348,
      "location-before-char-end": 6415,
      "location-after-char-start": 6357,
      "location-after-char-end": 6424,
      "node-str": "st"
    },
    {
      "type": "insert-node",
      "node": {
        "label": "while",
        "type": "While"
      },
      "location-after-char-start": 6439,
      "location-after-char-end": 6651,
      "node-str": "while"
    },
    {
      "type": "insert-node",
      "node": {
        "label": "org.eclipse.ui.internal.keybindings.Locale",
        "type": "TypeAccess"
      },
      "location-after-char-start": 6682,
      "location-after-char-end": 6687,
      "node-str": "org.eclipse.ui.internal.keybindings.Locale"
    },
    {
      "type": "insert-node",
      "node": {
        "label": "create",
        "type": "Invocation"
      },
      "location-after-char-start": 6696,
      "location-after-char-end": 6723,
      "node-str": "create"
    },
    {
      "type": "insert-node",
      "node": {
        "label": "platformString",
        "type": "VariableRead"
      },
      "location-after-char-start": 6846,
      "location-after-char-end": 6859,
      "node-str": "platformString"
    },
    {
      "type": "insert-node",
      "node": {
        "label": "null",
        "type": "Literal"
      },
      "location-after-char-start": 6864,
      "location-after-char-end": 6867,
      "node-str": "null"
    },
    {
      "type": "insert-node",
      "node": {
        "label": "add",
        "type": "Invocation"
      },
      "location-after-char-start": 6877,
      "location-after-char-end": 6931,
      "node-str": "add"
    },
    {
      "type": "insert-node",
      "node": {
        "label": "org.eclipse.ui.internal.keybindings.Platform",
        "type": "TypeAccess"
      },
      "location-after-char-start": 6976,
      "location-after-char-end": 6983,
      "node-str": "org.eclipse.ui.internal.keybindings.Platform"
    },
    {
      "type": "insert-node",
      "node": {
        "label": "create",
        "type": "Invocation"
      },
      "location-after-char-start": 6992,
      "location-after-char-end": 7021,
      "node-str": "create"
    },
    {
      "type": "insert-node",
      "node": {
        "label": "hasMoreElements",
        "type": "Invocation"
      },
      "location-after-char-start": 6446,
      "location-after-char-end": 6465,
      "node-str": "hasMoreElements"
    },
    {
      "type": "insert-node",
      "node": {
        "label": "value",
        "type": "LocalVariable"
      },
      "location-after-char-start": 6477,
      "location-after-char-end": 6526,
      "node-str": "value"
    },
    {
      "type": "insert-node",
      "node": {
        "label": "if",
        "type": "If"
      },
      "location-after-char-start": 6543,
      "location-after-char-end": 6636,
      "node-str": "if"
    },
    {
      "type": "insert-node",
      "node": {
        "label": "org.eclipse.ui.internal.keybindings.Path",
        "type": "TypeAccess"
      },
      "location-after-char-start": 6696,
      "location-after-char-end": 6699,
      "node-str": "org.eclipse.ui.internal.keybindings.Path"
    },
    {
      "type": "insert-node",
      "node": {
        "label": "localePathItems",
        "type": "VariableRead"
      },
      "location-after-char-start": 6708,
      "location-after-char-end": 6722,
      "node-str": "localePathItems"
    },
    {
      "type": "insert-node",
      "node": {
        "label": "platformPathItems",
        "type": "VariableRead"
      },
      "location-after-char-start": 6877,
      "location-after-char-end": 6893,
      "node-str": "platformPathItems"
    },
    {
      "type": "insert-node",
      "node": {
        "label": "create",
        "type": "Invocation"
      },
      "location-after-char-start": 6899,
      "location-after-char-end": 6929,
      "node-str": "create"
    },
    {
      "type": "insert-node",
      "node": {
        "label": "org.eclipse.ui.internal.keybindings.Path",
        "type": "TypeAccess"
      },
      "location-after-char-start": 6992,
      "location-after-char-end": 6995,
      "node-str": "org.eclipse.ui.internal.keybindings.Path"
    },
    {
      "type": "insert-node",
      "node": {
        "label": "platformPathItems",
        "type": "VariableRead"
      },
      "location-after-char-start": 7004,
      "location-after-char-end": 7020,
      "node-str": "platformPathItems"
    },
    {
      "type": "insert-node",
      "node": {
        "label": "st",
        "type": "VariableRead"
      },
      "location-after-char-start": 6446,
      "location-after-char-end": 6447,
      "node-str": "st"
    },
    {
      "type": "insert-node",
      "node": {
        "label": "java.lang.String",
        "type": "VARIABLE_TYPE"
      },
      "location-after-char-start": 0,
      "location-after-char-end": 0,
      "node-str": "java.lang.String"
    },
    {
      "type": "insert-node",
      "node": {
        "label": "trim",
        "type": "Invocation"
      },
      "location-after-char-start": 6492,
      "location-after-char-end": 6525,
      "node-str": "trim"
    },
    {
      "type": "insert-node",
      "node": {
        "label": "GT",
        "type": "BinaryOperator"
      },
      "location-after-char-start": 6547,
      "location-after-char-end": 6564,
      "node-str": "GT"
    },
    {
      "type": "insert-node",
      "node": {
        "label": "THEN",
        "type": "then"
      },
      "location-after-char-start": 6567,
      "location-after-char-end": 6636,
      "node-str": "THEN"
    },
    {
      "type": "insert-node",
      "node": {
        "label": "org.eclipse.ui.internal.keybindings.PathItem",
        "type": "TypeAccess"
      },
      "location-after-char-start": 6899,
      "location-after-char-end": 6906,
      "node-str": "org.eclipse.ui.internal.keybindings.PathItem"
    },
    {
      "type": "insert-node",
      "node": {
        "label": "platformString",
        "type": "VariableRead"
      },
      "location-after-char-start": 6915,
      "location-after-char-end": 6928,
      "node-str": "platformString"
    },
    {
      "type": "insert-node",
      "node": {
        "label": "nextElement",
        "type": "Invocation"
      },
      "location-after-char-start": 6492,
      "location-after-char-end": 6518,
      "node-str": "nextElement"
    },
    {
      "type": "insert-node",
      "node": {
        "label": "length",
        "type": "Invocation"
      },
      "location-after-char-start": 6547,
      "location-after-char-end": 6560,
      "node-str": "length"
    },
    {
      "type": "insert-node",
      "node": {
        "label": "0",
        "type": "Literal"
      },
      "location-after-char-start": 6564,
      "location-after-char-end": 6564,
      "node-str": "0"
    },
    {
      "type": "insert-node",
      "node": {
        "label": "add",
        "type": "Invocation"
      },
      "location-after-char-start": 6584,
      "location-after-char-end": 6627,
      "node-str": "add"
    },
    {
      "type": "insert-node",
      "node": {
        "label": "st",
        "type": "VariableRead"
      },
      "location-after-char-start": 6502,
      "location-after-char-end": 6503,
      "node-str": "st"
    },
    {
      "type": "insert-node",
      "node": {
        "label": "value",
        "type": "VariableRead"
      },
      "location-after-char-start": 6547,
      "location-after-char-end": 6551,
      "node-str": "value"
    },
    {
      "type": "insert-node",
      "node": {
        "label": "localePathItems",
        "type": "VariableRead"
      },
      "location-after-char-start": 6584,
      "location-after-char-end": 6598,
      "node-str": "localePathItems"
    },
    {
      "type": "insert-node",
      "node": {
        "label": "create",
        "type": "Invocation"
      },
      "location-after-char-start": 6604,
      "location-after-char-end": 6625,
      "node-str": "create"
    },
    {
      "type": "insert-node",
      "node": {
        "label": "org.eclipse.ui.internal.keybindings.PathItem",
        "type": "TypeAccess"
      },
      "location-after-char-start": 6604,
      "location-after-char-end": 6611,
      "node-str": "org.eclipse.ui.internal.keybindings.PathItem"
    },
    {
      "type": "insert-node",
      "node": {
        "label": "value",
        "type": "VariableRead"
      },
      "location-after-char-start": 6620,
      "location-after-char-end": 6624,
      "node-str": "value"
    },
    {
      "type": "delete-node",
      "node": {
        "label": "final",
        "type": "Modifier"
      },
      "location-before-char-start": 0,
      "location-before-char-end": 0,
      "node-str": "final"
    },
    {
      "type": "delete-node",
      "node": {
        "label": "public",
        "type": "Modifier"
      },
      "location-before-char-start": 0,
      "location-before-char-end": 0,
      "node-str": "public"
    },
    {
      "type": "delete-node",
      "node": {
        "label": "org.eclipse.ui.internal.keybindings.KeyBindingManager",
        "type": "VARIABLE_TYPE"
      },
      "location-before-char-start": 0,
      "location-before-char-end": 0,
      "node-str": "org.eclipse.ui.internal.keybindings.KeyBindingManager"
    },
    {
      "type": "delete-node",
      "node": {
        "label": "static",
        "type": "Modifier"
      },
      "location-before-char-start": 0,
      "location-before-char-end": 0,
      "node-str": "static"
    },
    {
      "type": "delete-node",
      "node": {
        "label": "instance",
        "type": "Field"
      },
      "location-before-char-start": 1128,
      "location-before-char-end": 1169,
      "node-str": "instance"
    },
    {
      "type": "delete-node",
      "node": {
        "label": "java.util.SortedMap",
        "type": "VARIABLE_TYPE"
      },
      "location-before-char-start": 0,
      "location-before-char-end": 0,
      "node-str": "java.util.SortedMap"
    },
    {
      "type": "delete-node",
      "node": {
        "label": "java.util.TreeMap()",
        "type": "ConstructorCall"
      },
      "location-before-char-start": 1351,
      "location-before-char-end": 1363,
      "node-str": "java.util.TreeMap()"
    },
    {
      "type": "delete-node",
      "node": {
        "label": "configurationMap",
        "type": "Field"
      },
      "location-before-char-start": 1314,
      "location-before-char-end": 1364,
      "node-str": "configurationMap"
    },
    {
      "type": "delete-node",
      "node": {
        "label": "java.util.SortedMap",
        "type": "VARIABLE_TYPE"
      },
      "location-before-char-start": 0,
      "location-before-char-end": 0,
      "node-str": "java.util.SortedMap"
    },
    {
      "type": "delete-node",
      "node": {
        "label": "java.util.TreeMap()",
        "type": "ConstructorCall"
      },
      "location-before-char-start": 1396,
      "location-before-char-end": 1408,
      "node-str": "java.util.TreeMap()"
    },
    {
      "type": "delete-node",
      "node": {
        "label": "scopeMap",
        "type": "Field"
      },
      "location-before-char-start": 1367,
      "location-before-char-end": 1409,
      "node-str": "scopeMap"
    },
    {
      "type": "delete-node",
      "node": {
        "label": "java.util.List",
        "type": "VARIABLE_TYPE"
      },
      "location-before-char-start": 0,
      "location-before-char-end": 0,
      "node-str": "java.util.List"
    },
    {
      "type": "delete-node",
      "node": {
        "label": "java.util.ArrayList()",
        "type": "ConstructorCall"
      },
      "location-before-char-start": 1437,
      "location-before-char-end": 1451,
      "node-str": "java.util.ArrayList()"
    },
    {
      "type": "delete-node",
      "node": {
        "label": "bindings",
        "type": "Field"
      },
      "location-before-char-start": 1413,
      "location-before-char-end": 1452,
      "node-str": "bindings"
    },
    {
      "type": "delete-node",
      "node": {
        "label": "java.util.SortedMap",
        "type": "VARIABLE_TYPE"
      },
      "location-before-char-start": 0,
      "location-before-char-end": 0,
      "node-str": "java.util.SortedMap"
    },
    {
      "type": "delete-node",
      "node": {
        "label": "java.util.TreeMap()",
        "type": "ConstructorCall"
      },
      "location-before-char-start": 1480,
      "location-before-char-end": 1492,
      "node-str": "java.util.TreeMap()"
    },
    {
      "type": "delete-node",
      "node": {
        "label": "tree",
        "type": "Field"
      },
      "location-before-char-start": 1455,
      "location-before-char-end": 1493,
      "node-str": "tree"
    },
    {
      "type": "delete-node",
      "node": {
        "label": "java.util.SortedMap",
        "type": "VARIABLE_TYPE"
      },
      "location-before-char-start": 0,
      "location-before-char-end": 0,
      "node-str": "java.util.SortedMap"
    },
    {
      "type": "delete-node",
      "node": {
        "label": "actionKeySequenceSetMap",
        "type": "Field"
      },
      "location-before-char-start": 1760,
      "location-before-char-end": 1801,
      "node-str": "actionKeySequenceSetMap"
    },
    {
      "type": "delete-node",
      "node": {
        "label": "java.util.SortedMap",
        "type": "VARIABLE_TYPE"
      },
      "location-before-char-start": 0,
      "location-before-char-end": 0,
      "node-str": "java.util.SortedMap"
    },
    {
      "type": "delete-node",
      "node": {
        "label": "keySequenceActionMap",
        "type": "Field"
      },
      "location-before-char-start": 1804,
      "location-before-char-end": 1842,
      "node-str": "keySequenceActionMap"
    },
    {
      "type": "delete-node",
      "node": {
        "label": "java.util.SortedMap",
        "type": "VARIABLE_TYPE"
      },
      "location-before-char-start": 0,
      "location-before-char-end": 0,
      "node-str": "java.util.SortedMap"
    },
    {
      "type": "delete-node",
      "node": {
        "label": "actionKeySequenceSetMapForMode",
        "type": "Field"
      },
      "location-before-char-start": 1845,
      "location-before-char-end": 1893,
      "node-str": "actionKeySequenceSetMapForMode"
    },
    {
      "type": "delete-node",
      "node": {
        "label": "java.util.SortedMap",
        "type": "VARIABLE_TYPE"
      },
      "location-before-char-start": 0,
      "location-before-char-end": 0,
      "node-str": "java.util.SortedMap"
    },
    {
      "type": "delete-node",
      "node": {
        "label": "keySequenceActionMapForMode",
        "type": "Field"
      },
      "location-before-char-start": 1896,
      "location-before-char-end": 1941,
      "node-str": "keySequenceActionMapForMode"
    },
    {
      "type": "delete-node",
      "node": {
        "label": "java.util.SortedSet",
        "type": "VARIABLE_TYPE"
      },
      "location-before-char-start": 0,
      "location-before-char-end": 0,
      "node-str": "java.util.SortedSet"
    },
    {
      "type": "delete-node",
      "node": {
        "label": "keyStrokeSetForMode",
        "type": "Field"
      },
      "location-before-char-start": 1944,
      "location-before-char-end": 1981,
      "node-str": "keyStrokeSetForMode"
    },
    {
      "type": "delete-node",
      "node": {
        "label": "\u003cinit\u003e",
        "type": "Invocation"
      },
      "location-before-char-start": 3895,
      "location-before-char-end": 3902,
      "node-str": "\u003cinit\u003e"
    },
    {
      "type": "delete-node",
      "node": {
        "label": "int",
        "type": "VARIABLE_TYPE"
      },
      "location-before-char-start": 0,
      "location-before-char-end": 0,
      "node-str": "int"
    },
    {
      "type": "delete-node",
      "node": {
        "label": "0",
        "type": "Literal"
      },
      "location-before-char-start": 4136,
      "location-before-char-end": 4136,
      "node-str": "0"
    },
    {
      "type": "delete-node",
      "node": {
        "label": "i",
        "type": "LocalVariable"
      },
      "location-before-char-start": 4128,
      "location-before-char-end": 4136,
      "node-str": "i"
    },
    {
      "type": "delete-node",
      "node": {
        "label": "i",
        "type": "VariableWrite"
      },
      "location-before-char-start": 4177,
      "location-before-char-end": 4177,
      "node-str": "i"
    },
    {
      "type": "delete-node",
      "node": {
        "label": "POSTINC",
        "type": "UnaryOperator"
      },
      "location-before-char-start": 4177,
      "location-before-char-end": 4179,
      "node-str": "POSTINC"
    },
    {
      "type": "delete-node",
      "node": {
        "label": "java.lang.String",
        "type": "VARIABLE_TYPE"
      },
      "location-before-char-start": 0,
      "location-before-char-end": 0,
      "node-str": "java.lang.String"
    },
    {
      "type": "delete-node",
      "node": {
        "label": "id",
        "type": "VariableRead"
      },
      "location-before-char-start": 4345,
      "location-before-char-end": 4346,
      "node-str": "id"
    },
    {
      "type": "delete-node",
      "node": {
        "label": "initialId",
        "type": "LocalVariable"
      },
      "location-before-char-start": 4326,
      "location-before-char-end": 4347,
      "node-str": "initialId"
    },
    {
      "type": "delete-node",
      "node": {
        "label": "java.util.List",
        "type": "VARIABLE_TYPE"
      },
      "location-before-char-start": 0,
      "location-before-char-end": 0,
      "node-str": "java.util.List"
    },
    {
      "type": "delete-node",
      "node": {
        "label": "java.util.ArrayList()",
        "type": "ConstructorCall"
      },
      "location-before-char-start": 4368,
      "location-before-char-end": 4382,
      "node-str": "java.util.ArrayList()"
    },
    {
      "type": "delete-node",
      "node": {
        "label": "elements",
        "type": "LocalVariable"
      },
      "location-before-char-start": 4352,
      "location-before-char-end": 4383,
      "node-str": "elements"
    },
    {
      "type": "delete-node",
      "node": {
        "label": "acceleratorConfiguration",
        "type": "VariableRead"
      },
      "location-before-char-start": 4477,
      "location-before-char-end": 4500,
      "node-str": "acceleratorConfiguration"
    },
    {
      "type": "delete-node",
      "node": {
        "label": "null",
        "type": "Literal"
      },
      "location-before-char-start": 4505,
      "location-before-char-end": 4508,
      "node-str": "null"
    },
    {
      "type": "delete-node",
      "node": {
        "label": "NE",
        "type": "BinaryOperator"
      },
      "location-before-char-start": 4477,
      "location-before-char-end": 4508,
      "node-str": "NE"
    },
    {
      "type": "delete-node",
      "node": {
        "label": "elements",
        "type": "VariableRead"
      },
      "location-before-char-start": 4517,
      "location-before-char-end": 4524,
      "node-str": "elements"
    },
    {
      "type": "delete-node",
      "node": {
        "label": "0",
        "type": "Literal"
      },
      "location-before-char-start": 4530,
      "location-before-char-end": 4530,
      "node-str": "0"
    },
    {
      "type": "delete-node",
      "node": {
        "label": "org.eclipse.ui.internal.keybindings.Element",
        "type": "TypeAccess"
      },
      "location-before-char-start": 4533,
      "location-before-char-end": 4539,
      "node-str": "org.eclipse.ui.internal.keybindings.Element"
    },
    {
      "type": "delete-node",
      "node": {
        "label": "id",
        "type": "VariableRead"
      },
      "location-before-char-start": 4548,
      "location-before-char-end": 4549,
      "node-str": "id"
    },
    {
      "type": "delete-node",
      "node": {
        "label": "create",
        "type": "Invocation"
      },
      "location-before-char-start": 4533,
      "location-before-char-end": 4550,
      "node-str": "create"
    },
    {
      "type": "delete-node",
      "node": {
        "label": "add",
        "type": "Invocation"
      },
      "location-before-char-start": 4517,
      "location-before-char-end": 4552,
      "node-str": "add"
    },
    {
      "type": "delete-node",
      "node": {
        "label": "while",
        "type": "While"
      },
      "location-before-char-start": 4470,
      "location-before-char-end": 4675,
      "node-str": "while"
    },
    {
      "type": "delete-node",
      "node": {
        "label": "org.eclipse.ui.internal.keybindings.KeyBindingManager",
        "type": "TypeAccess"
      },
      "location-before-char-start": 0,
      "location-before-char-end": 0,
      "node-str": "org.eclipse.ui.internal.keybindings.KeyBindingManager"
    },
    {
      "type": "delete-node",
      "node": {
        "label": "configurationMap",
        "type": "FieldRead"
      },
      "location-before-char-start": 4686,
      "location-before-char-end": 4701,
      "node-str": "configurationMap"
    },
    {
      "type": "delete-node",
      "node": {
        "label": "initialId",
        "type": "VariableRead"
      },
      "location-before-char-start": 4707,
      "location-before-char-end": 4715,
      "node-str": "initialId"
    },
    {
      "type": "delete-node",
      "node": {
        "label": "org.eclipse.ui.internal.keybindings.Configuration",
        "type": "TypeAccess"
      },
      "location-before-char-start": 4723,
      "location-before-char-end": 4735,
      "node-str": "org.eclipse.ui.internal.keybindings.Configuration"
    },
    {
      "type": "delete-node",
      "node": {
        "label": "org.eclipse.ui.internal.keybindings.Path",
        "type": "TypeAccess"
      },
      "location-before-char-start": 4744,
      "location-before-char-end": 4747,
      "node-str": "org.eclipse.ui.internal.keybindings.Path"
    },
    {
      "type": "delete-node",
      "node": {
        "label": "elements",
        "type": "VariableRead"
      },
      "location-before-char-start": 4756,
      "location-before-char-end": 4763,
      "node-str": "elements"
    },
    {
      "type": "delete-node",
      "node": {
        "label": "create",
        "type": "Invocation"
      },
      "location-before-char-start": 4744,
      "location-before-char-end": 4764,
      "node-str": "create"
    },
    {
      "type": "delete-node",
      "node": {
        "label": "create",
        "type": "Invocation"
      },
      "location-before-char-start": 4723,
      "location-before-char-end": 4765,
      "node-str": "create"
    },
    {
      "type": "delete-node",
      "node": {
        "label": "put",
        "type": "Invocation"
      },
      "location-before-char-start": 4686,
      "location-before-char-end": 4767,
      "node-str": "put"
    },
    {
      "type": "delete-node",
      "node": {
        "label": "",
        "type": "For"
      },
      "location-before-char-start": 4123,
      "location-before-char-end": 4771,
      "node-str": ""
    },
    {
      "type": "delete-node",
      "node": {
        "label": "int",
        "type": "VARIABLE_TYPE"
      },
      "location-before-char-start": 0,
      "location-before-char-end": 0,
      "node-str": "int"
    },
    {
      "type": "delete-node",
      "node": {
        "label": "0",
        "type": "Literal"
      },
      "location-before-char-start": 4875,
      "location-before-char-end": 4875,
      "node-str": "0"
    },
    {
      "type": "delete-node",
      "node": {
        "label": "i",
        "type": "LocalVariable"
      },
      "location-before-char-start": 4867,
      "location-before-char-end": 4875,
      "node-str": "i"
    },
    {
      "type": "delete-node",
      "node": {
        "label": "i",
        "type": "VariableWrite"
      },
      "location-before-char-start": 4908,
      "location-before-char-end": 4908,
      "node-str": "i"
    },
    {
      "type": "delete-node",
      "node": {
        "label": "POSTINC",
        "type": "UnaryOperator"
      },
      "location-before-char-start": 4908,
      "location-before-char-end": 4910,
      "node-str": "POSTINC"
    },
    {
      "type": "delete-node",
      "node": {
        "label": "java.lang.String",
        "type": "VARIABLE_TYPE"
      },
      "location-before-char-start": 0,
      "location-before-char-end": 0,
      "node-str": "java.lang.String"
    },
    {
      "type": "delete-node",
      "node": {
        "label": "id",
        "type": "VariableRead"
      },
      "location-before-char-start": 5039,
      "location-before-char-end": 5040,
      "node-str": "id"
    },
    {
      "type": "delete-node",
      "node": {
        "label": "initialId",
        "type": "LocalVariable"
      },
      "location-before-char-start": 5020,
      "location-before-char-end": 5041,
      "node-str": "initialId"
    },
    {
      "type": "delete-node",
      "node": {
        "label": "java.util.List",
        "type": "VARIABLE_TYPE"
      },
      "location-before-char-start": 0,
      "location-before-char-end": 0,
      "node-str": "java.util.List"
    },
    {
      "type": "delete-node",
      "node": {
        "label": "java.util.ArrayList()",
        "type": "ConstructorCall"
      },
      "location-before-char-start": 5062,
      "location-before-char-end": 5076,
      "node-str": "java.util.ArrayList()"
    },
    {
      "type": "delete-node",
      "node": {
        "label": "elements",
        "type": "LocalVariable"
      },
      "location-before-char-start": 5046,
      "location-before-char-end": 5077,
      "node-str": "elements"
    },
    {
      "type": "delete-node",
      "node": {
        "label": "acceleratorScope",
        "type": "VariableRead"
      },
      "location-before-char-start": 5149,
      "location-before-char-end": 5164,
      "node-str": "acceleratorScope"
    },
    {
      "type": "delete-node",
      "node": {
        "label": "null",
        "type": "Literal"
      },
      "location-before-char-start": 5169,
      "location-before-char-end": 5172,
      "node-str": "null"
    },
    {
      "type": "delete-node",
      "node": {
        "label": "NE",
        "type": "BinaryOperator"
      },
      "location-before-char-start": 5149,
      "location-before-char-end": 5172,
      "node-str": "NE"
    },
    {
      "type": "delete-node",
      "node": {
        "label": "elements",
        "type": "VariableRead"
      },
      "location-before-char-start": 5181,
      "location-before-char-end": 5188,
      "node-str": "elements"
    },
    {
      "type": "delete-node",
      "node": {
        "label": "0",
        "type": "Literal"
      },
      "location-before-char-start": 5194,
      "location-before-char-end": 5194,
      "node-str": "0"
    },
    {
      "type": "delete-node",
      "node": {
        "label": "org.eclipse.ui.internal.keybindings.Element",
        "type": "TypeAccess"
      },
      "location-before-char-start": 5197,
      "location-before-char-end": 5203,
      "node-str": "org.eclipse.ui.internal.keybindings.Element"
    },
    {
      "type": "delete-node",
      "node": {
        "label": "id",
        "type": "VariableRead"
      },
      "location-before-char-start": 5212,
      "location-before-char-end": 5213,
      "node-str": "id"
    },
    {
      "type": "delete-node",
      "node": {
        "label": "create",
        "type": "Invocation"
      },
      "location-before-char-start": 5197,
      "location-before-char-end": 5214,
      "node-str": "create"
    },
    {
      "type": "delete-node",
      "node": {
        "label": "add",
        "type": "Invocation"
      },
      "location-before-char-start": 5181,
      "location-before-char-end": 5216,
      "node-str": "add"
    },
    {
      "type": "delete-node",
      "node": {
        "label": "while",
        "type": "While"
      },
      "location-before-char-start": 5142,
      "location-before-char-end": 5309,
      "node-str": "while"
    },
    {
      "type": "delete-node",
      "node": {
        "label": "org.eclipse.ui.internal.keybindings.KeyBindingManager",
        "type": "TypeAccess"
      },
      "location-before-char-start": 0,
      "location-before-char-end": 0,
      "node-str": "org.eclipse.ui.internal.keybindings.KeyBindingManager"
    },
    {
      "type": "delete-node",
      "node": {
        "label": "scopeMap",
        "type": "FieldRead"
      },
      "location-before-char-start": 5321,
      "location-before-char-end": 5328,
      "node-str": "scopeMap"
    },
    {
      "type": "delete-node",
      "node": {
        "label": "initialId",
        "type": "VariableRead"
      },
      "location-before-char-start": 5334,
      "location-before-char-end": 5342,
      "node-str": "initialId"
    },
    {
      "type": "delete-node",
      "node": {
        "label": "org.eclipse.ui.internal.keybindings.Scope",
        "type": "TypeAccess"
      },
      "location-before-char-start": 5350,
      "location-before-char-end": 5354,
      "node-str": "org.eclipse.ui.internal.keybindings.Scope"
    },
    {
      "type": "delete-node",
      "node": {
        "label": "org.eclipse.ui.internal.keybindings.Path",
        "type": "TypeAccess"
      },
      "location-before-char-start": 5363,
      "location-before-char-end": 5366,
      "node-str": "org.eclipse.ui.internal.keybindings.Path"
    },
    {
      "type": "delete-node",
      "node": {
        "label": "elements",
        "type": "VariableRead"
      },
      "location-before-char-start": 5375,
      "location-before-char-end": 5382,
      "node-str": "elements"
    },
    {
      "type": "delete-node",
      "node": {
        "label": "create",
        "type": "Invocation"
      },
      "location-before-char-start": 5363,
      "location-before-char-end": 5383,
      "node-str": "create"
    },
    {
      "type": "delete-node",
      "node": {
        "label": "create",
        "type": "Invocation"
      },
      "location-before-char-start": 5350,
      "location-before-char-end": 5384,
      "node-str": "create"
    },
    {
      "type": "delete-node",
      "node": {
        "label": "put",
        "type": "Invocation"
      },
      "location-before-char-start": 5321,
      "location-before-char-end": 5386,
      "node-str": "put"
    },
    {
      "type": "delete-node",
      "node": {
        "label": "",
        "type": "For"
      },
      "location-before-char-start": 4862,
      "location-before-char-end": 5390,
      "node-str": ""
    },
    {
      "type": "delete-node",
      "node": {
        "label": "iterator",
        "type": "VariableRead"
      },
      "location-before-char-start": 5526,
      "location-before-char-end": 5533,
      "node-str": "iterator"
    },
    {
      "type": "delete-node",
      "node": {
        "label": "hasNext",
        "type": "Invocation"
      },
      "location-before-char-start": 5526,
      "location-before-char-end": 5543,
      "node-str": "hasNext"
    },
    {
      "type": "delete-node",
      "node": {
        "label": "int",
        "type": "VARIABLE_TYPE"
      },
      "location-before-char-start": 0,
      "location-before-char-end": 0,
      "node-str": "int"
    },
    {
      "type": "delete-node",
      "node": {
        "label": "0",
        "type": "Literal"
      },
      "location-before-char-start": 6022,
      "location-before-char-end": 6022,
      "node-str": "0"
    },
    {
      "type": "delete-node",
      "node": {
        "label": "i",
        "type": "LocalVariable"
      },
      "location-before-char-start": 6014,
      "location-before-char-end": 6022,
      "node-str": "i"
    },
    {
      "type": "delete-node",
      "node": {
        "label": "i",
        "type": "VariableWrite"
      },
      "location-before-char-start": 6050,
      "location-before-char-end": 6050,
      "node-str": "i"
    },
    {
      "type": "delete-node",
      "node": {
        "label": "POSTINC",
        "type": "UnaryOperator"
      },
      "location-before-char-start": 6050,
      "location-before-char-end": 6052,
      "node-str": "POSTINC"
    },
    {
      "type": "delete-node",
      "node": {
        "label": "java.util.List",
        "type": "VARIABLE_TYPE"
      },
      "location-before-char-start": 0,
      "location-before-char-end": 0,
      "node-str": "java.util.List"
    },
    {
      "type": "delete-node",
      "node": {
        "label": "java.util.ArrayList()",
        "type": "ConstructorCall"
      },
      "location-before-char-start": 6285,
      "location-before-char-end": 6299,
      "node-str": "java.util.ArrayList()"
    },
    {
      "type": "delete-node",
      "node": {
        "label": "localeElements",
        "type": "LocalVariable"
      },
      "location-before-char-start": 6263,
      "location-before-char-end": 6300,
      "node-str": "localeElements"
    },
    {
      "type": "delete-node",
      "node": {
        "label": "localeString",
        "type": "VariableRead"
      },
      "location-before-char-start": 6318,
      "location-before-char-end": 6329,
      "node-str": "localeString"
    },
    {
      "type": "delete-node",
      "node": {
        "label": "null",
        "type": "Literal"
      },
      "location-before-char-start": 6334,
      "location-before-char-end": 6337,
      "node-str": "null"
    },
    {
      "type": "delete-node",
      "node": {
        "label": "NE",
        "type": "BinaryOperator"
      },
      "location-before-char-start": 6318,
      "location-before-char-end": 6337,
      "node-str": "NE"
    },
    {
      "type": "delete-node",
      "node": {
        "label": "st",
        "type": "VariableRead"
      },
      "location-before-char-start": 6437,
      "location-before-char-end": 6438,
      "node-str": "st"
    },
    {
      "type": "delete-node",
      "node": {
        "label": "hasMoreElements",
        "type": "Invocation"
      },
      "location-before-char-start": 6437,
      "location-before-char-end": 6456,
      "node-str": "hasMoreElements"
    },
    {
      "type": "delete-node",
      "node": {
        "label": "java.lang.String",
        "type": "VARIABLE_TYPE"
      },
      "location-before-char-start": 0,
      "location-before-char-end": 0,
      "node-str": "java.lang.String"
    },
    {
      "type": "delete-node",
      "node": {
        "label": "st",
        "type": "VariableRead"
      },
      "location-before-char-start": 6495,
      "location-before-char-end": 6496,
      "node-str": "st"
    },
    {
      "type": "delete-node",
      "node": {
        "label": "nextElement",
        "type": "Invocation"
      },
      "location-before-char-start": 6485,
      "location-before-char-end": 6511,
      "node-str": "nextElement"
    },
    {
      "type": "delete-node",
      "node": {
        "label": "trim",
        "type": "Invocation"
      },
      "location-before-char-start": 6485,
      "location-before-char-end": 6518,
      "node-str": "trim"
    },
    {
      "type": "delete-node",
      "node": {
        "label": "element",
        "type": "LocalVariable"
      },
      "location-before-char-start": 6468,
      "location-before-char-end": 6519,
      "node-str": "element"
    },
    {
      "type": "delete-node",
      "node": {
        "label": "element",
        "type": "VariableRead"
      },
      "location-before-char-start": 6540,
      "location-before-char-end": 6546,
      "node-str": "element"
    },
    {
      "type": "delete-node",
      "node": {
        "label": "length",
        "type": "Invocation"
      },
      "location-before-char-start": 6540,
      "location-before-char-end": 6555,
      "node-str": "length"
    },
    {
      "type": "delete-node",
      "node": {
        "label": "0",
        "type": "Literal"
      },
      "location-before-char-start": 6559,
      "location-before-char-end": 6559,
      "node-str": "0"
    },
    {
      "type": "delete-node",
      "node": {
        "label": "GT",
        "type": "BinaryOperator"
      },
      "location-before-char-start": 6540,
      "location-before-char-end": 6559,
      "node-str": "GT"
    },
    {
      "type": "delete-node",
      "node": {
        "label": "localeElements",
        "type": "VariableRead"
      },
      "location-before-char-start": 6579,
      "location-before-char-end": 6592,
      "node-str": "localeElements"
    },
    {
      "type": "delete-node",
      "node": {
        "label": "org.eclipse.ui.internal.keybindings.Element",
        "type": "TypeAccess"
      },
      "location-before-char-start": 6598,
      "location-before-char-end": 6604,
      "node-str": "org.eclipse.ui.internal.keybindings.Element"
    },
    {
      "type": "delete-node",
      "node": {
        "label": "element",
        "type": "VariableRead"
      },
      "location-before-char-start": 6613,
      "location-before-char-end": 6619,
      "node-str": "element"
    },
    {
      "type": "delete-node",
      "node": {
        "label": "create",
        "type": "Invocation"
      },
      "location-before-char-start": 6598,
      "location-before-char-end": 6620,
      "node-str": "create"
    },
    {
      "type": "delete-node",
      "node": {
        "label": "add",
        "type": "Invocation"
      },
      "location-before-char-start": 6579,
      "location-before-char-end": 6622,
      "node-str": "add"
    },
    {
      "type": "delete-node",
      "node": {
        "label": "THEN",
        "type": "then"
      },
      "location-before-char-start": 6562,
      "location-before-char-end": 6631,
      "node-str": "THEN"
    },
    {
      "type": "delete-node",
      "node": {
        "label": "if",
        "type": "If"
      },
      "location-before-char-start": 6536,
      "location-before-char-end": 6631,
      "node-str": "if"
    },
    {
      "type": "delete-node",
      "node": {
        "label": "while",
        "type": "While"
      },
      "location-before-char-start": 6430,
      "location-before-char-end": 6646,
      "node-str": "while"
    },
    {
      "type": "delete-node",
      "node": {
        "label": "THEN",
        "type": "then"
      },
      "location-before-char-start": 6340,
      "location-before-char-end": 6653,
      "node-str": "THEN"
    },
    {
      "type": "delete-node",
      "node": {
        "label": "if",
        "type": "If"
      },
      "location-before-char-start": 6314,
      "location-before-char-end": 6653,
      "node-str": "if"
    },
    {
      "type": "delete-node",
      "node": {
        "label": "org.eclipse.ui.internal.keybindings.Locale",
        "type": "VARIABLE_TYPE"
      },
      "location-before-char-start": 0,
      "location-before-char-end": 0,
      "node-str": "org.eclipse.ui.internal.keybindings.Locale"
    },
    {
      "type": "delete-node",
      "node": {
        "label": "org.eclipse.ui.internal.keybindings.Locale",
        "type": "TypeAccess"
      },
      "location-before-char-start": 6677,
      "location-before-char-end": 6682,
      "node-str": "org.eclipse.ui.internal.keybindings.Locale"
    },
    {
      "type": "delete-node",
      "node": {
        "label": "org.eclipse.ui.internal.keybindings.Path",
        "type": "TypeAccess"
      },
      "location-before-char-start": 6691,
      "location-before-char-end": 6694,
      "node-str": "org.eclipse.ui.internal.keybindings.Path"
    },
    {
      "type": "delete-node",
      "node": {
        "label": "localeElements",
        "type": "VariableRead"
      },
      "location-before-char-start": 6703,
      "location-before-char-end": 6716,
      "node-str": "localeElements"
    },
    {
      "type": "delete-node",
      "node": {
        "label": "create",
        "type": "Invocation"
      },
      "location-before-char-start": 6691,
      "location-before-char-end": 6717,
      "node-str": "create"
    },
    {
      "type": "delete-node",
      "node": {
        "label": "create",
        "type": "Invocation"
      },
      "location-before-char-start": 6677,
      "location-before-char-end": 6718,
      "node-str": "create"
    },
    {
      "type": "delete-node",
      "node": {
        "label": "locale",
        "type": "LocalVariable"
      },
      "location-before-char-start": 6661,
      "location-before-char-end": 6719,
      "node-str": "locale"
    },
    {
      "type": "delete-node",
      "node": {
        "label": "java.util.List",
        "type": "VARIABLE_TYPE"
      },
      "location-before-char-start": 0,
      "location-before-char-end": 0,
      "node-str": "java.util.List"
    },
    {
      "type": "delete-node",
      "node": {
        "label": "java.util.ArrayList()",
        "type": "ConstructorCall"
      },
      "location-before-char-start": 6806,
      "location-before-char-end": 6820,
      "node-str": "java.util.ArrayList()"
    },
    {
      "type": "delete-node",
      "node": {
        "label": "platformElements",
        "type": "LocalVariable"
      },
      "location-before-char-start": 6782,
      "location-before-char-end": 6821,
      "node-str": "platformElements"
    },
    {
      "type": "delete-node",
      "node": {
        "label": "platformString",
        "type": "VariableRead"
      },
      "location-before-char-start": 6839,
      "location-before-char-end": 6852,
      "node-str": "platformString"
    },
    {
      "type": "delete-node",
      "node": {
        "label": "null",
        "type": "Literal"
      },
      "location-before-char-start": 6857,
      "location-before-char-end": 6860,
      "node-str": "null"
    },
    {
      "type": "delete-node",
      "node": {
        "label": "NE",
        "type": "BinaryOperator"
      },
      "location-before-char-start": 6839,
      "location-before-char-end": 6860,
      "node-str": "NE"
    },
    {
      "type": "delete-node",
      "node": {
        "label": "platformElements",
        "type": "VariableRead"
      },
      "location-before-char-start": 6870,
      "location-before-char-end": 6885,
      "node-str": "platformElements"
    },
    {
      "type": "delete-node",
      "node": {
        "label": "platformString",
        "type": "VariableRead"
      },
      "location-before-char-start": 6891,
      "location-before-char-end": 6904,
      "node-str": "platformString"
    },
    {
      "type": "delete-node",
      "node": {
        "label": "add",
        "type": "Invocation"
      },
      "location-before-char-start": 6870,
      "location-before-char-end": 6906,
      "node-str": "add"
    },
    {
      "type": "delete-node",
      "node": {
        "label": "THEN",
        "type": "then"
      },
      "location-before-char-start": 6870,
      "location-before-char-end": 6906,
      "node-str": "THEN"
    },
    {
      "type": "delete-node",
      "node": {
        "label": "if",
        "type": "If"
      },
      "location-before-char-start": 6835,
      "location-before-char-end": 6906,
      "node-str": "if"
    },
    {
      "type": "delete-node",
      "node": {
        "label": "org.eclipse.ui.internal.keybindings.Platform",
        "type": "VARIABLE_TYPE"
      },
      "location-before-char-start": 0,
      "location-before-char-end": 0,
      "node-str": "org.eclipse.ui.internal.keybindings.Platform"
    },
    {
      "type": "delete-node",
      "node": {
        "label": "org.eclipse.ui.internal.keybindings.Platform",
        "type": "TypeAccess"
      },
      "location-before-char-start": 6951,
      "location-before-char-end": 6958,
      "node-str": "org.eclipse.ui.internal.keybindings.Platform"
    },
    {
      "type": "delete-node",
      "node": {
        "label": "org.eclipse.ui.internal.keybindings.Path",
        "type": "TypeAccess"
      },
      "location-before-char-start": 6967,
      "location-before-char-end": 6970,
      "node-str": "org.eclipse.ui.internal.keybindings.Path"
    },
    {
      "type": "delete-node",
      "node": {
        "label": "platformElements",
        "type": "VariableRead"
      },
      "location-before-char-start": 6979,
      "location-before-char-end": 6994,
      "node-str": "platformElements"
    },
    {
      "type": "delete-node",
      "node": {
        "label": "create",
        "type": "Invocation"
      },
      "location-before-char-start": 6967,
      "location-before-char-end": 6995,
      "node-str": "create"
    },
    {
      "type": "delete-node",
      "node": {
        "label": "create",
        "type": "Invocation"
      },
      "location-before-char-start": 6951,
      "location-before-char-end": 6996,
      "node-str": "create"
    },
    {
      "type": "delete-node",
      "node": {
        "label": "platform",
        "type": "LocalVariable"
      },
      "location-before-char-start": 6924,
      "location-before-char-end": 6997,
      "node-str": "platform"
    },
    {
      "type": "delete-node",
      "node": {
        "label": "org.eclipse.ui.internal.keybindings.KeyBindingManager",
        "type": "TypeAccess"
      },
      "location-before-char-start": 0,
      "location-before-char-end": 0,
      "node-str": "org.eclipse.ui.internal.keybindings.KeyBindingManager"
    },
    {
      "type": "delete-node",
      "node": {
        "label": "solve",
        "type": "Invocation"
      },
      "location-before-char-start": 7947,
      "location-before-char-end": 7954,
      "node-str": "solve"
    }
  ],
  "before-file": {},
  "after-file": {},
  "mapping": {}
}