{
  "tool-info": {},
  "diff": [
    {
      "type": "insert-node",
      "node": {
        "label": "setMessage",
        "type": "Invocation"
      },
      "location-after-char-start": 8127,
      "location-after-char-end": 8306,
      "node-str": "setMessage"
    },
    {
      "type": "insert-node",
      "node": {
        "label": "setMessage",
        "type": "Invocation"
      },
      "location-after-char-start": 8676,
      "location-after-char-end": 8856,
      "node-str": "setMessage"
    },
    {
      "type": "insert-node",
      "node": {
        "label": "data",
        "type": "VariableRead"
      },
      "location-after-char-start": 8127,
      "location-after-char-end": 8130,
      "node-str": "data"
    },
    {
      "type": "insert-node",
      "node": {
        "label": "PLUS",
        "type": "BinaryOperator"
      },
      "location-after-char-start": 8143,
      "location-after-char-end": 8304,
      "node-str": "PLUS"
    },
    {
      "type": "insert-node",
      "node": {
        "label": "data",
        "type": "VariableRead"
      },
      "location-after-char-start": 8676,
      "location-after-char-end": 8679,
      "node-str": "data"
    },
    {
      "type": "insert-node",
      "node": {
        "label": "PLUS",
        "type": "BinaryOperator"
      },
      "location-after-char-start": 8692,
      "location-after-char-end": 8854,
      "node-str": "PLUS"
    },
    {
      "type": "insert-node",
      "node": {
        "label": "PLUS",
        "type": "BinaryOperator"
      },
      "location-after-char-start": 8143,
      "location-after-char-end": 8299,
      "node-str": "PLUS"
    },
    {
      "type": "insert-node",
      "node": {
        "label": "\"]\"",
        "type": "Literal"
      },
      "location-after-char-start": 8302,
      "location-after-char-end": 8304,
      "node-str": "\"]\""
    },
    {
      "type": "insert-node",
      "node": {
        "label": "PLUS",
        "type": "BinaryOperator"
      },
      "location-after-char-start": 8692,
      "location-after-char-end": 8849,
      "node-str": "PLUS"
    },
    {
      "type": "insert-node",
      "node": {
        "label": "\"]\"",
        "type": "Literal"
      },
      "location-after-char-start": 8852,
      "location-after-char-end": 8854,
      "node-str": "\"]\""
    },
    {
      "type": "insert-node",
      "node": {
        "label": "PLUS",
        "type": "BinaryOperator"
      },
      "location-after-char-start": 8143,
      "location-after-char-end": 8235,
      "node-str": "PLUS"
    },
    {
      "type": "insert-node",
      "node": {
        "label": "toString",
        "type": "Invocation"
      },
      "location-after-char-start": 8268,
      "location-after-char-end": 8299,
      "node-str": "toString"
    },
    {
      "type": "insert-node",
      "node": {
        "label": "PLUS",
        "type": "BinaryOperator"
      },
      "location-after-char-start": 8692,
      "location-after-char-end": 8785,
      "node-str": "PLUS"
    },
    {
      "type": "insert-node",
      "node": {
        "label": "toString",
        "type": "Invocation"
      },
      "location-after-char-start": 8818,
      "location-after-char-end": 8849,
      "node-str": "toString"
    },
    {
      "type": "insert-node",
      "node": {
        "label": "\"SUCCESS: changes to the user have \"",
        "type": "Literal"
      },
      "location-after-char-start": 8143,
      "location-after-char-end": 8178,
      "node-str": "\"SUCCESS: changes to the user have \""
    },
    {
      "type": "insert-node",
      "node": {
        "label": "\" been saved [username: \"",
        "type": "Literal"
      },
      "location-after-char-start": 8211,
      "location-after-char-end": 8235,
      "node-str": "\" been saved [username: \""
    },
    {
      "type": "insert-node",
      "node": {
        "label": "get",
        "type": "Invocation"
      },
      "location-after-char-start": 8268,
      "location-after-char-end": 8288,
      "node-str": "get"
    },
    {
      "type": "insert-node",
      "node": {
        "label": "\"ERROR: couldn\u0027t retrieve the user \"",
        "type": "Literal"
      },
      "location-after-char-start": 8692,
      "location-after-char-end": 8727,
      "node-str": "\"ERROR: couldn\u0027t retrieve the user \""
    },
    {
      "type": "insert-node",
      "node": {
        "label": "\" from the DB [username: \"",
        "type": "Literal"
      },
      "location-after-char-start": 8760,
      "location-after-char-end": 8785,
      "node-str": "\" from the DB [username: \""
    },
    {
      "type": "insert-node",
      "node": {
        "label": "get",
        "type": "Invocation"
      },
      "location-after-char-start": 8818,
      "location-after-char-end": 8838,
      "node-str": "get"
    },
    {
      "type": "insert-node",
      "node": {
        "label": "register",
        "type": "VariableRead"
      },
      "location-after-char-start": 8268,
      "location-after-char-end": 8275,
      "node-str": "register"
    },
    {
      "type": "insert-node",
      "node": {
        "label": "\"Email\"",
        "type": "Literal"
      },
      "location-after-char-start": 8281,
      "location-after-char-end": 8287,
      "node-str": "\"Email\""
    },
    {
      "type": "insert-node",
      "node": {
        "label": "register",
        "type": "VariableRead"
      },
      "location-after-char-start": 8818,
      "location-after-char-end": 8825,
      "node-str": "register"
    },
    {
      "type": "insert-node",
      "node": {
        "label": "\"Email\"",
        "type": "Literal"
      },
      "location-after-char-start": 8831,
      "location-after-char-end": 8837,
      "node-str": "\"Email\""
    },
    {
      "type": "delete-node",
      "node": {
        "label": "data",
        "type": "VariableRead"
      },
      "location-before-char-start": 6641,
      "location-before-char-end": 6644,
      "node-str": "data"
    },
    {
      "type": "delete-node",
      "node": {
        "label": "\"SUCCESS: changes to the user have been saved [username: \"",
        "type": "Literal"
      },
      "location-before-char-start": 6657,
      "location-before-char-end": 6714,
      "node-str": "\"SUCCESS: changes to the user have been saved [username: \""
    },
    {
      "type": "delete-node",
      "node": {
        "label": "register",
        "type": "VariableRead"
      },
      "location-before-char-start": 6718,
      "location-before-char-end": 6725,
      "node-str": "register"
    },
    {
      "type": "delete-node",
      "node": {
        "label": "\"Email\"",
        "type": "Literal"
      },
      "location-before-char-start": 6731,
      "location-before-char-end": 6737,
      "node-str": "\"Email\""
    },
    {
      "type": "delete-node",
      "node": {
        "label": "get",
        "type": "Invocation"
      },
      "location-before-char-start": 6718,
      "location-before-char-end": 6738,
      "node-str": "get"
    },
    {
      "type": "delete-node",
      "node": {
        "label": "toString",
        "type": "Invocation"
      },
      "location-before-char-start": 6718,
      "location-before-char-end": 6749,
      "node-str": "toString"
    },
    {
      "type": "delete-node",
      "node": {
        "label": "PLUS",
        "type": "BinaryOperator"
      },
      "location-before-char-start": 6657,
      "location-before-char-end": 6749,
      "node-str": "PLUS"
    },
    {
      "type": "delete-node",
      "node": {
        "label": "\"]\"",
        "type": "Literal"
      },
      "location-before-char-start": 6752,
      "location-before-char-end": 6754,
      "node-str": "\"]\""
    },
    {
      "type": "delete-node",
      "node": {
        "label": "PLUS",
        "type": "BinaryOperator"
      },
      "location-before-char-start": 6657,
      "location-before-char-end": 6754,
      "node-str": "PLUS"
    },
    {
      "type": "delete-node",
      "node": {
        "label": "setMessage",
        "type": "Invocation"
      },
      "location-before-char-start": 6641,
      "location-before-char-end": 6756,
      "node-str": "setMessage"
    },
    {
      "type": "delete-node",
      "node": {
        "label": "data",
        "type": "VariableRead"
      },
      "location-before-char-start": 6966,
      "location-before-char-end": 6969,
      "node-str": "data"
    },
    {
      "type": "delete-node",
      "node": {
        "label": "\"ERROR: couldn\u0027t retrieve the user from the DB [username: \"",
        "type": "Literal"
      },
      "location-before-char-start": 6982,
      "location-before-char-end": 7040,
      "node-str": "\"ERROR: couldn\u0027t retrieve the user from the DB [username: \""
    },
    {
      "type": "delete-node",
      "node": {
        "label": "register",
        "type": "VariableRead"
      },
      "location-before-char-start": 7044,
      "location-before-char-end": 7051,
      "node-str": "register"
    },
    {
      "type": "delete-node",
      "node": {
        "label": "\"Email\"",
        "type": "Literal"
      },
      "location-before-char-start": 7057,
      "location-before-char-end": 7063,
      "node-str": "\"Email\""
    },
    {
      "type": "delete-node",
      "node": {
        "label": "get",
        "type": "Invocation"
      },
      "location-before-char-start": 7044,
      "location-before-char-end": 7064,
      "node-str": "get"
    },
    {
      "type": "delete-node",
      "node": {
        "label": "toString",
        "type": "Invocation"
      },
      "location-before-char-start": 7044,
      "location-before-char-end": 7075,
      "node-str": "toString"
    },
    {
      "type": "delete-node",
      "node": {
        "label": "PLUS",
        "type": "BinaryOperator"
      },
      "location-before-char-start": 6982,
      "location-before-char-end": 7075,
      "node-str": "PLUS"
    },
    {
      "type": "delete-node",
      "node": {
        "label": "\"]\"",
        "type": "Literal"
      },
      "location-before-char-start": 7078,
      "location-before-char-end": 7080,
      "node-str": "\"]\""
    },
    {
      "type": "delete-node",
      "node": {
        "label": "PLUS",
        "type": "BinaryOperator"
      },
      "location-before-char-start": 6982,
      "location-before-char-end": 7080,
      "node-str": "PLUS"
    },
    {
      "type": "delete-node",
      "node": {
        "label": "setMessage",
        "type": "Invocation"
      },
      "location-before-char-start": 6966,
      "location-before-char-end": 7082,
      "node-str": "setMessage"
    }
  ],
  "before-file": {},
  "after-file": {},
  "mapping": {}
}