{
  "tool-info": {},
  "diff": [
    {
      "type": "insert-node",
      "node": {
        "label": "getRoot",
        "type": "Method"
      },
      "location-after-char-start": 2001,
      "location-after-char-end": 2086,
      "node-str": "getRoot"
    },
    {
      "type": "insert-node",
      "node": {
        "label": "getChild",
        "type": "Method"
      },
      "location-after-char-start": 2128,
      "location-after-char-end": 2470,
      "node-str": "getChild"
    },
    {
      "type": "move-subtree",
      "node": {
        "label": "java.lang.Object",
        "type": "RETURN_TYPE"
      },
      "location-before-char-start": 0,
      "location-before-char-end": 0,
      "location-after-char-start": 0,
      "location-after-char-end": 0,
      "node-str": "java.lang.Object"
    },
    {
      "type": "move-subtree",
      "node": {
        "label": "public",
        "type": "Modifier"
      },
      "location-before-char-start": 0,
      "location-before-char-end": 0,
      "location-after-char-start": 0,
      "location-after-char-end": 0,
      "node-str": "public"
    },
    {
      "type": "insert-node",
      "node": {
        "label": "",
        "type": "Throw"
      },
      "location-after-char-start": 2033,
      "location-after-char-end": 2082,
      "node-str": ""
    },
    {
      "type": "move-subtree",
      "node": {
        "label": "java.lang.Object",
        "type": "RETURN_TYPE"
      },
      "location-before-char-start": 0,
      "location-before-char-end": 0,
      "location-after-char-start": 0,
      "location-after-char-end": 0,
      "node-str": "java.lang.Object"
    },
    {
      "type": "move-subtree",
      "node": {
        "label": "public",
        "type": "Modifier"
      },
      "location-before-char-start": 0,
      "location-before-char-end": 0,
      "location-after-char-start": 0,
      "location-after-char-end": 0,
      "node-str": "public"
    },
    {
      "type": "move-subtree",
      "node": {
        "label": "parent",
        "type": "Parameter"
      },
      "location-before-char-start": 2169,
      "location-before-char-end": 2181,
      "location-after-char-start": 2151,
      "location-after-char-end": 2163,
      "node-str": "parent"
    },
    {
      "type": "move-subtree",
      "node": {
        "label": "index",
        "type": "Parameter"
      },
      "location-before-char-start": 2184,
      "location-before-char-end": 2192,
      "location-after-char-start": 2166,
      "location-after-char-end": 2174,
      "node-str": "index"
    },
    {
      "type": "move-subtree",
      "node": {
        "label": "if",
        "type": "If"
      },
      "location-before-char-start": 2201,
      "location-before-char-end": 2408,
      "location-after-char-start": 2183,
      "location-after-char-end": 2390,
      "node-str": "if"
    },
    {
      "type": "insert-node",
      "node": {
        "label": "",
        "type": "Throw"
      },
      "location-after-char-start": 2396,
      "location-after-char-end": 2466,
      "node-str": ""
    },
    {
      "type": "insert-node",
      "node": {
        "label": "java.lang.Error(java.lang.String)",
        "type": "ConstructorCall"
      },
      "location-after-char-start": 2039,
      "location-after-char-end": 2081,
      "node-str": "java.lang.Error(java.lang.String)"
    },
    {
      "type": "insert-node",
      "node": {
        "label": "java.lang.Error(java.lang.String)",
        "type": "ConstructorCall"
      },
      "location-after-char-start": 2402,
      "location-after-char-end": 2465,
      "node-str": "java.lang.Error(java.lang.String)"
    },
    {
      "type": "move-subtree",
      "node": {
        "label": "\"getRoot should never be called\"",
        "type": "Literal"
      },
      "location-before-char-start": 2050,
      "location-before-char-end": 2081,
      "location-after-char-start": 2049,
      "location-after-char-end": 2080,
      "node-str": "\"getRoot should never be called\""
    },
    {
      "type": "move-subtree",
      "node": {
        "label": "\"getChild should never be get here GoClassifierToStr\"",
        "type": "Literal"
      },
      "location-before-char-start": 2433,
      "location-before-char-end": 2485,
      "location-after-char-start": 2412,
      "location-after-char-end": 2464,
      "node-str": "\"getChild should never be get here GoClassifierToStr\""
    },
    {
      "type": "delete-node",
      "node": {
        "label": "java.lang.System",
        "type": "TypeAccess"
      },
      "location-before-char-start": 2031,
      "location-before-char-end": 2036,
      "node-str": "java.lang.System"
    },
    {
      "type": "delete-node",
      "node": {
        "label": "out",
        "type": "FieldRead"
      },
      "location-before-char-start": 2031,
      "location-before-char-end": 2040,
      "node-str": "out"
    },
    {
      "type": "delete-node",
      "node": {
        "label": "println",
        "type": "Invocation"
      },
      "location-before-char-start": 2031,
      "location-before-char-end": 2083,
      "node-str": "println"
    },
    {
      "type": "delete-node",
      "node": {
        "label": "null",
        "type": "Literal"
      },
      "location-before-char-start": 2096,
      "location-before-char-end": 2099,
      "node-str": "null"
    },
    {
      "type": "delete-node",
      "node": {
        "label": "return",
        "type": "Return"
      },
      "location-before-char-start": 2089,
      "location-before-char-end": 2100,
      "node-str": "return"
    },
    {
      "type": "delete-node",
      "node": {
        "label": "getRoot",
        "type": "Method"
      },
      "location-before-char-start": 2001,
      "location-before-char-end": 2104,
      "node-str": "getRoot"
    },
    {
      "type": "delete-node",
      "node": {
        "label": "java.lang.System",
        "type": "TypeAccess"
      },
      "location-before-char-start": 2414,
      "location-before-char-end": 2419,
      "node-str": "java.lang.System"
    },
    {
      "type": "delete-node",
      "node": {
        "label": "out",
        "type": "FieldRead"
      },
      "location-before-char-start": 2414,
      "location-before-char-end": 2423,
      "node-str": "out"
    },
    {
      "type": "delete-node",
      "node": {
        "label": "println",
        "type": "Invocation"
      },
      "location-before-char-start": 2414,
      "location-before-char-end": 2487,
      "node-str": "println"
    },
    {
      "type": "delete-node",
      "node": {
        "label": "null",
        "type": "Literal"
      },
      "location-before-char-start": 2500,
      "location-before-char-end": 2503,
      "node-str": "null"
    },
    {
      "type": "delete-node",
      "node": {
        "label": "return",
        "type": "Return"
      },
      "location-before-char-start": 2493,
      "location-before-char-end": 2504,
      "node-str": "return"
    },
    {
      "type": "delete-node",
      "node": {
        "label": "getChild",
        "type": "Method"
      },
      "location-before-char-start": 2146,
      "location-before-char-end": 2508,
      "node-str": "getChild"
    }
  ],
  "before-file": {},
  "after-file": {},
  "mapping": {}
}