{
  "tool-info": {},
  "diff": [
    {
      "type": "insert-node",
      "node": {
        "label": "public",
        "type": "Modifier"
      },
      "location-after-char-start": 669,
      "location-after-char-end": 675,
      "node-str": "public"
    },
    {
      "type": "insert-node",
      "node": {
        "label": "abstract",
        "type": "Modifier"
      },
      "location-after-char-start": 676,
      "location-after-char-end": 684,
      "node-str": "abstract"
    },
    {
      "type": "insert-node",
      "node": {
        "label": "class",
        "type": "TYPE_DECLARATION_KIND"
      },
      "location-after-char-start": 685,
      "location-after-char-end": 690,
      "node-str": "class"
    },
    {
      "type": "insert-node",
      "node": {
        "label": "BeanMetaData",
        "type": "SimpleName"
      },
      "location-after-char-start": 691,
      "location-after-char-end": 703,
      "node-str": "BeanMetaData"
    },
    {
      "type": "insert-node",
      "node": {
        "label": "public",
        "type": "Modifier"
      },
      "location-after-char-start": 5245,
      "location-after-char-end": 5251,
      "node-str": "public"
    },
    {
      "type": "insert-node",
      "node": {
        "label": "void",
        "type": "PrimitiveType"
      },
      "location-after-char-start": 5252,
      "location-after-char-end": 5256,
      "node-str": "void"
    },
    {
      "type": "insert-node",
      "node": {
        "label": "importEjbJarXml",
        "type": "SimpleName"
      },
      "location-after-char-start": 5257,
      "location-after-char-end": 5272,
      "node-str": "importEjbJarXml"
    },
    {
      "type": "update-node",
      "node": {
        "label": "getUniqueChild",
        "type": "SimpleName"
      },
      "location-before-char-start": 5526,
      "location-before-char-end": 5540,
      "location-after-char-start": 5526,
      "location-after-char-end": 5542,
      "node-str": "getOptionalChild"
    },
    {
      "type": "update-node",
      "node": {
        "label": "getUniqueChild",
        "type": "SimpleName"
      },
      "location-before-char-start": 5598,
      "location-before-char-end": 5612,
      "location-after-char-start": 5600,
      "location-after-char-end": 5616,
      "node-str": "getOptionalChild"
    },
    {
      "type": "update-node",
      "node": {
        "label": "getUniqueChild",
        "type": "SimpleName"
      },
      "location-before-char-start": 5689,
      "location-before-char-end": 5703,
      "location-after-char-start": 5693,
      "location-after-char-end": 5709,
      "node-str": "getOptionalChild"
    },
    {
      "type": "update-node",
      "node": {
        "label": "getUniqueChild",
        "type": "SimpleName"
      },
      "location-before-char-start": 5780,
      "location-before-char-end": 5794,
      "location-after-char-start": 5786,
      "location-after-char-end": 5802,
      "node-str": "getOptionalChild"
    },
    {
      "type": "delete-node",
      "node": {
        "label": "public",
        "type": "Modifier"
      },
      "location-before-char-start": 669,
      "location-before-char-end": 675,
      "node-str": "public"
    },
    {
      "type": "delete-node",
      "node": {
        "label": "abstract",
        "type": "Modifier"
      },
      "location-before-char-start": 676,
      "location-before-char-end": 684,
      "node-str": "abstract"
    },
    {
      "type": "delete-node",
      "node": {
        "label": "class",
        "type": "TYPE_DECLARATION_KIND"
      },
      "location-before-char-start": 685,
      "location-before-char-end": 690,
      "node-str": "class"
    },
    {
      "type": "delete-node",
      "node": {
        "label": "BeanMetaData",
        "type": "SimpleName"
      },
      "location-before-char-start": 691,
      "location-before-char-end": 703,
      "node-str": "BeanMetaData"
    },
    {
      "type": "delete-node",
      "node": {
        "label": "public",
        "type": "Modifier"
      },
      "location-before-char-start": 5245,
      "location-before-char-end": 5251,
      "node-str": "public"
    },
    {
      "type": "delete-node",
      "node": {
        "label": "void",
        "type": "PrimitiveType"
      },
      "location-before-char-start": 5252,
      "location-before-char-end": 5256,
      "node-str": "void"
    },
    {
      "type": "delete-node",
      "node": {
        "label": "importEjbJarXml",
        "type": "SimpleName"
      },
      "location-before-char-start": 5257,
      "location-before-char-end": 5272,
      "node-str": "importEjbJarXml"
    }
  ],
  "before-file": {},
  "after-file": {},
  "mapping": {}
}