{
  "tool-info": {},
  "diff": [
    {
      "type": "insert-node",
      "node": {
        "label": "",
        "type": "Javadoc"
      },
      "location-after-char-start": 1538,
      "location-after-char-end": 1592,
      "node-str": ""
    },
    {
      "type": "insert-node",
      "node": {
        "label": "",
        "type": "MethodDeclaration"
      },
      "location-after-char-start": 2477,
      "location-after-char-end": 2668,
      "node-str": ""
    },
    {
      "type": "insert-node",
      "node": {
        "label": "",
        "type": "TagElement"
      },
      "location-after-char-start": 1545,
      "location-after-char-end": 1570,
      "node-str": ""
    },
    {
      "type": "insert-node",
      "node": {
        "label": "",
        "type": "TagElement"
      },
      "location-after-char-start": 1574,
      "location-after-char-end": 1588,
      "node-str": ""
    },
    {
      "type": "insert-node",
      "node": {
        "label": "",
        "type": "Javadoc"
      },
      "location-after-char-start": 2082,
      "location-after-char-end": 2121,
      "node-str": ""
    },
    {
      "type": "insert-node",
      "node": {
        "label": "",
        "type": "Javadoc"
      },
      "location-after-char-start": 2477,
      "location-after-char-end": 2529,
      "node-str": ""
    },
    {
      "type": "move-subtree",
      "node": {
        "label": "public",
        "type": "Modifier"
      },
      "location-before-char-start": 2390,
      "location-before-char-end": 2396,
      "location-after-char-start": 2531,
      "location-after-char-end": 2537,
      "node-str": "public"
    },
    {
      "type": "move-subtree",
      "node": {
        "label": "static",
        "type": "Modifier"
      },
      "location-before-char-start": 2397,
      "location-before-char-end": 2403,
      "location-after-char-start": 2538,
      "location-after-char-end": 2544,
      "node-str": "static"
    },
    {
      "type": "move-subtree",
      "node": {
        "label": "",
        "type": "SimpleType"
      },
      "location-before-char-start": 2404,
      "location-before-char-end": 2423,
      "location-after-char-start": 2545,
      "location-after-char-end": 2564,
      "node-str": ""
    },
    {
      "type": "move-subtree",
      "node": {
        "label": "getInstance",
        "type": "SimpleName"
      },
      "location-before-char-start": 2424,
      "location-before-char-end": 2435,
      "location-after-char-start": 2565,
      "location-after-char-end": 2576,
      "node-str": "getInstance"
    },
    {
      "type": "move-subtree",
      "node": {
        "label": "",
        "type": "Block"
      },
      "location-before-char-start": 2438,
      "location-before-char-end": 2527,
      "location-after-char-start": 2579,
      "location-after-char-end": 2668,
      "node-str": ""
    },
    {
      "type": "insert-node",
      "node": {
        "label": "",
        "type": "Javadoc"
      },
      "location-after-char-start": 2671,
      "location-after-char-end": 2704,
      "node-str": ""
    },
    {
      "type": "insert-node",
      "node": {
        "label": "",
        "type": "Javadoc"
      },
      "location-after-char-start": 2839,
      "location-after-char-end": 2880,
      "node-str": ""
    },
    {
      "type": "insert-node",
      "node": {
        "label": "StoreEventDelegator class",
        "type": "TextElement"
      },
      "location-after-char-start": 1545,
      "location-after-char-end": 1570,
      "node-str": "StoreEventDelegator class"
    },
    {
      "type": "insert-node",
      "node": {
        "label": " fdietz",
        "type": "TextElement"
      },
      "location-after-char-start": 1581,
      "location-after-char-end": 1588,
      "node-str": " fdietz"
    },
    {
      "type": "insert-node",
      "node": {
        "label": "",
        "type": "TagElement"
      },
      "location-after-char-start": 2090,
      "location-after-char-end": 2116,
      "node-str": ""
    },
    {
      "type": "insert-node",
      "node": {
        "label": "",
        "type": "TagElement"
      },
      "location-after-char-start": 2485,
      "location-after-char-end": 2503,
      "node-str": ""
    },
    {
      "type": "insert-node",
      "node": {
        "label": "",
        "type": "TagElement"
      },
      "location-after-char-start": 2508,
      "location-after-char-end": 2524,
      "node-str": ""
    },
    {
      "type": "insert-node",
      "node": {
        "label": "",
        "type": "TagElement"
      },
      "location-after-char-start": 2679,
      "location-after-char-end": 2699,
      "node-str": ""
    },
    {
      "type": "insert-node",
      "node": {
        "label": "",
        "type": "TagElement"
      },
      "location-after-char-start": 2847,
      "location-after-char-end": 2875,
      "node-str": ""
    },
    {
      "type": "insert-node",
      "node": {
        "label": "",
        "type": "VariableDeclarationStatement"
      },
      "location-after-char-start": 2922,
      "location-after-char-end": 2998,
      "node-str": ""
    },
    {
      "type": "insert-node",
      "node": {
        "label": "",
        "type": "VariableDeclarationStatement"
      },
      "location-after-char-start": 3001,
      "location-after-char-end": 3055,
      "node-str": ""
    },
    {
      "type": "insert-node",
      "node": {
        "label": "",
        "type": "VariableDeclarationStatement"
      },
      "location-after-char-start": 3058,
      "location-after-char-end": 3124,
      "node-str": ""
    },
    {
      "type": "insert-node",
      "node": {
        "label": "",
        "type": "VariableDeclarationStatement"
      },
      "location-after-char-start": 3127,
      "location-after-char-end": 3159,
      "node-str": ""
    },
    {
      "type": "insert-node",
      "node": {
        "label": "StoreEventDelegator method",
        "type": "TextElement"
      },
      "location-after-char-start": 2090,
      "location-after-char-end": 2116,
      "node-str": "StoreEventDelegator method"
    },
    {
      "type": "insert-node",
      "node": {
        "label": "getInstance method",
        "type": "TextElement"
      },
      "location-after-char-start": 2485,
      "location-after-char-end": 2503,
      "node-str": "getInstance method"
    },
    {
      "type": "insert-node",
      "node": {
        "label": " instance",
        "type": "TextElement"
      },
      "location-after-char-start": 2515,
      "location-after-char-end": 2524,
      "node-str": " instance"
    },
    {
      "type": "insert-node",
      "node": {
        "label": "clearAllLists method",
        "type": "TextElement"
      },
      "location-after-char-start": 2679,
      "location-after-char-end": 2699,
      "node-str": "clearAllLists method"
    },
    {
      "type": "insert-node",
      "node": {
        "label": "processCalendarEvents method",
        "type": "TextElement"
      },
      "location-after-char-start": 2847,
      "location-after-char-end": 2875,
      "node-str": "processCalendarEvents method"
    },
    {
      "type": "insert-node",
      "node": {
        "label": "",
        "type": "SimpleType"
      },
      "location-after-char-start": 2922,
      "location-after-char-end": 2942,
      "node-str": ""
    },
    {
      "type": "insert-node",
      "node": {
        "label": "",
        "type": "VariableDeclarationFragment"
      },
      "location-after-char-start": 2943,
      "location-after-char-end": 2997,
      "node-str": ""
    },
    {
      "type": "insert-node",
      "node": {
        "label": "",
        "type": "SimpleType"
      },
      "location-after-char-start": 3001,
      "location-after-char-end": 3021,
      "node-str": ""
    },
    {
      "type": "insert-node",
      "node": {
        "label": "",
        "type": "VariableDeclarationFragment"
      },
      "location-after-char-start": 3022,
      "location-after-char-end": 3054,
      "node-str": ""
    },
    {
      "type": "insert-node",
      "node": {
        "label": "",
        "type": "SimpleType"
      },
      "location-after-char-start": 3058,
      "location-after-char-end": 3078,
      "node-str": ""
    },
    {
      "type": "insert-node",
      "node": {
        "label": "",
        "type": "VariableDeclarationFragment"
      },
      "location-after-char-start": 3079,
      "location-after-char-end": 3123,
      "node-str": ""
    },
    {
      "type": "insert-node",
      "node": {
        "label": "",
        "type": "SimpleType"
      },
      "location-after-char-start": 3127,
      "location-after-char-end": 3131,
      "node-str": ""
    },
    {
      "type": "insert-node",
      "node": {
        "label": "",
        "type": "VariableDeclarationFragment"
      },
      "location-after-char-start": 3132,
      "location-after-char-end": 3158,
      "node-str": ""
    },
    {
      "type": "insert-node",
      "node": {
        "label": "StoreEventComparator",
        "type": "SimpleName"
      },
      "location-after-char-start": 2922,
      "location-after-char-end": 2942,
      "node-str": "StoreEventComparator"
    },
    {
      "type": "insert-node",
      "node": {
        "label": "instance2",
        "type": "SimpleName"
      },
      "location-after-char-start": 2943,
      "location-after-char-end": 2952,
      "node-str": "instance2"
    },
    {
      "type": "move-subtree",
      "node": {
        "label": "",
        "type": "MethodInvocation"
      },
      "location-before-char-start": 4173,
      "location-before-char-end": 4213,
      "location-after-char-start": 2955,
      "location-after-char-end": 2997,
      "node-str": ""
    },
    {
      "type": "insert-node",
      "node": {
        "label": "StoreEventComparator",
        "type": "SimpleName"
      },
      "location-after-char-start": 3001,
      "location-after-char-end": 3021,
      "node-str": "StoreEventComparator"
    },
    {
      "type": "insert-node",
      "node": {
        "label": "storeEventComparator",
        "type": "SimpleName"
      },
      "location-after-char-start": 3022,
      "location-after-char-end": 3042,
      "node-str": "storeEventComparator"
    },
    {
      "type": "insert-node",
      "node": {
        "label": "instance2",
        "type": "SimpleName"
      },
      "location-after-char-start": 3045,
      "location-after-char-end": 3054,
      "node-str": "instance2"
    },
    {
      "type": "insert-node",
      "node": {
        "label": "StoreEventComparator",
        "type": "SimpleName"
      },
      "location-after-char-start": 3058,
      "location-after-char-end": 3078,
      "node-str": "StoreEventComparator"
    },
    {
      "type": "insert-node",
      "node": {
        "label": "storeEventComparator2",
        "type": "SimpleName"
      },
      "location-after-char-start": 3079,
      "location-after-char-end": 3100,
      "node-str": "storeEventComparator2"
    },
    {
      "type": "insert-node",
      "node": {
        "label": "storeEventComparator",
        "type": "SimpleName"
      },
      "location-after-char-start": 3103,
      "location-after-char-end": 3123,
      "node-str": "storeEventComparator"
    },
    {
      "type": "insert-node",
      "node": {
        "label": "List",
        "type": "SimpleName"
      },
      "location-after-char-start": 3127,
      "location-after-char-end": 3131,
      "node-str": "List"
    },
    {
      "type": "insert-node",
      "node": {
        "label": "list",
        "type": "SimpleName"
      },
      "location-after-char-start": 3132,
      "location-after-char-end": 3136,
      "node-str": "list"
    },
    {
      "type": "move-subtree",
      "node": {
        "label": "",
        "type": "ArrayAccess"
      },
      "location-before-char-start": 2997,
      "location-before-char-end": 3016,
      "location-after-char-start": 3139,
      "location-after-char-end": 3158,
      "node-str": ""
    },
    {
      "type": "update-node",
      "node": {
        "label": "itemAddedList",
        "type": "SimpleName"
      },
      "location-before-char-start": 2708,
      "location-before-char-end": 2721,
      "location-after-char-start": 3166,
      "location-after-char-end": 3170,
      "node-str": "list"
    },
    {
      "type": "move-subtree",
      "node": {
        "label": "itemAddedList",
        "type": "SimpleName"
      },
      "location-before-char-start": 2708,
      "location-before-char-end": 2721,
      "location-after-char-start": 3166,
      "location-after-char-end": 3170,
      "node-str": "list"
    },
    {
      "type": "update-node",
      "node": {
        "label": "itemAddedList",
        "type": "SimpleName"
      },
      "location-before-char-start": 2814,
      "location-before-char-end": 2827,
      "location-after-char-start": 3257,
      "location-after-char-end": 3261,
      "node-str": "list"
    },
    {
      "type": "move-subtree",
      "node": {
        "label": "itemAddedList",
        "type": "SimpleName"
      },
      "location-before-char-start": 2814,
      "location-before-char-end": 2827,
      "location-after-char-start": 3257,
      "location-after-char-end": 3261,
      "node-str": "list"
    },
    {
      "type": "update-node",
      "node": {
        "label": "StoreEventComparator",
        "type": "SimpleName"
      },
      "location-before-char-start": 2835,
      "location-before-char-end": 2855,
      "location-after-char-start": 3263,
      "location-after-char-end": 3284,
      "node-str": "storeEventComparator2"
    },
    {
      "type": "move-subtree",
      "node": {
        "label": "StoreEventComparator",
        "type": "SimpleName"
      },
      "location-before-char-start": 2835,
      "location-before-char-end": 2855,
      "location-after-char-start": 3263,
      "location-after-char-end": 3284,
      "node-str": "storeEventComparator2"
    },
    {
      "type": "update-node",
      "node": {
        "label": "StoreEventComparator",
        "type": "SimpleName"
      },
      "location-before-char-start": 3658,
      "location-before-char-end": 3678,
      "location-after-char-start": 4035,
      "location-after-char-end": 4056,
      "node-str": "storeEventComparator2"
    },
    {
      "type": "move-subtree",
      "node": {
        "label": "StoreEventComparator",
        "type": "SimpleName"
      },
      "location-before-char-start": 3658,
      "location-before-char-end": 3678,
      "location-after-char-start": 4035,
      "location-after-char-end": 4056,
      "node-str": "storeEventComparator2"
    },
    {
      "type": "insert-node",
      "node": {
        "label": "storeEventComparator2",
        "type": "SimpleName"
      },
      "location-after-char-start": 4530,
      "location-after-char-end": 4551,
      "node-str": "storeEventComparator2"
    },
    {
      "type": "update-node",
      "node": {
        "label": "itemAddedList",
        "type": "SimpleName"
      },
      "location-before-char-start": 2927,
      "location-before-char-end": 2940,
      "location-after-char-start": 3336,
      "location-after-char-end": 3340,
      "node-str": "list"
    },
    {
      "type": "move-subtree",
      "node": {
        "label": "itemAddedList",
        "type": "SimpleName"
      },
      "location-before-char-start": 2927,
      "location-before-char-end": 2940,
      "location-after-char-start": 3336,
      "location-after-char-end": 3340,
      "node-str": "list"
    },
    {
      "type": "insert-node",
      "node": {
        "label": "list",
        "type": "SimpleName"
      },
      "location-after-char-start": 3391,
      "location-after-char-end": 3395,
      "node-str": "list"
    },
    {
      "type": "delete-node",
      "node": {
        "label": "",
        "type": "MethodDeclaration"
      },
      "location-before-char-start": 2390,
      "location-before-char-end": 2527,
      "node-str": ""
    },
    {
      "type": "delete-node",
      "node": {
        "label": "swap",
        "type": "SimpleName"
      },
      "location-before-char-start": 2722,
      "location-before-char-end": 2726,
      "node-str": "swap"
    },
    {
      "type": "delete-node",
      "node": {
        "label": "",
        "type": "ArrayAccess"
      },
      "location-before-char-start": 2708,
      "location-before-char-end": 2727,
      "node-str": ""
    },
    {
      "type": "delete-node",
      "node": {
        "label": "swap",
        "type": "SimpleName"
      },
      "location-before-char-start": 2828,
      "location-before-char-end": 2832,
      "node-str": "swap"
    },
    {
      "type": "delete-node",
      "node": {
        "label": "",
        "type": "ArrayAccess"
      },
      "location-before-char-start": 2814,
      "location-before-char-end": 2833,
      "node-str": ""
    },
    {
      "type": "delete-node",
      "node": {
        "label": "",
        "type": "METHOD_INVOCATION_RECEIVER"
      },
      "location-before-char-start": 2835,
      "location-before-char-end": 2855,
      "node-str": ""
    },
    {
      "type": "delete-node",
      "node": {
        "label": "getInstance",
        "type": "SimpleName"
      },
      "location-before-char-start": 2862,
      "location-before-char-end": 2873,
      "node-str": "getInstance"
    },
    {
      "type": "delete-node",
      "node": {
        "label": "",
        "type": "MethodInvocation"
      },
      "location-before-char-start": 2835,
      "location-before-char-end": 2875,
      "node-str": ""
    },
    {
      "type": "delete-node",
      "node": {
        "label": "swap",
        "type": "SimpleName"
      },
      "location-before-char-start": 2941,
      "location-before-char-end": 2945,
      "node-str": "swap"
    },
    {
      "type": "delete-node",
      "node": {
        "label": "",
        "type": "ArrayAccess"
      },
      "location-before-char-start": 2927,
      "location-before-char-end": 2946,
      "node-str": ""
    },
    {
      "type": "delete-node",
      "node": {
        "label": "",
        "type": "METHOD_INVOCATION_RECEIVER"
      },
      "location-before-char-start": 3658,
      "location-before-char-end": 3678,
      "node-str": ""
    },
    {
      "type": "delete-node",
      "node": {
        "label": "getInstance",
        "type": "SimpleName"
      },
      "location-before-char-start": 3685,
      "location-before-char-end": 3696,
      "node-str": "getInstance"
    },
    {
      "type": "delete-node",
      "node": {
        "label": "",
        "type": "MethodInvocation"
      },
      "location-before-char-start": 3658,
      "location-before-char-end": 3698,
      "node-str": ""
    }
  ],
  "before-file": {},
  "after-file": {},
  "mapping": {}
}