{
  "tool-info": {},
  "diff": [
    {
      "type": "insert-node",
      "node": {
        "label": "public",
        "type": "Modifier"
      },
      "location-after-char-start": 0,
      "location-after-char-end": 0,
      "node-str": "public"
    },
    {
      "type": "insert-node",
      "node": {
        "label": "",
        "type": "TypeReference"
      },
      "location-after-char-start": 1764,
      "location-after-char-end": 1780,
      "node-str": ""
    },
    {
      "type": "insert-node",
      "node": {
        "label": "actionAndContextManager",
        "type": "Field"
      },
      "location-after-char-start": 1815,
      "location-after-char-end": 1870,
      "node-str": "actionAndContextManager"
    },
    {
      "type": "insert-node",
      "node": {
        "label": "actionService",
        "type": "Field"
      },
      "location-after-char-start": 1873,
      "location-after-char-end": 1909,
      "node-str": "actionService"
    },
    {
      "type": "insert-node",
      "node": {
        "label": "contextService",
        "type": "Field"
      },
      "location-after-char-start": 1912,
      "location-after-char-end": 1950,
      "node-str": "contextService"
    },
    {
      "type": "insert-node",
      "node": {
        "label": "number",
        "type": "Field"
      },
      "location-after-char-start": 1953,
      "location-after-char-end": 1971,
      "node-str": "number"
    },
    {
      "type": "insert-node",
      "node": {
        "label": "workbench",
        "type": "Field"
      },
      "location-after-char-start": 1974,
      "location-after-char-end": 2001,
      "node-str": "workbench"
    },
    {
      "type": "insert-node",
      "node": {
        "label": "pageList",
        "type": "Field"
      },
      "location-after-char-start": 2004,
      "location-after-char-end": 2046,
      "node-str": "pageList"
    },
    {
      "type": "insert-node",
      "node": {
        "label": "pageListeners",
        "type": "Field"
      },
      "location-after-char-start": 2049,
      "location-after-char-end": 2112,
      "node-str": "pageListeners"
    },
    {
      "type": "insert-node",
      "node": {
        "label": "perspectiveListeners",
        "type": "Field"
      },
      "location-after-char-start": 2115,
      "location-after-char-end": 2207,
      "node-str": "perspectiveListeners"
    },
    {
      "type": "insert-node",
      "node": {
        "label": "partDropListener",
        "type": "Field"
      },
      "location-after-char-start": 2210,
      "location-after-char-end": 2252,
      "node-str": "partDropListener"
    },
    {
      "type": "insert-node",
      "node": {
        "label": "keyBindingService",
        "type": "Field"
      },
      "location-after-char-start": 2344,
      "location-after-char-end": 2387,
      "node-str": "keyBindingService"
    },
    {
      "type": "insert-node",
      "node": {
        "label": "actionPresentation",
        "type": "Field"
      },
      "location-after-char-start": 2456,
      "location-after-char-end": 2501,
      "node-str": "actionPresentation"
    },
    {
      "type": "insert-node",
      "node": {
        "label": "actionBars",
        "type": "Field"
      },
      "location-after-char-start": 2504,
      "location-after-char-end": 2537,
      "node-str": "actionBars"
    },
    {
      "type": "insert-node",
      "node": {
        "label": "separator2",
        "type": "Field"
      },
      "location-after-char-start": 2540,
      "location-after-char-end": 2564,
      "node-str": "separator2"
    },
    {
      "type": "insert-node",
      "node": {
        "label": "separator3",
        "type": "Field"
      },
      "location-after-char-start": 2567,
      "location-after-char-end": 2591,
      "node-str": "separator3"
    },
    {
      "type": "insert-node",
      "node": {
        "label": "shortcutBar",
        "type": "Field"
      },
      "location-after-char-start": 2594,
      "location-after-char-end": 2628,
      "node-str": "shortcutBar"
    },
    {
      "type": "insert-node",
      "node": {
        "label": "shortcutBarPart",
        "type": "Field"
      },
      "location-after-char-start": 2631,
      "location-after-char-end": 2670,
      "node-str": "shortcutBarPart"
    },
    {
      "type": "insert-node",
      "node": {
        "label": "shortcutDND",
        "type": "Field"
      },
      "location-after-char-start": 2673,
      "location-after-char-end": 2716,
      "node-str": "shortcutDND"
    },
    {
      "type": "insert-node",
      "node": {
        "label": "actionBuilder",
        "type": "Field"
      },
      "location-after-char-start": 2719,
      "location-after-char-end": 2763,
      "node-str": "actionBuilder"
    },
    {
      "type": "insert-node",
      "node": {
        "label": "updateDisabled",
        "type": "Field"
      },
      "location-after-char-start": 2766,
      "location-after-char-end": 2803,
      "node-str": "updateDisabled"
    },
    {
      "type": "insert-node",
      "node": {
        "label": "closing",
        "type": "Field"
      },
      "location-after-char-start": 2806,
      "location-after-char-end": 2837,
      "node-str": "closing"
    },
    {
      "type": "insert-node",
      "node": {
        "label": "shellActivated",
        "type": "Field"
      },
      "location-after-char-start": 2840,
      "location-after-char-end": 2878,
      "node-str": "shellActivated"
    },
    {
      "type": "insert-node",
      "node": {
        "label": "workspaceLocation",
        "type": "Field"
      },
      "location-after-char-start": 2881,
      "location-after-char-end": 2913,
      "node-str": "workspaceLocation"
    },
    {
      "type": "insert-node",
      "node": {
        "label": "perspectiveBarMenu",
        "type": "Field"
      },
      "location-after-char-start": 2916,
      "location-after-char-end": 2947,
      "node-str": "perspectiveBarMenu"
    },
    {
      "type": "insert-node",
      "node": {
        "label": "fastViewBarMenu",
        "type": "Field"
      },
      "location-after-char-start": 2950,
      "location-after-char-end": 2978,
      "node-str": "fastViewBarMenu"
    },
    {
      "type": "insert-node",
      "node": {
        "label": "restoreItem",
        "type": "Field"
      },
      "location-after-char-start": 2981,
      "location-after-char-end": 3009,
      "node-str": "restoreItem"
    },
    {
      "type": "insert-node",
      "node": {
        "label": "progressControl",
        "type": "Field"
      },
      "location-after-char-start": 3012,
      "location-after-char-end": 3051,
      "node-str": "progressControl"
    },
    {
      "type": "insert-node",
      "node": {
        "label": "coolBarManager",
        "type": "Field"
      },
      "location-after-char-start": 3055,
      "location-after-char-end": 3115,
      "node-str": "coolBarManager"
    },
    {
      "type": "insert-node",
      "node": {
        "label": "noOpenPerspective",
        "type": "Field"
      },
      "location-after-char-start": 3118,
      "location-after-char-end": 3149,
      "node-str": "noOpenPerspective"
    },
    {
      "type": "insert-node",
      "node": {
        "label": "showShortcutBar",
        "type": "Field"
      },
      "location-after-char-start": 3152,
      "location-after-char-end": 3190,
      "node-str": "showShortcutBar"
    },
    {
      "type": "insert-node",
      "node": {
        "label": "showStatusLine",
        "type": "Field"
      },
      "location-after-char-start": 3193,
      "location-after-char-end": 3230,
      "node-str": "showStatusLine"
    },
    {
      "type": "insert-node",
      "node": {
        "label": "showToolBar",
        "type": "Field"
      },
      "location-after-char-start": 3233,
      "location-after-char-end": 3267,
      "node-str": "showToolBar"
    },
    {
      "type": "insert-node",
      "node": {
        "label": "normalBounds",
        "type": "Field"
      },
      "location-after-char-start": 3270,
      "location-after-char-end": 3300,
      "node-str": "normalBounds"
    },
    {
      "type": "insert-node",
      "node": {
        "label": "asMaximizedState",
        "type": "Field"
      },
      "location-after-char-start": 3303,
      "location-after-char-end": 3343,
      "node-str": "asMaximizedState"
    },
    {
      "type": "insert-node",
      "node": {
        "label": "actionSetsCommandIdToActionMap",
        "type": "Field"
      },
      "location-after-char-start": 11091,
      "location-after-char-end": 11155,
      "node-str": "actionSetsCommandIdToActionMap"
    },
    {
      "type": "insert-node",
      "node": {
        "label": "globalActionsCommandIdToActionMap",
        "type": "Field"
      },
      "location-after-char-start": 11158,
      "location-after-char-end": 11225,
      "node-str": "globalActionsCommandIdToActionMap"
    },
    {
      "type": "insert-node",
      "node": {
        "label": "createProgressIndicator",
        "type": "Method"
      },
      "location-after-char-start": 61054,
      "location-after-char-end": 61325,
      "node-str": "createProgressIndicator"
    },
    {
      "type": "insert-node",
      "node": {
        "label": "org.eclipse.jface.window.ApplicationWindow",
        "type": "SUPER_TYPE"
      },
      "location-after-char-start": 0,
      "location-after-char-end": 0,
      "node-str": "org.eclipse.jface.window.ApplicationWindow"
    },
    {
      "type": "insert-node",
      "node": {
        "label": "org.eclipse.ui.internal.ActionAndContextManager",
        "type": "VARIABLE_TYPE"
      },
      "location-after-char-start": 0,
      "location-after-char-end": 0,
      "node-str": "org.eclipse.ui.internal.ActionAndContextManager"
    },
    {
      "type": "insert-node",
      "node": {
        "label": "org.eclipse.ui.commands.IActionService",
        "type": "VARIABLE_TYPE"
      },
      "location-after-char-start": 0,
      "location-after-char-end": 0,
      "node-str": "org.eclipse.ui.commands.IActionService"
    },
    {
      "type": "insert-node",
      "node": {
        "label": "org.eclipse.ui.commands.IContextService",
        "type": "VARIABLE_TYPE"
      },
      "location-after-char-start": 0,
      "location-after-char-end": 0,
      "node-str": "org.eclipse.ui.commands.IContextService"
    },
    {
      "type": "insert-node",
      "node": {
        "label": "int",
        "type": "VARIABLE_TYPE"
      },
      "location-after-char-start": 0,
      "location-after-char-end": 0,
      "node-str": "int"
    },
    {
      "type": "insert-node",
      "node": {
        "label": "org.eclipse.ui.internal.Workbench",
        "type": "VARIABLE_TYPE"
      },
      "location-after-char-start": 0,
      "location-after-char-end": 0,
      "node-str": "org.eclipse.ui.internal.Workbench"
    },
    {
      "type": "insert-node",
      "node": {
        "label": "org.eclipse.ui.internal.WorkbenchWindow$PageList",
        "type": "VARIABLE_TYPE"
      },
      "location-after-char-start": 0,
      "location-after-char-end": 0,
      "node-str": "org.eclipse.ui.internal.WorkbenchWindow$PageList"
    },
    {
      "type": "insert-node",
      "node": {
        "label": "org.eclipse.ui.internal.WorkbenchWindow$PageList()",
        "type": "ConstructorCall"
      },
      "location-after-char-start": 2032,
      "location-after-char-end": 2045,
      "node-str": "org.eclipse.ui.internal.WorkbenchWindow$PageList()"
    },
    {
      "type": "insert-node",
      "node": {
        "label": "org.eclipse.ui.internal.PageListenerList",
        "type": "VARIABLE_TYPE"
      },
      "location-after-char-start": 0,
      "location-after-char-end": 0,
      "node-str": "org.eclipse.ui.internal.PageListenerList"
    },
    {
      "type": "insert-node",
      "node": {
        "label": "PageListenerList()",
        "type": "ConstructorCall"
      },
      "location-after-char-start": 2090,
      "location-after-char-end": 2111,
      "node-str": "PageListenerList()"
    },
    {
      "type": "insert-node",
      "node": {
        "label": "org.eclipse.ui.internal.PerspectiveListenerListOld",
        "type": "VARIABLE_TYPE"
      },
      "location-after-char-start": 0,
      "location-after-char-end": 0,
      "node-str": "org.eclipse.ui.internal.PerspectiveListenerListOld"
    },
    {
      "type": "insert-node",
      "node": {
        "label": "PerspectiveListenerListOld()",
        "type": "ConstructorCall"
      },
      "location-after-char-start": 2175,
      "location-after-char-end": 2206,
      "node-str": "PerspectiveListenerListOld()"
    },
    {
      "type": "insert-node",
      "node": {
        "label": "org.eclipse.ui.internal.IPartDropListener",
        "type": "VARIABLE_TYPE"
      },
      "location-after-char-start": 0,
      "location-after-char-end": 0,
      "node-str": "org.eclipse.ui.internal.IPartDropListener"
    },
    {
      "type": "insert-node",
      "node": {
        "label": "org.eclipse.ui.internal.KeyBindingService",
        "type": "VARIABLE_TYPE"
      },
      "location-after-char-start": 0,
      "location-after-char-end": 0,
      "node-str": "org.eclipse.ui.internal.KeyBindingService"
    },
    {
      "type": "insert-node",
      "node": {
        "label": "org.eclipse.ui.internal.ActionPresentation",
        "type": "VARIABLE_TYPE"
      },
      "location-after-char-start": 0,
      "location-after-char-end": 0,
      "node-str": "org.eclipse.ui.internal.ActionPresentation"
    },
    {
      "type": "insert-node",
      "node": {
        "label": "org.eclipse.ui.internal.WWinActionBars",
        "type": "VARIABLE_TYPE"
      },
      "location-after-char-start": 0,
      "location-after-char-end": 0,
      "node-str": "org.eclipse.ui.internal.WWinActionBars"
    },
    {
      "type": "insert-node",
      "node": {
        "label": "org.eclipse.ui.internal.Label",
        "type": "VARIABLE_TYPE"
      },
      "location-after-char-start": 0,
      "location-after-char-end": 0,
      "node-str": "org.eclipse.ui.internal.Label"
    },
    {
      "type": "insert-node",
      "node": {
        "label": "org.eclipse.ui.internal.Label",
        "type": "VARIABLE_TYPE"
      },
      "location-after-char-start": 0,
      "location-after-char-end": 0,
      "node-str": "org.eclipse.ui.internal.Label"
    },
    {
      "type": "insert-node",
      "node": {
        "label": "org.eclipse.ui.internal.ToolBarManager",
        "type": "VARIABLE_TYPE"
      },
      "location-after-char-start": 0,
      "location-after-char-end": 0,
      "node-str": "org.eclipse.ui.internal.ToolBarManager"
    },
    {
      "type": "insert-node",
      "node": {
        "label": "org.eclipse.ui.internal.ShortcutBarPart",
        "type": "VARIABLE_TYPE"
      },
      "location-after-char-start": 0,
      "location-after-char-end": 0,
      "node-str": "org.eclipse.ui.internal.ShortcutBarPart"
    },
    {
      "type": "insert-node",
      "node": {
        "label": "org.eclipse.ui.internal.ShortcutBarPartDragDrop",
        "type": "VARIABLE_TYPE"
      },
      "location-after-char-start": 0,
      "location-after-char-end": 0,
      "node-str": "org.eclipse.ui.internal.ShortcutBarPartDragDrop"
    },
    {
      "type": "insert-node",
      "node": {
        "label": "org.eclipse.ui.internal.WorkbenchActionBuilder",
        "type": "VARIABLE_TYPE"
      },
      "location-after-char-start": 0,
      "location-after-char-end": 0,
      "node-str": "org.eclipse.ui.internal.WorkbenchActionBuilder"
    },
    {
      "type": "insert-node",
      "node": {
        "label": "boolean",
        "type": "VARIABLE_TYPE"
      },
      "location-after-char-start": 0,
      "location-after-char-end": 0,
      "node-str": "boolean"
    },
    {
      "type": "insert-node",
      "node": {
        "label": "true",
        "type": "Literal"
      },
      "location-after-char-start": 2799,
      "location-after-char-end": 2802,
      "node-str": "true"
    },
    {
      "type": "insert-node",
      "node": {
        "label": "boolean",
        "type": "VARIABLE_TYPE"
      },
      "location-after-char-start": 0,
      "location-after-char-end": 0,
      "node-str": "boolean"
    },
    {
      "type": "insert-node",
      "node": {
        "label": "false",
        "type": "Literal"
      },
      "location-after-char-start": 2832,
      "location-after-char-end": 2836,
      "node-str": "false"
    },
    {
      "type": "insert-node",
      "node": {
        "label": "boolean",
        "type": "VARIABLE_TYPE"
      },
      "location-after-char-start": 0,
      "location-after-char-end": 0,
      "node-str": "boolean"
    },
    {
      "type": "insert-node",
      "node": {
        "label": "false",
        "type": "Literal"
      },
      "location-after-char-start": 2873,
      "location-after-char-end": 2877,
      "node-str": "false"
    },
    {
      "type": "insert-node",
      "node": {
        "label": "java.lang.String",
        "type": "VARIABLE_TYPE"
      },
      "location-after-char-start": 0,
      "location-after-char-end": 0,
      "node-str": "java.lang.String"
    },
    {
      "type": "insert-node",
      "node": {
        "label": "org.eclipse.ui.internal.Menu",
        "type": "VARIABLE_TYPE"
      },
      "location-after-char-start": 0,
      "location-after-char-end": 0,
      "node-str": "org.eclipse.ui.internal.Menu"
    },
    {
      "type": "insert-node",
      "node": {
        "label": "org.eclipse.ui.internal.Menu",
        "type": "VARIABLE_TYPE"
      },
      "location-after-char-start": 0,
      "location-after-char-end": 0,
      "node-str": "org.eclipse.ui.internal.Menu"
    },
    {
      "type": "insert-node",
      "node": {
        "label": "org.eclipse.ui.internal.MenuItem",
        "type": "VARIABLE_TYPE"
      },
      "location-after-char-start": 0,
      "location-after-char-end": 0,
      "node-str": "org.eclipse.ui.internal.MenuItem"
    },
    {
      "type": "insert-node",
      "node": {
        "label": "org.eclipse.ui.internal.progress.ProgressControl",
        "type": "VARIABLE_TYPE"
      },
      "location-after-char-start": 0,
      "location-after-char-end": 0,
      "node-str": "org.eclipse.ui.internal.progress.ProgressControl"
    },
    {
      "type": "insert-node",
      "node": {
        "label": "org.eclipse.ui.internal.CoolBarManager",
        "type": "VARIABLE_TYPE"
      },
      "location-after-char-start": 0,
      "location-after-char-end": 0,
      "node-str": "org.eclipse.ui.internal.CoolBarManager"
    },
    {
      "type": "insert-node",
      "node": {
        "label": "CoolBarManager()",
        "type": "ConstructorCall"
      },
      "location-after-char-start": 3095,
      "location-after-char-end": 3114,
      "node-str": "CoolBarManager()"
    },
    {
      "type": "insert-node",
      "node": {
        "label": "org.eclipse.ui.internal.Label",
        "type": "VARIABLE_TYPE"
      },
      "location-after-char-start": 0,
      "location-after-char-end": 0,
      "node-str": "org.eclipse.ui.internal.Label"
    },
    {
      "type": "insert-node",
      "node": {
        "label": "boolean",
        "type": "VARIABLE_TYPE"
      },
      "location-after-char-start": 0,
      "location-after-char-end": 0,
      "node-str": "boolean"
    },
    {
      "type": "insert-node",
      "node": {
        "label": "true",
        "type": "Literal"
      },
      "location-after-char-start": 3186,
      "location-after-char-end": 3189,
      "node-str": "true"
    },
    {
      "type": "insert-node",
      "node": {
        "label": "boolean",
        "type": "VARIABLE_TYPE"
      },
      "location-after-char-start": 0,
      "location-after-char-end": 0,
      "node-str": "boolean"
    },
    {
      "type": "insert-node",
      "node": {
        "label": "true",
        "type": "Literal"
      },
      "location-after-char-start": 3226,
      "location-after-char-end": 3229,
      "node-str": "true"
    },
    {
      "type": "insert-node",
      "node": {
        "label": "boolean",
        "type": "VARIABLE_TYPE"
      },
      "location-after-char-start": 0,
      "location-after-char-end": 0,
      "node-str": "boolean"
    },
    {
      "type": "insert-node",
      "node": {
        "label": "true",
        "type": "Literal"
      },
      "location-after-char-start": 3263,
      "location-after-char-end": 3266,
      "node-str": "true"
    },
    {
      "type": "insert-node",
      "node": {
        "label": "org.eclipse.swt.graphics.Rectangle",
        "type": "VARIABLE_TYPE"
      },
      "location-after-char-start": 0,
      "location-after-char-end": 0,
      "node-str": "org.eclipse.swt.graphics.Rectangle"
    },
    {
      "type": "insert-node",
      "node": {
        "label": "boolean",
        "type": "VARIABLE_TYPE"
      },
      "location-after-char-start": 0,
      "location-after-char-end": 0,
      "node-str": "boolean"
    },
    {
      "type": "insert-node",
      "node": {
        "label": "false",
        "type": "Literal"
      },
      "location-after-char-start": 3338,
      "location-after-char-end": 3342,
      "node-str": "false"
    },
    {
      "type": "insert-node",
      "node": {
        "label": "",
        "type": "TypeReference"
      },
      "location-after-char-start": 3811,
      "location-after-char-end": 3816,
      "node-str": ""
    },
    {
      "type": "insert-node",
      "node": {
        "label": "java.util.SortedMap",
        "type": "VARIABLE_TYPE"
      },
      "location-after-char-start": 0,
      "location-after-char-end": 0,
      "node-str": "java.util.SortedMap"
    },
    {
      "type": "insert-node",
      "node": {
        "label": "java.util.TreeMap()",
        "type": "ConstructorCall"
      },
      "location-after-char-start": 11142,
      "location-after-char-end": 11154,
      "node-str": "java.util.TreeMap()"
    },
    {
      "type": "insert-node",
      "node": {
        "label": "java.util.SortedMap",
        "type": "VARIABLE_TYPE"
      },
      "location-after-char-start": 0,
      "location-after-char-end": 0,
      "node-str": "java.util.SortedMap"
    },
    {
      "type": "insert-node",
      "node": {
        "label": "java.util.TreeMap()",
        "type": "ConstructorCall"
      },
      "location-after-char-start": 11212,
      "location-after-char-end": 11224,
      "node-str": "java.util.TreeMap()"
    },
    {
      "type": "insert-node",
      "node": {
        "label": "createProgressIndicator",
        "type": "Invocation"
      },
      "location-after-char-start": 19765,
      "location-after-char-end": 19795,
      "node-str": "createProgressIndicator"
    },
    {
      "type": "insert-node",
      "node": {
        "label": "void",
        "type": "RETURN_TYPE"
      },
      "location-after-char-start": 0,
      "location-after-char-end": 0,
      "node-str": "void"
    },
    {
      "type": "insert-node",
      "node": {
        "label": "shell",
        "type": "Parameter"
      },
      "location-after-char-start": 61187,
      "location-after-char-end": 61197,
      "node-str": "shell"
    },
    {
      "type": "insert-node",
      "node": {
        "label": "if",
        "type": "If"
      },
      "location-after-char-start": 61204,
      "location-after-char-end": 61321,
      "node-str": "if"
    },
    {
      "type": "insert-node",
      "node": {
        "label": "Layout",
        "type": "SUPER_TYPE"
      },
      "location-after-char-start": 0,
      "location-after-char-end": 0,
      "node-str": "Layout"
    },
    {
      "type": "insert-node",
      "node": {
        "label": "void",
        "type": "RETURN_TYPE"
      },
      "location-after-char-start": 0,
      "location-after-char-end": 0,
      "node-str": "void"
    },
    {
      "type": "insert-node",
      "node": {
        "label": "protected",
        "type": "Modifier"
      },
      "location-after-char-start": 0,
      "location-after-char-end": 0,
      "node-str": "protected"
    },
    {
      "type": "insert-node",
      "node": {
        "label": "composite",
        "type": "Parameter"
      },
      "location-after-char-start": 4735,
      "location-after-char-end": 4753,
      "node-str": "composite"
    },
    {
      "type": "insert-node",
      "node": {
        "label": "flushCache",
        "type": "Parameter"
      },
      "location-after-char-start": 4756,
      "location-after-char-end": 4773,
      "node-str": "flushCache"
    },
    {
      "type": "insert-node",
      "node": {
        "label": "toolBarWidth",
        "type": "LocalVariable"
      },
      "location-after-char-start": 5141,
      "location-after-char-end": 5176,
      "node-str": "toolBarWidth"
    },
    {
      "type": "insert-node",
      "node": {
        "label": "if",
        "type": "If"
      },
      "location-after-char-start": 5216,
      "location-after-char-end": 5625,
      "node-str": "if"
    },
    {
      "type": "insert-node",
      "node": {
        "label": "org.eclipse.ui.internal.WorkbenchWindow",
        "type": "TypeAccess"
      },
      "location-after-char-start": 0,
      "location-after-char-end": 0,
      "node-str": "org.eclipse.ui.internal.WorkbenchWindow"
    },
    {
      "type": "insert-node",
      "node": {
        "label": "shell",
        "type": "VariableRead"
      },
      "location-after-char-start": 19789,
      "location-after-char-end": 19793,
      "node-str": "shell"
    },
    {
      "type": "insert-node",
      "node": {
        "label": "Shell",
        "type": "VARIABLE_TYPE"
      },
      "location-after-char-start": 0,
      "location-after-char-end": 0,
      "node-str": "Shell"
    },
    {
      "type": "insert-node",
      "node": {
        "label": "showProgressIndicator",
        "type": "Invocation"
      },
      "location-after-char-start": 61208,
      "location-after-char-end": 61230,
      "node-str": "showProgressIndicator"
    },
    {
      "type": "insert-node",
      "node": {
        "label": "THEN",
        "type": "then"
      },
      "location-after-char-start": 61233,
      "location-after-char-end": 61321,
      "node-str": "THEN"
    },
    {
      "type": "insert-node",
      "node": {
        "label": "Composite",
        "type": "VARIABLE_TYPE"
      },
      "location-after-char-start": 0,
      "location-after-char-end": 0,
      "node-str": "Composite"
    },
    {
      "type": "insert-node",
      "node": {
        "label": "boolean",
        "type": "VARIABLE_TYPE"
      },
      "location-after-char-start": 0,
      "location-after-char-end": 0,
      "node-str": "boolean"
    },
    {
      "type": "insert-node",
      "node": {
        "label": "int",
        "type": "VARIABLE_TYPE"
      },
      "location-after-char-start": 0,
      "location-after-char-end": 0,
      "node-str": "int"
    },
    {
      "type": "insert-node",
      "node": {
        "label": "width",
        "type": "FieldRead"
      },
      "location-after-char-start": 5160,
      "location-after-char-end": 5175,
      "node-str": "width"
    },
    {
      "type": "insert-node",
      "node": {
        "label": "showProgressIndicator",
        "type": "Invocation"
      },
      "location-after-char-start": 5220,
      "location-after-char-end": 5242,
      "node-str": "showProgressIndicator"
    },
    {
      "type": "insert-node",
      "node": {
        "label": "THEN",
        "type": "then"
      },
      "location-after-char-start": 5245,
      "location-after-char-end": 5625,
      "node-str": "THEN"
    },
    {
      "type": "insert-node",
      "node": {
        "label": "org.eclipse.ui.internal.WorkbenchWindow",
        "type": "TypeAccess"
      },
      "location-after-char-start": 0,
      "location-after-char-end": 0,
      "node-str": "org.eclipse.ui.internal.WorkbenchWindow"
    },
    {
      "type": "insert-node",
      "node": {
        "label": "\u003d",
        "type": "Assignment"
      },
      "location-after-char-start": 61238,
      "location-after-char-end": 61277,
      "node-str": "\u003d"
    },
    {
      "type": "insert-node",
      "node": {
        "label": "createCanvas",
        "type": "Invocation"
      },
      "location-after-char-start": 61282,
      "location-after-char-end": 61317,
      "node-str": "createCanvas"
    },
    {
      "type": "insert-node",
      "node": {
        "label": "clientArea",
        "type": "VariableRead"
      },
      "location-after-char-start": 5160,
      "location-after-char-end": 5175,
      "node-str": "clientArea"
    },
    {
      "type": "insert-node",
      "node": {
        "label": "org.eclipse.ui.internal.WorkbenchWindow$WorkbenchWindowLayout",
        "type": "TypeAccess"
      },
      "location-after-char-start": 0,
      "location-after-char-end": 0,
      "node-str": "org.eclipse.ui.internal.WorkbenchWindow$WorkbenchWindowLayout"
    },
    {
      "type": "insert-node",
      "node": {
        "label": "if",
        "type": "If"
      },
      "location-after-char-start": 5251,
      "location-after-char-end": 5620,
      "node-str": "if"
    },
    {
      "type": "insert-node",
      "node": {
        "label": "progressControl",
        "type": "FieldWrite"
      },
      "location-after-char-start": 61238,
      "location-after-char-end": 61252,
      "node-str": "progressControl"
    },
    {
      "type": "insert-node",
      "node": {
        "label": "org.eclipse.ui.internal.progress.ProgressControl()",
        "type": "ConstructorCall"
      },
      "location-after-char-start": 61256,
      "location-after-char-end": 61276,
      "node-str": "org.eclipse.ui.internal.progress.ProgressControl()"
    },
    {
      "type": "insert-node",
      "node": {
        "label": "progressControl",
        "type": "FieldRead"
      },
      "location-after-char-start": 61282,
      "location-after-char-end": 61296,
      "node-str": "progressControl"
    },
    {
      "type": "insert-node",
      "node": {
        "label": "shell",
        "type": "VariableRead"
      },
      "location-after-char-start": 61311,
      "location-after-char-end": 61315,
      "node-str": "shell"
    },
    {
      "type": "insert-node",
      "node": {
        "label": "NE",
        "type": "BinaryOperator"
      },
      "location-after-char-start": 5255,
      "location-after-char-end": 5277,
      "node-str": "NE"
    },
    {
      "type": "insert-node",
      "node": {
        "label": "THEN",
        "type": "then"
      },
      "location-after-char-start": 5280,
      "location-after-char-end": 5620,
      "node-str": "THEN"
    },
    {
      "type": "insert-node",
      "node": {
        "label": "org.eclipse.ui.internal.WorkbenchWindow",
        "type": "TypeAccess"
      },
      "location-after-char-start": 0,
      "location-after-char-end": 0,
      "node-str": "org.eclipse.ui.internal.WorkbenchWindow"
    },
    {
      "type": "insert-node",
      "node": {
        "label": "org.eclipse.ui.internal.WorkbenchWindow",
        "type": "TypeAccess"
      },
      "location-after-char-start": 0,
      "location-after-char-end": 0,
      "node-str": "org.eclipse.ui.internal.WorkbenchWindow"
    },
    {
      "type": "insert-node",
      "node": {
        "label": "progressControl",
        "type": "FieldRead"
      },
      "location-after-char-start": 5255,
      "location-after-char-end": 5269,
      "node-str": "progressControl"
    },
    {
      "type": "insert-node",
      "node": {
        "label": "null",
        "type": "Literal"
      },
      "location-after-char-start": 5274,
      "location-after-char-end": 5277,
      "node-str": "null"
    },
    {
      "type": "insert-node",
      "node": {
        "label": "progressWidget",
        "type": "LocalVariable"
      },
      "location-after-char-start": 5287,
      "location-after-char-end": 5358,
      "node-str": "progressWidget"
    },
    {
      "type": "insert-node",
      "node": {
        "label": "bounds",
        "type": "LocalVariable"
      },
      "location-after-char-start": 5365,
      "location-after-char-end": 5433,
      "node-str": "bounds"
    },
    {
      "type": "insert-node",
      "node": {
        "label": "",
        "type": "OperatorAssignment"
      },
      "location-after-char-start": 5440,
      "location-after-char-end": 5485,
      "node-str": ""
    },
    {
      "type": "insert-node",
      "node": {
        "label": "setBounds",
        "type": "Invocation"
      },
      "location-after-char-start": 5492,
      "location-after-char-end": 5613,
      "node-str": "setBounds"
    },
    {
      "type": "insert-node",
      "node": {
        "label": "org.eclipse.ui.internal.WorkbenchWindow",
        "type": "TypeAccess"
      },
      "location-after-char-start": 0,
      "location-after-char-end": 0,
      "node-str": "org.eclipse.ui.internal.WorkbenchWindow"
    },
    {
      "type": "insert-node",
      "node": {
        "label": "Control",
        "type": "VARIABLE_TYPE"
      },
      "location-after-char-start": 0,
      "location-after-char-end": 0,
      "node-str": "Control"
    },
    {
      "type": "insert-node",
      "node": {
        "label": "getControl",
        "type": "Invocation"
      },
      "location-after-char-start": 5318,
      "location-after-char-end": 5357,
      "node-str": "getControl"
    },
    {
      "type": "insert-node",
      "node": {
        "label": "org.eclipse.swt.graphics.Rectangle",
        "type": "VARIABLE_TYPE"
      },
      "location-after-char-start": 0,
      "location-after-char-end": 0,
      "node-str": "org.eclipse.swt.graphics.Rectangle"
    },
    {
      "type": "insert-node",
      "node": {
        "label": "getImageBounds",
        "type": "Invocation"
      },
      "location-after-char-start": 5389,
      "location-after-char-end": 5432,
      "node-str": "getImageBounds"
    },
    {
      "type": "insert-node",
      "node": {
        "label": "toolBarWidth",
        "type": "VariableWrite"
      },
      "location-after-char-start": 5440,
      "location-after-char-end": 5451,
      "node-str": "toolBarWidth"
    },
    {
      "type": "insert-node",
      "node": {
        "label": "PLUS",
        "type": "BinaryOperator"
      },
      "location-after-char-start": 5456,
      "location-after-char-end": 5484,
      "node-str": "PLUS"
    },
    {
      "type": "insert-node",
      "node": {
        "label": "progressWidget",
        "type": "VariableRead"
      },
      "location-after-char-start": 5492,
      "location-after-char-end": 5505,
      "node-str": "progressWidget"
    },
    {
      "type": "insert-node",
      "node": {
        "label": "PLUS",
        "type": "BinaryOperator"
      },
      "location-after-char-start": 5524,
      "location-after-char-end": 5550,
      "node-str": "PLUS"
    },
    {
      "type": "insert-node",
      "node": {
        "label": "y",
        "type": "FieldRead"
      },
      "location-after-char-start": 5559,
      "location-after-char-end": 5570,
      "node-str": "y"
    },
    {
      "type": "insert-node",
      "node": {
        "label": "width",
        "type": "FieldRead"
      },
      "location-after-char-start": 5579,
      "location-after-char-end": 5590,
      "node-str": "width"
    },
    {
      "type": "insert-node",
      "node": {
        "label": "height",
        "type": "FieldRead"
      },
      "location-after-char-start": 5599,
      "location-after-char-end": 5611,
      "node-str": "height"
    },
    {
      "type": "update-node",
      "node": {
        "label": "clientArea",
        "type": "VariableRead"
      },
      "location-before-char-start": 5453,
      "location-before-char-end": 5468,
      "location-after-char-start": 6042,
      "location-after-char-end": 6053,
      "node-str": "toolBarWidth"
    },
    {
      "type": "move-subtree",
      "node": {
        "label": "clientArea",
        "type": "VariableRead"
      },
      "location-before-char-start": 5453,
      "location-before-char-end": 5468,
      "location-after-char-start": 6042,
      "location-after-char-end": 6053,
      "node-str": "toolBarWidth"
    },
    {
      "type": "insert-node",
      "node": {
        "label": "getCanvas",
        "type": "Invocation"
      },
      "location-after-char-start": 5318,
      "location-after-char-end": 5344,
      "node-str": "getCanvas"
    },
    {
      "type": "insert-node",
      "node": {
        "label": "getCanvas",
        "type": "Invocation"
      },
      "location-after-char-start": 5389,
      "location-after-char-end": 5415,
      "node-str": "getCanvas"
    },
    {
      "type": "insert-node",
      "node": {
        "label": "width",
        "type": "FieldRead"
      },
      "location-after-char-start": 5457,
      "location-after-char-end": 5468,
      "node-str": "width"
    },
    {
      "type": "insert-node",
      "node": {
        "label": "CLIENT_INSET",
        "type": "FieldRead"
      },
      "location-after-char-start": 5472,
      "location-after-char-end": 5483,
      "node-str": "CLIENT_INSET"
    },
    {
      "type": "insert-node",
      "node": {
        "label": "x",
        "type": "FieldRead"
      },
      "location-after-char-start": 5524,
      "location-after-char-end": 5535,
      "node-str": "x"
    },
    {
      "type": "insert-node",
      "node": {
        "label": "toolBarWidth",
        "type": "VariableRead"
      },
      "location-after-char-start": 5539,
      "location-after-char-end": 5550,
      "node-str": "toolBarWidth"
    },
    {
      "type": "insert-node",
      "node": {
        "label": "clientArea",
        "type": "VariableRead"
      },
      "location-after-char-start": 5559,
      "location-after-char-end": 5570,
      "node-str": "clientArea"
    },
    {
      "type": "insert-node",
      "node": {
        "label": "bounds",
        "type": "VariableRead"
      },
      "location-after-char-start": 5579,
      "location-after-char-end": 5590,
      "node-str": "bounds"
    },
    {
      "type": "insert-node",
      "node": {
        "label": "bounds",
        "type": "VariableRead"
      },
      "location-after-char-start": 5599,
      "location-after-char-end": 5611,
      "node-str": "bounds"
    },
    {
      "type": "insert-node",
      "node": {
        "label": "progressControl",
        "type": "FieldRead"
      },
      "location-after-char-start": 5318,
      "location-after-char-end": 5332,
      "node-str": "progressControl"
    },
    {
      "type": "insert-node",
      "node": {
        "label": "progressControl",
        "type": "FieldRead"
      },
      "location-after-char-start": 5389,
      "location-after-char-end": 5403,
      "node-str": "progressControl"
    },
    {
      "type": "insert-node",
      "node": {
        "label": "bounds",
        "type": "VariableRead"
      },
      "location-after-char-start": 5457,
      "location-after-char-end": 5468,
      "node-str": "bounds"
    },
    {
      "type": "insert-node",
      "node": {
        "label": "clientArea",
        "type": "VariableRead"
      },
      "location-after-char-start": 5524,
      "location-after-char-end": 5535,
      "node-str": "clientArea"
    },
    {
      "type": "insert-node",
      "node": {
        "label": "org.eclipse.ui.internal.WorkbenchWindow",
        "type": "TypeAccess"
      },
      "location-after-char-start": 0,
      "location-after-char-end": 0,
      "node-str": "org.eclipse.ui.internal.WorkbenchWindow"
    },
    {
      "type": "insert-node",
      "node": {
        "label": "org.eclipse.ui.internal.WorkbenchWindow",
        "type": "TypeAccess"
      },
      "location-after-char-start": 0,
      "location-after-char-end": 0,
      "node-str": "org.eclipse.ui.internal.WorkbenchWindow"
    },
    {
      "type": "delete-node",
      "node": {
        "label": "public",
        "type": "Modifier"
      },
      "location-before-char-start": 0,
      "location-before-char-end": 0,
      "node-str": "public"
    },
    {
      "type": "delete-node",
      "node": {
        "label": "org.eclipse.jface.window.ApplicationWindow",
        "type": "SUPER_TYPE"
      },
      "location-before-char-start": 0,
      "location-before-char-end": 0,
      "node-str": "org.eclipse.jface.window.ApplicationWindow"
    },
    {
      "type": "delete-node",
      "node": {
        "label": "",
        "type": "TypeReference"
      },
      "location-before-char-start": 1707,
      "location-before-char-end": 1723,
      "node-str": ""
    },
    {
      "type": "delete-node",
      "node": {
        "label": "org.eclipse.ui.internal.ActionAndContextManager",
        "type": "VARIABLE_TYPE"
      },
      "location-before-char-start": 0,
      "location-before-char-end": 0,
      "node-str": "org.eclipse.ui.internal.ActionAndContextManager"
    },
    {
      "type": "delete-node",
      "node": {
        "label": "actionAndContextManager",
        "type": "Field"
      },
      "location-before-char-start": 1758,
      "location-before-char-end": 1813,
      "node-str": "actionAndContextManager"
    },
    {
      "type": "delete-node",
      "node": {
        "label": "org.eclipse.ui.commands.IActionService",
        "type": "VARIABLE_TYPE"
      },
      "location-before-char-start": 0,
      "location-before-char-end": 0,
      "node-str": "org.eclipse.ui.commands.IActionService"
    },
    {
      "type": "delete-node",
      "node": {
        "label": "actionService",
        "type": "Field"
      },
      "location-before-char-start": 1816,
      "location-before-char-end": 1852,
      "node-str": "actionService"
    },
    {
      "type": "delete-node",
      "node": {
        "label": "org.eclipse.ui.commands.IContextService",
        "type": "VARIABLE_TYPE"
      },
      "location-before-char-start": 0,
      "location-before-char-end": 0,
      "node-str": "org.eclipse.ui.commands.IContextService"
    },
    {
      "type": "delete-node",
      "node": {
        "label": "contextService",
        "type": "Field"
      },
      "location-before-char-start": 1855,
      "location-before-char-end": 1893,
      "node-str": "contextService"
    },
    {
      "type": "delete-node",
      "node": {
        "label": "int",
        "type": "VARIABLE_TYPE"
      },
      "location-before-char-start": 0,
      "location-before-char-end": 0,
      "node-str": "int"
    },
    {
      "type": "delete-node",
      "node": {
        "label": "number",
        "type": "Field"
      },
      "location-before-char-start": 1896,
      "location-before-char-end": 1914,
      "node-str": "number"
    },
    {
      "type": "delete-node",
      "node": {
        "label": "org.eclipse.ui.internal.Workbench",
        "type": "VARIABLE_TYPE"
      },
      "location-before-char-start": 0,
      "location-before-char-end": 0,
      "node-str": "org.eclipse.ui.internal.Workbench"
    },
    {
      "type": "delete-node",
      "node": {
        "label": "workbench",
        "type": "Field"
      },
      "location-before-char-start": 1917,
      "location-before-char-end": 1944,
      "node-str": "workbench"
    },
    {
      "type": "delete-node",
      "node": {
        "label": "org.eclipse.ui.internal.WorkbenchWindow$PageList",
        "type": "VARIABLE_TYPE"
      },
      "location-before-char-start": 0,
      "location-before-char-end": 0,
      "node-str": "org.eclipse.ui.internal.WorkbenchWindow$PageList"
    },
    {
      "type": "delete-node",
      "node": {
        "label": "org.eclipse.ui.internal.WorkbenchWindow$PageList()",
        "type": "ConstructorCall"
      },
      "location-before-char-start": 1975,
      "location-before-char-end": 1988,
      "node-str": "org.eclipse.ui.internal.WorkbenchWindow$PageList()"
    },
    {
      "type": "delete-node",
      "node": {
        "label": "pageList",
        "type": "Field"
      },
      "location-before-char-start": 1947,
      "location-before-char-end": 1989,
      "node-str": "pageList"
    },
    {
      "type": "delete-node",
      "node": {
        "label": "org.eclipse.ui.internal.PageListenerList",
        "type": "VARIABLE_TYPE"
      },
      "location-before-char-start": 0,
      "location-before-char-end": 0,
      "node-str": "org.eclipse.ui.internal.PageListenerList"
    },
    {
      "type": "delete-node",
      "node": {
        "label": "PageListenerList()",
        "type": "ConstructorCall"
      },
      "location-before-char-start": 2033,
      "location-before-char-end": 2054,
      "node-str": "PageListenerList()"
    },
    {
      "type": "delete-node",
      "node": {
        "label": "pageListeners",
        "type": "Field"
      },
      "location-before-char-start": 1992,
      "location-before-char-end": 2055,
      "node-str": "pageListeners"
    },
    {
      "type": "delete-node",
      "node": {
        "label": "org.eclipse.ui.internal.PerspectiveListenerListOld",
        "type": "VARIABLE_TYPE"
      },
      "location-before-char-start": 0,
      "location-before-char-end": 0,
      "node-str": "org.eclipse.ui.internal.PerspectiveListenerListOld"
    },
    {
      "type": "delete-node",
      "node": {
        "label": "PerspectiveListenerListOld()",
        "type": "ConstructorCall"
      },
      "location-before-char-start": 2118,
      "location-before-char-end": 2149,
      "node-str": "PerspectiveListenerListOld()"
    },
    {
      "type": "delete-node",
      "node": {
        "label": "perspectiveListeners",
        "type": "Field"
      },
      "location-before-char-start": 2058,
      "location-before-char-end": 2150,
      "node-str": "perspectiveListeners"
    },
    {
      "type": "delete-node",
      "node": {
        "label": "org.eclipse.ui.internal.IPartDropListener",
        "type": "VARIABLE_TYPE"
      },
      "location-before-char-start": 0,
      "location-before-char-end": 0,
      "node-str": "org.eclipse.ui.internal.IPartDropListener"
    },
    {
      "type": "delete-node",
      "node": {
        "label": "partDropListener",
        "type": "Field"
      },
      "location-before-char-start": 2153,
      "location-before-char-end": 2195,
      "node-str": "partDropListener"
    },
    {
      "type": "delete-node",
      "node": {
        "label": "org.eclipse.ui.internal.KeyBindingService",
        "type": "VARIABLE_TYPE"
      },
      "location-before-char-start": 0,
      "location-before-char-end": 0,
      "node-str": "org.eclipse.ui.internal.KeyBindingService"
    },
    {
      "type": "delete-node",
      "node": {
        "label": "keyBindingService",
        "type": "Field"
      },
      "location-before-char-start": 2287,
      "location-before-char-end": 2330,
      "node-str": "keyBindingService"
    },
    {
      "type": "delete-node",
      "node": {
        "label": "org.eclipse.ui.internal.ActionPresentation",
        "type": "VARIABLE_TYPE"
      },
      "location-before-char-start": 0,
      "location-before-char-end": 0,
      "node-str": "org.eclipse.ui.internal.ActionPresentation"
    },
    {
      "type": "delete-node",
      "node": {
        "label": "actionPresentation",
        "type": "Field"
      },
      "location-before-char-start": 2399,
      "location-before-char-end": 2444,
      "node-str": "actionPresentation"
    },
    {
      "type": "delete-node",
      "node": {
        "label": "org.eclipse.ui.internal.WWinActionBars",
        "type": "VARIABLE_TYPE"
      },
      "location-before-char-start": 0,
      "location-before-char-end": 0,
      "node-str": "org.eclipse.ui.internal.WWinActionBars"
    },
    {
      "type": "delete-node",
      "node": {
        "label": "actionBars",
        "type": "Field"
      },
      "location-before-char-start": 2447,
      "location-before-char-end": 2480,
      "node-str": "actionBars"
    },
    {
      "type": "delete-node",
      "node": {
        "label": "org.eclipse.ui.internal.Label",
        "type": "VARIABLE_TYPE"
      },
      "location-before-char-start": 0,
      "location-before-char-end": 0,
      "node-str": "org.eclipse.ui.internal.Label"
    },
    {
      "type": "delete-node",
      "node": {
        "label": "separator2",
        "type": "Field"
      },
      "location-before-char-start": 2483,
      "location-before-char-end": 2507,
      "node-str": "separator2"
    },
    {
      "type": "delete-node",
      "node": {
        "label": "org.eclipse.ui.internal.Label",
        "type": "VARIABLE_TYPE"
      },
      "location-before-char-start": 0,
      "location-before-char-end": 0,
      "node-str": "org.eclipse.ui.internal.Label"
    },
    {
      "type": "delete-node",
      "node": {
        "label": "separator3",
        "type": "Field"
      },
      "location-before-char-start": 2510,
      "location-before-char-end": 2534,
      "node-str": "separator3"
    },
    {
      "type": "delete-node",
      "node": {
        "label": "org.eclipse.ui.internal.ToolBarManager",
        "type": "VARIABLE_TYPE"
      },
      "location-before-char-start": 0,
      "location-before-char-end": 0,
      "node-str": "org.eclipse.ui.internal.ToolBarManager"
    },
    {
      "type": "delete-node",
      "node": {
        "label": "shortcutBar",
        "type": "Field"
      },
      "location-before-char-start": 2537,
      "location-before-char-end": 2571,
      "node-str": "shortcutBar"
    },
    {
      "type": "delete-node",
      "node": {
        "label": "org.eclipse.ui.internal.ShortcutBarPart",
        "type": "VARIABLE_TYPE"
      },
      "location-before-char-start": 0,
      "location-before-char-end": 0,
      "node-str": "org.eclipse.ui.internal.ShortcutBarPart"
    },
    {
      "type": "delete-node",
      "node": {
        "label": "shortcutBarPart",
        "type": "Field"
      },
      "location-before-char-start": 2574,
      "location-before-char-end": 2613,
      "node-str": "shortcutBarPart"
    },
    {
      "type": "delete-node",
      "node": {
        "label": "org.eclipse.ui.internal.ShortcutBarPartDragDrop",
        "type": "VARIABLE_TYPE"
      },
      "location-before-char-start": 0,
      "location-before-char-end": 0,
      "node-str": "org.eclipse.ui.internal.ShortcutBarPartDragDrop"
    },
    {
      "type": "delete-node",
      "node": {
        "label": "shortcutDND",
        "type": "Field"
      },
      "location-before-char-start": 2616,
      "location-before-char-end": 2659,
      "node-str": "shortcutDND"
    },
    {
      "type": "delete-node",
      "node": {
        "label": "org.eclipse.ui.internal.WorkbenchActionBuilder",
        "type": "VARIABLE_TYPE"
      },
      "location-before-char-start": 0,
      "location-before-char-end": 0,
      "node-str": "org.eclipse.ui.internal.WorkbenchActionBuilder"
    },
    {
      "type": "delete-node",
      "node": {
        "label": "actionBuilder",
        "type": "Field"
      },
      "location-before-char-start": 2662,
      "location-before-char-end": 2706,
      "node-str": "actionBuilder"
    },
    {
      "type": "delete-node",
      "node": {
        "label": "boolean",
        "type": "VARIABLE_TYPE"
      },
      "location-before-char-start": 0,
      "location-before-char-end": 0,
      "node-str": "boolean"
    },
    {
      "type": "delete-node",
      "node": {
        "label": "true",
        "type": "Literal"
      },
      "location-before-char-start": 2742,
      "location-before-char-end": 2745,
      "node-str": "true"
    },
    {
      "type": "delete-node",
      "node": {
        "label": "updateDisabled",
        "type": "Field"
      },
      "location-before-char-start": 2709,
      "location-before-char-end": 2746,
      "node-str": "updateDisabled"
    },
    {
      "type": "delete-node",
      "node": {
        "label": "boolean",
        "type": "VARIABLE_TYPE"
      },
      "location-before-char-start": 0,
      "location-before-char-end": 0,
      "node-str": "boolean"
    },
    {
      "type": "delete-node",
      "node": {
        "label": "false",
        "type": "Literal"
      },
      "location-before-char-start": 2775,
      "location-before-char-end": 2779,
      "node-str": "false"
    },
    {
      "type": "delete-node",
      "node": {
        "label": "closing",
        "type": "Field"
      },
      "location-before-char-start": 2749,
      "location-before-char-end": 2780,
      "node-str": "closing"
    },
    {
      "type": "delete-node",
      "node": {
        "label": "boolean",
        "type": "VARIABLE_TYPE"
      },
      "location-before-char-start": 0,
      "location-before-char-end": 0,
      "node-str": "boolean"
    },
    {
      "type": "delete-node",
      "node": {
        "label": "false",
        "type": "Literal"
      },
      "location-before-char-start": 2816,
      "location-before-char-end": 2820,
      "node-str": "false"
    },
    {
      "type": "delete-node",
      "node": {
        "label": "shellActivated",
        "type": "Field"
      },
      "location-before-char-start": 2783,
      "location-before-char-end": 2821,
      "node-str": "shellActivated"
    },
    {
      "type": "delete-node",
      "node": {
        "label": "java.lang.String",
        "type": "VARIABLE_TYPE"
      },
      "location-before-char-start": 0,
      "location-before-char-end": 0,
      "node-str": "java.lang.String"
    },
    {
      "type": "delete-node",
      "node": {
        "label": "workspaceLocation",
        "type": "Field"
      },
      "location-before-char-start": 2824,
      "location-before-char-end": 2856,
      "node-str": "workspaceLocation"
    },
    {
      "type": "delete-node",
      "node": {
        "label": "org.eclipse.ui.internal.Menu",
        "type": "VARIABLE_TYPE"
      },
      "location-before-char-start": 0,
      "location-before-char-end": 0,
      "node-str": "org.eclipse.ui.internal.Menu"
    },
    {
      "type": "delete-node",
      "node": {
        "label": "perspectiveBarMenu",
        "type": "Field"
      },
      "location-before-char-start": 2859,
      "location-before-char-end": 2890,
      "node-str": "perspectiveBarMenu"
    },
    {
      "type": "delete-node",
      "node": {
        "label": "org.eclipse.ui.internal.Menu",
        "type": "VARIABLE_TYPE"
      },
      "location-before-char-start": 0,
      "location-before-char-end": 0,
      "node-str": "org.eclipse.ui.internal.Menu"
    },
    {
      "type": "delete-node",
      "node": {
        "label": "fastViewBarMenu",
        "type": "Field"
      },
      "location-before-char-start": 2893,
      "location-before-char-end": 2921,
      "node-str": "fastViewBarMenu"
    },
    {
      "type": "delete-node",
      "node": {
        "label": "org.eclipse.ui.internal.MenuItem",
        "type": "VARIABLE_TYPE"
      },
      "location-before-char-start": 0,
      "location-before-char-end": 0,
      "node-str": "org.eclipse.ui.internal.MenuItem"
    },
    {
      "type": "delete-node",
      "node": {
        "label": "restoreItem",
        "type": "Field"
      },
      "location-before-char-start": 2924,
      "location-before-char-end": 2952,
      "node-str": "restoreItem"
    },
    {
      "type": "delete-node",
      "node": {
        "label": "org.eclipse.ui.internal.CoolBarManager",
        "type": "VARIABLE_TYPE"
      },
      "location-before-char-start": 0,
      "location-before-char-end": 0,
      "node-str": "org.eclipse.ui.internal.CoolBarManager"
    },
    {
      "type": "delete-node",
      "node": {
        "label": "CoolBarManager()",
        "type": "ConstructorCall"
      },
      "location-before-char-start": 2996,
      "location-before-char-end": 3015,
      "node-str": "CoolBarManager()"
    },
    {
      "type": "delete-node",
      "node": {
        "label": "coolBarManager",
        "type": "Field"
      },
      "location-before-char-start": 2956,
      "location-before-char-end": 3016,
      "node-str": "coolBarManager"
    },
    {
      "type": "delete-node",
      "node": {
        "label": "org.eclipse.ui.internal.Label",
        "type": "VARIABLE_TYPE"
      },
      "location-before-char-start": 0,
      "location-before-char-end": 0,
      "node-str": "org.eclipse.ui.internal.Label"
    },
    {
      "type": "delete-node",
      "node": {
        "label": "noOpenPerspective",
        "type": "Field"
      },
      "location-before-char-start": 3019,
      "location-before-char-end": 3050,
      "node-str": "noOpenPerspective"
    },
    {
      "type": "delete-node",
      "node": {
        "label": "boolean",
        "type": "VARIABLE_TYPE"
      },
      "location-before-char-start": 0,
      "location-before-char-end": 0,
      "node-str": "boolean"
    },
    {
      "type": "delete-node",
      "node": {
        "label": "true",
        "type": "Literal"
      },
      "location-before-char-start": 3087,
      "location-before-char-end": 3090,
      "node-str": "true"
    },
    {
      "type": "delete-node",
      "node": {
        "label": "showShortcutBar",
        "type": "Field"
      },
      "location-before-char-start": 3053,
      "location-before-char-end": 3091,
      "node-str": "showShortcutBar"
    },
    {
      "type": "delete-node",
      "node": {
        "label": "boolean",
        "type": "VARIABLE_TYPE"
      },
      "location-before-char-start": 0,
      "location-before-char-end": 0,
      "node-str": "boolean"
    },
    {
      "type": "delete-node",
      "node": {
        "label": "true",
        "type": "Literal"
      },
      "location-before-char-start": 3127,
      "location-before-char-end": 3130,
      "node-str": "true"
    },
    {
      "type": "delete-node",
      "node": {
        "label": "showStatusLine",
        "type": "Field"
      },
      "location-before-char-start": 3094,
      "location-before-char-end": 3131,
      "node-str": "showStatusLine"
    },
    {
      "type": "delete-node",
      "node": {
        "label": "boolean",
        "type": "VARIABLE_TYPE"
      },
      "location-before-char-start": 0,
      "location-before-char-end": 0,
      "node-str": "boolean"
    },
    {
      "type": "delete-node",
      "node": {
        "label": "true",
        "type": "Literal"
      },
      "location-before-char-start": 3164,
      "location-before-char-end": 3167,
      "node-str": "true"
    },
    {
      "type": "delete-node",
      "node": {
        "label": "showToolBar",
        "type": "Field"
      },
      "location-before-char-start": 3134,
      "location-before-char-end": 3168,
      "node-str": "showToolBar"
    },
    {
      "type": "delete-node",
      "node": {
        "label": "org.eclipse.swt.graphics.Rectangle",
        "type": "VARIABLE_TYPE"
      },
      "location-before-char-start": 0,
      "location-before-char-end": 0,
      "node-str": "org.eclipse.swt.graphics.Rectangle"
    },
    {
      "type": "delete-node",
      "node": {
        "label": "normalBounds",
        "type": "Field"
      },
      "location-before-char-start": 3171,
      "location-before-char-end": 3201,
      "node-str": "normalBounds"
    },
    {
      "type": "delete-node",
      "node": {
        "label": "boolean",
        "type": "VARIABLE_TYPE"
      },
      "location-before-char-start": 0,
      "location-before-char-end": 0,
      "node-str": "boolean"
    },
    {
      "type": "delete-node",
      "node": {
        "label": "false",
        "type": "Literal"
      },
      "location-before-char-start": 3239,
      "location-before-char-end": 3243,
      "node-str": "false"
    },
    {
      "type": "delete-node",
      "node": {
        "label": "asMaximizedState",
        "type": "Field"
      },
      "location-before-char-start": 3204,
      "location-before-char-end": 3244,
      "node-str": "asMaximizedState"
    },
    {
      "type": "delete-node",
      "node": {
        "label": "Layout",
        "type": "SUPER_TYPE"
      },
      "location-before-char-start": 0,
      "location-before-char-end": 0,
      "node-str": "Layout"
    },
    {
      "type": "delete-node",
      "node": {
        "label": "",
        "type": "TypeReference"
      },
      "location-before-char-start": 3712,
      "location-before-char-end": 3717,
      "node-str": ""
    },
    {
      "type": "delete-node",
      "node": {
        "label": "void",
        "type": "RETURN_TYPE"
      },
      "location-before-char-start": 0,
      "location-before-char-end": 0,
      "node-str": "void"
    },
    {
      "type": "delete-node",
      "node": {
        "label": "protected",
        "type": "Modifier"
      },
      "location-before-char-start": 0,
      "location-before-char-end": 0,
      "node-str": "protected"
    },
    {
      "type": "delete-node",
      "node": {
        "label": "Composite",
        "type": "VARIABLE_TYPE"
      },
      "location-before-char-start": 0,
      "location-before-char-end": 0,
      "node-str": "Composite"
    },
    {
      "type": "delete-node",
      "node": {
        "label": "composite",
        "type": "Parameter"
      },
      "location-before-char-start": 4636,
      "location-before-char-end": 4654,
      "node-str": "composite"
    },
    {
      "type": "delete-node",
      "node": {
        "label": "boolean",
        "type": "VARIABLE_TYPE"
      },
      "location-before-char-start": 0,
      "location-before-char-end": 0,
      "node-str": "boolean"
    },
    {
      "type": "delete-node",
      "node": {
        "label": "flushCache",
        "type": "Parameter"
      },
      "location-before-char-start": 4657,
      "location-before-char-end": 4674,
      "node-str": "flushCache"
    },
    {
      "type": "delete-node",
      "node": {
        "label": "width",
        "type": "FieldRead"
      },
      "location-before-char-start": 5453,
      "location-before-char-end": 5468,
      "node-str": "width"
    },
    {
      "type": "delete-node",
      "node": {
        "label": "java.util.SortedMap",
        "type": "VARIABLE_TYPE"
      },
      "location-before-char-start": 0,
      "location-before-char-end": 0,
      "node-str": "java.util.SortedMap"
    },
    {
      "type": "delete-node",
      "node": {
        "label": "java.util.TreeMap()",
        "type": "ConstructorCall"
      },
      "location-before-char-start": 10557,
      "location-before-char-end": 10569,
      "node-str": "java.util.TreeMap()"
    },
    {
      "type": "delete-node",
      "node": {
        "label": "actionSetsCommandIdToActionMap",
        "type": "Field"
      },
      "location-before-char-start": 10506,
      "location-before-char-end": 10570,
      "node-str": "actionSetsCommandIdToActionMap"
    },
    {
      "type": "delete-node",
      "node": {
        "label": "java.util.SortedMap",
        "type": "VARIABLE_TYPE"
      },
      "location-before-char-start": 0,
      "location-before-char-end": 0,
      "node-str": "java.util.SortedMap"
    },
    {
      "type": "delete-node",
      "node": {
        "label": "java.util.TreeMap()",
        "type": "ConstructorCall"
      },
      "location-before-char-start": 10627,
      "location-before-char-end": 10639,
      "node-str": "java.util.TreeMap()"
    },
    {
      "type": "delete-node",
      "node": {
        "label": "globalActionsCommandIdToActionMap",
        "type": "Field"
      },
      "location-before-char-start": 10573,
      "location-before-char-end": 10640,
      "node-str": "globalActionsCommandIdToActionMap"
    }
  ],
  "before-file": {},
  "after-file": {},
  "mapping": {}
}