{
  "tool-info": {},
  "diff": [
    {
      "type": "insert-node",
      "node": {
        "label": "public",
        "type": "Modifier"
      },
      "location-after-char-start": 0,
      "location-after-char-end": 0,
      "node-str": "public"
    },
    {
      "type": "insert-node",
      "node": {
        "label": "",
        "type": "TypeReference"
      },
      "location-after-char-start": 3803,
      "location-after-char-end": 3825,
      "node-str": ""
    },
    {
      "type": "insert-node",
      "node": {
        "label": "window",
        "type": "Field"
      },
      "location-after-char-start": 3856,
      "location-after-char-end": 3886,
      "node-str": "window"
    },
    {
      "type": "insert-node",
      "node": {
        "label": "input",
        "type": "Field"
      },
      "location-after-char-start": 3889,
      "location-after-char-end": 3913,
      "node-str": "input"
    },
    {
      "type": "insert-node",
      "node": {
        "label": "workingSet",
        "type": "Field"
      },
      "location-after-char-start": 3916,
      "location-after-char-end": 3946,
      "node-str": "workingSet"
    },
    {
      "type": "insert-node",
      "node": {
        "label": "composite",
        "type": "Field"
      },
      "location-after-char-start": 3949,
      "location-after-char-end": 3976,
      "node-str": "composite"
    },
    {
      "type": "insert-node",
      "node": {
        "label": "resizeListener",
        "type": "Field"
      },
      "location-after-char-start": 3979,
      "location-after-char-end": 4017,
      "node-str": "resizeListener"
    },
    {
      "type": "insert-node",
      "node": {
        "label": "activePart",
        "type": "Field"
      },
      "location-after-char-start": 4020,
      "location-after-char-end": 4053,
      "node-str": "activePart"
    },
    {
      "type": "insert-node",
      "node": {
        "label": "activationList",
        "type": "Field"
      },
      "location-after-char-start": 4056,
      "location-after-char-end": 4181,
      "node-str": "activationList"
    },
    {
      "type": "insert-node",
      "node": {
        "label": "lastActiveEditor",
        "type": "Field"
      },
      "location-after-char-start": 4184,
      "location-after-char-end": 4220,
      "node-str": "lastActiveEditor"
    },
    {
      "type": "insert-node",
      "node": {
        "label": "editorMgr",
        "type": "Field"
      },
      "location-after-char-start": 4223,
      "location-after-char-end": 4254,
      "node-str": "editorMgr"
    },
    {
      "type": "insert-node",
      "node": {
        "label": "editorPresentation",
        "type": "Field"
      },
      "location-after-char-start": 4257,
      "location-after-char-end": 4300,
      "node-str": "editorPresentation"
    },
    {
      "type": "insert-node",
      "node": {
        "label": "partListeners",
        "type": "Field"
      },
      "location-after-char-start": 4303,
      "location-after-char-end": 4366,
      "node-str": "partListeners"
    },
    {
      "type": "insert-node",
      "node": {
        "label": "partListeners2",
        "type": "Field"
      },
      "location-after-char-start": 4369,
      "location-after-char-end": 4435,
      "node-str": "partListeners2"
    },
    {
      "type": "insert-node",
      "node": {
        "label": "propertyChangeListeners",
        "type": "Field"
      },
      "location-after-char-start": 4438,
      "location-after-char-end": 4503,
      "node-str": "propertyChangeListeners"
    },
    {
      "type": "insert-node",
      "node": {
        "label": "actionBars",
        "type": "Field"
      },
      "location-after-char-start": 4589,
      "location-after-char-end": 4619,
      "node-str": "actionBars"
    },
    {
      "type": "insert-node",
      "node": {
        "label": "viewFactory",
        "type": "Field"
      },
      "location-after-char-start": 4622,
      "location-after-char-end": 4653,
      "node-str": "viewFactory"
    },
    {
      "type": "insert-node",
      "node": {
        "label": "perspList",
        "type": "Field"
      },
      "location-after-char-start": 4656,
      "location-after-char-end": 4713,
      "node-str": "perspList"
    },
    {
      "type": "insert-node",
      "node": {
        "label": "deferredActivePersp",
        "type": "Field"
      },
      "location-after-char-start": 4716,
      "location-after-char-end": 4765,
      "node-str": "deferredActivePersp"
    },
    {
      "type": "insert-node",
      "node": {
        "label": "stateMap",
        "type": "Field"
      },
      "location-after-char-start": 4844,
      "location-after-char-end": 4953,
      "node-str": "stateMap"
    },
    {
      "type": "insert-node",
      "node": {
        "label": "stickyPerspectives",
        "type": "Field"
      },
      "location-after-char-start": 6300,
      "location-after-char-end": 6422,
      "node-str": "stickyPerspectives"
    },
    {
      "type": "insert-node",
      "node": {
        "label": "actionSwitcher",
        "type": "Field"
      },
      "location-after-char-start": 6427,
      "location-after-char-end": 6487,
      "node-str": "actionSwitcher"
    },
    {
      "type": "insert-node",
      "node": {
        "label": "org.eclipse.ui.internal.CompatibleWorkbenchPage",
        "type": "SUPER_TYPE"
      },
      "location-after-char-start": 0,
      "location-after-char-end": 0,
      "node-str": "org.eclipse.ui.internal.CompatibleWorkbenchPage"
    },
    {
      "type": "insert-node",
      "node": {
        "label": "org.eclipse.ui.internal.WorkbenchWindow",
        "type": "VARIABLE_TYPE"
      },
      "location-after-char-start": 0,
      "location-after-char-end": 0,
      "node-str": "org.eclipse.ui.internal.WorkbenchWindow"
    },
    {
      "type": "insert-node",
      "node": {
        "label": "org.eclipse.core.runtime.IAdaptable",
        "type": "VARIABLE_TYPE"
      },
      "location-after-char-start": 0,
      "location-after-char-end": 0,
      "node-str": "org.eclipse.core.runtime.IAdaptable"
    },
    {
      "type": "insert-node",
      "node": {
        "label": "org.eclipse.ui.IWorkingSet",
        "type": "VARIABLE_TYPE"
      },
      "location-after-char-start": 0,
      "location-after-char-end": 0,
      "node-str": "org.eclipse.ui.IWorkingSet"
    },
    {
      "type": "insert-node",
      "node": {
        "label": "org.eclipse.swt.widgets.Composite",
        "type": "VARIABLE_TYPE"
      },
      "location-after-char-start": 0,
      "location-after-char-end": 0,
      "node-str": "org.eclipse.swt.widgets.Composite"
    },
    {
      "type": "insert-node",
      "node": {
        "label": "org.eclipse.swt.events.ControlListener",
        "type": "VARIABLE_TYPE"
      },
      "location-after-char-start": 0,
      "location-after-char-end": 0,
      "node-str": "org.eclipse.swt.events.ControlListener"
    },
    {
      "type": "insert-node",
      "node": {
        "label": "org.eclipse.ui.IWorkbenchPart",
        "type": "VARIABLE_TYPE"
      },
      "location-after-char-start": 0,
      "location-after-char-end": 0,
      "node-str": "org.eclipse.ui.IWorkbenchPart"
    },
    {
      "type": "insert-node",
      "node": {
        "label": "org.eclipse.ui.internal.WorkbenchPage$ActivationList",
        "type": "VARIABLE_TYPE"
      },
      "location-after-char-start": 0,
      "location-after-char-end": 0,
      "node-str": "org.eclipse.ui.internal.WorkbenchPage$ActivationList"
    },
    {
      "type": "insert-node",
      "node": {
        "label": "org.eclipse.ui.internal.WorkbenchPage$ActivationList()",
        "type": "ConstructorCall"
      },
      "location-after-char-start": 4161,
      "location-after-char-end": 4180,
      "node-str": "org.eclipse.ui.internal.WorkbenchPage$ActivationList()"
    },
    {
      "type": "insert-node",
      "node": {
        "label": "org.eclipse.ui.IEditorPart",
        "type": "VARIABLE_TYPE"
      },
      "location-after-char-start": 0,
      "location-after-char-end": 0,
      "node-str": "org.eclipse.ui.IEditorPart"
    },
    {
      "type": "insert-node",
      "node": {
        "label": "org.eclipse.ui.internal.EditorManager",
        "type": "VARIABLE_TYPE"
      },
      "location-after-char-start": 0,
      "location-after-char-end": 0,
      "node-str": "org.eclipse.ui.internal.EditorManager"
    },
    {
      "type": "insert-node",
      "node": {
        "label": "org.eclipse.ui.internal.EditorAreaHelper",
        "type": "VARIABLE_TYPE"
      },
      "location-after-char-start": 0,
      "location-after-char-end": 0,
      "node-str": "org.eclipse.ui.internal.EditorAreaHelper"
    },
    {
      "type": "insert-node",
      "node": {
        "label": "org.eclipse.ui.internal.PartListenerList",
        "type": "VARIABLE_TYPE"
      },
      "location-after-char-start": 0,
      "location-after-char-end": 0,
      "node-str": "org.eclipse.ui.internal.PartListenerList"
    },
    {
      "type": "insert-node",
      "node": {
        "label": "org.eclipse.ui.internal.PartListenerList()",
        "type": "ConstructorCall"
      },
      "location-after-char-start": 4344,
      "location-after-char-end": 4365,
      "node-str": "org.eclipse.ui.internal.PartListenerList()"
    },
    {
      "type": "insert-node",
      "node": {
        "label": "org.eclipse.ui.internal.PartListenerList2",
        "type": "VARIABLE_TYPE"
      },
      "location-after-char-start": 0,
      "location-after-char-end": 0,
      "node-str": "org.eclipse.ui.internal.PartListenerList2"
    },
    {
      "type": "insert-node",
      "node": {
        "label": "org.eclipse.ui.internal.PartListenerList2()",
        "type": "ConstructorCall"
      },
      "location-after-char-start": 4412,
      "location-after-char-end": 4434,
      "node-str": "org.eclipse.ui.internal.PartListenerList2()"
    },
    {
      "type": "insert-node",
      "node": {
        "label": "org.eclipse.jface.util.ListenerList",
        "type": "VARIABLE_TYPE"
      },
      "location-after-char-start": 0,
      "location-after-char-end": 0,
      "node-str": "org.eclipse.jface.util.ListenerList"
    },
    {
      "type": "insert-node",
      "node": {
        "label": "org.eclipse.jface.util.ListenerList()",
        "type": "ConstructorCall"
      },
      "location-after-char-start": 4485,
      "location-after-char-end": 4502,
      "node-str": "org.eclipse.jface.util.ListenerList()"
    },
    {
      "type": "insert-node",
      "node": {
        "label": "org.eclipse.ui.IActionBars",
        "type": "VARIABLE_TYPE"
      },
      "location-after-char-start": 0,
      "location-after-char-end": 0,
      "node-str": "org.eclipse.ui.IActionBars"
    },
    {
      "type": "insert-node",
      "node": {
        "label": "org.eclipse.ui.internal.ViewFactory",
        "type": "VARIABLE_TYPE"
      },
      "location-after-char-start": 0,
      "location-after-char-end": 0,
      "node-str": "org.eclipse.ui.internal.ViewFactory"
    },
    {
      "type": "insert-node",
      "node": {
        "label": "org.eclipse.ui.internal.WorkbenchPage$PerspectiveList",
        "type": "VARIABLE_TYPE"
      },
      "location-after-char-start": 0,
      "location-after-char-end": 0,
      "node-str": "org.eclipse.ui.internal.WorkbenchPage$PerspectiveList"
    },
    {
      "type": "insert-node",
      "node": {
        "label": "org.eclipse.ui.internal.WorkbenchPage$PerspectiveList()",
        "type": "ConstructorCall"
      },
      "location-after-char-start": 4692,
      "location-after-char-end": 4712,
      "node-str": "org.eclipse.ui.internal.WorkbenchPage$PerspectiveList()"
    },
    {
      "type": "insert-node",
      "node": {
        "label": "org.eclipse.ui.internal.registry.PerspectiveDescriptor",
        "type": "VARIABLE_TYPE"
      },
      "location-after-char-start": 0,
      "location-after-char-end": 0,
      "node-str": "org.eclipse.ui.internal.registry.PerspectiveDescriptor"
    },
    {
      "type": "insert-node",
      "node": {
        "label": "java.util.HashMap",
        "type": "VARIABLE_TYPE"
      },
      "location-after-char-start": 0,
      "location-after-char-end": 0,
      "node-str": "java.util.HashMap"
    },
    {
      "type": "insert-node",
      "node": {
        "label": "java.util.HashMap()",
        "type": "ConstructorCall"
      },
      "location-after-char-start": 4940,
      "location-after-char-end": 4952,
      "node-str": "java.util.HashMap()"
    },
    {
      "type": "insert-node",
      "node": {
        "label": "java.util.Set",
        "type": "VARIABLE_TYPE"
      },
      "location-after-char-start": 0,
      "location-after-char-end": 0,
      "node-str": "java.util.Set"
    },
    {
      "type": "insert-node",
      "node": {
        "label": "java.util.HashSet(int)",
        "type": "ConstructorCall"
      },
      "location-after-char-start": 6408,
      "location-after-char-end": 6421,
      "node-str": "java.util.HashSet(int)"
    },
    {
      "type": "insert-node",
      "node": {
        "label": "org.eclipse.ui.internal.WorkbenchPage$ActionSwitcher",
        "type": "VARIABLE_TYPE"
      },
      "location-after-char-start": 0,
      "location-after-char-end": 0,
      "node-str": "org.eclipse.ui.internal.WorkbenchPage$ActionSwitcher"
    },
    {
      "type": "insert-node",
      "node": {
        "label": "org.eclipse.ui.internal.WorkbenchPage$ActionSwitcher()",
        "type": "ConstructorCall"
      },
      "location-after-char-start": 6467,
      "location-after-char-end": 6486,
      "node-str": "org.eclipse.ui.internal.WorkbenchPage$ActionSwitcher()"
    },
    {
      "type": "move-subtree",
      "node": {
        "label": "item",
        "type": "LocalVariable"
      },
      "location-before-char-start": 20855,
      "location-before-char-end": 20940,
      "location-after-char-start": 21335,
      "location-after-char-end": 21420,
      "node-str": "item"
    },
    {
      "type": "insert-node",
      "node": {
        "label": "7",
        "type": "Literal"
      },
      "location-after-char-start": 6420,
      "location-after-char-end": 6420,
      "node-str": "7"
    },
    {
      "type": "insert-node",
      "node": {
        "label": "if",
        "type": "If"
      },
      "location-after-char-start": 21425,
      "location-after-char-end": 21528,
      "node-str": "if"
    },
    {
      "type": "insert-node",
      "node": {
        "label": "NE",
        "type": "BinaryOperator"
      },
      "location-after-char-start": 21429,
      "location-after-char-end": 21440,
      "node-str": "NE"
    },
    {
      "type": "insert-node",
      "node": {
        "label": "THEN",
        "type": "then"
      },
      "location-after-char-start": 21443,
      "location-after-char-end": 21528,
      "node-str": "THEN"
    },
    {
      "type": "insert-node",
      "node": {
        "label": "item",
        "type": "VariableRead"
      },
      "location-after-char-start": 21429,
      "location-after-char-end": 21432,
      "node-str": "item"
    },
    {
      "type": "insert-node",
      "node": {
        "label": "null",
        "type": "Literal"
      },
      "location-after-char-start": 21437,
      "location-after-char-end": 21440,
      "node-str": "null"
    },
    {
      "type": "move-subtree",
      "node": {
        "label": "setPerspective",
        "type": "Invocation"
      },
      "location-before-char-start": 21460,
      "location-before-char-end": 21534,
      "location-after-char-start": 21449,
      "location-after-char-end": 21523,
      "node-str": "setPerspective"
    },
    {
      "type": "delete-node",
      "node": {
        "label": "public",
        "type": "Modifier"
      },
      "location-before-char-start": 0,
      "location-before-char-end": 0,
      "node-str": "public"
    },
    {
      "type": "delete-node",
      "node": {
        "label": "org.eclipse.ui.internal.CompatibleWorkbenchPage",
        "type": "SUPER_TYPE"
      },
      "location-before-char-start": 0,
      "location-before-char-end": 0,
      "node-str": "org.eclipse.ui.internal.CompatibleWorkbenchPage"
    },
    {
      "type": "delete-node",
      "node": {
        "label": "",
        "type": "TypeReference"
      },
      "location-before-char-start": 3803,
      "location-before-char-end": 3825,
      "node-str": ""
    },
    {
      "type": "delete-node",
      "node": {
        "label": "org.eclipse.ui.internal.WorkbenchWindow",
        "type": "VARIABLE_TYPE"
      },
      "location-before-char-start": 0,
      "location-before-char-end": 0,
      "node-str": "org.eclipse.ui.internal.WorkbenchWindow"
    },
    {
      "type": "delete-node",
      "node": {
        "label": "window",
        "type": "Field"
      },
      "location-before-char-start": 3856,
      "location-before-char-end": 3886,
      "node-str": "window"
    },
    {
      "type": "delete-node",
      "node": {
        "label": "org.eclipse.core.runtime.IAdaptable",
        "type": "VARIABLE_TYPE"
      },
      "location-before-char-start": 0,
      "location-before-char-end": 0,
      "node-str": "org.eclipse.core.runtime.IAdaptable"
    },
    {
      "type": "delete-node",
      "node": {
        "label": "input",
        "type": "Field"
      },
      "location-before-char-start": 3889,
      "location-before-char-end": 3913,
      "node-str": "input"
    },
    {
      "type": "delete-node",
      "node": {
        "label": "org.eclipse.ui.IWorkingSet",
        "type": "VARIABLE_TYPE"
      },
      "location-before-char-start": 0,
      "location-before-char-end": 0,
      "node-str": "org.eclipse.ui.IWorkingSet"
    },
    {
      "type": "delete-node",
      "node": {
        "label": "workingSet",
        "type": "Field"
      },
      "location-before-char-start": 3916,
      "location-before-char-end": 3946,
      "node-str": "workingSet"
    },
    {
      "type": "delete-node",
      "node": {
        "label": "org.eclipse.swt.widgets.Composite",
        "type": "VARIABLE_TYPE"
      },
      "location-before-char-start": 0,
      "location-before-char-end": 0,
      "node-str": "org.eclipse.swt.widgets.Composite"
    },
    {
      "type": "delete-node",
      "node": {
        "label": "composite",
        "type": "Field"
      },
      "location-before-char-start": 3949,
      "location-before-char-end": 3976,
      "node-str": "composite"
    },
    {
      "type": "delete-node",
      "node": {
        "label": "org.eclipse.swt.events.ControlListener",
        "type": "VARIABLE_TYPE"
      },
      "location-before-char-start": 0,
      "location-before-char-end": 0,
      "node-str": "org.eclipse.swt.events.ControlListener"
    },
    {
      "type": "delete-node",
      "node": {
        "label": "resizeListener",
        "type": "Field"
      },
      "location-before-char-start": 3979,
      "location-before-char-end": 4017,
      "node-str": "resizeListener"
    },
    {
      "type": "delete-node",
      "node": {
        "label": "org.eclipse.ui.IWorkbenchPart",
        "type": "VARIABLE_TYPE"
      },
      "location-before-char-start": 0,
      "location-before-char-end": 0,
      "node-str": "org.eclipse.ui.IWorkbenchPart"
    },
    {
      "type": "delete-node",
      "node": {
        "label": "activePart",
        "type": "Field"
      },
      "location-before-char-start": 4020,
      "location-before-char-end": 4053,
      "node-str": "activePart"
    },
    {
      "type": "delete-node",
      "node": {
        "label": "org.eclipse.ui.internal.WorkbenchPage$ActivationList",
        "type": "VARIABLE_TYPE"
      },
      "location-before-char-start": 0,
      "location-before-char-end": 0,
      "node-str": "org.eclipse.ui.internal.WorkbenchPage$ActivationList"
    },
    {
      "type": "delete-node",
      "node": {
        "label": "org.eclipse.ui.internal.WorkbenchPage$ActivationList()",
        "type": "ConstructorCall"
      },
      "location-before-char-start": 4161,
      "location-before-char-end": 4180,
      "node-str": "org.eclipse.ui.internal.WorkbenchPage$ActivationList()"
    },
    {
      "type": "delete-node",
      "node": {
        "label": "activationList",
        "type": "Field"
      },
      "location-before-char-start": 4056,
      "location-before-char-end": 4181,
      "node-str": "activationList"
    },
    {
      "type": "delete-node",
      "node": {
        "label": "org.eclipse.ui.IEditorPart",
        "type": "VARIABLE_TYPE"
      },
      "location-before-char-start": 0,
      "location-before-char-end": 0,
      "node-str": "org.eclipse.ui.IEditorPart"
    },
    {
      "type": "delete-node",
      "node": {
        "label": "lastActiveEditor",
        "type": "Field"
      },
      "location-before-char-start": 4184,
      "location-before-char-end": 4220,
      "node-str": "lastActiveEditor"
    },
    {
      "type": "delete-node",
      "node": {
        "label": "org.eclipse.ui.internal.EditorManager",
        "type": "VARIABLE_TYPE"
      },
      "location-before-char-start": 0,
      "location-before-char-end": 0,
      "node-str": "org.eclipse.ui.internal.EditorManager"
    },
    {
      "type": "delete-node",
      "node": {
        "label": "editorMgr",
        "type": "Field"
      },
      "location-before-char-start": 4223,
      "location-before-char-end": 4254,
      "node-str": "editorMgr"
    },
    {
      "type": "delete-node",
      "node": {
        "label": "org.eclipse.ui.internal.EditorAreaHelper",
        "type": "VARIABLE_TYPE"
      },
      "location-before-char-start": 0,
      "location-before-char-end": 0,
      "node-str": "org.eclipse.ui.internal.EditorAreaHelper"
    },
    {
      "type": "delete-node",
      "node": {
        "label": "editorPresentation",
        "type": "Field"
      },
      "location-before-char-start": 4257,
      "location-before-char-end": 4300,
      "node-str": "editorPresentation"
    },
    {
      "type": "delete-node",
      "node": {
        "label": "org.eclipse.ui.internal.PartListenerList",
        "type": "VARIABLE_TYPE"
      },
      "location-before-char-start": 0,
      "location-before-char-end": 0,
      "node-str": "org.eclipse.ui.internal.PartListenerList"
    },
    {
      "type": "delete-node",
      "node": {
        "label": "org.eclipse.ui.internal.PartListenerList()",
        "type": "ConstructorCall"
      },
      "location-before-char-start": 4344,
      "location-before-char-end": 4365,
      "node-str": "org.eclipse.ui.internal.PartListenerList()"
    },
    {
      "type": "delete-node",
      "node": {
        "label": "partListeners",
        "type": "Field"
      },
      "location-before-char-start": 4303,
      "location-before-char-end": 4366,
      "node-str": "partListeners"
    },
    {
      "type": "delete-node",
      "node": {
        "label": "org.eclipse.ui.internal.PartListenerList2",
        "type": "VARIABLE_TYPE"
      },
      "location-before-char-start": 0,
      "location-before-char-end": 0,
      "node-str": "org.eclipse.ui.internal.PartListenerList2"
    },
    {
      "type": "delete-node",
      "node": {
        "label": "org.eclipse.ui.internal.PartListenerList2()",
        "type": "ConstructorCall"
      },
      "location-before-char-start": 4412,
      "location-before-char-end": 4434,
      "node-str": "org.eclipse.ui.internal.PartListenerList2()"
    },
    {
      "type": "delete-node",
      "node": {
        "label": "partListeners2",
        "type": "Field"
      },
      "location-before-char-start": 4369,
      "location-before-char-end": 4435,
      "node-str": "partListeners2"
    },
    {
      "type": "delete-node",
      "node": {
        "label": "org.eclipse.jface.util.ListenerList",
        "type": "VARIABLE_TYPE"
      },
      "location-before-char-start": 0,
      "location-before-char-end": 0,
      "node-str": "org.eclipse.jface.util.ListenerList"
    },
    {
      "type": "delete-node",
      "node": {
        "label": "org.eclipse.jface.util.ListenerList()",
        "type": "ConstructorCall"
      },
      "location-before-char-start": 4485,
      "location-before-char-end": 4502,
      "node-str": "org.eclipse.jface.util.ListenerList()"
    },
    {
      "type": "delete-node",
      "node": {
        "label": "propertyChangeListeners",
        "type": "Field"
      },
      "location-before-char-start": 4438,
      "location-before-char-end": 4503,
      "node-str": "propertyChangeListeners"
    },
    {
      "type": "delete-node",
      "node": {
        "label": "org.eclipse.ui.IActionBars",
        "type": "VARIABLE_TYPE"
      },
      "location-before-char-start": 0,
      "location-before-char-end": 0,
      "node-str": "org.eclipse.ui.IActionBars"
    },
    {
      "type": "delete-node",
      "node": {
        "label": "actionBars",
        "type": "Field"
      },
      "location-before-char-start": 4589,
      "location-before-char-end": 4619,
      "node-str": "actionBars"
    },
    {
      "type": "delete-node",
      "node": {
        "label": "org.eclipse.ui.internal.ViewFactory",
        "type": "VARIABLE_TYPE"
      },
      "location-before-char-start": 0,
      "location-before-char-end": 0,
      "node-str": "org.eclipse.ui.internal.ViewFactory"
    },
    {
      "type": "delete-node",
      "node": {
        "label": "viewFactory",
        "type": "Field"
      },
      "location-before-char-start": 4622,
      "location-before-char-end": 4653,
      "node-str": "viewFactory"
    },
    {
      "type": "delete-node",
      "node": {
        "label": "org.eclipse.ui.internal.WorkbenchPage$PerspectiveList",
        "type": "VARIABLE_TYPE"
      },
      "location-before-char-start": 0,
      "location-before-char-end": 0,
      "node-str": "org.eclipse.ui.internal.WorkbenchPage$PerspectiveList"
    },
    {
      "type": "delete-node",
      "node": {
        "label": "org.eclipse.ui.internal.WorkbenchPage$PerspectiveList()",
        "type": "ConstructorCall"
      },
      "location-before-char-start": 4692,
      "location-before-char-end": 4712,
      "node-str": "org.eclipse.ui.internal.WorkbenchPage$PerspectiveList()"
    },
    {
      "type": "delete-node",
      "node": {
        "label": "perspList",
        "type": "Field"
      },
      "location-before-char-start": 4656,
      "location-before-char-end": 4713,
      "node-str": "perspList"
    },
    {
      "type": "delete-node",
      "node": {
        "label": "org.eclipse.ui.internal.registry.PerspectiveDescriptor",
        "type": "VARIABLE_TYPE"
      },
      "location-before-char-start": 0,
      "location-before-char-end": 0,
      "node-str": "org.eclipse.ui.internal.registry.PerspectiveDescriptor"
    },
    {
      "type": "delete-node",
      "node": {
        "label": "deferredActivePersp",
        "type": "Field"
      },
      "location-before-char-start": 4716,
      "location-before-char-end": 4765,
      "node-str": "deferredActivePersp"
    },
    {
      "type": "delete-node",
      "node": {
        "label": "java.util.HashMap",
        "type": "VARIABLE_TYPE"
      },
      "location-before-char-start": 0,
      "location-before-char-end": 0,
      "node-str": "java.util.HashMap"
    },
    {
      "type": "delete-node",
      "node": {
        "label": "java.util.HashMap()",
        "type": "ConstructorCall"
      },
      "location-before-char-start": 4940,
      "location-before-char-end": 4952,
      "node-str": "java.util.HashMap()"
    },
    {
      "type": "delete-node",
      "node": {
        "label": "stateMap",
        "type": "Field"
      },
      "location-before-char-start": 4844,
      "location-before-char-end": 4953,
      "node-str": "stateMap"
    },
    {
      "type": "delete-node",
      "node": {
        "label": "java.util.Set",
        "type": "VARIABLE_TYPE"
      },
      "location-before-char-start": 0,
      "location-before-char-end": 0,
      "node-str": "java.util.Set"
    },
    {
      "type": "delete-node",
      "node": {
        "label": "7",
        "type": "Literal"
      },
      "location-before-char-start": 6420,
      "location-before-char-end": 6420,
      "node-str": "7"
    },
    {
      "type": "delete-node",
      "node": {
        "label": "java.util.HashSet(int)",
        "type": "ConstructorCall"
      },
      "location-before-char-start": 6408,
      "location-before-char-end": 6421,
      "node-str": "java.util.HashSet(int)"
    },
    {
      "type": "delete-node",
      "node": {
        "label": "stickyPerspectives",
        "type": "Field"
      },
      "location-before-char-start": 6300,
      "location-before-char-end": 6422,
      "node-str": "stickyPerspectives"
    },
    {
      "type": "delete-node",
      "node": {
        "label": "org.eclipse.ui.internal.WorkbenchPage$ActionSwitcher",
        "type": "VARIABLE_TYPE"
      },
      "location-before-char-start": 0,
      "location-before-char-end": 0,
      "node-str": "org.eclipse.ui.internal.WorkbenchPage$ActionSwitcher"
    },
    {
      "type": "delete-node",
      "node": {
        "label": "org.eclipse.ui.internal.WorkbenchPage$ActionSwitcher()",
        "type": "ConstructorCall"
      },
      "location-before-char-start": 6467,
      "location-before-char-end": 6486,
      "node-str": "org.eclipse.ui.internal.WorkbenchPage$ActionSwitcher()"
    },
    {
      "type": "delete-node",
      "node": {
        "label": "actionSwitcher",
        "type": "Field"
      },
      "location-before-char-start": 6427,
      "location-before-char-end": 6487,
      "node-str": "actionSwitcher"
    },
    {
      "type": "delete-node",
      "node": {
        "label": "item",
        "type": "VariableRead"
      },
      "location-before-char-start": 20949,
      "location-before-char-end": 20952,
      "node-str": "item"
    },
    {
      "type": "delete-node",
      "node": {
        "label": "null",
        "type": "Literal"
      },
      "location-before-char-start": 20957,
      "location-before-char-end": 20960,
      "node-str": "null"
    },
    {
      "type": "delete-node",
      "node": {
        "label": "EQ",
        "type": "BinaryOperator"
      },
      "location-before-char-start": 20949,
      "location-before-char-end": 20960,
      "node-str": "EQ"
    },
    {
      "type": "delete-node",
      "node": {
        "label": "return",
        "type": "Return"
      },
      "location-before-char-start": 20967,
      "location-before-char-end": 20973,
      "node-str": "return"
    },
    {
      "type": "delete-node",
      "node": {
        "label": "THEN",
        "type": "then"
      },
      "location-before-char-start": 20967,
      "location-before-char-end": 20973,
      "node-str": "THEN"
    },
    {
      "type": "delete-node",
      "node": {
        "label": "if",
        "type": "If"
      },
      "location-before-char-start": 20945,
      "location-before-char-end": 20973,
      "node-str": "if"
    }
  ],
  "before-file": {},
  "after-file": {},
  "mapping": {}
}