{
  "tool-info": {},
  "diff": [
    {
      "type": "insert-node",
      "node": {
        "label": "",
        "type": "TypeReference"
      },
      "location-after-char-start": 836,
      "location-after-char-end": 852,
      "node-str": ""
    },
    {
      "type": "insert-node",
      "node": {
        "label": "aboutInfo",
        "type": "Field"
      },
      "location-after-char-start": 911,
      "location-after-char-end": 945,
      "node-str": "aboutInfo"
    },
    {
      "type": "insert-node",
      "node": {
        "label": "ProductInfoDialog",
        "type": "SUPER_TYPE"
      },
      "location-after-char-start": 0,
      "location-after-char-end": 0,
      "node-str": "ProductInfoDialog"
    },
    {
      "type": "insert-node",
      "node": {
        "label": "org.eclipse.ui.internal.dialogs.AboutInfo",
        "type": "VARIABLE_TYPE"
      },
      "location-after-char-start": 0,
      "location-after-char-end": 0,
      "node-str": "org.eclipse.ui.internal.dialogs.AboutInfo"
    },
    {
      "type": "insert-node",
      "node": {
        "label": "org.eclipse.ui.internal.dialogs.Control",
        "type": "RETURN_TYPE"
      },
      "location-after-char-start": 0,
      "location-after-char-end": 0,
      "node-str": "org.eclipse.ui.internal.dialogs.Control"
    },
    {
      "type": "insert-node",
      "node": {
        "label": "parent",
        "type": "Parameter"
      },
      "location-after-char-start": 3809,
      "location-after-char-end": 3824,
      "node-str": "parent"
    },
    {
      "type": "insert-node",
      "node": {
        "label": "layout",
        "type": "LocalVariable"
      },
      "location-after-char-start": 4722,
      "location-after-char-end": 4758,
      "node-str": "layout"
    },
    {
      "type": "insert-node",
      "node": {
        "label": "data",
        "type": "LocalVariable"
      },
      "location-after-char-start": 5077,
      "location-after-char-end": 5107,
      "node-str": "data"
    },
    {
      "type": "insert-node",
      "node": {
        "label": "rowLayout",
        "type": "LocalVariable"
      },
      "location-after-char-start": 6371,
      "location-after-char-end": 6408,
      "node-str": "rowLayout"
    },
    {
      "type": "insert-node",
      "node": {
        "label": "org.eclipse.ui.internal.dialogs.AboutInfo[]",
        "type": "RETURN_TYPE"
      },
      "location-after-char-start": 0,
      "location-after-char-end": 0,
      "node-str": "org.eclipse.ui.internal.dialogs.AboutInfo[]"
    },
    {
      "type": "update-node",
      "node": {
        "label": "org.eclipse.swt.widgets.Shell",
        "type": "VARIABLE_TYPE"
      },
      "location-before-char-start": 0,
      "location-before-char-end": 0,
      "location-after-char-start": 0,
      "location-after-char-end": 0,
      "node-str": "Shell"
    },
    {
      "type": "update-node",
      "node": {
        "label": "org.eclipse.ui.internal.Workbench",
        "type": "VARIABLE_TYPE"
      },
      "location-before-char-start": 0,
      "location-before-char-end": 0,
      "location-after-char-start": 0,
      "location-after-char-end": 0,
      "node-str": "Workbench"
    },
    {
      "type": "update-node",
      "node": {
        "label": "org.eclipse.swt.widgets.Shell",
        "type": "VARIABLE_TYPE"
      },
      "location-before-char-start": 0,
      "location-before-char-end": 0,
      "location-after-char-start": 0,
      "location-after-char-end": 0,
      "node-str": "Shell"
    },
    {
      "type": "update-node",
      "node": {
        "label": "org.eclipse.swt.widgets.Composite",
        "type": "VARIABLE_TYPE"
      },
      "location-before-char-start": 0,
      "location-before-char-end": 0,
      "location-after-char-start": 0,
      "location-after-char-end": 0,
      "node-str": "Composite"
    },
    {
      "type": "update-node",
      "node": {
        "label": "org.eclipse.swt.widgets.Label",
        "type": "VARIABLE_TYPE"
      },
      "location-before-char-start": 0,
      "location-before-char-end": 0,
      "location-after-char-start": 0,
      "location-after-char-end": 0,
      "node-str": "Label"
    },
    {
      "type": "update-node",
      "node": {
        "label": "org.eclipse.swt.layout.GridLayout",
        "type": "VARIABLE_TYPE"
      },
      "location-before-char-start": 0,
      "location-before-char-end": 0,
      "location-after-char-start": 0,
      "location-after-char-end": 0,
      "node-str": "GridLayout"
    },
    {
      "type": "update-node",
      "node": {
        "label": "org.eclipse.swt.widgets.Button",
        "type": "VARIABLE_TYPE"
      },
      "location-before-char-start": 0,
      "location-before-char-end": 0,
      "location-after-char-start": 0,
      "location-after-char-end": 0,
      "node-str": "Button"
    },
    {
      "type": "insert-node",
      "node": {
        "label": "Composite",
        "type": "VARIABLE_TYPE"
      },
      "location-after-char-start": 0,
      "location-after-char-end": 0,
      "node-str": "Composite"
    },
    {
      "type": "update-node",
      "node": {
        "label": "org.eclipse.swt.events.DisposeListener()",
        "type": "NewClass"
      },
      "location-before-char-start": 5214,
      "location-before-char-end": 5416,
      "location-after-char-start": 3992,
      "location-after-char-end": 4194,
      "node-str": "DisposeListener()"
    },
    {
      "type": "update-node",
      "node": {
        "label": "org.eclipse.swt.widgets.Composite",
        "type": "VARIABLE_TYPE"
      },
      "location-before-char-start": 0,
      "location-before-char-end": 0,
      "location-after-char-start": 0,
      "location-after-char-end": 0,
      "node-str": "Composite"
    },
    {
      "type": "insert-node",
      "node": {
        "label": "GridLayout",
        "type": "VARIABLE_TYPE"
      },
      "location-after-char-start": 0,
      "location-after-char-end": 0,
      "node-str": "GridLayout"
    },
    {
      "type": "insert-node",
      "node": {
        "label": "GridLayout()",
        "type": "ConstructorCall"
      },
      "location-after-char-start": 4742,
      "location-after-char-end": 4757,
      "node-str": "GridLayout()"
    },
    {
      "type": "update-node",
      "node": {
        "label": "org.eclipse.swt.widgets.Composite",
        "type": "VARIABLE_TYPE"
      },
      "location-before-char-start": 0,
      "location-before-char-end": 0,
      "location-after-char-start": 0,
      "location-after-char-end": 0,
      "node-str": "Composite"
    },
    {
      "type": "update-node",
      "node": {
        "label": "org.eclipse.swt.layout.GridLayout()",
        "type": "ConstructorCall"
      },
      "location-before-char-start": 6155,
      "location-before-char-end": 6170,
      "location-after-char-start": 4933,
      "location-after-char-end": 4948,
      "node-str": "GridLayout()"
    },
    {
      "type": "insert-node",
      "node": {
        "label": "GridData",
        "type": "VARIABLE_TYPE"
      },
      "location-after-char-start": 0,
      "location-after-char-end": 0,
      "node-str": "GridData"
    },
    {
      "type": "insert-node",
      "node": {
        "label": "GridData()",
        "type": "ConstructorCall"
      },
      "location-after-char-start": 5093,
      "location-after-char-end": 5106,
      "node-str": "GridData()"
    },
    {
      "type": "update-node",
      "node": {
        "label": "org.eclipse.swt.widgets.Label",
        "type": "VARIABLE_TYPE"
      },
      "location-before-char-start": 0,
      "location-before-char-end": 0,
      "location-after-char-start": 0,
      "location-after-char-end": 0,
      "node-str": "Label"
    },
    {
      "type": "update-node",
      "node": {
        "label": "org.eclipse.swt.layout.GridData()",
        "type": "ConstructorCall"
      },
      "location-before-char-start": 7424,
      "location-before-char-end": 7437,
      "location-after-char-start": 6202,
      "location-after-char-end": 6215,
      "node-str": "GridData()"
    },
    {
      "type": "update-node",
      "node": {
        "label": "org.eclipse.swt.widgets.Composite",
        "type": "VARIABLE_TYPE"
      },
      "location-before-char-start": 0,
      "location-before-char-end": 0,
      "location-after-char-start": 0,
      "location-after-char-end": 0,
      "node-str": "Composite"
    },
    {
      "type": "insert-node",
      "node": {
        "label": "RowLayout",
        "type": "VARIABLE_TYPE"
      },
      "location-after-char-start": 0,
      "location-after-char-end": 0,
      "node-str": "RowLayout"
    },
    {
      "type": "insert-node",
      "node": {
        "label": "RowLayout()",
        "type": "ConstructorCall"
      },
      "location-after-char-start": 6393,
      "location-after-char-end": 6407,
      "node-str": "RowLayout()"
    },
    {
      "type": "update-node",
      "node": {
        "label": "org.eclipse.swt.layout.GridData()",
        "type": "ConstructorCall"
      },
      "location-before-char-start": 7704,
      "location-before-char-end": 7717,
      "location-after-char-start": 6482,
      "location-after-char-end": 6495,
      "node-str": "GridData()"
    },
    {
      "type": "update-node",
      "node": {
        "label": "org.eclipse.ui.internal.AboutInfo[]",
        "type": "VARIABLE_TYPE"
      },
      "location-before-char-start": 0,
      "location-before-char-end": 0,
      "location-after-char-start": 0,
      "location-after-char-end": 0,
      "node-str": "AboutInfo[]"
    },
    {
      "type": "update-node",
      "node": {
        "label": "org.eclipse.swt.layout.GridData()",
        "type": "ConstructorCall"
      },
      "location-before-char-start": 8633,
      "location-before-char-end": 8646,
      "location-after-char-start": 7411,
      "location-after-char-end": 7424,
      "node-str": "GridData()"
    },
    {
      "type": "update-node",
      "node": {
        "label": "org.eclipse.ui.internal.AboutInfo[]",
        "type": "VARIABLE_TYPE"
      },
      "location-before-char-start": 0,
      "location-before-char-end": 0,
      "location-after-char-start": 0,
      "location-after-char-end": 0,
      "node-str": "AboutInfo[]"
    },
    {
      "type": "update-node",
      "node": {
        "label": "org.eclipse.ui.internal.AboutInfo[]",
        "type": "VARIABLE_TYPE"
      },
      "location-before-char-start": 0,
      "location-before-char-end": 0,
      "location-after-char-start": 0,
      "location-after-char-end": 0,
      "node-str": "AboutInfo[]"
    },
    {
      "type": "update-node",
      "node": {
        "label": "org.eclipse.ui.internal.WorkbenchMessages",
        "type": "TypeAccess"
      },
      "location-before-char-start": 4186,
      "location-before-char-end": 4202,
      "location-after-char-start": 2964,
      "location-after-char-end": 2980,
      "node-str": "WorkbenchMessages"
    },
    {
      "type": "update-node",
      "node": {
        "label": "org.eclipse.ui.internal.WorkbenchMessages",
        "type": "TypeAccess"
      },
      "location-before-char-start": 4284,
      "location-before-char-end": 4300,
      "location-after-char-start": 3062,
      "location-after-char-end": 3078,
      "node-str": "WorkbenchMessages"
    },
    {
      "type": "update-node",
      "node": {
        "label": "org.eclipse.ui.internal.WorkbenchMessages",
        "type": "TypeAccess"
      },
      "location-before-char-start": 4378,
      "location-before-char-end": 4394,
      "location-after-char-start": 3156,
      "location-after-char-end": 3172,
      "node-str": "WorkbenchMessages"
    },
    {
      "type": "update-node",
      "node": {
        "label": "org.eclipse.swt.layout.GridData",
        "type": "TypeAccess"
      },
      "location-before-char-start": 0,
      "location-before-char-end": 0,
      "location-after-char-start": 0,
      "location-after-char-end": 0,
      "node-str": "GridData"
    },
    {
      "type": "update-node",
      "node": {
        "label": "org.eclipse.swt.layout.GridData",
        "type": "TypeAccess"
      },
      "location-before-char-start": 0,
      "location-before-char-end": 0,
      "location-after-char-start": 0,
      "location-after-char-end": 0,
      "node-str": "GridData"
    },
    {
      "type": "update-node",
      "node": {
        "label": "org.eclipse.swt.layout.GridData",
        "type": "TypeAccess"
      },
      "location-before-char-start": 0,
      "location-before-char-end": 0,
      "location-after-char-start": 0,
      "location-after-char-end": 0,
      "node-str": "GridData"
    },
    {
      "type": "update-node",
      "node": {
        "label": "org.eclipse.swt.layout.GridData",
        "type": "TypeAccess"
      },
      "location-before-char-start": 0,
      "location-before-char-end": 0,
      "location-after-char-start": 0,
      "location-after-char-end": 0,
      "node-str": "GridData"
    },
    {
      "type": "update-node",
      "node": {
        "label": "org.eclipse.swt.layout.GridData",
        "type": "TypeAccess"
      },
      "location-before-char-start": 0,
      "location-before-char-end": 0,
      "location-after-char-start": 0,
      "location-after-char-end": 0,
      "node-str": "GridData"
    },
    {
      "type": "update-node",
      "node": {
        "label": "org.eclipse.swt.layout.GridData",
        "type": "TypeAccess"
      },
      "location-before-char-start": 0,
      "location-before-char-end": 0,
      "location-after-char-start": 0,
      "location-after-char-end": 0,
      "node-str": "GridData"
    },
    {
      "type": "update-node",
      "node": {
        "label": "org.eclipse.swt.layout.GridData",
        "type": "TypeAccess"
      },
      "location-before-char-start": 0,
      "location-before-char-end": 0,
      "location-after-char-start": 0,
      "location-after-char-end": 0,
      "node-str": "GridData"
    },
    {
      "type": "update-node",
      "node": {
        "label": "org.eclipse.swt.widgets.Label",
        "type": "VARIABLE_TYPE"
      },
      "location-before-char-start": 0,
      "location-before-char-end": 0,
      "location-after-char-start": 0,
      "location-after-char-end": 0,
      "node-str": "Label"
    },
    {
      "type": "update-node",
      "node": {
        "label": "org.eclipse.swt.layout.GridData()",
        "type": "ConstructorCall"
      },
      "location-before-char-start": 6569,
      "location-before-char-end": 6582,
      "location-after-char-start": 5347,
      "location-after-char-end": 5360,
      "node-str": "GridData()"
    },
    {
      "type": "update-node",
      "node": {
        "label": "org.eclipse.swt.layout.GridData()",
        "type": "ConstructorCall"
      },
      "location-before-char-start": 6968,
      "location-before-char-end": 6981,
      "location-after-char-start": 5746,
      "location-after-char-end": 5759,
      "node-str": "GridData()"
    },
    {
      "type": "update-node",
      "node": {
        "label": "org.eclipse.ui.internal.AboutInfo",
        "type": "VARIABLE_TYPE"
      },
      "location-before-char-start": 0,
      "location-before-char-end": 0,
      "location-after-char-start": 0,
      "location-after-char-end": 0,
      "node-str": "AboutInfo"
    },
    {
      "type": "update-node",
      "node": {
        "label": "org.eclipse.ui.internal.WorkbenchMessages",
        "type": "TypeAccess"
      },
      "location-before-char-start": 3741,
      "location-before-char-end": 3757,
      "location-after-char-start": 2519,
      "location-after-char-end": 2535,
      "node-str": "WorkbenchMessages"
    },
    {
      "type": "update-node",
      "node": {
        "label": "org.eclipse.swt.events.DisposeListener",
        "type": "SUPER_TYPE"
      },
      "location-before-char-start": 0,
      "location-before-char-end": 0,
      "location-after-char-start": 0,
      "location-after-char-end": 0,
      "node-str": "DisposeListener"
    },
    {
      "type": "update-node",
      "node": {
        "label": "org.eclipse.swt.layout.GridData",
        "type": "TypeAccess"
      },
      "location-before-char-start": 0,
      "location-before-char-end": 0,
      "location-after-char-start": 0,
      "location-after-char-end": 0,
      "node-str": "GridData"
    },
    {
      "type": "update-node",
      "node": {
        "label": "org.eclipse.swt.layout.GridData",
        "type": "TypeAccess"
      },
      "location-before-char-start": 0,
      "location-before-char-end": 0,
      "location-after-char-start": 0,
      "location-after-char-end": 0,
      "node-str": "GridData"
    },
    {
      "type": "update-node",
      "node": {
        "label": "org.eclipse.swt.layout.GridData",
        "type": "TypeAccess"
      },
      "location-before-char-start": 0,
      "location-before-char-end": 0,
      "location-after-char-start": 0,
      "location-after-char-end": 0,
      "node-str": "GridData"
    },
    {
      "type": "update-node",
      "node": {
        "label": "org.eclipse.swt.layout.GridData",
        "type": "TypeAccess"
      },
      "location-before-char-start": 0,
      "location-before-char-end": 0,
      "location-after-char-start": 0,
      "location-after-char-end": 0,
      "node-str": "GridData"
    },
    {
      "type": "update-node",
      "node": {
        "label": "org.eclipse.swt.widgets.Button",
        "type": "VARIABLE_TYPE"
      },
      "location-before-char-start": 0,
      "location-before-char-end": 0,
      "location-after-char-start": 0,
      "location-after-char-end": 0,
      "node-str": "Button"
    },
    {
      "type": "update-node",
      "node": {
        "label": "org.eclipse.swt.events.SelectionAdapter()",
        "type": "NewClass"
      },
      "location-before-char-start": 8332,
      "location-before-char-end": 8565,
      "location-after-char-start": 7110,
      "location-after-char-end": 7343,
      "node-str": "SelectionAdapter()"
    },
    {
      "type": "update-node",
      "node": {
        "label": "org.eclipse.swt.events.DisposeEvent",
        "type": "VARIABLE_TYPE"
      },
      "location-before-char-start": 0,
      "location-before-char-end": 0,
      "location-after-char-start": 0,
      "location-after-char-end": 0,
      "node-str": "DisposeEvent"
    },
    {
      "type": "update-node",
      "node": {
        "label": "org.eclipse.swt.events.SelectionAdapter",
        "type": "SUPER_TYPE"
      },
      "location-before-char-start": 0,
      "location-before-char-end": 0,
      "location-after-char-start": 0,
      "location-after-char-end": 0,
      "node-str": "SelectionAdapter"
    },
    {
      "type": "update-node",
      "node": {
        "label": "org.eclipse.swt.events.SelectionEvent",
        "type": "VARIABLE_TYPE"
      },
      "location-before-char-start": 0,
      "location-before-char-end": 0,
      "location-after-char-start": 0,
      "location-after-char-end": 0,
      "node-str": "SelectionEvent"
    },
    {
      "type": "update-node",
      "node": {
        "label": "org.eclipse.ui.internal.dialogs.AboutFeaturesDialog",
        "type": "VARIABLE_TYPE"
      },
      "location-before-char-start": 0,
      "location-before-char-end": 0,
      "location-after-char-start": 0,
      "location-after-char-end": 0,
      "node-str": "AboutFeaturesDialog"
    },
    {
      "type": "delete-node",
      "node": {
        "label": "org.eclipse.ui.internal.dialogs.ProductInfoDialog",
        "type": "SUPER_TYPE"
      },
      "location-before-char-start": 0,
      "location-before-char-end": 0,
      "node-str": "org.eclipse.ui.internal.dialogs.ProductInfoDialog"
    },
    {
      "type": "delete-node",
      "node": {
        "label": "",
        "type": "TypeReference"
      },
      "location-before-char-start": 2058,
      "location-before-char-end": 2074,
      "node-str": ""
    },
    {
      "type": "delete-node",
      "node": {
        "label": "org.eclipse.ui.internal.AboutInfo",
        "type": "VARIABLE_TYPE"
      },
      "location-before-char-start": 0,
      "location-before-char-end": 0,
      "node-str": "org.eclipse.ui.internal.AboutInfo"
    },
    {
      "type": "delete-node",
      "node": {
        "label": "aboutInfo",
        "type": "Field"
      },
      "location-before-char-start": 2133,
      "location-before-char-end": 2167,
      "node-str": "aboutInfo"
    },
    {
      "type": "delete-node",
      "node": {
        "label": "org.eclipse.swt.widgets.Control",
        "type": "RETURN_TYPE"
      },
      "location-before-char-start": 0,
      "location-before-char-end": 0,
      "node-str": "org.eclipse.swt.widgets.Control"
    },
    {
      "type": "delete-node",
      "node": {
        "label": "org.eclipse.swt.widgets.Composite",
        "type": "VARIABLE_TYPE"
      },
      "location-before-char-start": 0,
      "location-before-char-end": 0,
      "node-str": "org.eclipse.swt.widgets.Composite"
    },
    {
      "type": "delete-node",
      "node": {
        "label": "parent",
        "type": "Parameter"
      },
      "location-before-char-start": 5031,
      "location-before-char-end": 5046,
      "node-str": "parent"
    },
    {
      "type": "delete-node",
      "node": {
        "label": "org.eclipse.swt.layout.GridLayout",
        "type": "VARIABLE_TYPE"
      },
      "location-before-char-start": 0,
      "location-before-char-end": 0,
      "node-str": "org.eclipse.swt.layout.GridLayout"
    },
    {
      "type": "delete-node",
      "node": {
        "label": "org.eclipse.swt.layout.GridLayout()",
        "type": "ConstructorCall"
      },
      "location-before-char-start": 5964,
      "location-before-char-end": 5979,
      "node-str": "org.eclipse.swt.layout.GridLayout()"
    },
    {
      "type": "delete-node",
      "node": {
        "label": "layout",
        "type": "LocalVariable"
      },
      "location-before-char-start": 5944,
      "location-before-char-end": 5980,
      "node-str": "layout"
    },
    {
      "type": "delete-node",
      "node": {
        "label": "org.eclipse.swt.layout.GridData",
        "type": "VARIABLE_TYPE"
      },
      "location-before-char-start": 0,
      "location-before-char-end": 0,
      "node-str": "org.eclipse.swt.layout.GridData"
    },
    {
      "type": "delete-node",
      "node": {
        "label": "org.eclipse.swt.layout.GridData()",
        "type": "ConstructorCall"
      },
      "location-before-char-start": 6315,
      "location-before-char-end": 6328,
      "node-str": "org.eclipse.swt.layout.GridData()"
    },
    {
      "type": "delete-node",
      "node": {
        "label": "data",
        "type": "LocalVariable"
      },
      "location-before-char-start": 6299,
      "location-before-char-end": 6329,
      "node-str": "data"
    },
    {
      "type": "delete-node",
      "node": {
        "label": "org.eclipse.swt.layout.RowLayout",
        "type": "VARIABLE_TYPE"
      },
      "location-before-char-start": 0,
      "location-before-char-end": 0,
      "node-str": "org.eclipse.swt.layout.RowLayout"
    },
    {
      "type": "delete-node",
      "node": {
        "label": "org.eclipse.swt.layout.RowLayout()",
        "type": "ConstructorCall"
      },
      "location-before-char-start": 7615,
      "location-before-char-end": 7629,
      "node-str": "org.eclipse.swt.layout.RowLayout()"
    },
    {
      "type": "delete-node",
      "node": {
        "label": "rowLayout",
        "type": "LocalVariable"
      },
      "location-before-char-start": 7593,
      "location-before-char-end": 7630,
      "node-str": "rowLayout"
    },
    {
      "type": "delete-node",
      "node": {
        "label": "org.eclipse.ui.internal.AboutInfo[]",
        "type": "RETURN_TYPE"
      },
      "location-before-char-start": 0,
      "location-before-char-end": 0,
      "node-str": "org.eclipse.ui.internal.AboutInfo[]"
    }
  ],
  "before-file": {},
  "after-file": {},
  "mapping": {}
}