{
  "tool-info": {},
  "diff": [
    {
      "type": "move-subtree",
      "node": {
        "label": "commandsById",
        "type": "Field"
      },
      "location-before-char-start": 12407,
      "location-before-char-end": 12431,
      "location-after-char-start": 4583,
      "location-after-char-end": 4612,
      "node-str": "contextsByCommand"
    },
    {
      "type": "update-node",
      "node": {
        "label": "commandsById",
        "type": "Field"
      },
      "location-before-char-start": 12407,
      "location-before-char-end": 12431,
      "location-after-char-start": 4583,
      "location-after-char-end": 4612,
      "node-str": "contextsByCommand"
    },
    {
      "type": "insert-node",
      "node": {
        "label": "if",
        "type": "If"
      },
      "location-after-char-start": 12767,
      "location-after-char-end": 13996,
      "node-str": "if"
    },
    {
      "type": "update-node",
      "node": {
        "label": "commands",
        "type": "LocalVariable"
      },
      "location-before-char-start": 13476,
      "location-before-char-end": 13507,
      "location-after-char-start": 14451,
      "location-after-char-end": 14489,
      "node-str": "contextBindings"
    },
    {
      "type": "insert-node",
      "node": {
        "label": "iterator",
        "type": "LocalVariable"
      },
      "location-after-char-start": 14721,
      "location-after-char-end": 14767,
      "node-str": "iterator"
    },
    {
      "type": "insert-node",
      "node": {
        "label": "while",
        "type": "While"
      },
      "location-after-char-start": 14774,
      "location-after-char-end": 15150,
      "node-str": "while"
    },
    {
      "type": "insert-node",
      "node": {
        "label": "NE",
        "type": "BinaryOperator"
      },
      "location-after-char-start": 12771,
      "location-after-char-end": 12787,
      "node-str": "NE"
    },
    {
      "type": "insert-node",
      "node": {
        "label": "THEN",
        "type": "then"
      },
      "location-after-char-start": 12790,
      "location-after-char-end": 13996,
      "node-str": "THEN"
    },
    {
      "type": "update-node",
      "node": {
        "label": "commands",
        "type": "VariableRead"
      },
      "location-before-char-start": 13511,
      "location-before-char-end": 13518,
      "location-after-char-start": 14493,
      "location-after-char-end": 14507,
      "node-str": "contextBindings"
    },
    {
      "type": "update-node",
      "node": {
        "label": "getCommands",
        "type": "Invocation"
      },
      "location-before-char-start": 13527,
      "location-before-char-end": 13552,
      "location-after-char-start": 14516,
      "location-after-char-end": 14548,
      "node-str": "getContextBindings"
    },
    {
      "type": "update-node",
      "node": {
        "label": "commands",
        "type": "VariableRead"
      },
      "location-before-char-start": 13558,
      "location-before-char-end": 13565,
      "location-after-char-start": 14554,
      "location-after-char-end": 14568,
      "node-str": "contextBindings"
    },
    {
      "type": "update-node",
      "node": {
        "label": "getCommands",
        "type": "Invocation"
      },
      "location-before-char-start": 13574,
      "location-before-char-end": 13600,
      "location-after-char-start": 14577,
      "location-after-char-end": 14610,
      "node-str": "getContextBindings"
    },
    {
      "type": "update-node",
      "node": {
        "label": "commands",
        "type": "VariableRead"
      },
      "location-before-char-start": 13606,
      "location-before-char-end": 13613,
      "location-after-char-start": 14616,
      "location-after-char-end": 14630,
      "node-str": "contextBindings"
    },
    {
      "type": "update-node",
      "node": {
        "label": "getCommands",
        "type": "Invocation"
      },
      "location-before-char-start": 13622,
      "location-before-char-end": 13653,
      "location-after-char-start": 14639,
      "location-after-char-end": 14677,
      "node-str": "getContextBindings"
    },
    {
      "type": "update-node",
      "node": {
        "label": "commandsById",
        "type": "FieldWrite"
      },
      "location-before-char-start": 13661,
      "location-before-char-end": 13672,
      "location-after-char-start": 14684,
      "location-after-char-end": 14700,
      "node-str": "contextsByCommand"
    },
    {
      "type": "insert-node",
      "node": {
        "label": "java.util.TreeMap()",
        "type": "ConstructorCall"
      },
      "location-after-char-start": 14704,
      "location-after-char-end": 14716,
      "node-str": "java.util.TreeMap()"
    },
    {
      "type": "insert-node",
      "node": {
        "label": "java.util.Iterator",
        "type": "VARIABLE_TYPE"
      },
      "location-after-char-start": 0,
      "location-after-char-end": 0,
      "node-str": "java.util.Iterator"
    },
    {
      "type": "insert-node",
      "node": {
        "label": "iterator",
        "type": "Invocation"
      },
      "location-after-char-start": 14741,
      "location-after-char-end": 14766,
      "node-str": "iterator"
    },
    {
      "type": "insert-node",
      "node": {
        "label": "hasNext",
        "type": "Invocation"
      },
      "location-after-char-start": 14781,
      "location-after-char-end": 14798,
      "node-str": "hasNext"
    },
    {
      "type": "insert-node",
      "node": {
        "label": "contextBinding",
        "type": "LocalVariable"
      },
      "location-after-char-start": 14808,
      "location-after-char-end": 14872,
      "node-str": "contextBinding"
    },
    {
      "type": "insert-node",
      "node": {
        "label": "command",
        "type": "LocalVariable"
      },
      "location-after-char-start": 14877,
      "location-after-char-end": 14921,
      "node-str": "command"
    },
    {
      "type": "insert-node",
      "node": {
        "label": "context",
        "type": "LocalVariable"
      },
      "location-after-char-start": 14926,
      "location-after-char-end": 14970,
      "node-str": "context"
    },
    {
      "type": "insert-node",
      "node": {
        "label": "set",
        "type": "LocalVariable"
      },
      "location-after-char-start": 14978,
      "location-after-char-end": 15024,
      "node-str": "set"
    },
    {
      "type": "insert-node",
      "node": {
        "label": "if",
        "type": "If"
      },
      "location-after-char-start": 15033,
      "location-after-char-end": 15121,
      "node-str": "if"
    },
    {
      "type": "insert-node",
      "node": {
        "label": "add",
        "type": "Invocation"
      },
      "location-after-char-start": 15130,
      "location-after-char-end": 15146,
      "node-str": "add"
    },
    {
      "type": "insert-node",
      "node": {
        "label": "commandId",
        "type": "VariableRead"
      },
      "location-after-char-start": 12771,
      "location-after-char-end": 12779,
      "node-str": "commandId"
    },
    {
      "type": "insert-node",
      "node": {
        "label": "null",
        "type": "Literal"
      },
      "location-after-char-start": 12784,
      "location-after-char-end": 12787,
      "node-str": "null"
    },
    {
      "type": "insert-node",
      "node": {
        "label": "set",
        "type": "LocalVariable"
      },
      "location-after-char-start": 12795,
      "location-after-char-end": 12843,
      "node-str": "set"
    },
    {
      "type": "insert-node",
      "node": {
        "label": "if",
        "type": "If"
      },
      "location-after-char-start": 12851,
      "location-after-char-end": 13992,
      "node-str": "if"
    },
    {
      "type": "insert-node",
      "node": {
        "label": "contextBindings",
        "type": "VariableRead"
      },
      "location-after-char-start": 14741,
      "location-after-char-end": 14755,
      "node-str": "contextBindings"
    },
    {
      "type": "insert-node",
      "node": {
        "label": "iterator",
        "type": "VariableRead"
      },
      "location-after-char-start": 14781,
      "location-after-char-end": 14788,
      "node-str": "iterator"
    },
    {
      "type": "insert-node",
      "node": {
        "label": "org.eclipse.ui.internal.commands.ContextBinding",
        "type": "VARIABLE_TYPE"
      },
      "location-after-char-start": 0,
      "location-after-char-end": 0,
      "node-str": "org.eclipse.ui.internal.commands.ContextBinding"
    },
    {
      "type": "insert-node",
      "node": {
        "label": "next",
        "type": "Invocation"
      },
      "location-after-char-start": 14840,
      "location-after-char-end": 14871,
      "node-str": "next"
    },
    {
      "type": "insert-node",
      "node": {
        "label": "java.lang.String",
        "type": "VARIABLE_TYPE"
      },
      "location-after-char-start": 0,
      "location-after-char-end": 0,
      "node-str": "java.lang.String"
    },
    {
      "type": "insert-node",
      "node": {
        "label": "getCommand",
        "type": "Invocation"
      },
      "location-after-char-start": 14894,
      "location-after-char-end": 14920,
      "node-str": "getCommand"
    },
    {
      "type": "insert-node",
      "node": {
        "label": "java.lang.String",
        "type": "VARIABLE_TYPE"
      },
      "location-after-char-start": 0,
      "location-after-char-end": 0,
      "node-str": "java.lang.String"
    },
    {
      "type": "insert-node",
      "node": {
        "label": "getContext",
        "type": "Invocation"
      },
      "location-after-char-start": 14943,
      "location-after-char-end": 14969,
      "node-str": "getContext"
    },
    {
      "type": "move-subtree",
      "node": {
        "label": "java.util.Set",
        "type": "VARIABLE_TYPE"
      },
      "location-before-char-start": 0,
      "location-before-char-end": 0,
      "location-after-char-start": 0,
      "location-after-char-end": 0,
      "node-str": "java.util.Set"
    },
    {
      "type": "insert-node",
      "node": {
        "label": "get",
        "type": "Invocation"
      },
      "location-after-char-start": 14988,
      "location-after-char-end": 15023,
      "node-str": "get"
    },
    {
      "type": "insert-node",
      "node": {
        "label": "EQ",
        "type": "BinaryOperator"
      },
      "location-after-char-start": 15037,
      "location-after-char-end": 15047,
      "node-str": "EQ"
    },
    {
      "type": "insert-node",
      "node": {
        "label": "THEN",
        "type": "then"
      },
      "location-after-char-start": 15050,
      "location-after-char-end": 15121,
      "node-str": "THEN"
    },
    {
      "type": "insert-node",
      "node": {
        "label": "set",
        "type": "VariableRead"
      },
      "location-after-char-start": 15130,
      "location-after-char-end": 15132,
      "node-str": "set"
    },
    {
      "type": "insert-node",
      "node": {
        "label": "context",
        "type": "VariableRead"
      },
      "location-after-char-start": 15138,
      "location-after-char-end": 15144,
      "node-str": "context"
    },
    {
      "type": "insert-node",
      "node": {
        "label": "java.util.Set",
        "type": "VARIABLE_TYPE"
      },
      "location-after-char-start": 0,
      "location-after-char-end": 0,
      "node-str": "java.util.Set"
    },
    {
      "type": "insert-node",
      "node": {
        "label": "get",
        "type": "Invocation"
      },
      "location-after-char-start": 12805,
      "location-after-char-end": 12842,
      "node-str": "get"
    },
    {
      "type": "insert-node",
      "node": {
        "label": "NE",
        "type": "BinaryOperator"
      },
      "location-after-char-start": 12855,
      "location-after-char-end": 12865,
      "node-str": "NE"
    },
    {
      "type": "insert-node",
      "node": {
        "label": "THEN",
        "type": "then"
      },
      "location-after-char-start": 12868,
      "location-after-char-end": 13992,
      "node-str": "THEN"
    },
    {
      "type": "insert-node",
      "node": {
        "label": "iterator",
        "type": "VariableRead"
      },
      "location-after-char-start": 14857,
      "location-after-char-end": 14864,
      "node-str": "iterator"
    },
    {
      "type": "insert-node",
      "node": {
        "label": "contextBinding",
        "type": "VariableRead"
      },
      "location-after-char-start": 14894,
      "location-after-char-end": 14907,
      "node-str": "contextBinding"
    },
    {
      "type": "insert-node",
      "node": {
        "label": "contextBinding",
        "type": "VariableRead"
      },
      "location-after-char-start": 14943,
      "location-after-char-end": 14956,
      "node-str": "contextBinding"
    },
    {
      "type": "insert-node",
      "node": {
        "label": "contextsByCommand",
        "type": "FieldRead"
      },
      "location-after-char-start": 14994,
      "location-after-char-end": 15010,
      "node-str": "contextsByCommand"
    },
    {
      "type": "insert-node",
      "node": {
        "label": "command",
        "type": "VariableRead"
      },
      "location-after-char-start": 15016,
      "location-after-char-end": 15022,
      "node-str": "command"
    },
    {
      "type": "insert-node",
      "node": {
        "label": "set",
        "type": "VariableRead"
      },
      "location-after-char-start": 15037,
      "location-after-char-end": 15039,
      "node-str": "set"
    },
    {
      "type": "insert-node",
      "node": {
        "label": "null",
        "type": "Literal"
      },
      "location-after-char-start": 15044,
      "location-after-char-end": 15047,
      "node-str": "null"
    },
    {
      "type": "insert-node",
      "node": {
        "label": "\u003d",
        "type": "Assignment"
      },
      "location-after-char-start": 15056,
      "location-after-char-end": 15075,
      "node-str": "\u003d"
    },
    {
      "type": "update-node",
      "node": {
        "label": "sortedMapById",
        "type": "Invocation"
      },
      "location-before-char-start": 13710,
      "location-before-char-end": 13740,
      "location-after-char-start": 15081,
      "location-after-char-end": 15116,
      "node-str": "put"
    },
    {
      "type": "move-subtree",
      "node": {
        "label": "sortedMapById",
        "type": "Invocation"
      },
      "location-before-char-start": 13710,
      "location-before-char-end": 13740,
      "location-after-char-start": 15081,
      "location-after-char-end": 15116,
      "node-str": "put"
    },
    {
      "type": "insert-node",
      "node": {
        "label": "contextsByCommand",
        "type": "FieldRead"
      },
      "location-after-char-start": 12811,
      "location-after-char-end": 12827,
      "node-str": "contextsByCommand"
    },
    {
      "type": "insert-node",
      "node": {
        "label": "commandId",
        "type": "VariableRead"
      },
      "location-after-char-start": 12833,
      "location-after-char-end": 12841,
      "node-str": "commandId"
    },
    {
      "type": "insert-node",
      "node": {
        "label": "set",
        "type": "VariableRead"
      },
      "location-after-char-start": 12855,
      "location-after-char-end": 12857,
      "node-str": "set"
    },
    {
      "type": "insert-node",
      "node": {
        "label": "null",
        "type": "Literal"
      },
      "location-after-char-start": 12862,
      "location-after-char-end": 12865,
      "node-str": "null"
    },
    {
      "type": "insert-node",
      "node": {
        "label": "if",
        "type": "If"
      },
      "location-after-char-start": 12874,
      "location-after-char-end": 13420,
      "node-str": "if"
    },
    {
      "type": "insert-node",
      "node": {
        "label": "if",
        "type": "If"
      },
      "location-after-char-start": 13427,
      "location-after-char-end": 13964,
      "node-str": "if"
    },
    {
      "type": "insert-node",
      "node": {
        "label": "return",
        "type": "Return"
      },
      "location-after-char-start": 13971,
      "location-after-char-end": 13983,
      "node-str": "return"
    },
    {
      "type": "move-subtree",
      "node": {
        "label": "org.eclipse.ui.commands.internal.ActionAndContextManager",
        "type": "TypeAccess"
      },
      "location-before-char-start": 0,
      "location-before-char-end": 0,
      "location-after-char-start": 0,
      "location-after-char-end": 0,
      "node-str": "org.eclipse.ui.commands.internal.ActionAndContextManager"
    },
    {
      "type": "insert-node",
      "node": {
        "label": "set",
        "type": "VariableWrite"
      },
      "location-after-char-start": 15056,
      "location-after-char-end": 15058,
      "node-str": "set"
    },
    {
      "type": "insert-node",
      "node": {
        "label": "java.util.TreeSet()",
        "type": "ConstructorCall"
      },
      "location-after-char-start": 15062,
      "location-after-char-end": 15074,
      "node-str": "java.util.TreeSet()"
    },
    {
      "type": "insert-node",
      "node": {
        "label": "contextsByCommand",
        "type": "FieldRead"
      },
      "location-after-char-start": 15081,
      "location-after-char-end": 15097,
      "node-str": "contextsByCommand"
    },
    {
      "type": "update-node",
      "node": {
        "label": "commands",
        "type": "VariableRead"
      },
      "location-before-char-start": 13732,
      "location-before-char-end": 13739,
      "location-after-char-start": 15103,
      "location-after-char-end": 15109,
      "node-str": "command"
    },
    {
      "type": "insert-node",
      "node": {
        "label": "set",
        "type": "VariableRead"
      },
      "location-after-char-start": 15112,
      "location-after-char-end": 15114,
      "node-str": "set"
    },
    {
      "type": "insert-node",
      "node": {
        "label": "org.eclipse.ui.commands.internal.ActionAndContextManager",
        "type": "TypeAccess"
      },
      "location-after-char-start": 0,
      "location-after-char-end": 0,
      "node-str": "org.eclipse.ui.commands.internal.ActionAndContextManager"
    },
    {
      "type": "insert-node",
      "node": {
        "label": "NE",
        "type": "BinaryOperator"
      },
      "location-after-char-start": 12878,
      "location-after-char-end": 12918,
      "node-str": "NE"
    },
    {
      "type": "insert-node",
      "node": {
        "label": "THEN",
        "type": "then"
      },
      "location-after-char-start": 12921,
      "location-after-char-end": 13420,
      "node-str": "THEN"
    },
    {
      "type": "insert-node",
      "node": {
        "label": "NE",
        "type": "BinaryOperator"
      },
      "location-after-char-start": 13431,
      "location-after-char-end": 13467,
      "node-str": "NE"
    },
    {
      "type": "insert-node",
      "node": {
        "label": "THEN",
        "type": "then"
      },
      "location-after-char-start": 13470,
      "location-after-char-end": 13964,
      "node-str": "THEN"
    },
    {
      "type": "insert-node",
      "node": {
        "label": "false",
        "type": "Literal"
      },
      "location-after-char-start": 13978,
      "location-after-char-end": 13982,
      "node-str": "false"
    },
    {
      "type": "update-node",
      "node": {
        "label": "org.eclipse.ui.internal.commands.Command",
        "type": "TypeAccess"
      },
      "location-before-char-start": 13710,
      "location-before-char-end": 13716,
      "location-after-char-start": 0,
      "location-after-char-end": 0,
      "node-str": "org.eclipse.ui.commands.internal.ActionAndContextManager"
    },
    {
      "type": "move-subtree",
      "node": {
        "label": "org.eclipse.ui.internal.commands.Command",
        "type": "TypeAccess"
      },
      "location-before-char-start": 13710,
      "location-before-char-end": 13716,
      "location-after-char-start": 0,
      "location-after-char-end": 0,
      "node-str": "org.eclipse.ui.commands.internal.ActionAndContextManager"
    },
    {
      "type": "insert-node",
      "node": {
        "label": "activeWorkbenchPartContextService",
        "type": "FieldRead"
      },
      "location-after-char-start": 12878,
      "location-after-char-end": 12910,
      "node-str": "activeWorkbenchPartContextService"
    },
    {
      "type": "insert-node",
      "node": {
        "label": "null",
        "type": "Literal"
      },
      "location-after-char-start": 12915,
      "location-after-char-end": 12918,
      "node-str": "null"
    },
    {
      "type": "insert-node",
      "node": {
        "label": "contexts",
        "type": "LocalVariable"
      },
      "location-after-char-start": 12928,
      "location-after-char-end": 12991,
      "node-str": "contexts"
    },
    {
      "type": "insert-node",
      "node": {
        "label": "if",
        "type": "If"
      },
      "location-after-char-start": 12999,
      "location-after-char-end": 13414,
      "node-str": "if"
    },
    {
      "type": "insert-node",
      "node": {
        "label": "workbenchWindowContextService",
        "type": "FieldRead"
      },
      "location-after-char-start": 13431,
      "location-after-char-end": 13459,
      "node-str": "workbenchWindowContextService"
    },
    {
      "type": "insert-node",
      "node": {
        "label": "null",
        "type": "Literal"
      },
      "location-after-char-start": 13464,
      "location-after-char-end": 13467,
      "node-str": "null"
    },
    {
      "type": "insert-node",
      "node": {
        "label": "contexts",
        "type": "LocalVariable"
      },
      "location-after-char-start": 13477,
      "location-after-char-end": 13536,
      "node-str": "contexts"
    },
    {
      "type": "insert-node",
      "node": {
        "label": "if",
        "type": "If"
      },
      "location-after-char-start": 13546,
      "location-after-char-end": 13958,
      "node-str": "if"
    },
    {
      "type": "insert-node",
      "node": {
        "label": "org.eclipse.ui.commands.internal.ActionAndContextManager",
        "type": "TypeAccess"
      },
      "location-after-char-start": 0,
      "location-after-char-end": 0,
      "node-str": "org.eclipse.ui.commands.internal.ActionAndContextManager"
    },
    {
      "type": "insert-node",
      "node": {
        "label": "java.util.List",
        "type": "VARIABLE_TYPE"
      },
      "location-after-char-start": 0,
      "location-after-char-end": 0,
      "node-str": "java.util.List"
    },
    {
      "type": "insert-node",
      "node": {
        "label": "getContexts",
        "type": "Invocation"
      },
      "location-after-char-start": 12944,
      "location-after-char-end": 12990,
      "node-str": "getContexts"
    },
    {
      "type": "insert-node",
      "node": {
        "label": "NE",
        "type": "BinaryOperator"
      },
      "location-after-char-start": 13003,
      "location-after-char-end": 13018,
      "node-str": "NE"
    },
    {
      "type": "insert-node",
      "node": {
        "label": "THEN",
        "type": "then"
      },
      "location-after-char-start": 13021,
      "location-after-char-end": 13414,
      "node-str": "THEN"
    },
    {
      "type": "insert-node",
      "node": {
        "label": "org.eclipse.ui.commands.internal.ActionAndContextManager",
        "type": "TypeAccess"
      },
      "location-after-char-start": 0,
      "location-after-char-end": 0,
      "node-str": "org.eclipse.ui.commands.internal.ActionAndContextManager"
    },
    {
      "type": "insert-node",
      "node": {
        "label": "java.util.List",
        "type": "VARIABLE_TYPE"
      },
      "location-after-char-start": 0,
      "location-after-char-end": 0,
      "node-str": "java.util.List"
    },
    {
      "type": "insert-node",
      "node": {
        "label": "getContexts",
        "type": "Invocation"
      },
      "location-after-char-start": 13493,
      "location-after-char-end": 13535,
      "node-str": "getContexts"
    },
    {
      "type": "insert-node",
      "node": {
        "label": "NE",
        "type": "BinaryOperator"
      },
      "location-after-char-start": 13550,
      "location-after-char-end": 13565,
      "node-str": "NE"
    },
    {
      "type": "insert-node",
      "node": {
        "label": "THEN",
        "type": "then"
      },
      "location-after-char-start": 13568,
      "location-after-char-end": 13958,
      "node-str": "THEN"
    },
    {
      "type": "insert-node",
      "node": {
        "label": "activeWorkbenchPartContextService",
        "type": "FieldRead"
      },
      "location-after-char-start": 12944,
      "location-after-char-end": 12976,
      "node-str": "activeWorkbenchPartContextService"
    },
    {
      "type": "insert-node",
      "node": {
        "label": "contexts",
        "type": "VariableRead"
      },
      "location-after-char-start": 13003,
      "location-after-char-end": 13010,
      "node-str": "contexts"
    },
    {
      "type": "insert-node",
      "node": {
        "label": "null",
        "type": "Literal"
      },
      "location-after-char-start": 13015,
      "location-after-char-end": 13018,
      "node-str": "null"
    },
    {
      "type": "insert-node",
      "node": {
        "label": "\u003d",
        "type": "Assignment"
      },
      "location-after-char-start": 13060,
      "location-after-char-end": 13094,
      "node-str": "\u003d"
    },
    {
      "type": "insert-node",
      "node": {
        "label": "if",
        "type": "If"
      },
      "location-after-char-start": 13102,
      "location-after-char-end": 13197,
      "node-str": "if"
    },
    {
      "type": "insert-node",
      "node": {
        "label": "iterator",
        "type": "LocalVariable"
      },
      "location-after-char-start": 13209,
      "location-after-char-end": 13248,
      "node-str": "iterator"
    },
    {
      "type": "insert-node",
      "node": {
        "label": "while",
        "type": "While"
      },
      "location-after-char-start": 13261,
      "location-after-char-end": 13407,
      "node-str": "while"
    },
    {
      "type": "insert-node",
      "node": {
        "label": "workbenchWindowContextService",
        "type": "FieldRead"
      },
      "location-after-char-start": 13493,
      "location-after-char-end": 13521,
      "node-str": "workbenchWindowContextService"
    },
    {
      "type": "insert-node",
      "node": {
        "label": "contexts",
        "type": "VariableRead"
      },
      "location-after-char-start": 13550,
      "location-after-char-end": 13557,
      "node-str": "contexts"
    },
    {
      "type": "insert-node",
      "node": {
        "label": "null",
        "type": "Literal"
      },
      "location-after-char-start": 13562,
      "location-after-char-end": 13565,
      "node-str": "null"
    },
    {
      "type": "insert-node",
      "node": {
        "label": "\u003d",
        "type": "Assignment"
      },
      "location-after-char-start": 13607,
      "location-after-char-end": 13641,
      "node-str": "\u003d"
    },
    {
      "type": "insert-node",
      "node": {
        "label": "if",
        "type": "If"
      },
      "location-after-char-start": 13649,
      "location-after-char-end": 13744,
      "node-str": "if"
    },
    {
      "type": "insert-node",
      "node": {
        "label": "iterator",
        "type": "LocalVariable"
      },
      "location-after-char-start": 13753,
      "location-after-char-end": 13792,
      "node-str": "iterator"
    },
    {
      "type": "insert-node",
      "node": {
        "label": "while",
        "type": "While"
      },
      "location-after-char-start": 13805,
      "location-after-char-end": 13951,
      "node-str": "while"
    },
    {
      "type": "insert-node",
      "node": {
        "label": "org.eclipse.ui.commands.internal.ActionAndContextManager",
        "type": "TypeAccess"
      },
      "location-after-char-start": 0,
      "location-after-char-end": 0,
      "node-str": "org.eclipse.ui.commands.internal.ActionAndContextManager"
    },
    {
      "type": "insert-node",
      "node": {
        "label": "contexts",
        "type": "VariableWrite"
      },
      "location-after-char-start": 13060,
      "location-after-char-end": 13067,
      "node-str": "contexts"
    },
    {
      "type": "insert-node",
      "node": {
        "label": "java.util.ArrayList(java.util.Collection)",
        "type": "ConstructorCall"
      },
      "location-after-char-start": 13071,
      "location-after-char-end": 13093,
      "node-str": "java.util.ArrayList(java.util.Collection)"
    },
    {
      "type": "insert-node",
      "node": {
        "label": "EQ",
        "type": "BinaryOperator"
      },
      "location-after-char-start": 13106,
      "location-after-char-end": 13125,
      "node-str": "EQ"
    },
    {
      "type": "insert-node",
      "node": {
        "label": "THEN",
        "type": "then"
      },
      "location-after-char-start": 13135,
      "location-after-char-end": 13197,
      "node-str": "THEN"
    },
    {
      "type": "insert-node",
      "node": {
        "label": "java.util.Iterator",
        "type": "VARIABLE_TYPE"
      },
      "location-after-char-start": 0,
      "location-after-char-end": 0,
      "node-str": "java.util.Iterator"
    },
    {
      "type": "insert-node",
      "node": {
        "label": "iterator",
        "type": "Invocation"
      },
      "location-after-char-start": 13229,
      "location-after-char-end": 13247,
      "node-str": "iterator"
    },
    {
      "type": "insert-node",
      "node": {
        "label": "hasNext",
        "type": "Invocation"
      },
      "location-after-char-start": 13268,
      "location-after-char-end": 13285,
      "node-str": "hasNext"
    },
    {
      "type": "insert-node",
      "node": {
        "label": "context",
        "type": "LocalVariable"
      },
      "location-after-char-start": 13297,
      "location-after-char-end": 13338,
      "node-str": "context"
    },
    {
      "type": "insert-node",
      "node": {
        "label": "if",
        "type": "If"
      },
      "location-after-char-start": 13353,
      "location-after-char-end": 13399,
      "node-str": "if"
    },
    {
      "type": "insert-node",
      "node": {
        "label": "org.eclipse.ui.commands.internal.ActionAndContextManager",
        "type": "TypeAccess"
      },
      "location-after-char-start": 0,
      "location-after-char-end": 0,
      "node-str": "org.eclipse.ui.commands.internal.ActionAndContextManager"
    },
    {
      "type": "insert-node",
      "node": {
        "label": "contexts",
        "type": "VariableWrite"
      },
      "location-after-char-start": 13607,
      "location-after-char-end": 13614,
      "node-str": "contexts"
    },
    {
      "type": "insert-node",
      "node": {
        "label": "java.util.ArrayList(java.util.Collection)",
        "type": "ConstructorCall"
      },
      "location-after-char-start": 13618,
      "location-after-char-end": 13640,
      "node-str": "java.util.ArrayList(java.util.Collection)"
    },
    {
      "type": "insert-node",
      "node": {
        "label": "EQ",
        "type": "BinaryOperator"
      },
      "location-after-char-start": 13653,
      "location-after-char-end": 13672,
      "node-str": "EQ"
    },
    {
      "type": "insert-node",
      "node": {
        "label": "THEN",
        "type": "then"
      },
      "location-after-char-start": 13682,
      "location-after-char-end": 13744,
      "node-str": "THEN"
    },
    {
      "type": "insert-node",
      "node": {
        "label": "java.util.Iterator",
        "type": "VARIABLE_TYPE"
      },
      "location-after-char-start": 0,
      "location-after-char-end": 0,
      "node-str": "java.util.Iterator"
    },
    {
      "type": "insert-node",
      "node": {
        "label": "iterator",
        "type": "Invocation"
      },
      "location-after-char-start": 13773,
      "location-after-char-end": 13791,
      "node-str": "iterator"
    },
    {
      "type": "insert-node",
      "node": {
        "label": "hasNext",
        "type": "Invocation"
      },
      "location-after-char-start": 13812,
      "location-after-char-end": 13829,
      "node-str": "hasNext"
    },
    {
      "type": "insert-node",
      "node": {
        "label": "context",
        "type": "LocalVariable"
      },
      "location-after-char-start": 13841,
      "location-after-char-end": 13882,
      "node-str": "context"
    },
    {
      "type": "insert-node",
      "node": {
        "label": "if",
        "type": "If"
      },
      "location-after-char-start": 13897,
      "location-after-char-end": 13943,
      "node-str": "if"
    },
    {
      "type": "insert-node",
      "node": {
        "label": "contexts",
        "type": "VariableRead"
      },
      "location-after-char-start": 13085,
      "location-after-char-end": 13092,
      "node-str": "contexts"
    },
    {
      "type": "insert-node",
      "node": {
        "label": "size",
        "type": "Invocation"
      },
      "location-after-char-start": 13106,
      "location-after-char-end": 13120,
      "node-str": "size"
    },
    {
      "type": "insert-node",
      "node": {
        "label": "0",
        "type": "Literal"
      },
      "location-after-char-start": 13125,
      "location-after-char-end": 13125,
      "node-str": "0"
    },
    {
      "type": "insert-node",
      "node": {
        "label": "add",
        "type": "Invocation"
      },
      "location-after-char-start": 13135,
      "location-after-char-end": 13197,
      "node-str": "add"
    },
    {
      "type": "insert-node",
      "node": {
        "label": "contexts",
        "type": "VariableRead"
      },
      "location-after-char-start": 13229,
      "location-after-char-end": 13236,
      "node-str": "contexts"
    },
    {
      "type": "insert-node",
      "node": {
        "label": "iterator",
        "type": "VariableRead"
      },
      "location-after-char-start": 13268,
      "location-after-char-end": 13275,
      "node-str": "iterator"
    },
    {
      "type": "insert-node",
      "node": {
        "label": "java.lang.String",
        "type": "VARIABLE_TYPE"
      },
      "location-after-char-start": 0,
      "location-after-char-end": 0,
      "node-str": "java.lang.String"
    },
    {
      "type": "insert-node",
      "node": {
        "label": "next",
        "type": "Invocation"
      },
      "location-after-char-start": 13314,
      "location-after-char-end": 13337,
      "node-str": "next"
    },
    {
      "type": "insert-node",
      "node": {
        "label": "contains",
        "type": "Invocation"
      },
      "location-after-char-start": 13357,
      "location-after-char-end": 13377,
      "node-str": "contains"
    },
    {
      "type": "insert-node",
      "node": {
        "label": "THEN",
        "type": "then"
      },
      "location-after-char-start": 13388,
      "location-after-char-end": 13399,
      "node-str": "THEN"
    },
    {
      "type": "insert-node",
      "node": {
        "label": "contexts",
        "type": "VariableRead"
      },
      "location-after-char-start": 13632,
      "location-after-char-end": 13639,
      "node-str": "contexts"
    },
    {
      "type": "insert-node",
      "node": {
        "label": "size",
        "type": "Invocation"
      },
      "location-after-char-start": 13653,
      "location-after-char-end": 13667,
      "node-str": "size"
    },
    {
      "type": "insert-node",
      "node": {
        "label": "0",
        "type": "Literal"
      },
      "location-after-char-start": 13672,
      "location-after-char-end": 13672,
      "node-str": "0"
    },
    {
      "type": "insert-node",
      "node": {
        "label": "add",
        "type": "Invocation"
      },
      "location-after-char-start": 13682,
      "location-after-char-end": 13744,
      "node-str": "add"
    },
    {
      "type": "insert-node",
      "node": {
        "label": "contexts",
        "type": "VariableRead"
      },
      "location-after-char-start": 13773,
      "location-after-char-end": 13780,
      "node-str": "contexts"
    },
    {
      "type": "insert-node",
      "node": {
        "label": "iterator",
        "type": "VariableRead"
      },
      "location-after-char-start": 13812,
      "location-after-char-end": 13819,
      "node-str": "iterator"
    },
    {
      "type": "insert-node",
      "node": {
        "label": "java.lang.String",
        "type": "VARIABLE_TYPE"
      },
      "location-after-char-start": 0,
      "location-after-char-end": 0,
      "node-str": "java.lang.String"
    },
    {
      "type": "insert-node",
      "node": {
        "label": "next",
        "type": "Invocation"
      },
      "location-after-char-start": 13858,
      "location-after-char-end": 13881,
      "node-str": "next"
    },
    {
      "type": "insert-node",
      "node": {
        "label": "contains",
        "type": "Invocation"
      },
      "location-after-char-start": 13901,
      "location-after-char-end": 13921,
      "node-str": "contains"
    },
    {
      "type": "insert-node",
      "node": {
        "label": "THEN",
        "type": "then"
      },
      "location-after-char-start": 13932,
      "location-after-char-end": 13943,
      "node-str": "THEN"
    },
    {
      "type": "insert-node",
      "node": {
        "label": "contexts",
        "type": "VariableRead"
      },
      "location-after-char-start": 13106,
      "location-after-char-end": 13113,
      "node-str": "contexts"
    },
    {
      "type": "insert-node",
      "node": {
        "label": "contexts",
        "type": "VariableRead"
      },
      "location-after-char-start": 13135,
      "location-after-char-end": 13142,
      "node-str": "contexts"
    },
    {
      "type": "insert-node",
      "node": {
        "label": "IWorkbenchConstants.DEFAULT_ACCELERATOR_SCOPE_ID",
        "type": "TypeAccess"
      },
      "location-after-char-start": 13148,
      "location-after-char-end": 13195,
      "node-str": "IWorkbenchConstants.DEFAULT_ACCELERATOR_SCOPE_ID"
    },
    {
      "type": "insert-node",
      "node": {
        "label": "iterator",
        "type": "VariableRead"
      },
      "location-after-char-start": 13323,
      "location-after-char-end": 13330,
      "node-str": "iterator"
    },
    {
      "type": "insert-node",
      "node": {
        "label": "set",
        "type": "VariableRead"
      },
      "location-after-char-start": 13357,
      "location-after-char-end": 13359,
      "node-str": "set"
    },
    {
      "type": "insert-node",
      "node": {
        "label": "context",
        "type": "VariableRead"
      },
      "location-after-char-start": 13370,
      "location-after-char-end": 13376,
      "node-str": "context"
    },
    {
      "type": "insert-node",
      "node": {
        "label": "return",
        "type": "Return"
      },
      "location-after-char-start": 13388,
      "location-after-char-end": 13399,
      "node-str": "return"
    },
    {
      "type": "insert-node",
      "node": {
        "label": "contexts",
        "type": "VariableRead"
      },
      "location-after-char-start": 13653,
      "location-after-char-end": 13660,
      "node-str": "contexts"
    },
    {
      "type": "insert-node",
      "node": {
        "label": "contexts",
        "type": "VariableRead"
      },
      "location-after-char-start": 13682,
      "location-after-char-end": 13689,
      "node-str": "contexts"
    },
    {
      "type": "insert-node",
      "node": {
        "label": "IWorkbenchConstants.DEFAULT_ACCELERATOR_SCOPE_ID",
        "type": "TypeAccess"
      },
      "location-after-char-start": 13695,
      "location-after-char-end": 13742,
      "node-str": "IWorkbenchConstants.DEFAULT_ACCELERATOR_SCOPE_ID"
    },
    {
      "type": "insert-node",
      "node": {
        "label": "iterator",
        "type": "VariableRead"
      },
      "location-after-char-start": 13867,
      "location-after-char-end": 13874,
      "node-str": "iterator"
    },
    {
      "type": "insert-node",
      "node": {
        "label": "set",
        "type": "VariableRead"
      },
      "location-after-char-start": 13901,
      "location-after-char-end": 13903,
      "node-str": "set"
    },
    {
      "type": "insert-node",
      "node": {
        "label": "context",
        "type": "VariableRead"
      },
      "location-after-char-start": 13914,
      "location-after-char-end": 13920,
      "node-str": "context"
    },
    {
      "type": "insert-node",
      "node": {
        "label": "return",
        "type": "Return"
      },
      "location-after-char-start": 13932,
      "location-after-char-end": 13943,
      "node-str": "return"
    },
    {
      "type": "insert-node",
      "node": {
        "label": "true",
        "type": "Literal"
      },
      "location-after-char-start": 13395,
      "location-after-char-end": 13398,
      "node-str": "true"
    },
    {
      "type": "insert-node",
      "node": {
        "label": "true",
        "type": "Literal"
      },
      "location-after-char-start": 13939,
      "location-after-char-end": 13942,
      "node-str": "true"
    },
    {
      "type": "delete-node",
      "node": {
        "label": "contexts",
        "type": "Field"
      },
      "location-before-char-start": 12434,
      "location-before-char-end": 12454,
      "node-str": "contexts"
    },
    {
      "type": "delete-node",
      "node": {
        "label": "contexts",
        "type": "FieldWrite"
      },
      "location-before-char-start": 13029,
      "location-before-char-end": 13036,
      "node-str": "contexts"
    },
    {
      "type": "delete-node",
      "node": {
        "label": "java.util.Collections",
        "type": "TypeAccess"
      },
      "location-before-char-start": 13040,
      "location-before-char-end": 13050,
      "node-str": "java.util.Collections"
    },
    {
      "type": "delete-node",
      "node": {
        "label": "EMPTY_SET",
        "type": "FieldRead"
      },
      "location-before-char-start": 13040,
      "location-before-char-end": 13060,
      "node-str": "EMPTY_SET"
    },
    {
      "type": "delete-node",
      "node": {
        "label": "\u003d",
        "type": "Assignment"
      },
      "location-before-char-start": 13029,
      "location-before-char-end": 13061,
      "node-str": "\u003d"
    },
    {
      "type": "delete-node",
      "node": {
        "label": "java.util.Collections",
        "type": "TypeAccess"
      },
      "location-before-char-start": 13676,
      "location-before-char-end": 13686,
      "node-str": "java.util.Collections"
    },
    {
      "type": "delete-node",
      "node": {
        "label": "unmodifiableSortedMap",
        "type": "Invocation"
      },
      "location-before-char-start": 13676,
      "location-before-char-end": 13741,
      "node-str": "unmodifiableSortedMap"
    }
  ],
  "before-file": {},
  "after-file": {},
  "mapping": {}
}