{
  "tool-info": {},
  "diff": [
    {
      "type": "move-subtree",
      "node": {
        "label": "",
        "type": "Catch"
      },
      "location-before-char-start": 9630,
      "location-before-char-end": 9738,
      "location-after-char-start": 9997,
      "location-after-char-end": 10105,
      "node-str": ""
    },
    {
      "type": "insert-node",
      "node": {
        "label": "",
        "type": "Catch"
      },
      "location-after-char-start": 9682,
      "location-after-char-end": 9810,
      "node-str": ""
    },
    {
      "type": "insert-node",
      "node": {
        "label": "e",
        "type": "CatchVariable"
      },
      "location-after-char-start": 9690,
      "location-after-char-end": 9713,
      "node-str": "e"
    },
    {
      "type": "insert-node",
      "node": {
        "label": "",
        "type": "Throw"
      },
      "location-after-char-start": 9720,
      "location-after-char-end": 9803,
      "node-str": ""
    },
    {
      "type": "insert-node",
      "node": {
        "label": "t",
        "type": "LocalVariable"
      },
      "location-after-char-start": 9852,
      "location-after-char-end": 9888,
      "node-str": "t"
    },
    {
      "type": "insert-node",
      "node": {
        "label": "java.lang.IllegalAccessException",
        "type": "VARIABLE_TYPE"
      },
      "location-after-char-start": 0,
      "location-after-char-end": 0,
      "node-str": "java.lang.IllegalAccessException"
    },
    {
      "type": "insert-node",
      "node": {
        "label": "java.lang.Object()",
        "type": "ConstructorCall"
      },
      "location-after-char-start": 9726,
      "location-after-char-end": 9802,
      "node-str": "java.lang.Object()"
    },
    {
      "type": "update-node",
      "node": {
        "label": "java.lang.NoSuchMethodException",
        "type": "VARIABLE_TYPE"
      },
      "location-before-char-start": 0,
      "location-before-char-end": 0,
      "location-after-char-start": 0,
      "location-after-char-end": 0,
      "node-str": "java.lang.reflect.InvocationTargetException"
    },
    {
      "type": "insert-node",
      "node": {
        "label": "java.lang.Throwable",
        "type": "VARIABLE_TYPE"
      },
      "location-after-char-start": 0,
      "location-after-char-end": 0,
      "node-str": "java.lang.Throwable"
    },
    {
      "type": "insert-node",
      "node": {
        "label": "getTargetException",
        "type": "Invocation"
      },
      "location-after-char-start": 9866,
      "location-after-char-end": 9887,
      "node-str": "getTargetException"
    },
    {
      "type": "update-node",
      "node": {
        "label": "java.lang.Exception",
        "type": "VARIABLE_TYPE"
      },
      "location-before-char-start": 0,
      "location-before-char-end": 0,
      "location-after-char-start": 0,
      "location-after-char-end": 0,
      "node-str": "java.lang.NoSuchMethodException"
    },
    {
      "type": "insert-node",
      "node": {
        "label": "getMessage",
        "type": "Invocation"
      },
      "location-after-char-start": 9750,
      "location-after-char-end": 9801,
      "node-str": "getMessage"
    },
    {
      "type": "insert-node",
      "node": {
        "label": "e",
        "type": "VariableRead"
      },
      "location-after-char-start": 9866,
      "location-after-char-end": 9866,
      "node-str": "e"
    },
    {
      "type": "insert-node",
      "node": {
        "label": "messages",
        "type": "FieldRead"
      },
      "location-after-char-start": 9750,
      "location-after-char-end": 9757,
      "node-str": "messages"
    },
    {
      "type": "insert-node",
      "node": {
        "label": "\"getter.access\"",
        "type": "Literal"
      },
      "location-after-char-start": 9770,
      "location-after-char-end": 9784,
      "node-str": "\"getter.access\""
    },
    {
      "type": "insert-node",
      "node": {
        "label": "property",
        "type": "FieldRead"
      },
      "location-after-char-start": 9787,
      "location-after-char-end": 9794,
      "node-str": "property"
    },
    {
      "type": "insert-node",
      "node": {
        "label": "name",
        "type": "FieldRead"
      },
      "location-after-char-start": 9797,
      "location-after-char-end": 9800,
      "node-str": "name"
    },
    {
      "type": "update-node",
      "node": {
        "label": "\"getter.method\"",
        "type": "Literal"
      },
      "location-before-char-start": 9826,
      "location-before-char-end": 9840,
      "location-after-char-start": 9942,
      "location-after-char-end": 9956,
      "node-str": "\"getter.result\""
    },
    {
      "type": "insert-node",
      "node": {
        "label": "toString",
        "type": "Invocation"
      },
      "location-after-char-start": 9975,
      "location-after-char-end": 9986,
      "node-str": "toString"
    },
    {
      "type": "update-node",
      "node": {
        "label": "\"getter.result\"",
        "type": "Literal"
      },
      "location-before-char-start": 9936,
      "location-before-char-end": 9950,
      "location-after-char-start": 10193,
      "location-after-char-end": 10207,
      "node-str": "\"getter.method\""
    },
    {
      "type": "insert-node",
      "node": {
        "label": "name",
        "type": "FieldRead"
      },
      "location-after-char-start": 10220,
      "location-after-char-end": 10223,
      "node-str": "name"
    },
    {
      "type": "insert-node",
      "node": {
        "label": "org.apache.struts.taglib.Link1Tag",
        "type": "TypeAccess"
      },
      "location-after-char-start": 0,
      "location-after-char-end": 0,
      "node-str": "org.apache.struts.taglib.Link1Tag"
    },
    {
      "type": "insert-node",
      "node": {
        "label": "org.apache.struts.taglib.Link1Tag",
        "type": "TypeAccess"
      },
      "location-after-char-start": 0,
      "location-after-char-end": 0,
      "node-str": "org.apache.struts.taglib.Link1Tag"
    },
    {
      "type": "insert-node",
      "node": {
        "label": "t",
        "type": "VariableRead"
      },
      "location-after-char-start": 9975,
      "location-after-char-end": 9975,
      "node-str": "t"
    },
    {
      "type": "insert-node",
      "node": {
        "label": "org.apache.struts.taglib.Link1Tag",
        "type": "TypeAccess"
      },
      "location-after-char-start": 0,
      "location-after-char-end": 0,
      "node-str": "org.apache.struts.taglib.Link1Tag"
    },
    {
      "type": "delete-node",
      "node": {
        "label": "e",
        "type": "VariableRead"
      },
      "location-before-char-start": 9969,
      "location-before-char-end": 9969,
      "node-str": "e"
    },
    {
      "type": "delete-node",
      "node": {
        "label": "toString",
        "type": "Invocation"
      },
      "location-before-char-start": 9969,
      "location-before-char-end": 9980,
      "node-str": "toString"
    }
  ],
  "before-file": {},
  "after-file": {},
  "mapping": {}
}