{
  "tool-info": {},
  "diff": [
    {
      "type": "insert-node",
      "node": {
        "label": "public",
        "type": "Modifier"
      },
      "location-after-char-start": 0,
      "location-after-char-end": 0,
      "node-str": "public"
    },
    {
      "type": "insert-node",
      "node": {
        "label": "",
        "type": "TypeReference"
      },
      "location-after-char-start": 522,
      "location-after-char-end": 532,
      "node-str": ""
    },
    {
      "type": "insert-node",
      "node": {
        "label": "fClass",
        "type": "Field"
      },
      "location-after-char-start": 537,
      "location-after-char-end": 566,
      "node-str": "fClass"
    },
    {
      "type": "insert-node",
      "node": {
        "label": "fMethodsForAnnotations",
        "type": "Field"
      },
      "location-after-char-start": 570,
      "location-after-char-end": 685,
      "node-str": "fMethodsForAnnotations"
    },
    {
      "type": "insert-node",
      "node": {
        "label": "\u003cinit\u003e",
        "type": "Constructor"
      },
      "location-after-char-start": 689,
      "location-after-char-end": 1063,
      "node-str": "\u003cinit\u003e"
    },
    {
      "type": "insert-node",
      "node": {
        "label": "computeAnnotations",
        "type": "Method"
      },
      "location-after-char-start": 1252,
      "location-after-char-end": 1375,
      "node-str": "computeAnnotations"
    },
    {
      "type": "insert-node",
      "node": {
        "label": "validateMethods",
        "type": "Method"
      },
      "location-after-char-start": 3109,
      "location-after-char-end": 3387,
      "node-str": "validateMethods"
    },
    {
      "type": "insert-node",
      "node": {
        "label": "org.junit.internal.runners.model.TestElement",
        "type": "SUPER_TYPE"
      },
      "location-after-char-start": 0,
      "location-after-char-end": 0,
      "node-str": "org.junit.internal.runners.model.TestElement"
    },
    {
      "type": "insert-node",
      "node": {
        "label": "java.lang.Class",
        "type": "VARIABLE_TYPE"
      },
      "location-after-char-start": 0,
      "location-after-char-end": 0,
      "node-str": "java.lang.Class"
    },
    {
      "type": "insert-node",
      "node": {
        "label": "final",
        "type": "Modifier"
      },
      "location-after-char-start": 0,
      "location-after-char-end": 0,
      "node-str": "final"
    },
    {
      "type": "insert-node",
      "node": {
        "label": "java.util.Map",
        "type": "VARIABLE_TYPE"
      },
      "location-after-char-start": 0,
      "location-after-char-end": 0,
      "node-str": "java.util.Map"
    },
    {
      "type": "insert-node",
      "node": {
        "label": "java.util.HashMap()",
        "type": "ConstructorCall"
      },
      "location-after-char-start": 639,
      "location-after-char-end": 684,
      "node-str": "java.util.HashMap()"
    },
    {
      "type": "insert-node",
      "node": {
        "label": "public",
        "type": "Modifier"
      },
      "location-after-char-start": 0,
      "location-after-char-end": 0,
      "node-str": "public"
    },
    {
      "type": "insert-node",
      "node": {
        "label": "klass",
        "type": "Parameter"
      },
      "location-after-char-start": 706,
      "location-after-char-end": 719,
      "node-str": "klass"
    },
    {
      "type": "insert-node",
      "node": {
        "label": "\u003d",
        "type": "Assignment"
      },
      "location-after-char-start": 726,
      "location-after-char-end": 739,
      "node-str": "\u003d"
    },
    {
      "type": "move-subtree",
      "node": {
        "label": "if",
        "type": "If"
      },
      "location-before-char-start": 737,
      "location-before-char-end": 881,
      "location-after-char-start": 743,
      "location-after-char-end": 887,
      "node-str": "if"
    },
    {
      "type": "insert-node",
      "node": {
        "label": "",
        "type": "ForEach"
      },
      "location-after-char-start": 892,
      "location-after-char-end": 1060,
      "node-str": ""
    },
    {
      "type": "insert-node",
      "node": {
        "label": "java.lang.annotation.Annotation[]",
        "type": "RETURN_TYPE"
      },
      "location-after-char-start": 0,
      "location-after-char-end": 0,
      "node-str": "java.lang.annotation.Annotation[]"
    },
    {
      "type": "insert-node",
      "node": {
        "label": "protected",
        "type": "Modifier"
      },
      "location-after-char-start": 0,
      "location-after-char-end": 0,
      "node-str": "protected"
    },
    {
      "type": "insert-node",
      "node": {
        "label": "testMethod",
        "type": "Parameter"
      },
      "location-after-char-start": 1294,
      "location-after-char-end": 1319,
      "node-str": "testMethod"
    },
    {
      "type": "insert-node",
      "node": {
        "label": "return",
        "type": "Return"
      },
      "location-after-char-start": 1326,
      "location-after-char-end": 1372,
      "node-str": "return"
    },
    {
      "type": "insert-node",
      "node": {
        "label": "void",
        "type": "RETURN_TYPE"
      },
      "location-after-char-start": 0,
      "location-after-char-end": 0,
      "node-str": "void"
    },
    {
      "type": "insert-node",
      "node": {
        "label": "public",
        "type": "Modifier"
      },
      "location-after-char-start": 0,
      "location-after-char-end": 0,
      "node-str": "public"
    },
    {
      "type": "insert-node",
      "node": {
        "label": "annotation",
        "type": "Parameter"
      },
      "location-after-char-start": 3137,
      "location-after-char-end": 3174,
      "node-str": "annotation"
    },
    {
      "type": "insert-node",
      "node": {
        "label": "isStatic",
        "type": "Parameter"
      },
      "location-after-char-start": 3180,
      "location-after-char-end": 3195,
      "node-str": "isStatic"
    },
    {
      "type": "insert-node",
      "node": {
        "label": "errors",
        "type": "Parameter"
      },
      "location-after-char-start": 3198,
      "location-after-char-end": 3219,
      "node-str": "errors"
    },
    {
      "type": "move-subtree",
      "node": {
        "label": "methods",
        "type": "LocalVariable"
      },
      "location-before-char-start": 3220,
      "location-before-char-end": 3282,
      "location-after-char-start": 3226,
      "location-after-char-end": 3288,
      "node-str": "methods"
    },
    {
      "type": "insert-node",
      "node": {
        "label": "",
        "type": "ForEach"
      },
      "location-after-char-start": 3293,
      "location-after-char-end": 3384,
      "node-str": ""
    },
    {
      "type": "insert-node",
      "node": {
        "label": "java.lang.Class",
        "type": "VARIABLE_TYPE"
      },
      "location-after-char-start": 0,
      "location-after-char-end": 0,
      "node-str": "java.lang.Class"
    },
    {
      "type": "insert-node",
      "node": {
        "label": "fClass",
        "type": "FieldWrite"
      },
      "location-after-char-start": 726,
      "location-after-char-end": 731,
      "node-str": "fClass"
    },
    {
      "type": "insert-node",
      "node": {
        "label": "klass",
        "type": "VariableRead"
      },
      "location-after-char-start": 734,
      "location-after-char-end": 738,
      "node-str": "klass"
    },
    {
      "type": "insert-node",
      "node": {
        "label": "eachClass",
        "type": "LocalVariable"
      },
      "location-after-char-start": 897,
      "location-after-char-end": 914,
      "node-str": "eachClass"
    },
    {
      "type": "insert-node",
      "node": {
        "label": "getSuperClasses",
        "type": "Invocation"
      },
      "location-after-char-start": 918,
      "location-after-char-end": 940,
      "node-str": "getSuperClasses"
    },
    {
      "type": "insert-node",
      "node": {
        "label": "",
        "type": "ForEach"
      },
      "location-after-char-start": 946,
      "location-after-char-end": 1060,
      "node-str": ""
    },
    {
      "type": "update-node",
      "node": {
        "label": "org.junit.runners.FrameworkMethod",
        "type": "VARIABLE_TYPE"
      },
      "location-before-char-start": 0,
      "location-before-char-end": 0,
      "location-after-char-start": 0,
      "location-after-char-end": 0,
      "node-str": "org.junit.runners.model.FrameworkMethod"
    },
    {
      "type": "insert-node",
      "node": {
        "label": "org.junit.runners.model.FrameworkMethod",
        "type": "VARIABLE_TYPE"
      },
      "location-after-char-start": 0,
      "location-after-char-end": 0,
      "node-str": "org.junit.runners.model.FrameworkMethod"
    },
    {
      "type": "insert-node",
      "node": {
        "label": "getAnnotations",
        "type": "Invocation"
      },
      "location-after-char-start": 1333,
      "location-after-char-end": 1371,
      "node-str": "getAnnotations"
    },
    {
      "type": "update-node",
      "node": {
        "label": "org.junit.runners.FrameworkMethod",
        "type": "VARIABLE_TYPE"
      },
      "location-before-char-start": 0,
      "location-before-char-end": 0,
      "location-after-char-start": 0,
      "location-after-char-end": 0,
      "node-str": "org.junit.runners.model.FrameworkMethod"
    },
    {
      "type": "insert-node",
      "node": {
        "label": "java.lang.Class",
        "type": "VARIABLE_TYPE"
      },
      "location-after-char-start": 0,
      "location-after-char-end": 0,
      "node-str": "java.lang.Class"
    },
    {
      "type": "insert-node",
      "node": {
        "label": "boolean",
        "type": "VARIABLE_TYPE"
      },
      "location-after-char-start": 0,
      "location-after-char-end": 0,
      "node-str": "boolean"
    },
    {
      "type": "insert-node",
      "node": {
        "label": "java.util.List",
        "type": "VARIABLE_TYPE"
      },
      "location-after-char-start": 0,
      "location-after-char-end": 0,
      "node-str": "java.util.List"
    },
    {
      "type": "insert-node",
      "node": {
        "label": "eachTestMethod",
        "type": "LocalVariable"
      },
      "location-after-char-start": 3298,
      "location-after-char-end": 3327,
      "node-str": "eachTestMethod"
    },
    {
      "type": "insert-node",
      "node": {
        "label": "methods",
        "type": "VariableRead"
      },
      "location-after-char-start": 3331,
      "location-after-char-end": 3337,
      "node-str": "methods"
    },
    {
      "type": "insert-node",
      "node": {
        "label": "validate",
        "type": "Invocation"
      },
      "location-after-char-start": 3343,
      "location-after-char-end": 3384,
      "node-str": "validate"
    },
    {
      "type": "insert-node",
      "node": {
        "label": "org.junit.internal.runners.model.TestClass",
        "type": "TypeAccess"
      },
      "location-after-char-start": 0,
      "location-after-char-end": 0,
      "node-str": "org.junit.internal.runners.model.TestClass"
    },
    {
      "type": "insert-node",
      "node": {
        "label": "java.lang.Class",
        "type": "VARIABLE_TYPE"
      },
      "location-after-char-start": 0,
      "location-after-char-end": 0,
      "node-str": "java.lang.Class"
    },
    {
      "type": "insert-node",
      "node": {
        "label": "org.junit.internal.runners.model.TestClass",
        "type": "TypeAccess"
      },
      "location-after-char-start": 0,
      "location-after-char-end": 0,
      "node-str": "org.junit.internal.runners.model.TestClass"
    },
    {
      "type": "insert-node",
      "node": {
        "label": "fClass",
        "type": "FieldRead"
      },
      "location-after-char-start": 934,
      "location-after-char-end": 939,
      "node-str": "fClass"
    },
    {
      "type": "insert-node",
      "node": {
        "label": "eachMethod",
        "type": "LocalVariable"
      },
      "location-after-char-start": 951,
      "location-after-char-end": 967,
      "node-str": "eachMethod"
    },
    {
      "type": "insert-node",
      "node": {
        "label": "getDeclaredMethods",
        "type": "Invocation"
      },
      "location-after-char-start": 971,
      "location-after-char-end": 1000,
      "node-str": "getDeclaredMethods"
    },
    {
      "type": "insert-node",
      "node": {
        "label": "addToAnnotationLists",
        "type": "Invocation"
      },
      "location-after-char-start": 1007,
      "location-after-char-end": 1060,
      "node-str": "addToAnnotationLists"
    },
    {
      "type": "insert-node",
      "node": {
        "label": "getMethod",
        "type": "Invocation"
      },
      "location-after-char-start": 1333,
      "location-after-char-end": 1354,
      "node-str": "getMethod"
    },
    {
      "type": "insert-node",
      "node": {
        "label": "org.junit.runners.model.FrameworkMethod",
        "type": "VARIABLE_TYPE"
      },
      "location-after-char-start": 0,
      "location-after-char-end": 0,
      "node-str": "org.junit.runners.model.FrameworkMethod"
    },
    {
      "type": "insert-node",
      "node": {
        "label": "eachTestMethod",
        "type": "VariableRead"
      },
      "location-after-char-start": 3343,
      "location-after-char-end": 3356,
      "node-str": "eachTestMethod"
    },
    {
      "type": "insert-node",
      "node": {
        "label": "isStatic",
        "type": "VariableRead"
      },
      "location-after-char-start": 3367,
      "location-after-char-end": 3374,
      "node-str": "isStatic"
    },
    {
      "type": "insert-node",
      "node": {
        "label": "errors",
        "type": "VariableRead"
      },
      "location-after-char-start": 3377,
      "location-after-char-end": 3382,
      "node-str": "errors"
    },
    {
      "type": "insert-node",
      "node": {
        "label": "org.junit.internal.runners.model.TestClass",
        "type": "TypeAccess"
      },
      "location-after-char-start": 0,
      "location-after-char-end": 0,
      "node-str": "org.junit.internal.runners.model.TestClass"
    },
    {
      "type": "insert-node",
      "node": {
        "label": "java.lang.reflect.Method",
        "type": "VARIABLE_TYPE"
      },
      "location-after-char-start": 0,
      "location-after-char-end": 0,
      "node-str": "java.lang.reflect.Method"
    },
    {
      "type": "insert-node",
      "node": {
        "label": "eachClass",
        "type": "VariableRead"
      },
      "location-after-char-start": 971,
      "location-after-char-end": 979,
      "node-str": "eachClass"
    },
    {
      "type": "insert-node",
      "node": {
        "label": "org.junit.internal.runners.model.TestClass",
        "type": "TypeAccess"
      },
      "location-after-char-start": 0,
      "location-after-char-end": 0,
      "node-str": "org.junit.internal.runners.model.TestClass"
    },
    {
      "type": "insert-node",
      "node": {
        "label": "org.junit.runners.model.FrameworkMethod(java.lang.reflect.Method)",
        "type": "ConstructorCall"
      },
      "location-after-char-start": 1028,
      "location-after-char-end": 1058,
      "node-str": "org.junit.runners.model.FrameworkMethod(java.lang.reflect.Method)"
    },
    {
      "type": "insert-node",
      "node": {
        "label": "testMethod",
        "type": "VariableRead"
      },
      "location-after-char-start": 1333,
      "location-after-char-end": 1342,
      "node-str": "testMethod"
    },
    {
      "type": "insert-node",
      "node": {
        "label": "eachMethod",
        "type": "VariableRead"
      },
      "location-after-char-start": 1048,
      "location-after-char-end": 1057,
      "node-str": "eachMethod"
    },
    {
      "type": "delete-node",
      "node": {
        "label": "public",
        "type": "Modifier"
      },
      "location-before-char-start": 0,
      "location-before-char-end": 0,
      "node-str": "public"
    },
    {
      "type": "delete-node",
      "node": {
        "label": "org.junit.internal.runners.model.TestElement",
        "type": "SUPER_TYPE"
      },
      "location-before-char-start": 0,
      "location-before-char-end": 0,
      "node-str": "org.junit.internal.runners.model.TestElement"
    },
    {
      "type": "delete-node",
      "node": {
        "label": "",
        "type": "TypeReference"
      },
      "location-before-char-start": 516,
      "location-before-char-end": 526,
      "node-str": ""
    },
    {
      "type": "delete-node",
      "node": {
        "label": "java.lang.Class",
        "type": "VARIABLE_TYPE"
      },
      "location-before-char-start": 0,
      "location-before-char-end": 0,
      "node-str": "java.lang.Class"
    },
    {
      "type": "delete-node",
      "node": {
        "label": "final",
        "type": "Modifier"
      },
      "location-before-char-start": 0,
      "location-before-char-end": 0,
      "node-str": "final"
    },
    {
      "type": "delete-node",
      "node": {
        "label": "fClass",
        "type": "Field"
      },
      "location-before-char-start": 531,
      "location-before-char-end": 560,
      "node-str": "fClass"
    },
    {
      "type": "delete-node",
      "node": {
        "label": "java.util.Map",
        "type": "VARIABLE_TYPE"
      },
      "location-before-char-start": 0,
      "location-before-char-end": 0,
      "node-str": "java.util.Map"
    },
    {
      "type": "delete-node",
      "node": {
        "label": "java.util.HashMap()",
        "type": "ConstructorCall"
      },
      "location-before-char-start": 633,
      "location-before-char-end": 678,
      "node-str": "java.util.HashMap()"
    },
    {
      "type": "delete-node",
      "node": {
        "label": "fMethodsForAnnotations",
        "type": "Field"
      },
      "location-before-char-start": 564,
      "location-before-char-end": 679,
      "node-str": "fMethodsForAnnotations"
    },
    {
      "type": "delete-node",
      "node": {
        "label": "public",
        "type": "Modifier"
      },
      "location-before-char-start": 0,
      "location-before-char-end": 0,
      "node-str": "public"
    },
    {
      "type": "delete-node",
      "node": {
        "label": "java.lang.Class",
        "type": "VARIABLE_TYPE"
      },
      "location-before-char-start": 0,
      "location-before-char-end": 0,
      "node-str": "java.lang.Class"
    },
    {
      "type": "delete-node",
      "node": {
        "label": "klass",
        "type": "Parameter"
      },
      "location-before-char-start": 700,
      "location-before-char-end": 713,
      "node-str": "klass"
    },
    {
      "type": "delete-node",
      "node": {
        "label": "org.junit.internal.runners.model.TestClass",
        "type": "TypeAccess"
      },
      "location-before-char-start": 0,
      "location-before-char-end": 0,
      "node-str": "org.junit.internal.runners.model.TestClass"
    },
    {
      "type": "delete-node",
      "node": {
        "label": "fClass",
        "type": "FieldWrite"
      },
      "location-before-char-start": 720,
      "location-before-char-end": 725,
      "node-str": "fClass"
    },
    {
      "type": "delete-node",
      "node": {
        "label": "klass",
        "type": "VariableRead"
      },
      "location-before-char-start": 728,
      "location-before-char-end": 732,
      "node-str": "klass"
    },
    {
      "type": "delete-node",
      "node": {
        "label": "\u003d",
        "type": "Assignment"
      },
      "location-before-char-start": 720,
      "location-before-char-end": 733,
      "node-str": "\u003d"
    },
    {
      "type": "delete-node",
      "node": {
        "label": "java.lang.Class",
        "type": "VARIABLE_TYPE"
      },
      "location-before-char-start": 0,
      "location-before-char-end": 0,
      "node-str": "java.lang.Class"
    },
    {
      "type": "delete-node",
      "node": {
        "label": "eachClass",
        "type": "LocalVariable"
      },
      "location-before-char-start": 891,
      "location-before-char-end": 908,
      "node-str": "eachClass"
    },
    {
      "type": "delete-node",
      "node": {
        "label": "org.junit.internal.runners.model.TestClass",
        "type": "TypeAccess"
      },
      "location-before-char-start": 0,
      "location-before-char-end": 0,
      "node-str": "org.junit.internal.runners.model.TestClass"
    },
    {
      "type": "delete-node",
      "node": {
        "label": "org.junit.internal.runners.model.TestClass",
        "type": "TypeAccess"
      },
      "location-before-char-start": 0,
      "location-before-char-end": 0,
      "node-str": "org.junit.internal.runners.model.TestClass"
    },
    {
      "type": "delete-node",
      "node": {
        "label": "fClass",
        "type": "FieldRead"
      },
      "location-before-char-start": 928,
      "location-before-char-end": 933,
      "node-str": "fClass"
    },
    {
      "type": "delete-node",
      "node": {
        "label": "getSuperClasses",
        "type": "Invocation"
      },
      "location-before-char-start": 912,
      "location-before-char-end": 934,
      "node-str": "getSuperClasses"
    },
    {
      "type": "delete-node",
      "node": {
        "label": "java.lang.reflect.Method",
        "type": "VARIABLE_TYPE"
      },
      "location-before-char-start": 0,
      "location-before-char-end": 0,
      "node-str": "java.lang.reflect.Method"
    },
    {
      "type": "delete-node",
      "node": {
        "label": "eachMethod",
        "type": "LocalVariable"
      },
      "location-before-char-start": 945,
      "location-before-char-end": 961,
      "node-str": "eachMethod"
    },
    {
      "type": "delete-node",
      "node": {
        "label": "eachClass",
        "type": "VariableRead"
      },
      "location-before-char-start": 965,
      "location-before-char-end": 973,
      "node-str": "eachClass"
    },
    {
      "type": "delete-node",
      "node": {
        "label": "getDeclaredMethods",
        "type": "Invocation"
      },
      "location-before-char-start": 965,
      "location-before-char-end": 994,
      "node-str": "getDeclaredMethods"
    },
    {
      "type": "delete-node",
      "node": {
        "label": "org.junit.internal.runners.model.TestClass",
        "type": "TypeAccess"
      },
      "location-before-char-start": 0,
      "location-before-char-end": 0,
      "node-str": "org.junit.internal.runners.model.TestClass"
    },
    {
      "type": "delete-node",
      "node": {
        "label": "eachMethod",
        "type": "VariableRead"
      },
      "location-before-char-start": 1042,
      "location-before-char-end": 1051,
      "node-str": "eachMethod"
    },
    {
      "type": "delete-node",
      "node": {
        "label": "org.junit.runners.FrameworkMethod(java.lang.reflect.Method)",
        "type": "ConstructorCall"
      },
      "location-before-char-start": 1022,
      "location-before-char-end": 1052,
      "node-str": "org.junit.runners.FrameworkMethod(java.lang.reflect.Method)"
    },
    {
      "type": "delete-node",
      "node": {
        "label": "addToAnnotationLists",
        "type": "Invocation"
      },
      "location-before-char-start": 1001,
      "location-before-char-end": 1054,
      "node-str": "addToAnnotationLists"
    },
    {
      "type": "delete-node",
      "node": {
        "label": "",
        "type": "ForEach"
      },
      "location-before-char-start": 940,
      "location-before-char-end": 1054,
      "node-str": ""
    },
    {
      "type": "delete-node",
      "node": {
        "label": "",
        "type": "ForEach"
      },
      "location-before-char-start": 886,
      "location-before-char-end": 1054,
      "node-str": ""
    },
    {
      "type": "delete-node",
      "node": {
        "label": "\u003cinit\u003e",
        "type": "Constructor"
      },
      "location-before-char-start": 683,
      "location-before-char-end": 1057,
      "node-str": "\u003cinit\u003e"
    },
    {
      "type": "delete-node",
      "node": {
        "label": "java.lang.annotation.Annotation[]",
        "type": "RETURN_TYPE"
      },
      "location-before-char-start": 0,
      "location-before-char-end": 0,
      "node-str": "java.lang.annotation.Annotation[]"
    },
    {
      "type": "delete-node",
      "node": {
        "label": "protected",
        "type": "Modifier"
      },
      "location-before-char-start": 0,
      "location-before-char-end": 0,
      "node-str": "protected"
    },
    {
      "type": "delete-node",
      "node": {
        "label": "org.junit.runners.FrameworkMethod",
        "type": "VARIABLE_TYPE"
      },
      "location-before-char-start": 0,
      "location-before-char-end": 0,
      "node-str": "org.junit.runners.FrameworkMethod"
    },
    {
      "type": "delete-node",
      "node": {
        "label": "testMethod",
        "type": "Parameter"
      },
      "location-before-char-start": 1288,
      "location-before-char-end": 1313,
      "node-str": "testMethod"
    },
    {
      "type": "delete-node",
      "node": {
        "label": "testMethod",
        "type": "VariableRead"
      },
      "location-before-char-start": 1327,
      "location-before-char-end": 1336,
      "node-str": "testMethod"
    },
    {
      "type": "delete-node",
      "node": {
        "label": "getMethod",
        "type": "Invocation"
      },
      "location-before-char-start": 1327,
      "location-before-char-end": 1348,
      "node-str": "getMethod"
    },
    {
      "type": "delete-node",
      "node": {
        "label": "getAnnotations",
        "type": "Invocation"
      },
      "location-before-char-start": 1327,
      "location-before-char-end": 1365,
      "node-str": "getAnnotations"
    },
    {
      "type": "delete-node",
      "node": {
        "label": "return",
        "type": "Return"
      },
      "location-before-char-start": 1320,
      "location-before-char-end": 1366,
      "node-str": "return"
    },
    {
      "type": "delete-node",
      "node": {
        "label": "computeAnnotations",
        "type": "Method"
      },
      "location-before-char-start": 1246,
      "location-before-char-end": 1369,
      "node-str": "computeAnnotations"
    },
    {
      "type": "delete-node",
      "node": {
        "label": "void",
        "type": "RETURN_TYPE"
      },
      "location-before-char-start": 0,
      "location-before-char-end": 0,
      "node-str": "void"
    },
    {
      "type": "delete-node",
      "node": {
        "label": "public",
        "type": "Modifier"
      },
      "location-before-char-start": 0,
      "location-before-char-end": 0,
      "node-str": "public"
    },
    {
      "type": "delete-node",
      "node": {
        "label": "java.lang.Class",
        "type": "VARIABLE_TYPE"
      },
      "location-before-char-start": 0,
      "location-before-char-end": 0,
      "node-str": "java.lang.Class"
    },
    {
      "type": "delete-node",
      "node": {
        "label": "annotation",
        "type": "Parameter"
      },
      "location-before-char-start": 3131,
      "location-before-char-end": 3168,
      "node-str": "annotation"
    },
    {
      "type": "delete-node",
      "node": {
        "label": "boolean",
        "type": "VARIABLE_TYPE"
      },
      "location-before-char-start": 0,
      "location-before-char-end": 0,
      "node-str": "boolean"
    },
    {
      "type": "delete-node",
      "node": {
        "label": "isStatic",
        "type": "Parameter"
      },
      "location-before-char-start": 3174,
      "location-before-char-end": 3189,
      "node-str": "isStatic"
    },
    {
      "type": "delete-node",
      "node": {
        "label": "java.util.List",
        "type": "VARIABLE_TYPE"
      },
      "location-before-char-start": 0,
      "location-before-char-end": 0,
      "node-str": "java.util.List"
    },
    {
      "type": "delete-node",
      "node": {
        "label": "errors",
        "type": "Parameter"
      },
      "location-before-char-start": 3192,
      "location-before-char-end": 3213,
      "node-str": "errors"
    },
    {
      "type": "delete-node",
      "node": {
        "label": "org.junit.runners.FrameworkMethod",
        "type": "VARIABLE_TYPE"
      },
      "location-before-char-start": 0,
      "location-before-char-end": 0,
      "node-str": "org.junit.runners.FrameworkMethod"
    },
    {
      "type": "delete-node",
      "node": {
        "label": "eachTestMethod",
        "type": "LocalVariable"
      },
      "location-before-char-start": 3292,
      "location-before-char-end": 3321,
      "node-str": "eachTestMethod"
    },
    {
      "type": "delete-node",
      "node": {
        "label": "methods",
        "type": "VariableRead"
      },
      "location-before-char-start": 3325,
      "location-before-char-end": 3331,
      "node-str": "methods"
    },
    {
      "type": "delete-node",
      "node": {
        "label": "eachTestMethod",
        "type": "VariableRead"
      },
      "location-before-char-start": 3337,
      "location-before-char-end": 3350,
      "node-str": "eachTestMethod"
    },
    {
      "type": "delete-node",
      "node": {
        "label": "isStatic",
        "type": "VariableRead"
      },
      "location-before-char-start": 3361,
      "location-before-char-end": 3368,
      "node-str": "isStatic"
    },
    {
      "type": "delete-node",
      "node": {
        "label": "errors",
        "type": "VariableRead"
      },
      "location-before-char-start": 3371,
      "location-before-char-end": 3376,
      "node-str": "errors"
    },
    {
      "type": "delete-node",
      "node": {
        "label": "validate",
        "type": "Invocation"
      },
      "location-before-char-start": 3337,
      "location-before-char-end": 3378,
      "node-str": "validate"
    },
    {
      "type": "delete-node",
      "node": {
        "label": "",
        "type": "ForEach"
      },
      "location-before-char-start": 3287,
      "location-before-char-end": 3378,
      "node-str": ""
    },
    {
      "type": "delete-node",
      "node": {
        "label": "validateMethods",
        "type": "Method"
      },
      "location-before-char-start": 3103,
      "location-before-char-end": 3381,
      "node-str": "validateMethods"
    }
  ],
  "before-file": {},
  "after-file": {},
  "mapping": {}
}