{
  "tool-info": {},
  "diff": [
    {
      "type": "insert-node",
      "node": {
        "label": "editorRegistry",
        "type": "Field"
      },
      "location-after-char-start": 3375,
      "location-after-char-end": 3477,
      "node-str": "editorRegistry"
    },
    {
      "type": "insert-node",
      "node": {
        "label": "projectImageRegistry",
        "type": "Field"
      },
      "location-after-char-start": 3480,
      "location-after-char-end": 3580,
      "node-str": "projectImageRegistry"
    },
    {
      "type": "insert-node",
      "node": {
        "label": "markerHelpRegistry",
        "type": "Field"
      },
      "location-after-char-start": 3664,
      "location-after-char-end": 3775,
      "node-str": "markerHelpRegistry"
    },
    {
      "type": "insert-node",
      "node": {
        "label": "workingSetRegistry",
        "type": "Field"
      },
      "location-after-char-start": 3867,
      "location-after-char-end": 3965,
      "node-str": "workingSetRegistry"
    },
    {
      "type": "insert-node",
      "node": {
        "label": "workbench",
        "type": "Field"
      },
      "location-after-char-start": 4415,
      "location-after-char-end": 4459,
      "node-str": "workbench"
    },
    {
      "type": "insert-node",
      "node": {
        "label": "preferenceManager",
        "type": "Field"
      },
      "location-after-char-start": 4462,
      "location-after-char-end": 4505,
      "node-str": "preferenceManager"
    },
    {
      "type": "insert-node",
      "node": {
        "label": "viewRegistry",
        "type": "Field"
      },
      "location-after-char-start": 4508,
      "location-after-char-end": 4541,
      "node-str": "viewRegistry"
    },
    {
      "type": "insert-node",
      "node": {
        "label": "perspRegistry",
        "type": "Field"
      },
      "location-after-char-start": 4544,
      "location-after-char-end": 4585,
      "node-str": "perspRegistry"
    },
    {
      "type": "insert-node",
      "node": {
        "label": "actionRegistry",
        "type": "Field"
      },
      "location-after-char-start": 4588,
      "location-after-char-end": 4651,
      "node-str": "actionRegistry"
    },
    {
      "type": "insert-node",
      "node": {
        "label": "keyBindingRegistry",
        "type": "Field"
      },
      "location-after-char-start": 4654,
      "location-after-char-end": 4733,
      "node-str": "keyBindingRegistry"
    },
    {
      "type": "insert-node",
      "node": {
        "label": "capabilityRegistry",
        "type": "Field"
      },
      "location-after-char-start": 4736,
      "location-after-char-end": 4781,
      "node-str": "capabilityRegistry"
    },
    {
      "type": "insert-node",
      "node": {
        "label": "actionSetRegistry",
        "type": "Field"
      },
      "location-after-char-start": 4784,
      "location-after-char-end": 4827,
      "node-str": "actionSetRegistry"
    },
    {
      "type": "insert-node",
      "node": {
        "label": "markerImageProviderRegistry",
        "type": "Field"
      },
      "location-after-char-start": 4866,
      "location-after-char-end": 4929,
      "node-str": "markerImageProviderRegistry"
    },
    {
      "type": "insert-node",
      "node": {
        "label": "createImageRegistry",
        "type": "Method"
      },
      "location-after-char-start": 6363,
      "location-after-char-end": 6924,
      "node-str": "createImageRegistry"
    },
    {
      "type": "move-subtree",
      "node": {
        "label": "setDefault",
        "type": "Invocation"
      },
      "location-before-char-start": 12585,
      "location-before-char-end": 12663,
      "location-after-char-start": 16842,
      "location-after-char-end": 16920,
      "node-str": "setDefault"
    },
    {
      "type": "insert-node",
      "node": {
        "label": "org.eclipse.ui.internal.registry.EditorRegistry",
        "type": "VARIABLE_TYPE"
      },
      "location-after-char-start": 0,
      "location-after-char-end": 0,
      "node-str": "org.eclipse.ui.internal.registry.EditorRegistry"
    },
    {
      "type": "insert-node",
      "node": {
        "label": "org.eclipse.ui.internal.registry.ProjectImageRegistry",
        "type": "VARIABLE_TYPE"
      },
      "location-after-char-start": 0,
      "location-after-char-end": 0,
      "node-str": "org.eclipse.ui.internal.registry.ProjectImageRegistry"
    },
    {
      "type": "insert-node",
      "node": {
        "label": "org.eclipse.ui.internal.registry.MarkerHelpRegistry",
        "type": "VARIABLE_TYPE"
      },
      "location-after-char-start": 0,
      "location-after-char-end": 0,
      "node-str": "org.eclipse.ui.internal.registry.MarkerHelpRegistry"
    },
    {
      "type": "insert-node",
      "node": {
        "label": "org.eclipse.ui.internal.registry.WorkingSetRegistry",
        "type": "VARIABLE_TYPE"
      },
      "location-after-char-start": 0,
      "location-after-char-end": 0,
      "node-str": "org.eclipse.ui.internal.registry.WorkingSetRegistry"
    },
    {
      "type": "insert-node",
      "node": {
        "label": "org.eclipse.ui.IWorkbench",
        "type": "VARIABLE_TYPE"
      },
      "location-after-char-start": 0,
      "location-after-char-end": 0,
      "node-str": "org.eclipse.ui.IWorkbench"
    },
    {
      "type": "insert-node",
      "node": {
        "label": "org.eclipse.jface.preference.PreferenceManager",
        "type": "VARIABLE_TYPE"
      },
      "location-after-char-start": 0,
      "location-after-char-end": 0,
      "node-str": "org.eclipse.jface.preference.PreferenceManager"
    },
    {
      "type": "insert-node",
      "node": {
        "label": "org.eclipse.ui.internal.registry.ViewRegistry",
        "type": "VARIABLE_TYPE"
      },
      "location-after-char-start": 0,
      "location-after-char-end": 0,
      "node-str": "org.eclipse.ui.internal.registry.ViewRegistry"
    },
    {
      "type": "insert-node",
      "node": {
        "label": "org.eclipse.ui.internal.registry.PerspectiveRegistry",
        "type": "VARIABLE_TYPE"
      },
      "location-after-char-start": 0,
      "location-after-char-end": 0,
      "node-str": "org.eclipse.ui.internal.registry.PerspectiveRegistry"
    },
    {
      "type": "insert-node",
      "node": {
        "label": "org.eclipse.ui.internal.actions.Registry",
        "type": "VARIABLE_TYPE"
      },
      "location-after-char-start": 0,
      "location-after-char-end": 0,
      "node-str": "org.eclipse.ui.internal.actions.Registry"
    },
    {
      "type": "insert-node",
      "node": {
        "label": "org.eclipse.ui.internal.actions.keybindings.Registry",
        "type": "VARIABLE_TYPE"
      },
      "location-after-char-start": 0,
      "location-after-char-end": 0,
      "node-str": "org.eclipse.ui.internal.actions.keybindings.Registry"
    },
    {
      "type": "insert-node",
      "node": {
        "label": "org.eclipse.ui.internal.registry.CapabilityRegistry",
        "type": "VARIABLE_TYPE"
      },
      "location-after-char-start": 0,
      "location-after-char-end": 0,
      "node-str": "org.eclipse.ui.internal.registry.CapabilityRegistry"
    },
    {
      "type": "insert-node",
      "node": {
        "label": "org.eclipse.ui.internal.registry.ActionSetRegistry",
        "type": "VARIABLE_TYPE"
      },
      "location-after-char-start": 0,
      "location-after-char-end": 0,
      "node-str": "org.eclipse.ui.internal.registry.ActionSetRegistry"
    },
    {
      "type": "insert-node",
      "node": {
        "label": "org.eclipse.ui.internal.registry.MarkerImageProviderRegistry",
        "type": "VARIABLE_TYPE"
      },
      "location-after-char-start": 0,
      "location-after-char-end": 0,
      "node-str": "org.eclipse.ui.internal.registry.MarkerImageProviderRegistry"
    },
    {
      "type": "insert-node",
      "node": {
        "label": "org.eclipse.jface.resource.ImageRegistry",
        "type": "RETURN_TYPE"
      },
      "location-after-char-start": 0,
      "location-after-char-end": 0,
      "node-str": "org.eclipse.jface.resource.ImageRegistry"
    },
    {
      "type": "move-subtree",
      "node": {
        "label": "protected",
        "type": "Modifier"
      },
      "location-before-char-start": 0,
      "location-before-char-end": 0,
      "location-after-char-start": 0,
      "location-after-char-end": 0,
      "node-str": "protected"
    },
    {
      "type": "insert-node",
      "node": {
        "label": "return",
        "type": "Return"
      },
      "location-after-char-start": 6880,
      "location-after-char-end": 6921,
      "node-str": "return"
    },
    {
      "type": "update-node",
      "node": {
        "label": "org.eclipse.ui.internal.ActionSetRegistry",
        "type": "RETURN_TYPE"
      },
      "location-before-char-start": 0,
      "location-before-char-end": 0,
      "location-after-char-start": 0,
      "location-after-char-end": 0,
      "node-str": "org.eclipse.ui.internal.registry.ActionSetRegistry"
    },
    {
      "type": "update-node",
      "node": {
        "label": "org.eclipse.ui.internal.CapabilityRegistry",
        "type": "RETURN_TYPE"
      },
      "location-before-char-start": 0,
      "location-before-char-end": 0,
      "location-after-char-start": 0,
      "location-after-char-end": 0,
      "node-str": "org.eclipse.ui.internal.registry.CapabilityRegistry"
    },
    {
      "type": "update-node",
      "node": {
        "label": "org.eclipse.ui.internal.MarkerHelpRegistry",
        "type": "RETURN_TYPE"
      },
      "location-before-char-start": 0,
      "location-before-char-end": 0,
      "location-after-char-start": 0,
      "location-after-char-end": 0,
      "node-str": "org.eclipse.ui.internal.registry.MarkerHelpRegistry"
    },
    {
      "type": "update-node",
      "node": {
        "label": "org.eclipse.ui.internal.IEditorRegistry",
        "type": "RETURN_TYPE"
      },
      "location-before-char-start": 0,
      "location-before-char-end": 0,
      "location-after-char-start": 0,
      "location-after-char-end": 0,
      "node-str": "org.eclipse.ui.IEditorRegistry"
    },
    {
      "type": "update-node",
      "node": {
        "label": "org.eclipse.ui.internal.IElementFactory",
        "type": "RETURN_TYPE"
      },
      "location-before-char-start": 0,
      "location-before-char-end": 0,
      "location-after-char-start": 0,
      "location-after-char-end": 0,
      "node-str": "org.eclipse.ui.IElementFactory"
    },
    {
      "type": "update-node",
      "node": {
        "label": "org.eclipse.ui.internal.MarkerImageProviderRegistry",
        "type": "RETURN_TYPE"
      },
      "location-before-char-start": 0,
      "location-before-char-end": 0,
      "location-after-char-start": 0,
      "location-after-char-end": 0,
      "node-str": "org.eclipse.ui.internal.registry.MarkerImageProviderRegistry"
    },
    {
      "type": "update-node",
      "node": {
        "label": "org.eclipse.ui.internal.IPerspectiveRegistry",
        "type": "RETURN_TYPE"
      },
      "location-before-char-start": 0,
      "location-before-char-end": 0,
      "location-after-char-start": 0,
      "location-after-char-end": 0,
      "node-str": "org.eclipse.ui.IPerspectiveRegistry"
    },
    {
      "type": "update-node",
      "node": {
        "label": "org.eclipse.ui.internal.IWorkingSetManager",
        "type": "RETURN_TYPE"
      },
      "location-before-char-start": 0,
      "location-before-char-end": 0,
      "location-after-char-start": 0,
      "location-after-char-end": 0,
      "node-str": "org.eclipse.ui.IWorkingSetManager"
    },
    {
      "type": "update-node",
      "node": {
        "label": "org.eclipse.ui.internal.WorkingSetRegistry",
        "type": "RETURN_TYPE"
      },
      "location-before-char-start": 0,
      "location-before-char-end": 0,
      "location-after-char-start": 0,
      "location-after-char-end": 0,
      "node-str": "org.eclipse.ui.internal.registry.WorkingSetRegistry"
    },
    {
      "type": "update-node",
      "node": {
        "label": "org.eclipse.ui.internal.PreferenceManager",
        "type": "RETURN_TYPE"
      },
      "location-before-char-start": 0,
      "location-before-char-end": 0,
      "location-after-char-start": 0,
      "location-after-char-end": 0,
      "node-str": "org.eclipse.jface.preference.PreferenceManager"
    },
    {
      "type": "update-node",
      "node": {
        "label": "org.eclipse.ui.internal.ProjectImageRegistry",
        "type": "RETURN_TYPE"
      },
      "location-before-char-start": 0,
      "location-before-char-end": 0,
      "location-after-char-start": 0,
      "location-after-char-end": 0,
      "node-str": "org.eclipse.ui.internal.registry.ProjectImageRegistry"
    },
    {
      "type": "update-node",
      "node": {
        "label": "org.eclipse.ui.internal.ISharedImages",
        "type": "RETURN_TYPE"
      },
      "location-before-char-start": 0,
      "location-before-char-end": 0,
      "location-after-char-start": 0,
      "location-after-char-end": 0,
      "node-str": "org.eclipse.ui.ISharedImages"
    },
    {
      "type": "update-node",
      "node": {
        "label": "org.eclipse.ui.internal.IViewRegistry",
        "type": "RETURN_TYPE"
      },
      "location-before-char-start": 0,
      "location-before-char-end": 0,
      "location-after-char-start": 0,
      "location-after-char-end": 0,
      "node-str": "org.eclipse.ui.internal.registry.IViewRegistry"
    },
    {
      "type": "update-node",
      "node": {
        "label": "org.eclipse.ui.internal.IWorkbench",
        "type": "RETURN_TYPE"
      },
      "location-before-char-start": 0,
      "location-before-char-end": 0,
      "location-after-char-start": 0,
      "location-after-char-end": 0,
      "node-str": "org.eclipse.ui.IWorkbench"
    },
    {
      "type": "insert-node",
      "node": {
        "label": "store",
        "type": "Parameter"
      },
      "location-after-char-start": 13400,
      "location-after-char-end": 13421,
      "node-str": "store"
    },
    {
      "type": "insert-node",
      "node": {
        "label": "setDefault",
        "type": "Invocation"
      },
      "location-after-char-start": 13819,
      "location-after-char-end": 13886,
      "node-str": "setDefault"
    },
    {
      "type": "insert-node",
      "node": {
        "label": "setDefault",
        "type": "Invocation"
      },
      "location-after-char-start": 13961,
      "location-after-char-end": 14025,
      "node-str": "setDefault"
    },
    {
      "type": "insert-node",
      "node": {
        "label": "registry",
        "type": "LocalVariable"
      },
      "location-after-char-start": 15806,
      "location-after-char-end": 15862,
      "node-str": "registry"
    },
    {
      "type": "update-node",
      "node": {
        "label": "IWorkbenchConstants",
        "type": "TypeAccess"
      },
      "location-before-char-start": 0,
      "location-before-char-end": 0,
      "location-after-char-start": 0,
      "location-after-char-end": 0,
      "node-str": "org.eclipse.ui.PlatformUI"
    },
    {
      "type": "update-node",
      "node": {
        "label": "IPluginDescriptor",
        "type": "VARIABLE_TYPE"
      },
      "location-before-char-start": 0,
      "location-before-char-end": 0,
      "location-after-char-start": 0,
      "location-after-char-end": 0,
      "node-str": "org.eclipse.core.runtime.IPluginDescriptor"
    },
    {
      "type": "update-node",
      "node": {
        "label": "IPluginDescriptor",
        "type": "VARIABLE_TYPE"
      },
      "location-before-char-start": 0,
      "location-before-char-end": 0,
      "location-after-char-start": 0,
      "location-after-char-end": 0,
      "node-str": "org.eclipse.core.runtime.IPluginDescriptor"
    },
    {
      "type": "insert-node",
      "node": {
        "label": "getImageRegistry",
        "type": "Invocation"
      },
      "location-after-char-start": 6887,
      "location-after-char-end": 6920,
      "node-str": "getImageRegistry"
    },
    {
      "type": "update-node",
      "node": {
        "label": "IElementFactory",
        "type": "VARIABLE_TYPE"
      },
      "location-before-char-start": 0,
      "location-before-char-end": 0,
      "location-after-char-start": 0,
      "location-after-char-end": 0,
      "node-str": "org.eclipse.ui.IElementFactory"
    },
    {
      "type": "update-node",
      "node": {
        "label": "PreferenceManager(char)",
        "type": "ConstructorCall"
      },
      "location-before-char-start": 10379,
      "location-before-char-end": 10435,
      "location-after-char-start": 11535,
      "location-after-char-end": 11591,
      "node-str": "org.eclipse.jface.preference.PreferenceManager(char)"
    },
    {
      "type": "update-node",
      "node": {
        "label": "PreferencePageRegistryReader",
        "type": "VARIABLE_TYPE"
      },
      "location-before-char-start": 0,
      "location-before-char-end": 0,
      "location-after-char-start": 0,
      "location-after-char-end": 0,
      "node-str": "org.eclipse.ui.internal.registry.PreferencePageRegistryReader"
    },
    {
      "type": "insert-node",
      "node": {
        "label": "org.eclipse.jface.preference.IPreferenceStore",
        "type": "VARIABLE_TYPE"
      },
      "location-after-char-start": 0,
      "location-after-char-end": 0,
      "node-str": "org.eclipse.jface.preference.IPreferenceStore"
    },
    {
      "type": "update-node",
      "node": {
        "label": "JFacePreferences",
        "type": "TypeAccess"
      },
      "location-before-char-start": 12275,
      "location-before-char-end": 12290,
      "location-after-char-start": 13431,
      "location-after-char-end": 13446,
      "node-str": "org.eclipse.jface.preference.JFacePreferences"
    },
    {
      "type": "insert-node",
      "node": {
        "label": "store",
        "type": "VariableRead"
      },
      "location-after-char-start": 13819,
      "location-after-char-end": 13823,
      "node-str": "store"
    },
    {
      "type": "insert-node",
      "node": {
        "label": "IPreferenceConstants.CLOSE_EDITORS_ON_EXIT",
        "type": "TypeAccess"
      },
      "location-after-char-start": 13836,
      "location-after-char-end": 13877,
      "node-str": "IPreferenceConstants.CLOSE_EDITORS_ON_EXIT"
    },
    {
      "type": "insert-node",
      "node": {
        "label": "false",
        "type": "Literal"
      },
      "location-after-char-start": 13880,
      "location-after-char-end": 13884,
      "node-str": "false"
    },
    {
      "type": "insert-node",
      "node": {
        "label": "store",
        "type": "VariableRead"
      },
      "location-after-char-start": 13961,
      "location-after-char-end": 13965,
      "node-str": "store"
    },
    {
      "type": "insert-node",
      "node": {
        "label": "IPreferenceConstants.REUSE_DIRTY_EDITORS",
        "type": "TypeAccess"
      },
      "location-after-char-start": 13978,
      "location-after-char-end": 14017,
      "node-str": "IPreferenceConstants.REUSE_DIRTY_EDITORS"
    },
    {
      "type": "insert-node",
      "node": {
        "label": "true",
        "type": "Literal"
      },
      "location-after-char-start": 14020,
      "location-after-char-end": 14023,
      "node-str": "true"
    },
    {
      "type": "update-node",
      "node": {
        "label": "PreferenceConverter",
        "type": "TypeAccess"
      },
      "location-before-char-start": 13698,
      "location-before-char-end": 13716,
      "location-after-char-start": 14911,
      "location-after-char-end": 14929,
      "node-str": "org.eclipse.jface.preference.PreferenceConverter"
    },
    {
      "type": "update-node",
      "node": {
        "label": "PreferenceConverter",
        "type": "TypeAccess"
      },
      "location-before-char-start": 13843,
      "location-before-char-end": 13861,
      "location-after-char-start": 15056,
      "location-after-char-end": 15074,
      "node-str": "org.eclipse.jface.preference.PreferenceConverter"
    },
    {
      "type": "update-node",
      "node": {
        "label": "PreferenceConverter",
        "type": "TypeAccess"
      },
      "location-before-char-start": 13994,
      "location-before-char-end": 14012,
      "location-after-char-start": 15207,
      "location-after-char-end": 15225,
      "node-str": "org.eclipse.jface.preference.PreferenceConverter"
    },
    {
      "type": "insert-node",
      "node": {
        "label": "org.eclipse.jface.resource.FontRegistry",
        "type": "VARIABLE_TYPE"
      },
      "location-after-char-start": 0,
      "location-after-char-end": 0,
      "node-str": "org.eclipse.jface.resource.FontRegistry"
    },
    {
      "type": "insert-node",
      "node": {
        "label": "getFontRegistry",
        "type": "Invocation"
      },
      "location-after-char-start": 15830,
      "location-after-char-end": 15861,
      "node-str": "getFontRegistry"
    },
    {
      "type": "update-node",
      "node": {
        "label": "PlatformUIPreferenceListener()",
        "type": "ConstructorCall"
      },
      "location-before-char-start": 15664,
      "location-before-char-end": 15697,
      "location-after-char-start": 16959,
      "location-after-char-end": 16992,
      "node-str": "org.eclipse.ui.internal.PlatformUIPreferenceListener()"
    },
    {
      "type": "update-node",
      "node": {
        "label": "FontRegistry",
        "type": "VARIABLE_TYPE"
      },
      "location-before-char-start": 0,
      "location-before-char-end": 0,
      "location-after-char-start": 0,
      "location-after-char-end": 0,
      "node-str": "org.eclipse.jface.resource.FontRegistry"
    },
    {
      "type": "update-node",
      "node": {
        "label": "IPreferenceStore",
        "type": "VARIABLE_TYPE"
      },
      "location-before-char-start": 0,
      "location-before-char-end": 0,
      "location-after-char-start": 0,
      "location-after-char-end": 0,
      "node-str": "org.eclipse.jface.preference.IPreferenceStore"
    },
    {
      "type": "update-node",
      "node": {
        "label": "PreferenceConverter",
        "type": "TypeAccess"
      },
      "location-before-char-start": 15857,
      "location-before-char-end": 15875,
      "location-after-char-start": 17152,
      "location-after-char-end": 17170,
      "node-str": "org.eclipse.jface.preference.PreferenceConverter"
    },
    {
      "type": "update-node",
      "node": {
        "label": "IWorkbench",
        "type": "VARIABLE_TYPE"
      },
      "location-before-char-start": 0,
      "location-before-char-end": 0,
      "location-after-char-start": 0,
      "location-after-char-end": 0,
      "node-str": "org.eclipse.ui.IWorkbench"
    },
    {
      "type": "insert-node",
      "node": {
        "label": "org.eclipse.ui.internal.WorkbenchImages",
        "type": "TypeAccess"
      },
      "location-after-char-start": 6887,
      "location-after-char-end": 6901,
      "node-str": "org.eclipse.ui.internal.WorkbenchImages"
    },
    {
      "type": "insert-node",
      "node": {
        "label": "org.eclipse.jface.resource.JFaceResources",
        "type": "TypeAccess"
      },
      "location-after-char-start": 15830,
      "location-after-char-end": 15843,
      "node-str": "org.eclipse.jface.resource.JFaceResources"
    },
    {
      "type": "update-node",
      "node": {
        "label": "ActionSetRegistry()",
        "type": "ConstructorCall"
      },
      "location-before-char-start": 5996,
      "location-before-char-end": 6018,
      "location-after-char-start": 7152,
      "location-after-char-end": 7174,
      "node-str": "org.eclipse.ui.internal.registry.ActionSetRegistry()"
    },
    {
      "type": "update-node",
      "node": {
        "label": "CapabilityRegistry()",
        "type": "ConstructorCall"
      },
      "location-before-char-start": 6275,
      "location-before-char-end": 6298,
      "location-after-char-start": 7431,
      "location-after-char-end": 7454,
      "node-str": "org.eclipse.ui.internal.registry.CapabilityRegistry()"
    },
    {
      "type": "update-node",
      "node": {
        "label": "MarkerHelpRegistry()",
        "type": "ConstructorCall"
      },
      "location-before-char-start": 6587,
      "location-before-char-end": 6610,
      "location-after-char-start": 7743,
      "location-after-char-end": 7766,
      "node-str": "org.eclipse.ui.internal.registry.MarkerHelpRegistry()"
    },
    {
      "type": "update-node",
      "node": {
        "label": "MarkerHelpRegistryReader()",
        "type": "ConstructorCall"
      },
      "location-before-char-start": 6616,
      "location-before-char-end": 6645,
      "location-after-char-start": 7772,
      "location-after-char-end": 7801,
      "node-str": "org.eclipse.ui.internal.registry.MarkerHelpRegistryReader()"
    },
    {
      "type": "update-node",
      "node": {
        "label": "EditorRegistry()",
        "type": "ConstructorCall"
      },
      "location-before-char-start": 7151,
      "location-before-char-end": 7170,
      "location-after-char-start": 8307,
      "location-after-char-end": 8326,
      "node-str": "org.eclipse.ui.internal.registry.EditorRegistry()"
    },
    {
      "type": "update-node",
      "node": {
        "label": "MarkerImageProviderRegistry()",
        "type": "ConstructorCall"
      },
      "location-before-char-start": 8951,
      "location-before-char-end": 8983,
      "location-after-char-start": 10107,
      "location-after-char-end": 10139,
      "node-str": "org.eclipse.ui.internal.registry.MarkerImageProviderRegistry()"
    },
    {
      "type": "update-node",
      "node": {
        "label": "PerspectiveRegistry(java.io.File)",
        "type": "ConstructorCall"
      },
      "location-before-char-start": 9277,
      "location-before-char-end": 9307,
      "location-after-char-start": 10433,
      "location-after-char-end": 10463,
      "node-str": "org.eclipse.ui.internal.registry.PerspectiveRegistry(java.io.File)"
    },
    {
      "type": "update-node",
      "node": {
        "label": "WorkingSetManager()",
        "type": "ConstructorCall"
      },
      "location-before-char-start": 9820,
      "location-before-char-end": 9842,
      "location-after-char-start": 10976,
      "location-after-char-end": 10998,
      "node-str": "org.eclipse.ui.internal.WorkingSetManager()"
    },
    {
      "type": "update-node",
      "node": {
        "label": "WorkingSetRegistry()",
        "type": "ConstructorCall"
      },
      "location-before-char-start": 10137,
      "location-before-char-end": 10160,
      "location-after-char-start": 11293,
      "location-after-char-end": 11316,
      "node-str": "org.eclipse.ui.internal.registry.WorkingSetRegistry()"
    },
    {
      "type": "update-node",
      "node": {
        "label": "ProjectImageRegistry()",
        "type": "ConstructorCall"
      },
      "location-before-char-start": 11094,
      "location-before-char-end": 11119,
      "location-after-char-start": 12250,
      "location-after-char-end": 12275,
      "node-str": "org.eclipse.ui.internal.registry.ProjectImageRegistry()"
    },
    {
      "type": "update-node",
      "node": {
        "label": "SharedImages()",
        "type": "ConstructorCall"
      },
      "location-before-char-start": 11380,
      "location-before-char-end": 11397,
      "location-after-char-start": 12536,
      "location-after-char-end": 12553,
      "node-str": "org.eclipse.ui.internal.SharedImages()"
    },
    {
      "type": "update-node",
      "node": {
        "label": "ViewRegistry()",
        "type": "ConstructorCall"
      },
      "location-before-char-start": 11556,
      "location-before-char-end": 11573,
      "location-after-char-start": 12712,
      "location-after-char-end": 12729,
      "node-str": "org.eclipse.ui.internal.registry.ViewRegistry()"
    },
    {
      "type": "update-node",
      "node": {
        "label": "DecoratorManager()",
        "type": "ConstructorCall"
      },
      "location-before-char-start": 18658,
      "location-before-char-end": 18679,
      "location-after-char-start": 19953,
      "location-after-char-end": 19974,
      "node-str": "org.eclipse.ui.internal.DecoratorManager()"
    },
    {
      "type": "update-node",
      "node": {
        "label": "ViewRegistryReader",
        "type": "VARIABLE_TYPE"
      },
      "location-before-char-start": 0,
      "location-before-char-end": 0,
      "location-after-char-start": 0,
      "location-after-char-end": 0,
      "node-str": "org.eclipse.ui.internal.registry.ViewRegistryReader"
    },
    {
      "type": "update-node",
      "node": {
        "label": "ViewRegistryReader()",
        "type": "ConstructorCall"
      },
      "location-before-char-start": 11617,
      "location-before-char-end": 11640,
      "location-after-char-start": 12773,
      "location-after-char-end": 12796,
      "node-str": "org.eclipse.ui.internal.registry.ViewRegistryReader()"
    },
    {
      "type": "delete-node",
      "node": {
        "label": "org.eclipse.ui.internal.EditorRegistry",
        "type": "VARIABLE_TYPE"
      },
      "location-before-char-start": 0,
      "location-before-char-end": 0,
      "node-str": "org.eclipse.ui.internal.EditorRegistry"
    },
    {
      "type": "delete-node",
      "node": {
        "label": "editorRegistry",
        "type": "Field"
      },
      "location-before-char-start": 1601,
      "location-before-char-end": 1703,
      "node-str": "editorRegistry"
    },
    {
      "type": "delete-node",
      "node": {
        "label": "org.eclipse.ui.internal.ProjectImageRegistry",
        "type": "VARIABLE_TYPE"
      },
      "location-before-char-start": 0,
      "location-before-char-end": 0,
      "node-str": "org.eclipse.ui.internal.ProjectImageRegistry"
    },
    {
      "type": "delete-node",
      "node": {
        "label": "projectImageRegistry",
        "type": "Field"
      },
      "location-before-char-start": 1706,
      "location-before-char-end": 1806,
      "node-str": "projectImageRegistry"
    },
    {
      "type": "delete-node",
      "node": {
        "label": "org.eclipse.ui.internal.MarkerHelpRegistry",
        "type": "VARIABLE_TYPE"
      },
      "location-before-char-start": 0,
      "location-before-char-end": 0,
      "node-str": "org.eclipse.ui.internal.MarkerHelpRegistry"
    },
    {
      "type": "delete-node",
      "node": {
        "label": "markerHelpRegistry",
        "type": "Field"
      },
      "location-before-char-start": 1890,
      "location-before-char-end": 2001,
      "node-str": "markerHelpRegistry"
    },
    {
      "type": "delete-node",
      "node": {
        "label": "org.eclipse.ui.internal.WorkingSetRegistry",
        "type": "VARIABLE_TYPE"
      },
      "location-before-char-start": 0,
      "location-before-char-end": 0,
      "node-str": "org.eclipse.ui.internal.WorkingSetRegistry"
    },
    {
      "type": "delete-node",
      "node": {
        "label": "workingSetRegistry",
        "type": "Field"
      },
      "location-before-char-start": 2093,
      "location-before-char-end": 2191,
      "node-str": "workingSetRegistry"
    },
    {
      "type": "delete-node",
      "node": {
        "label": "org.eclipse.ui.internal.IWorkbench",
        "type": "VARIABLE_TYPE"
      },
      "location-before-char-start": 0,
      "location-before-char-end": 0,
      "node-str": "org.eclipse.ui.internal.IWorkbench"
    },
    {
      "type": "delete-node",
      "node": {
        "label": "workbench",
        "type": "Field"
      },
      "location-before-char-start": 2650,
      "location-before-char-end": 2694,
      "node-str": "workbench"
    },
    {
      "type": "delete-node",
      "node": {
        "label": "org.eclipse.ui.internal.PreferenceManager",
        "type": "VARIABLE_TYPE"
      },
      "location-before-char-start": 0,
      "location-before-char-end": 0,
      "node-str": "org.eclipse.ui.internal.PreferenceManager"
    },
    {
      "type": "delete-node",
      "node": {
        "label": "preferenceManager",
        "type": "Field"
      },
      "location-before-char-start": 2697,
      "location-before-char-end": 2740,
      "node-str": "preferenceManager"
    },
    {
      "type": "delete-node",
      "node": {
        "label": "org.eclipse.ui.internal.ViewRegistry",
        "type": "VARIABLE_TYPE"
      },
      "location-before-char-start": 0,
      "location-before-char-end": 0,
      "node-str": "org.eclipse.ui.internal.ViewRegistry"
    },
    {
      "type": "delete-node",
      "node": {
        "label": "viewRegistry",
        "type": "Field"
      },
      "location-before-char-start": 2743,
      "location-before-char-end": 2776,
      "node-str": "viewRegistry"
    },
    {
      "type": "delete-node",
      "node": {
        "label": "org.eclipse.ui.internal.PerspectiveRegistry",
        "type": "VARIABLE_TYPE"
      },
      "location-before-char-start": 0,
      "location-before-char-end": 0,
      "node-str": "org.eclipse.ui.internal.PerspectiveRegistry"
    },
    {
      "type": "delete-node",
      "node": {
        "label": "perspRegistry",
        "type": "Field"
      },
      "location-before-char-start": 2779,
      "location-before-char-end": 2820,
      "node-str": "perspRegistry"
    },
    {
      "type": "delete-node",
      "node": {
        "label": "org.eclipse.ui.internal.ActionDefinitionRegistry",
        "type": "VARIABLE_TYPE"
      },
      "location-before-char-start": 0,
      "location-before-char-end": 0,
      "node-str": "org.eclipse.ui.internal.ActionDefinitionRegistry"
    },
    {
      "type": "delete-node",
      "node": {
        "label": "actionDefinitionRegistry",
        "type": "Field"
      },
      "location-before-char-start": 2823,
      "location-before-char-end": 2880,
      "node-str": "actionDefinitionRegistry"
    },
    {
      "type": "delete-node",
      "node": {
        "label": "org.eclipse.ui.internal.AcceleratorRegistry",
        "type": "VARIABLE_TYPE"
      },
      "location-before-char-start": 0,
      "location-before-char-end": 0,
      "node-str": "org.eclipse.ui.internal.AcceleratorRegistry"
    },
    {
      "type": "delete-node",
      "node": {
        "label": "acceleratorRegistry",
        "type": "Field"
      },
      "location-before-char-start": 2883,
      "location-before-char-end": 2930,
      "node-str": "acceleratorRegistry"
    },
    {
      "type": "delete-node",
      "node": {
        "label": "org.eclipse.ui.internal.CapabilityRegistry",
        "type": "VARIABLE_TYPE"
      },
      "location-before-char-start": 0,
      "location-before-char-end": 0,
      "node-str": "org.eclipse.ui.internal.CapabilityRegistry"
    },
    {
      "type": "delete-node",
      "node": {
        "label": "capabilityRegistry",
        "type": "Field"
      },
      "location-before-char-start": 2933,
      "location-before-char-end": 2978,
      "node-str": "capabilityRegistry"
    },
    {
      "type": "delete-node",
      "node": {
        "label": "org.eclipse.ui.internal.ActionSetRegistry",
        "type": "VARIABLE_TYPE"
      },
      "location-before-char-start": 0,
      "location-before-char-end": 0,
      "node-str": "org.eclipse.ui.internal.ActionSetRegistry"
    },
    {
      "type": "delete-node",
      "node": {
        "label": "actionSetRegistry",
        "type": "Field"
      },
      "location-before-char-start": 2981,
      "location-before-char-end": 3024,
      "node-str": "actionSetRegistry"
    },
    {
      "type": "delete-node",
      "node": {
        "label": "org.eclipse.ui.internal.MarkerImageProviderRegistry",
        "type": "VARIABLE_TYPE"
      },
      "location-before-char-start": 0,
      "location-before-char-end": 0,
      "node-str": "org.eclipse.ui.internal.MarkerImageProviderRegistry"
    },
    {
      "type": "delete-node",
      "node": {
        "label": "markerImageProviderRegistry",
        "type": "Field"
      },
      "location-before-char-start": 3063,
      "location-before-char-end": 3126,
      "node-str": "markerImageProviderRegistry"
    },
    {
      "type": "delete-node",
      "node": {
        "label": "org.eclipse.ui.internal.ImageRegistry",
        "type": "RETURN_TYPE"
      },
      "location-before-char-start": 0,
      "location-before-char-end": 0,
      "node-str": "org.eclipse.ui.internal.ImageRegistry"
    },
    {
      "type": "delete-node",
      "node": {
        "label": "WorkbenchImages",
        "type": "TypeAccess"
      },
      "location-before-char-start": 5084,
      "location-before-char-end": 5098,
      "node-str": "WorkbenchImages"
    },
    {
      "type": "delete-node",
      "node": {
        "label": "getImageRegistry",
        "type": "Invocation"
      },
      "location-before-char-start": 5084,
      "location-before-char-end": 5117,
      "node-str": "getImageRegistry"
    },
    {
      "type": "delete-node",
      "node": {
        "label": "return",
        "type": "Return"
      },
      "location-before-char-start": 5077,
      "location-before-char-end": 5118,
      "node-str": "return"
    },
    {
      "type": "delete-node",
      "node": {
        "label": "createImageRegistry",
        "type": "Method"
      },
      "location-before-char-start": 4560,
      "location-before-char-end": 5121,
      "node-str": "createImageRegistry"
    },
    {
      "type": "delete-node",
      "node": {
        "label": "org.eclipse.ui.internal.ActionDefinitionRegistry",
        "type": "RETURN_TYPE"
      },
      "location-before-char-start": 0,
      "location-before-char-end": 0,
      "node-str": "org.eclipse.ui.internal.ActionDefinitionRegistry"
    },
    {
      "type": "delete-node",
      "node": {
        "label": "public",
        "type": "Modifier"
      },
      "location-before-char-start": 0,
      "location-before-char-end": 0,
      "node-str": "public"
    },
    {
      "type": "delete-node",
      "node": {
        "label": "org.eclipse.ui.internal.WorkbenchPlugin",
        "type": "TypeAccess"
      },
      "location-before-char-start": 0,
      "location-before-char-end": 0,
      "node-str": "org.eclipse.ui.internal.WorkbenchPlugin"
    },
    {
      "type": "delete-node",
      "node": {
        "label": "actionDefinitionRegistry",
        "type": "FieldRead"
      },
      "location-before-char-start": 5295,
      "location-before-char-end": 5318,
      "node-str": "actionDefinitionRegistry"
    },
    {
      "type": "delete-node",
      "node": {
        "label": "null",
        "type": "Literal"
      },
      "location-before-char-start": 5323,
      "location-before-char-end": 5326,
      "node-str": "null"
    },
    {
      "type": "delete-node",
      "node": {
        "label": "EQ",
        "type": "BinaryOperator"
      },
      "location-before-char-start": 5295,
      "location-before-char-end": 5326,
      "node-str": "EQ"
    },
    {
      "type": "delete-node",
      "node": {
        "label": "org.eclipse.ui.internal.WorkbenchPlugin",
        "type": "TypeAccess"
      },
      "location-before-char-start": 0,
      "location-before-char-end": 0,
      "node-str": "org.eclipse.ui.internal.WorkbenchPlugin"
    },
    {
      "type": "delete-node",
      "node": {
        "label": "actionDefinitionRegistry",
        "type": "FieldWrite"
      },
      "location-before-char-start": 5334,
      "location-before-char-end": 5357,
      "node-str": "actionDefinitionRegistry"
    },
    {
      "type": "delete-node",
      "node": {
        "label": "ActionDefinitionRegistry()",
        "type": "ConstructorCall"
      },
      "location-before-char-start": 5361,
      "location-before-char-end": 5390,
      "node-str": "ActionDefinitionRegistry()"
    },
    {
      "type": "delete-node",
      "node": {
        "label": "\u003d",
        "type": "Assignment"
      },
      "location-before-char-start": 5334,
      "location-before-char-end": 5391,
      "node-str": "\u003d"
    },
    {
      "type": "delete-node",
      "node": {
        "label": "org.eclipse.ui.internal.WorkbenchPlugin",
        "type": "TypeAccess"
      },
      "location-before-char-start": 0,
      "location-before-char-end": 0,
      "node-str": "org.eclipse.ui.internal.WorkbenchPlugin"
    },
    {
      "type": "delete-node",
      "node": {
        "label": "actionDefinitionRegistry",
        "type": "FieldRead"
      },
      "location-before-char-start": 5396,
      "location-before-char-end": 5419,
      "node-str": "actionDefinitionRegistry"
    },
    {
      "type": "delete-node",
      "node": {
        "label": "load",
        "type": "Invocation"
      },
      "location-before-char-start": 5396,
      "location-before-char-end": 5427,
      "node-str": "load"
    },
    {
      "type": "delete-node",
      "node": {
        "label": "THEN",
        "type": "then"
      },
      "location-before-char-start": 5329,
      "location-before-char-end": 5431,
      "node-str": "THEN"
    },
    {
      "type": "delete-node",
      "node": {
        "label": "if",
        "type": "If"
      },
      "location-before-char-start": 5291,
      "location-before-char-end": 5431,
      "node-str": "if"
    },
    {
      "type": "delete-node",
      "node": {
        "label": "org.eclipse.ui.internal.WorkbenchPlugin",
        "type": "TypeAccess"
      },
      "location-before-char-start": 0,
      "location-before-char-end": 0,
      "node-str": "org.eclipse.ui.internal.WorkbenchPlugin"
    },
    {
      "type": "delete-node",
      "node": {
        "label": "actionDefinitionRegistry",
        "type": "FieldRead"
      },
      "location-before-char-start": 5442,
      "location-before-char-end": 5465,
      "node-str": "actionDefinitionRegistry"
    },
    {
      "type": "delete-node",
      "node": {
        "label": "return",
        "type": "Return"
      },
      "location-before-char-start": 5435,
      "location-before-char-end": 5466,
      "node-str": "return"
    },
    {
      "type": "delete-node",
      "node": {
        "label": "getActionDefinitionRegistry",
        "type": "Method"
      },
      "location-before-char-start": 5124,
      "location-before-char-end": 5469,
      "node-str": "getActionDefinitionRegistry"
    },
    {
      "type": "delete-node",
      "node": {
        "label": "org.eclipse.ui.internal.AcceleratorRegistry",
        "type": "RETURN_TYPE"
      },
      "location-before-char-start": 0,
      "location-before-char-end": 0,
      "node-str": "org.eclipse.ui.internal.AcceleratorRegistry"
    },
    {
      "type": "delete-node",
      "node": {
        "label": "public",
        "type": "Modifier"
      },
      "location-before-char-start": 0,
      "location-before-char-end": 0,
      "node-str": "public"
    },
    {
      "type": "delete-node",
      "node": {
        "label": "org.eclipse.ui.internal.WorkbenchPlugin",
        "type": "TypeAccess"
      },
      "location-before-char-start": 0,
      "location-before-char-end": 0,
      "node-str": "org.eclipse.ui.internal.WorkbenchPlugin"
    },
    {
      "type": "delete-node",
      "node": {
        "label": "acceleratorRegistry",
        "type": "FieldRead"
      },
      "location-before-char-start": 5621,
      "location-before-char-end": 5639,
      "node-str": "acceleratorRegistry"
    },
    {
      "type": "delete-node",
      "node": {
        "label": "null",
        "type": "Literal"
      },
      "location-before-char-start": 5644,
      "location-before-char-end": 5647,
      "node-str": "null"
    },
    {
      "type": "delete-node",
      "node": {
        "label": "EQ",
        "type": "BinaryOperator"
      },
      "location-before-char-start": 5621,
      "location-before-char-end": 5647,
      "node-str": "EQ"
    },
    {
      "type": "delete-node",
      "node": {
        "label": "org.eclipse.ui.internal.WorkbenchPlugin",
        "type": "TypeAccess"
      },
      "location-before-char-start": 0,
      "location-before-char-end": 0,
      "node-str": "org.eclipse.ui.internal.WorkbenchPlugin"
    },
    {
      "type": "delete-node",
      "node": {
        "label": "acceleratorRegistry",
        "type": "FieldWrite"
      },
      "location-before-char-start": 5655,
      "location-before-char-end": 5673,
      "node-str": "acceleratorRegistry"
    },
    {
      "type": "delete-node",
      "node": {
        "label": "AcceleratorRegistry()",
        "type": "ConstructorCall"
      },
      "location-before-char-start": 5677,
      "location-before-char-end": 5701,
      "node-str": "AcceleratorRegistry()"
    },
    {
      "type": "delete-node",
      "node": {
        "label": "\u003d",
        "type": "Assignment"
      },
      "location-before-char-start": 5655,
      "location-before-char-end": 5702,
      "node-str": "\u003d"
    },
    {
      "type": "delete-node",
      "node": {
        "label": "org.eclipse.ui.internal.WorkbenchPlugin",
        "type": "TypeAccess"
      },
      "location-before-char-start": 0,
      "location-before-char-end": 0,
      "node-str": "org.eclipse.ui.internal.WorkbenchPlugin"
    },
    {
      "type": "delete-node",
      "node": {
        "label": "acceleratorRegistry",
        "type": "FieldRead"
      },
      "location-before-char-start": 5707,
      "location-before-char-end": 5725,
      "node-str": "acceleratorRegistry"
    },
    {
      "type": "delete-node",
      "node": {
        "label": "load",
        "type": "Invocation"
      },
      "location-before-char-start": 5707,
      "location-before-char-end": 5733,
      "node-str": "load"
    },
    {
      "type": "delete-node",
      "node": {
        "label": "THEN",
        "type": "then"
      },
      "location-before-char-start": 5650,
      "location-before-char-end": 5737,
      "node-str": "THEN"
    },
    {
      "type": "delete-node",
      "node": {
        "label": "if",
        "type": "If"
      },
      "location-before-char-start": 5617,
      "location-before-char-end": 5737,
      "node-str": "if"
    },
    {
      "type": "delete-node",
      "node": {
        "label": "org.eclipse.ui.internal.WorkbenchPlugin",
        "type": "TypeAccess"
      },
      "location-before-char-start": 0,
      "location-before-char-end": 0,
      "node-str": "org.eclipse.ui.internal.WorkbenchPlugin"
    },
    {
      "type": "delete-node",
      "node": {
        "label": "acceleratorRegistry",
        "type": "FieldRead"
      },
      "location-before-char-start": 5748,
      "location-before-char-end": 5766,
      "node-str": "acceleratorRegistry"
    },
    {
      "type": "delete-node",
      "node": {
        "label": "return",
        "type": "Return"
      },
      "location-before-char-start": 5741,
      "location-before-char-end": 5767,
      "node-str": "return"
    },
    {
      "type": "delete-node",
      "node": {
        "label": "getAcceleratorRegistry",
        "type": "Method"
      },
      "location-before-char-start": 5472,
      "location-before-char-end": 5770,
      "node-str": "getAcceleratorRegistry"
    },
    {
      "type": "delete-node",
      "node": {
        "label": "IPreferenceStore",
        "type": "VARIABLE_TYPE"
      },
      "location-before-char-start": 0,
      "location-before-char-end": 0,
      "node-str": "IPreferenceStore"
    },
    {
      "type": "delete-node",
      "node": {
        "label": "store",
        "type": "Parameter"
      },
      "location-before-char-start": 12244,
      "location-before-char-end": 12265,
      "node-str": "store"
    },
    {
      "type": "delete-node",
      "node": {
        "label": "FontRegistry",
        "type": "VARIABLE_TYPE"
      },
      "location-before-char-start": 0,
      "location-before-char-end": 0,
      "node-str": "FontRegistry"
    },
    {
      "type": "delete-node",
      "node": {
        "label": "JFaceResources",
        "type": "TypeAccess"
      },
      "location-before-char-start": 14617,
      "location-before-char-end": 14630,
      "node-str": "JFaceResources"
    },
    {
      "type": "delete-node",
      "node": {
        "label": "getFontRegistry",
        "type": "Invocation"
      },
      "location-before-char-start": 14617,
      "location-before-char-end": 14648,
      "node-str": "getFontRegistry"
    },
    {
      "type": "delete-node",
      "node": {
        "label": "registry",
        "type": "LocalVariable"
      },
      "location-before-char-start": 14593,
      "location-before-char-end": 14649,
      "node-str": "registry"
    }
  ],
  "before-file": {},
  "after-file": {},
  "mapping": {}
}