{
  "tool-info": {},
  "diff": [
    {
      "type": "insert-node",
      "node": {
        "label": "\u003cinit\u003e",
        "type": "Constructor"
      },
      "location-after-char-start": 1538,
      "location-after-char-end": 1782,
      "node-str": "\u003cinit\u003e"
    },
    {
      "type": "move-subtree",
      "node": {
        "label": "public",
        "type": "Modifier"
      },
      "location-before-char-start": 0,
      "location-before-char-end": 0,
      "location-after-char-start": 0,
      "location-after-char-end": 0,
      "node-str": "public"
    },
    {
      "type": "move-subtree",
      "node": {
        "label": "app",
        "type": "Parameter"
      },
      "location-before-char-start": 1714,
      "location-before-char-end": 1736,
      "location-after-char-start": 1714,
      "location-after-char-end": 1736,
      "node-str": "app"
    },
    {
      "type": "insert-node",
      "node": {
        "label": "\u003cinit\u003e",
        "type": "Invocation"
      },
      "location-after-char-start": 1746,
      "location-after-char-end": 1779,
      "node-str": "\u003cinit\u003e"
    },
    {
      "type": "move-subtree",
      "node": {
        "label": "app",
        "type": "VariableRead"
      },
      "location-before-char-start": 1748,
      "location-before-char-end": 1750,
      "location-after-char-start": 1752,
      "location-after-char-end": 1754,
      "node-str": "app"
    },
    {
      "type": "insert-node",
      "node": {
        "label": "BeanMetaData.MDB_TYPE",
        "type": "TypeAccess"
      },
      "location-after-char-start": 1757,
      "location-after-char-end": 1777,
      "node-str": "BeanMetaData.MDB_TYPE"
    },
    {
      "type": "delete-node",
      "node": {
        "label": "\u003cinit\u003e",
        "type": "Invocation"
      },
      "location-before-char-start": 1742,
      "location-before-char-end": 1752,
      "node-str": "\u003cinit\u003e"
    },
    {
      "type": "delete-node",
      "node": {
        "label": "messageDriven",
        "type": "FieldWrite"
      },
      "location-before-char-start": 1755,
      "location-before-char-end": 1767,
      "node-str": "messageDriven"
    },
    {
      "type": "delete-node",
      "node": {
        "label": "true",
        "type": "Literal"
      },
      "location-before-char-start": 1771,
      "location-before-char-end": 1774,
      "node-str": "true"
    },
    {
      "type": "delete-node",
      "node": {
        "label": "\u003d",
        "type": "Assignment"
      },
      "location-before-char-start": 1755,
      "location-before-char-end": 1775,
      "node-str": "\u003d"
    },
    {
      "type": "delete-node",
      "node": {
        "label": "session",
        "type": "FieldWrite"
      },
      "location-before-char-start": 1778,
      "location-before-char-end": 1784,
      "node-str": "session"
    },
    {
      "type": "delete-node",
      "node": {
        "label": "false",
        "type": "Literal"
      },
      "location-before-char-start": 1788,
      "location-before-char-end": 1792,
      "node-str": "false"
    },
    {
      "type": "delete-node",
      "node": {
        "label": "\u003d",
        "type": "Assignment"
      },
      "location-before-char-start": 1778,
      "location-before-char-end": 1793,
      "node-str": "\u003d"
    },
    {
      "type": "delete-node",
      "node": {
        "label": "\u003cinit\u003e",
        "type": "Constructor"
      },
      "location-before-char-start": 1538,
      "location-before-char-end": 1796,
      "node-str": "\u003cinit\u003e"
    }
  ],
  "before-file": {},
  "after-file": {},
  "mapping": {}
}