{
  "tool-info": {},
  "diff": [
    {
      "type": "insert-node",
      "node": {
        "label": "final",
        "type": "Modifier"
      },
      "location-after-char-start": 0,
      "location-after-char-end": 0,
      "node-str": "final"
    },
    {
      "type": "insert-node",
      "node": {
        "label": "public",
        "type": "Modifier"
      },
      "location-after-char-start": 0,
      "location-after-char-end": 0,
      "node-str": "public"
    },
    {
      "type": "insert-node",
      "node": {
        "label": "",
        "type": "TypeReference"
      },
      "location-after-char-start": 1471,
      "location-after-char-end": 1482,
      "node-str": ""
    },
    {
      "type": "insert-node",
      "node": {
        "label": "TYPE_DEFAULT",
        "type": "Field"
      },
      "location-after-char-start": 1488,
      "location-after-char-end": 1592,
      "node-str": "TYPE_DEFAULT"
    },
    {
      "type": "insert-node",
      "node": {
        "label": "TYPE_DISABLED",
        "type": "Field"
      },
      "location-after-char-start": 1596,
      "location-after-char-end": 1722,
      "node-str": "TYPE_DISABLED"
    },
    {
      "type": "insert-node",
      "node": {
        "label": "TYPE_HOVER",
        "type": "Field"
      },
      "location-after-char-start": 1726,
      "location-after-char-end": 1881,
      "node-str": "TYPE_HOVER"
    },
    {
      "type": "insert-node",
      "node": {
        "label": "imagesById",
        "type": "Field"
      },
      "location-after-char-start": 1885,
      "location-after-char-end": 2213,
      "node-str": "imagesById"
    },
    {
      "type": "insert-node",
      "node": {
        "label": "addCommandImageManagerListener",
        "type": "Method"
      },
      "location-after-char-start": 2217,
      "location-after-char-end": 2668,
      "node-str": "addCommandImageManagerListener"
    },
    {
      "type": "insert-node",
      "node": {
        "label": "bind",
        "type": "Method"
      },
      "location-after-char-start": 2672,
      "location-after-char-end": 3454,
      "node-str": "bind"
    },
    {
      "type": "insert-node",
      "node": {
        "label": "getImageDescriptor",
        "type": "Method"
      },
      "location-after-char-start": 7463,
      "location-after-char-end": 7889,
      "node-str": "getImageDescriptor"
    },
    {
      "type": "insert-node",
      "node": {
        "label": "getImageDescriptor",
        "type": "Method"
      },
      "location-after-char-start": 7893,
      "location-after-char-end": 8532,
      "node-str": "getImageDescriptor"
    },
    {
      "type": "insert-node",
      "node": {
        "label": "getImageDescriptor",
        "type": "Method"
      },
      "location-after-char-start": 8536,
      "location-after-char-end": 10188,
      "node-str": "getImageDescriptor"
    },
    {
      "type": "insert-node",
      "node": {
        "label": "getImageDescriptor",
        "type": "Method"
      },
      "location-after-char-start": 10192,
      "location-after-char-end": 10769,
      "node-str": "getImageDescriptor"
    },
    {
      "type": "insert-node",
      "node": {
        "label": "removeCommandImageManagerListener",
        "type": "Method"
      },
      "location-after-char-start": 10773,
      "location-after-char-end": 11076,
      "node-str": "removeCommandImageManagerListener"
    },
    {
      "type": "insert-node",
      "node": {
        "label": "org.eclipse.core.commands.common.EventManager",
        "type": "SUPER_TYPE"
      },
      "location-after-char-start": 0,
      "location-after-char-end": 0,
      "node-str": "org.eclipse.core.commands.common.EventManager"
    },
    {
      "type": "insert-node",
      "node": {
        "label": "int",
        "type": "VARIABLE_TYPE"
      },
      "location-after-char-start": 0,
      "location-after-char-end": 0,
      "node-str": "int"
    },
    {
      "type": "insert-node",
      "node": {
        "label": "final",
        "type": "Modifier"
      },
      "location-after-char-start": 0,
      "location-after-char-end": 0,
      "node-str": "final"
    },
    {
      "type": "insert-node",
      "node": {
        "label": "public",
        "type": "Modifier"
      },
      "location-after-char-start": 0,
      "location-after-char-end": 0,
      "node-str": "public"
    },
    {
      "type": "insert-node",
      "node": {
        "label": "static",
        "type": "Modifier"
      },
      "location-after-char-start": 0,
      "location-after-char-end": 0,
      "node-str": "static"
    },
    {
      "type": "insert-node",
      "node": {
        "label": "0",
        "type": "Literal"
      },
      "location-after-char-start": 1591,
      "location-after-char-end": 1591,
      "node-str": "0"
    },
    {
      "type": "insert-node",
      "node": {
        "label": "int",
        "type": "VARIABLE_TYPE"
      },
      "location-after-char-start": 0,
      "location-after-char-end": 0,
      "node-str": "int"
    },
    {
      "type": "insert-node",
      "node": {
        "label": "final",
        "type": "Modifier"
      },
      "location-after-char-start": 0,
      "location-after-char-end": 0,
      "node-str": "final"
    },
    {
      "type": "insert-node",
      "node": {
        "label": "public",
        "type": "Modifier"
      },
      "location-after-char-start": 0,
      "location-after-char-end": 0,
      "node-str": "public"
    },
    {
      "type": "insert-node",
      "node": {
        "label": "static",
        "type": "Modifier"
      },
      "location-after-char-start": 0,
      "location-after-char-end": 0,
      "node-str": "static"
    },
    {
      "type": "insert-node",
      "node": {
        "label": "1",
        "type": "Literal"
      },
      "location-after-char-start": 1721,
      "location-after-char-end": 1721,
      "node-str": "1"
    },
    {
      "type": "insert-node",
      "node": {
        "label": "int",
        "type": "VARIABLE_TYPE"
      },
      "location-after-char-start": 0,
      "location-after-char-end": 0,
      "node-str": "int"
    },
    {
      "type": "insert-node",
      "node": {
        "label": "final",
        "type": "Modifier"
      },
      "location-after-char-start": 0,
      "location-after-char-end": 0,
      "node-str": "final"
    },
    {
      "type": "insert-node",
      "node": {
        "label": "public",
        "type": "Modifier"
      },
      "location-after-char-start": 0,
      "location-after-char-end": 0,
      "node-str": "public"
    },
    {
      "type": "insert-node",
      "node": {
        "label": "static",
        "type": "Modifier"
      },
      "location-after-char-start": 0,
      "location-after-char-end": 0,
      "node-str": "static"
    },
    {
      "type": "insert-node",
      "node": {
        "label": "2",
        "type": "Literal"
      },
      "location-after-char-start": 1880,
      "location-after-char-end": 1880,
      "node-str": "2"
    },
    {
      "type": "insert-node",
      "node": {
        "label": "java.util.Map",
        "type": "VARIABLE_TYPE"
      },
      "location-after-char-start": 0,
      "location-after-char-end": 0,
      "node-str": "java.util.Map"
    },
    {
      "type": "insert-node",
      "node": {
        "label": "final",
        "type": "Modifier"
      },
      "location-after-char-start": 0,
      "location-after-char-end": 0,
      "node-str": "final"
    },
    {
      "type": "insert-node",
      "node": {
        "label": "java.util.HashMap()",
        "type": "ConstructorCall"
      },
      "location-after-char-start": 2200,
      "location-after-char-end": 2212,
      "node-str": "java.util.HashMap()"
    },
    {
      "type": "insert-node",
      "node": {
        "label": "void",
        "type": "RETURN_TYPE"
      },
      "location-after-char-start": 0,
      "location-after-char-end": 0,
      "node-str": "void"
    },
    {
      "type": "insert-node",
      "node": {
        "label": "final",
        "type": "Modifier"
      },
      "location-after-char-start": 0,
      "location-after-char-end": 0,
      "node-str": "final"
    },
    {
      "type": "insert-node",
      "node": {
        "label": "public",
        "type": "Modifier"
      },
      "location-after-char-start": 0,
      "location-after-char-end": 0,
      "node-str": "public"
    },
    {
      "type": "insert-node",
      "node": {
        "label": "listener",
        "type": "Parameter"
      },
      "location-after-char-start": 2589,
      "location-after-char-end": 2631,
      "node-str": "listener"
    },
    {
      "type": "insert-node",
      "node": {
        "label": "addListenerObject",
        "type": "Invocation"
      },
      "location-after-char-start": 2638,
      "location-after-char-end": 2665,
      "node-str": "addListenerObject"
    },
    {
      "type": "insert-node",
      "node": {
        "label": "void",
        "type": "RETURN_TYPE"
      },
      "location-after-char-start": 0,
      "location-after-char-end": 0,
      "node-str": "void"
    },
    {
      "type": "insert-node",
      "node": {
        "label": "final",
        "type": "Modifier"
      },
      "location-after-char-start": 0,
      "location-after-char-end": 0,
      "node-str": "final"
    },
    {
      "type": "insert-node",
      "node": {
        "label": "public",
        "type": "Modifier"
      },
      "location-after-char-start": 0,
      "location-after-char-end": 0,
      "node-str": "public"
    },
    {
      "type": "insert-node",
      "node": {
        "label": "commandId",
        "type": "Parameter"
      },
      "location-after-char-start": 3256,
      "location-after-char-end": 3277,
      "node-str": "commandId"
    },
    {
      "type": "insert-node",
      "node": {
        "label": "type",
        "type": "Parameter"
      },
      "location-after-char-start": 3280,
      "location-after-char-end": 3293,
      "node-str": "type"
    },
    {
      "type": "insert-node",
      "node": {
        "label": "style",
        "type": "Parameter"
      },
      "location-after-char-start": 3299,
      "location-after-char-end": 3316,
      "node-str": "style"
    },
    {
      "type": "insert-node",
      "node": {
        "label": "url",
        "type": "Parameter"
      },
      "location-after-char-start": 3319,
      "location-after-char-end": 3331,
      "node-str": "url"
    },
    {
      "type": "insert-node",
      "node": {
        "label": "descriptor",
        "type": "LocalVariable"
      },
      "location-after-char-start": 3338,
      "location-after-char-end": 3407,
      "node-str": "descriptor"
    },
    {
      "type": "insert-node",
      "node": {
        "label": "bind",
        "type": "Invocation"
      },
      "location-after-char-start": 3411,
      "location-after-char-end": 3451,
      "node-str": "bind"
    },
    {
      "type": "insert-node",
      "node": {
        "label": "org.eclipse.jface.resource.ImageDescriptor",
        "type": "RETURN_TYPE"
      },
      "location-after-char-start": 0,
      "location-after-char-end": 0,
      "node-str": "org.eclipse.jface.resource.ImageDescriptor"
    },
    {
      "type": "insert-node",
      "node": {
        "label": "final",
        "type": "Modifier"
      },
      "location-after-char-start": 0,
      "location-after-char-end": 0,
      "node-str": "final"
    },
    {
      "type": "insert-node",
      "node": {
        "label": "public",
        "type": "Modifier"
      },
      "location-after-char-start": 0,
      "location-after-char-end": 0,
      "node-str": "public"
    },
    {
      "type": "insert-node",
      "node": {
        "label": "commandId",
        "type": "Parameter"
      },
      "location-after-char-start": 7802,
      "location-after-char-end": 7823,
      "node-str": "commandId"
    },
    {
      "type": "insert-node",
      "node": {
        "label": "return",
        "type": "Return"
      },
      "location-after-char-start": 7830,
      "location-after-char-end": 7886,
      "node-str": "return"
    },
    {
      "type": "insert-node",
      "node": {
        "label": "org.eclipse.jface.resource.ImageDescriptor",
        "type": "RETURN_TYPE"
      },
      "location-after-char-start": 0,
      "location-after-char-end": 0,
      "node-str": "org.eclipse.jface.resource.ImageDescriptor"
    },
    {
      "type": "insert-node",
      "node": {
        "label": "final",
        "type": "Modifier"
      },
      "location-after-char-start": 0,
      "location-after-char-end": 0,
      "node-str": "final"
    },
    {
      "type": "insert-node",
      "node": {
        "label": "public",
        "type": "Modifier"
      },
      "location-after-char-start": 0,
      "location-after-char-end": 0,
      "node-str": "public"
    },
    {
      "type": "insert-node",
      "node": {
        "label": "commandId",
        "type": "Parameter"
      },
      "location-after-char-start": 8434,
      "location-after-char-end": 8455,
      "node-str": "commandId"
    },
    {
      "type": "insert-node",
      "node": {
        "label": "type",
        "type": "Parameter"
      },
      "location-after-char-start": 8461,
      "location-after-char-end": 8474,
      "node-str": "type"
    },
    {
      "type": "insert-node",
      "node": {
        "label": "return",
        "type": "Return"
      },
      "location-after-char-start": 8481,
      "location-after-char-end": 8529,
      "node-str": "return"
    },
    {
      "type": "insert-node",
      "node": {
        "label": "org.eclipse.jface.resource.ImageDescriptor",
        "type": "RETURN_TYPE"
      },
      "location-after-char-start": 0,
      "location-after-char-end": 0,
      "node-str": "org.eclipse.jface.resource.ImageDescriptor"
    },
    {
      "type": "insert-node",
      "node": {
        "label": "final",
        "type": "Modifier"
      },
      "location-after-char-start": 0,
      "location-after-char-end": 0,
      "node-str": "final"
    },
    {
      "type": "insert-node",
      "node": {
        "label": "public",
        "type": "Modifier"
      },
      "location-after-char-start": 0,
      "location-after-char-end": 0,
      "node-str": "public"
    },
    {
      "type": "insert-node",
      "node": {
        "label": "commandId",
        "type": "Parameter"
      },
      "location-after-char-start": 9179,
      "location-after-char-end": 9200,
      "node-str": "commandId"
    },
    {
      "type": "insert-node",
      "node": {
        "label": "type",
        "type": "Parameter"
      },
      "location-after-char-start": 9206,
      "location-after-char-end": 9219,
      "node-str": "type"
    },
    {
      "type": "insert-node",
      "node": {
        "label": "style",
        "type": "Parameter"
      },
      "location-after-char-start": 9222,
      "location-after-char-end": 9239,
      "node-str": "style"
    },
    {
      "type": "insert-node",
      "node": {
        "label": "if",
        "type": "If"
      },
      "location-after-char-start": 9246,
      "location-after-char-end": 9310,
      "node-str": "if"
    },
    {
      "type": "insert-node",
      "node": {
        "label": "images",
        "type": "LocalVariable"
      },
      "location-after-char-start": 9315,
      "location-after-char-end": 9375,
      "node-str": "images"
    },
    {
      "type": "insert-node",
      "node": {
        "label": "if",
        "type": "If"
      },
      "location-after-char-start": 9379,
      "location-after-char-end": 9419,
      "node-str": "if"
    },
    {
      "type": "move-subtree",
      "node": {
        "label": "if",
        "type": "If"
      },
      "location-before-char-start": 9424,
      "location-before-char-end": 9601,
      "location-after-char-start": 9424,
      "location-after-char-end": 9601,
      "node-str": "if"
    },
    {
      "type": "insert-node",
      "node": {
        "label": "typedImage",
        "type": "LocalVariable"
      },
      "location-after-char-start": 9606,
      "location-after-char-end": 9638,
      "node-str": "typedImage"
    },
    {
      "type": "insert-node",
      "node": {
        "label": "if",
        "type": "If"
      },
      "location-after-char-start": 9643,
      "location-after-char-end": 9687,
      "node-str": "if"
    },
    {
      "type": "insert-node",
      "node": {
        "label": "if",
        "type": "If"
      },
      "location-after-char-start": 9692,
      "location-after-char-end": 9779,
      "node-str": "if"
    },
    {
      "type": "move-subtree",
      "node": {
        "label": "if",
        "type": "If"
      },
      "location-before-char-start": 9806,
      "location-before-char-end": 10191,
      "location-after-char-start": 9784,
      "location-after-char-end": 10169,
      "node-str": "if"
    },
    {
      "type": "insert-node",
      "node": {
        "label": "return",
        "type": "Return"
      },
      "location-after-char-start": 10174,
      "location-after-char-end": 10185,
      "node-str": "return"
    },
    {
      "type": "insert-node",
      "node": {
        "label": "org.eclipse.jface.resource.ImageDescriptor",
        "type": "RETURN_TYPE"
      },
      "location-after-char-start": 0,
      "location-after-char-end": 0,
      "node-str": "org.eclipse.jface.resource.ImageDescriptor"
    },
    {
      "type": "insert-node",
      "node": {
        "label": "final",
        "type": "Modifier"
      },
      "location-after-char-start": 0,
      "location-after-char-end": 0,
      "node-str": "final"
    },
    {
      "type": "insert-node",
      "node": {
        "label": "public",
        "type": "Modifier"
      },
      "location-after-char-start": 0,
      "location-after-char-end": 0,
      "node-str": "public"
    },
    {
      "type": "insert-node",
      "node": {
        "label": "commandId",
        "type": "Parameter"
      },
      "location-after-char-start": 10658,
      "location-after-char-end": 10679,
      "node-str": "commandId"
    },
    {
      "type": "insert-node",
      "node": {
        "label": "style",
        "type": "Parameter"
      },
      "location-after-char-start": 10685,
      "location-after-char-end": 10702,
      "node-str": "style"
    },
    {
      "type": "insert-node",
      "node": {
        "label": "return",
        "type": "Return"
      },
      "location-after-char-start": 10709,
      "location-after-char-end": 10766,
      "node-str": "return"
    },
    {
      "type": "insert-node",
      "node": {
        "label": "void",
        "type": "RETURN_TYPE"
      },
      "location-after-char-start": 0,
      "location-after-char-end": 0,
      "node-str": "void"
    },
    {
      "type": "insert-node",
      "node": {
        "label": "final",
        "type": "Modifier"
      },
      "location-after-char-start": 0,
      "location-after-char-end": 0,
      "node-str": "final"
    },
    {
      "type": "insert-node",
      "node": {
        "label": "public",
        "type": "Modifier"
      },
      "location-after-char-start": 0,
      "location-after-char-end": 0,
      "node-str": "public"
    },
    {
      "type": "insert-node",
      "node": {
        "label": "listener",
        "type": "Parameter"
      },
      "location-after-char-start": 10994,
      "location-after-char-end": 11036,
      "node-str": "listener"
    },
    {
      "type": "insert-node",
      "node": {
        "label": "removeListenerObject",
        "type": "Invocation"
      },
      "location-after-char-start": 11043,
      "location-after-char-end": 11073,
      "node-str": "removeListenerObject"
    },
    {
      "type": "insert-node",
      "node": {
        "label": "org.eclipse.ui.internal.commands.ICommandImageManagerListener",
        "type": "VARIABLE_TYPE"
      },
      "location-after-char-start": 0,
      "location-after-char-end": 0,
      "node-str": "org.eclipse.ui.internal.commands.ICommandImageManagerListener"
    },
    {
      "type": "insert-node",
      "node": {
        "label": "final",
        "type": "Modifier"
      },
      "location-after-char-start": 0,
      "location-after-char-end": 0,
      "node-str": "final"
    },
    {
      "type": "insert-node",
      "node": {
        "label": "org.eclipse.ui.internal.commands.CommandImageManager",
        "type": "TypeAccess"
      },
      "location-after-char-start": 0,
      "location-after-char-end": 0,
      "node-str": "org.eclipse.ui.internal.commands.CommandImageManager"
    },
    {
      "type": "insert-node",
      "node": {
        "label": "listener",
        "type": "VariableRead"
      },
      "location-after-char-start": 2656,
      "location-after-char-end": 2663,
      "node-str": "listener"
    },
    {
      "type": "insert-node",
      "node": {
        "label": "java.lang.String",
        "type": "VARIABLE_TYPE"
      },
      "location-after-char-start": 0,
      "location-after-char-end": 0,
      "node-str": "java.lang.String"
    },
    {
      "type": "insert-node",
      "node": {
        "label": "final",
        "type": "Modifier"
      },
      "location-after-char-start": 0,
      "location-after-char-end": 0,
      "node-str": "final"
    },
    {
      "type": "insert-node",
      "node": {
        "label": "int",
        "type": "VARIABLE_TYPE"
      },
      "location-after-char-start": 0,
      "location-after-char-end": 0,
      "node-str": "int"
    },
    {
      "type": "insert-node",
      "node": {
        "label": "final",
        "type": "Modifier"
      },
      "location-after-char-start": 0,
      "location-after-char-end": 0,
      "node-str": "final"
    },
    {
      "type": "insert-node",
      "node": {
        "label": "java.lang.String",
        "type": "VARIABLE_TYPE"
      },
      "location-after-char-start": 0,
      "location-after-char-end": 0,
      "node-str": "java.lang.String"
    },
    {
      "type": "insert-node",
      "node": {
        "label": "final",
        "type": "Modifier"
      },
      "location-after-char-start": 0,
      "location-after-char-end": 0,
      "node-str": "final"
    },
    {
      "type": "insert-node",
      "node": {
        "label": "java.net.URL",
        "type": "VARIABLE_TYPE"
      },
      "location-after-char-start": 0,
      "location-after-char-end": 0,
      "node-str": "java.net.URL"
    },
    {
      "type": "insert-node",
      "node": {
        "label": "final",
        "type": "Modifier"
      },
      "location-after-char-start": 0,
      "location-after-char-end": 0,
      "node-str": "final"
    },
    {
      "type": "insert-node",
      "node": {
        "label": "org.eclipse.jface.resource.ImageDescriptor",
        "type": "VARIABLE_TYPE"
      },
      "location-after-char-start": 0,
      "location-after-char-end": 0,
      "node-str": "org.eclipse.jface.resource.ImageDescriptor"
    },
    {
      "type": "insert-node",
      "node": {
        "label": "final",
        "type": "Modifier"
      },
      "location-after-char-start": 0,
      "location-after-char-end": 0,
      "node-str": "final"
    },
    {
      "type": "insert-node",
      "node": {
        "label": "createFromURL",
        "type": "Invocation"
      },
      "location-after-char-start": 3373,
      "location-after-char-end": 3406,
      "node-str": "createFromURL"
    },
    {
      "type": "insert-node",
      "node": {
        "label": "org.eclipse.ui.internal.commands.CommandImageManager",
        "type": "TypeAccess"
      },
      "location-after-char-start": 0,
      "location-after-char-end": 0,
      "node-str": "org.eclipse.ui.internal.commands.CommandImageManager"
    },
    {
      "type": "insert-node",
      "node": {
        "label": "commandId",
        "type": "VariableRead"
      },
      "location-after-char-start": 3416,
      "location-after-char-end": 3424,
      "node-str": "commandId"
    },
    {
      "type": "insert-node",
      "node": {
        "label": "type",
        "type": "VariableRead"
      },
      "location-after-char-start": 3427,
      "location-after-char-end": 3430,
      "node-str": "type"
    },
    {
      "type": "insert-node",
      "node": {
        "label": "style",
        "type": "VariableRead"
      },
      "location-after-char-start": 3433,
      "location-after-char-end": 3437,
      "node-str": "style"
    },
    {
      "type": "insert-node",
      "node": {
        "label": "descriptor",
        "type": "VariableRead"
      },
      "location-after-char-start": 3440,
      "location-after-char-end": 3449,
      "node-str": "descriptor"
    },
    {
      "type": "insert-node",
      "node": {
        "label": "java.lang.String",
        "type": "VARIABLE_TYPE"
      },
      "location-after-char-start": 0,
      "location-after-char-end": 0,
      "node-str": "java.lang.String"
    },
    {
      "type": "insert-node",
      "node": {
        "label": "final",
        "type": "Modifier"
      },
      "location-after-char-start": 0,
      "location-after-char-end": 0,
      "node-str": "final"
    },
    {
      "type": "insert-node",
      "node": {
        "label": "getImageDescriptor",
        "type": "Invocation"
      },
      "location-after-char-start": 7837,
      "location-after-char-end": 7885,
      "node-str": "getImageDescriptor"
    },
    {
      "type": "insert-node",
      "node": {
        "label": "java.lang.String",
        "type": "VARIABLE_TYPE"
      },
      "location-after-char-start": 0,
      "location-after-char-end": 0,
      "node-str": "java.lang.String"
    },
    {
      "type": "insert-node",
      "node": {
        "label": "final",
        "type": "Modifier"
      },
      "location-after-char-start": 0,
      "location-after-char-end": 0,
      "node-str": "final"
    },
    {
      "type": "insert-node",
      "node": {
        "label": "int",
        "type": "VARIABLE_TYPE"
      },
      "location-after-char-start": 0,
      "location-after-char-end": 0,
      "node-str": "int"
    },
    {
      "type": "insert-node",
      "node": {
        "label": "final",
        "type": "Modifier"
      },
      "location-after-char-start": 0,
      "location-after-char-end": 0,
      "node-str": "final"
    },
    {
      "type": "insert-node",
      "node": {
        "label": "getImageDescriptor",
        "type": "Invocation"
      },
      "location-after-char-start": 8488,
      "location-after-char-end": 8528,
      "node-str": "getImageDescriptor"
    },
    {
      "type": "insert-node",
      "node": {
        "label": "java.lang.String",
        "type": "VARIABLE_TYPE"
      },
      "location-after-char-start": 0,
      "location-after-char-end": 0,
      "node-str": "java.lang.String"
    },
    {
      "type": "insert-node",
      "node": {
        "label": "final",
        "type": "Modifier"
      },
      "location-after-char-start": 0,
      "location-after-char-end": 0,
      "node-str": "final"
    },
    {
      "type": "insert-node",
      "node": {
        "label": "int",
        "type": "VARIABLE_TYPE"
      },
      "location-after-char-start": 0,
      "location-after-char-end": 0,
      "node-str": "int"
    },
    {
      "type": "insert-node",
      "node": {
        "label": "final",
        "type": "Modifier"
      },
      "location-after-char-start": 0,
      "location-after-char-end": 0,
      "node-str": "final"
    },
    {
      "type": "insert-node",
      "node": {
        "label": "java.lang.String",
        "type": "VARIABLE_TYPE"
      },
      "location-after-char-start": 0,
      "location-after-char-end": 0,
      "node-str": "java.lang.String"
    },
    {
      "type": "insert-node",
      "node": {
        "label": "final",
        "type": "Modifier"
      },
      "location-after-char-start": 0,
      "location-after-char-end": 0,
      "node-str": "final"
    },
    {
      "type": "insert-node",
      "node": {
        "label": "EQ",
        "type": "BinaryOperator"
      },
      "location-after-char-start": 9250,
      "location-after-char-end": 9266,
      "node-str": "EQ"
    },
    {
      "type": "insert-node",
      "node": {
        "label": "THEN",
        "type": "then"
      },
      "location-after-char-start": 9269,
      "location-after-char-end": 9310,
      "node-str": "THEN"
    },
    {
      "type": "insert-node",
      "node": {
        "label": "java.lang.Object[]",
        "type": "VARIABLE_TYPE"
      },
      "location-after-char-start": 0,
      "location-after-char-end": 0,
      "node-str": "java.lang.Object[]"
    },
    {
      "type": "insert-node",
      "node": {
        "label": "final",
        "type": "Modifier"
      },
      "location-after-char-start": 0,
      "location-after-char-end": 0,
      "node-str": "final"
    },
    {
      "type": "insert-node",
      "node": {
        "label": "get",
        "type": "Invocation"
      },
      "location-after-char-start": 9339,
      "location-after-char-end": 9374,
      "node-str": "get"
    },
    {
      "type": "insert-node",
      "node": {
        "label": "EQ",
        "type": "BinaryOperator"
      },
      "location-after-char-start": 9383,
      "location-after-char-end": 9396,
      "node-str": "EQ"
    },
    {
      "type": "insert-node",
      "node": {
        "label": "THEN",
        "type": "then"
      },
      "location-after-char-start": 9399,
      "location-after-char-end": 9419,
      "node-str": "THEN"
    },
    {
      "type": "insert-node",
      "node": {
        "label": "java.lang.Object",
        "type": "VARIABLE_TYPE"
      },
      "location-after-char-start": 0,
      "location-after-char-end": 0,
      "node-str": "java.lang.Object"
    },
    {
      "type": "insert-node",
      "node": {
        "label": "",
        "type": "ArrayRead"
      },
      "location-after-char-start": 9626,
      "location-after-char-end": 9637,
      "node-str": ""
    },
    {
      "type": "insert-node",
      "node": {
        "label": "EQ",
        "type": "BinaryOperator"
      },
      "location-after-char-start": 9647,
      "location-after-char-end": 9664,
      "node-str": "EQ"
    },
    {
      "type": "insert-node",
      "node": {
        "label": "THEN",
        "type": "then"
      },
      "location-after-char-start": 9667,
      "location-after-char-end": 9687,
      "node-str": "THEN"
    },
    {
      "type": "insert-node",
      "node": {
        "label": "INSTANCEOF",
        "type": "BinaryOperator"
      },
      "location-after-char-start": 9696,
      "location-after-char-end": 9732,
      "node-str": "INSTANCEOF"
    },
    {
      "type": "insert-node",
      "node": {
        "label": "THEN",
        "type": "then"
      },
      "location-after-char-start": 9735,
      "location-after-char-end": 9779,
      "node-str": "THEN"
    },
    {
      "type": "insert-node",
      "node": {
        "label": "null",
        "type": "Literal"
      },
      "location-after-char-start": 10181,
      "location-after-char-end": 10184,
      "node-str": "null"
    },
    {
      "type": "insert-node",
      "node": {
        "label": "java.lang.String",
        "type": "VARIABLE_TYPE"
      },
      "location-after-char-start": 0,
      "location-after-char-end": 0,
      "node-str": "java.lang.String"
    },
    {
      "type": "insert-node",
      "node": {
        "label": "final",
        "type": "Modifier"
      },
      "location-after-char-start": 0,
      "location-after-char-end": 0,
      "node-str": "final"
    },
    {
      "type": "insert-node",
      "node": {
        "label": "java.lang.String",
        "type": "VARIABLE_TYPE"
      },
      "location-after-char-start": 0,
      "location-after-char-end": 0,
      "node-str": "java.lang.String"
    },
    {
      "type": "insert-node",
      "node": {
        "label": "final",
        "type": "Modifier"
      },
      "location-after-char-start": 0,
      "location-after-char-end": 0,
      "node-str": "final"
    },
    {
      "type": "insert-node",
      "node": {
        "label": "getImageDescriptor",
        "type": "Invocation"
      },
      "location-after-char-start": 10716,
      "location-after-char-end": 10765,
      "node-str": "getImageDescriptor"
    },
    {
      "type": "insert-node",
      "node": {
        "label": "org.eclipse.ui.internal.commands.ICommandImageManagerListener",
        "type": "VARIABLE_TYPE"
      },
      "location-after-char-start": 0,
      "location-after-char-end": 0,
      "node-str": "org.eclipse.ui.internal.commands.ICommandImageManagerListener"
    },
    {
      "type": "insert-node",
      "node": {
        "label": "final",
        "type": "Modifier"
      },
      "location-after-char-start": 0,
      "location-after-char-end": 0,
      "node-str": "final"
    },
    {
      "type": "insert-node",
      "node": {
        "label": "org.eclipse.ui.internal.commands.CommandImageManager",
        "type": "TypeAccess"
      },
      "location-after-char-start": 0,
      "location-after-char-end": 0,
      "node-str": "org.eclipse.ui.internal.commands.CommandImageManager"
    },
    {
      "type": "insert-node",
      "node": {
        "label": "listener",
        "type": "VariableRead"
      },
      "location-after-char-start": 11064,
      "location-after-char-end": 11071,
      "node-str": "listener"
    },
    {
      "type": "insert-node",
      "node": {
        "label": "org.eclipse.jface.resource.ImageDescriptor",
        "type": "TypeAccess"
      },
      "location-after-char-start": 3373,
      "location-after-char-end": 3387,
      "node-str": "org.eclipse.jface.resource.ImageDescriptor"
    },
    {
      "type": "insert-node",
      "node": {
        "label": "url",
        "type": "VariableRead"
      },
      "location-after-char-start": 3403,
      "location-after-char-end": 3405,
      "node-str": "url"
    },
    {
      "type": "insert-node",
      "node": {
        "label": "org.eclipse.ui.internal.commands.CommandImageManager",
        "type": "TypeAccess"
      },
      "location-after-char-start": 0,
      "location-after-char-end": 0,
      "node-str": "org.eclipse.ui.internal.commands.CommandImageManager"
    },
    {
      "type": "insert-node",
      "node": {
        "label": "commandId",
        "type": "VariableRead"
      },
      "location-after-char-start": 7856,
      "location-after-char-end": 7864,
      "node-str": "commandId"
    },
    {
      "type": "insert-node",
      "node": {
        "label": "TYPE_DEFAULT",
        "type": "FieldRead"
      },
      "location-after-char-start": 7867,
      "location-after-char-end": 7878,
      "node-str": "TYPE_DEFAULT"
    },
    {
      "type": "insert-node",
      "node": {
        "label": "null",
        "type": "Literal"
      },
      "location-after-char-start": 7881,
      "location-after-char-end": 7884,
      "node-str": "null"
    },
    {
      "type": "insert-node",
      "node": {
        "label": "org.eclipse.ui.internal.commands.CommandImageManager",
        "type": "TypeAccess"
      },
      "location-after-char-start": 0,
      "location-after-char-end": 0,
      "node-str": "org.eclipse.ui.internal.commands.CommandImageManager"
    },
    {
      "type": "insert-node",
      "node": {
        "label": "commandId",
        "type": "VariableRead"
      },
      "location-after-char-start": 8507,
      "location-after-char-end": 8515,
      "node-str": "commandId"
    },
    {
      "type": "insert-node",
      "node": {
        "label": "type",
        "type": "VariableRead"
      },
      "location-after-char-start": 8518,
      "location-after-char-end": 8521,
      "node-str": "type"
    },
    {
      "type": "insert-node",
      "node": {
        "label": "null",
        "type": "Literal"
      },
      "location-after-char-start": 8524,
      "location-after-char-end": 8527,
      "node-str": "null"
    },
    {
      "type": "insert-node",
      "node": {
        "label": "commandId",
        "type": "VariableRead"
      },
      "location-after-char-start": 9250,
      "location-after-char-end": 9258,
      "node-str": "commandId"
    },
    {
      "type": "insert-node",
      "node": {
        "label": "null",
        "type": "Literal"
      },
      "location-after-char-start": 9263,
      "location-after-char-end": 9266,
      "node-str": "null"
    },
    {
      "type": "insert-node",
      "node": {
        "label": "",
        "type": "Throw"
      },
      "location-after-char-start": 9274,
      "location-after-char-end": 9306,
      "node-str": ""
    },
    {
      "type": "insert-node",
      "node": {
        "label": "imagesById",
        "type": "FieldRead"
      },
      "location-after-char-start": 9350,
      "location-after-char-end": 9359,
      "node-str": "imagesById"
    },
    {
      "type": "insert-node",
      "node": {
        "label": "commandId",
        "type": "VariableRead"
      },
      "location-after-char-start": 9365,
      "location-after-char-end": 9373,
      "node-str": "commandId"
    },
    {
      "type": "insert-node",
      "node": {
        "label": "images",
        "type": "VariableRead"
      },
      "location-after-char-start": 9383,
      "location-after-char-end": 9388,
      "node-str": "images"
    },
    {
      "type": "insert-node",
      "node": {
        "label": "null",
        "type": "Literal"
      },
      "location-after-char-start": 9393,
      "location-after-char-end": 9396,
      "node-str": "null"
    },
    {
      "type": "insert-node",
      "node": {
        "label": "return",
        "type": "Return"
      },
      "location-after-char-start": 9404,
      "location-after-char-end": 9415,
      "node-str": "return"
    },
    {
      "type": "insert-node",
      "node": {
        "label": "images",
        "type": "VariableRead"
      },
      "location-after-char-start": 9626,
      "location-after-char-end": 9631,
      "node-str": "images"
    },
    {
      "type": "insert-node",
      "node": {
        "label": "type",
        "type": "VariableRead"
      },
      "location-after-char-start": 9633,
      "location-after-char-end": 9636,
      "node-str": "type"
    },
    {
      "type": "insert-node",
      "node": {
        "label": "typedImage",
        "type": "VariableRead"
      },
      "location-after-char-start": 9647,
      "location-after-char-end": 9656,
      "node-str": "typedImage"
    },
    {
      "type": "insert-node",
      "node": {
        "label": "null",
        "type": "Literal"
      },
      "location-after-char-start": 9661,
      "location-after-char-end": 9664,
      "node-str": "null"
    },
    {
      "type": "insert-node",
      "node": {
        "label": "return",
        "type": "Return"
      },
      "location-after-char-start": 9672,
      "location-after-char-end": 9683,
      "node-str": "return"
    },
    {
      "type": "insert-node",
      "node": {
        "label": "typedImage",
        "type": "VariableRead"
      },
      "location-after-char-start": 9696,
      "location-after-char-end": 9705,
      "node-str": "typedImage"
    },
    {
      "type": "insert-node",
      "node": {
        "label": "org.eclipse.jface.resource.ImageDescriptor",
        "type": "TypeAccess"
      },
      "location-after-char-start": 9718,
      "location-after-char-end": 9732,
      "node-str": "org.eclipse.jface.resource.ImageDescriptor"
    },
    {
      "type": "insert-node",
      "node": {
        "label": "return",
        "type": "Return"
      },
      "location-after-char-start": 9740,
      "location-after-char-end": 9775,
      "node-str": "return"
    },
    {
      "type": "insert-node",
      "node": {
        "label": "org.eclipse.ui.internal.commands.CommandImageManager",
        "type": "TypeAccess"
      },
      "location-after-char-start": 0,
      "location-after-char-end": 0,
      "node-str": "org.eclipse.ui.internal.commands.CommandImageManager"
    },
    {
      "type": "insert-node",
      "node": {
        "label": "commandId",
        "type": "VariableRead"
      },
      "location-after-char-start": 10735,
      "location-after-char-end": 10743,
      "node-str": "commandId"
    },
    {
      "type": "insert-node",
      "node": {
        "label": "TYPE_DEFAULT",
        "type": "FieldRead"
      },
      "location-after-char-start": 10746,
      "location-after-char-end": 10757,
      "node-str": "TYPE_DEFAULT"
    },
    {
      "type": "insert-node",
      "node": {
        "label": "style",
        "type": "VariableRead"
      },
      "location-after-char-start": 10760,
      "location-after-char-end": 10764,
      "node-str": "style"
    },
    {
      "type": "insert-node",
      "node": {
        "label": "java.lang.NullPointerException()",
        "type": "ConstructorCall"
      },
      "location-after-char-start": 9280,
      "location-after-char-end": 9305,
      "node-str": "java.lang.NullPointerException()"
    },
    {
      "type": "insert-node",
      "node": {
        "label": "org.eclipse.ui.internal.commands.CommandImageManager",
        "type": "TypeAccess"
      },
      "location-after-char-start": 0,
      "location-after-char-end": 0,
      "node-str": "org.eclipse.ui.internal.commands.CommandImageManager"
    },
    {
      "type": "insert-node",
      "node": {
        "label": "null",
        "type": "Literal"
      },
      "location-after-char-start": 9411,
      "location-after-char-end": 9414,
      "node-str": "null"
    },
    {
      "type": "insert-node",
      "node": {
        "label": "null",
        "type": "Literal"
      },
      "location-after-char-start": 9679,
      "location-after-char-end": 9682,
      "node-str": "null"
    },
    {
      "type": "insert-node",
      "node": {
        "label": "typedImage",
        "type": "VariableRead"
      },
      "location-after-char-start": 9747,
      "location-after-char-end": 9774,
      "node-str": "typedImage"
    },
    {
      "type": "delete-node",
      "node": {
        "label": "final",
        "type": "Modifier"
      },
      "location-before-char-start": 0,
      "location-before-char-end": 0,
      "node-str": "final"
    },
    {
      "type": "delete-node",
      "node": {
        "label": "public",
        "type": "Modifier"
      },
      "location-before-char-start": 0,
      "location-before-char-end": 0,
      "node-str": "public"
    },
    {
      "type": "delete-node",
      "node": {
        "label": "org.eclipse.core.commands.common.EventManager",
        "type": "SUPER_TYPE"
      },
      "location-before-char-start": 0,
      "location-before-char-end": 0,
      "node-str": "org.eclipse.core.commands.common.EventManager"
    },
    {
      "type": "delete-node",
      "node": {
        "label": "",
        "type": "TypeReference"
      },
      "location-before-char-start": 1471,
      "location-before-char-end": 1482,
      "node-str": ""
    },
    {
      "type": "delete-node",
      "node": {
        "label": "int",
        "type": "VARIABLE_TYPE"
      },
      "location-before-char-start": 0,
      "location-before-char-end": 0,
      "node-str": "int"
    },
    {
      "type": "delete-node",
      "node": {
        "label": "final",
        "type": "Modifier"
      },
      "location-before-char-start": 0,
      "location-before-char-end": 0,
      "node-str": "final"
    },
    {
      "type": "delete-node",
      "node": {
        "label": "public",
        "type": "Modifier"
      },
      "location-before-char-start": 0,
      "location-before-char-end": 0,
      "node-str": "public"
    },
    {
      "type": "delete-node",
      "node": {
        "label": "static",
        "type": "Modifier"
      },
      "location-before-char-start": 0,
      "location-before-char-end": 0,
      "node-str": "static"
    },
    {
      "type": "delete-node",
      "node": {
        "label": "0",
        "type": "Literal"
      },
      "location-before-char-start": 1591,
      "location-before-char-end": 1591,
      "node-str": "0"
    },
    {
      "type": "delete-node",
      "node": {
        "label": "TYPE_DEFAULT",
        "type": "Field"
      },
      "location-before-char-start": 1488,
      "location-before-char-end": 1592,
      "node-str": "TYPE_DEFAULT"
    },
    {
      "type": "delete-node",
      "node": {
        "label": "int",
        "type": "VARIABLE_TYPE"
      },
      "location-before-char-start": 0,
      "location-before-char-end": 0,
      "node-str": "int"
    },
    {
      "type": "delete-node",
      "node": {
        "label": "final",
        "type": "Modifier"
      },
      "location-before-char-start": 0,
      "location-before-char-end": 0,
      "node-str": "final"
    },
    {
      "type": "delete-node",
      "node": {
        "label": "public",
        "type": "Modifier"
      },
      "location-before-char-start": 0,
      "location-before-char-end": 0,
      "node-str": "public"
    },
    {
      "type": "delete-node",
      "node": {
        "label": "static",
        "type": "Modifier"
      },
      "location-before-char-start": 0,
      "location-before-char-end": 0,
      "node-str": "static"
    },
    {
      "type": "delete-node",
      "node": {
        "label": "1",
        "type": "Literal"
      },
      "location-before-char-start": 1721,
      "location-before-char-end": 1721,
      "node-str": "1"
    },
    {
      "type": "delete-node",
      "node": {
        "label": "TYPE_DISABLED",
        "type": "Field"
      },
      "location-before-char-start": 1596,
      "location-before-char-end": 1722,
      "node-str": "TYPE_DISABLED"
    },
    {
      "type": "delete-node",
      "node": {
        "label": "int",
        "type": "VARIABLE_TYPE"
      },
      "location-before-char-start": 0,
      "location-before-char-end": 0,
      "node-str": "int"
    },
    {
      "type": "delete-node",
      "node": {
        "label": "final",
        "type": "Modifier"
      },
      "location-before-char-start": 0,
      "location-before-char-end": 0,
      "node-str": "final"
    },
    {
      "type": "delete-node",
      "node": {
        "label": "public",
        "type": "Modifier"
      },
      "location-before-char-start": 0,
      "location-before-char-end": 0,
      "node-str": "public"
    },
    {
      "type": "delete-node",
      "node": {
        "label": "static",
        "type": "Modifier"
      },
      "location-before-char-start": 0,
      "location-before-char-end": 0,
      "node-str": "static"
    },
    {
      "type": "delete-node",
      "node": {
        "label": "2",
        "type": "Literal"
      },
      "location-before-char-start": 1880,
      "location-before-char-end": 1880,
      "node-str": "2"
    },
    {
      "type": "delete-node",
      "node": {
        "label": "TYPE_HOVER",
        "type": "Field"
      },
      "location-before-char-start": 1726,
      "location-before-char-end": 1881,
      "node-str": "TYPE_HOVER"
    },
    {
      "type": "delete-node",
      "node": {
        "label": "java.util.Map",
        "type": "VARIABLE_TYPE"
      },
      "location-before-char-start": 0,
      "location-before-char-end": 0,
      "node-str": "java.util.Map"
    },
    {
      "type": "delete-node",
      "node": {
        "label": "final",
        "type": "Modifier"
      },
      "location-before-char-start": 0,
      "location-before-char-end": 0,
      "node-str": "final"
    },
    {
      "type": "delete-node",
      "node": {
        "label": "java.util.HashMap()",
        "type": "ConstructorCall"
      },
      "location-before-char-start": 2200,
      "location-before-char-end": 2212,
      "node-str": "java.util.HashMap()"
    },
    {
      "type": "delete-node",
      "node": {
        "label": "imagesById",
        "type": "Field"
      },
      "location-before-char-start": 1885,
      "location-before-char-end": 2213,
      "node-str": "imagesById"
    },
    {
      "type": "delete-node",
      "node": {
        "label": "void",
        "type": "RETURN_TYPE"
      },
      "location-before-char-start": 0,
      "location-before-char-end": 0,
      "node-str": "void"
    },
    {
      "type": "delete-node",
      "node": {
        "label": "final",
        "type": "Modifier"
      },
      "location-before-char-start": 0,
      "location-before-char-end": 0,
      "node-str": "final"
    },
    {
      "type": "delete-node",
      "node": {
        "label": "public",
        "type": "Modifier"
      },
      "location-before-char-start": 0,
      "location-before-char-end": 0,
      "node-str": "public"
    },
    {
      "type": "delete-node",
      "node": {
        "label": "org.eclipse.ui.internal.commands.ICommandImageManagerListener",
        "type": "VARIABLE_TYPE"
      },
      "location-before-char-start": 0,
      "location-before-char-end": 0,
      "node-str": "org.eclipse.ui.internal.commands.ICommandImageManagerListener"
    },
    {
      "type": "delete-node",
      "node": {
        "label": "final",
        "type": "Modifier"
      },
      "location-before-char-start": 0,
      "location-before-char-end": 0,
      "node-str": "final"
    },
    {
      "type": "delete-node",
      "node": {
        "label": "listener",
        "type": "Parameter"
      },
      "location-before-char-start": 2589,
      "location-before-char-end": 2631,
      "node-str": "listener"
    },
    {
      "type": "delete-node",
      "node": {
        "label": "org.eclipse.ui.internal.commands.CommandImageManager",
        "type": "TypeAccess"
      },
      "location-before-char-start": 0,
      "location-before-char-end": 0,
      "node-str": "org.eclipse.ui.internal.commands.CommandImageManager"
    },
    {
      "type": "delete-node",
      "node": {
        "label": "listener",
        "type": "VariableRead"
      },
      "location-before-char-start": 2656,
      "location-before-char-end": 2663,
      "node-str": "listener"
    },
    {
      "type": "delete-node",
      "node": {
        "label": "addListenerObject",
        "type": "Invocation"
      },
      "location-before-char-start": 2638,
      "location-before-char-end": 2665,
      "node-str": "addListenerObject"
    },
    {
      "type": "delete-node",
      "node": {
        "label": "addCommandImageManagerListener",
        "type": "Method"
      },
      "location-before-char-start": 2217,
      "location-before-char-end": 2668,
      "node-str": "addCommandImageManagerListener"
    },
    {
      "type": "delete-node",
      "node": {
        "label": "void",
        "type": "RETURN_TYPE"
      },
      "location-before-char-start": 0,
      "location-before-char-end": 0,
      "node-str": "void"
    },
    {
      "type": "delete-node",
      "node": {
        "label": "final",
        "type": "Modifier"
      },
      "location-before-char-start": 0,
      "location-before-char-end": 0,
      "node-str": "final"
    },
    {
      "type": "delete-node",
      "node": {
        "label": "public",
        "type": "Modifier"
      },
      "location-before-char-start": 0,
      "location-before-char-end": 0,
      "node-str": "public"
    },
    {
      "type": "delete-node",
      "node": {
        "label": "java.lang.String",
        "type": "VARIABLE_TYPE"
      },
      "location-before-char-start": 0,
      "location-before-char-end": 0,
      "node-str": "java.lang.String"
    },
    {
      "type": "delete-node",
      "node": {
        "label": "final",
        "type": "Modifier"
      },
      "location-before-char-start": 0,
      "location-before-char-end": 0,
      "node-str": "final"
    },
    {
      "type": "delete-node",
      "node": {
        "label": "commandId",
        "type": "Parameter"
      },
      "location-before-char-start": 3256,
      "location-before-char-end": 3277,
      "node-str": "commandId"
    },
    {
      "type": "delete-node",
      "node": {
        "label": "int",
        "type": "VARIABLE_TYPE"
      },
      "location-before-char-start": 0,
      "location-before-char-end": 0,
      "node-str": "int"
    },
    {
      "type": "delete-node",
      "node": {
        "label": "final",
        "type": "Modifier"
      },
      "location-before-char-start": 0,
      "location-before-char-end": 0,
      "node-str": "final"
    },
    {
      "type": "delete-node",
      "node": {
        "label": "type",
        "type": "Parameter"
      },
      "location-before-char-start": 3280,
      "location-before-char-end": 3293,
      "node-str": "type"
    },
    {
      "type": "delete-node",
      "node": {
        "label": "java.lang.String",
        "type": "VARIABLE_TYPE"
      },
      "location-before-char-start": 0,
      "location-before-char-end": 0,
      "node-str": "java.lang.String"
    },
    {
      "type": "delete-node",
      "node": {
        "label": "final",
        "type": "Modifier"
      },
      "location-before-char-start": 0,
      "location-before-char-end": 0,
      "node-str": "final"
    },
    {
      "type": "delete-node",
      "node": {
        "label": "style",
        "type": "Parameter"
      },
      "location-before-char-start": 3299,
      "location-before-char-end": 3316,
      "node-str": "style"
    },
    {
      "type": "delete-node",
      "node": {
        "label": "java.net.URL",
        "type": "VARIABLE_TYPE"
      },
      "location-before-char-start": 0,
      "location-before-char-end": 0,
      "node-str": "java.net.URL"
    },
    {
      "type": "delete-node",
      "node": {
        "label": "final",
        "type": "Modifier"
      },
      "location-before-char-start": 0,
      "location-before-char-end": 0,
      "node-str": "final"
    },
    {
      "type": "delete-node",
      "node": {
        "label": "url",
        "type": "Parameter"
      },
      "location-before-char-start": 3319,
      "location-before-char-end": 3331,
      "node-str": "url"
    },
    {
      "type": "delete-node",
      "node": {
        "label": "org.eclipse.jface.resource.ImageDescriptor",
        "type": "VARIABLE_TYPE"
      },
      "location-before-char-start": 0,
      "location-before-char-end": 0,
      "node-str": "org.eclipse.jface.resource.ImageDescriptor"
    },
    {
      "type": "delete-node",
      "node": {
        "label": "final",
        "type": "Modifier"
      },
      "location-before-char-start": 0,
      "location-before-char-end": 0,
      "node-str": "final"
    },
    {
      "type": "delete-node",
      "node": {
        "label": "org.eclipse.jface.resource.ImageDescriptor",
        "type": "TypeAccess"
      },
      "location-before-char-start": 3373,
      "location-before-char-end": 3387,
      "node-str": "org.eclipse.jface.resource.ImageDescriptor"
    },
    {
      "type": "delete-node",
      "node": {
        "label": "url",
        "type": "VariableRead"
      },
      "location-before-char-start": 3403,
      "location-before-char-end": 3405,
      "node-str": "url"
    },
    {
      "type": "delete-node",
      "node": {
        "label": "createFromURL",
        "type": "Invocation"
      },
      "location-before-char-start": 3373,
      "location-before-char-end": 3406,
      "node-str": "createFromURL"
    },
    {
      "type": "delete-node",
      "node": {
        "label": "descriptor",
        "type": "LocalVariable"
      },
      "location-before-char-start": 3338,
      "location-before-char-end": 3407,
      "node-str": "descriptor"
    },
    {
      "type": "delete-node",
      "node": {
        "label": "org.eclipse.ui.internal.commands.CommandImageManager",
        "type": "TypeAccess"
      },
      "location-before-char-start": 0,
      "location-before-char-end": 0,
      "node-str": "org.eclipse.ui.internal.commands.CommandImageManager"
    },
    {
      "type": "delete-node",
      "node": {
        "label": "commandId",
        "type": "VariableRead"
      },
      "location-before-char-start": 3416,
      "location-before-char-end": 3424,
      "node-str": "commandId"
    },
    {
      "type": "delete-node",
      "node": {
        "label": "type",
        "type": "VariableRead"
      },
      "location-before-char-start": 3427,
      "location-before-char-end": 3430,
      "node-str": "type"
    },
    {
      "type": "delete-node",
      "node": {
        "label": "style",
        "type": "VariableRead"
      },
      "location-before-char-start": 3433,
      "location-before-char-end": 3437,
      "node-str": "style"
    },
    {
      "type": "delete-node",
      "node": {
        "label": "descriptor",
        "type": "VariableRead"
      },
      "location-before-char-start": 3440,
      "location-before-char-end": 3449,
      "node-str": "descriptor"
    },
    {
      "type": "delete-node",
      "node": {
        "label": "bind",
        "type": "Invocation"
      },
      "location-before-char-start": 3411,
      "location-before-char-end": 3451,
      "node-str": "bind"
    },
    {
      "type": "delete-node",
      "node": {
        "label": "bind",
        "type": "Method"
      },
      "location-before-char-start": 2672,
      "location-before-char-end": 3454,
      "node-str": "bind"
    },
    {
      "type": "delete-node",
      "node": {
        "label": "org.eclipse.jface.resource.ImageDescriptor",
        "type": "RETURN_TYPE"
      },
      "location-before-char-start": 0,
      "location-before-char-end": 0,
      "node-str": "org.eclipse.jface.resource.ImageDescriptor"
    },
    {
      "type": "delete-node",
      "node": {
        "label": "final",
        "type": "Modifier"
      },
      "location-before-char-start": 0,
      "location-before-char-end": 0,
      "node-str": "final"
    },
    {
      "type": "delete-node",
      "node": {
        "label": "public",
        "type": "Modifier"
      },
      "location-before-char-start": 0,
      "location-before-char-end": 0,
      "node-str": "public"
    },
    {
      "type": "delete-node",
      "node": {
        "label": "java.lang.String",
        "type": "VARIABLE_TYPE"
      },
      "location-before-char-start": 0,
      "location-before-char-end": 0,
      "node-str": "java.lang.String"
    },
    {
      "type": "delete-node",
      "node": {
        "label": "final",
        "type": "Modifier"
      },
      "location-before-char-start": 0,
      "location-before-char-end": 0,
      "node-str": "final"
    },
    {
      "type": "delete-node",
      "node": {
        "label": "commandId",
        "type": "Parameter"
      },
      "location-before-char-start": 7802,
      "location-before-char-end": 7823,
      "node-str": "commandId"
    },
    {
      "type": "delete-node",
      "node": {
        "label": "org.eclipse.ui.internal.commands.CommandImageManager",
        "type": "TypeAccess"
      },
      "location-before-char-start": 0,
      "location-before-char-end": 0,
      "node-str": "org.eclipse.ui.internal.commands.CommandImageManager"
    },
    {
      "type": "delete-node",
      "node": {
        "label": "commandId",
        "type": "VariableRead"
      },
      "location-before-char-start": 7856,
      "location-before-char-end": 7864,
      "node-str": "commandId"
    },
    {
      "type": "delete-node",
      "node": {
        "label": "TYPE_DEFAULT",
        "type": "FieldRead"
      },
      "location-before-char-start": 7867,
      "location-before-char-end": 7878,
      "node-str": "TYPE_DEFAULT"
    },
    {
      "type": "delete-node",
      "node": {
        "label": "null",
        "type": "Literal"
      },
      "location-before-char-start": 7881,
      "location-before-char-end": 7884,
      "node-str": "null"
    },
    {
      "type": "delete-node",
      "node": {
        "label": "getImageDescriptor",
        "type": "Invocation"
      },
      "location-before-char-start": 7837,
      "location-before-char-end": 7885,
      "node-str": "getImageDescriptor"
    },
    {
      "type": "delete-node",
      "node": {
        "label": "return",
        "type": "Return"
      },
      "location-before-char-start": 7830,
      "location-before-char-end": 7886,
      "node-str": "return"
    },
    {
      "type": "delete-node",
      "node": {
        "label": "getImageDescriptor",
        "type": "Method"
      },
      "location-before-char-start": 7463,
      "location-before-char-end": 7889,
      "node-str": "getImageDescriptor"
    },
    {
      "type": "delete-node",
      "node": {
        "label": "org.eclipse.jface.resource.ImageDescriptor",
        "type": "RETURN_TYPE"
      },
      "location-before-char-start": 0,
      "location-before-char-end": 0,
      "node-str": "org.eclipse.jface.resource.ImageDescriptor"
    },
    {
      "type": "delete-node",
      "node": {
        "label": "final",
        "type": "Modifier"
      },
      "location-before-char-start": 0,
      "location-before-char-end": 0,
      "node-str": "final"
    },
    {
      "type": "delete-node",
      "node": {
        "label": "public",
        "type": "Modifier"
      },
      "location-before-char-start": 0,
      "location-before-char-end": 0,
      "node-str": "public"
    },
    {
      "type": "delete-node",
      "node": {
        "label": "java.lang.String",
        "type": "VARIABLE_TYPE"
      },
      "location-before-char-start": 0,
      "location-before-char-end": 0,
      "node-str": "java.lang.String"
    },
    {
      "type": "delete-node",
      "node": {
        "label": "final",
        "type": "Modifier"
      },
      "location-before-char-start": 0,
      "location-before-char-end": 0,
      "node-str": "final"
    },
    {
      "type": "delete-node",
      "node": {
        "label": "commandId",
        "type": "Parameter"
      },
      "location-before-char-start": 8434,
      "location-before-char-end": 8455,
      "node-str": "commandId"
    },
    {
      "type": "delete-node",
      "node": {
        "label": "int",
        "type": "VARIABLE_TYPE"
      },
      "location-before-char-start": 0,
      "location-before-char-end": 0,
      "node-str": "int"
    },
    {
      "type": "delete-node",
      "node": {
        "label": "final",
        "type": "Modifier"
      },
      "location-before-char-start": 0,
      "location-before-char-end": 0,
      "node-str": "final"
    },
    {
      "type": "delete-node",
      "node": {
        "label": "type",
        "type": "Parameter"
      },
      "location-before-char-start": 8461,
      "location-before-char-end": 8474,
      "node-str": "type"
    },
    {
      "type": "delete-node",
      "node": {
        "label": "org.eclipse.ui.internal.commands.CommandImageManager",
        "type": "TypeAccess"
      },
      "location-before-char-start": 0,
      "location-before-char-end": 0,
      "node-str": "org.eclipse.ui.internal.commands.CommandImageManager"
    },
    {
      "type": "delete-node",
      "node": {
        "label": "commandId",
        "type": "VariableRead"
      },
      "location-before-char-start": 8507,
      "location-before-char-end": 8515,
      "node-str": "commandId"
    },
    {
      "type": "delete-node",
      "node": {
        "label": "type",
        "type": "VariableRead"
      },
      "location-before-char-start": 8518,
      "location-before-char-end": 8521,
      "node-str": "type"
    },
    {
      "type": "delete-node",
      "node": {
        "label": "null",
        "type": "Literal"
      },
      "location-before-char-start": 8524,
      "location-before-char-end": 8527,
      "node-str": "null"
    },
    {
      "type": "delete-node",
      "node": {
        "label": "getImageDescriptor",
        "type": "Invocation"
      },
      "location-before-char-start": 8488,
      "location-before-char-end": 8528,
      "node-str": "getImageDescriptor"
    },
    {
      "type": "delete-node",
      "node": {
        "label": "return",
        "type": "Return"
      },
      "location-before-char-start": 8481,
      "location-before-char-end": 8529,
      "node-str": "return"
    },
    {
      "type": "delete-node",
      "node": {
        "label": "getImageDescriptor",
        "type": "Method"
      },
      "location-before-char-start": 7893,
      "location-before-char-end": 8532,
      "node-str": "getImageDescriptor"
    },
    {
      "type": "delete-node",
      "node": {
        "label": "org.eclipse.jface.resource.ImageDescriptor",
        "type": "RETURN_TYPE"
      },
      "location-before-char-start": 0,
      "location-before-char-end": 0,
      "node-str": "org.eclipse.jface.resource.ImageDescriptor"
    },
    {
      "type": "delete-node",
      "node": {
        "label": "final",
        "type": "Modifier"
      },
      "location-before-char-start": 0,
      "location-before-char-end": 0,
      "node-str": "final"
    },
    {
      "type": "delete-node",
      "node": {
        "label": "public",
        "type": "Modifier"
      },
      "location-before-char-start": 0,
      "location-before-char-end": 0,
      "node-str": "public"
    },
    {
      "type": "delete-node",
      "node": {
        "label": "java.lang.String",
        "type": "VARIABLE_TYPE"
      },
      "location-before-char-start": 0,
      "location-before-char-end": 0,
      "node-str": "java.lang.String"
    },
    {
      "type": "delete-node",
      "node": {
        "label": "final",
        "type": "Modifier"
      },
      "location-before-char-start": 0,
      "location-before-char-end": 0,
      "node-str": "final"
    },
    {
      "type": "delete-node",
      "node": {
        "label": "commandId",
        "type": "Parameter"
      },
      "location-before-char-start": 9179,
      "location-before-char-end": 9200,
      "node-str": "commandId"
    },
    {
      "type": "delete-node",
      "node": {
        "label": "int",
        "type": "VARIABLE_TYPE"
      },
      "location-before-char-start": 0,
      "location-before-char-end": 0,
      "node-str": "int"
    },
    {
      "type": "delete-node",
      "node": {
        "label": "final",
        "type": "Modifier"
      },
      "location-before-char-start": 0,
      "location-before-char-end": 0,
      "node-str": "final"
    },
    {
      "type": "delete-node",
      "node": {
        "label": "type",
        "type": "Parameter"
      },
      "location-before-char-start": 9206,
      "location-before-char-end": 9219,
      "node-str": "type"
    },
    {
      "type": "delete-node",
      "node": {
        "label": "java.lang.String",
        "type": "VARIABLE_TYPE"
      },
      "location-before-char-start": 0,
      "location-before-char-end": 0,
      "node-str": "java.lang.String"
    },
    {
      "type": "delete-node",
      "node": {
        "label": "final",
        "type": "Modifier"
      },
      "location-before-char-start": 0,
      "location-before-char-end": 0,
      "node-str": "final"
    },
    {
      "type": "delete-node",
      "node": {
        "label": "style",
        "type": "Parameter"
      },
      "location-before-char-start": 9222,
      "location-before-char-end": 9239,
      "node-str": "style"
    },
    {
      "type": "delete-node",
      "node": {
        "label": "commandId",
        "type": "VariableRead"
      },
      "location-before-char-start": 9250,
      "location-before-char-end": 9258,
      "node-str": "commandId"
    },
    {
      "type": "delete-node",
      "node": {
        "label": "null",
        "type": "Literal"
      },
      "location-before-char-start": 9263,
      "location-before-char-end": 9266,
      "node-str": "null"
    },
    {
      "type": "delete-node",
      "node": {
        "label": "EQ",
        "type": "BinaryOperator"
      },
      "location-before-char-start": 9250,
      "location-before-char-end": 9266,
      "node-str": "EQ"
    },
    {
      "type": "delete-node",
      "node": {
        "label": "java.lang.NullPointerException()",
        "type": "ConstructorCall"
      },
      "location-before-char-start": 9280,
      "location-before-char-end": 9305,
      "node-str": "java.lang.NullPointerException()"
    },
    {
      "type": "delete-node",
      "node": {
        "label": "",
        "type": "Throw"
      },
      "location-before-char-start": 9274,
      "location-before-char-end": 9306,
      "node-str": ""
    },
    {
      "type": "delete-node",
      "node": {
        "label": "THEN",
        "type": "then"
      },
      "location-before-char-start": 9269,
      "location-before-char-end": 9310,
      "node-str": "THEN"
    },
    {
      "type": "delete-node",
      "node": {
        "label": "if",
        "type": "If"
      },
      "location-before-char-start": 9246,
      "location-before-char-end": 9310,
      "node-str": "if"
    },
    {
      "type": "delete-node",
      "node": {
        "label": "java.lang.Object[]",
        "type": "VARIABLE_TYPE"
      },
      "location-before-char-start": 0,
      "location-before-char-end": 0,
      "node-str": "java.lang.Object[]"
    },
    {
      "type": "delete-node",
      "node": {
        "label": "final",
        "type": "Modifier"
      },
      "location-before-char-start": 0,
      "location-before-char-end": 0,
      "node-str": "final"
    },
    {
      "type": "delete-node",
      "node": {
        "label": "org.eclipse.ui.internal.commands.CommandImageManager",
        "type": "TypeAccess"
      },
      "location-before-char-start": 0,
      "location-before-char-end": 0,
      "node-str": "org.eclipse.ui.internal.commands.CommandImageManager"
    },
    {
      "type": "delete-node",
      "node": {
        "label": "imagesById",
        "type": "FieldRead"
      },
      "location-before-char-start": 9350,
      "location-before-char-end": 9359,
      "node-str": "imagesById"
    },
    {
      "type": "delete-node",
      "node": {
        "label": "commandId",
        "type": "VariableRead"
      },
      "location-before-char-start": 9365,
      "location-before-char-end": 9373,
      "node-str": "commandId"
    },
    {
      "type": "delete-node",
      "node": {
        "label": "get",
        "type": "Invocation"
      },
      "location-before-char-start": 9339,
      "location-before-char-end": 9374,
      "node-str": "get"
    },
    {
      "type": "delete-node",
      "node": {
        "label": "images",
        "type": "LocalVariable"
      },
      "location-before-char-start": 9315,
      "location-before-char-end": 9375,
      "node-str": "images"
    },
    {
      "type": "delete-node",
      "node": {
        "label": "images",
        "type": "VariableRead"
      },
      "location-before-char-start": 9383,
      "location-before-char-end": 9388,
      "node-str": "images"
    },
    {
      "type": "delete-node",
      "node": {
        "label": "null",
        "type": "Literal"
      },
      "location-before-char-start": 9393,
      "location-before-char-end": 9396,
      "node-str": "null"
    },
    {
      "type": "delete-node",
      "node": {
        "label": "EQ",
        "type": "BinaryOperator"
      },
      "location-before-char-start": 9383,
      "location-before-char-end": 9396,
      "node-str": "EQ"
    },
    {
      "type": "delete-node",
      "node": {
        "label": "null",
        "type": "Literal"
      },
      "location-before-char-start": 9411,
      "location-before-char-end": 9414,
      "node-str": "null"
    },
    {
      "type": "delete-node",
      "node": {
        "label": "return",
        "type": "Return"
      },
      "location-before-char-start": 9404,
      "location-before-char-end": 9415,
      "node-str": "return"
    },
    {
      "type": "delete-node",
      "node": {
        "label": "THEN",
        "type": "then"
      },
      "location-before-char-start": 9399,
      "location-before-char-end": 9419,
      "node-str": "THEN"
    },
    {
      "type": "delete-node",
      "node": {
        "label": "if",
        "type": "If"
      },
      "location-before-char-start": 9379,
      "location-before-char-end": 9419,
      "node-str": "if"
    },
    {
      "type": "delete-node",
      "node": {
        "label": "java.lang.Object",
        "type": "VARIABLE_TYPE"
      },
      "location-before-char-start": 0,
      "location-before-char-end": 0,
      "node-str": "java.lang.Object"
    },
    {
      "type": "delete-node",
      "node": {
        "label": "images",
        "type": "VariableRead"
      },
      "location-before-char-start": 9626,
      "location-before-char-end": 9631,
      "node-str": "images"
    },
    {
      "type": "delete-node",
      "node": {
        "label": "type",
        "type": "VariableRead"
      },
      "location-before-char-start": 9633,
      "location-before-char-end": 9636,
      "node-str": "type"
    },
    {
      "type": "delete-node",
      "node": {
        "label": "",
        "type": "ArrayRead"
      },
      "location-before-char-start": 9626,
      "location-before-char-end": 9637,
      "node-str": ""
    },
    {
      "type": "delete-node",
      "node": {
        "label": "typedImage",
        "type": "LocalVariable"
      },
      "location-before-char-start": 9606,
      "location-before-char-end": 9638,
      "node-str": "typedImage"
    },
    {
      "type": "delete-node",
      "node": {
        "label": "typedImage",
        "type": "VariableRead"
      },
      "location-before-char-start": 9647,
      "location-before-char-end": 9656,
      "node-str": "typedImage"
    },
    {
      "type": "delete-node",
      "node": {
        "label": "null",
        "type": "Literal"
      },
      "location-before-char-start": 9661,
      "location-before-char-end": 9664,
      "node-str": "null"
    },
    {
      "type": "delete-node",
      "node": {
        "label": "EQ",
        "type": "BinaryOperator"
      },
      "location-before-char-start": 9647,
      "location-before-char-end": 9664,
      "node-str": "EQ"
    },
    {
      "type": "delete-node",
      "node": {
        "label": "typedImage",
        "type": "VariableWrite"
      },
      "location-before-char-start": 9672,
      "location-before-char-end": 9681,
      "node-str": "typedImage"
    },
    {
      "type": "delete-node",
      "node": {
        "label": "images",
        "type": "VariableRead"
      },
      "location-before-char-start": 9685,
      "location-before-char-end": 9690,
      "node-str": "images"
    },
    {
      "type": "delete-node",
      "node": {
        "label": "TYPE_DEFAULT",
        "type": "FieldRead"
      },
      "location-before-char-start": 9692,
      "location-before-char-end": 9703,
      "node-str": "TYPE_DEFAULT"
    },
    {
      "type": "delete-node",
      "node": {
        "label": "",
        "type": "ArrayRead"
      },
      "location-before-char-start": 9685,
      "location-before-char-end": 9704,
      "node-str": ""
    },
    {
      "type": "delete-node",
      "node": {
        "label": "\u003d",
        "type": "Assignment"
      },
      "location-before-char-start": 9672,
      "location-before-char-end": 9705,
      "node-str": "\u003d"
    },
    {
      "type": "delete-node",
      "node": {
        "label": "THEN",
        "type": "then"
      },
      "location-before-char-start": 9667,
      "location-before-char-end": 9709,
      "node-str": "THEN"
    },
    {
      "type": "delete-node",
      "node": {
        "label": "if",
        "type": "If"
      },
      "location-before-char-start": 9643,
      "location-before-char-end": 9709,
      "node-str": "if"
    },
    {
      "type": "delete-node",
      "node": {
        "label": "typedImage",
        "type": "VariableRead"
      },
      "location-before-char-start": 9718,
      "location-before-char-end": 9727,
      "node-str": "typedImage"
    },
    {
      "type": "delete-node",
      "node": {
        "label": "org.eclipse.jface.resource.ImageDescriptor",
        "type": "TypeAccess"
      },
      "location-before-char-start": 9740,
      "location-before-char-end": 9754,
      "node-str": "org.eclipse.jface.resource.ImageDescriptor"
    },
    {
      "type": "delete-node",
      "node": {
        "label": "INSTANCEOF",
        "type": "BinaryOperator"
      },
      "location-before-char-start": 9718,
      "location-before-char-end": 9754,
      "node-str": "INSTANCEOF"
    },
    {
      "type": "delete-node",
      "node": {
        "label": "typedImage",
        "type": "VariableRead"
      },
      "location-before-char-start": 9769,
      "location-before-char-end": 9796,
      "node-str": "typedImage"
    },
    {
      "type": "delete-node",
      "node": {
        "label": "return",
        "type": "Return"
      },
      "location-before-char-start": 9762,
      "location-before-char-end": 9797,
      "node-str": "return"
    },
    {
      "type": "delete-node",
      "node": {
        "label": "THEN",
        "type": "then"
      },
      "location-before-char-start": 9757,
      "location-before-char-end": 9801,
      "node-str": "THEN"
    },
    {
      "type": "delete-node",
      "node": {
        "label": "if",
        "type": "If"
      },
      "location-before-char-start": 9714,
      "location-before-char-end": 9801,
      "node-str": "if"
    },
    {
      "type": "delete-node",
      "node": {
        "label": "null",
        "type": "Literal"
      },
      "location-before-char-start": 10203,
      "location-before-char-end": 10206,
      "node-str": "null"
    },
    {
      "type": "delete-node",
      "node": {
        "label": "return",
        "type": "Return"
      },
      "location-before-char-start": 10196,
      "location-before-char-end": 10207,
      "node-str": "return"
    },
    {
      "type": "delete-node",
      "node": {
        "label": "getImageDescriptor",
        "type": "Method"
      },
      "location-before-char-start": 8536,
      "location-before-char-end": 10210,
      "node-str": "getImageDescriptor"
    },
    {
      "type": "delete-node",
      "node": {
        "label": "org.eclipse.jface.resource.ImageDescriptor",
        "type": "RETURN_TYPE"
      },
      "location-before-char-start": 0,
      "location-before-char-end": 0,
      "node-str": "org.eclipse.jface.resource.ImageDescriptor"
    },
    {
      "type": "delete-node",
      "node": {
        "label": "final",
        "type": "Modifier"
      },
      "location-before-char-start": 0,
      "location-before-char-end": 0,
      "node-str": "final"
    },
    {
      "type": "delete-node",
      "node": {
        "label": "public",
        "type": "Modifier"
      },
      "location-before-char-start": 0,
      "location-before-char-end": 0,
      "node-str": "public"
    },
    {
      "type": "delete-node",
      "node": {
        "label": "java.lang.String",
        "type": "VARIABLE_TYPE"
      },
      "location-before-char-start": 0,
      "location-before-char-end": 0,
      "node-str": "java.lang.String"
    },
    {
      "type": "delete-node",
      "node": {
        "label": "final",
        "type": "Modifier"
      },
      "location-before-char-start": 0,
      "location-before-char-end": 0,
      "node-str": "final"
    },
    {
      "type": "delete-node",
      "node": {
        "label": "commandId",
        "type": "Parameter"
      },
      "location-before-char-start": 10680,
      "location-before-char-end": 10701,
      "node-str": "commandId"
    },
    {
      "type": "delete-node",
      "node": {
        "label": "java.lang.String",
        "type": "VARIABLE_TYPE"
      },
      "location-before-char-start": 0,
      "location-before-char-end": 0,
      "node-str": "java.lang.String"
    },
    {
      "type": "delete-node",
      "node": {
        "label": "final",
        "type": "Modifier"
      },
      "location-before-char-start": 0,
      "location-before-char-end": 0,
      "node-str": "final"
    },
    {
      "type": "delete-node",
      "node": {
        "label": "style",
        "type": "Parameter"
      },
      "location-before-char-start": 10707,
      "location-before-char-end": 10724,
      "node-str": "style"
    },
    {
      "type": "delete-node",
      "node": {
        "label": "org.eclipse.ui.internal.commands.CommandImageManager",
        "type": "TypeAccess"
      },
      "location-before-char-start": 0,
      "location-before-char-end": 0,
      "node-str": "org.eclipse.ui.internal.commands.CommandImageManager"
    },
    {
      "type": "delete-node",
      "node": {
        "label": "commandId",
        "type": "VariableRead"
      },
      "location-before-char-start": 10757,
      "location-before-char-end": 10765,
      "node-str": "commandId"
    },
    {
      "type": "delete-node",
      "node": {
        "label": "TYPE_DEFAULT",
        "type": "FieldRead"
      },
      "location-before-char-start": 10768,
      "location-before-char-end": 10779,
      "node-str": "TYPE_DEFAULT"
    },
    {
      "type": "delete-node",
      "node": {
        "label": "style",
        "type": "VariableRead"
      },
      "location-before-char-start": 10782,
      "location-before-char-end": 10786,
      "node-str": "style"
    },
    {
      "type": "delete-node",
      "node": {
        "label": "getImageDescriptor",
        "type": "Invocation"
      },
      "location-before-char-start": 10738,
      "location-before-char-end": 10787,
      "node-str": "getImageDescriptor"
    },
    {
      "type": "delete-node",
      "node": {
        "label": "return",
        "type": "Return"
      },
      "location-before-char-start": 10731,
      "location-before-char-end": 10788,
      "node-str": "return"
    },
    {
      "type": "delete-node",
      "node": {
        "label": "getImageDescriptor",
        "type": "Method"
      },
      "location-before-char-start": 10214,
      "location-before-char-end": 10791,
      "node-str": "getImageDescriptor"
    },
    {
      "type": "delete-node",
      "node": {
        "label": "void",
        "type": "RETURN_TYPE"
      },
      "location-before-char-start": 0,
      "location-before-char-end": 0,
      "node-str": "void"
    },
    {
      "type": "delete-node",
      "node": {
        "label": "final",
        "type": "Modifier"
      },
      "location-before-char-start": 0,
      "location-before-char-end": 0,
      "node-str": "final"
    },
    {
      "type": "delete-node",
      "node": {
        "label": "public",
        "type": "Modifier"
      },
      "location-before-char-start": 0,
      "location-before-char-end": 0,
      "node-str": "public"
    },
    {
      "type": "delete-node",
      "node": {
        "label": "org.eclipse.ui.internal.commands.ICommandImageManagerListener",
        "type": "VARIABLE_TYPE"
      },
      "location-before-char-start": 0,
      "location-before-char-end": 0,
      "node-str": "org.eclipse.ui.internal.commands.ICommandImageManagerListener"
    },
    {
      "type": "delete-node",
      "node": {
        "label": "final",
        "type": "Modifier"
      },
      "location-before-char-start": 0,
      "location-before-char-end": 0,
      "node-str": "final"
    },
    {
      "type": "delete-node",
      "node": {
        "label": "listener",
        "type": "Parameter"
      },
      "location-before-char-start": 11016,
      "location-before-char-end": 11058,
      "node-str": "listener"
    },
    {
      "type": "delete-node",
      "node": {
        "label": "org.eclipse.ui.internal.commands.CommandImageManager",
        "type": "TypeAccess"
      },
      "location-before-char-start": 0,
      "location-before-char-end": 0,
      "node-str": "org.eclipse.ui.internal.commands.CommandImageManager"
    },
    {
      "type": "delete-node",
      "node": {
        "label": "listener",
        "type": "VariableRead"
      },
      "location-before-char-start": 11086,
      "location-before-char-end": 11093,
      "node-str": "listener"
    },
    {
      "type": "delete-node",
      "node": {
        "label": "removeListenerObject",
        "type": "Invocation"
      },
      "location-before-char-start": 11065,
      "location-before-char-end": 11095,
      "node-str": "removeListenerObject"
    },
    {
      "type": "delete-node",
      "node": {
        "label": "removeCommandImageManagerListener",
        "type": "Method"
      },
      "location-before-char-start": 10795,
      "location-before-char-end": 11098,
      "node-str": "removeCommandImageManagerListener"
    }
  ],
  "before-file": {},
  "after-file": {},
  "mapping": {}
}