{
  "tool-info": {},
  "diff": [
    {
      "type": "insert-node",
      "node": {
        "label": "",
        "type": "PackageDeclaration"
      },
      "location-after-char-start": 0,
      "location-after-char-end": 40,
      "node-str": ""
    },
    {
      "type": "insert-node",
      "node": {
        "label": "",
        "type": "ImportDeclaration"
      },
      "location-after-char-start": 2376,
      "location-after-char-end": 2398,
      "node-str": ""
    },
    {
      "type": "insert-node",
      "node": {
        "label": "",
        "type": "ImportDeclaration"
      },
      "location-after-char-start": 2418,
      "location-after-char-end": 2452,
      "node-str": ""
    },
    {
      "type": "insert-node",
      "node": {
        "label": "",
        "type": "ImportDeclaration"
      },
      "location-after-char-start": 2453,
      "location-after-char-end": 2495,
      "node-str": ""
    },
    {
      "type": "insert-node",
      "node": {
        "label": "",
        "type": "ImportDeclaration"
      },
      "location-after-char-start": 2496,
      "location-after-char-end": 2538,
      "node-str": ""
    },
    {
      "type": "insert-node",
      "node": {
        "label": "",
        "type": "ImportDeclaration"
      },
      "location-after-char-start": 2539,
      "location-after-char-end": 2577,
      "node-str": ""
    },
    {
      "type": "insert-node",
      "node": {
        "label": "",
        "type": "ImportDeclaration"
      },
      "location-after-char-start": 2578,
      "location-after-char-end": 2620,
      "node-str": ""
    },
    {
      "type": "insert-node",
      "node": {
        "label": "",
        "type": "ImportDeclaration"
      },
      "location-after-char-start": 2621,
      "location-after-char-end": 2666,
      "node-str": ""
    },
    {
      "type": "insert-node",
      "node": {
        "label": "",
        "type": "ImportDeclaration"
      },
      "location-after-char-start": 2667,
      "location-after-char-end": 2712,
      "node-str": ""
    },
    {
      "type": "insert-node",
      "node": {
        "label": "",
        "type": "ImportDeclaration"
      },
      "location-after-char-start": 2730,
      "location-after-char-end": 2792,
      "node-str": ""
    },
    {
      "type": "insert-node",
      "node": {
        "label": "",
        "type": "ImportDeclaration"
      },
      "location-after-char-start": 2793,
      "location-after-char-end": 2832,
      "node-str": ""
    },
    {
      "type": "insert-node",
      "node": {
        "label": "",
        "type": "ImportDeclaration"
      },
      "location-after-char-start": 2833,
      "location-after-char-end": 2878,
      "node-str": ""
    },
    {
      "type": "insert-node",
      "node": {
        "label": "",
        "type": "ImportDeclaration"
      },
      "location-after-char-start": 2879,
      "location-after-char-end": 2924,
      "node-str": ""
    },
    {
      "type": "insert-node",
      "node": {
        "label": "",
        "type": "ImportDeclaration"
      },
      "location-after-char-start": 2925,
      "location-after-char-end": 2968,
      "node-str": ""
    },
    {
      "type": "insert-node",
      "node": {
        "label": "",
        "type": "ImportDeclaration"
      },
      "location-after-char-start": 2969,
      "location-after-char-end": 3019,
      "node-str": ""
    },
    {
      "type": "insert-node",
      "node": {
        "label": "",
        "type": "ImportDeclaration"
      },
      "location-after-char-start": 3020,
      "location-after-char-end": 3058,
      "node-str": ""
    },
    {
      "type": "insert-node",
      "node": {
        "label": "",
        "type": "ImportDeclaration"
      },
      "location-after-char-start": 3059,
      "location-after-char-end": 3104,
      "node-str": ""
    },
    {
      "type": "insert-node",
      "node": {
        "label": "",
        "type": "ImportDeclaration"
      },
      "location-after-char-start": 3105,
      "location-after-char-end": 3143,
      "node-str": ""
    },
    {
      "type": "insert-node",
      "node": {
        "label": "",
        "type": "ImportDeclaration"
      },
      "location-after-char-start": 3144,
      "location-after-char-end": 3179,
      "node-str": ""
    },
    {
      "type": "insert-node",
      "node": {
        "label": "",
        "type": "ImportDeclaration"
      },
      "location-after-char-start": 3180,
      "location-after-char-end": 3230,
      "node-str": ""
    },
    {
      "type": "insert-node",
      "node": {
        "label": "",
        "type": "ImportDeclaration"
      },
      "location-after-char-start": 3231,
      "location-after-char-end": 3280,
      "node-str": ""
    },
    {
      "type": "insert-node",
      "node": {
        "label": "",
        "type": "ImportDeclaration"
      },
      "location-after-char-start": 3281,
      "location-after-char-end": 3335,
      "node-str": ""
    },
    {
      "type": "insert-node",
      "node": {
        "label": "",
        "type": "ImportDeclaration"
      },
      "location-after-char-start": 3336,
      "location-after-char-end": 3388,
      "node-str": ""
    },
    {
      "type": "insert-node",
      "node": {
        "label": "org.tigris.scarab.actions.admin",
        "type": "QualifiedName"
      },
      "location-after-char-start": 8,
      "location-after-char-end": 39,
      "node-str": "org.tigris.scarab.actions.admin"
    },
    {
      "type": "insert-node",
      "node": {
        "label": "java.util.List",
        "type": "QualifiedName"
      },
      "location-after-char-start": 2383,
      "location-after-char-end": 2397,
      "node-str": "java.util.List"
    },
    {
      "type": "insert-node",
      "node": {
        "label": "org.apache.turbine.RunData",
        "type": "QualifiedName"
      },
      "location-after-char-start": 2425,
      "location-after-char-end": 2451,
      "node-str": "org.apache.turbine.RunData"
    },
    {
      "type": "insert-node",
      "node": {
        "label": "org.apache.turbine.TemplateContext",
        "type": "QualifiedName"
      },
      "location-after-char-start": 2460,
      "location-after-char-end": 2494,
      "node-str": "org.apache.turbine.TemplateContext"
    },
    {
      "type": "insert-node",
      "node": {
        "label": "org.apache.turbine.ParameterParser",
        "type": "QualifiedName"
      },
      "location-after-char-start": 2503,
      "location-after-char-end": 2537,
      "node-str": "org.apache.turbine.ParameterParser"
    },
    {
      "type": "insert-node",
      "node": {
        "label": "org.apache.torque.om.NumberKey",
        "type": "QualifiedName"
      },
      "location-after-char-start": 2546,
      "location-after-char-end": 2576,
      "node-str": "org.apache.torque.om.NumberKey"
    },
    {
      "type": "insert-node",
      "node": {
        "label": "org.apache.turbine.tool.IntakeTool",
        "type": "QualifiedName"
      },
      "location-after-char-start": 2585,
      "location-after-char-end": 2619,
      "node-str": "org.apache.turbine.tool.IntakeTool"
    },
    {
      "type": "insert-node",
      "node": {
        "label": "org.apache.fulcrum.intake.model.Group",
        "type": "QualifiedName"
      },
      "location-after-char-start": 2628,
      "location-after-char-end": 2665,
      "node-str": "org.apache.fulcrum.intake.model.Group"
    },
    {
      "type": "insert-node",
      "node": {
        "label": "org.apache.fulcrum.intake.model.Field",
        "type": "QualifiedName"
      },
      "location-after-char-start": 2674,
      "location-after-char-end": 2711,
      "node-str": "org.apache.fulcrum.intake.model.Field"
    },
    {
      "type": "insert-node",
      "node": {
        "label": "org.tigris.scarab.actions.base.RequireLoginFirstAction",
        "type": "QualifiedName"
      },
      "location-after-char-start": 2737,
      "location-after-char-end": 2791,
      "node-str": "org.tigris.scarab.actions.base.RequireLoginFirstAction"
    },
    {
      "type": "insert-node",
      "node": {
        "label": "org.tigris.scarab.om.ScarabUser",
        "type": "QualifiedName"
      },
      "location-after-char-start": 2800,
      "location-after-char-end": 2831,
      "node-str": "org.tigris.scarab.om.ScarabUser"
    },
    {
      "type": "insert-node",
      "node": {
        "label": "org.tigris.scarab.om.RModuleAttribute",
        "type": "QualifiedName"
      },
      "location-after-char-start": 2840,
      "location-after-char-end": 2877,
      "node-str": "org.tigris.scarab.om.RModuleAttribute"
    },
    {
      "type": "insert-node",
      "node": {
        "label": "org.tigris.scarab.om.RModuleIssueType",
        "type": "QualifiedName"
      },
      "location-after-char-start": 2886,
      "location-after-char-end": 2923,
      "node-str": "org.tigris.scarab.om.RModuleIssueType"
    },
    {
      "type": "insert-node",
      "node": {
        "label": "org.tigris.scarab.om.AttributeGroup",
        "type": "QualifiedName"
      },
      "location-after-char-start": 2932,
      "location-after-char-end": 2967,
      "node-str": "org.tigris.scarab.om.AttributeGroup"
    },
    {
      "type": "insert-node",
      "node": {
        "label": "org.tigris.scarab.om.AttributeGroupManager",
        "type": "QualifiedName"
      },
      "location-after-char-start": 2976,
      "location-after-char-end": 3018,
      "node-str": "org.tigris.scarab.om.AttributeGroupManager"
    },
    {
      "type": "insert-node",
      "node": {
        "label": "org.tigris.scarab.om.Attribute",
        "type": "QualifiedName"
      },
      "location-after-char-start": 3027,
      "location-after-char-end": 3057,
      "node-str": "org.tigris.scarab.om.Attribute"
    },
    {
      "type": "insert-node",
      "node": {
        "label": "org.tigris.scarab.om.AttributeManager",
        "type": "QualifiedName"
      },
      "location-after-char-start": 3066,
      "location-after-char-end": 3103,
      "node-str": "org.tigris.scarab.om.AttributeManager"
    },
    {
      "type": "insert-node",
      "node": {
        "label": "org.tigris.scarab.om.IssueType",
        "type": "QualifiedName"
      },
      "location-after-char-start": 3112,
      "location-after-char-end": 3142,
      "node-str": "org.tigris.scarab.om.IssueType"
    },
    {
      "type": "insert-node",
      "node": {
        "label": "org.tigris.scarab.om.Module",
        "type": "QualifiedName"
      },
      "location-after-char-start": 3151,
      "location-after-char-end": 3178,
      "node-str": "org.tigris.scarab.om.Module"
    },
    {
      "type": "insert-node",
      "node": {
        "label": "org.tigris.scarab.workflow.WorkflowFactory",
        "type": "QualifiedName"
      },
      "location-after-char-start": 3187,
      "location-after-char-end": 3229,
      "node-str": "org.tigris.scarab.workflow.WorkflowFactory"
    },
    {
      "type": "insert-node",
      "node": {
        "label": "org.tigris.scarab.tools.ScarabRequestTool",
        "type": "QualifiedName"
      },
      "location-after-char-start": 3238,
      "location-after-char-end": 3279,
      "node-str": "org.tigris.scarab.tools.ScarabRequestTool"
    },
    {
      "type": "insert-node",
      "node": {
        "label": "org.tigris.scarab.tools.ScarabLocalizationTool",
        "type": "QualifiedName"
      },
      "location-after-char-start": 3288,
      "location-after-char-end": 3334,
      "node-str": "org.tigris.scarab.tools.ScarabLocalizationTool"
    },
    {
      "type": "insert-node",
      "node": {
        "label": "org.tigris.scarab.services.cache.ScarabCache",
        "type": "QualifiedName"
      },
      "location-after-char-start": 3343,
      "location-after-char-end": 3387,
      "node-str": "org.tigris.scarab.services.cache.ScarabCache"
    },
    {
      "type": "insert-node",
      "node": {
        "label": "public",
        "type": "Modifier"
      },
      "location-after-char-start": 3531,
      "location-after-char-end": 3537,
      "node-str": "public"
    },
    {
      "type": "insert-node",
      "node": {
        "label": "class",
        "type": "TYPE_DECLARATION_KIND"
      },
      "location-after-char-start": 3538,
      "location-after-char-end": 3543,
      "node-str": "class"
    },
    {
      "type": "insert-node",
      "node": {
        "label": "ArtifactTypeEdit",
        "type": "SimpleName"
      },
      "location-after-char-start": 3544,
      "location-after-char-end": 3560,
      "node-str": "ArtifactTypeEdit"
    },
    {
      "type": "insert-node",
      "node": {
        "label": "",
        "type": "SimpleType"
      },
      "location-after-char-start": 3569,
      "location-after-char-end": 3592,
      "node-str": ""
    },
    {
      "type": "insert-node",
      "node": {
        "label": "",
        "type": "MethodDeclaration"
      },
      "location-after-char-start": 13316,
      "location-after-char-end": 14038,
      "node-str": ""
    },
    {
      "type": "insert-node",
      "node": {
        "label": "",
        "type": "MethodDeclaration"
      },
      "location-after-char-start": 18324,
      "location-after-char-end": 19025,
      "node-str": ""
    },
    {
      "type": "insert-node",
      "node": {
        "label": "RequireLoginFirstAction",
        "type": "SimpleName"
      },
      "location-after-char-start": 3569,
      "location-after-char-end": 3592,
      "node-str": "RequireLoginFirstAction"
    },
    {
      "type": "insert-node",
      "node": {
        "label": "",
        "type": "Javadoc"
      },
      "location-after-char-start": 6454,
      "location-after-char-end": 6523,
      "node-str": ""
    },
    {
      "type": "insert-node",
      "node": {
        "label": "public",
        "type": "Modifier"
      },
      "location-after-char-start": 6528,
      "location-after-char-end": 6534,
      "node-str": "public"
    },
    {
      "type": "insert-node",
      "node": {
        "label": "boolean",
        "type": "PrimitiveType"
      },
      "location-after-char-start": 6535,
      "location-after-char-end": 6542,
      "node-str": "boolean"
    },
    {
      "type": "insert-node",
      "node": {
        "label": "doSavegroups",
        "type": "SimpleName"
      },
      "location-after-char-start": 6543,
      "location-after-char-end": 6555,
      "node-str": "doSavegroups"
    },
    {
      "type": "insert-node",
      "node": {
        "label": "",
        "type": "SimpleType"
      },
      "location-after-char-start": 6611,
      "location-after-char-end": 6620,
      "node-str": ""
    },
    {
      "type": "insert-node",
      "node": {
        "label": "",
        "type": "Javadoc"
      },
      "location-after-char-start": 13316,
      "location-after-char-end": 13363,
      "node-str": ""
    },
    {
      "type": "insert-node",
      "node": {
        "label": "public",
        "type": "Modifier"
      },
      "location-after-char-start": 13368,
      "location-after-char-end": 13374,
      "node-str": "public"
    },
    {
      "type": "insert-node",
      "node": {
        "label": "",
        "type": "SimpleType"
      },
      "location-after-char-start": 13375,
      "location-after-char-end": 13389,
      "node-str": ""
    },
    {
      "type": "insert-node",
      "node": {
        "label": "doCreatenewgroup",
        "type": "SimpleName"
      },
      "location-after-char-start": 13390,
      "location-after-char-end": 13406,
      "node-str": "doCreatenewgroup"
    },
    {
      "type": "move-subtree",
      "node": {
        "label": "",
        "type": "SingleVariableDeclaration"
      },
      "location-before-char-start": 12929,
      "location-before-char-end": 12941,
      "location-after-char-start": 13408,
      "location-after-char-end": 13420,
      "node-str": ""
    },
    {
      "type": "move-subtree",
      "node": {
        "label": "",
        "type": "SingleVariableDeclaration"
      },
      "location-before-char-start": 12989,
      "location-before-char-end": 13012,
      "location-after-char-start": 13468,
      "location-after-char-end": 13491,
      "node-str": ""
    },
    {
      "type": "insert-node",
      "node": {
        "label": "",
        "type": "SimpleType"
      },
      "location-after-char-start": 13508,
      "location-after-char-end": 13517,
      "node-str": ""
    },
    {
      "type": "move-subtree",
      "node": {
        "label": "",
        "type": "Block"
      },
      "location-before-char-start": 13043,
      "location-before-char-end": 13400,
      "location-after-char-start": 13522,
      "location-after-char-end": 14038,
      "node-str": ""
    },
    {
      "type": "insert-node",
      "node": {
        "label": "public",
        "type": "Modifier"
      },
      "location-after-char-start": 18324,
      "location-after-char-end": 18330,
      "node-str": "public"
    },
    {
      "type": "insert-node",
      "node": {
        "label": "void",
        "type": "PrimitiveType"
      },
      "location-after-char-start": 18331,
      "location-after-char-end": 18335,
      "node-str": "void"
    },
    {
      "type": "insert-node",
      "node": {
        "label": "doCreatenewuserattribute",
        "type": "SimpleName"
      },
      "location-after-char-start": 18336,
      "location-after-char-end": 18360,
      "node-str": "doCreatenewuserattribute"
    },
    {
      "type": "move-subtree",
      "node": {
        "label": "",
        "type": "SingleVariableDeclaration"
      },
      "location-before-char-start": 17411,
      "location-before-char-end": 17423,
      "location-after-char-start": 18361,
      "location-after-char-end": 18373,
      "node-str": ""
    },
    {
      "type": "move-subtree",
      "node": {
        "label": "",
        "type": "SingleVariableDeclaration"
      },
      "location-before-char-start": 17469,
      "location-before-char-end": 17492,
      "location-after-char-start": 18419,
      "location-after-char-end": 18442,
      "node-str": ""
    },
    {
      "type": "insert-node",
      "node": {
        "label": "",
        "type": "SimpleType"
      },
      "location-after-char-start": 18459,
      "location-after-char-end": 18468,
      "node-str": ""
    },
    {
      "type": "insert-node",
      "node": {
        "label": "",
        "type": "Block"
      },
      "location-after-char-start": 18473,
      "location-after-char-end": 19025,
      "node-str": ""
    },
    {
      "type": "insert-node",
      "node": {
        "label": "",
        "type": "IfStatement"
      },
      "location-after-char-start": 3993,
      "location-after-char-end": 4146,
      "node-str": ""
    },
    {
      "type": "insert-node",
      "node": {
        "label": "",
        "type": "TagElement"
      },
      "location-after-char-start": 6465,
      "location-after-char-end": 6515,
      "node-str": ""
    },
    {
      "type": "insert-node",
      "node": {
        "label": "Exception",
        "type": "SimpleName"
      },
      "location-after-char-start": 6611,
      "location-after-char-end": 6620,
      "node-str": "Exception"
    },
    {
      "type": "insert-node",
      "node": {
        "label": "",
        "type": "IfStatement"
      },
      "location-after-char-start": 6943,
      "location-after-char-end": 7096,
      "node-str": ""
    },
    {
      "type": "insert-node",
      "node": {
        "label": "",
        "type": "IfStatement"
      },
      "location-after-char-start": 11889,
      "location-after-char-end": 12036,
      "node-str": ""
    },
    {
      "type": "insert-node",
      "node": {
        "label": "",
        "type": "TagElement"
      },
      "location-after-char-start": 13327,
      "location-after-char-end": 13355,
      "node-str": ""
    },
    {
      "type": "insert-node",
      "node": {
        "label": "AttributeGroup",
        "type": "SimpleName"
      },
      "location-after-char-start": 13375,
      "location-after-char-end": 13389,
      "node-str": "AttributeGroup"
    },
    {
      "type": "insert-node",
      "node": {
        "label": "Exception",
        "type": "SimpleName"
      },
      "location-after-char-start": 13508,
      "location-after-char-end": 13517,
      "node-str": "Exception"
    },
    {
      "type": "insert-node",
      "node": {
        "label": "",
        "type": "IfStatement"
      },
      "location-after-char-start": 13773,
      "location-after-char-end": 13925,
      "node-str": ""
    },
    {
      "type": "insert-node",
      "node": {
        "label": "",
        "type": "IfStatement"
      },
      "location-after-char-start": 14426,
      "location-after-char-end": 14573,
      "node-str": ""
    },
    {
      "type": "insert-node",
      "node": {
        "label": "",
        "type": "IfStatement"
      },
      "location-after-char-start": 16698,
      "location-after-char-end": 16845,
      "node-str": ""
    },
    {
      "type": "insert-node",
      "node": {
        "label": "Exception",
        "type": "SimpleName"
      },
      "location-after-char-start": 18459,
      "location-after-char-end": 18468,
      "node-str": "Exception"
    },
    {
      "type": "move-subtree",
      "node": {
        "label": "",
        "type": "VariableDeclarationStatement"
      },
      "location-before-char-start": 17533,
      "location-before-char-end": 17576,
      "location-after-char-start": 18483,
      "location-after-char-end": 18526,
      "node-str": ""
    },
    {
      "type": "move-subtree",
      "node": {
        "label": "",
        "type": "VariableDeclarationStatement"
      },
      "location-before-char-start": 17585,
      "location-before-char-end": 17643,
      "location-after-char-start": 18535,
      "location-after-char-end": 18593,
      "node-str": ""
    },
    {
      "type": "insert-node",
      "node": {
        "label": "",
        "type": "VariableDeclarationStatement"
      },
      "location-after-char-start": 18602,
      "location-after-char-end": 18647,
      "node-str": ""
    },
    {
      "type": "insert-node",
      "node": {
        "label": "",
        "type": "IfStatement"
      },
      "location-after-char-start": 18656,
      "location-after-char-end": 18827,
      "node-str": ""
    },
    {
      "type": "move-subtree",
      "node": {
        "label": "",
        "type": "VariableDeclarationStatement"
      },
      "location-before-char-start": 17652,
      "location-before-char-end": 17717,
      "location-after-char-start": 18836,
      "location-after-char-end": 18901,
      "node-str": ""
    },
    {
      "type": "move-subtree",
      "node": {
        "label": "",
        "type": "ExpressionStatement"
      },
      "location-before-char-start": 17726,
      "location-before-char-end": 17750,
      "location-after-char-start": 18910,
      "location-after-char-end": 18934,
      "node-str": ""
    },
    {
      "type": "move-subtree",
      "node": {
        "label": "",
        "type": "ExpressionStatement"
      },
      "location-before-char-start": 17759,
      "location-before-char-end": 17786,
      "location-after-char-start": 18943,
      "location-after-char-end": 18970,
      "node-str": ""
    },
    {
      "type": "move-subtree",
      "node": {
        "label": "",
        "type": "ExpressionStatement"
      },
      "location-before-char-start": 17795,
      "location-before-char-end": 17835,
      "location-after-char-start": 18979,
      "location-after-char-end": 19019,
      "node-str": ""
    },
    {
      "type": "insert-node",
      "node": {
        "label": "",
        "type": "IfStatement"
      },
      "location-after-char-start": 19395,
      "location-after-char-end": 19542,
      "node-str": ""
    },
    {
      "type": "insert-node",
      "node": {
        "label": "",
        "type": "MethodInvocation"
      },
      "location-after-char-start": 3997,
      "location-after-char-end": 4024,
      "node-str": ""
    },
    {
      "type": "insert-node",
      "node": {
        "label": "",
        "type": "Block"
      },
      "location-after-char-start": 4034,
      "location-after-char-end": 4146,
      "node-str": ""
    },
    {
      "type": "insert-node",
      "node": {
        "label": "Adds or modifies an issue type\u0027s attribute groups.",
        "type": "TextElement"
      },
      "location-after-char-start": 6465,
      "location-after-char-end": 6515,
      "node-str": "Adds or modifies an issue type\u0027s attribute groups."
    },
    {
      "type": "insert-node",
      "node": {
        "label": "",
        "type": "MethodInvocation"
      },
      "location-after-char-start": 6947,
      "location-after-char-end": 6974,
      "node-str": ""
    },
    {
      "type": "insert-node",
      "node": {
        "label": "",
        "type": "Block"
      },
      "location-after-char-start": 6984,
      "location-after-char-end": 7096,
      "node-str": ""
    },
    {
      "type": "insert-node",
      "node": {
        "label": "",
        "type": "MethodInvocation"
      },
      "location-after-char-start": 11893,
      "location-after-char-end": 11920,
      "node-str": ""
    },
    {
      "type": "insert-node",
      "node": {
        "label": "",
        "type": "Block"
      },
      "location-after-char-start": 11930,
      "location-after-char-end": 12036,
      "node-str": ""
    },
    {
      "type": "insert-node",
      "node": {
        "label": "Creates new attribute group.",
        "type": "TextElement"
      },
      "location-after-char-start": 13327,
      "location-after-char-end": 13355,
      "node-str": "Creates new attribute group."
    },
    {
      "type": "insert-node",
      "node": {
        "label": "",
        "type": "MethodInvocation"
      },
      "location-after-char-start": 13777,
      "location-after-char-end": 13804,
      "node-str": ""
    },
    {
      "type": "insert-node",
      "node": {
        "label": "",
        "type": "Block"
      },
      "location-after-char-start": 13814,
      "location-after-char-end": 13925,
      "node-str": ""
    },
    {
      "type": "insert-node",
      "node": {
        "label": "",
        "type": "MethodInvocation"
      },
      "location-after-char-start": 14430,
      "location-after-char-end": 14457,
      "node-str": ""
    },
    {
      "type": "insert-node",
      "node": {
        "label": "",
        "type": "Block"
      },
      "location-after-char-start": 14467,
      "location-after-char-end": 14573,
      "node-str": ""
    },
    {
      "type": "insert-node",
      "node": {
        "label": "",
        "type": "MethodInvocation"
      },
      "location-after-char-start": 16702,
      "location-after-char-end": 16729,
      "node-str": ""
    },
    {
      "type": "insert-node",
      "node": {
        "label": "",
        "type": "Block"
      },
      "location-after-char-start": 16739,
      "location-after-char-end": 16845,
      "node-str": ""
    },
    {
      "type": "insert-node",
      "node": {
        "label": "",
        "type": "SimpleType"
      },
      "location-after-char-start": 18602,
      "location-after-char-end": 18611,
      "node-str": ""
    },
    {
      "type": "insert-node",
      "node": {
        "label": "",
        "type": "VariableDeclarationFragment"
      },
      "location-after-char-start": 18612,
      "location-after-char-end": 18646,
      "node-str": ""
    },
    {
      "type": "insert-node",
      "node": {
        "label": "",
        "type": "MethodInvocation"
      },
      "location-after-char-start": 18660,
      "location-after-char-end": 18687,
      "node-str": ""
    },
    {
      "type": "insert-node",
      "node": {
        "label": "",
        "type": "Block"
      },
      "location-after-char-start": 18697,
      "location-after-char-end": 18827,
      "node-str": ""
    },
    {
      "type": "insert-node",
      "node": {
        "label": "",
        "type": "MethodInvocation"
      },
      "location-after-char-start": 19399,
      "location-after-char-end": 19426,
      "node-str": ""
    },
    {
      "type": "insert-node",
      "node": {
        "label": "",
        "type": "Block"
      },
      "location-after-char-start": 19436,
      "location-after-char-end": 19542,
      "node-str": ""
    },
    {
      "type": "insert-node",
      "node": {
        "label": "",
        "type": "METHOD_INVOCATION_RECEIVER"
      },
      "location-after-char-start": 3997,
      "location-after-char-end": 4006,
      "node-str": ""
    },
    {
      "type": "insert-node",
      "node": {
        "label": "isSystemDefined",
        "type": "SimpleName"
      },
      "location-after-char-start": 4007,
      "location-after-char-end": 4022,
      "node-str": "isSystemDefined"
    },
    {
      "type": "insert-node",
      "node": {
        "label": "",
        "type": "ExpressionStatement"
      },
      "location-after-char-start": 4048,
      "location-after-char-end": 4110,
      "node-str": ""
    },
    {
      "type": "insert-node",
      "node": {
        "label": "",
        "type": "ReturnStatement"
      },
      "location-after-char-start": 4123,
      "location-after-char-end": 4136,
      "node-str": ""
    },
    {
      "type": "insert-node",
      "node": {
        "label": "",
        "type": "METHOD_INVOCATION_RECEIVER"
      },
      "location-after-char-start": 6947,
      "location-after-char-end": 6956,
      "node-str": ""
    },
    {
      "type": "insert-node",
      "node": {
        "label": "isSystemDefined",
        "type": "SimpleName"
      },
      "location-after-char-start": 6957,
      "location-after-char-end": 6972,
      "node-str": "isSystemDefined"
    },
    {
      "type": "insert-node",
      "node": {
        "label": "",
        "type": "ExpressionStatement"
      },
      "location-after-char-start": 6998,
      "location-after-char-end": 7060,
      "node-str": ""
    },
    {
      "type": "insert-node",
      "node": {
        "label": "",
        "type": "ReturnStatement"
      },
      "location-after-char-start": 7073,
      "location-after-char-end": 7086,
      "node-str": ""
    },
    {
      "type": "insert-node",
      "node": {
        "label": "",
        "type": "METHOD_INVOCATION_RECEIVER"
      },
      "location-after-char-start": 11893,
      "location-after-char-end": 11902,
      "node-str": ""
    },
    {
      "type": "insert-node",
      "node": {
        "label": "isSystemDefined",
        "type": "SimpleName"
      },
      "location-after-char-start": 11903,
      "location-after-char-end": 11918,
      "node-str": "isSystemDefined"
    },
    {
      "type": "insert-node",
      "node": {
        "label": "",
        "type": "ExpressionStatement"
      },
      "location-after-char-start": 11944,
      "location-after-char-end": 12006,
      "node-str": ""
    },
    {
      "type": "insert-node",
      "node": {
        "label": "",
        "type": "ReturnStatement"
      },
      "location-after-char-start": 12019,
      "location-after-char-end": 12026,
      "node-str": ""
    },
    {
      "type": "insert-node",
      "node": {
        "label": "",
        "type": "METHOD_INVOCATION_RECEIVER"
      },
      "location-after-char-start": 13777,
      "location-after-char-end": 13786,
      "node-str": ""
    },
    {
      "type": "insert-node",
      "node": {
        "label": "isSystemDefined",
        "type": "SimpleName"
      },
      "location-after-char-start": 13787,
      "location-after-char-end": 13802,
      "node-str": "isSystemDefined"
    },
    {
      "type": "insert-node",
      "node": {
        "label": "",
        "type": "ExpressionStatement"
      },
      "location-after-char-start": 13828,
      "location-after-char-end": 13890,
      "node-str": ""
    },
    {
      "type": "insert-node",
      "node": {
        "label": "",
        "type": "ReturnStatement"
      },
      "location-after-char-start": 13903,
      "location-after-char-end": 13915,
      "node-str": ""
    },
    {
      "type": "insert-node",
      "node": {
        "label": "",
        "type": "METHOD_INVOCATION_RECEIVER"
      },
      "location-after-char-start": 14430,
      "location-after-char-end": 14439,
      "node-str": ""
    },
    {
      "type": "insert-node",
      "node": {
        "label": "isSystemDefined",
        "type": "SimpleName"
      },
      "location-after-char-start": 14440,
      "location-after-char-end": 14455,
      "node-str": "isSystemDefined"
    },
    {
      "type": "insert-node",
      "node": {
        "label": "",
        "type": "ExpressionStatement"
      },
      "location-after-char-start": 14481,
      "location-after-char-end": 14543,
      "node-str": ""
    },
    {
      "type": "insert-node",
      "node": {
        "label": "",
        "type": "ReturnStatement"
      },
      "location-after-char-start": 14556,
      "location-after-char-end": 14563,
      "node-str": ""
    },
    {
      "type": "insert-node",
      "node": {
        "label": "",
        "type": "METHOD_INVOCATION_RECEIVER"
      },
      "location-after-char-start": 16702,
      "location-after-char-end": 16711,
      "node-str": ""
    },
    {
      "type": "insert-node",
      "node": {
        "label": "isSystemDefined",
        "type": "SimpleName"
      },
      "location-after-char-start": 16712,
      "location-after-char-end": 16727,
      "node-str": "isSystemDefined"
    },
    {
      "type": "insert-node",
      "node": {
        "label": "",
        "type": "ExpressionStatement"
      },
      "location-after-char-start": 16753,
      "location-after-char-end": 16815,
      "node-str": ""
    },
    {
      "type": "insert-node",
      "node": {
        "label": "",
        "type": "ReturnStatement"
      },
      "location-after-char-start": 16828,
      "location-after-char-end": 16835,
      "node-str": ""
    },
    {
      "type": "insert-node",
      "node": {
        "label": "IssueType",
        "type": "SimpleName"
      },
      "location-after-char-start": 18602,
      "location-after-char-end": 18611,
      "node-str": "IssueType"
    },
    {
      "type": "insert-node",
      "node": {
        "label": "issueType",
        "type": "SimpleName"
      },
      "location-after-char-start": 18612,
      "location-after-char-end": 18621,
      "node-str": "issueType"
    },
    {
      "type": "insert-node",
      "node": {
        "label": "",
        "type": "MethodInvocation"
      },
      "location-after-char-start": 18624,
      "location-after-char-end": 18646,
      "node-str": ""
    },
    {
      "type": "insert-node",
      "node": {
        "label": "",
        "type": "METHOD_INVOCATION_RECEIVER"
      },
      "location-after-char-start": 18660,
      "location-after-char-end": 18669,
      "node-str": ""
    },
    {
      "type": "insert-node",
      "node": {
        "label": "isSystemDefined",
        "type": "SimpleName"
      },
      "location-after-char-start": 18670,
      "location-after-char-end": 18685,
      "node-str": "isSystemDefined"
    },
    {
      "type": "insert-node",
      "node": {
        "label": "",
        "type": "ExpressionStatement"
      },
      "location-after-char-start": 18711,
      "location-after-char-end": 18797,
      "node-str": ""
    },
    {
      "type": "insert-node",
      "node": {
        "label": "",
        "type": "ReturnStatement"
      },
      "location-after-char-start": 18810,
      "location-after-char-end": 18817,
      "node-str": ""
    },
    {
      "type": "insert-node",
      "node": {
        "label": "",
        "type": "METHOD_INVOCATION_RECEIVER"
      },
      "location-after-char-start": 19399,
      "location-after-char-end": 19408,
      "node-str": ""
    },
    {
      "type": "insert-node",
      "node": {
        "label": "isSystemDefined",
        "type": "SimpleName"
      },
      "location-after-char-start": 19409,
      "location-after-char-end": 19424,
      "node-str": "isSystemDefined"
    },
    {
      "type": "insert-node",
      "node": {
        "label": "",
        "type": "ExpressionStatement"
      },
      "location-after-char-start": 19450,
      "location-after-char-end": 19512,
      "node-str": ""
    },
    {
      "type": "insert-node",
      "node": {
        "label": "",
        "type": "ReturnStatement"
      },
      "location-after-char-start": 19525,
      "location-after-char-end": 19532,
      "node-str": ""
    },
    {
      "type": "insert-node",
      "node": {
        "label": "issueType",
        "type": "SimpleName"
      },
      "location-after-char-start": 3997,
      "location-after-char-end": 4006,
      "node-str": "issueType"
    },
    {
      "type": "insert-node",
      "node": {
        "label": "",
        "type": "MethodInvocation"
      },
      "location-after-char-start": 4048,
      "location-after-char-end": 4109,
      "node-str": ""
    },
    {
      "type": "insert-node",
      "node": {
        "label": "false",
        "type": "BooleanLiteral"
      },
      "location-after-char-start": 4130,
      "location-after-char-end": 4135,
      "node-str": "false"
    },
    {
      "type": "insert-node",
      "node": {
        "label": "issueType",
        "type": "SimpleName"
      },
      "location-after-char-start": 6947,
      "location-after-char-end": 6956,
      "node-str": "issueType"
    },
    {
      "type": "insert-node",
      "node": {
        "label": "",
        "type": "MethodInvocation"
      },
      "location-after-char-start": 6998,
      "location-after-char-end": 7059,
      "node-str": ""
    },
    {
      "type": "insert-node",
      "node": {
        "label": "false",
        "type": "BooleanLiteral"
      },
      "location-after-char-start": 7080,
      "location-after-char-end": 7085,
      "node-str": "false"
    },
    {
      "type": "insert-node",
      "node": {
        "label": "issueType",
        "type": "SimpleName"
      },
      "location-after-char-start": 11893,
      "location-after-char-end": 11902,
      "node-str": "issueType"
    },
    {
      "type": "insert-node",
      "node": {
        "label": "",
        "type": "MethodInvocation"
      },
      "location-after-char-start": 11944,
      "location-after-char-end": 12005,
      "node-str": ""
    },
    {
      "type": "insert-node",
      "node": {
        "label": "issueType",
        "type": "SimpleName"
      },
      "location-after-char-start": 13777,
      "location-after-char-end": 13786,
      "node-str": "issueType"
    },
    {
      "type": "insert-node",
      "node": {
        "label": "",
        "type": "MethodInvocation"
      },
      "location-after-char-start": 13828,
      "location-after-char-end": 13889,
      "node-str": ""
    },
    {
      "type": "insert-node",
      "node": {
        "label": "",
        "type": "NullLiteral"
      },
      "location-after-char-start": 13910,
      "location-after-char-end": 13914,
      "node-str": ""
    },
    {
      "type": "insert-node",
      "node": {
        "label": "issueType",
        "type": "SimpleName"
      },
      "location-after-char-start": 14430,
      "location-after-char-end": 14439,
      "node-str": "issueType"
    },
    {
      "type": "insert-node",
      "node": {
        "label": "",
        "type": "MethodInvocation"
      },
      "location-after-char-start": 14481,
      "location-after-char-end": 14542,
      "node-str": ""
    },
    {
      "type": "insert-node",
      "node": {
        "label": "issueType",
        "type": "SimpleName"
      },
      "location-after-char-start": 16702,
      "location-after-char-end": 16711,
      "node-str": "issueType"
    },
    {
      "type": "insert-node",
      "node": {
        "label": "",
        "type": "MethodInvocation"
      },
      "location-after-char-start": 16753,
      "location-after-char-end": 16814,
      "node-str": ""
    },
    {
      "type": "insert-node",
      "node": {
        "label": "",
        "type": "METHOD_INVOCATION_RECEIVER"
      },
      "location-after-char-start": 18624,
      "location-after-char-end": 18631,
      "node-str": ""
    },
    {
      "type": "insert-node",
      "node": {
        "label": "getIssueType",
        "type": "SimpleName"
      },
      "location-after-char-start": 18632,
      "location-after-char-end": 18644,
      "node-str": "getIssueType"
    },
    {
      "type": "insert-node",
      "node": {
        "label": "issueType",
        "type": "SimpleName"
      },
      "location-after-char-start": 18660,
      "location-after-char-end": 18669,
      "node-str": "issueType"
    },
    {
      "type": "insert-node",
      "node": {
        "label": "",
        "type": "MethodInvocation"
      },
      "location-after-char-start": 18711,
      "location-after-char-end": 18796,
      "node-str": ""
    },
    {
      "type": "insert-node",
      "node": {
        "label": "issueType",
        "type": "SimpleName"
      },
      "location-after-char-start": 19399,
      "location-after-char-end": 19408,
      "node-str": "issueType"
    },
    {
      "type": "insert-node",
      "node": {
        "label": "",
        "type": "MethodInvocation"
      },
      "location-after-char-start": 19450,
      "location-after-char-end": 19511,
      "node-str": ""
    },
    {
      "type": "insert-node",
      "node": {
        "label": "",
        "type": "METHOD_INVOCATION_RECEIVER"
      },
      "location-after-char-start": 4048,
      "location-after-char-end": 4055,
      "node-str": ""
    },
    {
      "type": "insert-node",
      "node": {
        "label": "setAlertMessage",
        "type": "SimpleName"
      },
      "location-after-char-start": 4056,
      "location-after-char-end": 4071,
      "node-str": "setAlertMessage"
    },
    {
      "type": "insert-node",
      "node": {
        "label": "",
        "type": "METHOD_INVOCATION_ARGUMENTS"
      },
      "location-after-char-start": 4072,
      "location-after-char-end": 4108,
      "node-str": ""
    },
    {
      "type": "insert-node",
      "node": {
        "label": "",
        "type": "METHOD_INVOCATION_RECEIVER"
      },
      "location-after-char-start": 6998,
      "location-after-char-end": 7005,
      "node-str": ""
    },
    {
      "type": "insert-node",
      "node": {
        "label": "setAlertMessage",
        "type": "SimpleName"
      },
      "location-after-char-start": 7006,
      "location-after-char-end": 7021,
      "node-str": "setAlertMessage"
    },
    {
      "type": "insert-node",
      "node": {
        "label": "",
        "type": "METHOD_INVOCATION_ARGUMENTS"
      },
      "location-after-char-start": 7022,
      "location-after-char-end": 7058,
      "node-str": ""
    },
    {
      "type": "insert-node",
      "node": {
        "label": "",
        "type": "METHOD_INVOCATION_RECEIVER"
      },
      "location-after-char-start": 11944,
      "location-after-char-end": 11951,
      "node-str": ""
    },
    {
      "type": "insert-node",
      "node": {
        "label": "setAlertMessage",
        "type": "SimpleName"
      },
      "location-after-char-start": 11952,
      "location-after-char-end": 11967,
      "node-str": "setAlertMessage"
    },
    {
      "type": "insert-node",
      "node": {
        "label": "",
        "type": "METHOD_INVOCATION_ARGUMENTS"
      },
      "location-after-char-start": 11968,
      "location-after-char-end": 12004,
      "node-str": ""
    },
    {
      "type": "insert-node",
      "node": {
        "label": "",
        "type": "METHOD_INVOCATION_RECEIVER"
      },
      "location-after-char-start": 13828,
      "location-after-char-end": 13835,
      "node-str": ""
    },
    {
      "type": "insert-node",
      "node": {
        "label": "setAlertMessage",
        "type": "SimpleName"
      },
      "location-after-char-start": 13836,
      "location-after-char-end": 13851,
      "node-str": "setAlertMessage"
    },
    {
      "type": "insert-node",
      "node": {
        "label": "",
        "type": "METHOD_INVOCATION_ARGUMENTS"
      },
      "location-after-char-start": 13852,
      "location-after-char-end": 13888,
      "node-str": ""
    },
    {
      "type": "insert-node",
      "node": {
        "label": "",
        "type": "METHOD_INVOCATION_RECEIVER"
      },
      "location-after-char-start": 14481,
      "location-after-char-end": 14488,
      "node-str": ""
    },
    {
      "type": "insert-node",
      "node": {
        "label": "setAlertMessage",
        "type": "SimpleName"
      },
      "location-after-char-start": 14489,
      "location-after-char-end": 14504,
      "node-str": "setAlertMessage"
    },
    {
      "type": "insert-node",
      "node": {
        "label": "",
        "type": "METHOD_INVOCATION_ARGUMENTS"
      },
      "location-after-char-start": 14505,
      "location-after-char-end": 14541,
      "node-str": ""
    },
    {
      "type": "insert-node",
      "node": {
        "label": "",
        "type": "METHOD_INVOCATION_RECEIVER"
      },
      "location-after-char-start": 16753,
      "location-after-char-end": 16760,
      "node-str": ""
    },
    {
      "type": "insert-node",
      "node": {
        "label": "setAlertMessage",
        "type": "SimpleName"
      },
      "location-after-char-start": 16761,
      "location-after-char-end": 16776,
      "node-str": "setAlertMessage"
    },
    {
      "type": "insert-node",
      "node": {
        "label": "",
        "type": "METHOD_INVOCATION_ARGUMENTS"
      },
      "location-after-char-start": 16777,
      "location-after-char-end": 16813,
      "node-str": ""
    },
    {
      "type": "insert-node",
      "node": {
        "label": "scarabR",
        "type": "SimpleName"
      },
      "location-after-char-start": 18624,
      "location-after-char-end": 18631,
      "node-str": "scarabR"
    },
    {
      "type": "insert-node",
      "node": {
        "label": "",
        "type": "METHOD_INVOCATION_RECEIVER"
      },
      "location-after-char-start": 18711,
      "location-after-char-end": 18718,
      "node-str": ""
    },
    {
      "type": "insert-node",
      "node": {
        "label": "setAlertMessage",
        "type": "SimpleName"
      },
      "location-after-char-start": 18719,
      "location-after-char-end": 18734,
      "node-str": "setAlertMessage"
    },
    {
      "type": "insert-node",
      "node": {
        "label": "",
        "type": "METHOD_INVOCATION_ARGUMENTS"
      },
      "location-after-char-start": 18735,
      "location-after-char-end": 18795,
      "node-str": ""
    },
    {
      "type": "insert-node",
      "node": {
        "label": "",
        "type": "METHOD_INVOCATION_RECEIVER"
      },
      "location-after-char-start": 19450,
      "location-after-char-end": 19457,
      "node-str": ""
    },
    {
      "type": "insert-node",
      "node": {
        "label": "setAlertMessage",
        "type": "SimpleName"
      },
      "location-after-char-start": 19458,
      "location-after-char-end": 19473,
      "node-str": "setAlertMessage"
    },
    {
      "type": "insert-node",
      "node": {
        "label": "",
        "type": "METHOD_INVOCATION_ARGUMENTS"
      },
      "location-after-char-start": 19474,
      "location-after-char-end": 19510,
      "node-str": ""
    },
    {
      "type": "insert-node",
      "node": {
        "label": "scarabR",
        "type": "SimpleName"
      },
      "location-after-char-start": 4048,
      "location-after-char-end": 4055,
      "node-str": "scarabR"
    },
    {
      "type": "insert-node",
      "node": {
        "label": "",
        "type": "MethodInvocation"
      },
      "location-after-char-start": 4072,
      "location-after-char-end": 4108,
      "node-str": ""
    },
    {
      "type": "insert-node",
      "node": {
        "label": "scarabR",
        "type": "SimpleName"
      },
      "location-after-char-start": 6998,
      "location-after-char-end": 7005,
      "node-str": "scarabR"
    },
    {
      "type": "insert-node",
      "node": {
        "label": "",
        "type": "MethodInvocation"
      },
      "location-after-char-start": 7022,
      "location-after-char-end": 7058,
      "node-str": ""
    },
    {
      "type": "insert-node",
      "node": {
        "label": "scarabR",
        "type": "SimpleName"
      },
      "location-after-char-start": 11944,
      "location-after-char-end": 11951,
      "node-str": "scarabR"
    },
    {
      "type": "insert-node",
      "node": {
        "label": "",
        "type": "MethodInvocation"
      },
      "location-after-char-start": 11968,
      "location-after-char-end": 12004,
      "node-str": ""
    },
    {
      "type": "insert-node",
      "node": {
        "label": "scarabR",
        "type": "SimpleName"
      },
      "location-after-char-start": 13828,
      "location-after-char-end": 13835,
      "node-str": "scarabR"
    },
    {
      "type": "insert-node",
      "node": {
        "label": "",
        "type": "MethodInvocation"
      },
      "location-after-char-start": 13852,
      "location-after-char-end": 13888,
      "node-str": ""
    },
    {
      "type": "insert-node",
      "node": {
        "label": "scarabR",
        "type": "SimpleName"
      },
      "location-after-char-start": 14481,
      "location-after-char-end": 14488,
      "node-str": "scarabR"
    },
    {
      "type": "insert-node",
      "node": {
        "label": "",
        "type": "MethodInvocation"
      },
      "location-after-char-start": 14505,
      "location-after-char-end": 14541,
      "node-str": ""
    },
    {
      "type": "insert-node",
      "node": {
        "label": "scarabR",
        "type": "SimpleName"
      },
      "location-after-char-start": 16753,
      "location-after-char-end": 16760,
      "node-str": "scarabR"
    },
    {
      "type": "insert-node",
      "node": {
        "label": "",
        "type": "MethodInvocation"
      },
      "location-after-char-start": 16777,
      "location-after-char-end": 16813,
      "node-str": ""
    },
    {
      "type": "insert-node",
      "node": {
        "label": "scarabR",
        "type": "SimpleName"
      },
      "location-after-char-start": 18711,
      "location-after-char-end": 18718,
      "node-str": "scarabR"
    },
    {
      "type": "insert-node",
      "node": {
        "label": "",
        "type": "MethodInvocation"
      },
      "location-after-char-start": 18735,
      "location-after-char-end": 18795,
      "node-str": ""
    },
    {
      "type": "insert-node",
      "node": {
        "label": "scarabR",
        "type": "SimpleName"
      },
      "location-after-char-start": 19450,
      "location-after-char-end": 19457,
      "node-str": "scarabR"
    },
    {
      "type": "insert-node",
      "node": {
        "label": "",
        "type": "MethodInvocation"
      },
      "location-after-char-start": 19474,
      "location-after-char-end": 19510,
      "node-str": ""
    },
    {
      "type": "insert-node",
      "node": {
        "label": "",
        "type": "METHOD_INVOCATION_RECEIVER"
      },
      "location-after-char-start": 4072,
      "location-after-char-end": 4076,
      "node-str": ""
    },
    {
      "type": "insert-node",
      "node": {
        "label": "get",
        "type": "SimpleName"
      },
      "location-after-char-start": 4077,
      "location-after-char-end": 4080,
      "node-str": "get"
    },
    {
      "type": "insert-node",
      "node": {
        "label": "",
        "type": "METHOD_INVOCATION_ARGUMENTS"
      },
      "location-after-char-start": 4081,
      "location-after-char-end": 4107,
      "node-str": ""
    },
    {
      "type": "insert-node",
      "node": {
        "label": "",
        "type": "METHOD_INVOCATION_RECEIVER"
      },
      "location-after-char-start": 7022,
      "location-after-char-end": 7026,
      "node-str": ""
    },
    {
      "type": "insert-node",
      "node": {
        "label": "get",
        "type": "SimpleName"
      },
      "location-after-char-start": 7027,
      "location-after-char-end": 7030,
      "node-str": "get"
    },
    {
      "type": "insert-node",
      "node": {
        "label": "",
        "type": "METHOD_INVOCATION_ARGUMENTS"
      },
      "location-after-char-start": 7031,
      "location-after-char-end": 7057,
      "node-str": ""
    },
    {
      "type": "insert-node",
      "node": {
        "label": "",
        "type": "METHOD_INVOCATION_RECEIVER"
      },
      "location-after-char-start": 11968,
      "location-after-char-end": 11972,
      "node-str": ""
    },
    {
      "type": "insert-node",
      "node": {
        "label": "get",
        "type": "SimpleName"
      },
      "location-after-char-start": 11973,
      "location-after-char-end": 11976,
      "node-str": "get"
    },
    {
      "type": "insert-node",
      "node": {
        "label": "",
        "type": "METHOD_INVOCATION_ARGUMENTS"
      },
      "location-after-char-start": 11977,
      "location-after-char-end": 12003,
      "node-str": ""
    },
    {
      "type": "insert-node",
      "node": {
        "label": "",
        "type": "METHOD_INVOCATION_RECEIVER"
      },
      "location-after-char-start": 13852,
      "location-after-char-end": 13856,
      "node-str": ""
    },
    {
      "type": "insert-node",
      "node": {
        "label": "get",
        "type": "SimpleName"
      },
      "location-after-char-start": 13857,
      "location-after-char-end": 13860,
      "node-str": "get"
    },
    {
      "type": "insert-node",
      "node": {
        "label": "",
        "type": "METHOD_INVOCATION_ARGUMENTS"
      },
      "location-after-char-start": 13861,
      "location-after-char-end": 13887,
      "node-str": ""
    },
    {
      "type": "insert-node",
      "node": {
        "label": "",
        "type": "METHOD_INVOCATION_RECEIVER"
      },
      "location-after-char-start": 14505,
      "location-after-char-end": 14509,
      "node-str": ""
    },
    {
      "type": "insert-node",
      "node": {
        "label": "get",
        "type": "SimpleName"
      },
      "location-after-char-start": 14510,
      "location-after-char-end": 14513,
      "node-str": "get"
    },
    {
      "type": "insert-node",
      "node": {
        "label": "",
        "type": "METHOD_INVOCATION_ARGUMENTS"
      },
      "location-after-char-start": 14514,
      "location-after-char-end": 14540,
      "node-str": ""
    },
    {
      "type": "insert-node",
      "node": {
        "label": "",
        "type": "METHOD_INVOCATION_RECEIVER"
      },
      "location-after-char-start": 16777,
      "location-after-char-end": 16781,
      "node-str": ""
    },
    {
      "type": "insert-node",
      "node": {
        "label": "get",
        "type": "SimpleName"
      },
      "location-after-char-start": 16782,
      "location-after-char-end": 16785,
      "node-str": "get"
    },
    {
      "type": "insert-node",
      "node": {
        "label": "",
        "type": "METHOD_INVOCATION_ARGUMENTS"
      },
      "location-after-char-start": 16786,
      "location-after-char-end": 16812,
      "node-str": ""
    },
    {
      "type": "insert-node",
      "node": {
        "label": "",
        "type": "METHOD_INVOCATION_RECEIVER"
      },
      "location-after-char-start": 18735,
      "location-after-char-end": 18763,
      "node-str": ""
    },
    {
      "type": "insert-node",
      "node": {
        "label": "get",
        "type": "SimpleName"
      },
      "location-after-char-start": 18764,
      "location-after-char-end": 18767,
      "node-str": "get"
    },
    {
      "type": "insert-node",
      "node": {
        "label": "",
        "type": "METHOD_INVOCATION_ARGUMENTS"
      },
      "location-after-char-start": 18768,
      "location-after-char-end": 18794,
      "node-str": ""
    },
    {
      "type": "insert-node",
      "node": {
        "label": "",
        "type": "METHOD_INVOCATION_RECEIVER"
      },
      "location-after-char-start": 19474,
      "location-after-char-end": 19478,
      "node-str": ""
    },
    {
      "type": "insert-node",
      "node": {
        "label": "get",
        "type": "SimpleName"
      },
      "location-after-char-start": 19479,
      "location-after-char-end": 19482,
      "node-str": "get"
    },
    {
      "type": "insert-node",
      "node": {
        "label": "",
        "type": "METHOD_INVOCATION_ARGUMENTS"
      },
      "location-after-char-start": 19483,
      "location-after-char-end": 19509,
      "node-str": ""
    },
    {
      "type": "insert-node",
      "node": {
        "label": "l10n",
        "type": "SimpleName"
      },
      "location-after-char-start": 4072,
      "location-after-char-end": 4076,
      "node-str": "l10n"
    },
    {
      "type": "insert-node",
      "node": {
        "label": "\"SystemSpecifiedIssueType\"",
        "type": "StringLiteral"
      },
      "location-after-char-start": 4081,
      "location-after-char-end": 4107,
      "node-str": "\"SystemSpecifiedIssueType\""
    },
    {
      "type": "insert-node",
      "node": {
        "label": "l10n",
        "type": "SimpleName"
      },
      "location-after-char-start": 7022,
      "location-after-char-end": 7026,
      "node-str": "l10n"
    },
    {
      "type": "insert-node",
      "node": {
        "label": "\"SystemSpecifiedIssueType\"",
        "type": "StringLiteral"
      },
      "location-after-char-start": 7031,
      "location-after-char-end": 7057,
      "node-str": "\"SystemSpecifiedIssueType\""
    },
    {
      "type": "insert-node",
      "node": {
        "label": "l10n",
        "type": "SimpleName"
      },
      "location-after-char-start": 11968,
      "location-after-char-end": 11972,
      "node-str": "l10n"
    },
    {
      "type": "insert-node",
      "node": {
        "label": "\"SystemSpecifiedIssueType\"",
        "type": "StringLiteral"
      },
      "location-after-char-start": 11977,
      "location-after-char-end": 12003,
      "node-str": "\"SystemSpecifiedIssueType\""
    },
    {
      "type": "insert-node",
      "node": {
        "label": "l10n",
        "type": "SimpleName"
      },
      "location-after-char-start": 13852,
      "location-after-char-end": 13856,
      "node-str": "l10n"
    },
    {
      "type": "insert-node",
      "node": {
        "label": "\"SystemSpecifiedIssueType\"",
        "type": "StringLiteral"
      },
      "location-after-char-start": 13861,
      "location-after-char-end": 13887,
      "node-str": "\"SystemSpecifiedIssueType\""
    },
    {
      "type": "insert-node",
      "node": {
        "label": "l10n",
        "type": "SimpleName"
      },
      "location-after-char-start": 14505,
      "location-after-char-end": 14509,
      "node-str": "l10n"
    },
    {
      "type": "insert-node",
      "node": {
        "label": "\"SystemSpecifiedIssueType\"",
        "type": "StringLiteral"
      },
      "location-after-char-start": 14514,
      "location-after-char-end": 14540,
      "node-str": "\"SystemSpecifiedIssueType\""
    },
    {
      "type": "insert-node",
      "node": {
        "label": "l10n",
        "type": "SimpleName"
      },
      "location-after-char-start": 16777,
      "location-after-char-end": 16781,
      "node-str": "l10n"
    },
    {
      "type": "insert-node",
      "node": {
        "label": "\"SystemSpecifiedIssueType\"",
        "type": "StringLiteral"
      },
      "location-after-char-start": 16786,
      "location-after-char-end": 16812,
      "node-str": "\"SystemSpecifiedIssueType\""
    },
    {
      "type": "insert-node",
      "node": {
        "label": "",
        "type": "MethodInvocation"
      },
      "location-after-char-start": 18735,
      "location-after-char-end": 18763,
      "node-str": ""
    },
    {
      "type": "insert-node",
      "node": {
        "label": "\"SystemSpecifiedIssueType\"",
        "type": "StringLiteral"
      },
      "location-after-char-start": 18768,
      "location-after-char-end": 18794,
      "node-str": "\"SystemSpecifiedIssueType\""
    },
    {
      "type": "insert-node",
      "node": {
        "label": "l10n",
        "type": "SimpleName"
      },
      "location-after-char-start": 19474,
      "location-after-char-end": 19478,
      "node-str": "l10n"
    },
    {
      "type": "insert-node",
      "node": {
        "label": "\"SystemSpecifiedIssueType\"",
        "type": "StringLiteral"
      },
      "location-after-char-start": 19483,
      "location-after-char-end": 19509,
      "node-str": "\"SystemSpecifiedIssueType\""
    },
    {
      "type": "insert-node",
      "node": {
        "label": "getLocalizationTool",
        "type": "SimpleName"
      },
      "location-after-char-start": 18735,
      "location-after-char-end": 18754,
      "node-str": "getLocalizationTool"
    },
    {
      "type": "insert-node",
      "node": {
        "label": "",
        "type": "METHOD_INVOCATION_ARGUMENTS"
      },
      "location-after-char-start": 18755,
      "location-after-char-end": 18762,
      "node-str": ""
    },
    {
      "type": "insert-node",
      "node": {
        "label": "context",
        "type": "SimpleName"
      },
      "location-after-char-start": 18755,
      "location-after-char-end": 18762,
      "node-str": "context"
    },
    {
      "type": "delete-node",
      "node": {
        "label": "org.tigris.scarab.actions.admin",
        "type": "QualifiedName"
      },
      "location-before-char-start": 8,
      "location-before-char-end": 39,
      "node-str": "org.tigris.scarab.actions.admin"
    },
    {
      "type": "delete-node",
      "node": {
        "label": "",
        "type": "PackageDeclaration"
      },
      "location-before-char-start": 0,
      "location-before-char-end": 40,
      "node-str": ""
    },
    {
      "type": "delete-node",
      "node": {
        "label": "java.util.List",
        "type": "QualifiedName"
      },
      "location-before-char-start": 2383,
      "location-before-char-end": 2397,
      "node-str": "java.util.List"
    },
    {
      "type": "delete-node",
      "node": {
        "label": "",
        "type": "ImportDeclaration"
      },
      "location-before-char-start": 2376,
      "location-before-char-end": 2398,
      "node-str": ""
    },
    {
      "type": "delete-node",
      "node": {
        "label": "org.apache.turbine.RunData",
        "type": "QualifiedName"
      },
      "location-before-char-start": 2425,
      "location-before-char-end": 2451,
      "node-str": "org.apache.turbine.RunData"
    },
    {
      "type": "delete-node",
      "node": {
        "label": "",
        "type": "ImportDeclaration"
      },
      "location-before-char-start": 2418,
      "location-before-char-end": 2452,
      "node-str": ""
    },
    {
      "type": "delete-node",
      "node": {
        "label": "org.apache.turbine.TemplateContext",
        "type": "QualifiedName"
      },
      "location-before-char-start": 2460,
      "location-before-char-end": 2494,
      "node-str": "org.apache.turbine.TemplateContext"
    },
    {
      "type": "delete-node",
      "node": {
        "label": "",
        "type": "ImportDeclaration"
      },
      "location-before-char-start": 2453,
      "location-before-char-end": 2495,
      "node-str": ""
    },
    {
      "type": "delete-node",
      "node": {
        "label": "org.apache.turbine.ParameterParser",
        "type": "QualifiedName"
      },
      "location-before-char-start": 2503,
      "location-before-char-end": 2537,
      "node-str": "org.apache.turbine.ParameterParser"
    },
    {
      "type": "delete-node",
      "node": {
        "label": "",
        "type": "ImportDeclaration"
      },
      "location-before-char-start": 2496,
      "location-before-char-end": 2538,
      "node-str": ""
    },
    {
      "type": "delete-node",
      "node": {
        "label": "org.apache.torque.om.NumberKey",
        "type": "QualifiedName"
      },
      "location-before-char-start": 2546,
      "location-before-char-end": 2576,
      "node-str": "org.apache.torque.om.NumberKey"
    },
    {
      "type": "delete-node",
      "node": {
        "label": "",
        "type": "ImportDeclaration"
      },
      "location-before-char-start": 2539,
      "location-before-char-end": 2577,
      "node-str": ""
    },
    {
      "type": "delete-node",
      "node": {
        "label": "org.apache.turbine.tool.IntakeTool",
        "type": "QualifiedName"
      },
      "location-before-char-start": 2585,
      "location-before-char-end": 2619,
      "node-str": "org.apache.turbine.tool.IntakeTool"
    },
    {
      "type": "delete-node",
      "node": {
        "label": "",
        "type": "ImportDeclaration"
      },
      "location-before-char-start": 2578,
      "location-before-char-end": 2620,
      "node-str": ""
    },
    {
      "type": "delete-node",
      "node": {
        "label": "org.apache.fulcrum.intake.model.Group",
        "type": "QualifiedName"
      },
      "location-before-char-start": 2628,
      "location-before-char-end": 2665,
      "node-str": "org.apache.fulcrum.intake.model.Group"
    },
    {
      "type": "delete-node",
      "node": {
        "label": "",
        "type": "ImportDeclaration"
      },
      "location-before-char-start": 2621,
      "location-before-char-end": 2666,
      "node-str": ""
    },
    {
      "type": "delete-node",
      "node": {
        "label": "org.apache.fulcrum.intake.model.Field",
        "type": "QualifiedName"
      },
      "location-before-char-start": 2674,
      "location-before-char-end": 2711,
      "node-str": "org.apache.fulcrum.intake.model.Field"
    },
    {
      "type": "delete-node",
      "node": {
        "label": "",
        "type": "ImportDeclaration"
      },
      "location-before-char-start": 2667,
      "location-before-char-end": 2712,
      "node-str": ""
    },
    {
      "type": "delete-node",
      "node": {
        "label": "org.tigris.scarab.actions.base.RequireLoginFirstAction",
        "type": "QualifiedName"
      },
      "location-before-char-start": 2737,
      "location-before-char-end": 2791,
      "node-str": "org.tigris.scarab.actions.base.RequireLoginFirstAction"
    },
    {
      "type": "delete-node",
      "node": {
        "label": "",
        "type": "ImportDeclaration"
      },
      "location-before-char-start": 2730,
      "location-before-char-end": 2792,
      "node-str": ""
    },
    {
      "type": "delete-node",
      "node": {
        "label": "org.tigris.scarab.om.ScarabUser",
        "type": "QualifiedName"
      },
      "location-before-char-start": 2800,
      "location-before-char-end": 2831,
      "node-str": "org.tigris.scarab.om.ScarabUser"
    },
    {
      "type": "delete-node",
      "node": {
        "label": "",
        "type": "ImportDeclaration"
      },
      "location-before-char-start": 2793,
      "location-before-char-end": 2832,
      "node-str": ""
    },
    {
      "type": "delete-node",
      "node": {
        "label": "org.tigris.scarab.om.RModuleAttribute",
        "type": "QualifiedName"
      },
      "location-before-char-start": 2840,
      "location-before-char-end": 2877,
      "node-str": "org.tigris.scarab.om.RModuleAttribute"
    },
    {
      "type": "delete-node",
      "node": {
        "label": "",
        "type": "ImportDeclaration"
      },
      "location-before-char-start": 2833,
      "location-before-char-end": 2878,
      "node-str": ""
    },
    {
      "type": "delete-node",
      "node": {
        "label": "org.tigris.scarab.om.RModuleIssueType",
        "type": "QualifiedName"
      },
      "location-before-char-start": 2886,
      "location-before-char-end": 2923,
      "node-str": "org.tigris.scarab.om.RModuleIssueType"
    },
    {
      "type": "delete-node",
      "node": {
        "label": "",
        "type": "ImportDeclaration"
      },
      "location-before-char-start": 2879,
      "location-before-char-end": 2924,
      "node-str": ""
    },
    {
      "type": "delete-node",
      "node": {
        "label": "org.tigris.scarab.om.AttributeGroup",
        "type": "QualifiedName"
      },
      "location-before-char-start": 2932,
      "location-before-char-end": 2967,
      "node-str": "org.tigris.scarab.om.AttributeGroup"
    },
    {
      "type": "delete-node",
      "node": {
        "label": "",
        "type": "ImportDeclaration"
      },
      "location-before-char-start": 2925,
      "location-before-char-end": 2968,
      "node-str": ""
    },
    {
      "type": "delete-node",
      "node": {
        "label": "org.tigris.scarab.om.AttributeGroupManager",
        "type": "QualifiedName"
      },
      "location-before-char-start": 2976,
      "location-before-char-end": 3018,
      "node-str": "org.tigris.scarab.om.AttributeGroupManager"
    },
    {
      "type": "delete-node",
      "node": {
        "label": "",
        "type": "ImportDeclaration"
      },
      "location-before-char-start": 2969,
      "location-before-char-end": 3019,
      "node-str": ""
    },
    {
      "type": "delete-node",
      "node": {
        "label": "org.tigris.scarab.om.Attribute",
        "type": "QualifiedName"
      },
      "location-before-char-start": 3027,
      "location-before-char-end": 3057,
      "node-str": "org.tigris.scarab.om.Attribute"
    },
    {
      "type": "delete-node",
      "node": {
        "label": "",
        "type": "ImportDeclaration"
      },
      "location-before-char-start": 3020,
      "location-before-char-end": 3058,
      "node-str": ""
    },
    {
      "type": "delete-node",
      "node": {
        "label": "org.tigris.scarab.om.AttributeManager",
        "type": "QualifiedName"
      },
      "location-before-char-start": 3066,
      "location-before-char-end": 3103,
      "node-str": "org.tigris.scarab.om.AttributeManager"
    },
    {
      "type": "delete-node",
      "node": {
        "label": "",
        "type": "ImportDeclaration"
      },
      "location-before-char-start": 3059,
      "location-before-char-end": 3104,
      "node-str": ""
    },
    {
      "type": "delete-node",
      "node": {
        "label": "org.tigris.scarab.om.IssueType",
        "type": "QualifiedName"
      },
      "location-before-char-start": 3112,
      "location-before-char-end": 3142,
      "node-str": "org.tigris.scarab.om.IssueType"
    },
    {
      "type": "delete-node",
      "node": {
        "label": "",
        "type": "ImportDeclaration"
      },
      "location-before-char-start": 3105,
      "location-before-char-end": 3143,
      "node-str": ""
    },
    {
      "type": "delete-node",
      "node": {
        "label": "org.tigris.scarab.om.Module",
        "type": "QualifiedName"
      },
      "location-before-char-start": 3151,
      "location-before-char-end": 3178,
      "node-str": "org.tigris.scarab.om.Module"
    },
    {
      "type": "delete-node",
      "node": {
        "label": "",
        "type": "ImportDeclaration"
      },
      "location-before-char-start": 3144,
      "location-before-char-end": 3179,
      "node-str": ""
    },
    {
      "type": "delete-node",
      "node": {
        "label": "org.tigris.scarab.workflow.WorkflowFactory",
        "type": "QualifiedName"
      },
      "location-before-char-start": 3187,
      "location-before-char-end": 3229,
      "node-str": "org.tigris.scarab.workflow.WorkflowFactory"
    },
    {
      "type": "delete-node",
      "node": {
        "label": "",
        "type": "ImportDeclaration"
      },
      "location-before-char-start": 3180,
      "location-before-char-end": 3230,
      "node-str": ""
    },
    {
      "type": "delete-node",
      "node": {
        "label": "org.tigris.scarab.tools.ScarabRequestTool",
        "type": "QualifiedName"
      },
      "location-before-char-start": 3238,
      "location-before-char-end": 3279,
      "node-str": "org.tigris.scarab.tools.ScarabRequestTool"
    },
    {
      "type": "delete-node",
      "node": {
        "label": "",
        "type": "ImportDeclaration"
      },
      "location-before-char-start": 3231,
      "location-before-char-end": 3280,
      "node-str": ""
    },
    {
      "type": "delete-node",
      "node": {
        "label": "org.tigris.scarab.tools.ScarabLocalizationTool",
        "type": "QualifiedName"
      },
      "location-before-char-start": 3288,
      "location-before-char-end": 3334,
      "node-str": "org.tigris.scarab.tools.ScarabLocalizationTool"
    },
    {
      "type": "delete-node",
      "node": {
        "label": "",
        "type": "ImportDeclaration"
      },
      "location-before-char-start": 3281,
      "location-before-char-end": 3335,
      "node-str": ""
    },
    {
      "type": "delete-node",
      "node": {
        "label": "org.tigris.scarab.services.cache.ScarabCache",
        "type": "QualifiedName"
      },
      "location-before-char-start": 3343,
      "location-before-char-end": 3387,
      "node-str": "org.tigris.scarab.services.cache.ScarabCache"
    },
    {
      "type": "delete-node",
      "node": {
        "label": "",
        "type": "ImportDeclaration"
      },
      "location-before-char-start": 3336,
      "location-before-char-end": 3388,
      "node-str": ""
    },
    {
      "type": "delete-node",
      "node": {
        "label": "public",
        "type": "Modifier"
      },
      "location-before-char-start": 3531,
      "location-before-char-end": 3537,
      "node-str": "public"
    },
    {
      "type": "delete-node",
      "node": {
        "label": "class",
        "type": "TYPE_DECLARATION_KIND"
      },
      "location-before-char-start": 3538,
      "location-before-char-end": 3543,
      "node-str": "class"
    },
    {
      "type": "delete-node",
      "node": {
        "label": "ArtifactTypeEdit",
        "type": "SimpleName"
      },
      "location-before-char-start": 3544,
      "location-before-char-end": 3560,
      "node-str": "ArtifactTypeEdit"
    },
    {
      "type": "delete-node",
      "node": {
        "label": "RequireLoginFirstAction",
        "type": "SimpleName"
      },
      "location-before-char-start": 3569,
      "location-before-char-end": 3592,
      "node-str": "RequireLoginFirstAction"
    },
    {
      "type": "delete-node",
      "node": {
        "label": "",
        "type": "SimpleType"
      },
      "location-before-char-start": 3569,
      "location-before-char-end": 3592,
      "node-str": ""
    },
    {
      "type": "delete-node",
      "node": {
        "label": "Adds or modifies an issue type\u0027s attribute groups.",
        "type": "TextElement"
      },
      "location-before-char-start": 6303,
      "location-before-char-end": 6353,
      "node-str": "Adds or modifies an issue type\u0027s attribute groups."
    },
    {
      "type": "delete-node",
      "node": {
        "label": "",
        "type": "TagElement"
      },
      "location-before-char-start": 6303,
      "location-before-char-end": 6353,
      "node-str": ""
    },
    {
      "type": "delete-node",
      "node": {
        "label": "",
        "type": "Javadoc"
      },
      "location-before-char-start": 6292,
      "location-before-char-end": 6361,
      "node-str": ""
    },
    {
      "type": "delete-node",
      "node": {
        "label": "public",
        "type": "Modifier"
      },
      "location-before-char-start": 6366,
      "location-before-char-end": 6372,
      "node-str": "public"
    },
    {
      "type": "delete-node",
      "node": {
        "label": "boolean",
        "type": "PrimitiveType"
      },
      "location-before-char-start": 6373,
      "location-before-char-end": 6380,
      "node-str": "boolean"
    },
    {
      "type": "delete-node",
      "node": {
        "label": "doSavegroups",
        "type": "SimpleName"
      },
      "location-before-char-start": 6381,
      "location-before-char-end": 6393,
      "node-str": "doSavegroups"
    },
    {
      "type": "delete-node",
      "node": {
        "label": "Exception",
        "type": "SimpleName"
      },
      "location-before-char-start": 6449,
      "location-before-char-end": 6458,
      "node-str": "Exception"
    },
    {
      "type": "delete-node",
      "node": {
        "label": "",
        "type": "SimpleType"
      },
      "location-before-char-start": 6449,
      "location-before-char-end": 6458,
      "node-str": ""
    },
    {
      "type": "delete-node",
      "node": {
        "label": "Creates new attribute group.",
        "type": "TextElement"
      },
      "location-before-char-start": 12848,
      "location-before-char-end": 12876,
      "node-str": "Creates new attribute group."
    },
    {
      "type": "delete-node",
      "node": {
        "label": "",
        "type": "TagElement"
      },
      "location-before-char-start": 12848,
      "location-before-char-end": 12876,
      "node-str": ""
    },
    {
      "type": "delete-node",
      "node": {
        "label": "",
        "type": "Javadoc"
      },
      "location-before-char-start": 12837,
      "location-before-char-end": 12884,
      "node-str": ""
    },
    {
      "type": "delete-node",
      "node": {
        "label": "public",
        "type": "Modifier"
      },
      "location-before-char-start": 12889,
      "location-before-char-end": 12895,
      "node-str": "public"
    },
    {
      "type": "delete-node",
      "node": {
        "label": "AttributeGroup",
        "type": "SimpleName"
      },
      "location-before-char-start": 12896,
      "location-before-char-end": 12910,
      "node-str": "AttributeGroup"
    },
    {
      "type": "delete-node",
      "node": {
        "label": "",
        "type": "SimpleType"
      },
      "location-before-char-start": 12896,
      "location-before-char-end": 12910,
      "node-str": ""
    },
    {
      "type": "delete-node",
      "node": {
        "label": "doCreatenewgroup",
        "type": "SimpleName"
      },
      "location-before-char-start": 12911,
      "location-before-char-end": 12927,
      "node-str": "doCreatenewgroup"
    },
    {
      "type": "delete-node",
      "node": {
        "label": "Exception",
        "type": "SimpleName"
      },
      "location-before-char-start": 13029,
      "location-before-char-end": 13038,
      "node-str": "Exception"
    },
    {
      "type": "delete-node",
      "node": {
        "label": "",
        "type": "SimpleType"
      },
      "location-before-char-start": 13029,
      "location-before-char-end": 13038,
      "node-str": ""
    },
    {
      "type": "delete-node",
      "node": {
        "label": "",
        "type": "MethodDeclaration"
      },
      "location-before-char-start": 12837,
      "location-before-char-end": 13400,
      "node-str": ""
    },
    {
      "type": "delete-node",
      "node": {
        "label": "public",
        "type": "Modifier"
      },
      "location-before-char-start": 17374,
      "location-before-char-end": 17380,
      "node-str": "public"
    },
    {
      "type": "delete-node",
      "node": {
        "label": "void",
        "type": "PrimitiveType"
      },
      "location-before-char-start": 17381,
      "location-before-char-end": 17385,
      "node-str": "void"
    },
    {
      "type": "delete-node",
      "node": {
        "label": "doCreatenewuserattribute",
        "type": "SimpleName"
      },
      "location-before-char-start": 17386,
      "location-before-char-end": 17410,
      "node-str": "doCreatenewuserattribute"
    },
    {
      "type": "delete-node",
      "node": {
        "label": "Exception",
        "type": "SimpleName"
      },
      "location-before-char-start": 17509,
      "location-before-char-end": 17518,
      "node-str": "Exception"
    },
    {
      "type": "delete-node",
      "node": {
        "label": "",
        "type": "SimpleType"
      },
      "location-before-char-start": 17509,
      "location-before-char-end": 17518,
      "node-str": ""
    },
    {
      "type": "delete-node",
      "node": {
        "label": "",
        "type": "Block"
      },
      "location-before-char-start": 17523,
      "location-before-char-end": 17841,
      "node-str": ""
    },
    {
      "type": "delete-node",
      "node": {
        "label": "",
        "type": "MethodDeclaration"
      },
      "location-before-char-start": 17374,
      "location-before-char-end": 17841,
      "node-str": ""
    }
  ],
  "before-file": {},
  "after-file": {},
  "mapping": {}
}