{
  "tool-info": {},
  "diff": [
    {
      "type": "insert-node",
      "node": {
        "label": "bindingService",
        "type": "Field"
      },
      "location-after-char-start": 2992,
      "location-after-char-end": 3100,
      "node-str": "bindingService"
    },
    {
      "type": "insert-node",
      "node": {
        "label": "commandService",
        "type": "Field"
      },
      "location-after-char-start": 3104,
      "location-after-char-end": 3212,
      "node-str": "commandService"
    },
    {
      "type": "insert-node",
      "node": {
        "label": "org.eclipse.ui.keys.IBindingService",
        "type": "VARIABLE_TYPE"
      },
      "location-after-char-start": 0,
      "location-after-char-end": 0,
      "node-str": "org.eclipse.ui.keys.IBindingService"
    },
    {
      "type": "move-subtree",
      "node": {
        "label": "final",
        "type": "Modifier"
      },
      "location-before-char-start": 0,
      "location-before-char-end": 0,
      "location-after-char-start": 0,
      "location-after-char-end": 0,
      "node-str": "final"
    },
    {
      "type": "insert-node",
      "node": {
        "label": "org.eclipse.ui.commands.ICommandService",
        "type": "VARIABLE_TYPE"
      },
      "location-after-char-start": 0,
      "location-after-char-end": 0,
      "node-str": "org.eclipse.ui.commands.ICommandService"
    },
    {
      "type": "move-subtree",
      "node": {
        "label": "final",
        "type": "Modifier"
      },
      "location-before-char-start": 0,
      "location-before-char-end": 0,
      "location-after-char-start": 0,
      "location-after-char-end": 0,
      "node-str": "final"
    },
    {
      "type": "insert-node",
      "node": {
        "label": "\u003d",
        "type": "Assignment"
      },
      "location-after-char-start": 5410,
      "location-after-char-end": 5503,
      "node-str": "\u003d"
    },
    {
      "type": "update-node",
      "node": {
        "label": "command",
        "type": "LocalVariable"
      },
      "location-before-char-start": 12304,
      "location-before-char-end": 12537,
      "location-after-char-start": 11408,
      "location-after-char-end": 11621,
      "node-str": "keyBindings"
    },
    {
      "type": "move-subtree",
      "node": {
        "label": "keyBindingItr",
        "type": "LocalVariable"
      },
      "location-before-char-start": 12710,
      "location-before-char-end": 12763,
      "location-after-char-start": 11639,
      "location-after-char-end": 11692,
      "node-str": "keyBindingItr"
    },
    {
      "type": "move-subtree",
      "node": {
        "label": "currentState",
        "type": "LocalVariable"
      },
      "location-before-char-start": 12777,
      "location-before-char-end": 12867,
      "location-after-char-start": 11696,
      "location-after-char-end": 11765,
      "node-str": "currentState"
    },
    {
      "type": "move-subtree",
      "node": {
        "label": "prefixSize",
        "type": "LocalVariable"
      },
      "location-before-char-start": 12881,
      "location-before-char-end": 12939,
      "location-after-char-start": 11769,
      "location-after-char-end": 11827,
      "node-str": "prefixSize"
    },
    {
      "type": "insert-node",
      "node": {
        "label": "triggerSequence",
        "type": "LocalVariable"
      },
      "location-after-char-start": 11890,
      "location-after-char-end": 11928,
      "node-str": "triggerSequence"
    },
    {
      "type": "move-subtree",
      "node": {
        "label": "while",
        "type": "While"
      },
      "location-before-char-start": 13022,
      "location-before-char-end": 14317,
      "location-after-char-start": 11932,
      "location-after-char-end": 12768,
      "node-str": "while"
    },
    {
      "type": "insert-node",
      "node": {
        "label": "bindingService",
        "type": "FieldWrite"
      },
      "location-after-char-start": 5410,
      "location-after-char-end": 5428,
      "node-str": "bindingService"
    },
    {
      "type": "insert-node",
      "node": {
        "label": "getService",
        "type": "Invocation"
      },
      "location-after-char-start": 5432,
      "location-after-char-end": 5502,
      "node-str": "getService"
    },
    {
      "type": "update-node",
      "node": {
        "label": "commandManager",
        "type": "FieldWrite"
      },
      "location-before-char-start": 5414,
      "location-before-char-end": 5432,
      "location-after-char-start": 5507,
      "location-after-char-end": 5525,
      "node-str": "commandService"
    },
    {
      "type": "update-node",
      "node": {
        "label": "getCommandSupport",
        "type": "Invocation"
      },
      "location-before-char-start": 5436,
      "location-before-char-end": 5464,
      "location-after-char-start": 5529,
      "location-after-char-end": 5599,
      "node-str": "getService"
    },
    {
      "type": "move-subtree",
      "node": {
        "label": "getCommandSupport",
        "type": "Invocation"
      },
      "location-before-char-start": 5436,
      "location-before-char-end": 5464,
      "location-after-char-start": 5529,
      "location-after-char-end": 5599,
      "node-str": "getService"
    },
    {
      "type": "update-node",
      "node": {
        "label": "org.eclipse.ui.commands.ICommand",
        "type": "VARIABLE_TYPE"
      },
      "location-before-char-start": 0,
      "location-before-char-end": 0,
      "location-after-char-start": 0,
      "location-after-char-end": 0,
      "node-str": "java.util.Collection"
    },
    {
      "type": "update-node",
      "node": {
        "label": "getCommand",
        "type": "Invocation"
      },
      "location-before-char-start": 12456,
      "location-before-char-end": 12536,
      "location-after-char-start": 11542,
      "location-after-char-end": 11620,
      "node-str": "getActiveBindingsFor"
    },
    {
      "type": "update-node",
      "node": {
        "label": "org.eclipse.ui.keys.KeySequence",
        "type": "VARIABLE_TYPE"
      },
      "location-before-char-start": 0,
      "location-before-char-end": 0,
      "location-after-char-start": 0,
      "location-after-char-end": 0,
      "node-str": "org.eclipse.jface.bindings.keys.KeySequence"
    },
    {
      "type": "insert-node",
      "node": {
        "label": "org.eclipse.jface.bindings.TriggerSequence",
        "type": "VARIABLE_TYPE"
      },
      "location-after-char-start": 0,
      "location-after-char-end": 0,
      "node-str": "org.eclipse.jface.bindings.TriggerSequence"
    },
    {
      "type": "move-subtree",
      "node": {
        "label": "null",
        "type": "Literal"
      },
      "location-before-char-start": 12586,
      "location-before-char-end": 12589,
      "location-after-char-start": 11924,
      "location-after-char-end": 11927,
      "node-str": "null"
    },
    {
      "type": "insert-node",
      "node": {
        "label": "this",
        "type": "ThisAccess"
      },
      "location-after-char-start": 5410,
      "location-after-char-end": 5413,
      "node-str": "this"
    },
    {
      "type": "move-subtree",
      "node": {
        "label": "workbench",
        "type": "VariableRead"
      },
      "location-before-char-start": 5436,
      "location-before-char-end": 5444,
      "location-after-char-start": 5450,
      "location-after-char-end": 5458,
      "node-str": "workbench"
    },
    {
      "type": "insert-node",
      "node": {
        "label": "IWorkbenchServices.BINDING",
        "type": "TypeAccess"
      },
      "location-after-char-start": 5476,
      "location-after-char-end": 5501,
      "node-str": "IWorkbenchServices.BINDING"
    },
    {
      "type": "insert-node",
      "node": {
        "label": "workbench",
        "type": "VariableRead"
      },
      "location-after-char-start": 5547,
      "location-after-char-end": 5555,
      "node-str": "workbench"
    },
    {
      "type": "insert-node",
      "node": {
        "label": "IWorkbenchServices.COMMAND",
        "type": "TypeAccess"
      },
      "location-after-char-start": 5573,
      "location-after-char-end": 5598,
      "node-str": "IWorkbenchServices.COMMAND"
    },
    {
      "type": "update-node",
      "node": {
        "label": "commandManager",
        "type": "FieldRead"
      },
      "location-before-char-start": 12456,
      "location-before-char-end": 12469,
      "location-after-char-start": 11542,
      "location-after-char-end": 11555,
      "node-str": "bindingService"
    },
    {
      "type": "update-node",
      "node": {
        "label": "keyBinding",
        "type": "VariableWrite"
      },
      "location-before-char-start": 13072,
      "location-before-char-end": 13081,
      "location-after-char-start": 11969,
      "location-after-char-end": 11983,
      "node-str": "triggerSequence"
    },
    {
      "type": "move-subtree",
      "node": {
        "label": "next",
        "type": "Invocation"
      },
      "location-before-char-start": 13085,
      "location-before-char-end": 13128,
      "location-after-char-start": 11987,
      "location-after-char-end": 12024,
      "node-str": "next"
    },
    {
      "type": "update-node",
      "node": {
        "label": "keyBinding",
        "type": "VariableRead"
      },
      "location-before-char-start": 14341,
      "location-before-char-end": 14350,
      "location-after-char-start": 12776,
      "location-after-char-end": 12790,
      "node-str": "triggerSequence"
    },
    {
      "type": "update-node",
      "node": {
        "label": "org.eclipse.ui.keys.KeySequence",
        "type": "VARIABLE_TYPE"
      },
      "location-before-char-start": 0,
      "location-before-char-end": 0,
      "location-after-char-start": 0,
      "location-after-char-end": 0,
      "node-str": "org.eclipse.jface.bindings.keys.KeySequence"
    },
    {
      "type": "update-node",
      "node": {
        "label": "org.eclipse.ui.commands.ICommand",
        "type": "VARIABLE_TYPE"
      },
      "location-before-char-start": 0,
      "location-before-char-end": 0,
      "location-after-char-start": 0,
      "location-after-char-end": 0,
      "node-str": "org.eclipse.core.commands.Command"
    },
    {
      "type": "update-node",
      "node": {
        "label": "commandManager",
        "type": "FieldRead"
      },
      "location-before-char-start": 24044,
      "location-before-char-end": 24057,
      "location-after-char-start": 21248,
      "location-after-char-end": 21261,
      "node-str": "bindingService"
    },
    {
      "type": "update-node",
      "node": {
        "label": "org.eclipse.ui.commands.ICommand",
        "type": "VARIABLE_TYPE"
      },
      "location-before-char-start": 0,
      "location-before-char-end": 0,
      "location-after-char-start": 0,
      "location-after-char-end": 0,
      "node-str": "org.eclipse.core.commands.Command"
    },
    {
      "type": "insert-node",
      "node": {
        "label": "org.eclipse.ui.internal.keys.KeyAssistDialog",
        "type": "TypeAccess"
      },
      "location-after-char-start": 0,
      "location-after-char-end": 0,
      "node-str": "org.eclipse.ui.internal.keys.KeyAssistDialog"
    },
    {
      "type": "update-node",
      "node": {
        "label": "org.eclipse.ui.commands.ICommand",
        "type": "VARIABLE_TYPE"
      },
      "location-before-char-start": 0,
      "location-before-char-end": 0,
      "location-after-char-start": 0,
      "location-after-char-end": 0,
      "node-str": "org.eclipse.core.commands.Command"
    },
    {
      "type": "update-node",
      "node": {
        "label": "commandManager",
        "type": "FieldRead"
      },
      "location-before-char-start": 25188,
      "location-before-char-end": 25201,
      "location-after-char-start": 22180,
      "location-after-char-end": 22193,
      "node-str": "commandService"
    },
    {
      "type": "update-node",
      "node": {
        "label": "keyBinding",
        "type": "VariableWrite"
      },
      "location-before-char-start": 14150,
      "location-before-char-end": 14159,
      "location-after-char-start": 12661,
      "location-after-char-end": 12675,
      "node-str": "triggerSequence"
    },
    {
      "type": "update-node",
      "node": {
        "label": "keyBinding",
        "type": "VariableRead"
      },
      "location-before-char-start": 15179,
      "location-before-char-end": 15188,
      "location-after-char-start": 13491,
      "location-after-char-end": 13505,
      "node-str": "triggerSequence"
    },
    {
      "type": "update-node",
      "node": {
        "label": "org.eclipse.ui.commands.NotDefinedException",
        "type": "VARIABLE_TYPE"
      },
      "location-before-char-start": 0,
      "location-before-char-end": 0,
      "location-after-char-start": 0,
      "location-after-char-end": 0,
      "node-str": "org.eclipse.core.commands.common.NotDefinedException"
    },
    {
      "type": "update-node",
      "node": {
        "label": "keyBinding",
        "type": "VariableRead"
      },
      "location-before-char-start": 13317,
      "location-before-char-end": 13326,
      "location-after-char-start": 12129,
      "location-after-char-end": 12143,
      "node-str": "triggerSequence"
    },
    {
      "type": "update-node",
      "node": {
        "label": "org.eclipse.ui.commands.CommandException",
        "type": "VARIABLE_TYPE"
      },
      "location-before-char-start": 0,
      "location-before-char-end": 0,
      "location-after-char-start": 0,
      "location-after-char-end": 0,
      "node-str": "org.eclipse.core.commands.common.CommandException"
    },
    {
      "type": "update-node",
      "node": {
        "label": "keyBinding",
        "type": "VariableWrite"
      },
      "location-before-char-start": 13860,
      "location-before-char-end": 13869,
      "location-after-char-start": 12481,
      "location-after-char-end": 12495,
      "node-str": "triggerSequence"
    },
    {
      "type": "update-node",
      "node": {
        "label": "org.eclipse.ui.commands.ICommand",
        "type": "VARIABLE_TYPE"
      },
      "location-before-char-start": 0,
      "location-before-char-end": 0,
      "location-after-char-start": 0,
      "location-after-char-end": 0,
      "node-str": "org.eclipse.core.commands.Command"
    },
    {
      "type": "update-node",
      "node": {
        "label": "org.eclipse.ui.commands.ICommand",
        "type": "VARIABLE_TYPE"
      },
      "location-before-char-start": 0,
      "location-before-char-end": 0,
      "location-after-char-start": 0,
      "location-after-char-end": 0,
      "node-str": "org.eclipse.core.commands.Command"
    },
    {
      "type": "update-node",
      "node": {
        "label": "getKeyStrokes",
        "type": "Invocation"
      },
      "location-before-char-start": 13632,
      "location-before-char-end": 13690,
      "location-after-char-start": 12354,
      "location-after-char-end": 12390,
      "node-str": "getTriggers"
    },
    {
      "type": "update-node",
      "node": {
        "label": "org.eclipse.ui.keys.KeySequence",
        "type": "TypeAccess"
      },
      "location-before-char-start": 13873,
      "location-before-char-end": 13883,
      "location-after-char-start": 12499,
      "location-after-char-end": 12509,
      "node-str": "org.eclipse.jface.bindings.keys.KeySequence"
    },
    {
      "type": "update-node",
      "node": {
        "label": "keyBinding",
        "type": "VariableRead"
      },
      "location-before-char-start": 13632,
      "location-before-char-end": 13641,
      "location-after-char-start": 12354,
      "location-after-char-end": 12368,
      "node-str": "triggerSequence"
    },
    {
      "type": "update-node",
      "node": {
        "label": "org.eclipse.ui.commands.NotDefinedException",
        "type": "VARIABLE_TYPE"
      },
      "location-before-char-start": 0,
      "location-before-char-end": 0,
      "location-after-char-start": 0,
      "location-after-char-end": 0,
      "node-str": "org.eclipse.core.commands.common.NotDefinedException"
    },
    {
      "type": "update-node",
      "node": {
        "label": "java.lang.Error(java.lang.Throwable)",
        "type": "ConstructorCall"
      },
      "location-before-char-start": 24631,
      "location-before-char-end": 24651,
      "location-after-char-start": 21720,
      "location-after-char-end": 21740,
      "node-str": "java.lang.AssertionError(java.lang.Object)"
    },
    {
      "type": "delete-node",
      "node": {
        "label": "org.eclipse.ui.commands.ICommandManager",
        "type": "VARIABLE_TYPE"
      },
      "location-before-char-start": 0,
      "location-before-char-end": 0,
      "node-str": "org.eclipse.ui.commands.ICommandManager"
    },
    {
      "type": "delete-node",
      "node": {
        "label": "commandManager",
        "type": "Field"
      },
      "location-before-char-start": 2883,
      "location-before-char-end": 3000,
      "node-str": "commandManager"
    },
    {
      "type": "delete-node",
      "node": {
        "label": "getCommandManager",
        "type": "Invocation"
      },
      "location-before-char-start": 5436,
      "location-before-char-end": 5484,
      "node-str": "getCommandManager"
    },
    {
      "type": "delete-node",
      "node": {
        "label": "getKeySequence",
        "type": "Invocation"
      },
      "location-before-char-start": 13085,
      "location-before-char-end": 13170,
      "node-str": "getKeySequence"
    },
    {
      "type": "delete-node",
      "node": {
        "label": "org.eclipse.ui.keys.KeySequence",
        "type": "VARIABLE_TYPE"
      },
      "location-before-char-start": 0,
      "location-before-char-end": 0,
      "node-str": "org.eclipse.ui.keys.KeySequence"
    },
    {
      "type": "delete-node",
      "node": {
        "label": "keyBinding",
        "type": "LocalVariable"
      },
      "location-before-char-start": 12561,
      "location-before-char-end": 12590,
      "node-str": "keyBinding"
    },
    {
      "type": "delete-node",
      "node": {
        "label": "command",
        "type": "VariableRead"
      },
      "location-before-char-start": 12604,
      "location-before-char-end": 12610,
      "node-str": "command"
    },
    {
      "type": "delete-node",
      "node": {
        "label": "isDefined",
        "type": "Invocation"
      },
      "location-before-char-start": 12604,
      "location-before-char-end": 12622,
      "node-str": "isDefined"
    },
    {
      "type": "delete-node",
      "node": {
        "label": "java.util.List",
        "type": "VARIABLE_TYPE"
      },
      "location-before-char-start": 0,
      "location-before-char-end": 0,
      "node-str": "java.util.List"
    },
    {
      "type": "delete-node",
      "node": {
        "label": "command",
        "type": "VariableRead"
      },
      "location-before-char-start": 12664,
      "location-before-char-end": 12670,
      "node-str": "command"
    },
    {
      "type": "delete-node",
      "node": {
        "label": "getKeySequenceBindings",
        "type": "Invocation"
      },
      "location-before-char-start": 12664,
      "location-before-char-end": 12695,
      "node-str": "getKeySequenceBindings"
    },
    {
      "type": "delete-node",
      "node": {
        "label": "keyBindings",
        "type": "LocalVariable"
      },
      "location-before-char-start": 12639,
      "location-before-char-end": 12696,
      "node-str": "keyBindings"
    },
    {
      "type": "delete-node",
      "node": {
        "label": "THEN",
        "type": "then"
      },
      "location-before-char-start": 12625,
      "location-before-char-end": 14327,
      "node-str": "THEN"
    },
    {
      "type": "delete-node",
      "node": {
        "label": "if",
        "type": "If"
      },
      "location-before-char-start": 12600,
      "location-before-char-end": 14327,
      "node-str": "if"
    }
  ],
  "before-file": {},
  "after-file": {},
  "mapping": {}
}