{
  "tool-info": {},
  "diff": [
    {
      "type": "insert-node",
      "node": {
        "label": "final",
        "type": "Modifier"
      },
      "location-after-char-start": 0,
      "location-after-char-end": 0,
      "node-str": "final"
    },
    {
      "type": "insert-node",
      "node": {
        "label": "public",
        "type": "Modifier"
      },
      "location-after-char-start": 0,
      "location-after-char-end": 0,
      "node-str": "public"
    },
    {
      "type": "insert-node",
      "node": {
        "label": "instance",
        "type": "Field"
      },
      "location-after-char-start": 6297,
      "location-after-char-end": 6396,
      "node-str": "instance"
    },
    {
      "type": "insert-node",
      "node": {
        "label": "testableObject",
        "type": "Field"
      },
      "location-after-char-start": 6403,
      "location-after-char-end": 6527,
      "node-str": "testableObject"
    },
    {
      "type": "insert-node",
      "node": {
        "label": "display",
        "type": "Field"
      },
      "location-after-char-start": 6534,
      "location-after-char-end": 6668,
      "node-str": "display"
    },
    {
      "type": "insert-node",
      "node": {
        "label": "windowManager",
        "type": "Field"
      },
      "location-after-char-start": 6675,
      "location-after-char-end": 6710,
      "node-str": "windowManager"
    },
    {
      "type": "insert-node",
      "node": {
        "label": "activatedWindow",
        "type": "Field"
      },
      "location-after-char-start": 6717,
      "location-after-char-end": 6756,
      "node-str": "activatedWindow"
    },
    {
      "type": "insert-node",
      "node": {
        "label": "editorHistory",
        "type": "Field"
      },
      "location-after-char-start": 6763,
      "location-after-char-end": 6798,
      "node-str": "editorHistory"
    },
    {
      "type": "insert-node",
      "node": {
        "label": "runEventLoop",
        "type": "Field"
      },
      "location-after-char-start": 6805,
      "location-after-char-end": 6840,
      "node-str": "runEventLoop"
    },
    {
      "type": "insert-node",
      "node": {
        "label": "isStarting",
        "type": "Field"
      },
      "location-after-char-start": 6847,
      "location-after-char-end": 6880,
      "node-str": "isStarting"
    },
    {
      "type": "insert-node",
      "node": {
        "label": "isClosing",
        "type": "Field"
      },
      "location-after-char-start": 6887,
      "location-after-char-end": 6920,
      "node-str": "isClosing"
    },
    {
      "type": "insert-node",
      "node": {
        "label": "returnCode",
        "type": "Field"
      },
      "location-after-char-start": 6927,
      "location-after-char-end": 7042,
      "node-str": "returnCode"
    },
    {
      "type": "insert-node",
      "node": {
        "label": "windowListeners",
        "type": "Field"
      },
      "location-after-char-start": 7049,
      "location-after-char-end": 7106,
      "node-str": "windowListeners"
    },
    {
      "type": "insert-node",
      "node": {
        "label": "advisor",
        "type": "Field"
      },
      "location-after-char-start": 7113,
      "location-after-char-end": 7290,
      "node-str": "advisor"
    },
    {
      "type": "insert-node",
      "node": {
        "label": "workbenchConfigurer",
        "type": "Field"
      },
      "location-after-char-start": 7297,
      "location-after-char-end": 7506,
      "node-str": "workbenchConfigurer"
    },
    {
      "type": "insert-node",
      "node": {
        "label": "extensionEventHandler",
        "type": "Field"
      },
      "location-after-char-start": 7513,
      "location-after-char-end": 7668,
      "node-str": "extensionEventHandler"
    },
    {
      "type": "insert-node",
      "node": {
        "label": "largeUpdates",
        "type": "Field"
      },
      "location-after-char-start": 7675,
      "location-after-char-end": 8159,
      "node-str": "largeUpdates"
    },
    {
      "type": "insert-node",
      "node": {
        "label": "initializeColors",
        "type": "Method"
      },
      "location-after-char-start": 38283,
      "location-after-char-end": 38502,
      "node-str": "initializeColors"
    },
    {
      "type": "insert-node",
      "node": {
        "label": "workbenchActivitySupport",
        "type": "Field"
      },
      "location-after-char-start": 74352,
      "location-after-char-end": 74409,
      "node-str": "workbenchActivitySupport"
    },
    {
      "type": "insert-node",
      "node": {
        "label": "workbenchCommandSupport",
        "type": "Field"
      },
      "location-after-char-start": 74416,
      "location-after-char-end": 74471,
      "node-str": "workbenchCommandSupport"
    },
    {
      "type": "insert-node",
      "node": {
        "label": "workbenchContextSupport",
        "type": "Field"
      },
      "location-after-char-start": 74478,
      "location-after-char-end": 74533,
      "node-str": "workbenchContextSupport"
    },
    {
      "type": "insert-node",
      "node": {
        "label": "activityHelper",
        "type": "Field"
      },
      "location-after-char-start": 76925,
      "location-after-char-end": 76973,
      "node-str": "activityHelper"
    },
    {
      "type": "insert-node",
      "node": {
        "label": "introManager",
        "type": "Field"
      },
      "location-after-char-start": 77434,
      "location-after-char-end": 77476,
      "node-str": "introManager"
    },
    {
      "type": "insert-node",
      "node": {
        "label": "introDescriptor",
        "type": "Field"
      },
      "location-after-char-start": 78068,
      "location-after-char-end": 78230,
      "node-str": "introDescriptor"
    },
    {
      "type": "insert-node",
      "node": {
        "label": "tracker",
        "type": "Field"
      },
      "location-after-char-start": 78233,
      "location-after-char-end": 78313,
      "node-str": "tracker"
    },
    {
      "type": "insert-node",
      "node": {
        "label": "org.eclipse.ui.internal.Workbench",
        "type": "VARIABLE_TYPE"
      },
      "location-after-char-start": 0,
      "location-after-char-end": 0,
      "node-str": "org.eclipse.ui.internal.Workbench"
    },
    {
      "type": "insert-node",
      "node": {
        "label": "static",
        "type": "Modifier"
      },
      "location-after-char-start": 0,
      "location-after-char-end": 0,
      "node-str": "static"
    },
    {
      "type": "insert-node",
      "node": {
        "label": "org.eclipse.ui.internal.testing.WorkbenchTestable",
        "type": "VARIABLE_TYPE"
      },
      "location-after-char-start": 0,
      "location-after-char-end": 0,
      "node-str": "org.eclipse.ui.internal.testing.WorkbenchTestable"
    },
    {
      "type": "insert-node",
      "node": {
        "label": "static",
        "type": "Modifier"
      },
      "location-after-char-start": 0,
      "location-after-char-end": 0,
      "node-str": "static"
    },
    {
      "type": "insert-node",
      "node": {
        "label": "org.eclipse.swt.widgets.Display",
        "type": "VARIABLE_TYPE"
      },
      "location-after-char-start": 0,
      "location-after-char-end": 0,
      "node-str": "org.eclipse.swt.widgets.Display"
    },
    {
      "type": "insert-node",
      "node": {
        "label": "org.eclipse.jface.window.WindowManager",
        "type": "VARIABLE_TYPE"
      },
      "location-after-char-start": 0,
      "location-after-char-end": 0,
      "node-str": "org.eclipse.jface.window.WindowManager"
    },
    {
      "type": "insert-node",
      "node": {
        "label": "org.eclipse.ui.internal.WorkbenchWindow",
        "type": "VARIABLE_TYPE"
      },
      "location-after-char-start": 0,
      "location-after-char-end": 0,
      "node-str": "org.eclipse.ui.internal.WorkbenchWindow"
    },
    {
      "type": "insert-node",
      "node": {
        "label": "org.eclipse.ui.internal.EditorHistory",
        "type": "VARIABLE_TYPE"
      },
      "location-after-char-start": 0,
      "location-after-char-end": 0,
      "node-str": "org.eclipse.ui.internal.EditorHistory"
    },
    {
      "type": "insert-node",
      "node": {
        "label": "boolean",
        "type": "VARIABLE_TYPE"
      },
      "location-after-char-start": 0,
      "location-after-char-end": 0,
      "node-str": "boolean"
    },
    {
      "type": "insert-node",
      "node": {
        "label": "true",
        "type": "Literal"
      },
      "location-after-char-start": 6836,
      "location-after-char-end": 6839,
      "node-str": "true"
    },
    {
      "type": "insert-node",
      "node": {
        "label": "boolean",
        "type": "VARIABLE_TYPE"
      },
      "location-after-char-start": 0,
      "location-after-char-end": 0,
      "node-str": "boolean"
    },
    {
      "type": "insert-node",
      "node": {
        "label": "true",
        "type": "Literal"
      },
      "location-after-char-start": 6876,
      "location-after-char-end": 6879,
      "node-str": "true"
    },
    {
      "type": "insert-node",
      "node": {
        "label": "boolean",
        "type": "VARIABLE_TYPE"
      },
      "location-after-char-start": 0,
      "location-after-char-end": 0,
      "node-str": "boolean"
    },
    {
      "type": "insert-node",
      "node": {
        "label": "false",
        "type": "Literal"
      },
      "location-after-char-start": 6915,
      "location-after-char-end": 6919,
      "node-str": "false"
    },
    {
      "type": "insert-node",
      "node": {
        "label": "int",
        "type": "VARIABLE_TYPE"
      },
      "location-after-char-start": 0,
      "location-after-char-end": 0,
      "node-str": "int"
    },
    {
      "type": "insert-node",
      "node": {
        "label": "org.eclipse.jface.util.ListenerList",
        "type": "VARIABLE_TYPE"
      },
      "location-after-char-start": 0,
      "location-after-char-end": 0,
      "node-str": "org.eclipse.jface.util.ListenerList"
    },
    {
      "type": "insert-node",
      "node": {
        "label": "org.eclipse.jface.util.ListenerList()",
        "type": "ConstructorCall"
      },
      "location-after-char-start": 7088,
      "location-after-char-end": 7105,
      "node-str": "org.eclipse.jface.util.ListenerList()"
    },
    {
      "type": "insert-node",
      "node": {
        "label": "org.eclipse.ui.application.WorkbenchAdvisor",
        "type": "VARIABLE_TYPE"
      },
      "location-after-char-start": 0,
      "location-after-char-end": 0,
      "node-str": "org.eclipse.ui.application.WorkbenchAdvisor"
    },
    {
      "type": "insert-node",
      "node": {
        "label": "org.eclipse.ui.internal.WorkbenchConfigurer",
        "type": "VARIABLE_TYPE"
      },
      "location-after-char-start": 0,
      "location-after-char-end": 0,
      "node-str": "org.eclipse.ui.internal.WorkbenchConfigurer"
    },
    {
      "type": "insert-node",
      "node": {
        "label": "org.eclipse.ui.internal.ExtensionEventHandler",
        "type": "VARIABLE_TYPE"
      },
      "location-after-char-start": 0,
      "location-after-char-end": 0,
      "node-str": "org.eclipse.ui.internal.ExtensionEventHandler"
    },
    {
      "type": "insert-node",
      "node": {
        "label": "int",
        "type": "VARIABLE_TYPE"
      },
      "location-after-char-start": 0,
      "location-after-char-end": 0,
      "node-str": "int"
    },
    {
      "type": "insert-node",
      "node": {
        "label": "0",
        "type": "Literal"
      },
      "location-after-char-start": 8158,
      "location-after-char-end": 8158,
      "node-str": "0"
    },
    {
      "type": "insert-node",
      "node": {
        "label": "void",
        "type": "RETURN_TYPE"
      },
      "location-after-char-start": 0,
      "location-after-char-end": 0,
      "node-str": "void"
    },
    {
      "type": "insert-node",
      "node": {
        "label": "startup",
        "type": "Invocation"
      },
      "location-after-char-start": 38471,
      "location-after-char-end": 38496,
      "node-str": "startup"
    },
    {
      "type": "insert-node",
      "node": {
        "label": "org.eclipse.ui.IWorkbenchPage",
        "type": "RETURN_TYPE"
      },
      "location-after-char-start": 0,
      "location-after-char-end": 0,
      "node-str": "org.eclipse.ui.IWorkbenchPage"
    },
    {
      "type": "insert-node",
      "node": {
        "label": "org.eclipse.ui.WorkbenchException",
        "type": "THROWS"
      },
      "location-after-char-start": 0,
      "location-after-char-end": 0,
      "node-str": "org.eclipse.ui.WorkbenchException"
    },
    {
      "type": "insert-node",
      "node": {
        "label": "public",
        "type": "Modifier"
      },
      "location-after-char-start": 0,
      "location-after-char-end": 0,
      "node-str": "public"
    },
    {
      "type": "insert-node",
      "node": {
        "label": "perspectiveId",
        "type": "Parameter"
      },
      "location-after-char-start": 60488,
      "location-after-char-end": 60507,
      "node-str": "perspectiveId"
    },
    {
      "type": "insert-node",
      "node": {
        "label": "window",
        "type": "Parameter"
      },
      "location-after-char-start": 60522,
      "location-after-char-end": 60544,
      "node-str": "window"
    },
    {
      "type": "insert-node",
      "node": {
        "label": "isNotNull",
        "type": "Invocation"
      },
      "location-after-char-start": 60583,
      "location-after-char-end": 60614,
      "node-str": "isNotNull"
    },
    {
      "type": "insert-node",
      "node": {
        "label": "win",
        "type": "LocalVariable"
      },
      "location-after-char-start": 60819,
      "location-after-char-end": 60865,
      "node-str": "win"
    },
    {
      "type": "insert-node",
      "node": {
        "label": "input",
        "type": "LocalVariable"
      },
      "location-after-char-start": 61668,
      "location-after-char-end": 61708,
      "node-str": "input"
    },
    {
      "type": "insert-node",
      "node": {
        "label": "windows",
        "type": "LocalVariable"
      },
      "location-after-char-start": 61718,
      "location-after-char-end": 61768,
      "node-str": "windows"
    },
    {
      "type": "insert-node",
      "node": {
        "label": "\u003d",
        "type": "Assignment"
      },
      "location-after-char-start": 63039,
      "location-after-char-end": 63069,
      "node-str": "\u003d"
    },
    {
      "type": "insert-node",
      "node": {
        "label": "org.eclipse.ui.IWorkbenchPage",
        "type": "RETURN_TYPE"
      },
      "location-after-char-start": 0,
      "location-after-char-end": 0,
      "node-str": "org.eclipse.ui.IWorkbenchPage"
    },
    {
      "type": "insert-node",
      "node": {
        "label": "org.eclipse.ui.WorkbenchException",
        "type": "THROWS"
      },
      "location-after-char-start": 0,
      "location-after-char-end": 0,
      "node-str": "org.eclipse.ui.WorkbenchException"
    },
    {
      "type": "insert-node",
      "node": {
        "label": "public",
        "type": "Modifier"
      },
      "location-after-char-start": 0,
      "location-after-char-end": 0,
      "node-str": "public"
    },
    {
      "type": "insert-node",
      "node": {
        "label": "perspectiveId",
        "type": "Parameter"
      },
      "location-after-char-start": 64860,
      "location-after-char-end": 64879,
      "node-str": "perspectiveId"
    },
    {
      "type": "insert-node",
      "node": {
        "label": "window",
        "type": "Parameter"
      },
      "location-after-char-start": 64894,
      "location-after-char-end": 64916,
      "node-str": "window"
    },
    {
      "type": "insert-node",
      "node": {
        "label": "input",
        "type": "Parameter"
      },
      "location-after-char-start": 64919,
      "location-after-char-end": 64934,
      "node-str": "input"
    },
    {
      "type": "insert-node",
      "node": {
        "label": "isNotNull",
        "type": "Invocation"
      },
      "location-after-char-start": 64985,
      "location-after-char-end": 65016,
      "node-str": "isNotNull"
    },
    {
      "type": "insert-node",
      "node": {
        "label": "inputSameAsWindow",
        "type": "LocalVariable"
      },
      "location-after-char-start": 65210,
      "location-after-char-end": 65243,
      "node-str": "inputSameAsWindow"
    },
    {
      "type": "insert-node",
      "node": {
        "label": "win",
        "type": "LocalVariable"
      },
      "location-after-char-start": 65253,
      "location-after-char-end": 65299,
      "node-str": "win"
    },
    {
      "type": "insert-node",
      "node": {
        "label": "windows",
        "type": "LocalVariable"
      },
      "location-after-char-start": 66437,
      "location-after-char-end": 66487,
      "node-str": "windows"
    },
    {
      "type": "insert-node",
      "node": {
        "label": "\u003d",
        "type": "Assignment"
      },
      "location-after-char-start": 67651,
      "location-after-char-end": 67681,
      "node-str": "\u003d"
    },
    {
      "type": "insert-node",
      "node": {
        "label": "return",
        "type": "Return"
      },
      "location-after-char-start": 69920,
      "location-after-char-end": 69952,
      "node-str": "return"
    },
    {
      "type": "insert-node",
      "node": {
        "label": "org.eclipse.ui.internal.activities.ws.WorkbenchActivitySupport",
        "type": "VARIABLE_TYPE"
      },
      "location-after-char-start": 0,
      "location-after-char-end": 0,
      "node-str": "org.eclipse.ui.internal.activities.ws.WorkbenchActivitySupport"
    },
    {
      "type": "insert-node",
      "node": {
        "label": "org.eclipse.ui.internal.commands.ws.WorkbenchCommandSupport",
        "type": "VARIABLE_TYPE"
      },
      "location-after-char-start": 0,
      "location-after-char-end": 0,
      "node-str": "org.eclipse.ui.internal.commands.ws.WorkbenchCommandSupport"
    },
    {
      "type": "insert-node",
      "node": {
        "label": "org.eclipse.ui.internal.contexts.ws.WorkbenchContextSupport",
        "type": "VARIABLE_TYPE"
      },
      "location-after-char-start": 0,
      "location-after-char-end": 0,
      "node-str": "org.eclipse.ui.internal.contexts.ws.WorkbenchContextSupport"
    },
    {
      "type": "insert-node",
      "node": {
        "label": "org.eclipse.ui.internal.ActivityPersistanceHelper",
        "type": "VARIABLE_TYPE"
      },
      "location-after-char-start": 0,
      "location-after-char-end": 0,
      "node-str": "org.eclipse.ui.internal.ActivityPersistanceHelper"
    },
    {
      "type": "insert-node",
      "node": {
        "label": "org.eclipse.ui.internal.WorkbenchIntroManager",
        "type": "VARIABLE_TYPE"
      },
      "location-after-char-start": 0,
      "location-after-char-end": 0,
      "node-str": "org.eclipse.ui.internal.WorkbenchIntroManager"
    },
    {
      "type": "insert-node",
      "node": {
        "label": "org.eclipse.ui.internal.intro.IntroDescriptor",
        "type": "VARIABLE_TYPE"
      },
      "location-after-char-start": 0,
      "location-after-char-end": 0,
      "node-str": "org.eclipse.ui.internal.intro.IntroDescriptor"
    },
    {
      "type": "insert-node",
      "node": {
        "label": "org.eclipse.ui.internal.registry.experimental.IConfigurationElementTracker",
        "type": "VARIABLE_TYPE"
      },
      "location-after-char-start": 0,
      "location-after-char-end": 0,
      "node-str": "org.eclipse.ui.internal.registry.experimental.IConfigurationElementTracker"
    },
    {
      "type": "insert-node",
      "node": {
        "label": "org.eclipse.ui.internal.registry.experimental.ConfigurationElementTracker()",
        "type": "ConstructorCall"
      },
      "location-after-char-start": 78280,
      "location-after-char-end": 78312,
      "node-str": "org.eclipse.ui.internal.registry.experimental.ConfigurationElementTracker()"
    },
    {
      "type": "insert-node",
      "node": {
        "label": "org.eclipse.ui.internal.WorkbenchColors",
        "type": "TypeAccess"
      },
      "location-after-char-start": 38471,
      "location-after-char-end": 38485,
      "node-str": "org.eclipse.ui.internal.WorkbenchColors"
    },
    {
      "type": "insert-node",
      "node": {
        "label": "java.lang.String",
        "type": "VARIABLE_TYPE"
      },
      "location-after-char-start": 0,
      "location-after-char-end": 0,
      "node-str": "java.lang.String"
    },
    {
      "type": "insert-node",
      "node": {
        "label": "org.eclipse.ui.IWorkbenchWindow",
        "type": "VARIABLE_TYPE"
      },
      "location-after-char-start": 0,
      "location-after-char-end": 0,
      "node-str": "org.eclipse.ui.IWorkbenchWindow"
    },
    {
      "type": "insert-node",
      "node": {
        "label": "org.eclipse.ui.internal.misc.Assert",
        "type": "TypeAccess"
      },
      "location-after-char-start": 60583,
      "location-after-char-end": 60588,
      "node-str": "org.eclipse.ui.internal.misc.Assert"
    },
    {
      "type": "insert-node",
      "node": {
        "label": "perspectiveId",
        "type": "VariableRead"
      },
      "location-after-char-start": 60600,
      "location-after-char-end": 60612,
      "node-str": "perspectiveId"
    },
    {
      "type": "insert-node",
      "node": {
        "label": "org.eclipse.ui.internal.WorkbenchWindow",
        "type": "VARIABLE_TYPE"
      },
      "location-after-char-start": 0,
      "location-after-char-end": 0,
      "node-str": "org.eclipse.ui.internal.WorkbenchWindow"
    },
    {
      "type": "insert-node",
      "node": {
        "label": "window",
        "type": "VariableRead"
      },
      "location-after-char-start": 60841,
      "location-after-char-end": 60864,
      "node-str": "window"
    },
    {
      "type": "insert-node",
      "node": {
        "label": "org.eclipse.core.runtime.IAdaptable",
        "type": "VARIABLE_TYPE"
      },
      "location-after-char-start": 0,
      "location-after-char-end": 0,
      "node-str": "org.eclipse.core.runtime.IAdaptable"
    },
    {
      "type": "insert-node",
      "node": {
        "label": "getDefaultPageInput",
        "type": "Invocation"
      },
      "location-after-char-start": 61687,
      "location-after-char-end": 61707,
      "node-str": "getDefaultPageInput"
    },
    {
      "type": "insert-node",
      "node": {
        "label": "org.eclipse.ui.IWorkbenchWindow[]",
        "type": "VARIABLE_TYPE"
      },
      "location-after-char-start": 0,
      "location-after-char-end": 0,
      "node-str": "org.eclipse.ui.IWorkbenchWindow[]"
    },
    {
      "type": "insert-node",
      "node": {
        "label": "getWorkbenchWindows",
        "type": "Invocation"
      },
      "location-after-char-start": 61747,
      "location-after-char-end": 61767,
      "node-str": "getWorkbenchWindows"
    },
    {
      "type": "insert-node",
      "node": {
        "label": "win",
        "type": "VariableWrite"
      },
      "location-after-char-start": 63039,
      "location-after-char-end": 63041,
      "node-str": "win"
    },
    {
      "type": "insert-node",
      "node": {
        "label": "window",
        "type": "VariableRead"
      },
      "location-after-char-start": 63045,
      "location-after-char-end": 63068,
      "node-str": "window"
    },
    {
      "type": "insert-node",
      "node": {
        "label": "java.lang.String",
        "type": "VARIABLE_TYPE"
      },
      "location-after-char-start": 0,
      "location-after-char-end": 0,
      "node-str": "java.lang.String"
    },
    {
      "type": "insert-node",
      "node": {
        "label": "org.eclipse.ui.IWorkbenchWindow",
        "type": "VARIABLE_TYPE"
      },
      "location-after-char-start": 0,
      "location-after-char-end": 0,
      "node-str": "org.eclipse.ui.IWorkbenchWindow"
    },
    {
      "type": "insert-node",
      "node": {
        "label": "org.eclipse.core.runtime.IAdaptable",
        "type": "VARIABLE_TYPE"
      },
      "location-after-char-start": 0,
      "location-after-char-end": 0,
      "node-str": "org.eclipse.core.runtime.IAdaptable"
    },
    {
      "type": "insert-node",
      "node": {
        "label": "org.eclipse.ui.internal.misc.Assert",
        "type": "TypeAccess"
      },
      "location-after-char-start": 64985,
      "location-after-char-end": 64990,
      "node-str": "org.eclipse.ui.internal.misc.Assert"
    },
    {
      "type": "insert-node",
      "node": {
        "label": "perspectiveId",
        "type": "VariableRead"
      },
      "location-after-char-start": 65002,
      "location-after-char-end": 65014,
      "node-str": "perspectiveId"
    },
    {
      "type": "insert-node",
      "node": {
        "label": "boolean",
        "type": "VARIABLE_TYPE"
      },
      "location-after-char-start": 0,
      "location-after-char-end": 0,
      "node-str": "boolean"
    },
    {
      "type": "insert-node",
      "node": {
        "label": "false",
        "type": "Literal"
      },
      "location-after-char-start": 65238,
      "location-after-char-end": 65242,
      "node-str": "false"
    },
    {
      "type": "insert-node",
      "node": {
        "label": "org.eclipse.ui.internal.WorkbenchWindow",
        "type": "VARIABLE_TYPE"
      },
      "location-after-char-start": 0,
      "location-after-char-end": 0,
      "node-str": "org.eclipse.ui.internal.WorkbenchWindow"
    },
    {
      "type": "insert-node",
      "node": {
        "label": "window",
        "type": "VariableRead"
      },
      "location-after-char-start": 65275,
      "location-after-char-end": 65298,
      "node-str": "window"
    },
    {
      "type": "insert-node",
      "node": {
        "label": "org.eclipse.ui.IWorkbenchWindow[]",
        "type": "VARIABLE_TYPE"
      },
      "location-after-char-start": 0,
      "location-after-char-end": 0,
      "node-str": "org.eclipse.ui.IWorkbenchWindow[]"
    },
    {
      "type": "insert-node",
      "node": {
        "label": "getWorkbenchWindows",
        "type": "Invocation"
      },
      "location-after-char-start": 66466,
      "location-after-char-end": 66486,
      "node-str": "getWorkbenchWindows"
    },
    {
      "type": "insert-node",
      "node": {
        "label": "win",
        "type": "VariableWrite"
      },
      "location-after-char-start": 67651,
      "location-after-char-end": 67653,
      "node-str": "win"
    },
    {
      "type": "insert-node",
      "node": {
        "label": "window",
        "type": "VariableRead"
      },
      "location-after-char-start": 67657,
      "location-after-char-end": 67680,
      "node-str": "window"
    },
    {
      "type": "insert-node",
      "node": {
        "label": "getActivePage",
        "type": "Invocation"
      },
      "location-after-char-start": 69927,
      "location-after-char-end": 69951,
      "node-str": "getActivePage"
    },
    {
      "type": "insert-node",
      "node": {
        "label": "org.eclipse.ui.internal.Workbench",
        "type": "TypeAccess"
      },
      "location-after-char-start": 0,
      "location-after-char-end": 0,
      "node-str": "org.eclipse.ui.internal.Workbench"
    },
    {
      "type": "insert-node",
      "node": {
        "label": "org.eclipse.ui.internal.Workbench",
        "type": "TypeAccess"
      },
      "location-after-char-start": 0,
      "location-after-char-end": 0,
      "node-str": "org.eclipse.ui.internal.Workbench"
    },
    {
      "type": "insert-node",
      "node": {
        "label": "org.eclipse.ui.internal.Workbench",
        "type": "TypeAccess"
      },
      "location-after-char-start": 0,
      "location-after-char-end": 0,
      "node-str": "org.eclipse.ui.internal.Workbench"
    },
    {
      "type": "insert-node",
      "node": {
        "label": "newWindow",
        "type": "VariableRead"
      },
      "location-after-char-start": 69927,
      "location-after-char-end": 69935,
      "node-str": "newWindow"
    },
    {
      "type": "update-node",
      "node": {
        "label": "getOpenedPerspectives",
        "type": "Invocation"
      },
      "location-before-char-start": 61045,
      "location-before-char-end": 61097,
      "location-after-char-start": 61045,
      "location-after-char-end": 61095,
      "node-str": "getOpenPerspectives"
    },
    {
      "type": "update-node",
      "node": {
        "label": "getOpenedPerspectives",
        "type": "Invocation"
      },
      "location-before-char-start": 65785,
      "location-before-char-end": 65841,
      "location-after-char-start": 65783,
      "location-after-char-end": 65837,
      "node-str": "getOpenPerspectives"
    },
    {
      "type": "delete-node",
      "node": {
        "label": "final",
        "type": "Modifier"
      },
      "location-before-char-start": 0,
      "location-before-char-end": 0,
      "node-str": "final"
    },
    {
      "type": "delete-node",
      "node": {
        "label": "public",
        "type": "Modifier"
      },
      "location-before-char-start": 0,
      "location-before-char-end": 0,
      "node-str": "public"
    },
    {
      "type": "delete-node",
      "node": {
        "label": "org.eclipse.ui.internal.Workbench",
        "type": "VARIABLE_TYPE"
      },
      "location-before-char-start": 0,
      "location-before-char-end": 0,
      "node-str": "org.eclipse.ui.internal.Workbench"
    },
    {
      "type": "delete-node",
      "node": {
        "label": "static",
        "type": "Modifier"
      },
      "location-before-char-start": 0,
      "location-before-char-end": 0,
      "node-str": "static"
    },
    {
      "type": "delete-node",
      "node": {
        "label": "instance",
        "type": "Field"
      },
      "location-before-char-start": 6297,
      "location-before-char-end": 6396,
      "node-str": "instance"
    },
    {
      "type": "delete-node",
      "node": {
        "label": "org.eclipse.ui.internal.testing.WorkbenchTestable",
        "type": "VARIABLE_TYPE"
      },
      "location-before-char-start": 0,
      "location-before-char-end": 0,
      "node-str": "org.eclipse.ui.internal.testing.WorkbenchTestable"
    },
    {
      "type": "delete-node",
      "node": {
        "label": "static",
        "type": "Modifier"
      },
      "location-before-char-start": 0,
      "location-before-char-end": 0,
      "node-str": "static"
    },
    {
      "type": "delete-node",
      "node": {
        "label": "testableObject",
        "type": "Field"
      },
      "location-before-char-start": 6403,
      "location-before-char-end": 6527,
      "node-str": "testableObject"
    },
    {
      "type": "delete-node",
      "node": {
        "label": "org.eclipse.swt.widgets.Display",
        "type": "VARIABLE_TYPE"
      },
      "location-before-char-start": 0,
      "location-before-char-end": 0,
      "node-str": "org.eclipse.swt.widgets.Display"
    },
    {
      "type": "delete-node",
      "node": {
        "label": "display",
        "type": "Field"
      },
      "location-before-char-start": 6534,
      "location-before-char-end": 6668,
      "node-str": "display"
    },
    {
      "type": "delete-node",
      "node": {
        "label": "org.eclipse.jface.window.WindowManager",
        "type": "VARIABLE_TYPE"
      },
      "location-before-char-start": 0,
      "location-before-char-end": 0,
      "node-str": "org.eclipse.jface.window.WindowManager"
    },
    {
      "type": "delete-node",
      "node": {
        "label": "windowManager",
        "type": "Field"
      },
      "location-before-char-start": 6675,
      "location-before-char-end": 6710,
      "node-str": "windowManager"
    },
    {
      "type": "delete-node",
      "node": {
        "label": "org.eclipse.ui.internal.WorkbenchWindow",
        "type": "VARIABLE_TYPE"
      },
      "location-before-char-start": 0,
      "location-before-char-end": 0,
      "node-str": "org.eclipse.ui.internal.WorkbenchWindow"
    },
    {
      "type": "delete-node",
      "node": {
        "label": "activatedWindow",
        "type": "Field"
      },
      "location-before-char-start": 6717,
      "location-before-char-end": 6756,
      "node-str": "activatedWindow"
    },
    {
      "type": "delete-node",
      "node": {
        "label": "org.eclipse.ui.internal.EditorHistory",
        "type": "VARIABLE_TYPE"
      },
      "location-before-char-start": 0,
      "location-before-char-end": 0,
      "node-str": "org.eclipse.ui.internal.EditorHistory"
    },
    {
      "type": "delete-node",
      "node": {
        "label": "editorHistory",
        "type": "Field"
      },
      "location-before-char-start": 6763,
      "location-before-char-end": 6798,
      "node-str": "editorHistory"
    },
    {
      "type": "delete-node",
      "node": {
        "label": "boolean",
        "type": "VARIABLE_TYPE"
      },
      "location-before-char-start": 0,
      "location-before-char-end": 0,
      "node-str": "boolean"
    },
    {
      "type": "delete-node",
      "node": {
        "label": "true",
        "type": "Literal"
      },
      "location-before-char-start": 6836,
      "location-before-char-end": 6839,
      "node-str": "true"
    },
    {
      "type": "delete-node",
      "node": {
        "label": "runEventLoop",
        "type": "Field"
      },
      "location-before-char-start": 6805,
      "location-before-char-end": 6840,
      "node-str": "runEventLoop"
    },
    {
      "type": "delete-node",
      "node": {
        "label": "boolean",
        "type": "VARIABLE_TYPE"
      },
      "location-before-char-start": 0,
      "location-before-char-end": 0,
      "node-str": "boolean"
    },
    {
      "type": "delete-node",
      "node": {
        "label": "true",
        "type": "Literal"
      },
      "location-before-char-start": 6876,
      "location-before-char-end": 6879,
      "node-str": "true"
    },
    {
      "type": "delete-node",
      "node": {
        "label": "isStarting",
        "type": "Field"
      },
      "location-before-char-start": 6847,
      "location-before-char-end": 6880,
      "node-str": "isStarting"
    },
    {
      "type": "delete-node",
      "node": {
        "label": "boolean",
        "type": "VARIABLE_TYPE"
      },
      "location-before-char-start": 0,
      "location-before-char-end": 0,
      "node-str": "boolean"
    },
    {
      "type": "delete-node",
      "node": {
        "label": "false",
        "type": "Literal"
      },
      "location-before-char-start": 6915,
      "location-before-char-end": 6919,
      "node-str": "false"
    },
    {
      "type": "delete-node",
      "node": {
        "label": "isClosing",
        "type": "Field"
      },
      "location-before-char-start": 6887,
      "location-before-char-end": 6920,
      "node-str": "isClosing"
    },
    {
      "type": "delete-node",
      "node": {
        "label": "int",
        "type": "VARIABLE_TYPE"
      },
      "location-before-char-start": 0,
      "location-before-char-end": 0,
      "node-str": "int"
    },
    {
      "type": "delete-node",
      "node": {
        "label": "returnCode",
        "type": "Field"
      },
      "location-before-char-start": 6927,
      "location-before-char-end": 7042,
      "node-str": "returnCode"
    },
    {
      "type": "delete-node",
      "node": {
        "label": "org.eclipse.jface.util.ListenerList",
        "type": "VARIABLE_TYPE"
      },
      "location-before-char-start": 0,
      "location-before-char-end": 0,
      "node-str": "org.eclipse.jface.util.ListenerList"
    },
    {
      "type": "delete-node",
      "node": {
        "label": "org.eclipse.jface.util.ListenerList()",
        "type": "ConstructorCall"
      },
      "location-before-char-start": 7088,
      "location-before-char-end": 7105,
      "node-str": "org.eclipse.jface.util.ListenerList()"
    },
    {
      "type": "delete-node",
      "node": {
        "label": "windowListeners",
        "type": "Field"
      },
      "location-before-char-start": 7049,
      "location-before-char-end": 7106,
      "node-str": "windowListeners"
    },
    {
      "type": "delete-node",
      "node": {
        "label": "org.eclipse.ui.application.WorkbenchAdvisor",
        "type": "VARIABLE_TYPE"
      },
      "location-before-char-start": 0,
      "location-before-char-end": 0,
      "node-str": "org.eclipse.ui.application.WorkbenchAdvisor"
    },
    {
      "type": "delete-node",
      "node": {
        "label": "advisor",
        "type": "Field"
      },
      "location-before-char-start": 7113,
      "location-before-char-end": 7290,
      "node-str": "advisor"
    },
    {
      "type": "delete-node",
      "node": {
        "label": "org.eclipse.ui.internal.WorkbenchConfigurer",
        "type": "VARIABLE_TYPE"
      },
      "location-before-char-start": 0,
      "location-before-char-end": 0,
      "node-str": "org.eclipse.ui.internal.WorkbenchConfigurer"
    },
    {
      "type": "delete-node",
      "node": {
        "label": "workbenchConfigurer",
        "type": "Field"
      },
      "location-before-char-start": 7297,
      "location-before-char-end": 7506,
      "node-str": "workbenchConfigurer"
    },
    {
      "type": "delete-node",
      "node": {
        "label": "org.eclipse.ui.internal.ExtensionEventHandler",
        "type": "VARIABLE_TYPE"
      },
      "location-before-char-start": 0,
      "location-before-char-end": 0,
      "node-str": "org.eclipse.ui.internal.ExtensionEventHandler"
    },
    {
      "type": "delete-node",
      "node": {
        "label": "extensionEventHandler",
        "type": "Field"
      },
      "location-before-char-start": 7513,
      "location-before-char-end": 7668,
      "node-str": "extensionEventHandler"
    },
    {
      "type": "delete-node",
      "node": {
        "label": "int",
        "type": "VARIABLE_TYPE"
      },
      "location-before-char-start": 0,
      "location-before-char-end": 0,
      "node-str": "int"
    },
    {
      "type": "delete-node",
      "node": {
        "label": "0",
        "type": "Literal"
      },
      "location-before-char-start": 8158,
      "location-before-char-end": 8158,
      "node-str": "0"
    },
    {
      "type": "delete-node",
      "node": {
        "label": "largeUpdates",
        "type": "Field"
      },
      "location-before-char-start": 7675,
      "location-before-char-end": 8159,
      "node-str": "largeUpdates"
    },
    {
      "type": "delete-node",
      "node": {
        "label": "void",
        "type": "RETURN_TYPE"
      },
      "location-before-char-start": 0,
      "location-before-char-end": 0,
      "node-str": "void"
    },
    {
      "type": "delete-node",
      "node": {
        "label": "org.eclipse.ui.internal.WorkbenchColors",
        "type": "TypeAccess"
      },
      "location-before-char-start": 38471,
      "location-before-char-end": 38485,
      "node-str": "org.eclipse.ui.internal.WorkbenchColors"
    },
    {
      "type": "delete-node",
      "node": {
        "label": "startup",
        "type": "Invocation"
      },
      "location-before-char-start": 38471,
      "location-before-char-end": 38496,
      "node-str": "startup"
    },
    {
      "type": "delete-node",
      "node": {
        "label": "initializeColors",
        "type": "Method"
      },
      "location-before-char-start": 38283,
      "location-before-char-end": 38502,
      "node-str": "initializeColors"
    },
    {
      "type": "delete-node",
      "node": {
        "label": "org.eclipse.ui.IWorkbenchPage",
        "type": "RETURN_TYPE"
      },
      "location-before-char-start": 0,
      "location-before-char-end": 0,
      "node-str": "org.eclipse.ui.IWorkbenchPage"
    },
    {
      "type": "delete-node",
      "node": {
        "label": "org.eclipse.ui.WorkbenchException",
        "type": "THROWS"
      },
      "location-before-char-start": 0,
      "location-before-char-end": 0,
      "node-str": "org.eclipse.ui.WorkbenchException"
    },
    {
      "type": "delete-node",
      "node": {
        "label": "public",
        "type": "Modifier"
      },
      "location-before-char-start": 0,
      "location-before-char-end": 0,
      "node-str": "public"
    },
    {
      "type": "delete-node",
      "node": {
        "label": "java.lang.String",
        "type": "VARIABLE_TYPE"
      },
      "location-before-char-start": 0,
      "location-before-char-end": 0,
      "node-str": "java.lang.String"
    },
    {
      "type": "delete-node",
      "node": {
        "label": "perspectiveId",
        "type": "Parameter"
      },
      "location-before-char-start": 60488,
      "location-before-char-end": 60507,
      "node-str": "perspectiveId"
    },
    {
      "type": "delete-node",
      "node": {
        "label": "org.eclipse.ui.IWorkbenchWindow",
        "type": "VARIABLE_TYPE"
      },
      "location-before-char-start": 0,
      "location-before-char-end": 0,
      "node-str": "org.eclipse.ui.IWorkbenchWindow"
    },
    {
      "type": "delete-node",
      "node": {
        "label": "window",
        "type": "Parameter"
      },
      "location-before-char-start": 60522,
      "location-before-char-end": 60544,
      "node-str": "window"
    },
    {
      "type": "delete-node",
      "node": {
        "label": "org.eclipse.ui.internal.misc.Assert",
        "type": "TypeAccess"
      },
      "location-before-char-start": 60583,
      "location-before-char-end": 60588,
      "node-str": "org.eclipse.ui.internal.misc.Assert"
    },
    {
      "type": "delete-node",
      "node": {
        "label": "perspectiveId",
        "type": "VariableRead"
      },
      "location-before-char-start": 60600,
      "location-before-char-end": 60612,
      "node-str": "perspectiveId"
    },
    {
      "type": "delete-node",
      "node": {
        "label": "isNotNull",
        "type": "Invocation"
      },
      "location-before-char-start": 60583,
      "location-before-char-end": 60614,
      "node-str": "isNotNull"
    },
    {
      "type": "delete-node",
      "node": {
        "label": "org.eclipse.ui.internal.WorkbenchWindow",
        "type": "VARIABLE_TYPE"
      },
      "location-before-char-start": 0,
      "location-before-char-end": 0,
      "node-str": "org.eclipse.ui.internal.WorkbenchWindow"
    },
    {
      "type": "delete-node",
      "node": {
        "label": "window",
        "type": "VariableRead"
      },
      "location-before-char-start": 60841,
      "location-before-char-end": 60864,
      "node-str": "window"
    },
    {
      "type": "delete-node",
      "node": {
        "label": "win",
        "type": "LocalVariable"
      },
      "location-before-char-start": 60819,
      "location-before-char-end": 60865,
      "node-str": "win"
    },
    {
      "type": "delete-node",
      "node": {
        "label": "org.eclipse.core.runtime.IAdaptable",
        "type": "VARIABLE_TYPE"
      },
      "location-before-char-start": 0,
      "location-before-char-end": 0,
      "node-str": "org.eclipse.core.runtime.IAdaptable"
    },
    {
      "type": "delete-node",
      "node": {
        "label": "org.eclipse.ui.internal.Workbench",
        "type": "TypeAccess"
      },
      "location-before-char-start": 0,
      "location-before-char-end": 0,
      "node-str": "org.eclipse.ui.internal.Workbench"
    },
    {
      "type": "delete-node",
      "node": {
        "label": "getDefaultPageInput",
        "type": "Invocation"
      },
      "location-before-char-start": 61689,
      "location-before-char-end": 61709,
      "node-str": "getDefaultPageInput"
    },
    {
      "type": "delete-node",
      "node": {
        "label": "input",
        "type": "LocalVariable"
      },
      "location-before-char-start": 61670,
      "location-before-char-end": 61710,
      "node-str": "input"
    },
    {
      "type": "delete-node",
      "node": {
        "label": "org.eclipse.ui.IWorkbenchWindow[]",
        "type": "VARIABLE_TYPE"
      },
      "location-before-char-start": 0,
      "location-before-char-end": 0,
      "node-str": "org.eclipse.ui.IWorkbenchWindow[]"
    },
    {
      "type": "delete-node",
      "node": {
        "label": "org.eclipse.ui.internal.Workbench",
        "type": "TypeAccess"
      },
      "location-before-char-start": 0,
      "location-before-char-end": 0,
      "node-str": "org.eclipse.ui.internal.Workbench"
    },
    {
      "type": "delete-node",
      "node": {
        "label": "getWorkbenchWindows",
        "type": "Invocation"
      },
      "location-before-char-start": 61749,
      "location-before-char-end": 61769,
      "node-str": "getWorkbenchWindows"
    },
    {
      "type": "delete-node",
      "node": {
        "label": "windows",
        "type": "LocalVariable"
      },
      "location-before-char-start": 61720,
      "location-before-char-end": 61770,
      "node-str": "windows"
    },
    {
      "type": "delete-node",
      "node": {
        "label": "win",
        "type": "VariableWrite"
      },
      "location-before-char-start": 63041,
      "location-before-char-end": 63043,
      "node-str": "win"
    },
    {
      "type": "delete-node",
      "node": {
        "label": "window",
        "type": "VariableRead"
      },
      "location-before-char-start": 63047,
      "location-before-char-end": 63070,
      "node-str": "window"
    },
    {
      "type": "delete-node",
      "node": {
        "label": "\u003d",
        "type": "Assignment"
      },
      "location-before-char-start": 63041,
      "location-before-char-end": 63071,
      "node-str": "\u003d"
    },
    {
      "type": "delete-node",
      "node": {
        "label": "org.eclipse.ui.IWorkbenchPage",
        "type": "RETURN_TYPE"
      },
      "location-before-char-start": 0,
      "location-before-char-end": 0,
      "node-str": "org.eclipse.ui.IWorkbenchPage"
    },
    {
      "type": "delete-node",
      "node": {
        "label": "org.eclipse.ui.WorkbenchException",
        "type": "THROWS"
      },
      "location-before-char-start": 0,
      "location-before-char-end": 0,
      "node-str": "org.eclipse.ui.WorkbenchException"
    },
    {
      "type": "delete-node",
      "node": {
        "label": "public",
        "type": "Modifier"
      },
      "location-before-char-start": 0,
      "location-before-char-end": 0,
      "node-str": "public"
    },
    {
      "type": "delete-node",
      "node": {
        "label": "java.lang.String",
        "type": "VARIABLE_TYPE"
      },
      "location-before-char-start": 0,
      "location-before-char-end": 0,
      "node-str": "java.lang.String"
    },
    {
      "type": "delete-node",
      "node": {
        "label": "perspectiveId",
        "type": "Parameter"
      },
      "location-before-char-start": 64862,
      "location-before-char-end": 64881,
      "node-str": "perspectiveId"
    },
    {
      "type": "delete-node",
      "node": {
        "label": "org.eclipse.ui.IWorkbenchWindow",
        "type": "VARIABLE_TYPE"
      },
      "location-before-char-start": 0,
      "location-before-char-end": 0,
      "node-str": "org.eclipse.ui.IWorkbenchWindow"
    },
    {
      "type": "delete-node",
      "node": {
        "label": "window",
        "type": "Parameter"
      },
      "location-before-char-start": 64896,
      "location-before-char-end": 64918,
      "node-str": "window"
    },
    {
      "type": "delete-node",
      "node": {
        "label": "org.eclipse.core.runtime.IAdaptable",
        "type": "VARIABLE_TYPE"
      },
      "location-before-char-start": 0,
      "location-before-char-end": 0,
      "node-str": "org.eclipse.core.runtime.IAdaptable"
    },
    {
      "type": "delete-node",
      "node": {
        "label": "input",
        "type": "Parameter"
      },
      "location-before-char-start": 64921,
      "location-before-char-end": 64936,
      "node-str": "input"
    },
    {
      "type": "delete-node",
      "node": {
        "label": "org.eclipse.ui.internal.misc.Assert",
        "type": "TypeAccess"
      },
      "location-before-char-start": 64987,
      "location-before-char-end": 64992,
      "node-str": "org.eclipse.ui.internal.misc.Assert"
    },
    {
      "type": "delete-node",
      "node": {
        "label": "perspectiveId",
        "type": "VariableRead"
      },
      "location-before-char-start": 65004,
      "location-before-char-end": 65016,
      "node-str": "perspectiveId"
    },
    {
      "type": "delete-node",
      "node": {
        "label": "isNotNull",
        "type": "Invocation"
      },
      "location-before-char-start": 64987,
      "location-before-char-end": 65018,
      "node-str": "isNotNull"
    },
    {
      "type": "delete-node",
      "node": {
        "label": "boolean",
        "type": "VARIABLE_TYPE"
      },
      "location-before-char-start": 0,
      "location-before-char-end": 0,
      "node-str": "boolean"
    },
    {
      "type": "delete-node",
      "node": {
        "label": "false",
        "type": "Literal"
      },
      "location-before-char-start": 65240,
      "location-before-char-end": 65244,
      "node-str": "false"
    },
    {
      "type": "delete-node",
      "node": {
        "label": "inputSameAsWindow",
        "type": "LocalVariable"
      },
      "location-before-char-start": 65212,
      "location-before-char-end": 65245,
      "node-str": "inputSameAsWindow"
    },
    {
      "type": "delete-node",
      "node": {
        "label": "org.eclipse.ui.internal.WorkbenchWindow",
        "type": "VARIABLE_TYPE"
      },
      "location-before-char-start": 0,
      "location-before-char-end": 0,
      "node-str": "org.eclipse.ui.internal.WorkbenchWindow"
    },
    {
      "type": "delete-node",
      "node": {
        "label": "window",
        "type": "VariableRead"
      },
      "location-before-char-start": 65277,
      "location-before-char-end": 65300,
      "node-str": "window"
    },
    {
      "type": "delete-node",
      "node": {
        "label": "win",
        "type": "LocalVariable"
      },
      "location-before-char-start": 65255,
      "location-before-char-end": 65301,
      "node-str": "win"
    },
    {
      "type": "delete-node",
      "node": {
        "label": "org.eclipse.ui.IWorkbenchWindow[]",
        "type": "VARIABLE_TYPE"
      },
      "location-before-char-start": 0,
      "location-before-char-end": 0,
      "node-str": "org.eclipse.ui.IWorkbenchWindow[]"
    },
    {
      "type": "delete-node",
      "node": {
        "label": "org.eclipse.ui.internal.Workbench",
        "type": "TypeAccess"
      },
      "location-before-char-start": 0,
      "location-before-char-end": 0,
      "node-str": "org.eclipse.ui.internal.Workbench"
    },
    {
      "type": "delete-node",
      "node": {
        "label": "getWorkbenchWindows",
        "type": "Invocation"
      },
      "location-before-char-start": 66470,
      "location-before-char-end": 66490,
      "node-str": "getWorkbenchWindows"
    },
    {
      "type": "delete-node",
      "node": {
        "label": "windows",
        "type": "LocalVariable"
      },
      "location-before-char-start": 66441,
      "location-before-char-end": 66491,
      "node-str": "windows"
    },
    {
      "type": "delete-node",
      "node": {
        "label": "win",
        "type": "VariableWrite"
      },
      "location-before-char-start": 67655,
      "location-before-char-end": 67657,
      "node-str": "win"
    },
    {
      "type": "delete-node",
      "node": {
        "label": "window",
        "type": "VariableRead"
      },
      "location-before-char-start": 67661,
      "location-before-char-end": 67684,
      "node-str": "window"
    },
    {
      "type": "delete-node",
      "node": {
        "label": "\u003d",
        "type": "Assignment"
      },
      "location-before-char-start": 67655,
      "location-before-char-end": 67685,
      "node-str": "\u003d"
    },
    {
      "type": "delete-node",
      "node": {
        "label": "newWindow",
        "type": "VariableRead"
      },
      "location-before-char-start": 69931,
      "location-before-char-end": 69939,
      "node-str": "newWindow"
    },
    {
      "type": "delete-node",
      "node": {
        "label": "getActivePage",
        "type": "Invocation"
      },
      "location-before-char-start": 69931,
      "location-before-char-end": 69955,
      "node-str": "getActivePage"
    },
    {
      "type": "delete-node",
      "node": {
        "label": "return",
        "type": "Return"
      },
      "location-before-char-start": 69924,
      "location-before-char-end": 69956,
      "node-str": "return"
    },
    {
      "type": "delete-node",
      "node": {
        "label": "org.eclipse.ui.internal.activities.ws.WorkbenchActivitySupport",
        "type": "VARIABLE_TYPE"
      },
      "location-before-char-start": 0,
      "location-before-char-end": 0,
      "node-str": "org.eclipse.ui.internal.activities.ws.WorkbenchActivitySupport"
    },
    {
      "type": "delete-node",
      "node": {
        "label": "workbenchActivitySupport",
        "type": "Field"
      },
      "location-before-char-start": 74356,
      "location-before-char-end": 74413,
      "node-str": "workbenchActivitySupport"
    },
    {
      "type": "delete-node",
      "node": {
        "label": "org.eclipse.ui.internal.commands.ws.WorkbenchCommandSupport",
        "type": "VARIABLE_TYPE"
      },
      "location-before-char-start": 0,
      "location-before-char-end": 0,
      "node-str": "org.eclipse.ui.internal.commands.ws.WorkbenchCommandSupport"
    },
    {
      "type": "delete-node",
      "node": {
        "label": "workbenchCommandSupport",
        "type": "Field"
      },
      "location-before-char-start": 74420,
      "location-before-char-end": 74475,
      "node-str": "workbenchCommandSupport"
    },
    {
      "type": "delete-node",
      "node": {
        "label": "org.eclipse.ui.internal.contexts.ws.WorkbenchContextSupport",
        "type": "VARIABLE_TYPE"
      },
      "location-before-char-start": 0,
      "location-before-char-end": 0,
      "node-str": "org.eclipse.ui.internal.contexts.ws.WorkbenchContextSupport"
    },
    {
      "type": "delete-node",
      "node": {
        "label": "workbenchContextSupport",
        "type": "Field"
      },
      "location-before-char-start": 74482,
      "location-before-char-end": 74537,
      "node-str": "workbenchContextSupport"
    },
    {
      "type": "delete-node",
      "node": {
        "label": "org.eclipse.ui.internal.ActivityPersistanceHelper",
        "type": "VARIABLE_TYPE"
      },
      "location-before-char-start": 0,
      "location-before-char-end": 0,
      "node-str": "org.eclipse.ui.internal.ActivityPersistanceHelper"
    },
    {
      "type": "delete-node",
      "node": {
        "label": "activityHelper",
        "type": "Field"
      },
      "location-before-char-start": 76929,
      "location-before-char-end": 76977,
      "node-str": "activityHelper"
    },
    {
      "type": "delete-node",
      "node": {
        "label": "org.eclipse.ui.internal.WorkbenchIntroManager",
        "type": "VARIABLE_TYPE"
      },
      "location-before-char-start": 0,
      "location-before-char-end": 0,
      "node-str": "org.eclipse.ui.internal.WorkbenchIntroManager"
    },
    {
      "type": "delete-node",
      "node": {
        "label": "introManager",
        "type": "Field"
      },
      "location-before-char-start": 77438,
      "location-before-char-end": 77480,
      "node-str": "introManager"
    },
    {
      "type": "delete-node",
      "node": {
        "label": "org.eclipse.ui.internal.intro.IntroDescriptor",
        "type": "VARIABLE_TYPE"
      },
      "location-before-char-start": 0,
      "location-before-char-end": 0,
      "node-str": "org.eclipse.ui.internal.intro.IntroDescriptor"
    },
    {
      "type": "delete-node",
      "node": {
        "label": "introDescriptor",
        "type": "Field"
      },
      "location-before-char-start": 78072,
      "location-before-char-end": 78234,
      "node-str": "introDescriptor"
    },
    {
      "type": "delete-node",
      "node": {
        "label": "org.eclipse.ui.internal.registry.experimental.IConfigurationElementTracker",
        "type": "VARIABLE_TYPE"
      },
      "location-before-char-start": 0,
      "location-before-char-end": 0,
      "node-str": "org.eclipse.ui.internal.registry.experimental.IConfigurationElementTracker"
    },
    {
      "type": "delete-node",
      "node": {
        "label": "org.eclipse.ui.internal.registry.experimental.ConfigurationElementTracker()",
        "type": "ConstructorCall"
      },
      "location-before-char-start": 78284,
      "location-before-char-end": 78316,
      "node-str": "org.eclipse.ui.internal.registry.experimental.ConfigurationElementTracker()"
    },
    {
      "type": "delete-node",
      "node": {
        "label": "tracker",
        "type": "Field"
      },
      "location-before-char-start": 78237,
      "location-before-char-end": 78317,
      "node-str": "tracker"
    }
  ],
  "before-file": {},
  "after-file": {},
  "mapping": {}
}