{
  "tool-info": {},
  "diff": [
    {
      "type": "insert-node",
      "node": {
        "label": "",
        "type": "ImportDeclaration"
      },
      "location-after-char-start": 1027,
      "location-after-char-end": 1057,
      "node-str": ""
    },
    {
      "type": "insert-node",
      "node": {
        "label": "",
        "type": "ImportDeclaration"
      },
      "location-after-char-start": 1429,
      "location-after-char-end": 1474,
      "node-str": ""
    },
    {
      "type": "insert-node",
      "node": {
        "label": "",
        "type": "ImportDeclaration"
      },
      "location-after-char-start": 1569,
      "location-after-char-end": 1612,
      "node-str": ""
    },
    {
      "type": "insert-node",
      "node": {
        "label": "",
        "type": "TypeDeclaration"
      },
      "location-after-char-start": 1663,
      "location-after-char-end": 10543,
      "node-str": ""
    },
    {
      "type": "insert-node",
      "node": {
        "label": "javax.swing.JComponent",
        "type": "QualifiedName"
      },
      "location-after-char-start": 1034,
      "location-after-char-end": 1056,
      "node-str": "javax.swing.JComponent"
    },
    {
      "type": "insert-node",
      "node": {
        "label": "org.columba.core.gui.focus.FocusOwner",
        "type": "QualifiedName"
      },
      "location-after-char-start": 1436,
      "location-after-char-end": 1473,
      "node-str": "org.columba.core.gui.focus.FocusOwner"
    },
    {
      "type": "insert-node",
      "node": {
        "label": "org.columba.core.main.MainInterface",
        "type": "QualifiedName"
      },
      "location-after-char-start": 1576,
      "location-after-char-end": 1611,
      "node-str": "org.columba.core.main.MainInterface"
    },
    {
      "type": "move-subtree",
      "node": {
        "label": "",
        "type": "Javadoc"
      },
      "location-before-char-start": 1609,
      "location-before-char-end": 1855,
      "location-after-char-start": 1663,
      "location-after-char-end": 1909,
      "node-str": ""
    },
    {
      "type": "insert-node",
      "node": {
        "label": "public",
        "type": "Modifier"
      },
      "location-after-char-start": 1910,
      "location-after-char-end": 1916,
      "node-str": "public"
    },
    {
      "type": "insert-node",
      "node": {
        "label": "class",
        "type": "TYPE_DECLARATION_KIND"
      },
      "location-after-char-start": 1917,
      "location-after-char-end": 1922,
      "node-str": "class"
    },
    {
      "type": "insert-node",
      "node": {
        "label": "HeaderController",
        "type": "SimpleName"
      },
      "location-after-char-start": 1923,
      "location-after-char-end": 1939,
      "node-str": "HeaderController"
    },
    {
      "type": "move-subtree",
      "node": {
        "label": "",
        "type": "SimpleType"
      },
      "location-before-char-start": 1898,
      "location-before-char-end": 1916,
      "location-after-char-start": 1952,
      "location-after-char-end": 1970,
      "node-str": ""
    },
    {
      "type": "move-subtree",
      "node": {
        "label": "",
        "type": "SimpleType"
      },
      "location-before-char-start": 1931,
      "location-before-char-end": 1949,
      "location-after-char-start": 1972,
      "location-after-char-end": 1990,
      "node-str": ""
    },
    {
      "type": "insert-node",
      "node": {
        "label": "",
        "type": "SimpleType"
      },
      "location-after-char-start": 1992,
      "location-after-char-end": 2002,
      "node-str": ""
    },
    {
      "type": "move-subtree",
      "node": {
        "label": "",
        "type": "FieldDeclaration"
      },
      "location-before-char-start": 1955,
      "location-before-char-end": 1985,
      "location-after-char-start": 2007,
      "location-after-char-end": 2037,
      "node-str": ""
    },
    {
      "type": "move-subtree",
      "node": {
        "label": "",
        "type": "FieldDeclaration"
      },
      "location-before-char-start": 1987,
      "location-before-char-end": 2003,
      "location-after-char-start": 2039,
      "location-after-char-end": 2055,
      "node-str": ""
    },
    {
      "type": "move-subtree",
      "node": {
        "label": "",
        "type": "FieldDeclaration"
      },
      "location-before-char-start": 2006,
      "location-before-char-end": 2035,
      "location-after-char-start": 2058,
      "location-after-char-end": 2087,
      "node-str": ""
    },
    {
      "type": "move-subtree",
      "node": {
        "label": "",
        "type": "FieldDeclaration"
      },
      "location-before-char-start": 2037,
      "location-before-char-end": 2067,
      "location-after-char-start": 2089,
      "location-after-char-end": 2119,
      "node-str": ""
    },
    {
      "type": "move-subtree",
      "node": {
        "label": "",
        "type": "FieldDeclaration"
      },
      "location-before-char-start": 2070,
      "location-before-char-end": 2096,
      "location-after-char-start": 2122,
      "location-after-char-end": 2148,
      "node-str": ""
    },
    {
      "type": "insert-node",
      "node": {
        "label": "",
        "type": "MethodDeclaration"
      },
      "location-after-char-start": 2151,
      "location-after-char-end": 2520,
      "node-str": ""
    },
    {
      "type": "move-subtree",
      "node": {
        "label": "",
        "type": "MethodDeclaration"
      },
      "location-before-char-start": 2383,
      "location-before-char-end": 2822,
      "location-after-char-start": 2523,
      "location-after-char-end": 2964,
      "node-str": ""
    },
    {
      "type": "move-subtree",
      "node": {
        "label": "",
        "type": "MethodDeclaration"
      },
      "location-before-char-start": 2825,
      "location-before-char-end": 3181,
      "location-after-char-start": 2967,
      "location-after-char-end": 3323,
      "node-str": ""
    },
    {
      "type": "move-subtree",
      "node": {
        "label": "",
        "type": "MethodDeclaration"
      },
      "location-before-char-start": 3184,
      "location-before-char-end": 3286,
      "location-after-char-start": 3326,
      "location-after-char-end": 3428,
      "node-str": ""
    },
    {
      "type": "move-subtree",
      "node": {
        "label": "",
        "type": "MethodDeclaration"
      },
      "location-before-char-start": 3289,
      "location-before-char-end": 3378,
      "location-after-char-start": 3431,
      "location-after-char-end": 3520,
      "node-str": ""
    },
    {
      "type": "move-subtree",
      "node": {
        "label": "",
        "type": "MethodDeclaration"
      },
      "location-before-char-start": 3381,
      "location-before-char-end": 3443,
      "location-after-char-start": 3523,
      "location-after-char-end": 3583,
      "node-str": ""
    },
    {
      "type": "move-subtree",
      "node": {
        "label": "",
        "type": "MethodDeclaration"
      },
      "location-before-char-start": 3447,
      "location-before-char-end": 3511,
      "location-after-char-start": 3586,
      "location-after-char-end": 3649,
      "node-str": ""
    },
    {
      "type": "move-subtree",
      "node": {
        "label": "",
        "type": "MethodDeclaration"
      },
      "location-before-char-start": 3514,
      "location-before-char-end": 3597,
      "location-after-char-start": 3652,
      "location-after-char-end": 3735,
      "node-str": ""
    },
    {
      "type": "move-subtree",
      "node": {
        "label": "",
        "type": "MethodDeclaration"
      },
      "location-before-char-start": 3600,
      "location-before-char-end": 4302,
      "location-after-char-start": 3738,
      "location-after-char-end": 4454,
      "node-str": ""
    },
    {
      "type": "move-subtree",
      "node": {
        "label": "",
        "type": "MethodDeclaration"
      },
      "location-before-char-start": 4305,
      "location-before-char-end": 5364,
      "location-after-char-start": 4457,
      "location-after-char-end": 5516,
      "node-str": ""
    },
    {
      "type": "move-subtree",
      "node": {
        "label": "",
        "type": "MethodDeclaration"
      },
      "location-before-char-start": 5367,
      "location-before-char-end": 6058,
      "location-after-char-start": 5519,
      "location-after-char-end": 6210,
      "node-str": ""
    },
    {
      "type": "move-subtree",
      "node": {
        "label": "",
        "type": "MethodDeclaration"
      },
      "location-before-char-start": 6061,
      "location-before-char-end": 6377,
      "location-after-char-start": 6213,
      "location-after-char-end": 6531,
      "node-str": ""
    },
    {
      "type": "move-subtree",
      "node": {
        "label": "",
        "type": "MethodDeclaration"
      },
      "location-before-char-start": 6380,
      "location-before-char-end": 7147,
      "location-after-char-start": 6534,
      "location-after-char-end": 7305,
      "node-str": ""
    },
    {
      "type": "move-subtree",
      "node": {
        "label": "",
        "type": "MethodDeclaration"
      },
      "location-before-char-start": 7150,
      "location-before-char-end": 7208,
      "location-after-char-start": 7308,
      "location-after-char-end": 7366,
      "node-str": ""
    },
    {
      "type": "move-subtree",
      "node": {
        "label": "",
        "type": "MethodDeclaration"
      },
      "location-before-char-start": 7534,
      "location-before-char-end": 7820,
      "location-after-char-start": 7703,
      "location-after-char-end": 7989,
      "node-str": ""
    },
    {
      "type": "move-subtree",
      "node": {
        "label": "",
        "type": "MethodDeclaration"
      },
      "location-before-char-start": 7823,
      "location-before-char-end": 7872,
      "location-after-char-start": 7992,
      "location-after-char-end": 8041,
      "node-str": ""
    },
    {
      "type": "move-subtree",
      "node": {
        "label": "",
        "type": "MethodDeclaration"
      },
      "location-before-char-start": 7875,
      "location-before-char-end": 7928,
      "location-after-char-start": 8044,
      "location-after-char-end": 8097,
      "node-str": ""
    },
    {
      "type": "move-subtree",
      "node": {
        "label": "",
        "type": "MethodDeclaration"
      },
      "location-before-char-start": 7931,
      "location-before-char-end": 8992,
      "location-after-char-start": 8100,
      "location-after-char-end": 9161,
      "node-str": ""
    },
    {
      "type": "move-subtree",
      "node": {
        "label": "",
        "type": "MethodDeclaration"
      },
      "location-before-char-start": 8995,
      "location-before-char-end": 9054,
      "location-after-char-start": 9164,
      "location-after-char-end": 9225,
      "node-str": ""
    },
    {
      "type": "insert-node",
      "node": {
        "label": "",
        "type": "MethodDeclaration"
      },
      "location-after-char-start": 9305,
      "location-after-char-end": 9441,
      "node-str": ""
    },
    {
      "type": "insert-node",
      "node": {
        "label": "",
        "type": "MethodDeclaration"
      },
      "location-after-char-start": 9444,
      "location-after-char-end": 9491,
      "node-str": ""
    },
    {
      "type": "insert-node",
      "node": {
        "label": "",
        "type": "MethodDeclaration"
      },
      "location-after-char-start": 9494,
      "location-after-char-end": 9545,
      "node-str": ""
    },
    {
      "type": "insert-node",
      "node": {
        "label": "",
        "type": "MethodDeclaration"
      },
      "location-after-char-start": 9548,
      "location-after-char-end": 9611,
      "node-str": ""
    },
    {
      "type": "insert-node",
      "node": {
        "label": "",
        "type": "MethodDeclaration"
      },
      "location-after-char-start": 9614,
      "location-after-char-end": 9707,
      "node-str": ""
    },
    {
      "type": "insert-node",
      "node": {
        "label": "",
        "type": "MethodDeclaration"
      },
      "location-after-char-start": 9712,
      "location-after-char-end": 9820,
      "node-str": ""
    },
    {
      "type": "insert-node",
      "node": {
        "label": "",
        "type": "MethodDeclaration"
      },
      "location-after-char-start": 9823,
      "location-after-char-end": 9934,
      "node-str": ""
    },
    {
      "type": "insert-node",
      "node": {
        "label": "",
        "type": "MethodDeclaration"
      },
      "location-after-char-start": 9937,
      "location-after-char-end": 10031,
      "node-str": ""
    },
    {
      "type": "insert-node",
      "node": {
        "label": "",
        "type": "MethodDeclaration"
      },
      "location-after-char-start": 10034,
      "location-after-char-end": 10127,
      "node-str": ""
    },
    {
      "type": "insert-node",
      "node": {
        "label": "",
        "type": "MethodDeclaration"
      },
      "location-after-char-start": 10130,
      "location-after-char-end": 10191,
      "node-str": ""
    },
    {
      "type": "insert-node",
      "node": {
        "label": "",
        "type": "MethodDeclaration"
      },
      "location-after-char-start": 10194,
      "location-after-char-end": 10287,
      "node-str": ""
    },
    {
      "type": "insert-node",
      "node": {
        "label": "",
        "type": "MethodDeclaration"
      },
      "location-after-char-start": 10290,
      "location-after-char-end": 10351,
      "node-str": ""
    },
    {
      "type": "insert-node",
      "node": {
        "label": "",
        "type": "MethodDeclaration"
      },
      "location-after-char-start": 10354,
      "location-after-char-end": 10414,
      "node-str": ""
    },
    {
      "type": "insert-node",
      "node": {
        "label": "",
        "type": "MethodDeclaration"
      },
      "location-after-char-start": 10417,
      "location-after-char-end": 10477,
      "node-str": ""
    },
    {
      "type": "insert-node",
      "node": {
        "label": "",
        "type": "MethodDeclaration"
      },
      "location-after-char-start": 10480,
      "location-after-char-end": 10540,
      "node-str": ""
    },
    {
      "type": "insert-node",
      "node": {
        "label": "FocusOwner",
        "type": "SimpleName"
      },
      "location-after-char-start": 1992,
      "location-after-char-end": 2002,
      "node-str": "FocusOwner"
    },
    {
      "type": "insert-node",
      "node": {
        "label": "public",
        "type": "Modifier"
      },
      "location-after-char-start": 2151,
      "location-after-char-end": 2157,
      "node-str": "public"
    },
    {
      "type": "insert-node",
      "node": {
        "label": "HeaderController",
        "type": "SimpleName"
      },
      "location-after-char-start": 2158,
      "location-after-char-end": 2174,
      "node-str": "HeaderController"
    },
    {
      "type": "move-subtree",
      "node": {
        "label": "",
        "type": "SingleVariableDeclaration"
      },
      "location-before-char-start": 2123,
      "location-before-char-end": 2152,
      "location-after-char-start": 2175,
      "location-after-char-end": 2204,
      "node-str": ""
    },
    {
      "type": "insert-node",
      "node": {
        "label": "",
        "type": "Block"
      },
      "location-after-char-start": 2206,
      "location-after-char-end": 2520,
      "node-str": ""
    },
    {
      "type": "insert-node",
      "node": {
        "label": "",
        "type": "Javadoc"
      },
      "location-after-char-start": 9305,
      "location-after-char-end": 9378,
      "node-str": ""
    },
    {
      "type": "insert-node",
      "node": {
        "label": "public",
        "type": "Modifier"
      },
      "location-after-char-start": 9381,
      "location-after-char-end": 9387,
      "node-str": "public"
    },
    {
      "type": "insert-node",
      "node": {
        "label": "void",
        "type": "PrimitiveType"
      },
      "location-after-char-start": 9388,
      "location-after-char-end": 9392,
      "node-str": "void"
    },
    {
      "type": "insert-node",
      "node": {
        "label": "copy",
        "type": "SimpleName"
      },
      "location-after-char-start": 9393,
      "location-after-char-end": 9397,
      "node-str": "copy"
    },
    {
      "type": "insert-node",
      "node": {
        "label": "",
        "type": "Block"
      },
      "location-after-char-start": 9400,
      "location-after-char-end": 9441,
      "node-str": ""
    },
    {
      "type": "insert-node",
      "node": {
        "label": "public",
        "type": "Modifier"
      },
      "location-after-char-start": 9444,
      "location-after-char-end": 9450,
      "node-str": "public"
    },
    {
      "type": "insert-node",
      "node": {
        "label": "void",
        "type": "PrimitiveType"
      },
      "location-after-char-start": 9451,
      "location-after-char-end": 9455,
      "node-str": "void"
    },
    {
      "type": "insert-node",
      "node": {
        "label": "cut",
        "type": "SimpleName"
      },
      "location-after-char-start": 9456,
      "location-after-char-end": 9459,
      "node-str": "cut"
    },
    {
      "type": "insert-node",
      "node": {
        "label": "",
        "type": "Block"
      },
      "location-after-char-start": 9462,
      "location-after-char-end": 9491,
      "node-str": ""
    },
    {
      "type": "insert-node",
      "node": {
        "label": "public",
        "type": "Modifier"
      },
      "location-after-char-start": 9494,
      "location-after-char-end": 9500,
      "node-str": "public"
    },
    {
      "type": "insert-node",
      "node": {
        "label": "void",
        "type": "PrimitiveType"
      },
      "location-after-char-start": 9501,
      "location-after-char-end": 9505,
      "node-str": "void"
    },
    {
      "type": "insert-node",
      "node": {
        "label": "delete",
        "type": "SimpleName"
      },
      "location-after-char-start": 9506,
      "location-after-char-end": 9512,
      "node-str": "delete"
    },
    {
      "type": "insert-node",
      "node": {
        "label": "",
        "type": "Block"
      },
      "location-after-char-start": 9515,
      "location-after-char-end": 9545,
      "node-str": ""
    },
    {
      "type": "insert-node",
      "node": {
        "label": "public",
        "type": "Modifier"
      },
      "location-after-char-start": 9548,
      "location-after-char-end": 9554,
      "node-str": "public"
    },
    {
      "type": "insert-node",
      "node": {
        "label": "",
        "type": "SimpleType"
      },
      "location-after-char-start": 9555,
      "location-after-char-end": 9565,
      "node-str": ""
    },
    {
      "type": "insert-node",
      "node": {
        "label": "getComponent",
        "type": "SimpleName"
      },
      "location-after-char-start": 9566,
      "location-after-char-end": 9578,
      "node-str": "getComponent"
    },
    {
      "type": "insert-node",
      "node": {
        "label": "",
        "type": "Block"
      },
      "location-after-char-start": 9581,
      "location-after-char-end": 9611,
      "node-str": ""
    },
    {
      "type": "insert-node",
      "node": {
        "label": "public",
        "type": "Modifier"
      },
      "location-after-char-start": 9614,
      "location-after-char-end": 9620,
      "node-str": "public"
    },
    {
      "type": "insert-node",
      "node": {
        "label": "boolean",
        "type": "PrimitiveType"
      },
      "location-after-char-start": 9621,
      "location-after-char-end": 9628,
      "node-str": "boolean"
    },
    {
      "type": "insert-node",
      "node": {
        "label": "isCopyActionEnabled",
        "type": "SimpleName"
      },
      "location-after-char-start": 9629,
      "location-after-char-end": 9648,
      "node-str": "isCopyActionEnabled"
    },
    {
      "type": "insert-node",
      "node": {
        "label": "",
        "type": "Block"
      },
      "location-after-char-start": 9651,
      "location-after-char-end": 9707,
      "node-str": ""
    },
    {
      "type": "insert-node",
      "node": {
        "label": "public",
        "type": "Modifier"
      },
      "location-after-char-start": 9712,
      "location-after-char-end": 9718,
      "node-str": "public"
    },
    {
      "type": "insert-node",
      "node": {
        "label": "boolean",
        "type": "PrimitiveType"
      },
      "location-after-char-start": 9719,
      "location-after-char-end": 9726,
      "node-str": "boolean"
    },
    {
      "type": "insert-node",
      "node": {
        "label": "isCutActionEnabled",
        "type": "SimpleName"
      },
      "location-after-char-start": 9727,
      "location-after-char-end": 9745,
      "node-str": "isCutActionEnabled"
    },
    {
      "type": "insert-node",
      "node": {
        "label": "",
        "type": "Block"
      },
      "location-after-char-start": 9748,
      "location-after-char-end": 9820,
      "node-str": ""
    },
    {
      "type": "insert-node",
      "node": {
        "label": "public",
        "type": "Modifier"
      },
      "location-after-char-start": 9823,
      "location-after-char-end": 9829,
      "node-str": "public"
    },
    {
      "type": "insert-node",
      "node": {
        "label": "boolean",
        "type": "PrimitiveType"
      },
      "location-after-char-start": 9830,
      "location-after-char-end": 9837,
      "node-str": "boolean"
    },
    {
      "type": "insert-node",
      "node": {
        "label": "isDeleteActionEnabled",
        "type": "SimpleName"
      },
      "location-after-char-start": 9838,
      "location-after-char-end": 9859,
      "node-str": "isDeleteActionEnabled"
    },
    {
      "type": "insert-node",
      "node": {
        "label": "",
        "type": "Block"
      },
      "location-after-char-start": 9862,
      "location-after-char-end": 9934,
      "node-str": ""
    },
    {
      "type": "insert-node",
      "node": {
        "label": "public",
        "type": "Modifier"
      },
      "location-after-char-start": 9937,
      "location-after-char-end": 9943,
      "node-str": "public"
    },
    {
      "type": "insert-node",
      "node": {
        "label": "boolean",
        "type": "PrimitiveType"
      },
      "location-after-char-start": 9944,
      "location-after-char-end": 9951,
      "node-str": "boolean"
    },
    {
      "type": "insert-node",
      "node": {
        "label": "isPasteActionEnabled",
        "type": "SimpleName"
      },
      "location-after-char-start": 9952,
      "location-after-char-end": 9972,
      "node-str": "isPasteActionEnabled"
    },
    {
      "type": "insert-node",
      "node": {
        "label": "",
        "type": "Block"
      },
      "location-after-char-start": 9975,
      "location-after-char-end": 10031,
      "node-str": ""
    },
    {
      "type": "insert-node",
      "node": {
        "label": "public",
        "type": "Modifier"
      },
      "location-after-char-start": 10034,
      "location-after-char-end": 10040,
      "node-str": "public"
    },
    {
      "type": "insert-node",
      "node": {
        "label": "boolean",
        "type": "PrimitiveType"
      },
      "location-after-char-start": 10041,
      "location-after-char-end": 10048,
      "node-str": "boolean"
    },
    {
      "type": "insert-node",
      "node": {
        "label": "isRedoActionEnabled",
        "type": "SimpleName"
      },
      "location-after-char-start": 10049,
      "location-after-char-end": 10068,
      "node-str": "isRedoActionEnabled"
    },
    {
      "type": "insert-node",
      "node": {
        "label": "",
        "type": "Block"
      },
      "location-after-char-start": 10071,
      "location-after-char-end": 10127,
      "node-str": ""
    },
    {
      "type": "insert-node",
      "node": {
        "label": "public",
        "type": "Modifier"
      },
      "location-after-char-start": 10130,
      "location-after-char-end": 10136,
      "node-str": "public"
    },
    {
      "type": "insert-node",
      "node": {
        "label": "boolean",
        "type": "PrimitiveType"
      },
      "location-after-char-start": 10137,
      "location-after-char-end": 10144,
      "node-str": "boolean"
    },
    {
      "type": "insert-node",
      "node": {
        "label": "isSelectAllActionEnabled",
        "type": "SimpleName"
      },
      "location-after-char-start": 10145,
      "location-after-char-end": 10169,
      "node-str": "isSelectAllActionEnabled"
    },
    {
      "type": "insert-node",
      "node": {
        "label": "",
        "type": "Block"
      },
      "location-after-char-start": 10172,
      "location-after-char-end": 10191,
      "node-str": ""
    },
    {
      "type": "insert-node",
      "node": {
        "label": "public",
        "type": "Modifier"
      },
      "location-after-char-start": 10194,
      "location-after-char-end": 10200,
      "node-str": "public"
    },
    {
      "type": "insert-node",
      "node": {
        "label": "boolean",
        "type": "PrimitiveType"
      },
      "location-after-char-start": 10201,
      "location-after-char-end": 10208,
      "node-str": "boolean"
    },
    {
      "type": "insert-node",
      "node": {
        "label": "isUndoActionEnabled",
        "type": "SimpleName"
      },
      "location-after-char-start": 10209,
      "location-after-char-end": 10228,
      "node-str": "isUndoActionEnabled"
    },
    {
      "type": "insert-node",
      "node": {
        "label": "",
        "type": "Block"
      },
      "location-after-char-start": 10231,
      "location-after-char-end": 10287,
      "node-str": ""
    },
    {
      "type": "insert-node",
      "node": {
        "label": "public",
        "type": "Modifier"
      },
      "location-after-char-start": 10290,
      "location-after-char-end": 10296,
      "node-str": "public"
    },
    {
      "type": "insert-node",
      "node": {
        "label": "void",
        "type": "PrimitiveType"
      },
      "location-after-char-start": 10297,
      "location-after-char-end": 10301,
      "node-str": "void"
    },
    {
      "type": "insert-node",
      "node": {
        "label": "paste",
        "type": "SimpleName"
      },
      "location-after-char-start": 10302,
      "location-after-char-end": 10307,
      "node-str": "paste"
    },
    {
      "type": "insert-node",
      "node": {
        "label": "",
        "type": "Block"
      },
      "location-after-char-start": 10310,
      "location-after-char-end": 10351,
      "node-str": ""
    },
    {
      "type": "insert-node",
      "node": {
        "label": "public",
        "type": "Modifier"
      },
      "location-after-char-start": 10354,
      "location-after-char-end": 10360,
      "node-str": "public"
    },
    {
      "type": "insert-node",
      "node": {
        "label": "void",
        "type": "PrimitiveType"
      },
      "location-after-char-start": 10361,
      "location-after-char-end": 10365,
      "node-str": "void"
    },
    {
      "type": "insert-node",
      "node": {
        "label": "redo",
        "type": "SimpleName"
      },
      "location-after-char-start": 10366,
      "location-after-char-end": 10370,
      "node-str": "redo"
    },
    {
      "type": "insert-node",
      "node": {
        "label": "",
        "type": "Block"
      },
      "location-after-char-start": 10373,
      "location-after-char-end": 10414,
      "node-str": ""
    },
    {
      "type": "insert-node",
      "node": {
        "label": "public",
        "type": "Modifier"
      },
      "location-after-char-start": 10417,
      "location-after-char-end": 10423,
      "node-str": "public"
    },
    {
      "type": "insert-node",
      "node": {
        "label": "void",
        "type": "PrimitiveType"
      },
      "location-after-char-start": 10424,
      "location-after-char-end": 10428,
      "node-str": "void"
    },
    {
      "type": "insert-node",
      "node": {
        "label": "selectAll",
        "type": "SimpleName"
      },
      "location-after-char-start": 10429,
      "location-after-char-end": 10438,
      "node-str": "selectAll"
    },
    {
      "type": "insert-node",
      "node": {
        "label": "",
        "type": "Block"
      },
      "location-after-char-start": 10441,
      "location-after-char-end": 10477,
      "node-str": ""
    },
    {
      "type": "insert-node",
      "node": {
        "label": "public",
        "type": "Modifier"
      },
      "location-after-char-start": 10480,
      "location-after-char-end": 10486,
      "node-str": "public"
    },
    {
      "type": "insert-node",
      "node": {
        "label": "void",
        "type": "PrimitiveType"
      },
      "location-after-char-start": 10487,
      "location-after-char-end": 10491,
      "node-str": "void"
    },
    {
      "type": "insert-node",
      "node": {
        "label": "undo",
        "type": "SimpleName"
      },
      "location-after-char-start": 10492,
      "location-after-char-end": 10496,
      "node-str": "undo"
    },
    {
      "type": "insert-node",
      "node": {
        "label": "",
        "type": "Block"
      },
      "location-after-char-start": 10499,
      "location-after-char-end": 10540,
      "node-str": ""
    },
    {
      "type": "move-subtree",
      "node": {
        "label": "",
        "type": "ExpressionStatement"
      },
      "location-before-char-start": 2158,
      "location-before-char-end": 2187,
      "location-after-char-start": 2210,
      "location-after-char-end": 2239,
      "node-str": ""
    },
    {
      "type": "move-subtree",
      "node": {
        "label": "",
        "type": "ExpressionStatement"
      },
      "location-before-char-start": 2191,
      "location-before-char-end": 2219,
      "location-after-char-start": 2243,
      "location-after-char-end": 2271,
      "node-str": ""
    },
    {
      "type": "insert-node",
      "node": {
        "label": "",
        "type": "ExpressionStatement"
      },
      "location-after-char-start": 2349,
      "location-after-char-end": 2400,
      "node-str": ""
    },
    {
      "type": "move-subtree",
      "node": {
        "label": "",
        "type": "ExpressionStatement"
      },
      "location-before-char-start": 2264,
      "location-before-char-end": 2315,
      "location-after-char-start": 2406,
      "location-after-char-end": 2457,
      "node-str": ""
    },
    {
      "type": "move-subtree",
      "node": {
        "label": "",
        "type": "ExpressionStatement"
      },
      "location-before-char-start": 2318,
      "location-before-char-end": 2359,
      "location-after-char-start": 2460,
      "location-after-char-end": 2501,
      "node-str": ""
    },
    {
      "type": "move-subtree",
      "node": {
        "label": "",
        "type": "ExpressionStatement"
      },
      "location-before-char-start": 2365,
      "location-before-char-end": 2377,
      "location-after-char-start": 2505,
      "location-after-char-end": 2517,
      "node-str": ""
    },
    {
      "type": "insert-node",
      "node": {
        "label": "",
        "type": "TagElement"
      },
      "location-after-char-start": 9324,
      "location-after-char-end": 9350,
      "node-str": ""
    },
    {
      "type": "insert-node",
      "node": {
        "label": "",
        "type": "ExpressionStatement"
      },
      "location-after-char-start": 9466,
      "location-after-char-end": 9488,
      "node-str": ""
    },
    {
      "type": "insert-node",
      "node": {
        "label": "",
        "type": "ExpressionStatement"
      },
      "location-after-char-start": 9519,
      "location-after-char-end": 9541,
      "node-str": ""
    },
    {
      "type": "insert-node",
      "node": {
        "label": "JComponent",
        "type": "SimpleName"
      },
      "location-after-char-start": 9555,
      "location-after-char-end": 9565,
      "node-str": "JComponent"
    },
    {
      "type": "insert-node",
      "node": {
        "label": "",
        "type": "ReturnStatement"
      },
      "location-after-char-start": 9585,
      "location-after-char-end": 9608,
      "node-str": ""
    },
    {
      "type": "insert-node",
      "node": {
        "label": "",
        "type": "ReturnStatement"
      },
      "location-after-char-start": 9691,
      "location-after-char-end": 9704,
      "node-str": ""
    },
    {
      "type": "insert-node",
      "node": {
        "label": "",
        "type": "IfStatement"
      },
      "location-after-char-start": 9752,
      "location-after-char-end": 9800,
      "node-str": ""
    },
    {
      "type": "insert-node",
      "node": {
        "label": "",
        "type": "ReturnStatement"
      },
      "location-after-char-start": 9804,
      "location-after-char-end": 9817,
      "node-str": ""
    },
    {
      "type": "insert-node",
      "node": {
        "label": "",
        "type": "IfStatement"
      },
      "location-after-char-start": 9866,
      "location-after-char-end": 9914,
      "node-str": ""
    },
    {
      "type": "insert-node",
      "node": {
        "label": "",
        "type": "ReturnStatement"
      },
      "location-after-char-start": 9918,
      "location-after-char-end": 9931,
      "node-str": ""
    },
    {
      "type": "insert-node",
      "node": {
        "label": "",
        "type": "ReturnStatement"
      },
      "location-after-char-start": 10015,
      "location-after-char-end": 10028,
      "node-str": ""
    },
    {
      "type": "insert-node",
      "node": {
        "label": "",
        "type": "ReturnStatement"
      },
      "location-after-char-start": 10111,
      "location-after-char-end": 10124,
      "node-str": ""
    },
    {
      "type": "insert-node",
      "node": {
        "label": "",
        "type": "ReturnStatement"
      },
      "location-after-char-start": 10176,
      "location-after-char-end": 10188,
      "node-str": ""
    },
    {
      "type": "insert-node",
      "node": {
        "label": "",
        "type": "ReturnStatement"
      },
      "location-after-char-start": 10271,
      "location-after-char-end": 10284,
      "node-str": ""
    },
    {
      "type": "insert-node",
      "node": {
        "label": "",
        "type": "ExpressionStatement"
      },
      "location-after-char-start": 10445,
      "location-after-char-end": 10473,
      "node-str": ""
    },
    {
      "type": "insert-node",
      "node": {
        "label": "",
        "type": "MethodInvocation"
      },
      "location-after-char-start": 2349,
      "location-after-char-end": 2399,
      "node-str": ""
    },
    {
      "type": "insert-node",
      "node": {
        "label": "FocusOwner implementation ",
        "type": "TextElement"
      },
      "location-after-char-start": 9324,
      "location-after-char-end": 9350,
      "node-str": "FocusOwner implementation "
    },
    {
      "type": "insert-node",
      "node": {
        "label": "",
        "type": "MethodInvocation"
      },
      "location-after-char-start": 9466,
      "location-after-char-end": 9487,
      "node-str": ""
    },
    {
      "type": "insert-node",
      "node": {
        "label": "",
        "type": "MethodInvocation"
      },
      "location-after-char-start": 9519,
      "location-after-char-end": 9540,
      "node-str": ""
    },
    {
      "type": "insert-node",
      "node": {
        "label": "",
        "type": "MethodInvocation"
      },
      "location-after-char-start": 9592,
      "location-after-char-end": 9607,
      "node-str": ""
    },
    {
      "type": "insert-node",
      "node": {
        "label": "false",
        "type": "BooleanLiteral"
      },
      "location-after-char-start": 9698,
      "location-after-char-end": 9703,
      "node-str": "false"
    },
    {
      "type": "insert-node",
      "node": {
        "label": "",
        "type": "InfixExpression"
      },
      "location-after-char-start": 9756,
      "location-after-char-end": 9783,
      "node-str": ""
    },
    {
      "type": "insert-node",
      "node": {
        "label": "",
        "type": "ReturnStatement"
      },
      "location-after-char-start": 9788,
      "location-after-char-end": 9800,
      "node-str": ""
    },
    {
      "type": "insert-node",
      "node": {
        "label": "false",
        "type": "BooleanLiteral"
      },
      "location-after-char-start": 9811,
      "location-after-char-end": 9816,
      "node-str": "false"
    },
    {
      "type": "insert-node",
      "node": {
        "label": "",
        "type": "InfixExpression"
      },
      "location-after-char-start": 9870,
      "location-after-char-end": 9897,
      "node-str": ""
    },
    {
      "type": "insert-node",
      "node": {
        "label": "",
        "type": "ReturnStatement"
      },
      "location-after-char-start": 9902,
      "location-after-char-end": 9914,
      "node-str": ""
    },
    {
      "type": "insert-node",
      "node": {
        "label": "false",
        "type": "BooleanLiteral"
      },
      "location-after-char-start": 9925,
      "location-after-char-end": 9930,
      "node-str": "false"
    },
    {
      "type": "insert-node",
      "node": {
        "label": "false",
        "type": "BooleanLiteral"
      },
      "location-after-char-start": 10022,
      "location-after-char-end": 10027,
      "node-str": "false"
    },
    {
      "type": "insert-node",
      "node": {
        "label": "false",
        "type": "BooleanLiteral"
      },
      "location-after-char-start": 10118,
      "location-after-char-end": 10123,
      "node-str": "false"
    },
    {
      "type": "insert-node",
      "node": {
        "label": "true",
        "type": "BooleanLiteral"
      },
      "location-after-char-start": 10183,
      "location-after-char-end": 10187,
      "node-str": "true"
    },
    {
      "type": "insert-node",
      "node": {
        "label": "false",
        "type": "BooleanLiteral"
      },
      "location-after-char-start": 10278,
      "location-after-char-end": 10283,
      "node-str": "false"
    },
    {
      "type": "insert-node",
      "node": {
        "label": "",
        "type": "MethodInvocation"
      },
      "location-after-char-start": 10445,
      "location-after-char-end": 10472,
      "node-str": ""
    },
    {
      "type": "insert-node",
      "node": {
        "label": "",
        "type": "METHOD_INVOCATION_RECEIVER"
      },
      "location-after-char-start": 2349,
      "location-after-char-end": 2375,
      "node-str": ""
    },
    {
      "type": "insert-node",
      "node": {
        "label": "registerComponent",
        "type": "SimpleName"
      },
      "location-after-char-start": 2376,
      "location-after-char-end": 2393,
      "node-str": "registerComponent"
    },
    {
      "type": "move-subtree",
      "node": {
        "label": "",
        "type": "METHOD_INVOCATION_ARGUMENTS"
      },
      "location-before-char-start": 2254,
      "location-before-char-end": 2258,
      "location-after-char-start": 2394,
      "location-after-char-end": 2398,
      "node-str": ""
    },
    {
      "type": "insert-node",
      "node": {
        "label": "",
        "type": "METHOD_INVOCATION_RECEIVER"
      },
      "location-after-char-start": 9466,
      "location-after-char-end": 9470,
      "node-str": ""
    },
    {
      "type": "insert-node",
      "node": {
        "label": "removeSelected",
        "type": "SimpleName"
      },
      "location-after-char-start": 9471,
      "location-after-char-end": 9485,
      "node-str": "removeSelected"
    },
    {
      "type": "insert-node",
      "node": {
        "label": "",
        "type": "METHOD_INVOCATION_RECEIVER"
      },
      "location-after-char-start": 9519,
      "location-after-char-end": 9523,
      "node-str": ""
    },
    {
      "type": "insert-node",
      "node": {
        "label": "removeSelected",
        "type": "SimpleName"
      },
      "location-after-char-start": 9524,
      "location-after-char-end": 9538,
      "node-str": "removeSelected"
    },
    {
      "type": "insert-node",
      "node": {
        "label": "",
        "type": "METHOD_INVOCATION_RECEIVER"
      },
      "location-after-char-start": 9592,
      "location-after-char-end": 9596,
      "node-str": ""
    },
    {
      "type": "insert-node",
      "node": {
        "label": "getTable",
        "type": "SimpleName"
      },
      "location-after-char-start": 9597,
      "location-after-char-end": 9605,
      "node-str": "getTable"
    },
    {
      "type": "insert-node",
      "node": {
        "label": "",
        "type": "MethodInvocation"
      },
      "location-after-char-start": 9756,
      "location-after-char-end": 9779,
      "node-str": ""
    },
    {
      "type": "insert-node",
      "node": {
        "label": "\u003e",
        "type": "INFIX_EXPRESSION_OPERATOR"
      },
      "location-after-char-start": 9780,
      "location-after-char-end": 9781,
      "node-str": "\u003e"
    },
    {
      "type": "insert-node",
      "node": {
        "label": "0",
        "type": "NumberLiteral"
      },
      "location-after-char-start": 9782,
      "location-after-char-end": 9783,
      "node-str": "0"
    },
    {
      "type": "insert-node",
      "node": {
        "label": "true",
        "type": "BooleanLiteral"
      },
      "location-after-char-start": 9795,
      "location-after-char-end": 9799,
      "node-str": "true"
    },
    {
      "type": "insert-node",
      "node": {
        "label": "",
        "type": "MethodInvocation"
      },
      "location-after-char-start": 9870,
      "location-after-char-end": 9893,
      "node-str": ""
    },
    {
      "type": "insert-node",
      "node": {
        "label": "\u003e",
        "type": "INFIX_EXPRESSION_OPERATOR"
      },
      "location-after-char-start": 9894,
      "location-after-char-end": 9895,
      "node-str": "\u003e"
    },
    {
      "type": "insert-node",
      "node": {
        "label": "0",
        "type": "NumberLiteral"
      },
      "location-after-char-start": 9896,
      "location-after-char-end": 9897,
      "node-str": "0"
    },
    {
      "type": "insert-node",
      "node": {
        "label": "true",
        "type": "BooleanLiteral"
      },
      "location-after-char-start": 9909,
      "location-after-char-end": 9913,
      "node-str": "true"
    },
    {
      "type": "move-subtree",
      "node": {
        "label": "",
        "type": "METHOD_INVOCATION_RECEIVER"
      },
      "location-before-char-start": 2223,
      "location-before-char-end": 2238,
      "location-after-char-start": 10445,
      "location-after-char-end": 10460,
      "node-str": ""
    },
    {
      "type": "insert-node",
      "node": {
        "label": "selectAll",
        "type": "SimpleName"
      },
      "location-after-char-start": 10461,
      "location-after-char-end": 10470,
      "node-str": "selectAll"
    },
    {
      "type": "insert-node",
      "node": {
        "label": "MainInterface.focusManager",
        "type": "QualifiedName"
      },
      "location-after-char-start": 2349,
      "location-after-char-end": 2375,
      "node-str": "MainInterface.focusManager"
    },
    {
      "type": "insert-node",
      "node": {
        "label": "view",
        "type": "SimpleName"
      },
      "location-after-char-start": 9466,
      "location-after-char-end": 9470,
      "node-str": "view"
    },
    {
      "type": "insert-node",
      "node": {
        "label": "view",
        "type": "SimpleName"
      },
      "location-after-char-start": 9519,
      "location-after-char-end": 9523,
      "node-str": "view"
    },
    {
      "type": "insert-node",
      "node": {
        "label": "view",
        "type": "SimpleName"
      },
      "location-after-char-start": 9592,
      "location-after-char-end": 9596,
      "node-str": "view"
    },
    {
      "type": "move-subtree",
      "node": {
        "label": "",
        "type": "METHOD_INVOCATION_RECEIVER"
      },
      "location-before-char-start": 7387,
      "location-before-char-end": 7391,
      "location-after-char-start": 9756,
      "location-after-char-end": 9760,
      "node-str": ""
    },
    {
      "type": "insert-node",
      "node": {
        "label": "getSelectedCount",
        "type": "SimpleName"
      },
      "location-after-char-start": 9761,
      "location-after-char-end": 9777,
      "node-str": "getSelectedCount"
    },
    {
      "type": "insert-node",
      "node": {
        "label": "",
        "type": "METHOD_INVOCATION_RECEIVER"
      },
      "location-after-char-start": 9870,
      "location-after-char-end": 9874,
      "node-str": ""
    },
    {
      "type": "insert-node",
      "node": {
        "label": "getSelectedCount",
        "type": "SimpleName"
      },
      "location-after-char-start": 9875,
      "location-after-char-end": 9891,
      "node-str": "getSelectedCount"
    },
    {
      "type": "insert-node",
      "node": {
        "label": "view",
        "type": "SimpleName"
      },
      "location-after-char-start": 9870,
      "location-after-char-end": 9874,
      "node-str": "view"
    },
    {
      "type": "delete-node",
      "node": {
        "label": "java.awt.event.KeyEvent",
        "type": "QualifiedName"
      },
      "location-before-char-start": 983,
      "location-before-char-end": 1006,
      "node-str": "java.awt.event.KeyEvent"
    },
    {
      "type": "delete-node",
      "node": {
        "label": "",
        "type": "ImportDeclaration"
      },
      "location-before-char-start": 976,
      "location-before-char-end": 1007,
      "node-str": ""
    },
    {
      "type": "delete-node",
      "node": {
        "label": "java.awt.event.KeyListener",
        "type": "QualifiedName"
      },
      "location-before-char-start": 1015,
      "location-before-char-end": 1041,
      "node-str": "java.awt.event.KeyListener"
    },
    {
      "type": "delete-node",
      "node": {
        "label": "",
        "type": "ImportDeclaration"
      },
      "location-before-char-start": 1008,
      "location-before-char-end": 1042,
      "node-str": ""
    },
    {
      "type": "delete-node",
      "node": {
        "label": "public",
        "type": "Modifier"
      },
      "location-before-char-start": 1856,
      "location-before-char-end": 1862,
      "node-str": "public"
    },
    {
      "type": "delete-node",
      "node": {
        "label": "class",
        "type": "TYPE_DECLARATION_KIND"
      },
      "location-before-char-start": 1863,
      "location-before-char-end": 1868,
      "node-str": "class"
    },
    {
      "type": "delete-node",
      "node": {
        "label": "HeaderController",
        "type": "SimpleName"
      },
      "location-before-char-start": 1869,
      "location-before-char-end": 1885,
      "node-str": "HeaderController"
    },
    {
      "type": "delete-node",
      "node": {
        "label": "KeyListener",
        "type": "SimpleName"
      },
      "location-before-char-start": 1918,
      "location-before-char-end": 1929,
      "node-str": "KeyListener"
    },
    {
      "type": "delete-node",
      "node": {
        "label": "",
        "type": "SimpleType"
      },
      "location-before-char-start": 1918,
      "location-before-char-end": 1929,
      "node-str": ""
    },
    {
      "type": "delete-node",
      "node": {
        "label": "public",
        "type": "Modifier"
      },
      "location-before-char-start": 2099,
      "location-before-char-end": 2105,
      "node-str": "public"
    },
    {
      "type": "delete-node",
      "node": {
        "label": "HeaderController",
        "type": "SimpleName"
      },
      "location-before-char-start": 2106,
      "location-before-char-end": 2122,
      "node-str": "HeaderController"
    },
    {
      "type": "delete-node",
      "node": {
        "label": "addKeyListener",
        "type": "SimpleName"
      },
      "location-before-char-start": 2239,
      "location-before-char-end": 2253,
      "node-str": "addKeyListener"
    },
    {
      "type": "delete-node",
      "node": {
        "label": "",
        "type": "MethodInvocation"
      },
      "location-before-char-start": 2223,
      "location-before-char-end": 2259,
      "node-str": ""
    },
    {
      "type": "delete-node",
      "node": {
        "label": "",
        "type": "ExpressionStatement"
      },
      "location-before-char-start": 2223,
      "location-before-char-end": 2260,
      "node-str": ""
    },
    {
      "type": "delete-node",
      "node": {
        "label": "",
        "type": "Block"
      },
      "location-before-char-start": 2154,
      "location-before-char-end": 2380,
      "node-str": ""
    },
    {
      "type": "delete-node",
      "node": {
        "label": "",
        "type": "MethodDeclaration"
      },
      "location-before-char-start": 2099,
      "location-before-char-end": 2380,
      "node-str": ""
    },
    {
      "type": "delete-node",
      "node": {
        "label": "Key Listener ",
        "type": "TextElement"
      },
      "location-before-char-start": 7231,
      "location-before-char-end": 7244,
      "node-str": "Key Listener "
    },
    {
      "type": "delete-node",
      "node": {
        "label": "",
        "type": "TagElement"
      },
      "location-before-char-start": 7231,
      "location-before-char-end": 7244,
      "node-str": ""
    },
    {
      "type": "delete-node",
      "node": {
        "label": "",
        "type": "Javadoc"
      },
      "location-before-char-start": 7211,
      "location-before-char-end": 7273,
      "node-str": ""
    },
    {
      "type": "delete-node",
      "node": {
        "label": "public",
        "type": "Modifier"
      },
      "location-before-char-start": 7276,
      "location-before-char-end": 7282,
      "node-str": "public"
    },
    {
      "type": "delete-node",
      "node": {
        "label": "void",
        "type": "PrimitiveType"
      },
      "location-before-char-start": 7283,
      "location-before-char-end": 7287,
      "node-str": "void"
    },
    {
      "type": "delete-node",
      "node": {
        "label": "keyPressed",
        "type": "SimpleName"
      },
      "location-before-char-start": 7288,
      "location-before-char-end": 7298,
      "node-str": "keyPressed"
    },
    {
      "type": "delete-node",
      "node": {
        "label": "KeyEvent",
        "type": "SimpleName"
      },
      "location-before-char-start": 7299,
      "location-before-char-end": 7307,
      "node-str": "KeyEvent"
    },
    {
      "type": "delete-node",
      "node": {
        "label": "",
        "type": "SimpleType"
      },
      "location-before-char-start": 7299,
      "location-before-char-end": 7307,
      "node-str": ""
    },
    {
      "type": "delete-node",
      "node": {
        "label": "k",
        "type": "SimpleName"
      },
      "location-before-char-start": 7308,
      "location-before-char-end": 7309,
      "node-str": "k"
    },
    {
      "type": "delete-node",
      "node": {
        "label": "",
        "type": "SingleVariableDeclaration"
      },
      "location-before-char-start": 7299,
      "location-before-char-end": 7309,
      "node-str": ""
    },
    {
      "type": "delete-node",
      "node": {
        "label": "k",
        "type": "SimpleName"
      },
      "location-before-char-start": 7323,
      "location-before-char-end": 7324,
      "node-str": "k"
    },
    {
      "type": "delete-node",
      "node": {
        "label": "",
        "type": "METHOD_INVOCATION_RECEIVER"
      },
      "location-before-char-start": 7323,
      "location-before-char-end": 7324,
      "node-str": ""
    },
    {
      "type": "delete-node",
      "node": {
        "label": "getKeyCode",
        "type": "SimpleName"
      },
      "location-before-char-start": 7325,
      "location-before-char-end": 7335,
      "node-str": "getKeyCode"
    },
    {
      "type": "delete-node",
      "node": {
        "label": "",
        "type": "MethodInvocation"
      },
      "location-before-char-start": 7323,
      "location-before-char-end": 7337,
      "node-str": ""
    },
    {
      "type": "delete-node",
      "node": {
        "label": "KeyEvent.VK_DELETE",
        "type": "QualifiedName"
      },
      "location-before-char-start": 7350,
      "location-before-char-end": 7368,
      "node-str": "KeyEvent.VK_DELETE"
    },
    {
      "type": "delete-node",
      "node": {
        "label": "",
        "type": "ParenthesizedExpression"
      },
      "location-before-char-start": 7349,
      "location-before-char-end": 7369,
      "node-str": ""
    },
    {
      "type": "delete-node",
      "node": {
        "label": "",
        "type": "SwitchCase"
      },
      "location-before-char-start": 7344,
      "location-before-char-end": 7371,
      "node-str": ""
    },
    {
      "type": "delete-node",
      "node": {
        "label": "count",
        "type": "SimpleName"
      },
      "location-before-char-start": 7392,
      "location-before-char-end": 7397,
      "node-str": "count"
    },
    {
      "type": "delete-node",
      "node": {
        "label": "",
        "type": "MethodInvocation"
      },
      "location-before-char-start": 7387,
      "location-before-char-end": 7399,
      "node-str": ""
    },
    {
      "type": "delete-node",
      "node": {
        "label": "\u003e",
        "type": "INFIX_EXPRESSION_OPERATOR"
      },
      "location-before-char-start": 7400,
      "location-before-char-end": 7401,
      "node-str": "\u003e"
    },
    {
      "type": "delete-node",
      "node": {
        "label": "1",
        "type": "NumberLiteral"
      },
      "location-before-char-start": 7402,
      "location-before-char-end": 7403,
      "node-str": "1"
    },
    {
      "type": "delete-node",
      "node": {
        "label": "",
        "type": "InfixExpression"
      },
      "location-before-char-start": 7387,
      "location-before-char-end": 7403,
      "node-str": ""
    },
    {
      "type": "delete-node",
      "node": {
        "label": "removeSelected",
        "type": "SimpleName"
      },
      "location-before-char-start": 7411,
      "location-before-char-end": 7425,
      "node-str": "removeSelected"
    },
    {
      "type": "delete-node",
      "node": {
        "label": "",
        "type": "MethodInvocation"
      },
      "location-before-char-start": 7411,
      "location-before-char-end": 7427,
      "node-str": ""
    },
    {
      "type": "delete-node",
      "node": {
        "label": "",
        "type": "ExpressionStatement"
      },
      "location-before-char-start": 7411,
      "location-before-char-end": 7428,
      "node-str": ""
    },
    {
      "type": "delete-node",
      "node": {
        "label": "",
        "type": "IfStatement"
      },
      "location-before-char-start": 7383,
      "location-before-char-end": 7428,
      "node-str": ""
    },
    {
      "type": "delete-node",
      "node": {
        "label": "",
        "type": "BreakStatement"
      },
      "location-before-char-start": 7434,
      "location-before-char-end": 7440,
      "node-str": ""
    },
    {
      "type": "delete-node",
      "node": {
        "label": "",
        "type": "Block"
      },
      "location-before-char-start": 7376,
      "location-before-char-end": 7446,
      "node-str": ""
    },
    {
      "type": "delete-node",
      "node": {
        "label": "",
        "type": "SwitchStatement"
      },
      "location-before-char-start": 7315,
      "location-before-char-end": 7450,
      "node-str": ""
    },
    {
      "type": "delete-node",
      "node": {
        "label": "",
        "type": "Block"
      },
      "location-before-char-start": 7311,
      "location-before-char-end": 7453,
      "node-str": ""
    },
    {
      "type": "delete-node",
      "node": {
        "label": "",
        "type": "MethodDeclaration"
      },
      "location-before-char-start": 7211,
      "location-before-char-end": 7453,
      "node-str": ""
    },
    {
      "type": "delete-node",
      "node": {
        "label": "public",
        "type": "Modifier"
      },
      "location-before-char-start": 7456,
      "location-before-char-end": 7462,
      "node-str": "public"
    },
    {
      "type": "delete-node",
      "node": {
        "label": "void",
        "type": "PrimitiveType"
      },
      "location-before-char-start": 7463,
      "location-before-char-end": 7467,
      "node-str": "void"
    },
    {
      "type": "delete-node",
      "node": {
        "label": "keyReleased",
        "type": "SimpleName"
      },
      "location-before-char-start": 7468,
      "location-before-char-end": 7479,
      "node-str": "keyReleased"
    },
    {
      "type": "delete-node",
      "node": {
        "label": "KeyEvent",
        "type": "SimpleName"
      },
      "location-before-char-start": 7480,
      "location-before-char-end": 7488,
      "node-str": "KeyEvent"
    },
    {
      "type": "delete-node",
      "node": {
        "label": "",
        "type": "SimpleType"
      },
      "location-before-char-start": 7480,
      "location-before-char-end": 7488,
      "node-str": ""
    },
    {
      "type": "delete-node",
      "node": {
        "label": "k",
        "type": "SimpleName"
      },
      "location-before-char-start": 7489,
      "location-before-char-end": 7490,
      "node-str": "k"
    },
    {
      "type": "delete-node",
      "node": {
        "label": "",
        "type": "SingleVariableDeclaration"
      },
      "location-before-char-start": 7480,
      "location-before-char-end": 7490,
      "node-str": ""
    },
    {
      "type": "delete-node",
      "node": {
        "label": "",
        "type": "Block"
      },
      "location-before-char-start": 7492,
      "location-before-char-end": 7494,
      "node-str": ""
    },
    {
      "type": "delete-node",
      "node": {
        "label": "",
        "type": "MethodDeclaration"
      },
      "location-before-char-start": 7456,
      "location-before-char-end": 7494,
      "node-str": ""
    },
    {
      "type": "delete-node",
      "node": {
        "label": "public",
        "type": "Modifier"
      },
      "location-before-char-start": 7496,
      "location-before-char-end": 7502,
      "node-str": "public"
    },
    {
      "type": "delete-node",
      "node": {
        "label": "void",
        "type": "PrimitiveType"
      },
      "location-before-char-start": 7503,
      "location-before-char-end": 7507,
      "node-str": "void"
    },
    {
      "type": "delete-node",
      "node": {
        "label": "keyTyped",
        "type": "SimpleName"
      },
      "location-before-char-start": 7508,
      "location-before-char-end": 7516,
      "node-str": "keyTyped"
    },
    {
      "type": "delete-node",
      "node": {
        "label": "KeyEvent",
        "type": "SimpleName"
      },
      "location-before-char-start": 7517,
      "location-before-char-end": 7525,
      "node-str": "KeyEvent"
    },
    {
      "type": "delete-node",
      "node": {
        "label": "",
        "type": "SimpleType"
      },
      "location-before-char-start": 7517,
      "location-before-char-end": 7525,
      "node-str": ""
    },
    {
      "type": "delete-node",
      "node": {
        "label": "k",
        "type": "SimpleName"
      },
      "location-before-char-start": 7526,
      "location-before-char-end": 7527,
      "node-str": "k"
    },
    {
      "type": "delete-node",
      "node": {
        "label": "",
        "type": "SingleVariableDeclaration"
      },
      "location-before-char-start": 7517,
      "location-before-char-end": 7527,
      "node-str": ""
    },
    {
      "type": "delete-node",
      "node": {
        "label": "",
        "type": "Block"
      },
      "location-before-char-start": 7529,
      "location-before-char-end": 7531,
      "node-str": ""
    },
    {
      "type": "delete-node",
      "node": {
        "label": "",
        "type": "MethodDeclaration"
      },
      "location-before-char-start": 7496,
      "location-before-char-end": 7531,
      "node-str": ""
    },
    {
      "type": "delete-node",
      "node": {
        "label": "",
        "type": "TypeDeclaration"
      },
      "location-before-char-start": 1609,
      "location-before-char-end": 9056,
      "node-str": ""
    }
  ],
  "before-file": {},
  "after-file": {},
  "mapping": {}
}