{
  "tool-info": {},
  "diff": [
    {
      "type": "insert-node",
      "node": {
        "label": "J2eeDeployer",
        "type": "Class"
      },
      "location-after-char-start": 1580,
      "location-after-char-end": 25309,
      "node-str": "J2eeDeployer"
    },
    {
      "type": "insert-node",
      "node": {
        "label": "public",
        "type": "Modifier"
      },
      "location-after-char-start": 0,
      "location-after-char-end": 0,
      "node-str": "public"
    },
    {
      "type": "insert-node",
      "node": {
        "label": "",
        "type": "TypeReference"
      },
      "location-after-char-start": 2526,
      "location-after-char-end": 2544,
      "node-str": ""
    },
    {
      "type": "insert-node",
      "node": {
        "label": "DEPLOYMENT_DIR",
        "type": "Field"
      },
      "location-after-char-start": 2580,
      "location-after-char-end": 2683,
      "node-str": "DEPLOYMENT_DIR"
    },
    {
      "type": "insert-node",
      "node": {
        "label": "CONFIG",
        "type": "Field"
      },
      "location-after-char-start": 2746,
      "location-after-char-end": 2792,
      "node-str": "CONFIG"
    },
    {
      "type": "insert-node",
      "node": {
        "label": "EASY",
        "type": "Field"
      },
      "location-after-char-start": 2802,
      "location-after-char-end": 2834,
      "node-str": "EASY"
    },
    {
      "type": "insert-node",
      "node": {
        "label": "RESTRICTIVE",
        "type": "Field"
      },
      "location-after-char-start": 2837,
      "location-after-char-end": 2876,
      "node-str": "RESTRICTIVE"
    },
    {
      "type": "insert-node",
      "node": {
        "label": "server",
        "type": "Field"
      },
      "location-after-char-start": 2882,
      "location-after-char-end": 3110,
      "node-str": "server"
    },
    {
      "type": "insert-node",
      "node": {
        "label": "name",
        "type": "Field"
      },
      "location-after-char-start": 3116,
      "location-after-char-end": 3215,
      "node-str": "name"
    },
    {
      "type": "insert-node",
      "node": {
        "label": "jarDeployer",
        "type": "Field"
      },
      "location-after-char-start": 3224,
      "location-after-char-end": 3372,
      "node-str": "jarDeployer"
    },
    {
      "type": "insert-node",
      "node": {
        "label": "warDeployer",
        "type": "Field"
      },
      "location-after-char-start": 3377,
      "location-after-char-end": 3409,
      "node-str": "warDeployer"
    },
    {
      "type": "insert-node",
      "node": {
        "label": "jarDeployerName",
        "type": "Field"
      },
      "location-after-char-start": 3418,
      "location-after-char-end": 3440,
      "node-str": "jarDeployerName"
    },
    {
      "type": "insert-node",
      "node": {
        "label": "warDeployerName",
        "type": "Field"
      },
      "location-after-char-start": 3445,
      "location-after-char-end": 3467,
      "node-str": "warDeployerName"
    },
    {
      "type": "insert-node",
      "node": {
        "label": "classpathPolicy",
        "type": "Field"
      },
      "location-after-char-start": 3474,
      "location-after-char-end": 3500,
      "node-str": "classpathPolicy"
    },
    {
      "type": "insert-node",
      "node": {
        "label": "installer",
        "type": "Field"
      },
      "location-after-char-start": 3511,
      "location-after-char-end": 3631,
      "node-str": "installer"
    },
    {
      "type": "move-subtree",
      "node": {
        "label": "main",
        "type": "Method"
      },
      "location-before-char-start": 3640,
      "location-before-char-end": 3849,
      "location-after-char-start": 3640,
      "location-after-char-end": 3849,
      "node-str": "main"
    },
    {
      "type": "move-subtree",
      "node": {
        "label": "\u003cinit\u003e",
        "type": "Constructor"
      },
      "location-before-char-start": 3858,
      "location-before-char-end": 4040,
      "location-after-char-start": 3858,
      "location-after-char-end": 4040,
      "node-str": "\u003cinit\u003e"
    },
    {
      "type": "move-subtree",
      "node": {
        "label": "\u003cinit\u003e",
        "type": "Constructor"
      },
      "location-before-char-start": 4049,
      "location-before-char-end": 4256,
      "location-after-char-start": 4049,
      "location-after-char-end": 4256,
      "node-str": "\u003cinit\u003e"
    },
    {
      "type": "move-subtree",
      "node": {
        "label": "setDeployerName",
        "type": "Method"
      },
      "location-before-char-start": 4265,
      "location-before-char-end": 4427,
      "location-after-char-start": 4265,
      "location-after-char-end": 4427,
      "node-str": "setDeployerName"
    },
    {
      "type": "move-subtree",
      "node": {
        "label": "getDeployerName",
        "type": "Method"
      },
      "location-before-char-start": 4436,
      "location-before-char-end": 4502,
      "location-after-char-start": 4436,
      "location-after-char-end": 4502,
      "node-str": "getDeployerName"
    },
    {
      "type": "move-subtree",
      "node": {
        "label": "setJarDeployerName",
        "type": "Method"
      },
      "location-before-char-start": 4511,
      "location-before-char-end": 4620,
      "location-after-char-start": 4511,
      "location-after-char-end": 4620,
      "node-str": "setJarDeployerName"
    },
    {
      "type": "move-subtree",
      "node": {
        "label": "getJarDeployerName",
        "type": "Method"
      },
      "location-before-char-start": 4629,
      "location-before-char-end": 4702,
      "location-after-char-start": 4629,
      "location-after-char-end": 4702,
      "node-str": "getJarDeployerName"
    },
    {
      "type": "move-subtree",
      "node": {
        "label": "setWarDeployerName",
        "type": "Method"
      },
      "location-before-char-start": 4711,
      "location-before-char-end": 4820,
      "location-after-char-start": 4711,
      "location-after-char-end": 4820,
      "node-str": "setWarDeployerName"
    },
    {
      "type": "move-subtree",
      "node": {
        "label": "getWarDeployerName",
        "type": "Method"
      },
      "location-before-char-start": 4826,
      "location-before-char-end": 4899,
      "location-after-char-start": 4826,
      "location-after-char-end": 4899,
      "node-str": "getWarDeployerName"
    },
    {
      "type": "move-subtree",
      "node": {
        "label": "getDeployableFilter",
        "type": "Method"
      },
      "location-before-char-start": 4905,
      "location-before-char-end": 5382,
      "location-after-char-start": 4905,
      "location-after-char-end": 5382,
      "node-str": "getDeployableFilter"
    },
    {
      "type": "insert-node",
      "node": {
        "label": "deploy",
        "type": "Method"
      },
      "location-after-char-start": 5391,
      "location-after-char-end": 8016,
      "node-str": "deploy"
    },
    {
      "type": "move-subtree",
      "node": {
        "label": "undeploy",
        "type": "Method"
      },
      "location-before-char-start": 8011,
      "location-before-char-end": 8891,
      "location-after-char-start": 8025,
      "location-after-char-end": 8905,
      "node-str": "undeploy"
    },
    {
      "type": "move-subtree",
      "node": {
        "label": "isDeployed",
        "type": "Method"
      },
      "location-before-char-start": 8900,
      "location-before-char-end": 9640,
      "location-after-char-start": 8914,
      "location-after-char-end": 9654,
      "node-str": "isDeployed"
    },
    {
      "type": "move-subtree",
      "node": {
        "label": "getName",
        "type": "Method"
      },
      "location-before-char-start": 9649,
      "location-before-char-end": 9793,
      "location-after-char-start": 9663,
      "location-after-char-end": 9807,
      "node-str": "getName"
    },
    {
      "type": "move-subtree",
      "node": {
        "label": "getObjectName",
        "type": "Method"
      },
      "location-before-char-start": 9802,
      "location-before-char-end": 10040,
      "location-after-char-start": 9816,
      "location-after-char-end": 10054,
      "node-str": "getObjectName"
    },
    {
      "type": "move-subtree",
      "node": {
        "label": "initService",
        "type": "Method"
      },
      "location-before-char-start": 10049,
      "location-before-char-end": 10832,
      "location-after-char-start": 10063,
      "location-after-char-end": 10846,
      "node-str": "initService"
    },
    {
      "type": "move-subtree",
      "node": {
        "label": "startService",
        "type": "Method"
      },
      "location-before-char-start": 10841,
      "location-before-char-end": 11236,
      "location-after-char-start": 10855,
      "location-after-char-end": 11250,
      "node-str": "startService"
    },
    {
      "type": "move-subtree",
      "node": {
        "label": "stopService",
        "type": "Method"
      },
      "location-before-char-start": 11249,
      "location-before-char-end": 11874,
      "location-after-char-start": 11263,
      "location-after-char-end": 11888,
      "node-str": "stopService"
    },
    {
      "type": "move-subtree",
      "node": {
        "label": "installApplication",
        "type": "Method"
      },
      "location-before-char-start": 11883,
      "location-before-char-end": 12685,
      "location-after-char-start": 11897,
      "location-after-char-end": 12699,
      "node-str": "installApplication"
    },
    {
      "type": "move-subtree",
      "node": {
        "label": "uninstallApplication",
        "type": "Method"
      },
      "location-before-char-start": 12698,
      "location-before-char-end": 13166,
      "location-after-char-start": 12712,
      "location-after-char-end": 13180,
      "node-str": "uninstallApplication"
    },
    {
      "type": "move-subtree",
      "node": {
        "label": "uninstallApplication",
        "type": "Method"
      },
      "location-before-char-start": 13173,
      "location-before-char-end": 13324,
      "location-after-char-start": 13187,
      "location-after-char-end": 13338,
      "node-str": "uninstallApplication"
    },
    {
      "type": "insert-node",
      "node": {
        "label": "startApplication",
        "type": "Method"
      },
      "location-after-char-start": 13346,
      "location-after-char-end": 17028,
      "node-str": "startApplication"
    },
    {
      "type": "move-subtree",
      "node": {
        "label": "stopApplication",
        "type": "Method"
      },
      "location-before-char-start": 16976,
      "location-before-char-end": 18625,
      "location-after-char-start": 17037,
      "location-after-char-end": 18686,
      "node-str": "stopApplication"
    },
    {
      "type": "move-subtree",
      "node": {
        "label": "stopModule",
        "type": "Method"
      },
      "location-before-char-start": 18631,
      "location-before-char-end": 19933,
      "location-after-char-start": 18692,
      "location-after-char-end": 19994,
      "node-str": "stopModule"
    },
    {
      "type": "move-subtree",
      "node": {
        "label": "checkApplication",
        "type": "Method"
      },
      "location-before-char-start": 19939,
      "location-before-char-end": 21642,
      "location-after-char-start": 20000,
      "location-after-char-end": 21703,
      "node-str": "checkApplication"
    },
    {
      "type": "move-subtree",
      "node": {
        "label": "checkModule",
        "type": "Method"
      },
      "location-before-char-start": 21648,
      "location-before-char-end": 22501,
      "location-after-char-start": 21709,
      "location-after-char-end": 22562,
      "node-str": "checkModule"
    },
    {
      "type": "move-subtree",
      "node": {
        "label": "warDeployerAvailable",
        "type": "Method"
      },
      "location-before-char-start": 22509,
      "location-before-char-end": 22751,
      "location-after-char-start": 22570,
      "location-after-char-end": 22812,
      "node-str": "warDeployerAvailable"
    },
    {
      "type": "move-subtree",
      "node": {
        "label": "createContextClassLoader",
        "type": "Method"
      },
      "location-before-char-start": 22758,
      "location-before-char-end": 23867,
      "location-after-char-start": 22819,
      "location-after-char-end": 23928,
      "node-str": "createContextClassLoader"
    },
    {
      "type": "insert-node",
      "node": {
        "label": "convert2Application",
        "type": "Method"
      },
      "location-after-char-start": 23937,
      "location-after-char-end": 25307,
      "node-str": "convert2Application"
    },
    {
      "type": "insert-node",
      "node": {
        "label": "org.jboss.util.ServiceMBeanSupport",
        "type": "SUPER_TYPE"
      },
      "location-after-char-start": 0,
      "location-after-char-end": 0,
      "node-str": "org.jboss.util.ServiceMBeanSupport"
    },
    {
      "type": "insert-node",
      "node": {
        "label": "java.io.File",
        "type": "VARIABLE_TYPE"
      },
      "location-after-char-start": 0,
      "location-after-char-end": 0,
      "node-str": "java.io.File"
    },
    {
      "type": "insert-node",
      "node": {
        "label": "public",
        "type": "Modifier"
      },
      "location-after-char-start": 0,
      "location-after-char-end": 0,
      "node-str": "public"
    },
    {
      "type": "insert-node",
      "node": {
        "label": "null",
        "type": "Literal"
      },
      "location-after-char-start": 2679,
      "location-after-char-end": 2682,
      "node-str": "null"
    },
    {
      "type": "insert-node",
      "node": {
        "label": "java.lang.String",
        "type": "VARIABLE_TYPE"
      },
      "location-after-char-start": 0,
      "location-after-char-end": 0,
      "node-str": "java.lang.String"
    },
    {
      "type": "insert-node",
      "node": {
        "label": "public",
        "type": "Modifier"
      },
      "location-after-char-start": 0,
      "location-after-char-end": 0,
      "node-str": "public"
    },
    {
      "type": "insert-node",
      "node": {
        "label": "static",
        "type": "Modifier"
      },
      "location-after-char-start": 0,
      "location-after-char-end": 0,
      "node-str": "static"
    },
    {
      "type": "insert-node",
      "node": {
        "label": "\"deployment.cfg\"",
        "type": "Literal"
      },
      "location-after-char-start": 2776,
      "location-after-char-end": 2791,
      "node-str": "\"deployment.cfg\""
    },
    {
      "type": "insert-node",
      "node": {
        "label": "int",
        "type": "VARIABLE_TYPE"
      },
      "location-after-char-start": 0,
      "location-after-char-end": 0,
      "node-str": "int"
    },
    {
      "type": "insert-node",
      "node": {
        "label": "final",
        "type": "Modifier"
      },
      "location-after-char-start": 0,
      "location-after-char-end": 0,
      "node-str": "final"
    },
    {
      "type": "insert-node",
      "node": {
        "label": "public",
        "type": "Modifier"
      },
      "location-after-char-start": 0,
      "location-after-char-end": 0,
      "node-str": "public"
    },
    {
      "type": "insert-node",
      "node": {
        "label": "static",
        "type": "Modifier"
      },
      "location-after-char-start": 0,
      "location-after-char-end": 0,
      "node-str": "static"
    },
    {
      "type": "insert-node",
      "node": {
        "label": "0",
        "type": "Literal"
      },
      "location-after-char-start": 2833,
      "location-after-char-end": 2833,
      "node-str": "0"
    },
    {
      "type": "insert-node",
      "node": {
        "label": "int",
        "type": "VARIABLE_TYPE"
      },
      "location-after-char-start": 0,
      "location-after-char-end": 0,
      "node-str": "int"
    },
    {
      "type": "insert-node",
      "node": {
        "label": "final",
        "type": "Modifier"
      },
      "location-after-char-start": 0,
      "location-after-char-end": 0,
      "node-str": "final"
    },
    {
      "type": "insert-node",
      "node": {
        "label": "public",
        "type": "Modifier"
      },
      "location-after-char-start": 0,
      "location-after-char-end": 0,
      "node-str": "public"
    },
    {
      "type": "insert-node",
      "node": {
        "label": "static",
        "type": "Modifier"
      },
      "location-after-char-start": 0,
      "location-after-char-end": 0,
      "node-str": "static"
    },
    {
      "type": "insert-node",
      "node": {
        "label": "1",
        "type": "Literal"
      },
      "location-after-char-start": 2875,
      "location-after-char-end": 2875,
      "node-str": "1"
    },
    {
      "type": "insert-node",
      "node": {
        "label": "javax.management.MBeanServer",
        "type": "VARIABLE_TYPE"
      },
      "location-after-char-start": 0,
      "location-after-char-end": 0,
      "node-str": "javax.management.MBeanServer"
    },
    {
      "type": "insert-node",
      "node": {
        "label": "protected",
        "type": "Modifier"
      },
      "location-after-char-start": 0,
      "location-after-char-end": 0,
      "node-str": "protected"
    },
    {
      "type": "insert-node",
      "node": {
        "label": "java.lang.String",
        "type": "VARIABLE_TYPE"
      },
      "location-after-char-start": 0,
      "location-after-char-end": 0,
      "node-str": "java.lang.String"
    },
    {
      "type": "insert-node",
      "node": {
        "label": "protected",
        "type": "Modifier"
      },
      "location-after-char-start": 0,
      "location-after-char-end": 0,
      "node-str": "protected"
    },
    {
      "type": "insert-node",
      "node": {
        "label": "javax.management.ObjectName",
        "type": "VARIABLE_TYPE"
      },
      "location-after-char-start": 0,
      "location-after-char-end": 0,
      "node-str": "javax.management.ObjectName"
    },
    {
      "type": "insert-node",
      "node": {
        "label": "protected",
        "type": "Modifier"
      },
      "location-after-char-start": 0,
      "location-after-char-end": 0,
      "node-str": "protected"
    },
    {
      "type": "insert-node",
      "node": {
        "label": "javax.management.ObjectName",
        "type": "VARIABLE_TYPE"
      },
      "location-after-char-start": 0,
      "location-after-char-end": 0,
      "node-str": "javax.management.ObjectName"
    },
    {
      "type": "insert-node",
      "node": {
        "label": "protected",
        "type": "Modifier"
      },
      "location-after-char-start": 0,
      "location-after-char-end": 0,
      "node-str": "protected"
    },
    {
      "type": "insert-node",
      "node": {
        "label": "java.lang.String",
        "type": "VARIABLE_TYPE"
      },
      "location-after-char-start": 0,
      "location-after-char-end": 0,
      "node-str": "java.lang.String"
    },
    {
      "type": "insert-node",
      "node": {
        "label": "java.lang.String",
        "type": "VARIABLE_TYPE"
      },
      "location-after-char-start": 0,
      "location-after-char-end": 0,
      "node-str": "java.lang.String"
    },
    {
      "type": "insert-node",
      "node": {
        "label": "int",
        "type": "VARIABLE_TYPE"
      },
      "location-after-char-start": 0,
      "location-after-char-end": 0,
      "node-str": "int"
    },
    {
      "type": "insert-node",
      "node": {
        "label": "EASY",
        "type": "FieldRead"
      },
      "location-after-char-start": 3496,
      "location-after-char-end": 3499,
      "node-str": "EASY"
    },
    {
      "type": "insert-node",
      "node": {
        "label": "org.jboss.deployment.InstallerFactory",
        "type": "VARIABLE_TYPE"
      },
      "location-after-char-start": 0,
      "location-after-char-end": 0,
      "node-str": "org.jboss.deployment.InstallerFactory"
    },
    {
      "type": "insert-node",
      "node": {
        "label": "protected",
        "type": "Modifier"
      },
      "location-after-char-start": 0,
      "location-after-char-end": 0,
      "node-str": "protected"
    },
    {
      "type": "insert-node",
      "node": {
        "label": "void",
        "type": "RETURN_TYPE"
      },
      "location-after-char-start": 0,
      "location-after-char-end": 0,
      "node-str": "void"
    },
    {
      "type": "insert-node",
      "node": {
        "label": "java.net.MalformedURLException",
        "type": "THROWS"
      },
      "location-after-char-start": 0,
      "location-after-char-end": 0,
      "node-str": "java.net.MalformedURLException"
    },
    {
      "type": "insert-node",
      "node": {
        "label": "java.io.IOException",
        "type": "THROWS"
      },
      "location-after-char-start": 0,
      "location-after-char-end": 0,
      "node-str": "java.io.IOException"
    },
    {
      "type": "insert-node",
      "node": {
        "label": "org.jboss.deployment.J2eeDeploymentException",
        "type": "THROWS"
      },
      "location-after-char-start": 0,
      "location-after-char-end": 0,
      "node-str": "org.jboss.deployment.J2eeDeploymentException"
    },
    {
      "type": "insert-node",
      "node": {
        "label": "public",
        "type": "Modifier"
      },
      "location-after-char-start": 0,
      "location-after-char-end": 0,
      "node-str": "public"
    },
    {
      "type": "insert-node",
      "node": {
        "label": "_url",
        "type": "Parameter"
      },
      "location-after-char-start": 5835,
      "location-after-char-end": 5845,
      "node-str": "_url"
    },
    {
      "type": "move-subtree",
      "node": {
        "label": "url",
        "type": "LocalVariable"
      },
      "location-before-char-start": 5926,
      "location-before-char-end": 5950,
      "location-after-char-start": 5926,
      "location-after-char-end": 5950,
      "node-str": "url"
    },
    {
      "type": "insert-node",
      "node": {
        "label": "lCollector",
        "type": "LocalVariable"
      },
      "location-after-char-start": 5965,
      "location-after-char-end": 5993,
      "node-str": "lCollector"
    },
    {
      "type": "move-subtree",
      "node": {
        "label": "",
        "type": "Try"
      },
      "location-before-char-start": 6001,
      "location-before-char-end": 6128,
      "location-after-char-start": 6001,
      "location-after-char-end": 6128,
      "node-str": ""
    },
    {
      "type": "move-subtree",
      "node": {
        "label": "",
        "type": "Try"
      },
      "location-before-char-start": 6187,
      "location-before-char-end": 6489,
      "location-after-char-start": 6187,
      "location-after-char-end": 6489,
      "node-str": ""
    },
    {
      "type": "move-subtree",
      "node": {
        "label": "log",
        "type": "Invocation"
      },
      "location-before-char-start": 6531,
      "location-before-char-end": 6575,
      "location-after-char-start": 6531,
      "location-after-char-end": 6575,
      "node-str": "log"
    },
    {
      "type": "move-subtree",
      "node": {
        "label": "d",
        "type": "LocalVariable"
      },
      "location-before-char-start": 6590,
      "location-before-char-end": 6629,
      "location-after-char-start": 6590,
      "location-after-char-end": 6629,
      "node-str": "d"
    },
    {
      "type": "insert-node",
      "node": {
        "label": "",
        "type": "Try"
      },
      "location-after-char-start": 6635,
      "location-after-char-end": 8011,
      "node-str": ""
    },
    {
      "type": "insert-node",
      "node": {
        "label": "void",
        "type": "RETURN_TYPE"
      },
      "location-after-char-start": 0,
      "location-after-char-end": 0,
      "node-str": "void"
    },
    {
      "type": "insert-node",
      "node": {
        "label": "org.jboss.deployment.J2eeDeploymentException",
        "type": "THROWS"
      },
      "location-after-char-start": 0,
      "location-after-char-end": 0,
      "node-str": "org.jboss.deployment.J2eeDeploymentException"
    },
    {
      "type": "insert-node",
      "node": {
        "label": "protected",
        "type": "Modifier"
      },
      "location-after-char-start": 0,
      "location-after-char-end": 0,
      "node-str": "protected"
    },
    {
      "type": "insert-node",
      "node": {
        "label": "_d",
        "type": "Parameter"
      },
      "location-after-char-start": 13737,
      "location-after-char-end": 13749,
      "node-str": "_d"
    },
    {
      "type": "move-subtree",
      "node": {
        "label": "oldCl",
        "type": "LocalVariable"
      },
      "location-before-char-start": 13815,
      "location-before-char-end": 13882,
      "location-after-char-start": 13829,
      "location-after-char-end": 13896,
      "node-str": "oldCl"
    },
    {
      "type": "insert-node",
      "node": {
        "label": "createContextClassLoader",
        "type": "Invocation"
      },
      "location-after-char-start": 13969,
      "location-after-char-end": 13997,
      "node-str": "createContextClassLoader"
    },
    {
      "type": "move-subtree",
      "node": {
        "label": "appCl",
        "type": "LocalVariable"
      },
      "location-before-char-start": 14044,
      "location-before-char-end": 14110,
      "location-after-char-start": 14058,
      "location-after-char-end": 14124,
      "node-str": "appCl"
    },
    {
      "type": "insert-node",
      "node": {
        "label": "m",
        "type": "LocalVariable"
      },
      "location-after-char-start": 14192,
      "location-after-char-end": 14218,
      "node-str": "m"
    },
    {
      "type": "insert-node",
      "node": {
        "label": "moduleName",
        "type": "LocalVariable"
      },
      "location-after-char-start": 14226,
      "location-after-char-end": 14250,
      "node-str": "moduleName"
    },
    {
      "type": "insert-node",
      "node": {
        "label": "message",
        "type": "LocalVariable"
      },
      "location-after-char-start": 14258,
      "location-after-char-end": 14272,
      "node-str": "message"
    },
    {
      "type": "insert-node",
      "node": {
        "label": "",
        "type": "Try"
      },
      "location-after-char-start": 14280,
      "location-after-char-end": 17023,
      "node-str": ""
    },
    {
      "type": "insert-node",
      "node": {
        "label": "org.jboss.mgt.Application",
        "type": "RETURN_TYPE"
      },
      "location-after-char-start": 0,
      "location-after-char-end": 0,
      "node-str": "org.jboss.mgt.Application"
    },
    {
      "type": "insert-node",
      "node": {
        "label": "public",
        "type": "Modifier"
      },
      "location-after-char-start": 0,
      "location-after-char-end": 0,
      "node-str": "public"
    },
    {
      "type": "insert-node",
      "node": {
        "label": "pId",
        "type": "Parameter"
      },
      "location-after-char-start": 24192,
      "location-after-char-end": 24201,
      "node-str": "pId"
    },
    {
      "type": "insert-node",
      "node": {
        "label": "pDeployment",
        "type": "Parameter"
      },
      "location-after-char-start": 24210,
      "location-after-char-end": 24231,
      "node-str": "pDeployment"
    },
    {
      "type": "insert-node",
      "node": {
        "label": "lApplication",
        "type": "LocalVariable"
      },
      "location-after-char-start": 24275,
      "location-after-char-end": 24364,
      "node-str": "lApplication"
    },
    {
      "type": "move-subtree",
      "node": {
        "label": "i",
        "type": "LocalVariable"
      },
      "location-before-char-start": 24267,
      "location-before-char-end": 24313,
      "location-after-char-start": 24409,
      "location-after-char-end": 24455,
      "node-str": "i"
    },
    {
      "type": "insert-node",
      "node": {
        "label": "lItems",
        "type": "LocalVariable"
      },
      "location-after-char-start": 24463,
      "location-after-char-end": 24498,
      "node-str": "lItems"
    },
    {
      "type": "insert-node",
      "node": {
        "label": "while",
        "type": "While"
      },
      "location-after-char-start": 24506,
      "location-after-char-end": 24814,
      "node-str": "while"
    },
    {
      "type": "insert-node",
      "node": {
        "label": "\u003d",
        "type": "Assignment"
      },
      "location-after-char-start": 24859,
      "location-after-char-end": 24896,
      "node-str": "\u003d"
    },
    {
      "type": "insert-node",
      "node": {
        "label": "\u003d",
        "type": "Assignment"
      },
      "location-after-char-start": 24904,
      "location-after-char-end": 24928,
      "node-str": "\u003d"
    },
    {
      "type": "insert-node",
      "node": {
        "label": "while",
        "type": "While"
      },
      "location-after-char-start": 24936,
      "location-after-char-end": 25275,
      "node-str": "while"
    },
    {
      "type": "insert-node",
      "node": {
        "label": "return",
        "type": "Return"
      },
      "location-after-char-start": 25283,
      "location-after-char-end": 25302,
      "node-str": "return"
    },
    {
      "type": "insert-node",
      "node": {
        "label": "java.lang.String",
        "type": "VARIABLE_TYPE"
      },
      "location-after-char-start": 0,
      "location-after-char-end": 0,
      "node-str": "java.lang.String"
    },
    {
      "type": "insert-node",
      "node": {
        "label": "javax.management.ObjectName",
        "type": "VARIABLE_TYPE"
      },
      "location-after-char-start": 0,
      "location-after-char-end": 0,
      "node-str": "javax.management.ObjectName"
    },
    {
      "type": "insert-node",
      "node": {
        "label": "null",
        "type": "Literal"
      },
      "location-after-char-start": 5989,
      "location-after-char-end": 5992,
      "node-str": "null"
    },
    {
      "type": "insert-node",
      "node": {
        "label": "",
        "type": "Try"
      },
      "location-after-char-start": 6652,
      "location-after-char-end": 7320,
      "node-str": ""
    },
    {
      "type": "insert-node",
      "node": {
        "label": "startApplication",
        "type": "Invocation"
      },
      "location-after-char-start": 7326,
      "location-after-char-end": 7346,
      "node-str": "startApplication"
    },
    {
      "type": "move-subtree",
      "node": {
        "label": "log",
        "type": "Invocation"
      },
      "location-before-char-start": 6674,
      "location-before-char-end": 6729,
      "location-after-char-start": 7352,
      "location-after-char-end": 7407,
      "node-str": "log"
    },
    {
      "type": "move-subtree",
      "node": {
        "label": "",
        "type": "Catch"
      },
      "location-before-char-start": 7402,
      "location-before-char-end": 7997,
      "location-after-char-start": 7416,
      "location-after-char-end": 8011,
      "node-str": ""
    },
    {
      "type": "insert-node",
      "node": {
        "label": "org.jboss.deployment.Deployment",
        "type": "VARIABLE_TYPE"
      },
      "location-after-char-start": 0,
      "location-after-char-end": 0,
      "node-str": "org.jboss.deployment.Deployment"
    },
    {
      "type": "insert-node",
      "node": {
        "label": "org.jboss.deployment.J2eeDeployer",
        "type": "TypeAccess"
      },
      "location-after-char-start": 0,
      "location-after-char-end": 0,
      "node-str": "org.jboss.deployment.J2eeDeployer"
    },
    {
      "type": "insert-node",
      "node": {
        "label": "_d",
        "type": "VariableRead"
      },
      "location-after-char-start": 13994,
      "location-after-char-end": 13995,
      "node-str": "_d"
    },
    {
      "type": "insert-node",
      "node": {
        "label": "org.jboss.deployment.Deployment$Module",
        "type": "VARIABLE_TYPE"
      },
      "location-after-char-start": 0,
      "location-after-char-end": 0,
      "node-str": "org.jboss.deployment.Deployment$Module"
    },
    {
      "type": "insert-node",
      "node": {
        "label": "null",
        "type": "Literal"
      },
      "location-after-char-start": 14214,
      "location-after-char-end": 14217,
      "node-str": "null"
    },
    {
      "type": "insert-node",
      "node": {
        "label": "java.lang.String",
        "type": "VARIABLE_TYPE"
      },
      "location-after-char-start": 0,
      "location-after-char-end": 0,
      "node-str": "java.lang.String"
    },
    {
      "type": "insert-node",
      "node": {
        "label": "null",
        "type": "Literal"
      },
      "location-after-char-start": 14246,
      "location-after-char-end": 14249,
      "node-str": "null"
    },
    {
      "type": "insert-node",
      "node": {
        "label": "java.lang.String",
        "type": "VARIABLE_TYPE"
      },
      "location-after-char-start": 0,
      "location-after-char-end": 0,
      "node-str": "java.lang.String"
    },
    {
      "type": "move-subtree",
      "node": {
        "label": "\u003d",
        "type": "Assignment"
      },
      "location-before-char-start": 14322,
      "location-before-char-end": 14342,
      "location-after-char-start": 14336,
      "location-after-char-end": 14356,
      "node-str": "\u003d"
    },
    {
      "type": "insert-node",
      "node": {
        "label": "tmp",
        "type": "LocalVariable"
      },
      "location-after-char-start": 14367,
      "location-after-char-end": 14402,
      "node-str": "tmp"
    },
    {
      "type": "move-subtree",
      "node": {
        "label": "it",
        "type": "LocalVariable"
      },
      "location-before-char-start": 14399,
      "location-before-char-end": 14437,
      "location-after-char-start": 14413,
      "location-after-char-end": 14451,
      "node-str": "it"
    },
    {
      "type": "move-subtree",
      "node": {
        "label": "while",
        "type": "While"
      },
      "location-before-char-start": 14448,
      "location-before-char-end": 14601,
      "location-after-char-start": 14462,
      "location-after-char-end": 14615,
      "node-str": "while"
    },
    {
      "type": "move-subtree",
      "node": {
        "label": "jarUrls",
        "type": "LocalVariable"
      },
      "location-before-char-start": 14612,
      "location-before-char-end": 14655,
      "location-after-char-start": 14626,
      "location-after-char-end": 14669,
      "node-str": "jarUrls"
    },
    {
      "type": "insert-node",
      "node": {
        "label": "toArray",
        "type": "Invocation"
      },
      "location-after-char-start": 14680,
      "location-after-char-end": 14702,
      "node-str": "toArray"
    },
    {
      "type": "insert-node",
      "node": {
        "label": "invoke",
        "type": "Invocation"
      },
      "location-after-char-start": 14784,
      "location-after-char-end": 14996,
      "node-str": "invoke"
    },
    {
      "type": "move-subtree",
      "node": {
        "label": "\u003d",
        "type": "Assignment"
      },
      "location-before-char-start": 14993,
      "location-before-char-end": 15023,
      "location-after-char-start": 15055,
      "location-after-char-end": 15085,
      "node-str": "\u003d"
    },
    {
      "type": "move-subtree",
      "node": {
        "label": "if",
        "type": "If"
      },
      "location-before-char-start": 15028,
      "location-before-char-end": 15176,
      "location-after-char-start": 15090,
      "location-after-char-end": 15238,
      "node-str": "if"
    },
    {
      "type": "move-subtree",
      "node": {
        "label": "while",
        "type": "While"
      },
      "location-before-char-start": 15188,
      "location-before-char-end": 15772,
      "location-after-char-start": 15250,
      "location-after-char-end": 15834,
      "node-str": "while"
    },
    {
      "type": "move-subtree",
      "node": {
        "label": "",
        "type": "Catch"
      },
      "location-before-char-start": 15782,
      "location-before-char-end": 16044,
      "location-after-char-start": 15843,
      "location-after-char-end": 16105,
      "node-str": ""
    },
    {
      "type": "move-subtree",
      "node": {
        "label": "",
        "type": "Catch"
      },
      "location-before-char-start": 16045,
      "location-before-char-end": 16344,
      "location-after-char-start": 16106,
      "location-after-char-end": 16405,
      "node-str": ""
    },
    {
      "type": "move-subtree",
      "node": {
        "label": "",
        "type": "Catch"
      },
      "location-before-char-start": 16345,
      "location-before-char-end": 16657,
      "location-after-char-start": 16406,
      "location-after-char-end": 16718,
      "node-str": ""
    },
    {
      "type": "move-subtree",
      "node": {
        "label": "",
        "type": "Catch"
      },
      "location-before-char-start": 16658,
      "location-before-char-end": 16869,
      "location-after-char-start": 16719,
      "location-after-char-end": 16930,
      "node-str": ""
    },
    {
      "type": "move-subtree",
      "node": {
        "label": "setContextClassLoader",
        "type": "Invocation"
      },
      "location-before-char-start": 16902,
      "location-before-char-end": 16954,
      "location-after-char-start": 16963,
      "location-after-char-end": 17015,
      "node-str": "setContextClassLoader"
    },
    {
      "type": "insert-node",
      "node": {
        "label": "java.lang.String",
        "type": "VARIABLE_TYPE"
      },
      "location-after-char-start": 0,
      "location-after-char-end": 0,
      "node-str": "java.lang.String"
    },
    {
      "type": "insert-node",
      "node": {
        "label": "org.jboss.deployment.Deployment",
        "type": "VARIABLE_TYPE"
      },
      "location-after-char-start": 0,
      "location-after-char-end": 0,
      "node-str": "org.jboss.deployment.Deployment"
    },
    {
      "type": "insert-node",
      "node": {
        "label": "org.jboss.mgt.Application",
        "type": "VARIABLE_TYPE"
      },
      "location-after-char-start": 0,
      "location-after-char-end": 0,
      "node-str": "org.jboss.mgt.Application"
    },
    {
      "type": "insert-node",
      "node": {
        "label": "org.jboss.mgt.Application(java.lang.String,java.lang.String)",
        "type": "ConstructorCall"
      },
      "location-after-char-start": 24302,
      "location-after-char-end": 24363,
      "node-str": "org.jboss.mgt.Application(java.lang.String,java.lang.String)"
    },
    {
      "type": "insert-node",
      "node": {
        "label": "java.util.Collection",
        "type": "VARIABLE_TYPE"
      },
      "location-after-char-start": 0,
      "location-after-char-end": 0,
      "node-str": "java.util.Collection"
    },
    {
      "type": "insert-node",
      "node": {
        "label": "java.util.ArrayList()",
        "type": "ConstructorCall"
      },
      "location-after-char-start": 24483,
      "location-after-char-end": 24497,
      "node-str": "java.util.ArrayList()"
    },
    {
      "type": "insert-node",
      "node": {
        "label": "hasNext",
        "type": "Invocation"
      },
      "location-after-char-start": 24513,
      "location-after-char-end": 24523,
      "node-str": "hasNext"
    },
    {
      "type": "move-subtree",
      "node": {
        "label": "lModule",
        "type": "LocalVariable"
      },
      "location-before-char-start": 24396,
      "location-before-char-end": 24452,
      "location-after-char-start": 24538,
      "location-after-char-end": 24594,
      "node-str": "lModule"
    },
    {
      "type": "insert-node",
      "node": {
        "label": "saveModule",
        "type": "Invocation"
      },
      "location-after-char-start": 24634,
      "location-after-char-end": 24806,
      "node-str": "saveModule"
    },
    {
      "type": "insert-node",
      "node": {
        "label": "i",
        "type": "VariableWrite"
      },
      "location-after-char-start": 24859,
      "location-after-char-end": 24859,
      "node-str": "i"
    },
    {
      "type": "insert-node",
      "node": {
        "label": "iterator",
        "type": "Invocation"
      },
      "location-after-char-start": 24863,
      "location-after-char-end": 24895,
      "node-str": "iterator"
    },
    {
      "type": "insert-node",
      "node": {
        "label": "lItems",
        "type": "VariableWrite"
      },
      "location-after-char-start": 24904,
      "location-after-char-end": 24909,
      "node-str": "lItems"
    },
    {
      "type": "insert-node",
      "node": {
        "label": "java.util.ArrayList()",
        "type": "ConstructorCall"
      },
      "location-after-char-start": 24913,
      "location-after-char-end": 24927,
      "node-str": "java.util.ArrayList()"
    },
    {
      "type": "insert-node",
      "node": {
        "label": "hasNext",
        "type": "Invocation"
      },
      "location-after-char-start": 24943,
      "location-after-char-end": 24953,
      "node-str": "hasNext"
    },
    {
      "type": "move-subtree",
      "node": {
        "label": "lModule",
        "type": "LocalVariable"
      },
      "location-before-char-start": 24802,
      "location-before-char-end": 24858,
      "location-after-char-start": 24968,
      "location-after-char-end": 25024,
      "node-str": "lModule"
    },
    {
      "type": "insert-node",
      "node": {
        "label": "saveModule",
        "type": "Invocation"
      },
      "location-after-char-start": 25065,
      "location-after-char-end": 25267,
      "node-str": "saveModule"
    },
    {
      "type": "insert-node",
      "node": {
        "label": "lApplication",
        "type": "VariableRead"
      },
      "location-after-char-start": 25290,
      "location-after-char-end": 25301,
      "node-str": "lApplication"
    },
    {
      "type": "insert-node",
      "node": {
        "label": "lApplication",
        "type": "LocalVariable"
      },
      "location-after-char-start": 6753,
      "location-after-char-end": 6817,
      "node-str": "lApplication"
    },
    {
      "type": "insert-node",
      "node": {
        "label": "invoke",
        "type": "Invocation"
      },
      "location-after-char-start": 6831,
      "location-after-char-end": 7167,
      "node-str": "invoke"
    },
    {
      "type": "move-subtree",
      "node": {
        "label": "",
        "type": "Catch"
      },
      "location-before-char-start": 7251,
      "location-before-char-end": 7393,
      "location-after-char-start": 7178,
      "location-after-char-end": 7320,
      "node-str": ""
    },
    {
      "type": "insert-node",
      "node": {
        "label": "org.jboss.deployment.J2eeDeployer",
        "type": "TypeAccess"
      },
      "location-after-char-start": 0,
      "location-after-char-end": 0,
      "node-str": "org.jboss.deployment.J2eeDeployer"
    },
    {
      "type": "insert-node",
      "node": {
        "label": "d",
        "type": "VariableRead"
      },
      "location-after-char-start": 7344,
      "location-after-char-end": 7344,
      "node-str": "d"
    },
    {
      "type": "insert-node",
      "node": {
        "label": "java.util.Vector",
        "type": "VARIABLE_TYPE"
      },
      "location-after-char-start": 0,
      "location-after-char-end": 0,
      "node-str": "java.util.Vector"
    },
    {
      "type": "insert-node",
      "node": {
        "label": "java.util.Vector()",
        "type": "ConstructorCall"
      },
      "location-after-char-start": 14380,
      "location-after-char-end": 14401,
      "node-str": "java.util.Vector()"
    },
    {
      "type": "insert-node",
      "node": {
        "label": "tmp",
        "type": "VariableRead"
      },
      "location-after-char-start": 14680,
      "location-after-char-end": 14682,
      "node-str": "tmp"
    },
    {
      "type": "insert-node",
      "node": {
        "label": "jarUrls",
        "type": "VariableRead"
      },
      "location-after-char-start": 14693,
      "location-after-char-end": 14699,
      "node-str": "jarUrls"
    },
    {
      "type": "insert-node",
      "node": {
        "label": "server",
        "type": "FieldRead"
      },
      "location-after-char-start": 14784,
      "location-after-char-end": 14789,
      "node-str": "server"
    },
    {
      "type": "insert-node",
      "node": {
        "label": "jarDeployer",
        "type": "FieldRead"
      },
      "location-after-char-start": 14798,
      "location-after-char-end": 14808,
      "node-str": "jarDeployer"
    },
    {
      "type": "insert-node",
      "node": {
        "label": "\"deploy\"",
        "type": "Literal"
      },
      "location-after-char-start": 14811,
      "location-after-char-end": 14818,
      "node-str": "\"deploy\""
    },
    {
      "type": "insert-node",
      "node": {
        "label": "",
        "type": "NewArray"
      },
      "location-after-char-start": 14833,
      "location-after-char-end": 14891,
      "node-str": ""
    },
    {
      "type": "insert-node",
      "node": {
        "label": "",
        "type": "NewArray"
      },
      "location-after-char-start": 14906,
      "location-after-char-end": 14993,
      "node-str": ""
    },
    {
      "type": "insert-node",
      "node": {
        "label": "pId",
        "type": "VariableRead"
      },
      "location-after-char-start": 24328,
      "location-after-char-end": 24330,
      "node-str": "pId"
    },
    {
      "type": "insert-node",
      "node": {
        "label": "\"DD:FixeLater\"",
        "type": "Literal"
      },
      "location-after-char-start": 24342,
      "location-after-char-end": 24355,
      "node-str": "\"DD:FixeLater\""
    },
    {
      "type": "insert-node",
      "node": {
        "label": "i",
        "type": "VariableRead"
      },
      "location-after-char-start": 24513,
      "location-after-char-end": 24513,
      "node-str": "i"
    },
    {
      "type": "insert-node",
      "node": {
        "label": "lApplication",
        "type": "VariableRead"
      },
      "location-after-char-start": 24634,
      "location-after-char-end": 24645,
      "node-str": "lApplication"
    },
    {
      "type": "insert-node",
      "node": {
        "label": "Application.SERVLETS",
        "type": "TypeAccess"
      },
      "location-after-char-start": 24671,
      "location-after-char-end": 24690,
      "node-str": "Application.SERVLETS"
    },
    {
      "type": "insert-node",
      "node": {
        "label": "java.lang.Module(java.lang.ClassLoader,java.lang.module.ModuleDescriptor)",
        "type": "ConstructorCall"
      },
      "location-after-char-start": 24705,
      "location-after-char-end": 24794,
      "node-str": "java.lang.Module(java.lang.ClassLoader,java.lang.module.ModuleDescriptor)"
    },
    {
      "type": "insert-node",
      "node": {
        "label": "ejbModules",
        "type": "FieldRead"
      },
      "location-after-char-start": 24863,
      "location-after-char-end": 24884,
      "node-str": "ejbModules"
    },
    {
      "type": "insert-node",
      "node": {
        "label": "i",
        "type": "VariableRead"
      },
      "location-after-char-start": 24943,
      "location-after-char-end": 24943,
      "node-str": "i"
    },
    {
      "type": "insert-node",
      "node": {
        "label": "lApplication",
        "type": "VariableRead"
      },
      "location-after-char-start": 25065,
      "location-after-char-end": 25076,
      "node-str": "lApplication"
    },
    {
      "type": "insert-node",
      "node": {
        "label": "Application.EJBS",
        "type": "TypeAccess"
      },
      "location-after-char-start": 25102,
      "location-after-char-end": 25117,
      "node-str": "Application.EJBS"
    },
    {
      "type": "insert-node",
      "node": {
        "label": "java.lang.Module(java.lang.ClassLoader)",
        "type": "ConstructorCall"
      },
      "location-after-char-start": 25132,
      "location-after-char-end": 25255,
      "node-str": "java.lang.Module(java.lang.ClassLoader)"
    },
    {
      "type": "insert-node",
      "node": {
        "label": "org.jboss.mgt.Application",
        "type": "VARIABLE_TYPE"
      },
      "location-after-char-start": 0,
      "location-after-char-end": 0,
      "node-str": "org.jboss.mgt.Application"
    },
    {
      "type": "insert-node",
      "node": {
        "label": "convert2Application",
        "type": "Invocation"
      },
      "location-after-char-start": 6780,
      "location-after-char-end": 6816,
      "node-str": "convert2Application"
    },
    {
      "type": "insert-node",
      "node": {
        "label": "server",
        "type": "FieldRead"
      },
      "location-after-char-start": 6831,
      "location-after-char-end": 6836,
      "node-str": "server"
    },
    {
      "type": "insert-node",
      "node": {
        "label": "lCollector",
        "type": "VariableRead"
      },
      "location-after-char-start": 6861,
      "location-after-char-end": 6870,
      "node-str": "lCollector"
    },
    {
      "type": "insert-node",
      "node": {
        "label": "\"saveApplication\"",
        "type": "Literal"
      },
      "location-after-char-start": 6888,
      "location-after-char-end": 6904,
      "node-str": "\"saveApplication\""
    },
    {
      "type": "insert-node",
      "node": {
        "label": "",
        "type": "NewArray"
      },
      "location-after-char-start": 6922,
      "location-after-char-end": 7014,
      "node-str": ""
    },
    {
      "type": "move-subtree",
      "node": {
        "label": "",
        "type": "NewArray"
      },
      "location-before-char-start": 7105,
      "location-before-char-end": 7225,
      "location-after-char-start": 7032,
      "location-after-char-end": 7152,
      "node-str": ""
    },
    {
      "type": "insert-node",
      "node": {
        "label": "org.jboss.deployment.J2eeDeployer",
        "type": "TypeAccess"
      },
      "location-after-char-start": 0,
      "location-after-char-end": 0,
      "node-str": "org.jboss.deployment.J2eeDeployer"
    },
    {
      "type": "insert-node",
      "node": {
        "label": "org.jboss.deployment.J2eeDeployer",
        "type": "TypeAccess"
      },
      "location-after-char-start": 0,
      "location-after-char-end": 0,
      "node-str": "org.jboss.deployment.J2eeDeployer"
    },
    {
      "type": "move-subtree",
      "node": {
        "label": "toString",
        "type": "Invocation"
      },
      "location-before-char-start": 14833,
      "location-before-char-end": 14854,
      "location-after-char-start": 14847,
      "location-after-char-end": 14868,
      "node-str": "toString"
    },
    {
      "type": "insert-node",
      "node": {
        "label": "jarUrls",
        "type": "VariableRead"
      },
      "location-after-char-start": 14871,
      "location-after-char-end": 14877,
      "node-str": "jarUrls"
    },
    {
      "type": "insert-node",
      "node": {
        "label": "moduleName",
        "type": "VariableRead"
      },
      "location-after-char-start": 14880,
      "location-after-char-end": 14889,
      "node-str": "moduleName"
    },
    {
      "type": "move-subtree",
      "node": {
        "label": "getName",
        "type": "Invocation"
      },
      "location-before-char-start": 14882,
      "location-before-char-end": 14903,
      "location-after-char-start": 14920,
      "location-after-char-end": 14941,
      "node-str": "getName"
    },
    {
      "type": "move-subtree",
      "node": {
        "label": "getName",
        "type": "Invocation"
      },
      "location-before-char-start": 14906,
      "location-before-char-end": 14929,
      "location-after-char-start": 14944,
      "location-after-char-end": 14967,
      "node-str": "getName"
    },
    {
      "type": "insert-node",
      "node": {
        "label": "getName",
        "type": "Invocation"
      },
      "location-after-char-start": 14970,
      "location-after-char-end": 14991,
      "node-str": "getName"
    },
    {
      "type": "insert-node",
      "node": {
        "label": "webContext",
        "type": "FieldRead"
      },
      "location-after-char-start": 24732,
      "location-after-char-end": 24749,
      "node-str": "webContext"
    },
    {
      "type": "insert-node",
      "node": {
        "label": "\"DD:FixeLater\"",
        "type": "Literal"
      },
      "location-after-char-start": 24767,
      "location-after-char-end": 24780,
      "node-str": "\"DD:FixeLater\""
    },
    {
      "type": "insert-node",
      "node": {
        "label": "pDeployment",
        "type": "VariableRead"
      },
      "location-after-char-start": 24863,
      "location-after-char-end": 24884,
      "node-str": "pDeployment"
    },
    {
      "type": "move-subtree",
      "node": {
        "label": "getFile",
        "type": "Invocation"
      },
      "location-before-char-start": 24952,
      "location-before-char-end": 25003,
      "location-after-char-start": 25159,
      "location-after-char-end": 25210,
      "node-str": "getFile"
    },
    {
      "type": "insert-node",
      "node": {
        "label": "\"DD:FixeLater\"",
        "type": "Literal"
      },
      "location-after-char-start": 25228,
      "location-after-char-end": 25241,
      "node-str": "\"DD:FixeLater\""
    },
    {
      "type": "insert-node",
      "node": {
        "label": "org.jboss.deployment.J2eeDeployer",
        "type": "TypeAccess"
      },
      "location-after-char-start": 0,
      "location-after-char-end": 0,
      "node-str": "org.jboss.deployment.J2eeDeployer"
    },
    {
      "type": "insert-node",
      "node": {
        "label": "getName",
        "type": "Invocation"
      },
      "location-after-char-start": 6801,
      "location-after-char-end": 6811,
      "node-str": "getName"
    },
    {
      "type": "insert-node",
      "node": {
        "label": "d",
        "type": "VariableRead"
      },
      "location-after-char-start": 6814,
      "location-after-char-end": 6814,
      "node-str": "d"
    },
    {
      "type": "insert-node",
      "node": {
        "label": "org.jboss.deployment.J2eeDeployer",
        "type": "TypeAccess"
      },
      "location-after-char-start": 0,
      "location-after-char-end": 0,
      "node-str": "org.jboss.deployment.J2eeDeployer"
    },
    {
      "type": "insert-node",
      "node": {
        "label": "getName",
        "type": "Invocation"
      },
      "location-after-char-start": 6955,
      "location-after-char-end": 6965,
      "node-str": "getName"
    },
    {
      "type": "insert-node",
      "node": {
        "label": "lApplication",
        "type": "VariableRead"
      },
      "location-after-char-start": 6986,
      "location-after-char-end": 6997,
      "node-str": "lApplication"
    },
    {
      "type": "insert-node",
      "node": {
        "label": "class",
        "type": "FieldRead"
      },
      "location-after-char-start": 14970,
      "location-after-char-end": 14981,
      "node-str": "class"
    },
    {
      "type": "insert-node",
      "node": {
        "label": "lModule",
        "type": "VariableRead"
      },
      "location-after-char-start": 24732,
      "location-after-char-end": 24749,
      "node-str": "lModule"
    },
    {
      "type": "insert-node",
      "node": {
        "label": "d",
        "type": "VariableRead"
      },
      "location-after-char-start": 6801,
      "location-after-char-end": 6801,
      "node-str": "d"
    },
    {
      "type": "insert-node",
      "node": {
        "label": "d",
        "type": "VariableRead"
      },
      "location-after-char-start": 6955,
      "location-after-char-end": 6955,
      "node-str": "d"
    },
    {
      "type": "insert-node",
      "node": {
        "label": "java.lang.String",
        "type": "TypeAccess"
      },
      "location-after-char-start": 0,
      "location-after-char-end": 0,
      "node-str": "java.lang.String"
    },
    {
      "type": "delete-node",
      "node": {
        "label": "public",
        "type": "Modifier"
      },
      "location-before-char-start": 0,
      "location-before-char-end": 0,
      "node-str": "public"
    },
    {
      "type": "delete-node",
      "node": {
        "label": "org.jboss.util.ServiceMBeanSupport",
        "type": "SUPER_TYPE"
      },
      "location-before-char-start": 0,
      "location-before-char-end": 0,
      "node-str": "org.jboss.util.ServiceMBeanSupport"
    },
    {
      "type": "delete-node",
      "node": {
        "label": "",
        "type": "TypeReference"
      },
      "location-before-char-start": 2526,
      "location-before-char-end": 2544,
      "node-str": ""
    },
    {
      "type": "delete-node",
      "node": {
        "label": "java.io.File",
        "type": "VARIABLE_TYPE"
      },
      "location-before-char-start": 0,
      "location-before-char-end": 0,
      "node-str": "java.io.File"
    },
    {
      "type": "delete-node",
      "node": {
        "label": "public",
        "type": "Modifier"
      },
      "location-before-char-start": 0,
      "location-before-char-end": 0,
      "node-str": "public"
    },
    {
      "type": "delete-node",
      "node": {
        "label": "null",
        "type": "Literal"
      },
      "location-before-char-start": 2679,
      "location-before-char-end": 2682,
      "node-str": "null"
    },
    {
      "type": "delete-node",
      "node": {
        "label": "DEPLOYMENT_DIR",
        "type": "Field"
      },
      "location-before-char-start": 2580,
      "location-before-char-end": 2683,
      "node-str": "DEPLOYMENT_DIR"
    },
    {
      "type": "delete-node",
      "node": {
        "label": "java.lang.String",
        "type": "VARIABLE_TYPE"
      },
      "location-before-char-start": 0,
      "location-before-char-end": 0,
      "node-str": "java.lang.String"
    },
    {
      "type": "delete-node",
      "node": {
        "label": "public",
        "type": "Modifier"
      },
      "location-before-char-start": 0,
      "location-before-char-end": 0,
      "node-str": "public"
    },
    {
      "type": "delete-node",
      "node": {
        "label": "static",
        "type": "Modifier"
      },
      "location-before-char-start": 0,
      "location-before-char-end": 0,
      "node-str": "static"
    },
    {
      "type": "delete-node",
      "node": {
        "label": "\"deployment.cfg\"",
        "type": "Literal"
      },
      "location-before-char-start": 2776,
      "location-before-char-end": 2791,
      "node-str": "\"deployment.cfg\""
    },
    {
      "type": "delete-node",
      "node": {
        "label": "CONFIG",
        "type": "Field"
      },
      "location-before-char-start": 2746,
      "location-before-char-end": 2792,
      "node-str": "CONFIG"
    },
    {
      "type": "delete-node",
      "node": {
        "label": "int",
        "type": "VARIABLE_TYPE"
      },
      "location-before-char-start": 0,
      "location-before-char-end": 0,
      "node-str": "int"
    },
    {
      "type": "delete-node",
      "node": {
        "label": "final",
        "type": "Modifier"
      },
      "location-before-char-start": 0,
      "location-before-char-end": 0,
      "node-str": "final"
    },
    {
      "type": "delete-node",
      "node": {
        "label": "public",
        "type": "Modifier"
      },
      "location-before-char-start": 0,
      "location-before-char-end": 0,
      "node-str": "public"
    },
    {
      "type": "delete-node",
      "node": {
        "label": "static",
        "type": "Modifier"
      },
      "location-before-char-start": 0,
      "location-before-char-end": 0,
      "node-str": "static"
    },
    {
      "type": "delete-node",
      "node": {
        "label": "0",
        "type": "Literal"
      },
      "location-before-char-start": 2833,
      "location-before-char-end": 2833,
      "node-str": "0"
    },
    {
      "type": "delete-node",
      "node": {
        "label": "EASY",
        "type": "Field"
      },
      "location-before-char-start": 2802,
      "location-before-char-end": 2834,
      "node-str": "EASY"
    },
    {
      "type": "delete-node",
      "node": {
        "label": "int",
        "type": "VARIABLE_TYPE"
      },
      "location-before-char-start": 0,
      "location-before-char-end": 0,
      "node-str": "int"
    },
    {
      "type": "delete-node",
      "node": {
        "label": "final",
        "type": "Modifier"
      },
      "location-before-char-start": 0,
      "location-before-char-end": 0,
      "node-str": "final"
    },
    {
      "type": "delete-node",
      "node": {
        "label": "public",
        "type": "Modifier"
      },
      "location-before-char-start": 0,
      "location-before-char-end": 0,
      "node-str": "public"
    },
    {
      "type": "delete-node",
      "node": {
        "label": "static",
        "type": "Modifier"
      },
      "location-before-char-start": 0,
      "location-before-char-end": 0,
      "node-str": "static"
    },
    {
      "type": "delete-node",
      "node": {
        "label": "1",
        "type": "Literal"
      },
      "location-before-char-start": 2875,
      "location-before-char-end": 2875,
      "node-str": "1"
    },
    {
      "type": "delete-node",
      "node": {
        "label": "RESTRICTIVE",
        "type": "Field"
      },
      "location-before-char-start": 2837,
      "location-before-char-end": 2876,
      "node-str": "RESTRICTIVE"
    },
    {
      "type": "delete-node",
      "node": {
        "label": "javax.management.MBeanServer",
        "type": "VARIABLE_TYPE"
      },
      "location-before-char-start": 0,
      "location-before-char-end": 0,
      "node-str": "javax.management.MBeanServer"
    },
    {
      "type": "delete-node",
      "node": {
        "label": "protected",
        "type": "Modifier"
      },
      "location-before-char-start": 0,
      "location-before-char-end": 0,
      "node-str": "protected"
    },
    {
      "type": "delete-node",
      "node": {
        "label": "server",
        "type": "Field"
      },
      "location-before-char-start": 2882,
      "location-before-char-end": 3110,
      "node-str": "server"
    },
    {
      "type": "delete-node",
      "node": {
        "label": "java.lang.String",
        "type": "VARIABLE_TYPE"
      },
      "location-before-char-start": 0,
      "location-before-char-end": 0,
      "node-str": "java.lang.String"
    },
    {
      "type": "delete-node",
      "node": {
        "label": "protected",
        "type": "Modifier"
      },
      "location-before-char-start": 0,
      "location-before-char-end": 0,
      "node-str": "protected"
    },
    {
      "type": "delete-node",
      "node": {
        "label": "name",
        "type": "Field"
      },
      "location-before-char-start": 3116,
      "location-before-char-end": 3215,
      "node-str": "name"
    },
    {
      "type": "delete-node",
      "node": {
        "label": "javax.management.ObjectName",
        "type": "VARIABLE_TYPE"
      },
      "location-before-char-start": 0,
      "location-before-char-end": 0,
      "node-str": "javax.management.ObjectName"
    },
    {
      "type": "delete-node",
      "node": {
        "label": "protected",
        "type": "Modifier"
      },
      "location-before-char-start": 0,
      "location-before-char-end": 0,
      "node-str": "protected"
    },
    {
      "type": "delete-node",
      "node": {
        "label": "jarDeployer",
        "type": "Field"
      },
      "location-before-char-start": 3224,
      "location-before-char-end": 3372,
      "node-str": "jarDeployer"
    },
    {
      "type": "delete-node",
      "node": {
        "label": "javax.management.ObjectName",
        "type": "VARIABLE_TYPE"
      },
      "location-before-char-start": 0,
      "location-before-char-end": 0,
      "node-str": "javax.management.ObjectName"
    },
    {
      "type": "delete-node",
      "node": {
        "label": "protected",
        "type": "Modifier"
      },
      "location-before-char-start": 0,
      "location-before-char-end": 0,
      "node-str": "protected"
    },
    {
      "type": "delete-node",
      "node": {
        "label": "warDeployer",
        "type": "Field"
      },
      "location-before-char-start": 3377,
      "location-before-char-end": 3409,
      "node-str": "warDeployer"
    },
    {
      "type": "delete-node",
      "node": {
        "label": "java.lang.String",
        "type": "VARIABLE_TYPE"
      },
      "location-before-char-start": 0,
      "location-before-char-end": 0,
      "node-str": "java.lang.String"
    },
    {
      "type": "delete-node",
      "node": {
        "label": "jarDeployerName",
        "type": "Field"
      },
      "location-before-char-start": 3418,
      "location-before-char-end": 3440,
      "node-str": "jarDeployerName"
    },
    {
      "type": "delete-node",
      "node": {
        "label": "java.lang.String",
        "type": "VARIABLE_TYPE"
      },
      "location-before-char-start": 0,
      "location-before-char-end": 0,
      "node-str": "java.lang.String"
    },
    {
      "type": "delete-node",
      "node": {
        "label": "warDeployerName",
        "type": "Field"
      },
      "location-before-char-start": 3445,
      "location-before-char-end": 3467,
      "node-str": "warDeployerName"
    },
    {
      "type": "delete-node",
      "node": {
        "label": "int",
        "type": "VARIABLE_TYPE"
      },
      "location-before-char-start": 0,
      "location-before-char-end": 0,
      "node-str": "int"
    },
    {
      "type": "delete-node",
      "node": {
        "label": "EASY",
        "type": "FieldRead"
      },
      "location-before-char-start": 3496,
      "location-before-char-end": 3499,
      "node-str": "EASY"
    },
    {
      "type": "delete-node",
      "node": {
        "label": "classpathPolicy",
        "type": "Field"
      },
      "location-before-char-start": 3474,
      "location-before-char-end": 3500,
      "node-str": "classpathPolicy"
    },
    {
      "type": "delete-node",
      "node": {
        "label": "org.jboss.deployment.InstallerFactory",
        "type": "VARIABLE_TYPE"
      },
      "location-before-char-start": 0,
      "location-before-char-end": 0,
      "node-str": "org.jboss.deployment.InstallerFactory"
    },
    {
      "type": "delete-node",
      "node": {
        "label": "protected",
        "type": "Modifier"
      },
      "location-before-char-start": 0,
      "location-before-char-end": 0,
      "node-str": "protected"
    },
    {
      "type": "delete-node",
      "node": {
        "label": "installer",
        "type": "Field"
      },
      "location-before-char-start": 3511,
      "location-before-char-end": 3631,
      "node-str": "installer"
    },
    {
      "type": "delete-node",
      "node": {
        "label": "void",
        "type": "RETURN_TYPE"
      },
      "location-before-char-start": 0,
      "location-before-char-end": 0,
      "node-str": "void"
    },
    {
      "type": "delete-node",
      "node": {
        "label": "java.net.MalformedURLException",
        "type": "THROWS"
      },
      "location-before-char-start": 0,
      "location-before-char-end": 0,
      "node-str": "java.net.MalformedURLException"
    },
    {
      "type": "delete-node",
      "node": {
        "label": "java.io.IOException",
        "type": "THROWS"
      },
      "location-before-char-start": 0,
      "location-before-char-end": 0,
      "node-str": "java.io.IOException"
    },
    {
      "type": "delete-node",
      "node": {
        "label": "org.jboss.deployment.J2eeDeploymentException",
        "type": "THROWS"
      },
      "location-before-char-start": 0,
      "location-before-char-end": 0,
      "node-str": "org.jboss.deployment.J2eeDeploymentException"
    },
    {
      "type": "delete-node",
      "node": {
        "label": "public",
        "type": "Modifier"
      },
      "location-before-char-start": 0,
      "location-before-char-end": 0,
      "node-str": "public"
    },
    {
      "type": "delete-node",
      "node": {
        "label": "java.lang.String",
        "type": "VARIABLE_TYPE"
      },
      "location-before-char-start": 0,
      "location-before-char-end": 0,
      "node-str": "java.lang.String"
    },
    {
      "type": "delete-node",
      "node": {
        "label": "_url",
        "type": "Parameter"
      },
      "location-before-char-start": 5835,
      "location-before-char-end": 5845,
      "node-str": "_url"
    },
    {
      "type": "delete-node",
      "node": {
        "label": "javax.management.ObjectName",
        "type": "VARIABLE_TYPE"
      },
      "location-before-char-start": 0,
      "location-before-char-end": 0,
      "node-str": "javax.management.ObjectName"
    },
    {
      "type": "delete-node",
      "node": {
        "label": "null",
        "type": "Literal"
      },
      "location-before-char-start": 5989,
      "location-before-char-end": 5992,
      "node-str": "null"
    },
    {
      "type": "delete-node",
      "node": {
        "label": "lCollector",
        "type": "LocalVariable"
      },
      "location-before-char-start": 5965,
      "location-before-char-end": 5993,
      "node-str": "lCollector"
    },
    {
      "type": "delete-node",
      "node": {
        "label": "org.jboss.deployment.J2eeDeployer",
        "type": "TypeAccess"
      },
      "location-before-char-start": 0,
      "location-before-char-end": 0,
      "node-str": "org.jboss.deployment.J2eeDeployer"
    },
    {
      "type": "delete-node",
      "node": {
        "label": "d",
        "type": "VariableRead"
      },
      "location-before-char-start": 6666,
      "location-before-char-end": 6666,
      "node-str": "d"
    },
    {
      "type": "delete-node",
      "node": {
        "label": "startApplication",
        "type": "Invocation"
      },
      "location-before-char-start": 6648,
      "location-before-char-end": 6668,
      "node-str": "startApplication"
    },
    {
      "type": "delete-node",
      "node": {
        "label": "org.jboss.mgt.Application",
        "type": "VARIABLE_TYPE"
      },
      "location-before-char-start": 0,
      "location-before-char-end": 0,
      "node-str": "org.jboss.mgt.Application"
    },
    {
      "type": "delete-node",
      "node": {
        "label": "org.jboss.deployment.J2eeDeployer",
        "type": "TypeAccess"
      },
      "location-before-char-start": 0,
      "location-before-char-end": 0,
      "node-str": "org.jboss.deployment.J2eeDeployer"
    },
    {
      "type": "delete-node",
      "node": {
        "label": "_url",
        "type": "VariableRead"
      },
      "location-before-char-start": 6888,
      "location-before-char-end": 6891,
      "node-str": "_url"
    },
    {
      "type": "delete-node",
      "node": {
        "label": "d",
        "type": "VariableRead"
      },
      "location-before-char-start": 6894,
      "location-before-char-end": 6894,
      "node-str": "d"
    },
    {
      "type": "delete-node",
      "node": {
        "label": "convert2Application",
        "type": "Invocation"
      },
      "location-before-char-start": 6867,
      "location-before-char-end": 6896,
      "node-str": "convert2Application"
    },
    {
      "type": "delete-node",
      "node": {
        "label": "lApplication",
        "type": "LocalVariable"
      },
      "location-before-char-start": 6840,
      "location-before-char-end": 6897,
      "node-str": "lApplication"
    },
    {
      "type": "delete-node",
      "node": {
        "label": "org.jboss.deployment.J2eeDeployer",
        "type": "TypeAccess"
      },
      "location-before-char-start": 0,
      "location-before-char-end": 0,
      "node-str": "org.jboss.deployment.J2eeDeployer"
    },
    {
      "type": "delete-node",
      "node": {
        "label": "server",
        "type": "FieldRead"
      },
      "location-before-char-start": 6911,
      "location-before-char-end": 6916,
      "node-str": "server"
    },
    {
      "type": "delete-node",
      "node": {
        "label": "lCollector",
        "type": "VariableRead"
      },
      "location-before-char-start": 6941,
      "location-before-char-end": 6950,
      "node-str": "lCollector"
    },
    {
      "type": "delete-node",
      "node": {
        "label": "\"saveApplication\"",
        "type": "Literal"
      },
      "location-before-char-start": 6968,
      "location-before-char-end": 6984,
      "node-str": "\"saveApplication\""
    },
    {
      "type": "delete-node",
      "node": {
        "label": "_url",
        "type": "VariableRead"
      },
      "location-before-char-start": 7035,
      "location-before-char-end": 7038,
      "node-str": "_url"
    },
    {
      "type": "delete-node",
      "node": {
        "label": "lApplication",
        "type": "VariableRead"
      },
      "location-before-char-start": 7059,
      "location-before-char-end": 7070,
      "node-str": "lApplication"
    },
    {
      "type": "delete-node",
      "node": {
        "label": "",
        "type": "NewArray"
      },
      "location-before-char-start": 7002,
      "location-before-char-end": 7087,
      "node-str": ""
    },
    {
      "type": "delete-node",
      "node": {
        "label": "invoke",
        "type": "Invocation"
      },
      "location-before-char-start": 6911,
      "location-before-char-end": 7240,
      "node-str": "invoke"
    },
    {
      "type": "delete-node",
      "node": {
        "label": "",
        "type": "Try"
      },
      "location-before-char-start": 6739,
      "location-before-char-end": 7393,
      "node-str": ""
    },
    {
      "type": "delete-node",
      "node": {
        "label": "",
        "type": "Try"
      },
      "location-before-char-start": 6635,
      "location-before-char-end": 7997,
      "node-str": ""
    },
    {
      "type": "delete-node",
      "node": {
        "label": "deploy",
        "type": "Method"
      },
      "location-before-char-start": 5391,
      "location-before-char-end": 8002,
      "node-str": "deploy"
    },
    {
      "type": "delete-node",
      "node": {
        "label": "void",
        "type": "RETURN_TYPE"
      },
      "location-before-char-start": 0,
      "location-before-char-end": 0,
      "node-str": "void"
    },
    {
      "type": "delete-node",
      "node": {
        "label": "org.jboss.deployment.J2eeDeploymentException",
        "type": "THROWS"
      },
      "location-before-char-start": 0,
      "location-before-char-end": 0,
      "node-str": "org.jboss.deployment.J2eeDeploymentException"
    },
    {
      "type": "delete-node",
      "node": {
        "label": "protected",
        "type": "Modifier"
      },
      "location-before-char-start": 0,
      "location-before-char-end": 0,
      "node-str": "protected"
    },
    {
      "type": "delete-node",
      "node": {
        "label": "org.jboss.deployment.Deployment",
        "type": "VARIABLE_TYPE"
      },
      "location-before-char-start": 0,
      "location-before-char-end": 0,
      "node-str": "org.jboss.deployment.Deployment"
    },
    {
      "type": "delete-node",
      "node": {
        "label": "_d",
        "type": "Parameter"
      },
      "location-before-char-start": 13723,
      "location-before-char-end": 13735,
      "node-str": "_d"
    },
    {
      "type": "delete-node",
      "node": {
        "label": "org.jboss.deployment.J2eeDeployer",
        "type": "TypeAccess"
      },
      "location-before-char-start": 0,
      "location-before-char-end": 0,
      "node-str": "org.jboss.deployment.J2eeDeployer"
    },
    {
      "type": "delete-node",
      "node": {
        "label": "_d",
        "type": "VariableRead"
      },
      "location-before-char-start": 13980,
      "location-before-char-end": 13981,
      "node-str": "_d"
    },
    {
      "type": "delete-node",
      "node": {
        "label": "createContextClassLoader",
        "type": "Invocation"
      },
      "location-before-char-start": 13955,
      "location-before-char-end": 13983,
      "node-str": "createContextClassLoader"
    },
    {
      "type": "delete-node",
      "node": {
        "label": "org.jboss.deployment.Deployment$Module",
        "type": "VARIABLE_TYPE"
      },
      "location-before-char-start": 0,
      "location-before-char-end": 0,
      "node-str": "org.jboss.deployment.Deployment$Module"
    },
    {
      "type": "delete-node",
      "node": {
        "label": "null",
        "type": "Literal"
      },
      "location-before-char-start": 14200,
      "location-before-char-end": 14203,
      "node-str": "null"
    },
    {
      "type": "delete-node",
      "node": {
        "label": "m",
        "type": "LocalVariable"
      },
      "location-before-char-start": 14178,
      "location-before-char-end": 14204,
      "node-str": "m"
    },
    {
      "type": "delete-node",
      "node": {
        "label": "java.lang.String",
        "type": "VARIABLE_TYPE"
      },
      "location-before-char-start": 0,
      "location-before-char-end": 0,
      "node-str": "java.lang.String"
    },
    {
      "type": "delete-node",
      "node": {
        "label": "null",
        "type": "Literal"
      },
      "location-before-char-start": 14232,
      "location-before-char-end": 14235,
      "node-str": "null"
    },
    {
      "type": "delete-node",
      "node": {
        "label": "moduleName",
        "type": "LocalVariable"
      },
      "location-before-char-start": 14212,
      "location-before-char-end": 14236,
      "node-str": "moduleName"
    },
    {
      "type": "delete-node",
      "node": {
        "label": "java.lang.String",
        "type": "VARIABLE_TYPE"
      },
      "location-before-char-start": 0,
      "location-before-char-end": 0,
      "node-str": "java.lang.String"
    },
    {
      "type": "delete-node",
      "node": {
        "label": "message",
        "type": "LocalVariable"
      },
      "location-before-char-start": 14244,
      "location-before-char-end": 14258,
      "node-str": "message"
    },
    {
      "type": "delete-node",
      "node": {
        "label": "java.util.Vector",
        "type": "VARIABLE_TYPE"
      },
      "location-before-char-start": 0,
      "location-before-char-end": 0,
      "node-str": "java.util.Vector"
    },
    {
      "type": "delete-node",
      "node": {
        "label": "java.util.Vector()",
        "type": "ConstructorCall"
      },
      "location-before-char-start": 14366,
      "location-before-char-end": 14387,
      "node-str": "java.util.Vector()"
    },
    {
      "type": "delete-node",
      "node": {
        "label": "tmp",
        "type": "LocalVariable"
      },
      "location-before-char-start": 14353,
      "location-before-char-end": 14388,
      "node-str": "tmp"
    },
    {
      "type": "delete-node",
      "node": {
        "label": "tmp",
        "type": "VariableRead"
      },
      "location-before-char-start": 14666,
      "location-before-char-end": 14668,
      "node-str": "tmp"
    },
    {
      "type": "delete-node",
      "node": {
        "label": "jarUrls",
        "type": "VariableRead"
      },
      "location-before-char-start": 14679,
      "location-before-char-end": 14685,
      "node-str": "jarUrls"
    },
    {
      "type": "delete-node",
      "node": {
        "label": "toArray",
        "type": "Invocation"
      },
      "location-before-char-start": 14666,
      "location-before-char-end": 14688,
      "node-str": "toArray"
    },
    {
      "type": "delete-node",
      "node": {
        "label": "org.jboss.deployment.J2eeDeployer",
        "type": "TypeAccess"
      },
      "location-before-char-start": 0,
      "location-before-char-end": 0,
      "node-str": "org.jboss.deployment.J2eeDeployer"
    },
    {
      "type": "delete-node",
      "node": {
        "label": "server",
        "type": "FieldRead"
      },
      "location-before-char-start": 14770,
      "location-before-char-end": 14775,
      "node-str": "server"
    },
    {
      "type": "delete-node",
      "node": {
        "label": "org.jboss.deployment.J2eeDeployer",
        "type": "TypeAccess"
      },
      "location-before-char-start": 0,
      "location-before-char-end": 0,
      "node-str": "org.jboss.deployment.J2eeDeployer"
    },
    {
      "type": "delete-node",
      "node": {
        "label": "jarDeployer",
        "type": "FieldRead"
      },
      "location-before-char-start": 14784,
      "location-before-char-end": 14794,
      "node-str": "jarDeployer"
    },
    {
      "type": "delete-node",
      "node": {
        "label": "\"deploy\"",
        "type": "Literal"
      },
      "location-before-char-start": 14797,
      "location-before-char-end": 14804,
      "node-str": "\"deploy\""
    },
    {
      "type": "delete-node",
      "node": {
        "label": "jarUrls",
        "type": "VariableRead"
      },
      "location-before-char-start": 14857,
      "location-before-char-end": 14863,
      "node-str": "jarUrls"
    },
    {
      "type": "delete-node",
      "node": {
        "label": "",
        "type": "NewArray"
      },
      "location-before-char-start": 14819,
      "location-before-char-end": 14865,
      "node-str": ""
    },
    {
      "type": "delete-node",
      "node": {
        "label": "",
        "type": "NewArray"
      },
      "location-before-char-start": 14868,
      "location-before-char-end": 14931,
      "node-str": ""
    },
    {
      "type": "delete-node",
      "node": {
        "label": "invoke",
        "type": "Invocation"
      },
      "location-before-char-start": 14770,
      "location-before-char-end": 14934,
      "node-str": "invoke"
    },
    {
      "type": "delete-node",
      "node": {
        "label": "",
        "type": "Try"
      },
      "location-before-char-start": 14266,
      "location-before-char-end": 16962,
      "node-str": ""
    },
    {
      "type": "delete-node",
      "node": {
        "label": "startApplication",
        "type": "Method"
      },
      "location-before-char-start": 13332,
      "location-before-char-end": 16967,
      "node-str": "startApplication"
    },
    {
      "type": "delete-node",
      "node": {
        "label": "org.jboss.mgt.Application",
        "type": "RETURN_TYPE"
      },
      "location-before-char-start": 0,
      "location-before-char-end": 0,
      "node-str": "org.jboss.mgt.Application"
    },
    {
      "type": "delete-node",
      "node": {
        "label": "public",
        "type": "Modifier"
      },
      "location-before-char-start": 0,
      "location-before-char-end": 0,
      "node-str": "public"
    },
    {
      "type": "delete-node",
      "node": {
        "label": "java.lang.String",
        "type": "VARIABLE_TYPE"
      },
      "location-before-char-start": 0,
      "location-before-char-end": 0,
      "node-str": "java.lang.String"
    },
    {
      "type": "delete-node",
      "node": {
        "label": "pId",
        "type": "Parameter"
      },
      "location-before-char-start": 24131,
      "location-before-char-end": 24140,
      "node-str": "pId"
    },
    {
      "type": "delete-node",
      "node": {
        "label": "org.jboss.deployment.Deployment",
        "type": "VARIABLE_TYPE"
      },
      "location-before-char-start": 0,
      "location-before-char-end": 0,
      "node-str": "org.jboss.deployment.Deployment"
    },
    {
      "type": "delete-node",
      "node": {
        "label": "pDeployment",
        "type": "Parameter"
      },
      "location-before-char-start": 24149,
      "location-before-char-end": 24170,
      "node-str": "pDeployment"
    },
    {
      "type": "delete-node",
      "node": {
        "label": "java.util.Collection",
        "type": "VARIABLE_TYPE"
      },
      "location-before-char-start": 0,
      "location-before-char-end": 0,
      "node-str": "java.util.Collection"
    },
    {
      "type": "delete-node",
      "node": {
        "label": "java.util.ArrayList()",
        "type": "ConstructorCall"
      },
      "location-before-char-start": 24207,
      "location-before-char-end": 24221,
      "node-str": "java.util.ArrayList()"
    },
    {
      "type": "delete-node",
      "node": {
        "label": "lModules",
        "type": "LocalVariable"
      },
      "location-before-char-start": 24185,
      "location-before-char-end": 24222,
      "node-str": "lModules"
    },
    {
      "type": "delete-node",
      "node": {
        "label": "java.util.Collection",
        "type": "VARIABLE_TYPE"
      },
      "location-before-char-start": 0,
      "location-before-char-end": 0,
      "node-str": "java.util.Collection"
    },
    {
      "type": "delete-node",
      "node": {
        "label": "java.util.ArrayList()",
        "type": "ConstructorCall"
      },
      "location-before-char-start": 24341,
      "location-before-char-end": 24355,
      "node-str": "java.util.ArrayList()"
    },
    {
      "type": "delete-node",
      "node": {
        "label": "lItems",
        "type": "LocalVariable"
      },
      "location-before-char-start": 24321,
      "location-before-char-end": 24356,
      "node-str": "lItems"
    },
    {
      "type": "delete-node",
      "node": {
        "label": "i",
        "type": "VariableRead"
      },
      "location-before-char-start": 24371,
      "location-before-char-end": 24371,
      "node-str": "i"
    },
    {
      "type": "delete-node",
      "node": {
        "label": "hasNext",
        "type": "Invocation"
      },
      "location-before-char-start": 24371,
      "location-before-char-end": 24381,
      "node-str": "hasNext"
    },
    {
      "type": "delete-node",
      "node": {
        "label": "lModules",
        "type": "VariableRead"
      },
      "location-before-char-start": 24492,
      "location-before-char-end": 24499,
      "node-str": "lModules"
    },
    {
      "type": "delete-node",
      "node": {
        "label": "lModule",
        "type": "VariableRead"
      },
      "location-before-char-start": 24545,
      "location-before-char-end": 24562,
      "node-str": "lModule"
    },
    {
      "type": "delete-node",
      "node": {
        "label": "webContext",
        "type": "FieldRead"
      },
      "location-before-char-start": 24545,
      "location-before-char-end": 24562,
      "node-str": "webContext"
    },
    {
      "type": "delete-node",
      "node": {
        "label": "\"DD:FixeLater\"",
        "type": "Literal"
      },
      "location-before-char-start": 24580,
      "location-before-char-end": 24593,
      "node-str": "\"DD:FixeLater\""
    },
    {
      "type": "delete-node",
      "node": {
        "label": "null",
        "type": "Literal"
      },
      "location-before-char-start": 24611,
      "location-before-char-end": 24614,
      "node-str": "null"
    },
    {
      "type": "delete-node",
      "node": {
        "label": "java.lang.Module(java.lang.ClassLoader,java.lang.module.ModuleDescriptor)",
        "type": "ConstructorCall"
      },
      "location-before-char-start": 24518,
      "location-before-char-end": 24628,
      "node-str": "java.lang.Module(java.lang.ClassLoader,java.lang.module.ModuleDescriptor)"
    },
    {
      "type": "delete-node",
      "node": {
        "label": "add",
        "type": "Invocation"
      },
      "location-before-char-start": 24492,
      "location-before-char-end": 24640,
      "node-str": "add"
    },
    {
      "type": "delete-node",
      "node": {
        "label": "while",
        "type": "While"
      },
      "location-before-char-start": 24364,
      "location-before-char-end": 24648,
      "node-str": "while"
    },
    {
      "type": "delete-node",
      "node": {
        "label": "i",
        "type": "VariableWrite"
      },
      "location-before-char-start": 24693,
      "location-before-char-end": 24693,
      "node-str": "i"
    },
    {
      "type": "delete-node",
      "node": {
        "label": "pDeployment",
        "type": "VariableRead"
      },
      "location-before-char-start": 24697,
      "location-before-char-end": 24718,
      "node-str": "pDeployment"
    },
    {
      "type": "delete-node",
      "node": {
        "label": "webModules",
        "type": "FieldRead"
      },
      "location-before-char-start": 24697,
      "location-before-char-end": 24718,
      "node-str": "webModules"
    },
    {
      "type": "delete-node",
      "node": {
        "label": "iterator",
        "type": "Invocation"
      },
      "location-before-char-start": 24697,
      "location-before-char-end": 24729,
      "node-str": "iterator"
    },
    {
      "type": "delete-node",
      "node": {
        "label": "\u003d",
        "type": "Assignment"
      },
      "location-before-char-start": 24693,
      "location-before-char-end": 24730,
      "node-str": "\u003d"
    },
    {
      "type": "delete-node",
      "node": {
        "label": "lItems",
        "type": "VariableWrite"
      },
      "location-before-char-start": 24738,
      "location-before-char-end": 24743,
      "node-str": "lItems"
    },
    {
      "type": "delete-node",
      "node": {
        "label": "java.util.ArrayList()",
        "type": "ConstructorCall"
      },
      "location-before-char-start": 24747,
      "location-before-char-end": 24761,
      "node-str": "java.util.ArrayList()"
    },
    {
      "type": "delete-node",
      "node": {
        "label": "\u003d",
        "type": "Assignment"
      },
      "location-before-char-start": 24738,
      "location-before-char-end": 24762,
      "node-str": "\u003d"
    },
    {
      "type": "delete-node",
      "node": {
        "label": "i",
        "type": "VariableRead"
      },
      "location-before-char-start": 24777,
      "location-before-char-end": 24777,
      "node-str": "i"
    },
    {
      "type": "delete-node",
      "node": {
        "label": "hasNext",
        "type": "Invocation"
      },
      "location-before-char-start": 24777,
      "location-before-char-end": 24787,
      "node-str": "hasNext"
    },
    {
      "type": "delete-node",
      "node": {
        "label": "lModules",
        "type": "VariableRead"
      },
      "location-before-char-start": 24899,
      "location-before-char-end": 24906,
      "node-str": "lModules"
    },
    {
      "type": "delete-node",
      "node": {
        "label": "\"DD:FixeLater\"",
        "type": "Literal"
      },
      "location-before-char-start": 25021,
      "location-before-char-end": 25034,
      "node-str": "\"DD:FixeLater\""
    },
    {
      "type": "delete-node",
      "node": {
        "label": "null",
        "type": "Literal"
      },
      "location-before-char-start": 25052,
      "location-before-char-end": 25055,
      "node-str": "null"
    },
    {
      "type": "delete-node",
      "node": {
        "label": "java.lang.Module(java.lang.ClassLoader)",
        "type": "ConstructorCall"
      },
      "location-before-char-start": 24925,
      "location-before-char-end": 25069,
      "node-str": "java.lang.Module(java.lang.ClassLoader)"
    },
    {
      "type": "delete-node",
      "node": {
        "label": "add",
        "type": "Invocation"
      },
      "location-before-char-start": 24899,
      "location-before-char-end": 25081,
      "node-str": "add"
    },
    {
      "type": "delete-node",
      "node": {
        "label": "while",
        "type": "While"
      },
      "location-before-char-start": 24770,
      "location-before-char-end": 25089,
      "node-str": "while"
    },
    {
      "type": "delete-node",
      "node": {
        "label": "pId",
        "type": "VariableRead"
      },
      "location-before-char-start": 25159,
      "location-before-char-end": 25161,
      "node-str": "pId"
    },
    {
      "type": "delete-node",
      "node": {
        "label": "\"DD:FixeLater\"",
        "type": "Literal"
      },
      "location-before-char-start": 25173,
      "location-before-char-end": 25186,
      "node-str": "\"DD:FixeLater\""
    },
    {
      "type": "delete-node",
      "node": {
        "label": "lModules",
        "type": "VariableRead"
      },
      "location-before-char-start": 25198,
      "location-before-char-end": 25205,
      "node-str": "lModules"
    },
    {
      "type": "delete-node",
      "node": {
        "label": "org.jboss.mgt.Application(java.lang.String,java.lang.String,java.util.Collection)",
        "type": "ConstructorCall"
      },
      "location-before-char-start": 25133,
      "location-before-char-end": 25213,
      "node-str": "org.jboss.mgt.Application(java.lang.String,java.lang.String,java.util.Collection)"
    },
    {
      "type": "delete-node",
      "node": {
        "label": "return",
        "type": "Return"
      },
      "location-before-char-start": 25126,
      "location-before-char-end": 25214,
      "node-str": "return"
    },
    {
      "type": "delete-node",
      "node": {
        "label": "convert2Application",
        "type": "Method"
      },
      "location-before-char-start": 23876,
      "location-before-char-end": 25219,
      "node-str": "convert2Application"
    },
    {
      "type": "delete-node",
      "node": {
        "label": "J2eeDeployer",
        "type": "Class"
      },
      "location-before-char-start": 1580,
      "location-before-char-end": 25221,
      "node-str": "J2eeDeployer"
    }
  ],
  "before-file": {},
  "after-file": {},
  "mapping": {}
}