{
  "tool-info": {},
  "diff": [
    {
      "type": "insert-node",
      "node": {
        "label": "createPartControl",
        "type": "Method"
      },
      "location-after-char-start": 8834,
      "location-after-char-end": 9631,
      "node-str": "createPartControl"
    },
    {
      "type": "move-subtree",
      "node": {
        "label": "void",
        "type": "RETURN_TYPE"
      },
      "location-before-char-start": 0,
      "location-before-char-end": 0,
      "location-after-char-start": 0,
      "location-after-char-end": 0,
      "node-str": "void"
    },
    {
      "type": "move-subtree",
      "node": {
        "label": "final",
        "type": "Modifier"
      },
      "location-before-char-start": 0,
      "location-before-char-end": 0,
      "location-after-char-start": 0,
      "location-after-char-end": 0,
      "node-str": "final"
    },
    {
      "type": "move-subtree",
      "node": {
        "label": "public",
        "type": "Modifier"
      },
      "location-before-char-start": 0,
      "location-before-char-end": 0,
      "location-after-char-start": 0,
      "location-after-char-end": 0,
      "node-str": "public"
    },
    {
      "type": "move-subtree",
      "node": {
        "label": "parent",
        "type": "Parameter"
      },
      "location-before-char-start": 9332,
      "location-before-char-end": 9347,
      "location-after-char-start": 9332,
      "location-after-char-end": 9347,
      "node-str": "parent"
    },
    {
      "type": "move-subtree",
      "node": {
        "label": "pageContainer",
        "type": "LocalVariable"
      },
      "location-before-char-start": 9354,
      "location-before-char-end": 9407,
      "location-after-char-start": 9354,
      "location-after-char-end": 9407,
      "node-str": "pageContainer"
    },
    {
      "type": "move-subtree",
      "node": {
        "label": "\u003d",
        "type": "Assignment"
      },
      "location-before-char-start": 9411,
      "location-before-char-end": 9458,
      "location-after-char-start": 9411,
      "location-after-char-end": 9458,
      "node-str": "\u003d"
    },
    {
      "type": "move-subtree",
      "node": {
        "label": "createPages",
        "type": "Invocation"
      },
      "location-before-char-start": 9462,
      "location-before-char-end": 9475,
      "location-after-char-start": 9462,
      "location-after-char-end": 9475,
      "node-str": "createPages"
    },
    {
      "type": "insert-node",
      "node": {
        "label": "if",
        "type": "If"
      },
      "location-after-char-start": 9562,
      "location-after-char-end": 9628,
      "node-str": "if"
    },
    {
      "type": "move-subtree",
      "node": {
        "label": "EQ",
        "type": "BinaryOperator"
      },
      "location-before-char-start": 9566,
      "location-before-char-end": 9586,
      "location-after-char-start": 9566,
      "location-after-char-end": 9586,
      "node-str": "EQ"
    },
    {
      "type": "insert-node",
      "node": {
        "label": "THEN",
        "type": "then"
      },
      "location-after-char-start": 9589,
      "location-after-char-end": 9628,
      "node-str": "THEN"
    },
    {
      "type": "insert-node",
      "node": {
        "label": "setSelection",
        "type": "Invocation"
      },
      "location-after-char-start": 9594,
      "location-after-char-end": 9624,
      "node-str": "setSelection"
    },
    {
      "type": "insert-node",
      "node": {
        "label": "getTabFolder",
        "type": "Invocation"
      },
      "location-after-char-start": 9594,
      "location-after-char-end": 9607,
      "node-str": "getTabFolder"
    },
    {
      "type": "move-subtree",
      "node": {
        "label": "0",
        "type": "Literal"
      },
      "location-before-char-start": 9606,
      "location-before-char-end": 9606,
      "location-after-char-start": 9622,
      "location-after-char-end": 9622,
      "node-str": "0"
    },
    {
      "type": "move-subtree",
      "node": {
        "label": "org.eclipse.ui.part.MultiPageEditorPart",
        "type": "TypeAccess"
      },
      "location-before-char-start": 0,
      "location-before-char-end": 0,
      "location-after-char-start": 0,
      "location-after-char-end": 0,
      "node-str": "org.eclipse.ui.part.MultiPageEditorPart"
    },
    {
      "type": "delete-node",
      "node": {
        "label": "setActivePage",
        "type": "Invocation"
      },
      "location-before-char-start": 9592,
      "location-before-char-end": 9608,
      "node-str": "setActivePage"
    },
    {
      "type": "delete-node",
      "node": {
        "label": "THEN",
        "type": "then"
      },
      "location-before-char-start": 9592,
      "location-before-char-end": 9608,
      "node-str": "THEN"
    },
    {
      "type": "delete-node",
      "node": {
        "label": "if",
        "type": "If"
      },
      "location-before-char-start": 9562,
      "location-before-char-end": 9608,
      "node-str": "if"
    },
    {
      "type": "delete-node",
      "node": {
        "label": "createPartControl",
        "type": "Method"
      },
      "location-before-char-start": 8834,
      "location-before-char-end": 9611,
      "node-str": "createPartControl"
    }
  ],
  "before-file": {},
  "after-file": {},
  "mapping": {}
}