{
  "tool-info": {},
  "diff": [
    {
      "type": "update-node",
      "node": {
        "label": "void",
        "type": "RETURN_TYPE"
      },
      "location-before-char-start": 0,
      "location-before-char-end": 0,
      "location-after-char-start": 0,
      "location-after-char-end": 0,
      "node-str": "boolean"
    },
    {
      "type": "insert-node",
      "node": {
        "label": "success",
        "type": "LocalVariable"
      },
      "location-after-char-start": 3964,
      "location-after-char-end": 3986,
      "node-str": "success"
    },
    {
      "type": "insert-node",
      "node": {
        "label": "return",
        "type": "Return"
      },
      "location-after-char-start": 5483,
      "location-after-char-end": 5497,
      "node-str": "return"
    },
    {
      "type": "insert-node",
      "node": {
        "label": "newAdded",
        "type": "LocalVariable"
      },
      "location-after-char-start": 6072,
      "location-after-char-end": 6096,
      "node-str": "newAdded"
    },
    {
      "type": "insert-node",
      "node": {
        "label": "success",
        "type": "LocalVariable"
      },
      "location-after-char-start": 13896,
      "location-after-char-end": 13948,
      "node-str": "success"
    },
    {
      "type": "insert-node",
      "node": {
        "label": "if",
        "type": "If"
      },
      "location-after-char-start": 14098,
      "location-after-char-end": 14166,
      "node-str": "if"
    },
    {
      "type": "insert-node",
      "node": {
        "label": "boolean",
        "type": "VARIABLE_TYPE"
      },
      "location-after-char-start": 0,
      "location-after-char-end": 0,
      "node-str": "boolean"
    },
    {
      "type": "insert-node",
      "node": {
        "label": "true",
        "type": "Literal"
      },
      "location-after-char-start": 3982,
      "location-after-char-end": 3985,
      "node-str": "true"
    },
    {
      "type": "insert-node",
      "node": {
        "label": "success",
        "type": "VariableRead"
      },
      "location-after-char-start": 5490,
      "location-after-char-end": 5496,
      "node-str": "success"
    },
    {
      "type": "insert-node",
      "node": {
        "label": "boolean",
        "type": "VARIABLE_TYPE"
      },
      "location-after-char-start": 0,
      "location-after-char-end": 0,
      "node-str": "boolean"
    },
    {
      "type": "insert-node",
      "node": {
        "label": "false",
        "type": "Literal"
      },
      "location-after-char-start": 6091,
      "location-after-char-end": 6095,
      "node-str": "false"
    },
    {
      "type": "insert-node",
      "node": {
        "label": "boolean",
        "type": "VARIABLE_TYPE"
      },
      "location-after-char-start": 0,
      "location-after-char-end": 0,
      "node-str": "boolean"
    },
    {
      "type": "move-subtree",
      "node": {
        "label": "doSaveattributedata",
        "type": "Invocation"
      },
      "location-before-char-start": 12703,
      "location-before-char-end": 12737,
      "location-after-char-start": 13914,
      "location-after-char-end": 13947,
      "node-str": "doSaveattributedata"
    },
    {
      "type": "insert-node",
      "node": {
        "label": "success",
        "type": "VariableRead"
      },
      "location-after-char-start": 14102,
      "location-after-char-end": 14108,
      "node-str": "success"
    },
    {
      "type": "insert-node",
      "node": {
        "label": "THEN",
        "type": "then"
      },
      "location-after-char-start": 14119,
      "location-after-char-end": 14166,
      "node-str": "THEN"
    },
    {
      "type": "insert-node",
      "node": {
        "label": "isDupe",
        "type": "LocalVariable"
      },
      "location-after-char-start": 4133,
      "location-after-char-end": 4155,
      "node-str": "isDupe"
    },
    {
      "type": "move-subtree",
      "node": {
        "label": "attributeName",
        "type": "LocalVariable"
      },
      "location-before-char-start": 4495,
      "location-before-char-end": 4550,
      "location-after-char-start": 4169,
      "location-after-char-end": 4196,
      "node-str": "attributeName"
    },
    {
      "type": "move-subtree",
      "node": {
        "label": "if",
        "type": "If"
      },
      "location-before-char-start": 4568,
      "location-before-char-end": 4792,
      "location-after-char-start": 4977,
      "location-after-char-end": 5343,
      "node-str": "if"
    },
    {
      "type": "insert-node",
      "node": {
        "label": "\u003d",
        "type": "Assignment"
      },
      "location-after-char-start": 5388,
      "location-after-char-end": 5403,
      "node-str": "\u003d"
    },
    {
      "type": "move-subtree",
      "node": {
        "label": "doCancel",
        "type": "Invocation"
      },
      "location-before-char-start": 12887,
      "location-before-char-end": 12910,
      "location-after-char-start": 14133,
      "location-after-char-end": 14156,
      "node-str": "doCancel"
    },
    {
      "type": "insert-node",
      "node": {
        "label": "boolean",
        "type": "VARIABLE_TYPE"
      },
      "location-after-char-start": 0,
      "location-after-char-end": 0,
      "node-str": "boolean"
    },
    {
      "type": "insert-node",
      "node": {
        "label": "false",
        "type": "Literal"
      },
      "location-after-char-start": 4150,
      "location-after-char-end": 4154,
      "node-str": "false"
    },
    {
      "type": "insert-node",
      "node": {
        "label": "null",
        "type": "Literal"
      },
      "location-after-char-start": 4192,
      "location-after-char-end": 4195,
      "node-str": "null"
    },
    {
      "type": "insert-node",
      "node": {
        "label": "isDupe",
        "type": "VariableRead"
      },
      "location-after-char-start": 4981,
      "location-after-char-end": 4986,
      "node-str": "isDupe"
    },
    {
      "type": "insert-node",
      "node": {
        "label": "ELSE",
        "type": "else"
      },
      "location-after-char-start": 5185,
      "location-after-char-end": 5343,
      "node-str": "ELSE"
    },
    {
      "type": "insert-node",
      "node": {
        "label": "success",
        "type": "VariableWrite"
      },
      "location-after-char-start": 5388,
      "location-after-char-end": 5394,
      "node-str": "success"
    },
    {
      "type": "insert-node",
      "node": {
        "label": "false",
        "type": "Literal"
      },
      "location-after-char-start": 5398,
      "location-after-char-end": 5402,
      "node-str": "false"
    },
    {
      "type": "insert-node",
      "node": {
        "label": "\u003d",
        "type": "Assignment"
      },
      "location-after-char-start": 4511,
      "location-after-char-end": 4559,
      "node-str": "\u003d"
    },
    {
      "type": "insert-node",
      "node": {
        "label": "\u003d",
        "type": "Assignment"
      },
      "location-after-char-start": 4577,
      "location-after-char-end": 4628,
      "node-str": "\u003d"
    },
    {
      "type": "insert-node",
      "node": {
        "label": "\u003d",
        "type": "Assignment"
      },
      "location-after-char-start": 4764,
      "location-after-char-end": 4812,
      "node-str": "\u003d"
    },
    {
      "type": "insert-node",
      "node": {
        "label": "\u003d",
        "type": "Assignment"
      },
      "location-after-char-start": 4830,
      "location-after-char-end": 4887,
      "node-str": "\u003d"
    },
    {
      "type": "insert-node",
      "node": {
        "label": "\u003d",
        "type": "Assignment"
      },
      "location-after-char-start": 5125,
      "location-after-char-end": 5140,
      "node-str": "\u003d"
    },
    {
      "type": "move-subtree",
      "node": {
        "label": "setProperties",
        "type": "Invocation"
      },
      "location-before-char-start": 4939,
      "location-before-char-end": 4968,
      "location-after-char-start": 5203,
      "location-after-char-end": 5232,
      "node-str": "setProperties"
    },
    {
      "type": "move-subtree",
      "node": {
        "label": "save",
        "type": "Invocation"
      },
      "location-before-char-start": 4982,
      "location-before-char-end": 4993,
      "location-after-char-start": 5250,
      "location-after-char-end": 5261,
      "node-str": "save"
    },
    {
      "type": "move-subtree",
      "node": {
        "label": "setConfirmMessage",
        "type": "Invocation"
      },
      "location-before-char-start": 5007,
      "location-before-char-end": 5055,
      "location-after-char-start": 5279,
      "location-after-char-end": 5327,
      "node-str": "setConfirmMessage"
    },
    {
      "type": "insert-node",
      "node": {
        "label": "somethingSaved",
        "type": "LocalVariable"
      },
      "location-after-char-start": 6703,
      "location-after-char-end": 6733,
      "node-str": "somethingSaved"
    },
    {
      "type": "insert-node",
      "node": {
        "label": "if",
        "type": "If"
      },
      "location-after-char-start": 9789,
      "location-after-char-end": 9913,
      "node-str": "if"
    },
    {
      "type": "insert-node",
      "node": {
        "label": "attributeName",
        "type": "VariableWrite"
      },
      "location-after-char-start": 4511,
      "location-after-char-end": 4523,
      "node-str": "attributeName"
    },
    {
      "type": "move-subtree",
      "node": {
        "label": "toString",
        "type": "Invocation"
      },
      "location-before-char-start": 4518,
      "location-before-char-end": 4549,
      "location-after-char-start": 4527,
      "location-after-char-end": 4558,
      "node-str": "toString"
    },
    {
      "type": "insert-node",
      "node": {
        "label": "isDupe",
        "type": "VariableWrite"
      },
      "location-after-char-start": 4577,
      "location-after-char-end": 4582,
      "node-str": "isDupe"
    },
    {
      "type": "move-subtree",
      "node": {
        "label": "checkForDuplicate",
        "type": "Invocation"
      },
      "location-before-char-start": 4572,
      "location-before-char-end": 4613,
      "location-after-char-start": 4586,
      "location-after-char-end": 4627,
      "node-str": "checkForDuplicate"
    },
    {
      "type": "insert-node",
      "node": {
        "label": "attributeName",
        "type": "VariableWrite"
      },
      "location-after-char-start": 4764,
      "location-after-char-end": 4776,
      "node-str": "attributeName"
    },
    {
      "type": "insert-node",
      "node": {
        "label": "toString",
        "type": "Invocation"
      },
      "location-after-char-start": 4780,
      "location-after-char-end": 4811,
      "node-str": "toString"
    },
    {
      "type": "insert-node",
      "node": {
        "label": "isDupe",
        "type": "VariableWrite"
      },
      "location-after-char-start": 4830,
      "location-after-char-end": 4835,
      "node-str": "isDupe"
    },
    {
      "type": "insert-node",
      "node": {
        "label": "checkForDuplicate",
        "type": "Invocation"
      },
      "location-after-char-start": 4839,
      "location-after-char-end": 4886,
      "node-str": "checkForDuplicate"
    },
    {
      "type": "insert-node",
      "node": {
        "label": "success",
        "type": "VariableWrite"
      },
      "location-after-char-start": 5125,
      "location-after-char-end": 5131,
      "node-str": "success"
    },
    {
      "type": "insert-node",
      "node": {
        "label": "false",
        "type": "Literal"
      },
      "location-after-char-start": 5135,
      "location-after-char-end": 5139,
      "node-str": "false"
    },
    {
      "type": "insert-node",
      "node": {
        "label": "boolean",
        "type": "VARIABLE_TYPE"
      },
      "location-after-char-start": 0,
      "location-after-char-end": 0,
      "node-str": "boolean"
    },
    {
      "type": "insert-node",
      "node": {
        "label": "false",
        "type": "Literal"
      },
      "location-after-char-start": 6728,
      "location-after-char-end": 6732,
      "node-str": "false"
    },
    {
      "type": "insert-node",
      "node": {
        "label": "somethingSaved",
        "type": "VariableRead"
      },
      "location-after-char-start": 9793,
      "location-after-char-end": 9806,
      "node-str": "somethingSaved"
    },
    {
      "type": "insert-node",
      "node": {
        "label": "THEN",
        "type": "then"
      },
      "location-after-char-start": 9825,
      "location-after-char-end": 9913,
      "node-str": "THEN"
    },
    {
      "type": "insert-node",
      "node": {
        "label": "get",
        "type": "Invocation"
      },
      "location-after-char-start": 4780,
      "location-after-char-end": 4800,
      "node-str": "get"
    },
    {
      "type": "insert-node",
      "node": {
        "label": "org.tigris.scarab.om.Attribute",
        "type": "TypeAccess"
      },
      "location-after-char-start": 4839,
      "location-after-char-end": 4847,
      "node-str": "org.tigris.scarab.om.Attribute"
    },
    {
      "type": "insert-node",
      "node": {
        "label": "attributeName",
        "type": "VariableRead"
      },
      "location-after-char-start": 4867,
      "location-after-char-end": 4879,
      "node-str": "attributeName"
    },
    {
      "type": "insert-node",
      "node": {
        "label": "attr",
        "type": "VariableRead"
      },
      "location-after-char-start": 4882,
      "location-after-char-end": 4885,
      "node-str": "attr"
    },
    {
      "type": "insert-node",
      "node": {
        "label": "\u003d",
        "type": "Assignment"
      },
      "location-after-char-start": 9373,
      "location-after-char-end": 9394,
      "node-str": "\u003d"
    },
    {
      "type": "insert-node",
      "node": {
        "label": "setConfirmMessage",
        "type": "Invocation"
      },
      "location-after-char-start": 9847,
      "location-after-char-end": 9895,
      "node-str": "setConfirmMessage"
    },
    {
      "type": "insert-node",
      "node": {
        "label": "if",
        "type": "If"
      },
      "location-after-char-start": 13246,
      "location-after-char-end": 13469,
      "node-str": "if"
    },
    {
      "type": "insert-node",
      "node": {
        "label": "buildOptionsMap",
        "type": "Invocation"
      },
      "location-after-char-start": 13615,
      "location-after-char-end": 13642,
      "node-str": "buildOptionsMap"
    },
    {
      "type": "insert-node",
      "node": {
        "label": "clear",
        "type": "Invocation"
      },
      "location-after-char-start": 13664,
      "location-after-char-end": 13683,
      "node-str": "clear"
    },
    {
      "type": "insert-node",
      "node": {
        "label": "attrGroup",
        "type": "VariableRead"
      },
      "location-after-char-start": 4780,
      "location-after-char-end": 4788,
      "node-str": "attrGroup"
    },
    {
      "type": "insert-node",
      "node": {
        "label": "\"Name\"",
        "type": "Literal"
      },
      "location-after-char-start": 4794,
      "location-after-char-end": 4799,
      "node-str": "\"Name\""
    },
    {
      "type": "insert-node",
      "node": {
        "label": "somethingSaved",
        "type": "VariableWrite"
      },
      "location-after-char-start": 9373,
      "location-after-char-end": 9386,
      "node-str": "somethingSaved"
    },
    {
      "type": "insert-node",
      "node": {
        "label": "true",
        "type": "Literal"
      },
      "location-after-char-start": 9390,
      "location-after-char-end": 9393,
      "node-str": "true"
    },
    {
      "type": "update-node",
      "node": {
        "label": "printStackTrace",
        "type": "Invocation"
      },
      "location-before-char-start": 9198,
      "location-before-char-end": 9218,
      "location-after-char-start": 9683,
      "location-after-char-end": 9698,
      "node-str": "error"
    },
    {
      "type": "insert-node",
      "node": {
        "label": "scarabR",
        "type": "VariableRead"
      },
      "location-after-char-start": 9847,
      "location-after-char-end": 9853,
      "node-str": "scarabR"
    },
    {
      "type": "insert-node",
      "node": {
        "label": "get",
        "type": "Invocation"
      },
      "location-after-char-start": 9873,
      "location-after-char-end": 9893,
      "node-str": "get"
    },
    {
      "type": "insert-node",
      "node": {
        "label": "newAdded",
        "type": "VariableRead"
      },
      "location-after-char-start": 13250,
      "location-after-char-end": 13257,
      "node-str": "newAdded"
    },
    {
      "type": "insert-node",
      "node": {
        "label": "THEN",
        "type": "then"
      },
      "location-after-char-start": 13280,
      "location-after-char-end": 13469,
      "node-str": "THEN"
    },
    {
      "type": "insert-node",
      "node": {
        "label": "attribute",
        "type": "VariableRead"
      },
      "location-after-char-start": 13615,
      "location-after-char-end": 13623,
      "node-str": "attribute"
    },
    {
      "type": "insert-node",
      "node": {
        "label": "org.tigris.scarab.services.cache.ScarabCache",
        "type": "TypeAccess"
      },
      "location-after-char-start": 13664,
      "location-after-char-end": 13674,
      "node-str": "org.tigris.scarab.services.cache.ScarabCache"
    },
    {
      "type": "insert-node",
      "node": {
        "label": "log",
        "type": "Invocation"
      },
      "location-after-char-start": 9683,
      "location-after-char-end": 9687,
      "node-str": "log"
    },
    {
      "type": "insert-node",
      "node": {
        "label": "l10n",
        "type": "VariableRead"
      },
      "location-after-char-start": 9873,
      "location-after-char-end": 9876,
      "node-str": "l10n"
    },
    {
      "type": "insert-node",
      "node": {
        "label": "org.tigris.scarab.actions.admin.DEFAULT_MSG",
        "type": "TypeAccess"
      },
      "location-after-char-start": 9882,
      "location-after-char-end": 9892,
      "node-str": "org.tigris.scarab.actions.admin.DEFAULT_MSG"
    },
    {
      "type": "move-subtree",
      "node": {
        "label": "setConfirmMessage",
        "type": "Invocation"
      },
      "location-before-char-start": 12166,
      "location-before-char-end": 12315,
      "location-after-char-start": 13306,
      "location-after-char-end": 13447,
      "node-str": "setConfirmMessage"
    },
    {
      "type": "insert-node",
      "node": {
        "label": "org.tigris.scarab.actions.admin.GlobalAttributeEdit",
        "type": "TypeAccess"
      },
      "location-after-char-start": 0,
      "location-after-char-end": 0,
      "node-str": "org.tigris.scarab.actions.admin.GlobalAttributeEdit"
    },
    {
      "type": "update-node",
      "node": {
        "label": "get",
        "type": "Invocation"
      },
      "location-before-char-start": 10079,
      "location-before-char-end": 10087,
      "location-after-char-start": 10688,
      "location-after-char-end": 10692,
      "node-str": "log"
    },
    {
      "type": "insert-node",
      "node": {
        "label": "\u003d",
        "type": "Assignment"
      },
      "location-after-char-start": 11275,
      "location-after-char-end": 11290,
      "node-str": "\u003d"
    },
    {
      "type": "insert-node",
      "node": {
        "label": "AND",
        "type": "BinaryOperator"
      },
      "location-after-char-start": 11743,
      "location-after-char-end": 11774,
      "node-str": "AND"
    },
    {
      "type": "update-node",
      "node": {
        "label": "org.tigris.scarab.util.Log",
        "type": "TypeAccess"
      },
      "location-before-char-start": 10079,
      "location-before-char-end": 10081,
      "location-after-char-start": 0,
      "location-after-char-end": 0,
      "node-str": "org.tigris.scarab.actions.admin.GlobalAttributeEdit"
    },
    {
      "type": "insert-node",
      "node": {
        "label": "newAdded",
        "type": "VariableWrite"
      },
      "location-after-char-start": 11275,
      "location-after-char-end": 11282,
      "node-str": "newAdded"
    },
    {
      "type": "insert-node",
      "node": {
        "label": "true",
        "type": "Literal"
      },
      "location-after-char-start": 11286,
      "location-after-char-end": 11289,
      "node-str": "true"
    },
    {
      "type": "insert-node",
      "node": {
        "label": "newAdded",
        "type": "VariableRead"
      },
      "location-after-char-start": 11743,
      "location-after-char-end": 11750,
      "node-str": "newAdded"
    },
    {
      "type": "move-subtree",
      "node": {
        "label": "NE",
        "type": "BinaryOperator"
      },
      "location-before-char-start": 10981,
      "location-before-char-end": 11000,
      "location-after-char-start": 11755,
      "location-after-char-end": 11774,
      "node-str": "NE"
    },
    {
      "type": "update-node",
      "node": {
        "label": "get",
        "type": "Invocation"
      },
      "location-before-char-start": 10766,
      "location-before-char-end": 10774,
      "location-after-char-start": 11416,
      "location-after-char-end": 11420,
      "node-str": "log"
    },
    {
      "type": "update-node",
      "node": {
        "label": "org.tigris.scarab.util.Log",
        "type": "TypeAccess"
      },
      "location-before-char-start": 10766,
      "location-before-char-end": 10768,
      "location-after-char-start": 0,
      "location-after-char-end": 0,
      "node-str": "org.tigris.scarab.actions.admin.GlobalAttributeEdit"
    },
    {
      "type": "update-node",
      "node": {
        "label": "printStackTrace",
        "type": "Invocation"
      },
      "location-before-char-start": 11455,
      "location-before-char-end": 11474,
      "location-after-char-start": 12229,
      "location-after-char-end": 12243,
      "node-str": "error"
    },
    {
      "type": "insert-node",
      "node": {
        "label": "\"admin,AttributeOptionSelect.vm\"",
        "type": "Literal"
      },
      "location-after-char-start": 12391,
      "location-after-char-end": 12422,
      "node-str": "\"admin,AttributeOptionSelect.vm\""
    },
    {
      "type": "insert-node",
      "node": {
        "label": "setString",
        "type": "Invocation"
      },
      "location-after-char-start": 12622,
      "location-after-char-end": 12717,
      "node-str": "setString"
    },
    {
      "type": "insert-node",
      "node": {
        "label": "log",
        "type": "Invocation"
      },
      "location-after-char-start": 12229,
      "location-after-char-end": 12233,
      "node-str": "log"
    },
    {
      "type": "insert-node",
      "node": {
        "label": "getParameters",
        "type": "Invocation"
      },
      "location-after-char-start": 12622,
      "location-after-char-end": 12641,
      "node-str": "getParameters"
    },
    {
      "type": "insert-node",
      "node": {
        "label": "ScarabConstants.CANCEL_TEMPLATE",
        "type": "TypeAccess"
      },
      "location-after-char-start": 12653,
      "location-after-char-end": 12683,
      "node-str": "ScarabConstants.CANCEL_TEMPLATE"
    },
    {
      "type": "move-subtree",
      "node": {
        "label": "\"admin,ModuleAttributeEdit.vm\"",
        "type": "Literal"
      },
      "location-before-char-start": 11622,
      "location-before-char-end": 11651,
      "location-after-char-start": 12686,
      "location-after-char-end": 12715,
      "node-str": "\"admin,ModuleAttributeEdit.vm\""
    },
    {
      "type": "insert-node",
      "node": {
        "label": "org.tigris.scarab.actions.admin.GlobalAttributeEdit",
        "type": "TypeAccess"
      },
      "location-after-char-start": 0,
      "location-after-char-end": 0,
      "node-str": "org.tigris.scarab.actions.admin.GlobalAttributeEdit"
    },
    {
      "type": "insert-node",
      "node": {
        "label": "data",
        "type": "VariableRead"
      },
      "location-after-char-start": 12622,
      "location-after-char-end": 12625,
      "node-str": "data"
    },
    {
      "type": "insert-node",
      "node": {
        "label": "\"admin,GlobalAttributeOptionSelect.vm\"",
        "type": "Literal"
      },
      "location-after-char-start": 12874,
      "location-after-char-end": 12911,
      "node-str": "\"admin,GlobalAttributeOptionSelect.vm\""
    },
    {
      "type": "insert-node",
      "node": {
        "label": "setString",
        "type": "Invocation"
      },
      "location-after-char-start": 13048,
      "location-after-char-end": 13146,
      "node-str": "setString"
    },
    {
      "type": "insert-node",
      "node": {
        "label": "getParameters",
        "type": "Invocation"
      },
      "location-after-char-start": 13048,
      "location-after-char-end": 13067,
      "node-str": "getParameters"
    },
    {
      "type": "insert-node",
      "node": {
        "label": "ScarabConstants.CANCEL_TEMPLATE",
        "type": "TypeAccess"
      },
      "location-after-char-start": 13079,
      "location-after-char-end": 13109,
      "node-str": "ScarabConstants.CANCEL_TEMPLATE"
    },
    {
      "type": "move-subtree",
      "node": {
        "label": "\"admin,IssueTypeAttributeEdit.vm\"",
        "type": "Literal"
      },
      "location-before-char-start": 11970,
      "location-before-char-end": 12002,
      "location-after-char-start": 13112,
      "location-after-char-end": 13144,
      "node-str": "\"admin,IssueTypeAttributeEdit.vm\""
    },
    {
      "type": "insert-node",
      "node": {
        "label": "data",
        "type": "VariableRead"
      },
      "location-after-char-start": 13048,
      "location-after-char-end": 13051,
      "node-str": "data"
    },
    {
      "type": "delete-node",
      "node": {
        "label": "return",
        "type": "Return"
      },
      "location-before-char-start": 4768,
      "location-before-char-end": 4774,
      "node-str": "return"
    }
  ],
  "before-file": {},
  "after-file": {},
  "mapping": {}
}