{
  "tool-info": {},
  "diff": [
    {
      "type": "insert-node",
      "node": {
        "label": "StateDiagramGraphModel",
        "type": "Class"
      },
      "location-after-char-start": 2061,
      "location-after-char-end": 11765,
      "node-str": "StateDiagramGraphModel"
    },
    {
      "type": "insert-node",
      "node": {
        "label": "public",
        "type": "Modifier"
      },
      "location-after-char-start": 0,
      "location-after-char-end": 0,
      "node-str": "public"
    },
    {
      "type": "insert-node",
      "node": {
        "label": "",
        "type": "TypeReference"
      },
      "location-after-char-start": 2293,
      "location-after-char-end": 2311,
      "node-str": ""
    },
    {
      "type": "insert-node",
      "node": {
        "label": "_nodes",
        "type": "Field"
      },
      "location-after-char-start": 2388,
      "location-after-char-end": 2517,
      "node-str": "_nodes"
    },
    {
      "type": "insert-node",
      "node": {
        "label": "_edges",
        "type": "Field"
      },
      "location-after-char-start": 2521,
      "location-after-char-end": 2559,
      "node-str": "_edges"
    },
    {
      "type": "insert-node",
      "node": {
        "label": "_namespace",
        "type": "Field"
      },
      "location-after-char-start": 2564,
      "location-after-char-end": 2914,
      "node-str": "_namespace"
    },
    {
      "type": "insert-node",
      "node": {
        "label": "_machine",
        "type": "Field"
      },
      "location-after-char-start": 2919,
      "location-after-char-end": 2996,
      "node-str": "_machine"
    },
    {
      "type": "move-subtree",
      "node": {
        "label": "getNamespace",
        "type": "Method"
      },
      "location-before-char-start": 3001,
      "location-before-char-end": 3138,
      "location-after-char-start": 3001,
      "location-after-char-end": 3138,
      "node-str": "getNamespace"
    },
    {
      "type": "move-subtree",
      "node": {
        "label": "setNamespace",
        "type": "Method"
      },
      "location-before-char-start": 3142,
      "location-before-char-end": 3340,
      "location-after-char-start": 3142,
      "location-after-char-end": 3340,
      "node-str": "setNamespace"
    },
    {
      "type": "move-subtree",
      "node": {
        "label": "getMachine",
        "type": "Method"
      },
      "location-before-char-start": 3345,
      "location-before-char-end": 3398,
      "location-after-char-start": 3345,
      "location-after-char-end": 3398,
      "node-str": "getMachine"
    },
    {
      "type": "move-subtree",
      "node": {
        "label": "setMachine",
        "type": "Method"
      },
      "location-before-char-start": 3402,
      "location-before-char-end": 3597,
      "location-after-char-start": 3402,
      "location-after-char-end": 3597,
      "node-str": "setMachine"
    },
    {
      "type": "move-subtree",
      "node": {
        "label": "getNodes",
        "type": "Method"
      },
      "location-before-char-start": 3602,
      "location-before-char-end": 3782,
      "location-after-char-start": 3602,
      "location-after-char-end": 3782,
      "node-str": "getNodes"
    },
    {
      "type": "move-subtree",
      "node": {
        "label": "getEdges",
        "type": "Method"
      },
      "location-before-char-start": 3787,
      "location-before-char-end": 3868,
      "location-after-char-start": 3787,
      "location-after-char-end": 3868,
      "node-str": "getEdges"
    },
    {
      "type": "move-subtree",
      "node": {
        "label": "getPorts",
        "type": "Method"
      },
      "location-before-char-start": 3873,
      "location-before-char-end": 4159,
      "location-after-char-start": 3873,
      "location-after-char-end": 4159,
      "node-str": "getPorts"
    },
    {
      "type": "move-subtree",
      "node": {
        "label": "getOwner",
        "type": "Method"
      },
      "location-before-char-start": 4164,
      "location-before-char-end": 4279,
      "location-after-char-start": 4164,
      "location-after-char-end": 4279,
      "node-str": "getOwner"
    },
    {
      "type": "move-subtree",
      "node": {
        "label": "getInEdges",
        "type": "Method"
      },
      "location-before-char-start": 4284,
      "location-before-char-end": 4581,
      "location-after-char-start": 4284,
      "location-after-char-end": 4581,
      "node-str": "getInEdges"
    },
    {
      "type": "move-subtree",
      "node": {
        "label": "getOutEdges",
        "type": "Method"
      },
      "location-before-char-start": 4586,
      "location-before-char-end": 4887,
      "location-after-char-start": 4586,
      "location-after-char-end": 4887,
      "node-str": "getOutEdges"
    },
    {
      "type": "move-subtree",
      "node": {
        "label": "getSourcePort",
        "type": "Method"
      },
      "location-before-char-start": 4892,
      "location-before-char-end": 5178,
      "location-after-char-start": 4892,
      "location-after-char-end": 5178,
      "node-str": "getSourcePort"
    },
    {
      "type": "move-subtree",
      "node": {
        "label": "getDestPort",
        "type": "Method"
      },
      "location-before-char-start": 5183,
      "location-before-char-end": 5472,
      "location-after-char-start": 5183,
      "location-after-char-end": 5472,
      "node-str": "getDestPort"
    },
    {
      "type": "move-subtree",
      "node": {
        "label": "canAddNode",
        "type": "Method"
      },
      "location-before-char-start": 5478,
      "location-before-char-end": 5741,
      "location-after-char-start": 5478,
      "location-after-char-end": 5741,
      "node-str": "canAddNode"
    },
    {
      "type": "move-subtree",
      "node": {
        "label": "canAddEdge",
        "type": "Method"
      },
      "location-before-char-start": 5746,
      "location-before-char-end": 6249,
      "location-after-char-start": 5746,
      "location-after-char-end": 6249,
      "node-str": "canAddEdge"
    },
    {
      "type": "move-subtree",
      "node": {
        "label": "removeNode",
        "type": "Method"
      },
      "location-before-char-start": 6254,
      "location-before-char-end": 6440,
      "location-after-char-start": 6254,
      "location-after-char-end": 6440,
      "node-str": "removeNode"
    },
    {
      "type": "move-subtree",
      "node": {
        "label": "addNode",
        "type": "Method"
      },
      "location-before-char-start": 6445,
      "location-before-char-end": 7338,
      "location-after-char-start": 6445,
      "location-after-char-end": 7338,
      "node-str": "addNode"
    },
    {
      "type": "insert-node",
      "node": {
        "label": "addEdge",
        "type": "Method"
      },
      "location-after-char-start": 7343,
      "location-after-char-end": 7926,
      "node-str": "addEdge"
    },
    {
      "type": "move-subtree",
      "node": {
        "label": "addNodeRelatedEdges",
        "type": "Method"
      },
      "location-before-char-start": 7928,
      "location-before-char-end": 8347,
      "location-after-char-start": 7931,
      "location-after-char-end": 8350,
      "node-str": "addNodeRelatedEdges"
    },
    {
      "type": "move-subtree",
      "node": {
        "label": "removeEdge",
        "type": "Method"
      },
      "location-before-char-start": 8353,
      "location-before-char-end": 8539,
      "location-after-char-start": 8356,
      "location-after-char-end": 8542,
      "node-str": "removeEdge"
    },
    {
      "type": "move-subtree",
      "node": {
        "label": "canConnect",
        "type": "Method"
      },
      "location-before-char-start": 8544,
      "location-before-char-end": 9275,
      "location-after-char-start": 8547,
      "location-after-char-end": 9278,
      "node-str": "canConnect"
    },
    {
      "type": "move-subtree",
      "node": {
        "label": "connect",
        "type": "Method"
      },
      "location-before-char-start": 9281,
      "location-before-char-end": 9468,
      "location-after-char-start": 9284,
      "location-after-char-end": 9471,
      "node-str": "connect"
    },
    {
      "type": "insert-node",
      "node": {
        "label": "connect",
        "type": "Method"
      },
      "location-after-char-start": 9476,
      "location-after-char-end": 10641,
      "node-str": "connect"
    },
    {
      "type": "move-subtree",
      "node": {
        "label": "vetoableChange",
        "type": "Method"
      },
      "location-before-char-start": 10749,
      "location-before-char-end": 11470,
      "location-after-char-start": 10647,
      "location-after-char-end": 11368,
      "node-str": "vetoableChange"
    },
    {
      "type": "move-subtree",
      "node": {
        "label": "propertySet",
        "type": "Method"
      },
      "location-before-char-start": 11474,
      "location-before-char-end": 11520,
      "location-after-char-start": 11372,
      "location-after-char-end": 11418,
      "node-str": "propertySet"
    },
    {
      "type": "move-subtree",
      "node": {
        "label": "listRoleItemSet",
        "type": "Method"
      },
      "location-before-char-start": 11523,
      "location-before-char-end": 11573,
      "location-after-char-start": 11421,
      "location-after-char-end": 11471,
      "node-str": "listRoleItemSet"
    },
    {
      "type": "move-subtree",
      "node": {
        "label": "recovered",
        "type": "Method"
      },
      "location-before-char-start": 11576,
      "location-before-char-end": 11620,
      "location-after-char-start": 11474,
      "location-after-char-end": 11518,
      "node-str": "recovered"
    },
    {
      "type": "move-subtree",
      "node": {
        "label": "removed",
        "type": "Method"
      },
      "location-before-char-start": 11623,
      "location-before-char-end": 11665,
      "location-after-char-start": 11521,
      "location-after-char-end": 11563,
      "node-str": "removed"
    },
    {
      "type": "move-subtree",
      "node": {
        "label": "roleAdded",
        "type": "Method"
      },
      "location-before-char-start": 11668,
      "location-before-char-end": 11712,
      "location-after-char-start": 11566,
      "location-after-char-end": 11610,
      "node-str": "roleAdded"
    },
    {
      "type": "move-subtree",
      "node": {
        "label": "roleRemoved",
        "type": "Method"
      },
      "location-before-char-start": 11715,
      "location-before-char-end": 11761,
      "location-after-char-start": 11613,
      "location-after-char-end": 11659,
      "node-str": "roleRemoved"
    },
    {
      "type": "move-subtree",
      "node": {
        "label": "serialVersionUID",
        "type": "Field"
      },
      "location-before-char-start": 11767,
      "location-before-char-end": 11825,
      "location-after-char-start": 11665,
      "location-after-char-end": 11723,
      "node-str": "serialVersionUID"
    },
    {
      "type": "insert-node",
      "node": {
        "label": "MutableGraphSupport",
        "type": "SUPER_TYPE"
      },
      "location-after-char-start": 0,
      "location-after-char-end": 0,
      "node-str": "MutableGraphSupport"
    },
    {
      "type": "insert-node",
      "node": {
        "label": "java.util.Vector",
        "type": "VARIABLE_TYPE"
      },
      "location-after-char-start": 0,
      "location-after-char-end": 0,
      "node-str": "java.util.Vector"
    },
    {
      "type": "insert-node",
      "node": {
        "label": "protected",
        "type": "Modifier"
      },
      "location-after-char-start": 0,
      "location-after-char-end": 0,
      "node-str": "protected"
    },
    {
      "type": "insert-node",
      "node": {
        "label": "java.util.Vector()",
        "type": "ConstructorCall"
      },
      "location-after-char-start": 2505,
      "location-after-char-end": 2516,
      "node-str": "java.util.Vector()"
    },
    {
      "type": "insert-node",
      "node": {
        "label": "java.util.Vector",
        "type": "VARIABLE_TYPE"
      },
      "location-after-char-start": 0,
      "location-after-char-end": 0,
      "node-str": "java.util.Vector"
    },
    {
      "type": "insert-node",
      "node": {
        "label": "protected",
        "type": "Modifier"
      },
      "location-after-char-start": 0,
      "location-after-char-end": 0,
      "node-str": "protected"
    },
    {
      "type": "insert-node",
      "node": {
        "label": "java.util.Vector()",
        "type": "ConstructorCall"
      },
      "location-after-char-start": 2547,
      "location-after-char-end": 2558,
      "node-str": "java.util.Vector()"
    },
    {
      "type": "insert-node",
      "node": {
        "label": "org.argouml.uml.diagram.state.MNamespace",
        "type": "VARIABLE_TYPE"
      },
      "location-after-char-start": 0,
      "location-after-char-end": 0,
      "node-str": "org.argouml.uml.diagram.state.MNamespace"
    },
    {
      "type": "insert-node",
      "node": {
        "label": "protected",
        "type": "Modifier"
      },
      "location-after-char-start": 0,
      "location-after-char-end": 0,
      "node-str": "protected"
    },
    {
      "type": "insert-node",
      "node": {
        "label": "org.argouml.uml.diagram.state.MStateMachine",
        "type": "VARIABLE_TYPE"
      },
      "location-after-char-start": 0,
      "location-after-char-end": 0,
      "node-str": "org.argouml.uml.diagram.state.MStateMachine"
    },
    {
      "type": "insert-node",
      "node": {
        "label": "protected",
        "type": "Modifier"
      },
      "location-after-char-start": 0,
      "location-after-char-end": 0,
      "node-str": "protected"
    },
    {
      "type": "insert-node",
      "node": {
        "label": "void",
        "type": "RETURN_TYPE"
      },
      "location-after-char-start": 0,
      "location-after-char-end": 0,
      "node-str": "void"
    },
    {
      "type": "insert-node",
      "node": {
        "label": "public",
        "type": "Modifier"
      },
      "location-after-char-start": 0,
      "location-after-char-end": 0,
      "node-str": "public"
    },
    {
      "type": "insert-node",
      "node": {
        "label": "edge",
        "type": "Parameter"
      },
      "location-after-char-start": 7415,
      "location-after-char-end": 7425,
      "node-str": "edge"
    },
    {
      "type": "move-subtree",
      "node": {
        "label": "if",
        "type": "If"
      },
      "location-before-char-start": 7495,
      "location-before-char-end": 7616,
      "location-after-char-start": 7495,
      "location-after-char-end": 7616,
      "node-str": "if"
    },
    {
      "type": "insert-node",
      "node": {
        "label": "tr",
        "type": "LocalVariable"
      },
      "location-after-char-start": 7622,
      "location-after-char-end": 7657,
      "node-str": "tr"
    },
    {
      "type": "move-subtree",
      "node": {
        "label": "if",
        "type": "If"
      },
      "location-before-char-start": 7663,
      "location-before-char-end": 7694,
      "location-after-char-start": 7663,
      "location-after-char-end": 7694,
      "node-str": "if"
    },
    {
      "type": "insert-node",
      "node": {
        "label": "addElement",
        "type": "Invocation"
      },
      "location-after-char-start": 7700,
      "location-after-char-end": 7721,
      "node-str": "addElement"
    },
    {
      "type": "insert-node",
      "node": {
        "label": "fireEdgeAdded",
        "type": "Invocation"
      },
      "location-after-char-start": 7903,
      "location-after-char-end": 7922,
      "node-str": "fireEdgeAdded"
    },
    {
      "type": "insert-node",
      "node": {
        "label": "java.lang.Object",
        "type": "RETURN_TYPE"
      },
      "location-after-char-start": 0,
      "location-after-char-end": 0,
      "node-str": "java.lang.Object"
    },
    {
      "type": "insert-node",
      "node": {
        "label": "public",
        "type": "Modifier"
      },
      "location-after-char-start": 0,
      "location-after-char-end": 0,
      "node-str": "public"
    },
    {
      "type": "insert-node",
      "node": {
        "label": "fromPort",
        "type": "Parameter"
      },
      "location-after-char-start": 9553,
      "location-after-char-end": 9567,
      "node-str": "fromPort"
    },
    {
      "type": "insert-node",
      "node": {
        "label": "toPort",
        "type": "Parameter"
      },
      "location-after-char-start": 9570,
      "location-after-char-end": 9582,
      "node-str": "toPort"
    },
    {
      "type": "insert-node",
      "node": {
        "label": "edgeClass",
        "type": "Parameter"
      },
      "location-after-char-start": 9588,
      "location-after-char-end": 9612,
      "node-str": "edgeClass"
    },
    {
      "type": "move-subtree",
      "node": {
        "label": "if",
        "type": "If"
      },
      "location-before-char-start": 9634,
      "location-before-char-end": 9756,
      "location-after-char-start": 9637,
      "location-after-char-end": 9759,
      "node-str": "if"
    },
    {
      "type": "move-subtree",
      "node": {
        "label": "if",
        "type": "If"
      },
      "location-before-char-start": 9762,
      "location-before-char-end": 9880,
      "location-after-char-start": 9765,
      "location-after-char-end": 9883,
      "node-str": "if"
    },
    {
      "type": "insert-node",
      "node": {
        "label": "fromSV",
        "type": "LocalVariable"
      },
      "location-after-char-start": 9889,
      "location-after-char-end": 9934,
      "node-str": "fromSV"
    },
    {
      "type": "insert-node",
      "node": {
        "label": "toSV",
        "type": "LocalVariable"
      },
      "location-after-char-start": 9940,
      "location-after-char-end": 9981,
      "node-str": "toSV"
    },
    {
      "type": "move-subtree",
      "node": {
        "label": "if",
        "type": "If"
      },
      "location-before-char-start": 9985,
      "location-before-char-end": 10031,
      "location-after-char-start": 9988,
      "location-after-char-end": 10034,
      "node-str": "if"
    },
    {
      "type": "move-subtree",
      "node": {
        "label": "if",
        "type": "If"
      },
      "location-before-char-start": 10037,
      "location-before-char-end": 10158,
      "location-after-char-start": 10040,
      "location-after-char-end": 10161,
      "node-str": "if"
    },
    {
      "type": "insert-node",
      "node": {
        "label": "if",
        "type": "If"
      },
      "location-after-char-start": 10168,
      "location-after-char-end": 10477,
      "node-str": "if"
    },
    {
      "type": "insert-node",
      "node": {
        "label": "java.lang.Object",
        "type": "VARIABLE_TYPE"
      },
      "location-after-char-start": 0,
      "location-after-char-end": 0,
      "node-str": "java.lang.Object"
    },
    {
      "type": "insert-node",
      "node": {
        "label": "MTransition",
        "type": "VARIABLE_TYPE"
      },
      "location-after-char-start": 0,
      "location-after-char-end": 0,
      "node-str": "MTransition"
    },
    {
      "type": "insert-node",
      "node": {
        "label": "edge",
        "type": "VariableRead"
      },
      "location-after-char-start": 7639,
      "location-after-char-end": 7656,
      "node-str": "edge"
    },
    {
      "type": "insert-node",
      "node": {
        "label": "_edges",
        "type": "FieldRead"
      },
      "location-after-char-start": 7700,
      "location-after-char-end": 7705,
      "node-str": "_edges"
    },
    {
      "type": "insert-node",
      "node": {
        "label": "tr",
        "type": "VariableRead"
      },
      "location-after-char-start": 7718,
      "location-after-char-end": 7719,
      "node-str": "tr"
    },
    {
      "type": "insert-node",
      "node": {
        "label": "org.argouml.uml.diagram.state.StateDiagramGraphModel",
        "type": "TypeAccess"
      },
      "location-after-char-start": 0,
      "location-after-char-end": 0,
      "node-str": "org.argouml.uml.diagram.state.StateDiagramGraphModel"
    },
    {
      "type": "insert-node",
      "node": {
        "label": "edge",
        "type": "VariableRead"
      },
      "location-after-char-start": 7917,
      "location-after-char-end": 7920,
      "node-str": "edge"
    },
    {
      "type": "insert-node",
      "node": {
        "label": "java.lang.Object",
        "type": "VARIABLE_TYPE"
      },
      "location-after-char-start": 0,
      "location-after-char-end": 0,
      "node-str": "java.lang.Object"
    },
    {
      "type": "insert-node",
      "node": {
        "label": "java.lang.Object",
        "type": "VARIABLE_TYPE"
      },
      "location-after-char-start": 0,
      "location-after-char-end": 0,
      "node-str": "java.lang.Object"
    },
    {
      "type": "insert-node",
      "node": {
        "label": "java.lang.Class",
        "type": "VARIABLE_TYPE"
      },
      "location-after-char-start": 0,
      "location-after-char-end": 0,
      "node-str": "java.lang.Class"
    },
    {
      "type": "insert-node",
      "node": {
        "label": "MStateVertex",
        "type": "VARIABLE_TYPE"
      },
      "location-after-char-start": 0,
      "location-after-char-end": 0,
      "node-str": "MStateVertex"
    },
    {
      "type": "insert-node",
      "node": {
        "label": "fromPort",
        "type": "VariableRead"
      },
      "location-after-char-start": 9911,
      "location-after-char-end": 9933,
      "node-str": "fromPort"
    },
    {
      "type": "insert-node",
      "node": {
        "label": "MStateVertex",
        "type": "VARIABLE_TYPE"
      },
      "location-after-char-start": 0,
      "location-after-char-end": 0,
      "node-str": "MStateVertex"
    },
    {
      "type": "insert-node",
      "node": {
        "label": "toPort",
        "type": "VariableRead"
      },
      "location-after-char-start": 9960,
      "location-after-char-end": 9980,
      "node-str": "toPort"
    },
    {
      "type": "insert-node",
      "node": {
        "label": "EQ",
        "type": "BinaryOperator"
      },
      "location-after-char-start": 10172,
      "location-after-char-end": 10205,
      "node-str": "EQ"
    },
    {
      "type": "insert-node",
      "node": {
        "label": "THEN",
        "type": "then"
      },
      "location-after-char-start": 10208,
      "location-after-char-end": 10357,
      "node-str": "THEN"
    },
    {
      "type": "move-subtree",
      "node": {
        "label": "ELSE",
        "type": "else"
      },
      "location-before-char-start": 10470,
      "location-before-char-end": 10579,
      "location-after-char-start": 10368,
      "location-after-char-end": 10477,
      "node-str": "ELSE"
    },
    {
      "type": "insert-node",
      "node": {
        "label": "org.argouml.uml.diagram.state.StateDiagramGraphModel",
        "type": "TypeAccess"
      },
      "location-after-char-start": 0,
      "location-after-char-end": 0,
      "node-str": "org.argouml.uml.diagram.state.StateDiagramGraphModel"
    },
    {
      "type": "insert-node",
      "node": {
        "label": "edgeClass",
        "type": "VariableRead"
      },
      "location-after-char-start": 10172,
      "location-after-char-end": 10180,
      "node-str": "edgeClass"
    },
    {
      "type": "insert-node",
      "node": {
        "label": "class",
        "type": "FieldRead"
      },
      "location-after-char-start": 10185,
      "location-after-char-end": 10205,
      "node-str": "class"
    },
    {
      "type": "insert-node",
      "node": {
        "label": "tr",
        "type": "LocalVariable"
      },
      "location-after-char-start": 10216,
      "location-after-char-end": 10315,
      "node-str": "tr"
    },
    {
      "type": "insert-node",
      "node": {
        "label": "addEdge",
        "type": "Invocation"
      },
      "location-after-char-start": 10323,
      "location-after-char-end": 10334,
      "node-str": "addEdge"
    },
    {
      "type": "insert-node",
      "node": {
        "label": "return",
        "type": "Return"
      },
      "location-after-char-start": 10342,
      "location-after-char-end": 10351,
      "node-str": "return"
    },
    {
      "type": "insert-node",
      "node": {
        "label": "org.argouml.uml.diagram.state.MTransitionImpl",
        "type": "TypeAccess"
      },
      "location-after-char-start": 0,
      "location-after-char-end": 0,
      "node-str": "org.argouml.uml.diagram.state.MTransitionImpl"
    },
    {
      "type": "insert-node",
      "node": {
        "label": "MTransition",
        "type": "VARIABLE_TYPE"
      },
      "location-after-char-start": 0,
      "location-after-char-end": 0,
      "node-str": "MTransition"
    },
    {
      "type": "insert-node",
      "node": {
        "label": "buildTransition",
        "type": "Invocation"
      },
      "location-after-char-start": 10233,
      "location-after-char-end": 10314,
      "node-str": "buildTransition"
    },
    {
      "type": "insert-node",
      "node": {
        "label": "org.argouml.uml.diagram.state.StateDiagramGraphModel",
        "type": "TypeAccess"
      },
      "location-after-char-start": 0,
      "location-after-char-end": 0,
      "node-str": "org.argouml.uml.diagram.state.StateDiagramGraphModel"
    },
    {
      "type": "insert-node",
      "node": {
        "label": "tr",
        "type": "VariableRead"
      },
      "location-after-char-start": 10331,
      "location-after-char-end": 10332,
      "node-str": "tr"
    },
    {
      "type": "insert-node",
      "node": {
        "label": "tr",
        "type": "VariableRead"
      },
      "location-after-char-start": 10349,
      "location-after-char-end": 10350,
      "node-str": "tr"
    },
    {
      "type": "insert-node",
      "node": {
        "label": "getStateMachines",
        "type": "Invocation"
      },
      "location-after-char-start": 10233,
      "location-after-char-end": 10274,
      "node-str": "getStateMachines"
    },
    {
      "type": "insert-node",
      "node": {
        "label": "_machine",
        "type": "FieldRead"
      },
      "location-after-char-start": 10292,
      "location-after-char-end": 10299,
      "node-str": "_machine"
    },
    {
      "type": "insert-node",
      "node": {
        "label": "fromSV",
        "type": "VariableRead"
      },
      "location-after-char-start": 10302,
      "location-after-char-end": 10307,
      "node-str": "fromSV"
    },
    {
      "type": "insert-node",
      "node": {
        "label": "toSV",
        "type": "VariableRead"
      },
      "location-after-char-start": 10310,
      "location-after-char-end": 10313,
      "node-str": "toSV"
    },
    {
      "type": "insert-node",
      "node": {
        "label": "getFactory",
        "type": "Invocation"
      },
      "location-after-char-start": 10233,
      "location-after-char-end": 10255,
      "node-str": "getFactory"
    },
    {
      "type": "insert-node",
      "node": {
        "label": "org.argouml.uml.diagram.state.StateDiagramGraphModel",
        "type": "TypeAccess"
      },
      "location-after-char-start": 0,
      "location-after-char-end": 0,
      "node-str": "org.argouml.uml.diagram.state.StateDiagramGraphModel"
    },
    {
      "type": "insert-node",
      "node": {
        "label": "org.argouml.model.uml.UmlFactory",
        "type": "TypeAccess"
      },
      "location-after-char-start": 10233,
      "location-after-char-end": 10242,
      "node-str": "org.argouml.model.uml.UmlFactory"
    },
    {
      "type": "delete-node",
      "node": {
        "label": "public",
        "type": "Modifier"
      },
      "location-before-char-start": 0,
      "location-before-char-end": 0,
      "node-str": "public"
    },
    {
      "type": "delete-node",
      "node": {
        "label": "MutableGraphSupport",
        "type": "SUPER_TYPE"
      },
      "location-before-char-start": 0,
      "location-before-char-end": 0,
      "node-str": "MutableGraphSupport"
    },
    {
      "type": "delete-node",
      "node": {
        "label": "",
        "type": "TypeReference"
      },
      "location-before-char-start": 2293,
      "location-before-char-end": 2311,
      "node-str": ""
    },
    {
      "type": "delete-node",
      "node": {
        "label": "java.util.Vector",
        "type": "VARIABLE_TYPE"
      },
      "location-before-char-start": 0,
      "location-before-char-end": 0,
      "node-str": "java.util.Vector"
    },
    {
      "type": "delete-node",
      "node": {
        "label": "protected",
        "type": "Modifier"
      },
      "location-before-char-start": 0,
      "location-before-char-end": 0,
      "node-str": "protected"
    },
    {
      "type": "delete-node",
      "node": {
        "label": "java.util.Vector()",
        "type": "ConstructorCall"
      },
      "location-before-char-start": 2505,
      "location-before-char-end": 2516,
      "node-str": "java.util.Vector()"
    },
    {
      "type": "delete-node",
      "node": {
        "label": "_nodes",
        "type": "Field"
      },
      "location-before-char-start": 2388,
      "location-before-char-end": 2517,
      "node-str": "_nodes"
    },
    {
      "type": "delete-node",
      "node": {
        "label": "java.util.Vector",
        "type": "VARIABLE_TYPE"
      },
      "location-before-char-start": 0,
      "location-before-char-end": 0,
      "node-str": "java.util.Vector"
    },
    {
      "type": "delete-node",
      "node": {
        "label": "protected",
        "type": "Modifier"
      },
      "location-before-char-start": 0,
      "location-before-char-end": 0,
      "node-str": "protected"
    },
    {
      "type": "delete-node",
      "node": {
        "label": "java.util.Vector()",
        "type": "ConstructorCall"
      },
      "location-before-char-start": 2547,
      "location-before-char-end": 2558,
      "node-str": "java.util.Vector()"
    },
    {
      "type": "delete-node",
      "node": {
        "label": "_edges",
        "type": "Field"
      },
      "location-before-char-start": 2521,
      "location-before-char-end": 2559,
      "node-str": "_edges"
    },
    {
      "type": "delete-node",
      "node": {
        "label": "org.argouml.uml.diagram.state.MNamespace",
        "type": "VARIABLE_TYPE"
      },
      "location-before-char-start": 0,
      "location-before-char-end": 0,
      "node-str": "org.argouml.uml.diagram.state.MNamespace"
    },
    {
      "type": "delete-node",
      "node": {
        "label": "protected",
        "type": "Modifier"
      },
      "location-before-char-start": 0,
      "location-before-char-end": 0,
      "node-str": "protected"
    },
    {
      "type": "delete-node",
      "node": {
        "label": "_namespace",
        "type": "Field"
      },
      "location-before-char-start": 2564,
      "location-before-char-end": 2914,
      "node-str": "_namespace"
    },
    {
      "type": "delete-node",
      "node": {
        "label": "org.argouml.uml.diagram.state.MStateMachine",
        "type": "VARIABLE_TYPE"
      },
      "location-before-char-start": 0,
      "location-before-char-end": 0,
      "node-str": "org.argouml.uml.diagram.state.MStateMachine"
    },
    {
      "type": "delete-node",
      "node": {
        "label": "protected",
        "type": "Modifier"
      },
      "location-before-char-start": 0,
      "location-before-char-end": 0,
      "node-str": "protected"
    },
    {
      "type": "delete-node",
      "node": {
        "label": "_machine",
        "type": "Field"
      },
      "location-before-char-start": 2919,
      "location-before-char-end": 2996,
      "node-str": "_machine"
    },
    {
      "type": "delete-node",
      "node": {
        "label": "void",
        "type": "RETURN_TYPE"
      },
      "location-before-char-start": 0,
      "location-before-char-end": 0,
      "node-str": "void"
    },
    {
      "type": "delete-node",
      "node": {
        "label": "public",
        "type": "Modifier"
      },
      "location-before-char-start": 0,
      "location-before-char-end": 0,
      "node-str": "public"
    },
    {
      "type": "delete-node",
      "node": {
        "label": "java.lang.Object",
        "type": "VARIABLE_TYPE"
      },
      "location-before-char-start": 0,
      "location-before-char-end": 0,
      "node-str": "java.lang.Object"
    },
    {
      "type": "delete-node",
      "node": {
        "label": "edge",
        "type": "Parameter"
      },
      "location-before-char-start": 7415,
      "location-before-char-end": 7425,
      "node-str": "edge"
    },
    {
      "type": "delete-node",
      "node": {
        "label": "MTransition",
        "type": "VARIABLE_TYPE"
      },
      "location-before-char-start": 0,
      "location-before-char-end": 0,
      "node-str": "MTransition"
    },
    {
      "type": "delete-node",
      "node": {
        "label": "edge",
        "type": "VariableRead"
      },
      "location-before-char-start": 7639,
      "location-before-char-end": 7656,
      "node-str": "edge"
    },
    {
      "type": "delete-node",
      "node": {
        "label": "tr",
        "type": "LocalVariable"
      },
      "location-before-char-start": 7622,
      "location-before-char-end": 7657,
      "node-str": "tr"
    },
    {
      "type": "delete-node",
      "node": {
        "label": "org.argouml.uml.diagram.state.StateDiagramGraphModel",
        "type": "TypeAccess"
      },
      "location-before-char-start": 0,
      "location-before-char-end": 0,
      "node-str": "org.argouml.uml.diagram.state.StateDiagramGraphModel"
    },
    {
      "type": "delete-node",
      "node": {
        "label": "_edges",
        "type": "FieldRead"
      },
      "location-before-char-start": 7700,
      "location-before-char-end": 7705,
      "node-str": "_edges"
    },
    {
      "type": "delete-node",
      "node": {
        "label": "tr",
        "type": "VariableRead"
      },
      "location-before-char-start": 7718,
      "location-before-char-end": 7719,
      "node-str": "tr"
    },
    {
      "type": "delete-node",
      "node": {
        "label": "addElement",
        "type": "Invocation"
      },
      "location-before-char-start": 7700,
      "location-before-char-end": 7721,
      "node-str": "addElement"
    },
    {
      "type": "delete-node",
      "node": {
        "label": "tr",
        "type": "VariableRead"
      },
      "location-before-char-start": 7866,
      "location-before-char-end": 7867,
      "node-str": "tr"
    },
    {
      "type": "delete-node",
      "node": {
        "label": "org.argouml.uml.diagram.state.StateDiagramGraphModel",
        "type": "TypeAccess"
      },
      "location-before-char-start": 0,
      "location-before-char-end": 0,
      "node-str": "org.argouml.uml.diagram.state.StateDiagramGraphModel"
    },
    {
      "type": "delete-node",
      "node": {
        "label": "_machine",
        "type": "FieldRead"
      },
      "location-before-char-start": 7885,
      "location-before-char-end": 7892,
      "node-str": "_machine"
    },
    {
      "type": "delete-node",
      "node": {
        "label": "setStateMachine",
        "type": "Invocation"
      },
      "location-before-char-start": 7866,
      "location-before-char-end": 7894,
      "node-str": "setStateMachine"
    },
    {
      "type": "delete-node",
      "node": {
        "label": "org.argouml.uml.diagram.state.StateDiagramGraphModel",
        "type": "TypeAccess"
      },
      "location-before-char-start": 0,
      "location-before-char-end": 0,
      "node-str": "org.argouml.uml.diagram.state.StateDiagramGraphModel"
    },
    {
      "type": "delete-node",
      "node": {
        "label": "edge",
        "type": "VariableRead"
      },
      "location-before-char-start": 7914,
      "location-before-char-end": 7917,
      "node-str": "edge"
    },
    {
      "type": "delete-node",
      "node": {
        "label": "fireEdgeAdded",
        "type": "Invocation"
      },
      "location-before-char-start": 7900,
      "location-before-char-end": 7919,
      "node-str": "fireEdgeAdded"
    },
    {
      "type": "delete-node",
      "node": {
        "label": "addEdge",
        "type": "Method"
      },
      "location-before-char-start": 7343,
      "location-before-char-end": 7923,
      "node-str": "addEdge"
    },
    {
      "type": "delete-node",
      "node": {
        "label": "java.lang.Object",
        "type": "RETURN_TYPE"
      },
      "location-before-char-start": 0,
      "location-before-char-end": 0,
      "node-str": "java.lang.Object"
    },
    {
      "type": "delete-node",
      "node": {
        "label": "public",
        "type": "Modifier"
      },
      "location-before-char-start": 0,
      "location-before-char-end": 0,
      "node-str": "public"
    },
    {
      "type": "delete-node",
      "node": {
        "label": "java.lang.Object",
        "type": "VARIABLE_TYPE"
      },
      "location-before-char-start": 0,
      "location-before-char-end": 0,
      "node-str": "java.lang.Object"
    },
    {
      "type": "delete-node",
      "node": {
        "label": "fromPort",
        "type": "Parameter"
      },
      "location-before-char-start": 9550,
      "location-before-char-end": 9564,
      "node-str": "fromPort"
    },
    {
      "type": "delete-node",
      "node": {
        "label": "java.lang.Object",
        "type": "VARIABLE_TYPE"
      },
      "location-before-char-start": 0,
      "location-before-char-end": 0,
      "node-str": "java.lang.Object"
    },
    {
      "type": "delete-node",
      "node": {
        "label": "toPort",
        "type": "Parameter"
      },
      "location-before-char-start": 9567,
      "location-before-char-end": 9579,
      "node-str": "toPort"
    },
    {
      "type": "delete-node",
      "node": {
        "label": "java.lang.Class",
        "type": "VARIABLE_TYPE"
      },
      "location-before-char-start": 0,
      "location-before-char-end": 0,
      "node-str": "java.lang.Class"
    },
    {
      "type": "delete-node",
      "node": {
        "label": "edgeClass",
        "type": "Parameter"
      },
      "location-before-char-start": 9585,
      "location-before-char-end": 9609,
      "node-str": "edgeClass"
    },
    {
      "type": "delete-node",
      "node": {
        "label": "MStateVertex",
        "type": "VARIABLE_TYPE"
      },
      "location-before-char-start": 0,
      "location-before-char-end": 0,
      "node-str": "MStateVertex"
    },
    {
      "type": "delete-node",
      "node": {
        "label": "fromPort",
        "type": "VariableRead"
      },
      "location-before-char-start": 9908,
      "location-before-char-end": 9930,
      "node-str": "fromPort"
    },
    {
      "type": "delete-node",
      "node": {
        "label": "fromSV",
        "type": "LocalVariable"
      },
      "location-before-char-start": 9886,
      "location-before-char-end": 9931,
      "node-str": "fromSV"
    },
    {
      "type": "delete-node",
      "node": {
        "label": "MStateVertex",
        "type": "VARIABLE_TYPE"
      },
      "location-before-char-start": 0,
      "location-before-char-end": 0,
      "node-str": "MStateVertex"
    },
    {
      "type": "delete-node",
      "node": {
        "label": "toPort",
        "type": "VariableRead"
      },
      "location-before-char-start": 9957,
      "location-before-char-end": 9977,
      "node-str": "toPort"
    },
    {
      "type": "delete-node",
      "node": {
        "label": "toSV",
        "type": "LocalVariable"
      },
      "location-before-char-start": 9937,
      "location-before-char-end": 9978,
      "node-str": "toSV"
    },
    {
      "type": "delete-node",
      "node": {
        "label": "edgeClass",
        "type": "VariableRead"
      },
      "location-before-char-start": 10169,
      "location-before-char-end": 10177,
      "node-str": "edgeClass"
    },
    {
      "type": "delete-node",
      "node": {
        "label": "org.argouml.uml.diagram.state.MTransitionImpl",
        "type": "TypeAccess"
      },
      "location-before-char-start": 0,
      "location-before-char-end": 0,
      "node-str": "org.argouml.uml.diagram.state.MTransitionImpl"
    },
    {
      "type": "delete-node",
      "node": {
        "label": "class",
        "type": "FieldRead"
      },
      "location-before-char-start": 10182,
      "location-before-char-end": 10202,
      "node-str": "class"
    },
    {
      "type": "delete-node",
      "node": {
        "label": "EQ",
        "type": "BinaryOperator"
      },
      "location-before-char-start": 10169,
      "location-before-char-end": 10202,
      "node-str": "EQ"
    },
    {
      "type": "delete-node",
      "node": {
        "label": "MTransition",
        "type": "VARIABLE_TYPE"
      },
      "location-before-char-start": 0,
      "location-before-char-end": 0,
      "node-str": "MTransition"
    },
    {
      "type": "delete-node",
      "node": {
        "label": "org.argouml.model.uml.UmlFactory",
        "type": "TypeAccess"
      },
      "location-before-char-start": 10230,
      "location-before-char-end": 10239,
      "node-str": "org.argouml.model.uml.UmlFactory"
    },
    {
      "type": "delete-node",
      "node": {
        "label": "getFactory",
        "type": "Invocation"
      },
      "location-before-char-start": 10230,
      "location-before-char-end": 10252,
      "node-str": "getFactory"
    },
    {
      "type": "delete-node",
      "node": {
        "label": "getStateMachines",
        "type": "Invocation"
      },
      "location-before-char-start": 10230,
      "location-before-char-end": 10271,
      "node-str": "getStateMachines"
    },
    {
      "type": "delete-node",
      "node": {
        "label": "createTransition",
        "type": "Invocation"
      },
      "location-before-char-start": 10230,
      "location-before-char-end": 10290,
      "node-str": "createTransition"
    },
    {
      "type": "delete-node",
      "node": {
        "label": "tr",
        "type": "LocalVariable"
      },
      "location-before-char-start": 10213,
      "location-before-char-end": 10291,
      "node-str": "tr"
    },
    {
      "type": "delete-node",
      "node": {
        "label": "org.argouml.uml.diagram.state.StateDiagramGraphModel",
        "type": "TypeAccess"
      },
      "location-before-char-start": 0,
      "location-before-char-end": 0,
      "node-str": "org.argouml.uml.diagram.state.StateDiagramGraphModel"
    },
    {
      "type": "delete-node",
      "node": {
        "label": "_machine",
        "type": "FieldRead"
      },
      "location-before-char-start": 10337,
      "location-before-char-end": 10344,
      "node-str": "_machine"
    },
    {
      "type": "delete-node",
      "node": {
        "label": "tr",
        "type": "VariableRead"
      },
      "location-before-char-start": 10360,
      "location-before-char-end": 10361,
      "node-str": "tr"
    },
    {
      "type": "delete-node",
      "node": {
        "label": "addTransition",
        "type": "Invocation"
      },
      "location-before-char-start": 10337,
      "location-before-char-end": 10363,
      "node-str": "addTransition"
    },
    {
      "type": "delete-node",
      "node": {
        "label": "tr",
        "type": "VariableRead"
      },
      "location-before-char-start": 10371,
      "location-before-char-end": 10372,
      "node-str": "tr"
    },
    {
      "type": "delete-node",
      "node": {
        "label": "fromSV",
        "type": "VariableRead"
      },
      "location-before-char-start": 10384,
      "location-before-char-end": 10389,
      "node-str": "fromSV"
    },
    {
      "type": "delete-node",
      "node": {
        "label": "setSource",
        "type": "Invocation"
      },
      "location-before-char-start": 10371,
      "location-before-char-end": 10391,
      "node-str": "setSource"
    },
    {
      "type": "delete-node",
      "node": {
        "label": "tr",
        "type": "VariableRead"
      },
      "location-before-char-start": 10399,
      "location-before-char-end": 10400,
      "node-str": "tr"
    },
    {
      "type": "delete-node",
      "node": {
        "label": "toSV",
        "type": "VariableRead"
      },
      "location-before-char-start": 10412,
      "location-before-char-end": 10415,
      "node-str": "toSV"
    },
    {
      "type": "delete-node",
      "node": {
        "label": "setTarget",
        "type": "Invocation"
      },
      "location-before-char-start": 10399,
      "location-before-char-end": 10417,
      "node-str": "setTarget"
    },
    {
      "type": "delete-node",
      "node": {
        "label": "org.argouml.uml.diagram.state.StateDiagramGraphModel",
        "type": "TypeAccess"
      },
      "location-before-char-start": 0,
      "location-before-char-end": 0,
      "node-str": "org.argouml.uml.diagram.state.StateDiagramGraphModel"
    },
    {
      "type": "delete-node",
      "node": {
        "label": "tr",
        "type": "VariableRead"
      },
      "location-before-char-start": 10433,
      "location-before-char-end": 10434,
      "node-str": "tr"
    },
    {
      "type": "delete-node",
      "node": {
        "label": "addEdge",
        "type": "Invocation"
      },
      "location-before-char-start": 10425,
      "location-before-char-end": 10436,
      "node-str": "addEdge"
    },
    {
      "type": "delete-node",
      "node": {
        "label": "tr",
        "type": "VariableRead"
      },
      "location-before-char-start": 10451,
      "location-before-char-end": 10452,
      "node-str": "tr"
    },
    {
      "type": "delete-node",
      "node": {
        "label": "return",
        "type": "Return"
      },
      "location-before-char-start": 10444,
      "location-before-char-end": 10453,
      "node-str": "return"
    },
    {
      "type": "delete-node",
      "node": {
        "label": "THEN",
        "type": "then"
      },
      "location-before-char-start": 10205,
      "location-before-char-end": 10459,
      "node-str": "THEN"
    },
    {
      "type": "delete-node",
      "node": {
        "label": "if",
        "type": "If"
      },
      "location-before-char-start": 10165,
      "location-before-char-end": 10579,
      "node-str": "if"
    },
    {
      "type": "delete-node",
      "node": {
        "label": "connect",
        "type": "Method"
      },
      "location-before-char-start": 9473,
      "location-before-char-end": 10743,
      "node-str": "connect"
    },
    {
      "type": "delete-node",
      "node": {
        "label": "StateDiagramGraphModel",
        "type": "Class"
      },
      "location-before-char-start": 2061,
      "location-before-char-end": 11867,
      "node-str": "StateDiagramGraphModel"
    }
  ],
  "before-file": {},
  "after-file": {},
  "mapping": {}
}