{
  "tool-info": {},
  "diff": [
    {
      "type": "insert-node",
      "node": {
        "label": "KeySequenceBinding",
        "type": "Class"
      },
      "location-after-char-start": 742,
      "location-after-char-end": 2623,
      "node-str": "KeySequenceBinding"
    },
    {
      "type": "insert-node",
      "node": {
        "label": "final",
        "type": "Modifier"
      },
      "location-after-char-start": 0,
      "location-after-char-end": 0,
      "node-str": "final"
    },
    {
      "type": "insert-node",
      "node": {
        "label": "HASH_FACTOR",
        "type": "Field"
      },
      "location-after-char-start": 808,
      "location-after-char-end": 849,
      "node-str": "HASH_FACTOR"
    },
    {
      "type": "insert-node",
      "node": {
        "label": "HASH_INITIAL",
        "type": "Field"
      },
      "location-after-char-start": 852,
      "location-after-char-end": 937,
      "node-str": "HASH_INITIAL"
    },
    {
      "type": "insert-node",
      "node": {
        "label": "keySequence",
        "type": "Field"
      },
      "location-after-char-start": 941,
      "location-after-char-end": 972,
      "node-str": "keySequence"
    },
    {
      "type": "insert-node",
      "node": {
        "label": "match",
        "type": "Field"
      },
      "location-after-char-start": 975,
      "location-after-char-end": 992,
      "node-str": "match"
    },
    {
      "type": "insert-node",
      "node": {
        "label": "hashCode",
        "type": "Field"
      },
      "location-after-char-start": 997,
      "location-after-char-end": 1027,
      "node-str": "hashCode"
    },
    {
      "type": "insert-node",
      "node": {
        "label": "hashCodeComputed",
        "type": "Field"
      },
      "location-after-char-start": 1030,
      "location-after-char-end": 1072,
      "node-str": "hashCodeComputed"
    },
    {
      "type": "insert-node",
      "node": {
        "label": "string",
        "type": "Field"
      },
      "location-after-char-start": 1075,
      "location-after-char-end": 1106,
      "node-str": "string"
    },
    {
      "type": "insert-node",
      "node": {
        "label": "\u003cinit\u003e",
        "type": "Constructor"
      },
      "location-after-char-start": 1110,
      "location-after-char-end": 1331,
      "node-str": "\u003cinit\u003e"
    },
    {
      "type": "insert-node",
      "node": {
        "label": "compareTo",
        "type": "Method"
      },
      "location-after-char-start": 1335,
      "location-after-char-end": 1602,
      "node-str": "compareTo"
    },
    {
      "type": "insert-node",
      "node": {
        "label": "equals",
        "type": "Method"
      },
      "location-after-char-start": 1607,
      "location-after-char-end": 1925,
      "node-str": "equals"
    },
    {
      "type": "insert-node",
      "node": {
        "label": "getKeySequence",
        "type": "Method"
      },
      "location-after-char-start": 1929,
      "location-after-char-end": 1990,
      "node-str": "getKeySequence"
    },
    {
      "type": "insert-node",
      "node": {
        "label": "getMatch",
        "type": "Method"
      },
      "location-after-char-start": 1995,
      "location-after-char-end": 2037,
      "node-str": "getMatch"
    },
    {
      "type": "insert-node",
      "node": {
        "label": "hashCode",
        "type": "Method"
      },
      "location-after-char-start": 2043,
      "location-after-char-end": 2293,
      "node-str": "hashCode"
    },
    {
      "type": "insert-node",
      "node": {
        "label": "toString",
        "type": "Method"
      },
      "location-after-char-start": 2297,
      "location-after-char-end": 2621,
      "node-str": "toString"
    },
    {
      "type": "insert-node",
      "node": {
        "label": "int",
        "type": "VARIABLE_TYPE"
      },
      "location-after-char-start": 0,
      "location-after-char-end": 0,
      "node-str": "int"
    },
    {
      "type": "insert-node",
      "node": {
        "label": "final",
        "type": "Modifier"
      },
      "location-after-char-start": 0,
      "location-after-char-end": 0,
      "node-str": "final"
    },
    {
      "type": "insert-node",
      "node": {
        "label": "static",
        "type": "Modifier"
      },
      "location-after-char-start": 0,
      "location-after-char-end": 0,
      "node-str": "static"
    },
    {
      "type": "insert-node",
      "node": {
        "label": "89",
        "type": "Literal"
      },
      "location-after-char-start": 847,
      "location-after-char-end": 848,
      "node-str": "89"
    },
    {
      "type": "insert-node",
      "node": {
        "label": "int",
        "type": "VARIABLE_TYPE"
      },
      "location-after-char-start": 0,
      "location-after-char-end": 0,
      "node-str": "int"
    },
    {
      "type": "insert-node",
      "node": {
        "label": "final",
        "type": "Modifier"
      },
      "location-after-char-start": 0,
      "location-after-char-end": 0,
      "node-str": "final"
    },
    {
      "type": "insert-node",
      "node": {
        "label": "static",
        "type": "Modifier"
      },
      "location-after-char-start": 0,
      "location-after-char-end": 0,
      "node-str": "static"
    },
    {
      "type": "insert-node",
      "node": {
        "label": "hashCode",
        "type": "Invocation"
      },
      "location-after-char-start": 892,
      "location-after-char-end": 936,
      "node-str": "hashCode"
    },
    {
      "type": "insert-node",
      "node": {
        "label": "org.eclipse.ui.keys.KeySequence",
        "type": "VARIABLE_TYPE"
      },
      "location-after-char-start": 0,
      "location-after-char-end": 0,
      "node-str": "org.eclipse.ui.keys.KeySequence"
    },
    {
      "type": "insert-node",
      "node": {
        "label": "int",
        "type": "VARIABLE_TYPE"
      },
      "location-after-char-start": 0,
      "location-after-char-end": 0,
      "node-str": "int"
    },
    {
      "type": "insert-node",
      "node": {
        "label": "int",
        "type": "VARIABLE_TYPE"
      },
      "location-after-char-start": 0,
      "location-after-char-end": 0,
      "node-str": "int"
    },
    {
      "type": "insert-node",
      "node": {
        "label": "transient",
        "type": "Modifier"
      },
      "location-after-char-start": 0,
      "location-after-char-end": 0,
      "node-str": "transient"
    },
    {
      "type": "insert-node",
      "node": {
        "label": "boolean",
        "type": "VARIABLE_TYPE"
      },
      "location-after-char-start": 0,
      "location-after-char-end": 0,
      "node-str": "boolean"
    },
    {
      "type": "insert-node",
      "node": {
        "label": "transient",
        "type": "Modifier"
      },
      "location-after-char-start": 0,
      "location-after-char-end": 0,
      "node-str": "transient"
    },
    {
      "type": "insert-node",
      "node": {
        "label": "java.lang.String",
        "type": "VARIABLE_TYPE"
      },
      "location-after-char-start": 0,
      "location-after-char-end": 0,
      "node-str": "java.lang.String"
    },
    {
      "type": "insert-node",
      "node": {
        "label": "transient",
        "type": "Modifier"
      },
      "location-after-char-start": 0,
      "location-after-char-end": 0,
      "node-str": "transient"
    },
    {
      "type": "insert-node",
      "node": {
        "label": "keySequence",
        "type": "Parameter"
      },
      "location-after-char-start": 1129,
      "location-after-char-end": 1151,
      "node-str": "keySequence"
    },
    {
      "type": "insert-node",
      "node": {
        "label": "match",
        "type": "Parameter"
      },
      "location-after-char-start": 1154,
      "location-after-char-end": 1162,
      "node-str": "match"
    },
    {
      "type": "insert-node",
      "node": {
        "label": "if",
        "type": "If"
      },
      "location-after-char-start": 1170,
      "location-after-char-end": 1230,
      "node-str": "if"
    },
    {
      "type": "insert-node",
      "node": {
        "label": "if",
        "type": "If"
      },
      "location-after-char-start": 1237,
      "location-after-char-end": 1291,
      "node-str": "if"
    },
    {
      "type": "insert-node",
      "node": {
        "label": "\u003d",
        "type": "Assignment"
      },
      "location-after-char-start": 1298,
      "location-after-char-end": 1328,
      "node-str": "\u003d"
    },
    {
      "type": "insert-node",
      "node": {
        "label": "int",
        "type": "RETURN_TYPE"
      },
      "location-after-char-start": 0,
      "location-after-char-end": 0,
      "node-str": "int"
    },
    {
      "type": "insert-node",
      "node": {
        "label": "public",
        "type": "Modifier"
      },
      "location-after-char-start": 0,
      "location-after-char-end": 0,
      "node-str": "public"
    },
    {
      "type": "insert-node",
      "node": {
        "label": "object",
        "type": "Parameter"
      },
      "location-after-char-start": 1356,
      "location-after-char-end": 1368,
      "node-str": "object"
    },
    {
      "type": "insert-node",
      "node": {
        "label": "castedObject",
        "type": "LocalVariable"
      },
      "location-after-char-start": 1375,
      "location-after-char-end": 1436,
      "node-str": "castedObject"
    },
    {
      "type": "insert-node",
      "node": {
        "label": "compareTo",
        "type": "LocalVariable"
      },
      "location-after-char-start": 1440,
      "location-after-char-end": 1482,
      "node-str": "compareTo"
    },
    {
      "type": "insert-node",
      "node": {
        "label": "if",
        "type": "If"
      },
      "location-after-char-start": 1489,
      "location-after-char-end": 1575,
      "node-str": "if"
    },
    {
      "type": "insert-node",
      "node": {
        "label": "return",
        "type": "Return"
      },
      "location-after-char-start": 1583,
      "location-after-char-end": 1599,
      "node-str": "return"
    },
    {
      "type": "insert-node",
      "node": {
        "label": "boolean",
        "type": "RETURN_TYPE"
      },
      "location-after-char-start": 0,
      "location-after-char-end": 0,
      "node-str": "boolean"
    },
    {
      "type": "insert-node",
      "node": {
        "label": "public",
        "type": "Modifier"
      },
      "location-after-char-start": 0,
      "location-after-char-end": 0,
      "node-str": "public"
    },
    {
      "type": "insert-node",
      "node": {
        "label": "object",
        "type": "Parameter"
      },
      "location-after-char-start": 1629,
      "location-after-char-end": 1641,
      "node-str": "object"
    },
    {
      "type": "insert-node",
      "node": {
        "label": "if",
        "type": "If"
      },
      "location-after-char-start": 1648,
      "location-after-char-end": 1708,
      "node-str": "if"
    },
    {
      "type": "insert-node",
      "node": {
        "label": "castedObject",
        "type": "LocalVariable"
      },
      "location-after-char-start": 1713,
      "location-after-char-end": 1774,
      "node-str": "castedObject"
    },
    {
      "type": "insert-node",
      "node": {
        "label": "equals",
        "type": "LocalVariable"
      },
      "location-after-char-start": 1779,
      "location-after-char-end": 1800,
      "node-str": "equals"
    },
    {
      "type": "insert-node",
      "node": {
        "label": "",
        "type": "OperatorAssignment"
      },
      "location-after-char-start": 1804,
      "location-after-char-end": 1864,
      "node-str": ""
    },
    {
      "type": "insert-node",
      "node": {
        "label": "",
        "type": "OperatorAssignment"
      },
      "location-after-char-start": 1868,
      "location-after-char-end": 1905,
      "node-str": ""
    },
    {
      "type": "insert-node",
      "node": {
        "label": "return",
        "type": "Return"
      },
      "location-after-char-start": 1909,
      "location-after-char-end": 1922,
      "node-str": "return"
    },
    {
      "type": "insert-node",
      "node": {
        "label": "org.eclipse.ui.keys.KeySequence",
        "type": "RETURN_TYPE"
      },
      "location-after-char-start": 0,
      "location-after-char-end": 0,
      "node-str": "org.eclipse.ui.keys.KeySequence"
    },
    {
      "type": "insert-node",
      "node": {
        "label": "public",
        "type": "Modifier"
      },
      "location-after-char-start": 0,
      "location-after-char-end": 0,
      "node-str": "public"
    },
    {
      "type": "insert-node",
      "node": {
        "label": "return",
        "type": "Return"
      },
      "location-after-char-start": 1969,
      "location-after-char-end": 1987,
      "node-str": "return"
    },
    {
      "type": "insert-node",
      "node": {
        "label": "int",
        "type": "RETURN_TYPE"
      },
      "location-after-char-start": 0,
      "location-after-char-end": 0,
      "node-str": "int"
    },
    {
      "type": "insert-node",
      "node": {
        "label": "public",
        "type": "Modifier"
      },
      "location-after-char-start": 0,
      "location-after-char-end": 0,
      "node-str": "public"
    },
    {
      "type": "insert-node",
      "node": {
        "label": "return",
        "type": "Return"
      },
      "location-after-char-start": 2021,
      "location-after-char-end": 2033,
      "node-str": "return"
    },
    {
      "type": "insert-node",
      "node": {
        "label": "int",
        "type": "RETURN_TYPE"
      },
      "location-after-char-start": 0,
      "location-after-char-end": 0,
      "node-str": "int"
    },
    {
      "type": "insert-node",
      "node": {
        "label": "public",
        "type": "Modifier"
      },
      "location-after-char-start": 0,
      "location-after-char-end": 0,
      "node-str": "public"
    },
    {
      "type": "insert-node",
      "node": {
        "label": "if",
        "type": "If"
      },
      "location-after-char-start": 2069,
      "location-after-char-end": 2265,
      "node-str": "if"
    },
    {
      "type": "insert-node",
      "node": {
        "label": "return",
        "type": "Return"
      },
      "location-after-char-start": 2273,
      "location-after-char-end": 2288,
      "node-str": "return"
    },
    {
      "type": "insert-node",
      "node": {
        "label": "java.lang.String",
        "type": "RETURN_TYPE"
      },
      "location-after-char-start": 0,
      "location-after-char-end": 0,
      "node-str": "java.lang.String"
    },
    {
      "type": "insert-node",
      "node": {
        "label": "public",
        "type": "Modifier"
      },
      "location-after-char-start": 0,
      "location-after-char-end": 0,
      "node-str": "public"
    },
    {
      "type": "insert-node",
      "node": {
        "label": "if",
        "type": "If"
      },
      "location-after-char-start": 2326,
      "location-after-char-end": 2599,
      "node-str": "if"
    },
    {
      "type": "insert-node",
      "node": {
        "label": "return",
        "type": "Return"
      },
      "location-after-char-start": 2605,
      "location-after-char-end": 2618,
      "node-str": "return"
    },
    {
      "type": "insert-node",
      "node": {
        "label": "getName",
        "type": "Invocation"
      },
      "location-after-char-start": 892,
      "location-after-char-end": 925,
      "node-str": "getName"
    },
    {
      "type": "insert-node",
      "node": {
        "label": "org.eclipse.ui.keys.KeySequence",
        "type": "VARIABLE_TYPE"
      },
      "location-after-char-start": 0,
      "location-after-char-end": 0,
      "node-str": "org.eclipse.ui.keys.KeySequence"
    },
    {
      "type": "insert-node",
      "node": {
        "label": "int",
        "type": "VARIABLE_TYPE"
      },
      "location-after-char-start": 0,
      "location-after-char-end": 0,
      "node-str": "int"
    },
    {
      "type": "insert-node",
      "node": {
        "label": "EQ",
        "type": "BinaryOperator"
      },
      "location-after-char-start": 1174,
      "location-after-char-end": 1192,
      "node-str": "EQ"
    },
    {
      "type": "insert-node",
      "node": {
        "label": "THEN",
        "type": "then"
      },
      "location-after-char-start": 1198,
      "location-after-char-end": 1230,
      "node-str": "THEN"
    },
    {
      "type": "insert-node",
      "node": {
        "label": "LT",
        "type": "BinaryOperator"
      },
      "location-after-char-start": 1241,
      "location-after-char-end": 1249,
      "node-str": "LT"
    },
    {
      "type": "insert-node",
      "node": {
        "label": "THEN",
        "type": "then"
      },
      "location-after-char-start": 1255,
      "location-after-char-end": 1291,
      "node-str": "THEN"
    },
    {
      "type": "insert-node",
      "node": {
        "label": "keySequence",
        "type": "FieldWrite"
      },
      "location-after-char-start": 1298,
      "location-after-char-end": 1313,
      "node-str": "keySequence"
    },
    {
      "type": "insert-node",
      "node": {
        "label": "keySequence",
        "type": "VariableRead"
      },
      "location-after-char-start": 1317,
      "location-after-char-end": 1327,
      "node-str": "keySequence"
    },
    {
      "type": "insert-node",
      "node": {
        "label": "java.lang.Object",
        "type": "VARIABLE_TYPE"
      },
      "location-after-char-start": 0,
      "location-after-char-end": 0,
      "node-str": "java.lang.Object"
    },
    {
      "type": "insert-node",
      "node": {
        "label": "org.eclipse.ui.internal.csm.commands.KeySequenceBinding",
        "type": "VARIABLE_TYPE"
      },
      "location-after-char-start": 0,
      "location-after-char-end": 0,
      "node-str": "org.eclipse.ui.internal.csm.commands.KeySequenceBinding"
    },
    {
      "type": "insert-node",
      "node": {
        "label": "object",
        "type": "VariableRead"
      },
      "location-after-char-start": 1409,
      "location-after-char-end": 1435,
      "node-str": "object"
    },
    {
      "type": "insert-node",
      "node": {
        "label": "int",
        "type": "VARIABLE_TYPE"
      },
      "location-after-char-start": 0,
      "location-after-char-end": 0,
      "node-str": "int"
    },
    {
      "type": "insert-node",
      "node": {
        "label": "MINUS",
        "type": "BinaryOperator"
      },
      "location-after-char-start": 1456,
      "location-after-char-end": 1481,
      "node-str": "MINUS"
    },
    {
      "type": "insert-node",
      "node": {
        "label": "EQ",
        "type": "BinaryOperator"
      },
      "location-after-char-start": 1493,
      "location-after-char-end": 1506,
      "node-str": "EQ"
    },
    {
      "type": "insert-node",
      "node": {
        "label": "THEN",
        "type": "then"
      },
      "location-after-char-start": 1512,
      "location-after-char-end": 1575,
      "node-str": "THEN"
    },
    {
      "type": "insert-node",
      "node": {
        "label": "compareTo",
        "type": "VariableRead"
      },
      "location-after-char-start": 1590,
      "location-after-char-end": 1598,
      "node-str": "compareTo"
    },
    {
      "type": "insert-node",
      "node": {
        "label": "java.lang.Object",
        "type": "VARIABLE_TYPE"
      },
      "location-after-char-start": 0,
      "location-after-char-end": 0,
      "node-str": "java.lang.Object"
    },
    {
      "type": "insert-node",
      "node": {
        "label": "NOT",
        "type": "UnaryOperator"
      },
      "location-after-char-start": 1652,
      "location-after-char-end": 1690,
      "node-str": "NOT"
    },
    {
      "type": "insert-node",
      "node": {
        "label": "THEN",
        "type": "then"
      },
      "location-after-char-start": 1696,
      "location-after-char-end": 1708,
      "node-str": "THEN"
    },
    {
      "type": "insert-node",
      "node": {
        "label": "org.eclipse.ui.internal.csm.commands.KeySequenceBinding",
        "type": "VARIABLE_TYPE"
      },
      "location-after-char-start": 0,
      "location-after-char-end": 0,
      "node-str": "org.eclipse.ui.internal.csm.commands.KeySequenceBinding"
    },
    {
      "type": "insert-node",
      "node": {
        "label": "object",
        "type": "VariableRead"
      },
      "location-after-char-start": 1747,
      "location-after-char-end": 1773,
      "node-str": "object"
    },
    {
      "type": "insert-node",
      "node": {
        "label": "boolean",
        "type": "VARIABLE_TYPE"
      },
      "location-after-char-start": 0,
      "location-after-char-end": 0,
      "node-str": "boolean"
    },
    {
      "type": "insert-node",
      "node": {
        "label": "true",
        "type": "Literal"
      },
      "location-after-char-start": 1796,
      "location-after-char-end": 1799,
      "node-str": "true"
    },
    {
      "type": "insert-node",
      "node": {
        "label": "equals",
        "type": "VariableWrite"
      },
      "location-after-char-start": 1804,
      "location-after-char-end": 1809,
      "node-str": "equals"
    },
    {
      "type": "insert-node",
      "node": {
        "label": "equals",
        "type": "Invocation"
      },
      "location-after-char-start": 1814,
      "location-after-char-end": 1863,
      "node-str": "equals"
    },
    {
      "type": "insert-node",
      "node": {
        "label": "equals",
        "type": "VariableWrite"
      },
      "location-after-char-start": 1868,
      "location-after-char-end": 1873,
      "node-str": "equals"
    },
    {
      "type": "insert-node",
      "node": {
        "label": "EQ",
        "type": "BinaryOperator"
      },
      "location-after-char-start": 1878,
      "location-after-char-end": 1904,
      "node-str": "EQ"
    },
    {
      "type": "insert-node",
      "node": {
        "label": "equals",
        "type": "VariableRead"
      },
      "location-after-char-start": 1916,
      "location-after-char-end": 1921,
      "node-str": "equals"
    },
    {
      "type": "insert-node",
      "node": {
        "label": "keySequence",
        "type": "FieldRead"
      },
      "location-after-char-start": 1976,
      "location-after-char-end": 1986,
      "node-str": "keySequence"
    },
    {
      "type": "insert-node",
      "node": {
        "label": "match",
        "type": "FieldRead"
      },
      "location-after-char-start": 2028,
      "location-after-char-end": 2032,
      "node-str": "match"
    },
    {
      "type": "insert-node",
      "node": {
        "label": "NOT",
        "type": "UnaryOperator"
      },
      "location-after-char-start": 2073,
      "location-after-char-end": 2089,
      "node-str": "NOT"
    },
    {
      "type": "insert-node",
      "node": {
        "label": "THEN",
        "type": "then"
      },
      "location-after-char-start": 2092,
      "location-after-char-end": 2265,
      "node-str": "THEN"
    },
    {
      "type": "insert-node",
      "node": {
        "label": "hashCode",
        "type": "FieldRead"
      },
      "location-after-char-start": 2280,
      "location-after-char-end": 2287,
      "node-str": "hashCode"
    },
    {
      "type": "insert-node",
      "node": {
        "label": "EQ",
        "type": "BinaryOperator"
      },
      "location-after-char-start": 2330,
      "location-after-char-end": 2343,
      "node-str": "EQ"
    },
    {
      "type": "insert-node",
      "node": {
        "label": "THEN",
        "type": "then"
      },
      "location-after-char-start": 2346,
      "location-after-char-end": 2599,
      "node-str": "THEN"
    },
    {
      "type": "insert-node",
      "node": {
        "label": "string",
        "type": "FieldRead"
      },
      "location-after-char-start": 2612,
      "location-after-char-end": 2617,
      "node-str": "string"
    },
    {
      "type": "insert-node",
      "node": {
        "label": "class",
        "type": "FieldRead"
      },
      "location-after-char-start": 892,
      "location-after-char-end": 915,
      "node-str": "class"
    },
    {
      "type": "insert-node",
      "node": {
        "label": "keySequence",
        "type": "VariableRead"
      },
      "location-after-char-start": 1174,
      "location-after-char-end": 1184,
      "node-str": "keySequence"
    },
    {
      "type": "insert-node",
      "node": {
        "label": "null",
        "type": "Literal"
      },
      "location-after-char-start": 1189,
      "location-after-char-end": 1192,
      "node-str": "null"
    },
    {
      "type": "insert-node",
      "node": {
        "label": "",
        "type": "Throw"
      },
      "location-after-char-start": 1198,
      "location-after-char-end": 1230,
      "node-str": ""
    },
    {
      "type": "insert-node",
      "node": {
        "label": "match",
        "type": "VariableRead"
      },
      "location-after-char-start": 1241,
      "location-after-char-end": 1245,
      "node-str": "match"
    },
    {
      "type": "insert-node",
      "node": {
        "label": "0",
        "type": "Literal"
      },
      "location-after-char-start": 1249,
      "location-after-char-end": 1249,
      "node-str": "0"
    },
    {
      "type": "insert-node",
      "node": {
        "label": "",
        "type": "Throw"
      },
      "location-after-char-start": 1255,
      "location-after-char-end": 1291,
      "node-str": ""
    },
    {
      "type": "insert-node",
      "node": {
        "label": "this",
        "type": "ThisAccess"
      },
      "location-after-char-start": 1298,
      "location-after-char-end": 1301,
      "node-str": "this"
    },
    {
      "type": "insert-node",
      "node": {
        "label": "match",
        "type": "FieldRead"
      },
      "location-after-char-start": 1456,
      "location-after-char-end": 1460,
      "node-str": "match"
    },
    {
      "type": "insert-node",
      "node": {
        "label": "match",
        "type": "FieldRead"
      },
      "location-after-char-start": 1464,
      "location-after-char-end": 1481,
      "node-str": "match"
    },
    {
      "type": "insert-node",
      "node": {
        "label": "compareTo",
        "type": "VariableRead"
      },
      "location-after-char-start": 1493,
      "location-after-char-end": 1501,
      "node-str": "compareTo"
    },
    {
      "type": "insert-node",
      "node": {
        "label": "0",
        "type": "Literal"
      },
      "location-after-char-start": 1506,
      "location-after-char-end": 1506,
      "node-str": "0"
    },
    {
      "type": "insert-node",
      "node": {
        "label": "\u003d",
        "type": "Assignment"
      },
      "location-after-char-start": 1512,
      "location-after-char-end": 1575,
      "node-str": "\u003d"
    },
    {
      "type": "insert-node",
      "node": {
        "label": "INSTANCEOF",
        "type": "BinaryOperator"
      },
      "location-after-char-start": 1653,
      "location-after-char-end": 1690,
      "node-str": "INSTANCEOF"
    },
    {
      "type": "insert-node",
      "node": {
        "label": "return",
        "type": "Return"
      },
      "location-after-char-start": 1696,
      "location-after-char-end": 1708,
      "node-str": "return"
    },
    {
      "type": "insert-node",
      "node": {
        "label": "org.eclipse.ui.internal.util.Util",
        "type": "TypeAccess"
      },
      "location-after-char-start": 1814,
      "location-after-char-end": 1817,
      "node-str": "org.eclipse.ui.internal.util.Util"
    },
    {
      "type": "insert-node",
      "node": {
        "label": "keySequence",
        "type": "FieldRead"
      },
      "location-after-char-start": 1826,
      "location-after-char-end": 1836,
      "node-str": "keySequence"
    },
    {
      "type": "insert-node",
      "node": {
        "label": "keySequence",
        "type": "FieldRead"
      },
      "location-after-char-start": 1839,
      "location-after-char-end": 1862,
      "node-str": "keySequence"
    },
    {
      "type": "insert-node",
      "node": {
        "label": "match",
        "type": "FieldRead"
      },
      "location-after-char-start": 1878,
      "location-after-char-end": 1882,
      "node-str": "match"
    },
    {
      "type": "insert-node",
      "node": {
        "label": "match",
        "type": "FieldRead"
      },
      "location-after-char-start": 1887,
      "location-after-char-end": 1904,
      "node-str": "match"
    },
    {
      "type": "insert-node",
      "node": {
        "label": "org.eclipse.ui.internal.csm.commands.KeySequenceBinding",
        "type": "TypeAccess"
      },
      "location-after-char-start": 0,
      "location-after-char-end": 0,
      "node-str": "org.eclipse.ui.internal.csm.commands.KeySequenceBinding"
    },
    {
      "type": "insert-node",
      "node": {
        "label": "org.eclipse.ui.internal.csm.commands.KeySequenceBinding",
        "type": "TypeAccess"
      },
      "location-after-char-start": 0,
      "location-after-char-end": 0,
      "node-str": "org.eclipse.ui.internal.csm.commands.KeySequenceBinding"
    },
    {
      "type": "insert-node",
      "node": {
        "label": "hashCodeComputed",
        "type": "FieldRead"
      },
      "location-after-char-start": 2074,
      "location-after-char-end": 2089,
      "node-str": "hashCodeComputed"
    },
    {
      "type": "insert-node",
      "node": {
        "label": "\u003d",
        "type": "Assignment"
      },
      "location-after-char-start": 2097,
      "location-after-char-end": 2120,
      "node-str": "\u003d"
    },
    {
      "type": "insert-node",
      "node": {
        "label": "\u003d",
        "type": "Assignment"
      },
      "location-after-char-start": 2125,
      "location-after-char-end": 2187,
      "node-str": "\u003d"
    },
    {
      "type": "insert-node",
      "node": {
        "label": "\u003d",
        "type": "Assignment"
      },
      "location-after-char-start": 2192,
      "location-after-char-end": 2233,
      "node-str": "\u003d"
    },
    {
      "type": "insert-node",
      "node": {
        "label": "\u003d",
        "type": "Assignment"
      },
      "location-after-char-start": 2238,
      "location-after-char-end": 2261,
      "node-str": "\u003d"
    },
    {
      "type": "insert-node",
      "node": {
        "label": "org.eclipse.ui.internal.csm.commands.KeySequenceBinding",
        "type": "TypeAccess"
      },
      "location-after-char-start": 0,
      "location-after-char-end": 0,
      "node-str": "org.eclipse.ui.internal.csm.commands.KeySequenceBinding"
    },
    {
      "type": "insert-node",
      "node": {
        "label": "string",
        "type": "FieldRead"
      },
      "location-after-char-start": 2330,
      "location-after-char-end": 2335,
      "node-str": "string"
    },
    {
      "type": "insert-node",
      "node": {
        "label": "null",
        "type": "Literal"
      },
      "location-after-char-start": 2340,
      "location-after-char-end": 2343,
      "node-str": "null"
    },
    {
      "type": "insert-node",
      "node": {
        "label": "stringBuffer",
        "type": "LocalVariable"
      },
      "location-after-char-start": 2351,
      "location-after-char-end": 2403,
      "node-str": "stringBuffer"
    },
    {
      "type": "insert-node",
      "node": {
        "label": "append",
        "type": "Invocation"
      },
      "location-after-char-start": 2408,
      "location-after-char-end": 2432,
      "node-str": "append"
    },
    {
      "type": "insert-node",
      "node": {
        "label": "append",
        "type": "Invocation"
      },
      "location-after-char-start": 2437,
      "location-after-char-end": 2469,
      "node-str": "append"
    },
    {
      "type": "insert-node",
      "node": {
        "label": "append",
        "type": "Invocation"
      },
      "location-after-char-start": 2474,
      "location-after-char-end": 2498,
      "node-str": "append"
    },
    {
      "type": "insert-node",
      "node": {
        "label": "append",
        "type": "Invocation"
      },
      "location-after-char-start": 2503,
      "location-after-char-end": 2529,
      "node-str": "append"
    },
    {
      "type": "insert-node",
      "node": {
        "label": "append",
        "type": "Invocation"
      },
      "location-after-char-start": 2534,
      "location-after-char-end": 2558,
      "node-str": "append"
    },
    {
      "type": "insert-node",
      "node": {
        "label": "\u003d",
        "type": "Assignment"
      },
      "location-after-char-start": 2563,
      "location-after-char-end": 2595,
      "node-str": "\u003d"
    },
    {
      "type": "insert-node",
      "node": {
        "label": "org.eclipse.ui.internal.csm.commands.KeySequenceBinding",
        "type": "TypeAccess"
      },
      "location-after-char-start": 0,
      "location-after-char-end": 0,
      "node-str": "org.eclipse.ui.internal.csm.commands.KeySequenceBinding"
    },
    {
      "type": "insert-node",
      "node": {
        "label": "org.eclipse.ui.internal.csm.commands.KeySequenceBinding",
        "type": "TypeAccess"
      },
      "location-after-char-start": 0,
      "location-after-char-end": 0,
      "node-str": "org.eclipse.ui.internal.csm.commands.KeySequenceBinding"
    },
    {
      "type": "insert-node",
      "node": {
        "label": "java.lang.NullPointerException()",
        "type": "ConstructorCall"
      },
      "location-after-char-start": 1204,
      "location-after-char-end": 1229,
      "node-str": "java.lang.NullPointerException()"
    },
    {
      "type": "insert-node",
      "node": {
        "label": "java.lang.IllegalArgumentException()",
        "type": "ConstructorCall"
      },
      "location-after-char-start": 1261,
      "location-after-char-end": 1290,
      "node-str": "java.lang.IllegalArgumentException()"
    },
    {
      "type": "insert-node",
      "node": {
        "label": "org.eclipse.ui.internal.csm.commands.KeySequenceBinding",
        "type": "TypeAccess"
      },
      "location-after-char-start": 0,
      "location-after-char-end": 0,
      "node-str": "org.eclipse.ui.internal.csm.commands.KeySequenceBinding"
    },
    {
      "type": "insert-node",
      "node": {
        "label": "org.eclipse.ui.internal.csm.commands.KeySequenceBinding",
        "type": "TypeAccess"
      },
      "location-after-char-start": 0,
      "location-after-char-end": 0,
      "node-str": "org.eclipse.ui.internal.csm.commands.KeySequenceBinding"
    },
    {
      "type": "insert-node",
      "node": {
        "label": "castedObject",
        "type": "VariableRead"
      },
      "location-after-char-start": 1464,
      "location-after-char-end": 1475,
      "node-str": "castedObject"
    },
    {
      "type": "insert-node",
      "node": {
        "label": "compareTo",
        "type": "VariableWrite"
      },
      "location-after-char-start": 1512,
      "location-after-char-end": 1520,
      "node-str": "compareTo"
    },
    {
      "type": "insert-node",
      "node": {
        "label": "compare",
        "type": "Invocation"
      },
      "location-after-char-start": 1524,
      "location-after-char-end": 1574,
      "node-str": "compare"
    },
    {
      "type": "insert-node",
      "node": {
        "label": "object",
        "type": "VariableRead"
      },
      "location-after-char-start": 1654,
      "location-after-char-end": 1659,
      "node-str": "object"
    },
    {
      "type": "insert-node",
      "node": {
        "label": "org.eclipse.ui.internal.csm.commands.KeySequenceBinding",
        "type": "TypeAccess"
      },
      "location-after-char-start": 1672,
      "location-after-char-end": 1689,
      "node-str": "org.eclipse.ui.internal.csm.commands.KeySequenceBinding"
    },
    {
      "type": "insert-node",
      "node": {
        "label": "false",
        "type": "Literal"
      },
      "location-after-char-start": 1703,
      "location-after-char-end": 1707,
      "node-str": "false"
    },
    {
      "type": "insert-node",
      "node": {
        "label": "org.eclipse.ui.internal.csm.commands.KeySequenceBinding",
        "type": "TypeAccess"
      },
      "location-after-char-start": 0,
      "location-after-char-end": 0,
      "node-str": "org.eclipse.ui.internal.csm.commands.KeySequenceBinding"
    },
    {
      "type": "insert-node",
      "node": {
        "label": "castedObject",
        "type": "VariableRead"
      },
      "location-after-char-start": 1839,
      "location-after-char-end": 1850,
      "node-str": "castedObject"
    },
    {
      "type": "insert-node",
      "node": {
        "label": "org.eclipse.ui.internal.csm.commands.KeySequenceBinding",
        "type": "TypeAccess"
      },
      "location-after-char-start": 0,
      "location-after-char-end": 0,
      "node-str": "org.eclipse.ui.internal.csm.commands.KeySequenceBinding"
    },
    {
      "type": "insert-node",
      "node": {
        "label": "castedObject",
        "type": "VariableRead"
      },
      "location-after-char-start": 1887,
      "location-after-char-end": 1898,
      "node-str": "castedObject"
    },
    {
      "type": "insert-node",
      "node": {
        "label": "org.eclipse.ui.internal.csm.commands.KeySequenceBinding",
        "type": "TypeAccess"
      },
      "location-after-char-start": 0,
      "location-after-char-end": 0,
      "node-str": "org.eclipse.ui.internal.csm.commands.KeySequenceBinding"
    },
    {
      "type": "insert-node",
      "node": {
        "label": "hashCode",
        "type": "FieldWrite"
      },
      "location-after-char-start": 2097,
      "location-after-char-end": 2104,
      "node-str": "hashCode"
    },
    {
      "type": "insert-node",
      "node": {
        "label": "HASH_INITIAL",
        "type": "FieldRead"
      },
      "location-after-char-start": 2108,
      "location-after-char-end": 2119,
      "node-str": "HASH_INITIAL"
    },
    {
      "type": "insert-node",
      "node": {
        "label": "hashCode",
        "type": "FieldWrite"
      },
      "location-after-char-start": 2125,
      "location-after-char-end": 2132,
      "node-str": "hashCode"
    },
    {
      "type": "insert-node",
      "node": {
        "label": "PLUS",
        "type": "BinaryOperator"
      },
      "location-after-char-start": 2136,
      "location-after-char-end": 2186,
      "node-str": "PLUS"
    },
    {
      "type": "insert-node",
      "node": {
        "label": "hashCode",
        "type": "FieldWrite"
      },
      "location-after-char-start": 2192,
      "location-after-char-end": 2199,
      "node-str": "hashCode"
    },
    {
      "type": "insert-node",
      "node": {
        "label": "PLUS",
        "type": "BinaryOperator"
      },
      "location-after-char-start": 2203,
      "location-after-char-end": 2232,
      "node-str": "PLUS"
    },
    {
      "type": "insert-node",
      "node": {
        "label": "hashCodeComputed",
        "type": "FieldWrite"
      },
      "location-after-char-start": 2238,
      "location-after-char-end": 2253,
      "node-str": "hashCodeComputed"
    },
    {
      "type": "insert-node",
      "node": {
        "label": "true",
        "type": "Literal"
      },
      "location-after-char-start": 2257,
      "location-after-char-end": 2260,
      "node-str": "true"
    },
    {
      "type": "insert-node",
      "node": {
        "label": "org.eclipse.ui.internal.csm.commands.KeySequenceBinding",
        "type": "TypeAccess"
      },
      "location-after-char-start": 0,
      "location-after-char-end": 0,
      "node-str": "org.eclipse.ui.internal.csm.commands.KeySequenceBinding"
    },
    {
      "type": "insert-node",
      "node": {
        "label": "java.lang.StringBuffer",
        "type": "VARIABLE_TYPE"
      },
      "location-after-char-start": 0,
      "location-after-char-end": 0,
      "node-str": "java.lang.StringBuffer"
    },
    {
      "type": "insert-node",
      "node": {
        "label": "final",
        "type": "Modifier"
      },
      "location-after-char-start": 0,
      "location-after-char-end": 0,
      "node-str": "final"
    },
    {
      "type": "insert-node",
      "node": {
        "label": "java.lang.StringBuffer()",
        "type": "ConstructorCall"
      },
      "location-after-char-start": 2385,
      "location-after-char-end": 2402,
      "node-str": "java.lang.StringBuffer()"
    },
    {
      "type": "insert-node",
      "node": {
        "label": "stringBuffer",
        "type": "VariableRead"
      },
      "location-after-char-start": 2408,
      "location-after-char-end": 2419,
      "node-str": "stringBuffer"
    },
    {
      "type": "insert-node",
      "node": {
        "label": "\u0027[\u0027",
        "type": "Literal"
      },
      "location-after-char-start": 2428,
      "location-after-char-end": 2430,
      "node-str": "\u0027[\u0027"
    },
    {
      "type": "insert-node",
      "node": {
        "label": "stringBuffer",
        "type": "VariableRead"
      },
      "location-after-char-start": 2437,
      "location-after-char-end": 2448,
      "node-str": "stringBuffer"
    },
    {
      "type": "insert-node",
      "node": {
        "label": "keySequence",
        "type": "FieldRead"
      },
      "location-after-char-start": 2457,
      "location-after-char-end": 2467,
      "node-str": "keySequence"
    },
    {
      "type": "insert-node",
      "node": {
        "label": "stringBuffer",
        "type": "VariableRead"
      },
      "location-after-char-start": 2474,
      "location-after-char-end": 2485,
      "node-str": "stringBuffer"
    },
    {
      "type": "insert-node",
      "node": {
        "label": "\u0027,\u0027",
        "type": "Literal"
      },
      "location-after-char-start": 2494,
      "location-after-char-end": 2496,
      "node-str": "\u0027,\u0027"
    },
    {
      "type": "insert-node",
      "node": {
        "label": "stringBuffer",
        "type": "VariableRead"
      },
      "location-after-char-start": 2503,
      "location-after-char-end": 2514,
      "node-str": "stringBuffer"
    },
    {
      "type": "insert-node",
      "node": {
        "label": "match",
        "type": "FieldRead"
      },
      "location-after-char-start": 2523,
      "location-after-char-end": 2527,
      "node-str": "match"
    },
    {
      "type": "insert-node",
      "node": {
        "label": "stringBuffer",
        "type": "VariableRead"
      },
      "location-after-char-start": 2534,
      "location-after-char-end": 2545,
      "node-str": "stringBuffer"
    },
    {
      "type": "insert-node",
      "node": {
        "label": "\u0027]\u0027",
        "type": "Literal"
      },
      "location-after-char-start": 2554,
      "location-after-char-end": 2556,
      "node-str": "\u0027]\u0027"
    },
    {
      "type": "insert-node",
      "node": {
        "label": "string",
        "type": "FieldWrite"
      },
      "location-after-char-start": 2563,
      "location-after-char-end": 2568,
      "node-str": "string"
    },
    {
      "type": "insert-node",
      "node": {
        "label": "toString",
        "type": "Invocation"
      },
      "location-after-char-start": 2572,
      "location-after-char-end": 2594,
      "node-str": "toString"
    },
    {
      "type": "insert-node",
      "node": {
        "label": "org.eclipse.ui.internal.util.Util",
        "type": "TypeAccess"
      },
      "location-after-char-start": 1524,
      "location-after-char-end": 1527,
      "node-str": "org.eclipse.ui.internal.util.Util"
    },
    {
      "type": "insert-node",
      "node": {
        "label": "keySequence",
        "type": "FieldRead"
      },
      "location-after-char-start": 1537,
      "location-after-char-end": 1547,
      "node-str": "keySequence"
    },
    {
      "type": "insert-node",
      "node": {
        "label": "keySequence",
        "type": "FieldRead"
      },
      "location-after-char-start": 1550,
      "location-after-char-end": 1573,
      "node-str": "keySequence"
    },
    {
      "type": "insert-node",
      "node": {
        "label": "org.eclipse.ui.internal.csm.commands.KeySequenceBinding",
        "type": "TypeAccess"
      },
      "location-after-char-start": 0,
      "location-after-char-end": 0,
      "node-str": "org.eclipse.ui.internal.csm.commands.KeySequenceBinding"
    },
    {
      "type": "insert-node",
      "node": {
        "label": "org.eclipse.ui.internal.csm.commands.KeySequenceBinding",
        "type": "TypeAccess"
      },
      "location-after-char-start": 0,
      "location-after-char-end": 0,
      "node-str": "org.eclipse.ui.internal.csm.commands.KeySequenceBinding"
    },
    {
      "type": "insert-node",
      "node": {
        "label": "MUL",
        "type": "BinaryOperator"
      },
      "location-after-char-start": 2136,
      "location-after-char-end": 2157,
      "node-str": "MUL"
    },
    {
      "type": "insert-node",
      "node": {
        "label": "hashCode",
        "type": "Invocation"
      },
      "location-after-char-start": 2161,
      "location-after-char-end": 2186,
      "node-str": "hashCode"
    },
    {
      "type": "insert-node",
      "node": {
        "label": "org.eclipse.ui.internal.csm.commands.KeySequenceBinding",
        "type": "TypeAccess"
      },
      "location-after-char-start": 0,
      "location-after-char-end": 0,
      "node-str": "org.eclipse.ui.internal.csm.commands.KeySequenceBinding"
    },
    {
      "type": "insert-node",
      "node": {
        "label": "MUL",
        "type": "BinaryOperator"
      },
      "location-after-char-start": 2203,
      "location-after-char-end": 2224,
      "node-str": "MUL"
    },
    {
      "type": "insert-node",
      "node": {
        "label": "match",
        "type": "FieldRead"
      },
      "location-after-char-start": 2228,
      "location-after-char-end": 2232,
      "node-str": "match"
    },
    {
      "type": "insert-node",
      "node": {
        "label": "org.eclipse.ui.internal.csm.commands.KeySequenceBinding",
        "type": "TypeAccess"
      },
      "location-after-char-start": 0,
      "location-after-char-end": 0,
      "node-str": "org.eclipse.ui.internal.csm.commands.KeySequenceBinding"
    },
    {
      "type": "insert-node",
      "node": {
        "label": "org.eclipse.ui.internal.csm.commands.KeySequenceBinding",
        "type": "TypeAccess"
      },
      "location-after-char-start": 0,
      "location-after-char-end": 0,
      "node-str": "org.eclipse.ui.internal.csm.commands.KeySequenceBinding"
    },
    {
      "type": "insert-node",
      "node": {
        "label": "org.eclipse.ui.internal.csm.commands.KeySequenceBinding",
        "type": "TypeAccess"
      },
      "location-after-char-start": 0,
      "location-after-char-end": 0,
      "node-str": "org.eclipse.ui.internal.csm.commands.KeySequenceBinding"
    },
    {
      "type": "insert-node",
      "node": {
        "label": "org.eclipse.ui.internal.csm.commands.KeySequenceBinding",
        "type": "TypeAccess"
      },
      "location-after-char-start": 0,
      "location-after-char-end": 0,
      "node-str": "org.eclipse.ui.internal.csm.commands.KeySequenceBinding"
    },
    {
      "type": "insert-node",
      "node": {
        "label": "stringBuffer",
        "type": "VariableRead"
      },
      "location-after-char-start": 2572,
      "location-after-char-end": 2583,
      "node-str": "stringBuffer"
    },
    {
      "type": "insert-node",
      "node": {
        "label": "org.eclipse.ui.internal.csm.commands.KeySequenceBinding",
        "type": "TypeAccess"
      },
      "location-after-char-start": 0,
      "location-after-char-end": 0,
      "node-str": "org.eclipse.ui.internal.csm.commands.KeySequenceBinding"
    },
    {
      "type": "insert-node",
      "node": {
        "label": "castedObject",
        "type": "VariableRead"
      },
      "location-after-char-start": 1550,
      "location-after-char-end": 1561,
      "node-str": "castedObject"
    },
    {
      "type": "insert-node",
      "node": {
        "label": "hashCode",
        "type": "FieldRead"
      },
      "location-after-char-start": 2136,
      "location-after-char-end": 2143,
      "node-str": "hashCode"
    },
    {
      "type": "insert-node",
      "node": {
        "label": "HASH_FACTOR",
        "type": "FieldRead"
      },
      "location-after-char-start": 2147,
      "location-after-char-end": 2157,
      "node-str": "HASH_FACTOR"
    },
    {
      "type": "insert-node",
      "node": {
        "label": "org.eclipse.ui.internal.util.Util",
        "type": "TypeAccess"
      },
      "location-after-char-start": 2161,
      "location-after-char-end": 2164,
      "node-str": "org.eclipse.ui.internal.util.Util"
    },
    {
      "type": "insert-node",
      "node": {
        "label": "keySequence",
        "type": "FieldRead"
      },
      "location-after-char-start": 2175,
      "location-after-char-end": 2185,
      "node-str": "keySequence"
    },
    {
      "type": "insert-node",
      "node": {
        "label": "hashCode",
        "type": "FieldRead"
      },
      "location-after-char-start": 2203,
      "location-after-char-end": 2210,
      "node-str": "hashCode"
    },
    {
      "type": "insert-node",
      "node": {
        "label": "HASH_FACTOR",
        "type": "FieldRead"
      },
      "location-after-char-start": 2214,
      "location-after-char-end": 2224,
      "node-str": "HASH_FACTOR"
    },
    {
      "type": "insert-node",
      "node": {
        "label": "org.eclipse.ui.internal.csm.commands.KeySequenceBinding",
        "type": "TypeAccess"
      },
      "location-after-char-start": 0,
      "location-after-char-end": 0,
      "node-str": "org.eclipse.ui.internal.csm.commands.KeySequenceBinding"
    },
    {
      "type": "insert-node",
      "node": {
        "label": "org.eclipse.ui.internal.csm.commands.KeySequenceBinding",
        "type": "TypeAccess"
      },
      "location-after-char-start": 0,
      "location-after-char-end": 0,
      "node-str": "org.eclipse.ui.internal.csm.commands.KeySequenceBinding"
    },
    {
      "type": "insert-node",
      "node": {
        "label": "org.eclipse.ui.internal.csm.commands.KeySequenceBinding",
        "type": "TypeAccess"
      },
      "location-after-char-start": 0,
      "location-after-char-end": 0,
      "node-str": "org.eclipse.ui.internal.csm.commands.KeySequenceBinding"
    },
    {
      "type": "insert-node",
      "node": {
        "label": "org.eclipse.ui.internal.csm.commands.KeySequenceBinding",
        "type": "TypeAccess"
      },
      "location-after-char-start": 0,
      "location-after-char-end": 0,
      "node-str": "org.eclipse.ui.internal.csm.commands.KeySequenceBinding"
    },
    {
      "type": "delete-node",
      "node": {
        "label": "final",
        "type": "Modifier"
      },
      "location-before-char-start": 0,
      "location-before-char-end": 0,
      "node-str": "final"
    },
    {
      "type": "delete-node",
      "node": {
        "label": "int",
        "type": "VARIABLE_TYPE"
      },
      "location-before-char-start": 0,
      "location-before-char-end": 0,
      "node-str": "int"
    },
    {
      "type": "delete-node",
      "node": {
        "label": "final",
        "type": "Modifier"
      },
      "location-before-char-start": 0,
      "location-before-char-end": 0,
      "node-str": "final"
    },
    {
      "type": "delete-node",
      "node": {
        "label": "static",
        "type": "Modifier"
      },
      "location-before-char-start": 0,
      "location-before-char-end": 0,
      "node-str": "static"
    },
    {
      "type": "delete-node",
      "node": {
        "label": "89",
        "type": "Literal"
      },
      "location-before-char-start": 847,
      "location-before-char-end": 848,
      "node-str": "89"
    },
    {
      "type": "delete-node",
      "node": {
        "label": "HASH_FACTOR",
        "type": "Field"
      },
      "location-before-char-start": 808,
      "location-before-char-end": 849,
      "node-str": "HASH_FACTOR"
    },
    {
      "type": "delete-node",
      "node": {
        "label": "int",
        "type": "VARIABLE_TYPE"
      },
      "location-before-char-start": 0,
      "location-before-char-end": 0,
      "node-str": "int"
    },
    {
      "type": "delete-node",
      "node": {
        "label": "final",
        "type": "Modifier"
      },
      "location-before-char-start": 0,
      "location-before-char-end": 0,
      "node-str": "final"
    },
    {
      "type": "delete-node",
      "node": {
        "label": "static",
        "type": "Modifier"
      },
      "location-before-char-start": 0,
      "location-before-char-end": 0,
      "node-str": "static"
    },
    {
      "type": "delete-node",
      "node": {
        "label": "org.eclipse.ui.internal.csm.commands.KeySequenceBinding",
        "type": "TypeAccess"
      },
      "location-before-char-start": 0,
      "location-before-char-end": 0,
      "node-str": "org.eclipse.ui.internal.csm.commands.KeySequenceBinding"
    },
    {
      "type": "delete-node",
      "node": {
        "label": "class",
        "type": "FieldRead"
      },
      "location-before-char-start": 892,
      "location-before-char-end": 915,
      "node-str": "class"
    },
    {
      "type": "delete-node",
      "node": {
        "label": "getName",
        "type": "Invocation"
      },
      "location-before-char-start": 892,
      "location-before-char-end": 925,
      "node-str": "getName"
    },
    {
      "type": "delete-node",
      "node": {
        "label": "hashCode",
        "type": "Invocation"
      },
      "location-before-char-start": 892,
      "location-before-char-end": 936,
      "node-str": "hashCode"
    },
    {
      "type": "delete-node",
      "node": {
        "label": "HASH_INITIAL",
        "type": "Field"
      },
      "location-before-char-start": 852,
      "location-before-char-end": 937,
      "node-str": "HASH_INITIAL"
    },
    {
      "type": "delete-node",
      "node": {
        "label": "org.eclipse.ui.keys.KeySequence",
        "type": "VARIABLE_TYPE"
      },
      "location-before-char-start": 0,
      "location-before-char-end": 0,
      "node-str": "org.eclipse.ui.keys.KeySequence"
    },
    {
      "type": "delete-node",
      "node": {
        "label": "keySequence",
        "type": "Field"
      },
      "location-before-char-start": 941,
      "location-before-char-end": 972,
      "node-str": "keySequence"
    },
    {
      "type": "delete-node",
      "node": {
        "label": "int",
        "type": "VARIABLE_TYPE"
      },
      "location-before-char-start": 0,
      "location-before-char-end": 0,
      "node-str": "int"
    },
    {
      "type": "delete-node",
      "node": {
        "label": "transient",
        "type": "Modifier"
      },
      "location-before-char-start": 0,
      "location-before-char-end": 0,
      "node-str": "transient"
    },
    {
      "type": "delete-node",
      "node": {
        "label": "hashCode",
        "type": "Field"
      },
      "location-before-char-start": 976,
      "location-before-char-end": 1006,
      "node-str": "hashCode"
    },
    {
      "type": "delete-node",
      "node": {
        "label": "boolean",
        "type": "VARIABLE_TYPE"
      },
      "location-before-char-start": 0,
      "location-before-char-end": 0,
      "node-str": "boolean"
    },
    {
      "type": "delete-node",
      "node": {
        "label": "transient",
        "type": "Modifier"
      },
      "location-before-char-start": 0,
      "location-before-char-end": 0,
      "node-str": "transient"
    },
    {
      "type": "delete-node",
      "node": {
        "label": "hashCodeComputed",
        "type": "Field"
      },
      "location-before-char-start": 1009,
      "location-before-char-end": 1051,
      "node-str": "hashCodeComputed"
    },
    {
      "type": "delete-node",
      "node": {
        "label": "java.lang.String",
        "type": "VARIABLE_TYPE"
      },
      "location-before-char-start": 0,
      "location-before-char-end": 0,
      "node-str": "java.lang.String"
    },
    {
      "type": "delete-node",
      "node": {
        "label": "transient",
        "type": "Modifier"
      },
      "location-before-char-start": 0,
      "location-before-char-end": 0,
      "node-str": "transient"
    },
    {
      "type": "delete-node",
      "node": {
        "label": "string",
        "type": "Field"
      },
      "location-before-char-start": 1054,
      "location-before-char-end": 1085,
      "node-str": "string"
    },
    {
      "type": "delete-node",
      "node": {
        "label": "org.eclipse.ui.keys.KeySequence",
        "type": "VARIABLE_TYPE"
      },
      "location-before-char-start": 0,
      "location-before-char-end": 0,
      "node-str": "org.eclipse.ui.keys.KeySequence"
    },
    {
      "type": "delete-node",
      "node": {
        "label": "keySequence",
        "type": "Parameter"
      },
      "location-before-char-start": 1108,
      "location-before-char-end": 1130,
      "node-str": "keySequence"
    },
    {
      "type": "delete-node",
      "node": {
        "label": "keySequence",
        "type": "VariableRead"
      },
      "location-before-char-start": 1142,
      "location-before-char-end": 1152,
      "node-str": "keySequence"
    },
    {
      "type": "delete-node",
      "node": {
        "label": "null",
        "type": "Literal"
      },
      "location-before-char-start": 1157,
      "location-before-char-end": 1160,
      "node-str": "null"
    },
    {
      "type": "delete-node",
      "node": {
        "label": "EQ",
        "type": "BinaryOperator"
      },
      "location-before-char-start": 1142,
      "location-before-char-end": 1160,
      "node-str": "EQ"
    },
    {
      "type": "delete-node",
      "node": {
        "label": "java.lang.NullPointerException()",
        "type": "ConstructorCall"
      },
      "location-before-char-start": 1172,
      "location-before-char-end": 1197,
      "node-str": "java.lang.NullPointerException()"
    },
    {
      "type": "delete-node",
      "node": {
        "label": "",
        "type": "Throw"
      },
      "location-before-char-start": 1166,
      "location-before-char-end": 1198,
      "node-str": ""
    },
    {
      "type": "delete-node",
      "node": {
        "label": "THEN",
        "type": "then"
      },
      "location-before-char-start": 1166,
      "location-before-char-end": 1198,
      "node-str": "THEN"
    },
    {
      "type": "delete-node",
      "node": {
        "label": "if",
        "type": "If"
      },
      "location-before-char-start": 1138,
      "location-before-char-end": 1198,
      "node-str": "if"
    },
    {
      "type": "delete-node",
      "node": {
        "label": "org.eclipse.ui.internal.csm.commands.KeySequenceBinding",
        "type": "TypeAccess"
      },
      "location-before-char-start": 0,
      "location-before-char-end": 0,
      "node-str": "org.eclipse.ui.internal.csm.commands.KeySequenceBinding"
    },
    {
      "type": "delete-node",
      "node": {
        "label": "this",
        "type": "ThisAccess"
      },
      "location-before-char-start": 1203,
      "location-before-char-end": 1206,
      "node-str": "this"
    },
    {
      "type": "delete-node",
      "node": {
        "label": "keySequence",
        "type": "FieldWrite"
      },
      "location-before-char-start": 1203,
      "location-before-char-end": 1218,
      "node-str": "keySequence"
    },
    {
      "type": "delete-node",
      "node": {
        "label": "keySequence",
        "type": "VariableRead"
      },
      "location-before-char-start": 1222,
      "location-before-char-end": 1232,
      "node-str": "keySequence"
    },
    {
      "type": "delete-node",
      "node": {
        "label": "\u003d",
        "type": "Assignment"
      },
      "location-before-char-start": 1203,
      "location-before-char-end": 1233,
      "node-str": "\u003d"
    },
    {
      "type": "delete-node",
      "node": {
        "label": "\u003cinit\u003e",
        "type": "Constructor"
      },
      "location-before-char-start": 1089,
      "location-before-char-end": 1236,
      "node-str": "\u003cinit\u003e"
    },
    {
      "type": "delete-node",
      "node": {
        "label": "int",
        "type": "RETURN_TYPE"
      },
      "location-before-char-start": 0,
      "location-before-char-end": 0,
      "node-str": "int"
    },
    {
      "type": "delete-node",
      "node": {
        "label": "public",
        "type": "Modifier"
      },
      "location-before-char-start": 0,
      "location-before-char-end": 0,
      "node-str": "public"
    },
    {
      "type": "delete-node",
      "node": {
        "label": "java.lang.Object",
        "type": "VARIABLE_TYPE"
      },
      "location-before-char-start": 0,
      "location-before-char-end": 0,
      "node-str": "java.lang.Object"
    },
    {
      "type": "delete-node",
      "node": {
        "label": "object",
        "type": "Parameter"
      },
      "location-before-char-start": 1261,
      "location-before-char-end": 1273,
      "node-str": "object"
    },
    {
      "type": "delete-node",
      "node": {
        "label": "org.eclipse.ui.internal.csm.commands.KeySequenceBinding",
        "type": "VARIABLE_TYPE"
      },
      "location-before-char-start": 0,
      "location-before-char-end": 0,
      "node-str": "org.eclipse.ui.internal.csm.commands.KeySequenceBinding"
    },
    {
      "type": "delete-node",
      "node": {
        "label": "object",
        "type": "VariableRead"
      },
      "location-before-char-start": 1314,
      "location-before-char-end": 1340,
      "node-str": "object"
    },
    {
      "type": "delete-node",
      "node": {
        "label": "castedObject",
        "type": "LocalVariable"
      },
      "location-before-char-start": 1280,
      "location-before-char-end": 1341,
      "node-str": "castedObject"
    },
    {
      "type": "delete-node",
      "node": {
        "label": "int",
        "type": "VARIABLE_TYPE"
      },
      "location-before-char-start": 0,
      "location-before-char-end": 0,
      "node-str": "int"
    },
    {
      "type": "delete-node",
      "node": {
        "label": "org.eclipse.ui.internal.util.Util",
        "type": "TypeAccess"
      },
      "location-before-char-start": 1361,
      "location-before-char-end": 1364,
      "node-str": "org.eclipse.ui.internal.util.Util"
    },
    {
      "type": "delete-node",
      "node": {
        "label": "org.eclipse.ui.internal.csm.commands.KeySequenceBinding",
        "type": "TypeAccess"
      },
      "location-before-char-start": 0,
      "location-before-char-end": 0,
      "node-str": "org.eclipse.ui.internal.csm.commands.KeySequenceBinding"
    },
    {
      "type": "delete-node",
      "node": {
        "label": "keySequence",
        "type": "FieldRead"
      },
      "location-before-char-start": 1374,
      "location-before-char-end": 1384,
      "node-str": "keySequence"
    },
    {
      "type": "delete-node",
      "node": {
        "label": "castedObject",
        "type": "VariableRead"
      },
      "location-before-char-start": 1387,
      "location-before-char-end": 1398,
      "node-str": "castedObject"
    },
    {
      "type": "delete-node",
      "node": {
        "label": "keySequence",
        "type": "FieldRead"
      },
      "location-before-char-start": 1387,
      "location-before-char-end": 1410,
      "node-str": "keySequence"
    },
    {
      "type": "delete-node",
      "node": {
        "label": "compare",
        "type": "Invocation"
      },
      "location-before-char-start": 1361,
      "location-before-char-end": 1411,
      "node-str": "compare"
    },
    {
      "type": "delete-node",
      "node": {
        "label": "compareTo",
        "type": "LocalVariable"
      },
      "location-before-char-start": 1345,
      "location-before-char-end": 1412,
      "node-str": "compareTo"
    },
    {
      "type": "delete-node",
      "node": {
        "label": "compareTo",
        "type": "VariableRead"
      },
      "location-before-char-start": 1425,
      "location-before-char-end": 1433,
      "node-str": "compareTo"
    },
    {
      "type": "delete-node",
      "node": {
        "label": "return",
        "type": "Return"
      },
      "location-before-char-start": 1418,
      "location-before-char-end": 1434,
      "node-str": "return"
    },
    {
      "type": "delete-node",
      "node": {
        "label": "compareTo",
        "type": "Method"
      },
      "location-before-char-start": 1240,
      "location-before-char-end": 1438,
      "node-str": "compareTo"
    },
    {
      "type": "delete-node",
      "node": {
        "label": "boolean",
        "type": "RETURN_TYPE"
      },
      "location-before-char-start": 0,
      "location-before-char-end": 0,
      "node-str": "boolean"
    },
    {
      "type": "delete-node",
      "node": {
        "label": "public",
        "type": "Modifier"
      },
      "location-before-char-start": 0,
      "location-before-char-end": 0,
      "node-str": "public"
    },
    {
      "type": "delete-node",
      "node": {
        "label": "java.lang.Object",
        "type": "VARIABLE_TYPE"
      },
      "location-before-char-start": 0,
      "location-before-char-end": 0,
      "node-str": "java.lang.Object"
    },
    {
      "type": "delete-node",
      "node": {
        "label": "object",
        "type": "Parameter"
      },
      "location-before-char-start": 1465,
      "location-before-char-end": 1477,
      "node-str": "object"
    },
    {
      "type": "delete-node",
      "node": {
        "label": "object",
        "type": "VariableRead"
      },
      "location-before-char-start": 1490,
      "location-before-char-end": 1495,
      "node-str": "object"
    },
    {
      "type": "delete-node",
      "node": {
        "label": "org.eclipse.ui.internal.csm.commands.KeySequenceBinding",
        "type": "TypeAccess"
      },
      "location-before-char-start": 1508,
      "location-before-char-end": 1525,
      "node-str": "org.eclipse.ui.internal.csm.commands.KeySequenceBinding"
    },
    {
      "type": "delete-node",
      "node": {
        "label": "INSTANCEOF",
        "type": "BinaryOperator"
      },
      "location-before-char-start": 1489,
      "location-before-char-end": 1526,
      "node-str": "INSTANCEOF"
    },
    {
      "type": "delete-node",
      "node": {
        "label": "NOT",
        "type": "UnaryOperator"
      },
      "location-before-char-start": 1488,
      "location-before-char-end": 1526,
      "node-str": "NOT"
    },
    {
      "type": "delete-node",
      "node": {
        "label": "false",
        "type": "Literal"
      },
      "location-before-char-start": 1539,
      "location-before-char-end": 1543,
      "node-str": "false"
    },
    {
      "type": "delete-node",
      "node": {
        "label": "return",
        "type": "Return"
      },
      "location-before-char-start": 1532,
      "location-before-char-end": 1544,
      "node-str": "return"
    },
    {
      "type": "delete-node",
      "node": {
        "label": "THEN",
        "type": "then"
      },
      "location-before-char-start": 1532,
      "location-before-char-end": 1544,
      "node-str": "THEN"
    },
    {
      "type": "delete-node",
      "node": {
        "label": "if",
        "type": "If"
      },
      "location-before-char-start": 1484,
      "location-before-char-end": 1544,
      "node-str": "if"
    },
    {
      "type": "delete-node",
      "node": {
        "label": "org.eclipse.ui.internal.csm.commands.KeySequenceBinding",
        "type": "VARIABLE_TYPE"
      },
      "location-before-char-start": 0,
      "location-before-char-end": 0,
      "node-str": "org.eclipse.ui.internal.csm.commands.KeySequenceBinding"
    },
    {
      "type": "delete-node",
      "node": {
        "label": "object",
        "type": "VariableRead"
      },
      "location-before-char-start": 1583,
      "location-before-char-end": 1609,
      "node-str": "object"
    },
    {
      "type": "delete-node",
      "node": {
        "label": "castedObject",
        "type": "LocalVariable"
      },
      "location-before-char-start": 1549,
      "location-before-char-end": 1610,
      "node-str": "castedObject"
    },
    {
      "type": "delete-node",
      "node": {
        "label": "boolean",
        "type": "VARIABLE_TYPE"
      },
      "location-before-char-start": 0,
      "location-before-char-end": 0,
      "node-str": "boolean"
    },
    {
      "type": "delete-node",
      "node": {
        "label": "true",
        "type": "Literal"
      },
      "location-before-char-start": 1632,
      "location-before-char-end": 1635,
      "node-str": "true"
    },
    {
      "type": "delete-node",
      "node": {
        "label": "equals",
        "type": "LocalVariable"
      },
      "location-before-char-start": 1615,
      "location-before-char-end": 1636,
      "node-str": "equals"
    },
    {
      "type": "delete-node",
      "node": {
        "label": "equals",
        "type": "VariableWrite"
      },
      "location-before-char-start": 1640,
      "location-before-char-end": 1645,
      "node-str": "equals"
    },
    {
      "type": "delete-node",
      "node": {
        "label": "org.eclipse.ui.internal.util.Util",
        "type": "TypeAccess"
      },
      "location-before-char-start": 1650,
      "location-before-char-end": 1653,
      "node-str": "org.eclipse.ui.internal.util.Util"
    },
    {
      "type": "delete-node",
      "node": {
        "label": "org.eclipse.ui.internal.csm.commands.KeySequenceBinding",
        "type": "TypeAccess"
      },
      "location-before-char-start": 0,
      "location-before-char-end": 0,
      "node-str": "org.eclipse.ui.internal.csm.commands.KeySequenceBinding"
    },
    {
      "type": "delete-node",
      "node": {
        "label": "keySequence",
        "type": "FieldRead"
      },
      "location-before-char-start": 1662,
      "location-before-char-end": 1672,
      "node-str": "keySequence"
    },
    {
      "type": "delete-node",
      "node": {
        "label": "castedObject",
        "type": "VariableRead"
      },
      "location-before-char-start": 1675,
      "location-before-char-end": 1686,
      "node-str": "castedObject"
    },
    {
      "type": "delete-node",
      "node": {
        "label": "keySequence",
        "type": "FieldRead"
      },
      "location-before-char-start": 1675,
      "location-before-char-end": 1698,
      "node-str": "keySequence"
    },
    {
      "type": "delete-node",
      "node": {
        "label": "equals",
        "type": "Invocation"
      },
      "location-before-char-start": 1650,
      "location-before-char-end": 1699,
      "node-str": "equals"
    },
    {
      "type": "delete-node",
      "node": {
        "label": "",
        "type": "OperatorAssignment"
      },
      "location-before-char-start": 1640,
      "location-before-char-end": 1700,
      "node-str": ""
    },
    {
      "type": "delete-node",
      "node": {
        "label": "equals",
        "type": "VariableRead"
      },
      "location-before-char-start": 1711,
      "location-before-char-end": 1716,
      "node-str": "equals"
    },
    {
      "type": "delete-node",
      "node": {
        "label": "return",
        "type": "Return"
      },
      "location-before-char-start": 1704,
      "location-before-char-end": 1717,
      "node-str": "return"
    },
    {
      "type": "delete-node",
      "node": {
        "label": "equals",
        "type": "Method"
      },
      "location-before-char-start": 1443,
      "location-before-char-end": 1720,
      "node-str": "equals"
    },
    {
      "type": "delete-node",
      "node": {
        "label": "org.eclipse.ui.keys.KeySequence",
        "type": "RETURN_TYPE"
      },
      "location-before-char-start": 0,
      "location-before-char-end": 0,
      "node-str": "org.eclipse.ui.keys.KeySequence"
    },
    {
      "type": "delete-node",
      "node": {
        "label": "public",
        "type": "Modifier"
      },
      "location-before-char-start": 0,
      "location-before-char-end": 0,
      "node-str": "public"
    },
    {
      "type": "delete-node",
      "node": {
        "label": "org.eclipse.ui.internal.csm.commands.KeySequenceBinding",
        "type": "TypeAccess"
      },
      "location-before-char-start": 0,
      "location-before-char-end": 0,
      "node-str": "org.eclipse.ui.internal.csm.commands.KeySequenceBinding"
    },
    {
      "type": "delete-node",
      "node": {
        "label": "keySequence",
        "type": "FieldRead"
      },
      "location-before-char-start": 1771,
      "location-before-char-end": 1781,
      "node-str": "keySequence"
    },
    {
      "type": "delete-node",
      "node": {
        "label": "return",
        "type": "Return"
      },
      "location-before-char-start": 1764,
      "location-before-char-end": 1782,
      "node-str": "return"
    },
    {
      "type": "delete-node",
      "node": {
        "label": "getKeySequence",
        "type": "Method"
      },
      "location-before-char-start": 1724,
      "location-before-char-end": 1785,
      "node-str": "getKeySequence"
    },
    {
      "type": "delete-node",
      "node": {
        "label": "int",
        "type": "RETURN_TYPE"
      },
      "location-before-char-start": 0,
      "location-before-char-end": 0,
      "node-str": "int"
    },
    {
      "type": "delete-node",
      "node": {
        "label": "public",
        "type": "Modifier"
      },
      "location-before-char-start": 0,
      "location-before-char-end": 0,
      "node-str": "public"
    },
    {
      "type": "delete-node",
      "node": {
        "label": "org.eclipse.ui.internal.csm.commands.KeySequenceBinding",
        "type": "TypeAccess"
      },
      "location-before-char-start": 0,
      "location-before-char-end": 0,
      "node-str": "org.eclipse.ui.internal.csm.commands.KeySequenceBinding"
    },
    {
      "type": "delete-node",
      "node": {
        "label": "hashCodeComputed",
        "type": "FieldRead"
      },
      "location-before-char-start": 1821,
      "location-before-char-end": 1836,
      "node-str": "hashCodeComputed"
    },
    {
      "type": "delete-node",
      "node": {
        "label": "NOT",
        "type": "UnaryOperator"
      },
      "location-before-char-start": 1820,
      "location-before-char-end": 1836,
      "node-str": "NOT"
    },
    {
      "type": "delete-node",
      "node": {
        "label": "org.eclipse.ui.internal.csm.commands.KeySequenceBinding",
        "type": "TypeAccess"
      },
      "location-before-char-start": 0,
      "location-before-char-end": 0,
      "node-str": "org.eclipse.ui.internal.csm.commands.KeySequenceBinding"
    },
    {
      "type": "delete-node",
      "node": {
        "label": "hashCode",
        "type": "FieldWrite"
      },
      "location-before-char-start": 1844,
      "location-before-char-end": 1851,
      "node-str": "hashCode"
    },
    {
      "type": "delete-node",
      "node": {
        "label": "HASH_INITIAL",
        "type": "FieldRead"
      },
      "location-before-char-start": 1855,
      "location-before-char-end": 1866,
      "node-str": "HASH_INITIAL"
    },
    {
      "type": "delete-node",
      "node": {
        "label": "\u003d",
        "type": "Assignment"
      },
      "location-before-char-start": 1844,
      "location-before-char-end": 1867,
      "node-str": "\u003d"
    },
    {
      "type": "delete-node",
      "node": {
        "label": "org.eclipse.ui.internal.csm.commands.KeySequenceBinding",
        "type": "TypeAccess"
      },
      "location-before-char-start": 0,
      "location-before-char-end": 0,
      "node-str": "org.eclipse.ui.internal.csm.commands.KeySequenceBinding"
    },
    {
      "type": "delete-node",
      "node": {
        "label": "hashCode",
        "type": "FieldWrite"
      },
      "location-before-char-start": 1872,
      "location-before-char-end": 1879,
      "node-str": "hashCode"
    },
    {
      "type": "delete-node",
      "node": {
        "label": "org.eclipse.ui.internal.csm.commands.KeySequenceBinding",
        "type": "TypeAccess"
      },
      "location-before-char-start": 0,
      "location-before-char-end": 0,
      "node-str": "org.eclipse.ui.internal.csm.commands.KeySequenceBinding"
    },
    {
      "type": "delete-node",
      "node": {
        "label": "hashCode",
        "type": "FieldRead"
      },
      "location-before-char-start": 1883,
      "location-before-char-end": 1890,
      "node-str": "hashCode"
    },
    {
      "type": "delete-node",
      "node": {
        "label": "HASH_FACTOR",
        "type": "FieldRead"
      },
      "location-before-char-start": 1894,
      "location-before-char-end": 1904,
      "node-str": "HASH_FACTOR"
    },
    {
      "type": "delete-node",
      "node": {
        "label": "MUL",
        "type": "BinaryOperator"
      },
      "location-before-char-start": 1883,
      "location-before-char-end": 1904,
      "node-str": "MUL"
    },
    {
      "type": "delete-node",
      "node": {
        "label": "org.eclipse.ui.internal.util.Util",
        "type": "TypeAccess"
      },
      "location-before-char-start": 1908,
      "location-before-char-end": 1911,
      "node-str": "org.eclipse.ui.internal.util.Util"
    },
    {
      "type": "delete-node",
      "node": {
        "label": "org.eclipse.ui.internal.csm.commands.KeySequenceBinding",
        "type": "TypeAccess"
      },
      "location-before-char-start": 0,
      "location-before-char-end": 0,
      "node-str": "org.eclipse.ui.internal.csm.commands.KeySequenceBinding"
    },
    {
      "type": "delete-node",
      "node": {
        "label": "keySequence",
        "type": "FieldRead"
      },
      "location-before-char-start": 1922,
      "location-before-char-end": 1932,
      "node-str": "keySequence"
    },
    {
      "type": "delete-node",
      "node": {
        "label": "hashCode",
        "type": "Invocation"
      },
      "location-before-char-start": 1908,
      "location-before-char-end": 1933,
      "node-str": "hashCode"
    },
    {
      "type": "delete-node",
      "node": {
        "label": "PLUS",
        "type": "BinaryOperator"
      },
      "location-before-char-start": 1883,
      "location-before-char-end": 1933,
      "node-str": "PLUS"
    },
    {
      "type": "delete-node",
      "node": {
        "label": "\u003d",
        "type": "Assignment"
      },
      "location-before-char-start": 1872,
      "location-before-char-end": 1934,
      "node-str": "\u003d"
    },
    {
      "type": "delete-node",
      "node": {
        "label": "org.eclipse.ui.internal.csm.commands.KeySequenceBinding",
        "type": "TypeAccess"
      },
      "location-before-char-start": 0,
      "location-before-char-end": 0,
      "node-str": "org.eclipse.ui.internal.csm.commands.KeySequenceBinding"
    },
    {
      "type": "delete-node",
      "node": {
        "label": "hashCodeComputed",
        "type": "FieldWrite"
      },
      "location-before-char-start": 1939,
      "location-before-char-end": 1954,
      "node-str": "hashCodeComputed"
    },
    {
      "type": "delete-node",
      "node": {
        "label": "true",
        "type": "Literal"
      },
      "location-before-char-start": 1958,
      "location-before-char-end": 1961,
      "node-str": "true"
    },
    {
      "type": "delete-node",
      "node": {
        "label": "\u003d",
        "type": "Assignment"
      },
      "location-before-char-start": 1939,
      "location-before-char-end": 1962,
      "node-str": "\u003d"
    },
    {
      "type": "delete-node",
      "node": {
        "label": "THEN",
        "type": "then"
      },
      "location-before-char-start": 1839,
      "location-before-char-end": 1966,
      "node-str": "THEN"
    },
    {
      "type": "delete-node",
      "node": {
        "label": "if",
        "type": "If"
      },
      "location-before-char-start": 1816,
      "location-before-char-end": 1966,
      "node-str": "if"
    },
    {
      "type": "delete-node",
      "node": {
        "label": "org.eclipse.ui.internal.csm.commands.KeySequenceBinding",
        "type": "TypeAccess"
      },
      "location-before-char-start": 0,
      "location-before-char-end": 0,
      "node-str": "org.eclipse.ui.internal.csm.commands.KeySequenceBinding"
    },
    {
      "type": "delete-node",
      "node": {
        "label": "hashCode",
        "type": "FieldRead"
      },
      "location-before-char-start": 1981,
      "location-before-char-end": 1988,
      "node-str": "hashCode"
    },
    {
      "type": "delete-node",
      "node": {
        "label": "return",
        "type": "Return"
      },
      "location-before-char-start": 1974,
      "location-before-char-end": 1989,
      "node-str": "return"
    },
    {
      "type": "delete-node",
      "node": {
        "label": "hashCode",
        "type": "Method"
      },
      "location-before-char-start": 1790,
      "location-before-char-end": 1994,
      "node-str": "hashCode"
    },
    {
      "type": "delete-node",
      "node": {
        "label": "java.lang.String",
        "type": "RETURN_TYPE"
      },
      "location-before-char-start": 0,
      "location-before-char-end": 0,
      "node-str": "java.lang.String"
    },
    {
      "type": "delete-node",
      "node": {
        "label": "public",
        "type": "Modifier"
      },
      "location-before-char-start": 0,
      "location-before-char-end": 0,
      "node-str": "public"
    },
    {
      "type": "delete-node",
      "node": {
        "label": "org.eclipse.ui.internal.csm.commands.KeySequenceBinding",
        "type": "TypeAccess"
      },
      "location-before-char-start": 0,
      "location-before-char-end": 0,
      "node-str": "org.eclipse.ui.internal.csm.commands.KeySequenceBinding"
    },
    {
      "type": "delete-node",
      "node": {
        "label": "string",
        "type": "FieldRead"
      },
      "location-before-char-start": 2031,
      "location-before-char-end": 2036,
      "node-str": "string"
    },
    {
      "type": "delete-node",
      "node": {
        "label": "null",
        "type": "Literal"
      },
      "location-before-char-start": 2041,
      "location-before-char-end": 2044,
      "node-str": "null"
    },
    {
      "type": "delete-node",
      "node": {
        "label": "EQ",
        "type": "BinaryOperator"
      },
      "location-before-char-start": 2031,
      "location-before-char-end": 2044,
      "node-str": "EQ"
    },
    {
      "type": "delete-node",
      "node": {
        "label": "java.lang.StringBuffer",
        "type": "VARIABLE_TYPE"
      },
      "location-before-char-start": 0,
      "location-before-char-end": 0,
      "node-str": "java.lang.StringBuffer"
    },
    {
      "type": "delete-node",
      "node": {
        "label": "final",
        "type": "Modifier"
      },
      "location-before-char-start": 0,
      "location-before-char-end": 0,
      "node-str": "final"
    },
    {
      "type": "delete-node",
      "node": {
        "label": "java.lang.StringBuffer()",
        "type": "ConstructorCall"
      },
      "location-before-char-start": 2086,
      "location-before-char-end": 2103,
      "node-str": "java.lang.StringBuffer()"
    },
    {
      "type": "delete-node",
      "node": {
        "label": "stringBuffer",
        "type": "LocalVariable"
      },
      "location-before-char-start": 2052,
      "location-before-char-end": 2104,
      "node-str": "stringBuffer"
    },
    {
      "type": "delete-node",
      "node": {
        "label": "stringBuffer",
        "type": "VariableRead"
      },
      "location-before-char-start": 2109,
      "location-before-char-end": 2120,
      "node-str": "stringBuffer"
    },
    {
      "type": "delete-node",
      "node": {
        "label": "\u0027[\u0027",
        "type": "Literal"
      },
      "location-before-char-start": 2129,
      "location-before-char-end": 2131,
      "node-str": "\u0027[\u0027"
    },
    {
      "type": "delete-node",
      "node": {
        "label": "append",
        "type": "Invocation"
      },
      "location-before-char-start": 2109,
      "location-before-char-end": 2133,
      "node-str": "append"
    },
    {
      "type": "delete-node",
      "node": {
        "label": "stringBuffer",
        "type": "VariableRead"
      },
      "location-before-char-start": 2138,
      "location-before-char-end": 2149,
      "node-str": "stringBuffer"
    },
    {
      "type": "delete-node",
      "node": {
        "label": "org.eclipse.ui.internal.csm.commands.KeySequenceBinding",
        "type": "TypeAccess"
      },
      "location-before-char-start": 0,
      "location-before-char-end": 0,
      "node-str": "org.eclipse.ui.internal.csm.commands.KeySequenceBinding"
    },
    {
      "type": "delete-node",
      "node": {
        "label": "keySequence",
        "type": "FieldRead"
      },
      "location-before-char-start": 2158,
      "location-before-char-end": 2168,
      "node-str": "keySequence"
    },
    {
      "type": "delete-node",
      "node": {
        "label": "append",
        "type": "Invocation"
      },
      "location-before-char-start": 2138,
      "location-before-char-end": 2170,
      "node-str": "append"
    },
    {
      "type": "delete-node",
      "node": {
        "label": "stringBuffer",
        "type": "VariableRead"
      },
      "location-before-char-start": 2175,
      "location-before-char-end": 2186,
      "node-str": "stringBuffer"
    },
    {
      "type": "delete-node",
      "node": {
        "label": "\u0027]\u0027",
        "type": "Literal"
      },
      "location-before-char-start": 2195,
      "location-before-char-end": 2197,
      "node-str": "\u0027]\u0027"
    },
    {
      "type": "delete-node",
      "node": {
        "label": "append",
        "type": "Invocation"
      },
      "location-before-char-start": 2175,
      "location-before-char-end": 2199,
      "node-str": "append"
    },
    {
      "type": "delete-node",
      "node": {
        "label": "org.eclipse.ui.internal.csm.commands.KeySequenceBinding",
        "type": "TypeAccess"
      },
      "location-before-char-start": 0,
      "location-before-char-end": 0,
      "node-str": "org.eclipse.ui.internal.csm.commands.KeySequenceBinding"
    },
    {
      "type": "delete-node",
      "node": {
        "label": "string",
        "type": "FieldWrite"
      },
      "location-before-char-start": 2204,
      "location-before-char-end": 2209,
      "node-str": "string"
    },
    {
      "type": "delete-node",
      "node": {
        "label": "stringBuffer",
        "type": "VariableRead"
      },
      "location-before-char-start": 2213,
      "location-before-char-end": 2224,
      "node-str": "stringBuffer"
    },
    {
      "type": "delete-node",
      "node": {
        "label": "toString",
        "type": "Invocation"
      },
      "location-before-char-start": 2213,
      "location-before-char-end": 2235,
      "node-str": "toString"
    },
    {
      "type": "delete-node",
      "node": {
        "label": "\u003d",
        "type": "Assignment"
      },
      "location-before-char-start": 2204,
      "location-before-char-end": 2236,
      "node-str": "\u003d"
    },
    {
      "type": "delete-node",
      "node": {
        "label": "THEN",
        "type": "then"
      },
      "location-before-char-start": 2047,
      "location-before-char-end": 2240,
      "node-str": "THEN"
    },
    {
      "type": "delete-node",
      "node": {
        "label": "if",
        "type": "If"
      },
      "location-before-char-start": 2027,
      "location-before-char-end": 2240,
      "node-str": "if"
    },
    {
      "type": "delete-node",
      "node": {
        "label": "org.eclipse.ui.internal.csm.commands.KeySequenceBinding",
        "type": "TypeAccess"
      },
      "location-before-char-start": 0,
      "location-before-char-end": 0,
      "node-str": "org.eclipse.ui.internal.csm.commands.KeySequenceBinding"
    },
    {
      "type": "delete-node",
      "node": {
        "label": "string",
        "type": "FieldRead"
      },
      "location-before-char-start": 2253,
      "location-before-char-end": 2258,
      "node-str": "string"
    },
    {
      "type": "delete-node",
      "node": {
        "label": "return",
        "type": "Return"
      },
      "location-before-char-start": 2246,
      "location-before-char-end": 2259,
      "node-str": "return"
    },
    {
      "type": "delete-node",
      "node": {
        "label": "toString",
        "type": "Method"
      },
      "location-before-char-start": 1998,
      "location-before-char-end": 2262,
      "node-str": "toString"
    },
    {
      "type": "delete-node",
      "node": {
        "label": "KeySequenceBinding",
        "type": "Class"
      },
      "location-before-char-start": 742,
      "location-before-char-end": 2264,
      "node-str": "KeySequenceBinding"
    }
  ],
  "before-file": {},
  "after-file": {},
  "mapping": {}
}