{
  "tool-info": {},
  "diff": [
    {
      "type": "insert-node",
      "node": {
        "label": "protected",
        "type": "Modifier"
      },
      "location-after-char-start": 0,
      "location-after-char-end": 0,
      "node-str": "protected"
    },
    {
      "type": "insert-node",
      "node": {
        "label": "protected",
        "type": "Modifier"
      },
      "location-after-char-start": 0,
      "location-after-char-end": 0,
      "node-str": "protected"
    },
    {
      "type": "insert-node",
      "node": {
        "label": "protected",
        "type": "Modifier"
      },
      "location-after-char-start": 0,
      "location-after-char-end": 0,
      "node-str": "protected"
    },
    {
      "type": "insert-node",
      "node": {
        "label": "protected",
        "type": "Modifier"
      },
      "location-after-char-start": 0,
      "location-after-char-end": 0,
      "node-str": "protected"
    },
    {
      "type": "insert-node",
      "node": {
        "label": "protected",
        "type": "Modifier"
      },
      "location-after-char-start": 0,
      "location-after-char-end": 0,
      "node-str": "protected"
    },
    {
      "type": "insert-node",
      "node": {
        "label": "protected",
        "type": "Modifier"
      },
      "location-after-char-start": 0,
      "location-after-char-end": 0,
      "node-str": "protected"
    },
    {
      "type": "insert-node",
      "node": {
        "label": "mainPanel",
        "type": "LocalVariable"
      },
      "location-after-char-start": 2970,
      "location-after-char-end": 3019,
      "node-str": "mainPanel"
    },
    {
      "type": "update-node",
      "node": {
        "label": "getContentPane",
        "type": "Invocation"
      },
      "location-before-char-start": 3122,
      "location-before-char-end": 3137,
      "location-after-char-start": 3095,
      "location-after-char-end": 3120,
      "node-str": "setContentPane"
    },
    {
      "type": "move-subtree",
      "node": {
        "label": "getContentPane",
        "type": "Invocation"
      },
      "location-before-char-start": 3122,
      "location-before-char-end": 3137,
      "location-after-char-start": 3095,
      "location-after-char-end": 3120,
      "node-str": "setContentPane"
    },
    {
      "type": "insert-node",
      "node": {
        "label": "setEnabled",
        "type": "Invocation"
      },
      "location-after-char-start": 3296,
      "location-after-char-end": 3326,
      "node-str": "setEnabled"
    },
    {
      "type": "insert-node",
      "node": {
        "label": "setEnabled",
        "type": "Invocation"
      },
      "location-after-char-start": 3492,
      "location-after-char-end": 3520,
      "node-str": "setEnabled"
    },
    {
      "type": "insert-node",
      "node": {
        "label": "setPreferredSize",
        "type": "Invocation"
      },
      "location-after-char-start": 5467,
      "location-after-char-end": 5519,
      "node-str": "setPreferredSize"
    },
    {
      "type": "insert-node",
      "node": {
        "label": "setBorder",
        "type": "Invocation"
      },
      "location-after-char-start": 5759,
      "location-after-char-end": 5826,
      "node-str": "setBorder"
    },
    {
      "type": "update-node",
      "node": {
        "label": "arg0",
        "type": "Parameter"
      },
      "location-before-char-start": 7446,
      "location-before-char-end": 7468,
      "location-after-char-start": 7439,
      "location-after-char-end": 7458,
      "node-str": "e"
    },
    {
      "type": "insert-node",
      "node": {
        "label": "enabled",
        "type": "LocalVariable"
      },
      "location-after-char-start": 7479,
      "location-after-char-end": 7521,
      "node-str": "enabled"
    },
    {
      "type": "insert-node",
      "node": {
        "label": "setEnabled",
        "type": "Invocation"
      },
      "location-after-char-start": 7539,
      "location-after-char-end": 7571,
      "node-str": "setEnabled"
    },
    {
      "type": "insert-node",
      "node": {
        "label": "setEnabled",
        "type": "Invocation"
      },
      "location-after-char-start": 7589,
      "location-after-char-end": 7619,
      "node-str": "setEnabled"
    },
    {
      "type": "move-subtree",
      "node": {
        "label": "javax.swing.JPanel",
        "type": "VARIABLE_TYPE"
      },
      "location-before-char-start": 0,
      "location-before-char-end": 0,
      "location-after-char-start": 0,
      "location-after-char-end": 0,
      "node-str": "javax.swing.JPanel"
    },
    {
      "type": "insert-node",
      "node": {
        "label": "javax.swing.JPanel(java.awt.LayoutManager)",
        "type": "ConstructorCall"
      },
      "location-after-char-start": 2989,
      "location-after-char-end": 3018,
      "node-str": "javax.swing.JPanel(java.awt.LayoutManager)"
    },
    {
      "type": "move-subtree",
      "node": {
        "label": "mainPanel",
        "type": "VariableRead"
      },
      "location-before-char-start": 3143,
      "location-before-char-end": 3151,
      "location-after-char-start": 3110,
      "location-after-char-end": 3118,
      "node-str": "mainPanel"
    },
    {
      "type": "update-node",
      "node": {
        "label": "javax.swing.JButton(java.lang.String)",
        "type": "ConstructorCall"
      },
      "location-before-char-start": 3189,
      "location-before-char-end": 3215,
      "location-after-char-start": 3156,
      "location-after-char-end": 3194,
      "node-str": "org.columba.core.gui.util.ButtonWithMnemonic(java.lang.String)"
    },
    {
      "type": "insert-node",
      "node": {
        "label": "configButton",
        "type": "FieldRead"
      },
      "location-after-char-start": 3296,
      "location-after-char-end": 3307,
      "node-str": "configButton"
    },
    {
      "type": "insert-node",
      "node": {
        "label": "false",
        "type": "Literal"
      },
      "location-after-char-start": 3320,
      "location-after-char-end": 3324,
      "node-str": "false"
    },
    {
      "type": "update-node",
      "node": {
        "label": "javax.swing.JButton(java.lang.String)",
        "type": "ConstructorCall"
      },
      "location-before-char-start": 3334,
      "location-before-char-end": 3358,
      "location-after-char-start": 3360,
      "location-after-char-end": 3396,
      "node-str": "org.columba.core.gui.util.ButtonWithMnemonic(java.lang.String)"
    },
    {
      "type": "insert-node",
      "node": {
        "label": "infoButton",
        "type": "FieldRead"
      },
      "location-after-char-start": 3492,
      "location-after-char-end": 3501,
      "node-str": "infoButton"
    },
    {
      "type": "insert-node",
      "node": {
        "label": "false",
        "type": "Literal"
      },
      "location-after-char-start": 3514,
      "location-after-char-end": 3518,
      "node-str": "false"
    },
    {
      "type": "move-subtree",
      "node": {
        "label": "scrollPane",
        "type": "VariableRead"
      },
      "location-before-char-start": 5393,
      "location-before-char-end": 5402,
      "location-after-char-start": 5467,
      "location-after-char-end": 5476,
      "node-str": "scrollPane"
    },
    {
      "type": "insert-node",
      "node": {
        "label": "java.awt.Dimension(int,int)",
        "type": "ConstructorCall"
      },
      "location-after-char-start": 5495,
      "location-after-char-end": 5517,
      "node-str": "java.awt.Dimension(int,int)"
    },
    {
      "type": "move-subtree",
      "node": {
        "label": "buttonPanel",
        "type": "VariableRead"
      },
      "location-before-char-start": 5758,
      "location-before-char-end": 5768,
      "location-after-char-start": 5759,
      "location-after-char-end": 5769,
      "node-str": "buttonPanel"
    },
    {
      "type": "insert-node",
      "node": {
        "label": "createEmptyBorder",
        "type": "Invocation"
      },
      "location-after-char-start": 5781,
      "location-after-char-end": 5824,
      "node-str": "createEmptyBorder"
    },
    {
      "type": "insert-node",
      "node": {
        "label": "boolean",
        "type": "VARIABLE_TYPE"
      },
      "location-after-char-start": 0,
      "location-after-char-end": 0,
      "node-str": "boolean"
    },
    {
      "type": "insert-node",
      "node": {
        "label": "NOT",
        "type": "UnaryOperator"
      },
      "location-after-char-start": 7497,
      "location-after-char-end": 7520,
      "node-str": "NOT"
    },
    {
      "type": "insert-node",
      "node": {
        "label": "configButton",
        "type": "FieldRead"
      },
      "location-after-char-start": 7539,
      "location-after-char-end": 7550,
      "node-str": "configButton"
    },
    {
      "type": "insert-node",
      "node": {
        "label": "enabled",
        "type": "VariableRead"
      },
      "location-after-char-start": 7563,
      "location-after-char-end": 7569,
      "node-str": "enabled"
    },
    {
      "type": "insert-node",
      "node": {
        "label": "infoButton",
        "type": "FieldRead"
      },
      "location-after-char-start": 7589,
      "location-after-char-end": 7598,
      "node-str": "infoButton"
    },
    {
      "type": "insert-node",
      "node": {
        "label": "enabled",
        "type": "VariableRead"
      },
      "location-after-char-start": 7611,
      "location-after-char-end": 7617,
      "node-str": "enabled"
    },
    {
      "type": "move-subtree",
      "node": {
        "label": "java.awt.BorderLayout()",
        "type": "ConstructorCall"
      },
      "location-before-char-start": 3027,
      "location-before-char-end": 3044,
      "location-after-char-start": 3000,
      "location-after-char-end": 3017,
      "node-str": "java.awt.BorderLayout()"
    },
    {
      "type": "update-node",
      "node": {
        "label": "\"Configure...\"",
        "type": "Literal"
      },
      "location-before-char-start": 3201,
      "location-before-char-end": 3214,
      "location-after-char-start": 3179,
      "location-after-char-end": 3193,
      "node-str": "\"Con\u0026figure...\""
    },
    {
      "type": "insert-node",
      "node": {
        "label": "org.columba.core.gui.externaltools.ExternalToolsDialog",
        "type": "TypeAccess"
      },
      "location-after-char-start": 0,
      "location-after-char-end": 0,
      "node-str": "org.columba.core.gui.externaltools.ExternalToolsDialog"
    },
    {
      "type": "update-node",
      "node": {
        "label": "\"Details...\"",
        "type": "Literal"
      },
      "location-before-char-start": 3346,
      "location-before-char-end": 3357,
      "location-after-char-start": 3383,
      "location-after-char-end": 3395,
      "node-str": "\"\u0026Details...\""
    },
    {
      "type": "insert-node",
      "node": {
        "label": "org.columba.core.gui.externaltools.ExternalToolsDialog",
        "type": "TypeAccess"
      },
      "location-after-char-start": 0,
      "location-after-char-end": 0,
      "node-str": "org.columba.core.gui.externaltools.ExternalToolsDialog"
    },
    {
      "type": "insert-node",
      "node": {
        "label": "150",
        "type": "Literal"
      },
      "location-after-char-start": 5509,
      "location-after-char-end": 5511,
      "node-str": "150"
    },
    {
      "type": "insert-node",
      "node": {
        "label": "150",
        "type": "Literal"
      },
      "location-after-char-start": 5514,
      "location-after-char-end": 5516,
      "node-str": "150"
    },
    {
      "type": "move-subtree",
      "node": {
        "label": "javax.swing.BorderFactory",
        "type": "TypeAccess"
      },
      "location-before-char-start": 5780,
      "location-before-char-end": 5792,
      "location-after-char-start": 5781,
      "location-after-char-end": 5793,
      "node-str": "javax.swing.BorderFactory"
    },
    {
      "type": "move-subtree",
      "node": {
        "label": "17",
        "type": "Literal"
      },
      "location-before-char-start": 5812,
      "location-before-char-end": 5813,
      "location-after-char-start": 5813,
      "location-after-char-end": 5814,
      "node-str": "17"
    },
    {
      "type": "insert-node",
      "node": {
        "label": "0",
        "type": "Literal"
      },
      "location-after-char-start": 5817,
      "location-after-char-end": 5817,
      "node-str": "0"
    },
    {
      "type": "insert-node",
      "node": {
        "label": "0",
        "type": "Literal"
      },
      "location-after-char-start": 5820,
      "location-after-char-end": 5820,
      "node-str": "0"
    },
    {
      "type": "insert-node",
      "node": {
        "label": "0",
        "type": "Literal"
      },
      "location-after-char-start": 5823,
      "location-after-char-end": 5823,
      "node-str": "0"
    },
    {
      "type": "insert-node",
      "node": {
        "label": "isSelectionEmpty",
        "type": "Invocation"
      },
      "location-after-char-start": 7498,
      "location-after-char-end": 7520,
      "node-str": "isSelectionEmpty"
    },
    {
      "type": "insert-node",
      "node": {
        "label": "org.columba.core.gui.externaltools.ExternalToolsDialog",
        "type": "TypeAccess"
      },
      "location-after-char-start": 0,
      "location-after-char-end": 0,
      "node-str": "org.columba.core.gui.externaltools.ExternalToolsDialog"
    },
    {
      "type": "insert-node",
      "node": {
        "label": "org.columba.core.gui.externaltools.ExternalToolsDialog",
        "type": "TypeAccess"
      },
      "location-after-char-start": 0,
      "location-after-char-end": 0,
      "node-str": "org.columba.core.gui.externaltools.ExternalToolsDialog"
    },
    {
      "type": "insert-node",
      "node": {
        "label": "list",
        "type": "FieldRead"
      },
      "location-after-char-start": 7498,
      "location-after-char-end": 7501,
      "node-str": "list"
    },
    {
      "type": "insert-node",
      "node": {
        "label": "org.columba.core.gui.externaltools.ExternalToolsDialog",
        "type": "TypeAccess"
      },
      "location-after-char-start": 0,
      "location-after-char-end": 0,
      "node-str": "org.columba.core.gui.externaltools.ExternalToolsDialog"
    },
    {
      "type": "delete-node",
      "node": {
        "label": "javax.swing.JPanel()",
        "type": "ConstructorCall"
      },
      "location-before-char-start": 2991,
      "location-before-char-end": 3002,
      "node-str": "javax.swing.JPanel()"
    },
    {
      "type": "delete-node",
      "node": {
        "label": "mainPanel",
        "type": "LocalVariable"
      },
      "location-before-char-start": 2972,
      "location-before-char-end": 3003,
      "node-str": "mainPanel"
    },
    {
      "type": "delete-node",
      "node": {
        "label": "mainPanel",
        "type": "VariableRead"
      },
      "location-before-char-start": 3007,
      "location-before-char-end": 3015,
      "node-str": "mainPanel"
    },
    {
      "type": "delete-node",
      "node": {
        "label": "setLayout",
        "type": "Invocation"
      },
      "location-before-char-start": 3007,
      "location-before-char-end": 3046,
      "node-str": "setLayout"
    },
    {
      "type": "delete-node",
      "node": {
        "label": "add",
        "type": "Invocation"
      },
      "location-before-char-start": 3122,
      "location-before-char-end": 3153,
      "node-str": "add"
    },
    {
      "type": "delete-node",
      "node": {
        "label": "200",
        "type": "Literal"
      },
      "location-before-char-start": 5435,
      "location-before-char-end": 5437,
      "node-str": "200"
    },
    {
      "type": "delete-node",
      "node": {
        "label": "200",
        "type": "Literal"
      },
      "location-before-char-start": 5440,
      "location-before-char-end": 5442,
      "node-str": "200"
    },
    {
      "type": "delete-node",
      "node": {
        "label": "java.awt.Dimension(int,int)",
        "type": "ConstructorCall"
      },
      "location-before-char-start": 5421,
      "location-before-char-end": 5443,
      "node-str": "java.awt.Dimension(int,int)"
    },
    {
      "type": "delete-node",
      "node": {
        "label": "setPreferredSize",
        "type": "Invocation"
      },
      "location-before-char-start": 5393,
      "location-before-char-end": 5445,
      "node-str": "setPreferredSize"
    },
    {
      "type": "delete-node",
      "node": {
        "label": "bottomPanel",
        "type": "VariableRead"
      },
      "location-before-char-start": 5622,
      "location-before-char-end": 5632,
      "node-str": "bottomPanel"
    },
    {
      "type": "delete-node",
      "node": {
        "label": "javax.swing.SwingConstants",
        "type": "TypeAccess"
      },
      "location-before-char-start": 5671,
      "location-before-char-end": 5684,
      "node-str": "javax.swing.SwingConstants"
    },
    {
      "type": "delete-node",
      "node": {
        "label": "TOP",
        "type": "FieldRead"
      },
      "location-before-char-start": 5671,
      "location-before-char-end": 5688,
      "node-str": "TOP"
    },
    {
      "type": "delete-node",
      "node": {
        "label": "net.javaprog.ui.wizard.plaf.basic.SingleSideEtchedBorder(int)",
        "type": "ConstructorCall"
      },
      "location-before-char-start": 5644,
      "location-before-char-end": 5689,
      "node-str": "net.javaprog.ui.wizard.plaf.basic.SingleSideEtchedBorder(int)"
    },
    {
      "type": "delete-node",
      "node": {
        "label": "setBorder",
        "type": "Invocation"
      },
      "location-before-char-start": 5622,
      "location-before-char-end": 5691,
      "node-str": "setBorder"
    },
    {
      "type": "delete-node",
      "node": {
        "label": "12",
        "type": "Literal"
      },
      "location-before-char-start": 5816,
      "location-before-char-end": 5817,
      "node-str": "12"
    },
    {
      "type": "delete-node",
      "node": {
        "label": "11",
        "type": "Literal"
      },
      "location-before-char-start": 5820,
      "location-before-char-end": 5821,
      "node-str": "11"
    },
    {
      "type": "delete-node",
      "node": {
        "label": "11",
        "type": "Literal"
      },
      "location-before-char-start": 5824,
      "location-before-char-end": 5825,
      "node-str": "11"
    },
    {
      "type": "delete-node",
      "node": {
        "label": "createEmptyBorder",
        "type": "Invocation"
      },
      "location-before-char-start": 5780,
      "location-before-char-end": 5826,
      "node-str": "createEmptyBorder"
    },
    {
      "type": "delete-node",
      "node": {
        "label": "setBorder",
        "type": "Invocation"
      },
      "location-before-char-start": 5758,
      "location-before-char-end": 5828,
      "node-str": "setBorder"
    }
  ],
  "before-file": {},
  "after-file": {},
  "mapping": {}
}