{
  "tool-info": {},
  "diff": [
    {
      "type": "insert-node",
      "node": {
        "label": "",
        "type": "ImportDeclaration"
      },
      "location-after-char-start": 1447,
      "location-after-char-end": 1502,
      "node-str": ""
    },
    {
      "type": "insert-node",
      "node": {
        "label": "org.columba.addressbook.gui.base.FolderComboBox",
        "type": "QualifiedName"
      },
      "location-after-char-start": 1454,
      "location-after-char-end": 1501,
      "node-str": "org.columba.addressbook.gui.base.FolderComboBox"
    },
    {
      "type": "insert-node",
      "node": {
        "label": "",
        "type": "FieldDeclaration"
      },
      "location-after-char-start": 3204,
      "location-after-char-end": 3230,
      "node-str": ""
    },
    {
      "type": "insert-node",
      "node": {
        "label": "",
        "type": "FieldDeclaration"
      },
      "location-after-char-start": 3233,
      "location-after-char-end": 3270,
      "node-str": ""
    },
    {
      "type": "insert-node",
      "node": {
        "label": "private",
        "type": "Modifier"
      },
      "location-after-char-start": 3204,
      "location-after-char-end": 3211,
      "node-str": "private"
    },
    {
      "type": "insert-node",
      "node": {
        "label": "",
        "type": "SimpleType"
      },
      "location-after-char-start": 3212,
      "location-after-char-end": 3218,
      "node-str": ""
    },
    {
      "type": "insert-node",
      "node": {
        "label": "",
        "type": "VariableDeclarationFragment"
      },
      "location-after-char-start": 3219,
      "location-after-char-end": 3229,
      "node-str": ""
    },
    {
      "type": "insert-node",
      "node": {
        "label": "private",
        "type": "Modifier"
      },
      "location-after-char-start": 3233,
      "location-after-char-end": 3240,
      "node-str": "private"
    },
    {
      "type": "insert-node",
      "node": {
        "label": "",
        "type": "SimpleType"
      },
      "location-after-char-start": 3241,
      "location-after-char-end": 3255,
      "node-str": ""
    },
    {
      "type": "insert-node",
      "node": {
        "label": "",
        "type": "VariableDeclarationFragment"
      },
      "location-after-char-start": 3256,
      "location-after-char-end": 3269,
      "node-str": ""
    },
    {
      "type": "insert-node",
      "node": {
        "label": "JLabel",
        "type": "SimpleName"
      },
      "location-after-char-start": 3212,
      "location-after-char-end": 3218,
      "node-str": "JLabel"
    },
    {
      "type": "insert-node",
      "node": {
        "label": "whereLabel",
        "type": "SimpleName"
      },
      "location-after-char-start": 3219,
      "location-after-char-end": 3229,
      "node-str": "whereLabel"
    },
    {
      "type": "insert-node",
      "node": {
        "label": "FolderComboBox",
        "type": "SimpleName"
      },
      "location-after-char-start": 3241,
      "location-after-char-end": 3255,
      "node-str": "FolderComboBox"
    },
    {
      "type": "insert-node",
      "node": {
        "label": "whereComboBox",
        "type": "SimpleName"
      },
      "location-after-char-start": 3256,
      "location-after-char-end": 3269,
      "node-str": "whereComboBox"
    },
    {
      "type": "insert-node",
      "node": {
        "label": "",
        "type": "ExpressionStatement"
      },
      "location-after-char-start": 27501,
      "location-after-char-end": 27535,
      "node-str": ""
    },
    {
      "type": "insert-node",
      "node": {
        "label": "",
        "type": "ExpressionStatement"
      },
      "location-after-char-start": 27538,
      "location-after-char-end": 27580,
      "node-str": ""
    },
    {
      "type": "insert-node",
      "node": {
        "label": "",
        "type": "ExpressionStatement"
      },
      "location-after-char-start": 27583,
      "location-after-char-end": 27621,
      "node-str": ""
    },
    {
      "type": "insert-node",
      "node": {
        "label": "",
        "type": "Assignment"
      },
      "location-after-char-start": 27501,
      "location-after-char-end": 27534,
      "node-str": ""
    },
    {
      "type": "insert-node",
      "node": {
        "label": "",
        "type": "Assignment"
      },
      "location-after-char-start": 27538,
      "location-after-char-end": 27579,
      "node-str": ""
    },
    {
      "type": "insert-node",
      "node": {
        "label": "",
        "type": "MethodInvocation"
      },
      "location-after-char-start": 27583,
      "location-after-char-end": 27620,
      "node-str": ""
    },
    {
      "type": "insert-node",
      "node": {
        "label": "",
        "type": "IfStatement"
      },
      "location-after-char-start": 15510,
      "location-after-char-end": 15651,
      "node-str": ""
    },
    {
      "type": "insert-node",
      "node": {
        "label": "",
        "type": "IfStatement"
      },
      "location-after-char-start": 15660,
      "location-after-char-end": 15723,
      "node-str": ""
    },
    {
      "type": "move-subtree",
      "node": {
        "label": "",
        "type": "IfStatement"
      },
      "location-before-char-start": 15654,
      "location-before-char-end": 15737,
      "location-after-char-start": 15732,
      "location-after-char-end": 15795,
      "node-str": ""
    },
    {
      "type": "insert-node",
      "node": {
        "label": "",
        "type": "IfStatement"
      },
      "location-after-char-start": 15804,
      "location-after-char-end": 15970,
      "node-str": ""
    },
    {
      "type": "insert-node",
      "node": {
        "label": "whereLabel",
        "type": "SimpleName"
      },
      "location-after-char-start": 27501,
      "location-after-char-end": 27511,
      "node-str": "whereLabel"
    },
    {
      "type": "insert-node",
      "node": {
        "label": "\u003d",
        "type": "ASSIGNMENT_OPERATOR"
      },
      "location-after-char-start": 27512,
      "location-after-char-end": 27513,
      "node-str": "\u003d"
    },
    {
      "type": "insert-node",
      "node": {
        "label": "",
        "type": "ClassInstanceCreation"
      },
      "location-after-char-start": 27514,
      "location-after-char-end": 27534,
      "node-str": ""
    },
    {
      "type": "insert-node",
      "node": {
        "label": "whereComboBox",
        "type": "SimpleName"
      },
      "location-after-char-start": 27538,
      "location-after-char-end": 27551,
      "node-str": "whereComboBox"
    },
    {
      "type": "insert-node",
      "node": {
        "label": "\u003d",
        "type": "ASSIGNMENT_OPERATOR"
      },
      "location-after-char-start": 27552,
      "location-after-char-end": 27553,
      "node-str": "\u003d"
    },
    {
      "type": "insert-node",
      "node": {
        "label": "",
        "type": "ClassInstanceCreation"
      },
      "location-after-char-start": 27554,
      "location-after-char-end": 27579,
      "node-str": ""
    },
    {
      "type": "insert-node",
      "node": {
        "label": "",
        "type": "METHOD_INVOCATION_RECEIVER"
      },
      "location-after-char-start": 27583,
      "location-after-char-end": 27593,
      "node-str": ""
    },
    {
      "type": "insert-node",
      "node": {
        "label": "setLabelFor",
        "type": "SimpleName"
      },
      "location-after-char-start": 27594,
      "location-after-char-end": 27605,
      "node-str": "setLabelFor"
    },
    {
      "type": "insert-node",
      "node": {
        "label": "",
        "type": "METHOD_INVOCATION_ARGUMENTS"
      },
      "location-after-char-start": 27606,
      "location-after-char-end": 27619,
      "node-str": ""
    },
    {
      "type": "move-subtree",
      "node": {
        "label": "",
        "type": "InfixExpression"
      },
      "location-before-char-start": 15422,
      "location-before-char-end": 15458,
      "location-after-char-start": 15514,
      "location-after-char-end": 15550,
      "node-str": ""
    },
    {
      "type": "move-subtree",
      "node": {
        "label": "",
        "type": "Block"
      },
      "location-before-char-start": 15460,
      "location-before-char-end": 15559,
      "location-after-char-start": 15552,
      "location-after-char-end": 15651,
      "node-str": ""
    },
    {
      "type": "move-subtree",
      "node": {
        "label": "",
        "type": "InfixExpression"
      },
      "location-before-char-start": 15569,
      "location-before-char-end": 15585,
      "location-after-char-start": 15664,
      "location-after-char-end": 15680,
      "node-str": ""
    },
    {
      "type": "move-subtree",
      "node": {
        "label": "",
        "type": "Block"
      },
      "location-before-char-start": 15607,
      "location-before-char-end": 15648,
      "location-after-char-start": 15682,
      "location-after-char-end": 15723,
      "node-str": ""
    },
    {
      "type": "move-subtree",
      "node": {
        "label": "",
        "type": "InfixExpression"
      },
      "location-before-char-start": 15678,
      "location-before-char-end": 15694,
      "location-after-char-start": 15736,
      "location-after-char-end": 15752,
      "node-str": ""
    },
    {
      "type": "move-subtree",
      "node": {
        "label": "",
        "type": "InfixExpression"
      },
      "location-before-char-start": 15658,
      "location-before-char-end": 15694,
      "location-after-char-start": 15809,
      "location-after-char-end": 15897,
      "node-str": ""
    },
    {
      "type": "insert-node",
      "node": {
        "label": "",
        "type": "Block"
      },
      "location-after-char-start": 15899,
      "location-after-char-end": 15970,
      "node-str": ""
    },
    {
      "type": "insert-node",
      "node": {
        "label": "",
        "type": "SimpleType"
      },
      "location-after-char-start": 27518,
      "location-after-char-end": 27524,
      "node-str": ""
    },
    {
      "type": "insert-node",
      "node": {
        "label": "\"Where:\"",
        "type": "StringLiteral"
      },
      "location-after-char-start": 27525,
      "location-after-char-end": 27533,
      "node-str": "\"Where:\""
    },
    {
      "type": "insert-node",
      "node": {
        "label": "",
        "type": "SimpleType"
      },
      "location-after-char-start": 27558,
      "location-after-char-end": 27572,
      "node-str": ""
    },
    {
      "type": "move-subtree",
      "node": {
        "label": "false",
        "type": "BooleanLiteral"
      },
      "location-before-char-start": 27301,
      "location-before-char-end": 27306,
      "location-after-char-start": 27573,
      "location-after-char-end": 27578,
      "node-str": "false"
    },
    {
      "type": "insert-node",
      "node": {
        "label": "whereLabel",
        "type": "SimpleName"
      },
      "location-after-char-start": 27583,
      "location-after-char-end": 27593,
      "node-str": "whereLabel"
    },
    {
      "type": "insert-node",
      "node": {
        "label": "whereComboBox",
        "type": "SimpleName"
      },
      "location-after-char-start": 27606,
      "location-after-char-end": 27619,
      "node-str": "whereComboBox"
    },
    {
      "type": "move-subtree",
      "node": {
        "label": "\u0026\u0026",
        "type": "INFIX_EXPRESSION_OPERATOR"
      },
      "location-before-char-start": 15586,
      "location-before-char-end": 15588,
      "location-after-char-start": 15850,
      "location-after-char-end": 15852,
      "node-str": "\u0026\u0026"
    },
    {
      "type": "insert-node",
      "node": {
        "label": "",
        "type": "InfixExpression"
      },
      "location-after-char-start": 15853,
      "location-after-char-end": 15897,
      "node-str": ""
    },
    {
      "type": "insert-node",
      "node": {
        "label": "",
        "type": "ExpressionStatement"
      },
      "location-after-char-start": 15905,
      "location-after-char-end": 15965,
      "node-str": ""
    },
    {
      "type": "insert-node",
      "node": {
        "label": "JLabel",
        "type": "SimpleName"
      },
      "location-after-char-start": 27518,
      "location-after-char-end": 27524,
      "node-str": "JLabel"
    },
    {
      "type": "insert-node",
      "node": {
        "label": "FolderComboBox",
        "type": "SimpleName"
      },
      "location-after-char-start": 27558,
      "location-after-char-end": 27572,
      "node-str": "FolderComboBox"
    },
    {
      "type": "move-subtree",
      "node": {
        "label": "",
        "type": "ExpressionStatement"
      },
      "location-before-char-start": 39263,
      "location-before-char-end": 39376,
      "location-after-char-start": 40077,
      "location-after-char-end": 40191,
      "node-str": ""
    },
    {
      "type": "move-subtree",
      "node": {
        "label": "",
        "type": "ExpressionStatement"
      },
      "location-before-char-start": 39384,
      "location-before-char-end": 39427,
      "location-after-char-start": 40199,
      "location-after-char-end": 40242,
      "node-str": ""
    },
    {
      "type": "update-node",
      "node": {
        "label": "\u003d\u003d",
        "type": "INFIX_EXPRESSION_OPERATOR"
      },
      "location-before-char-start": 15670,
      "location-before-char-end": 15672,
      "location-after-char-start": 15842,
      "location-after-char-end": 15844,
      "node-str": "!\u003d"
    },
    {
      "type": "insert-node",
      "node": {
        "label": "",
        "type": "NullLiteral"
      },
      "location-after-char-start": 15845,
      "location-after-char-end": 15849,
      "node-str": ""
    },
    {
      "type": "insert-node",
      "node": {
        "label": "",
        "type": "MethodInvocation"
      },
      "location-after-char-start": 15853,
      "location-after-char-end": 15894,
      "node-str": ""
    },
    {
      "type": "insert-node",
      "node": {
        "label": "\u003e",
        "type": "INFIX_EXPRESSION_OPERATOR"
      },
      "location-after-char-start": 15895,
      "location-after-char-end": 15896,
      "node-str": "\u003e"
    },
    {
      "type": "move-subtree",
      "node": {
        "label": "0",
        "type": "NumberLiteral"
      },
      "location-before-char-start": 15604,
      "location-before-char-end": 15605,
      "location-after-char-start": 15896,
      "location-after-char-end": 15897,
      "node-str": "0"
    },
    {
      "type": "insert-node",
      "node": {
        "label": "",
        "type": "MethodInvocation"
      },
      "location-after-char-start": 15905,
      "location-after-char-end": 15964,
      "node-str": ""
    },
    {
      "type": "insert-node",
      "node": {
        "label": "",
        "type": "ExpressionStatement"
      },
      "location-after-char-start": 39733,
      "location-after-char-end": 39846,
      "node-str": ""
    },
    {
      "type": "insert-node",
      "node": {
        "label": "",
        "type": "ExpressionStatement"
      },
      "location-after-char-start": 39854,
      "location-after-char-end": 39897,
      "node-str": ""
    },
    {
      "type": "insert-node",
      "node": {
        "label": "",
        "type": "ExpressionStatement"
      },
      "location-after-char-start": 40369,
      "location-after-char-end": 40408,
      "node-str": ""
    },
    {
      "type": "insert-node",
      "node": {
        "label": "",
        "type": "ExpressionStatement"
      },
      "location-after-char-start": 40539,
      "location-after-char-end": 40581,
      "node-str": ""
    },
    {
      "type": "insert-node",
      "node": {
        "label": "",
        "type": "ExpressionStatement"
      },
      "location-after-char-start": 40589,
      "location-after-char-end": 40663,
      "node-str": ""
    },
    {
      "type": "update-node",
      "node": {
        "label": "length",
        "type": "SimpleName"
      },
      "location-before-char-start": 15661,
      "location-before-char-end": 15667,
      "location-after-char-start": 15832,
      "location-after-char-end": 15839,
      "node-str": "getText"
    },
    {
      "type": "insert-node",
      "node": {
        "label": "",
        "type": "METHOD_INVOCATION_RECEIVER"
      },
      "location-after-char-start": 15853,
      "location-after-char-end": 15885,
      "node-str": ""
    },
    {
      "type": "move-subtree",
      "node": {
        "label": "length",
        "type": "SimpleName"
      },
      "location-before-char-start": 15592,
      "location-before-char-end": 15598,
      "location-after-char-start": 15886,
      "location-after-char-end": 15892,
      "node-str": "length"
    },
    {
      "type": "move-subtree",
      "node": {
        "label": "",
        "type": "METHOD_INVOCATION_RECEIVER"
      },
      "location-before-char-start": 27272,
      "location-before-char-end": 27289,
      "location-after-char-start": 15905,
      "location-after-char-end": 15922,
      "node-str": ""
    },
    {
      "type": "insert-node",
      "node": {
        "label": "addItem",
        "type": "SimpleName"
      },
      "location-after-char-start": 15923,
      "location-after-char-end": 15930,
      "node-str": "addItem"
    },
    {
      "type": "insert-node",
      "node": {
        "label": "",
        "type": "METHOD_INVOCATION_ARGUMENTS"
      },
      "location-after-char-start": 15931,
      "location-after-char-end": 15963,
      "node-str": ""
    },
    {
      "type": "insert-node",
      "node": {
        "label": "",
        "type": "MethodInvocation"
      },
      "location-after-char-start": 39733,
      "location-after-char-end": 39845,
      "node-str": ""
    },
    {
      "type": "insert-node",
      "node": {
        "label": "",
        "type": "MethodInvocation"
      },
      "location-after-char-start": 39854,
      "location-after-char-end": 39896,
      "node-str": ""
    },
    {
      "type": "insert-node",
      "node": {
        "label": "",
        "type": "MethodInvocation"
      },
      "location-after-char-start": 40369,
      "location-after-char-end": 40407,
      "node-str": ""
    },
    {
      "type": "insert-node",
      "node": {
        "label": "",
        "type": "MethodInvocation"
      },
      "location-after-char-start": 40539,
      "location-after-char-end": 40580,
      "node-str": ""
    },
    {
      "type": "insert-node",
      "node": {
        "label": "",
        "type": "MethodInvocation"
      },
      "location-after-char-start": 40589,
      "location-after-char-end": 40662,
      "node-str": ""
    },
    {
      "type": "update-node",
      "node": {
        "label": "ln",
        "type": "SimpleName"
      },
      "location-before-char-start": 15658,
      "location-before-char-end": 15660,
      "location-after-char-start": 15809,
      "location-after-char-end": 15831,
      "node-str": "formattedNameTextField"
    },
    {
      "type": "insert-node",
      "node": {
        "label": "",
        "type": "MethodInvocation"
      },
      "location-after-char-start": 15853,
      "location-after-char-end": 15885,
      "node-str": ""
    },
    {
      "type": "insert-node",
      "node": {
        "label": "",
        "type": "MethodInvocation"
      },
      "location-after-char-start": 15931,
      "location-after-char-end": 15963,
      "node-str": ""
    },
    {
      "type": "insert-node",
      "node": {
        "label": "",
        "type": "METHOD_INVOCATION_RECEIVER"
      },
      "location-after-char-start": 39733,
      "location-after-char-end": 39739,
      "node-str": ""
    },
    {
      "type": "insert-node",
      "node": {
        "label": "add",
        "type": "SimpleName"
      },
      "location-after-char-start": 39740,
      "location-after-char-end": 39743,
      "node-str": "add"
    },
    {
      "type": "insert-node",
      "node": {
        "label": "",
        "type": "METHOD_INVOCATION_ARGUMENTS"
      },
      "location-after-char-start": 39744,
      "location-after-char-end": 39844,
      "node-str": ""
    },
    {
      "type": "insert-node",
      "node": {
        "label": "",
        "type": "METHOD_INVOCATION_RECEIVER"
      },
      "location-after-char-start": 39854,
      "location-after-char-end": 39860,
      "node-str": ""
    },
    {
      "type": "insert-node",
      "node": {
        "label": "add",
        "type": "SimpleName"
      },
      "location-after-char-start": 39861,
      "location-after-char-end": 39864,
      "node-str": "add"
    },
    {
      "type": "insert-node",
      "node": {
        "label": "",
        "type": "METHOD_INVOCATION_ARGUMENTS"
      },
      "location-after-char-start": 39865,
      "location-after-char-end": 39895,
      "node-str": ""
    },
    {
      "type": "move-subtree",
      "node": {
        "label": "",
        "type": "METHOD_INVOCATION_RECEIVER"
      },
      "location-before-char-start": 39729,
      "location-before-char-end": 39735,
      "location-after-char-start": 40369,
      "location-after-char-end": 40375,
      "node-str": ""
    },
    {
      "type": "move-subtree",
      "node": {
        "label": "add",
        "type": "SimpleName"
      },
      "location-before-char-start": 39736,
      "location-before-char-end": 39739,
      "location-after-char-start": 40376,
      "location-after-char-end": 40379,
      "node-str": "add"
    },
    {
      "type": "insert-node",
      "node": {
        "label": "",
        "type": "METHOD_INVOCATION_ARGUMENTS"
      },
      "location-after-char-start": 40380,
      "location-after-char-end": 40406,
      "node-str": ""
    },
    {
      "type": "move-subtree",
      "node": {
        "label": "",
        "type": "METHOD_INVOCATION_RECEIVER"
      },
      "location-before-char-start": 39904,
      "location-before-char-end": 39910,
      "location-after-char-start": 40539,
      "location-after-char-end": 40545,
      "node-str": ""
    },
    {
      "type": "move-subtree",
      "node": {
        "label": "add",
        "type": "SimpleName"
      },
      "location-before-char-start": 39911,
      "location-before-char-end": 39914,
      "location-after-char-start": 40546,
      "location-after-char-end": 40549,
      "node-str": "add"
    },
    {
      "type": "insert-node",
      "node": {
        "label": "",
        "type": "METHOD_INVOCATION_ARGUMENTS"
      },
      "location-after-char-start": 40550,
      "location-after-char-end": 40579,
      "node-str": ""
    },
    {
      "type": "move-subtree",
      "node": {
        "label": "",
        "type": "METHOD_INVOCATION_RECEIVER"
      },
      "location-before-char-start": 39954,
      "location-before-char-end": 39960,
      "location-after-char-start": 40589,
      "location-after-char-end": 40595,
      "node-str": ""
    },
    {
      "type": "move-subtree",
      "node": {
        "label": "add",
        "type": "SimpleName"
      },
      "location-before-char-start": 39961,
      "location-before-char-end": 39964,
      "location-after-char-start": 40606,
      "location-after-char-end": 40609,
      "node-str": "add"
    },
    {
      "type": "insert-node",
      "node": {
        "label": "",
        "type": "METHOD_INVOCATION_ARGUMENTS"
      },
      "location-after-char-start": 40610,
      "location-after-char-end": 40661,
      "node-str": ""
    },
    {
      "type": "insert-node",
      "node": {
        "label": "",
        "type": "METHOD_INVOCATION_RECEIVER"
      },
      "location-after-char-start": 15853,
      "location-after-char-end": 15875,
      "node-str": ""
    },
    {
      "type": "insert-node",
      "node": {
        "label": "getText",
        "type": "SimpleName"
      },
      "location-after-char-start": 15876,
      "location-after-char-end": 15883,
      "node-str": "getText"
    },
    {
      "type": "insert-node",
      "node": {
        "label": "",
        "type": "METHOD_INVOCATION_RECEIVER"
      },
      "location-after-char-start": 15931,
      "location-after-char-end": 15953,
      "node-str": ""
    },
    {
      "type": "insert-node",
      "node": {
        "label": "getText",
        "type": "SimpleName"
      },
      "location-after-char-start": 15954,
      "location-after-char-end": 15961,
      "node-str": "getText"
    },
    {
      "type": "insert-node",
      "node": {
        "label": "panel7",
        "type": "SimpleName"
      },
      "location-after-char-start": 39733,
      "location-after-char-end": 39739,
      "node-str": "panel7"
    },
    {
      "type": "move-subtree",
      "node": {
        "label": "nicknameLabel",
        "type": "SimpleName"
      },
      "location-before-char-start": 39274,
      "location-before-char-end": 39287,
      "location-after-char-start": 39744,
      "location-after-char-end": 39757,
      "node-str": "nicknameLabel"
    },
    {
      "type": "insert-node",
      "node": {
        "label": "",
        "type": "MethodInvocation"
      },
      "location-after-char-start": 39759,
      "location-after-char-end": 39844,
      "node-str": ""
    },
    {
      "type": "insert-node",
      "node": {
        "label": "panel7",
        "type": "SimpleName"
      },
      "location-after-char-start": 39854,
      "location-after-char-end": 39860,
      "node-str": "panel7"
    },
    {
      "type": "move-subtree",
      "node": {
        "label": "nicknameTextField",
        "type": "SimpleName"
      },
      "location-before-char-start": 39395,
      "location-before-char-end": 39412,
      "location-after-char-start": 39865,
      "location-after-char-end": 39882,
      "node-str": "nicknameTextField"
    },
    {
      "type": "insert-node",
      "node": {
        "label": "",
        "type": "MethodInvocation"
      },
      "location-after-char-start": 39884,
      "location-after-char-end": 39895,
      "node-str": ""
    },
    {
      "type": "move-subtree",
      "node": {
        "label": "fileunderLabel",
        "type": "SimpleName"
      },
      "location-before-char-start": 39618,
      "location-before-char-end": 39632,
      "location-after-char-start": 40088,
      "location-after-char-end": 40102,
      "node-str": "fileunderLabel"
    },
    {
      "type": "move-subtree",
      "node": {
        "label": "fileunderComboBox",
        "type": "SimpleName"
      },
      "location-before-char-start": 39740,
      "location-before-char-end": 39757,
      "location-after-char-start": 40210,
      "location-after-char-end": 40227,
      "node-str": "fileunderComboBox"
    },
    {
      "type": "insert-node",
      "node": {
        "label": "whereLabel",
        "type": "SimpleName"
      },
      "location-after-char-start": 40262,
      "location-after-char-end": 40272,
      "node-str": "whereLabel"
    },
    {
      "type": "insert-node",
      "node": {
        "label": "whereComboBox",
        "type": "SimpleName"
      },
      "location-after-char-start": 40380,
      "location-after-char-end": 40393,
      "node-str": "whereComboBox"
    },
    {
      "type": "insert-node",
      "node": {
        "label": "",
        "type": "MethodInvocation"
      },
      "location-after-char-start": 40395,
      "location-after-char-end": 40406,
      "node-str": ""
    },
    {
      "type": "move-subtree",
      "node": {
        "label": "categoriesButton",
        "type": "SimpleName"
      },
      "location-before-char-start": 39915,
      "location-before-char-end": 39931,
      "location-after-char-start": 40550,
      "location-after-char-end": 40566,
      "node-str": "categoriesButton"
    },
    {
      "type": "insert-node",
      "node": {
        "label": "",
        "type": "MethodInvocation"
      },
      "location-after-char-start": 40568,
      "location-after-char-end": 40579,
      "node-str": ""
    },
    {
      "type": "move-subtree",
      "node": {
        "label": "categoriesTextField",
        "type": "SimpleName"
      },
      "location-before-char-start": 39965,
      "location-before-char-end": 39984,
      "location-after-char-start": 40610,
      "location-after-char-end": 40629,
      "node-str": "categoriesTextField"
    },
    {
      "type": "insert-node",
      "node": {
        "label": "",
        "type": "MethodInvocation"
      },
      "location-after-char-start": 40631,
      "location-after-char-end": 40661,
      "node-str": ""
    },
    {
      "type": "insert-node",
      "node": {
        "label": "formattedNameTextField",
        "type": "SimpleName"
      },
      "location-after-char-start": 15853,
      "location-after-char-end": 15875,
      "node-str": "formattedNameTextField"
    },
    {
      "type": "insert-node",
      "node": {
        "label": "formattedNameTextField",
        "type": "SimpleName"
      },
      "location-after-char-start": 15931,
      "location-after-char-end": 15953,
      "node-str": "formattedNameTextField"
    },
    {
      "type": "insert-node",
      "node": {
        "label": "",
        "type": "METHOD_INVOCATION_RECEIVER"
      },
      "location-after-char-start": 39759,
      "location-after-char-end": 39761,
      "node-str": ""
    },
    {
      "type": "insert-node",
      "node": {
        "label": "xywh",
        "type": "SimpleName"
      },
      "location-after-char-start": 39762,
      "location-after-char-end": 39766,
      "node-str": "xywh"
    },
    {
      "type": "insert-node",
      "node": {
        "label": "",
        "type": "METHOD_INVOCATION_ARGUMENTS"
      },
      "location-after-char-start": 39767,
      "location-after-char-end": 39843,
      "node-str": ""
    },
    {
      "type": "insert-node",
      "node": {
        "label": "",
        "type": "METHOD_INVOCATION_RECEIVER"
      },
      "location-after-char-start": 39884,
      "location-after-char-end": 39886,
      "node-str": ""
    },
    {
      "type": "move-subtree",
      "node": {
        "label": "xy",
        "type": "SimpleName"
      },
      "location-before-char-start": 39989,
      "location-before-char-end": 39991,
      "location-after-char-start": 39887,
      "location-after-char-end": 39889,
      "node-str": "xy"
    },
    {
      "type": "insert-node",
      "node": {
        "label": "",
        "type": "METHOD_INVOCATION_ARGUMENTS"
      },
      "location-after-char-start": 39890,
      "location-after-char-end": 39894,
      "node-str": ""
    },
    {
      "type": "move-subtree",
      "node": {
        "label": "",
        "type": "METHOD_INVOCATION_RECEIVER"
      },
      "location-before-char-start": 39759,
      "location-before-char-end": 39761,
      "location-after-char-start": 40395,
      "location-after-char-end": 40397,
      "node-str": ""
    },
    {
      "type": "move-subtree",
      "node": {
        "label": "xy",
        "type": "SimpleName"
      },
      "location-before-char-start": 39762,
      "location-before-char-end": 39764,
      "location-after-char-start": 40398,
      "location-after-char-end": 40400,
      "node-str": "xy"
    },
    {
      "type": "insert-node",
      "node": {
        "label": "",
        "type": "METHOD_INVOCATION_ARGUMENTS"
      },
      "location-after-char-start": 40401,
      "location-after-char-end": 40405,
      "node-str": ""
    },
    {
      "type": "move-subtree",
      "node": {
        "label": "",
        "type": "METHOD_INVOCATION_RECEIVER"
      },
      "location-before-char-start": 39933,
      "location-before-char-end": 39935,
      "location-after-char-start": 40568,
      "location-after-char-end": 40570,
      "node-str": ""
    },
    {
      "type": "move-subtree",
      "node": {
        "label": "xy",
        "type": "SimpleName"
      },
      "location-before-char-start": 39936,
      "location-before-char-end": 39938,
      "location-after-char-start": 40571,
      "location-after-char-end": 40573,
      "node-str": "xy"
    },
    {
      "type": "insert-node",
      "node": {
        "label": "",
        "type": "METHOD_INVOCATION_ARGUMENTS"
      },
      "location-after-char-start": 40574,
      "location-after-char-end": 40578,
      "node-str": ""
    },
    {
      "type": "move-subtree",
      "node": {
        "label": "",
        "type": "METHOD_INVOCATION_RECEIVER"
      },
      "location-before-char-start": 39986,
      "location-before-char-end": 39988,
      "location-after-char-start": 40631,
      "location-after-char-end": 40633,
      "node-str": ""
    },
    {
      "type": "insert-node",
      "node": {
        "label": "xywh",
        "type": "SimpleName"
      },
      "location-after-char-start": 40634,
      "location-after-char-end": 40638,
      "node-str": "xywh"
    },
    {
      "type": "insert-node",
      "node": {
        "label": "",
        "type": "METHOD_INVOCATION_ARGUMENTS"
      },
      "location-after-char-start": 40639,
      "location-after-char-end": 40660,
      "node-str": ""
    },
    {
      "type": "update-node",
      "node": {
        "label": "7",
        "type": "NumberLiteral"
      },
      "location-before-char-start": 38846,
      "location-before-char-end": 38847,
      "location-after-char-start": 39316,
      "location-after-char-end": 39317,
      "node-str": "5"
    },
    {
      "type": "insert-node",
      "node": {
        "label": "cc",
        "type": "SimpleName"
      },
      "location-after-char-start": 39759,
      "location-after-char-end": 39761,
      "node-str": "cc"
    },
    {
      "type": "move-subtree",
      "node": {
        "label": "7",
        "type": "NumberLiteral"
      },
      "location-before-char-start": 39995,
      "location-before-char-end": 39996,
      "location-after-char-start": 39767,
      "location-after-char-end": 39768,
      "node-str": "7"
    },
    {
      "type": "insert-node",
      "node": {
        "label": "1",
        "type": "NumberLiteral"
      },
      "location-after-char-start": 39770,
      "location-after-char-end": 39771,
      "node-str": "1"
    },
    {
      "type": "insert-node",
      "node": {
        "label": "1",
        "type": "NumberLiteral"
      },
      "location-after-char-start": 39773,
      "location-after-char-end": 39774,
      "node-str": "1"
    },
    {
      "type": "insert-node",
      "node": {
        "label": "1",
        "type": "NumberLiteral"
      },
      "location-after-char-start": 39776,
      "location-after-char-end": 39777,
      "node-str": "1"
    },
    {
      "type": "insert-node",
      "node": {
        "label": "CellConstraints.RIGHT",
        "type": "QualifiedName"
      },
      "location-after-char-start": 39788,
      "location-after-char-end": 39809,
      "node-str": "CellConstraints.RIGHT"
    },
    {
      "type": "insert-node",
      "node": {
        "label": "CellConstraints.DEFAULT",
        "type": "QualifiedName"
      },
      "location-after-char-start": 39820,
      "location-after-char-end": 39843,
      "node-str": "CellConstraints.DEFAULT"
    },
    {
      "type": "insert-node",
      "node": {
        "label": "cc",
        "type": "SimpleName"
      },
      "location-after-char-start": 39884,
      "location-after-char-end": 39886,
      "node-str": "cc"
    },
    {
      "type": "insert-node",
      "node": {
        "label": "9",
        "type": "NumberLiteral"
      },
      "location-after-char-start": 39890,
      "location-after-char-end": 39891,
      "node-str": "9"
    },
    {
      "type": "insert-node",
      "node": {
        "label": "1",
        "type": "NumberLiteral"
      },
      "location-after-char-start": 39893,
      "location-after-char-end": 39894,
      "node-str": "1"
    },
    {
      "type": "move-subtree",
      "node": {
        "label": "7",
        "type": "NumberLiteral"
      },
      "location-before-char-start": 39942,
      "location-before-char-end": 39943,
      "location-after-char-start": 40282,
      "location-after-char-end": 40283,
      "node-str": "7"
    },
    {
      "type": "insert-node",
      "node": {
        "label": "9",
        "type": "NumberLiteral"
      },
      "location-after-char-start": 40401,
      "location-after-char-end": 40402,
      "node-str": "9"
    },
    {
      "type": "insert-node",
      "node": {
        "label": "3",
        "type": "NumberLiteral"
      },
      "location-after-char-start": 40404,
      "location-after-char-end": 40405,
      "node-str": "3"
    },
    {
      "type": "move-subtree",
      "node": {
        "label": "3",
        "type": "NumberLiteral"
      },
      "location-before-char-start": 39939,
      "location-before-char-end": 39940,
      "location-after-char-start": 40574,
      "location-after-char-end": 40575,
      "node-str": "3"
    },
    {
      "type": "move-subtree",
      "node": {
        "label": "5",
        "type": "NumberLiteral"
      },
      "location-before-char-start": 39768,
      "location-before-char-end": 39769,
      "location-after-char-start": 40577,
      "location-after-char-end": 40578,
      "node-str": "5"
    },
    {
      "type": "move-subtree",
      "node": {
        "label": "5",
        "type": "NumberLiteral"
      },
      "location-before-char-start": 39992,
      "location-before-char-end": 39993,
      "location-after-char-start": 40639,
      "location-after-char-end": 40640,
      "node-str": "5"
    },
    {
      "type": "move-subtree",
      "node": {
        "label": "5",
        "type": "NumberLiteral"
      },
      "location-before-char-start": 39645,
      "location-before-char-end": 39646,
      "location-after-char-start": 40642,
      "location-after-char-end": 40643,
      "node-str": "5"
    },
    {
      "type": "move-subtree",
      "node": {
        "label": "5",
        "type": "NumberLiteral"
      },
      "location-before-char-start": 39765,
      "location-before-char-end": 39766,
      "location-after-char-start": 40645,
      "location-after-char-end": 40646,
      "node-str": "5"
    },
    {
      "type": "insert-node",
      "node": {
        "label": "1",
        "type": "NumberLiteral"
      },
      "location-after-char-start": 40659,
      "location-after-char-end": 40660,
      "node-str": "1"
    },
    {
      "type": "insert-node",
      "node": {
        "label": "FormFactory.DEFAULT_COLSPEC",
        "type": "QualifiedName"
      },
      "location-after-char-start": 38287,
      "location-after-char-end": 38314,
      "node-str": "FormFactory.DEFAULT_COLSPEC"
    },
    {
      "type": "insert-node",
      "node": {
        "label": "FormFactory.LABEL_COMPONENT_GAP_COLSPEC",
        "type": "QualifiedName"
      },
      "location-after-char-start": 38329,
      "location-after-char-end": 38368,
      "node-str": "FormFactory.LABEL_COMPONENT_GAP_COLSPEC"
    },
    {
      "type": "insert-node",
      "node": {
        "label": "FormFactory.DEFAULT_COLSPEC",
        "type": "QualifiedName"
      },
      "location-after-char-start": 38494,
      "location-after-char-end": 38521,
      "node-str": "FormFactory.DEFAULT_COLSPEC"
    },
    {
      "type": "insert-node",
      "node": {
        "label": "FormFactory.LABEL_COMPONENT_GAP_COLSPEC",
        "type": "QualifiedName"
      },
      "location-after-char-start": 38536,
      "location-after-char-end": 38575,
      "node-str": "FormFactory.LABEL_COMPONENT_GAP_COLSPEC"
    },
    {
      "type": "delete-node",
      "node": {
        "label": "0",
        "type": "NumberLiteral"
      },
      "location-before-char-start": 15673,
      "location-before-char-end": 15674,
      "node-str": "0"
    },
    {
      "type": "delete-node",
      "node": {
        "label": "\u0026\u0026",
        "type": "INFIX_EXPRESSION_OPERATOR"
      },
      "location-before-char-start": 15675,
      "location-before-char-end": 15677,
      "node-str": "\u0026\u0026"
    },
    {
      "type": "delete-node",
      "node": {
        "label": "fn",
        "type": "SimpleName"
      },
      "location-before-char-start": 15589,
      "location-before-char-end": 15591,
      "node-str": "fn"
    },
    {
      "type": "delete-node",
      "node": {
        "label": "",
        "type": "METHOD_INVOCATION_RECEIVER"
      },
      "location-before-char-start": 15589,
      "location-before-char-end": 15591,
      "node-str": ""
    },
    {
      "type": "delete-node",
      "node": {
        "label": "",
        "type": "MethodInvocation"
      },
      "location-before-char-start": 15589,
      "location-before-char-end": 15600,
      "node-str": ""
    },
    {
      "type": "delete-node",
      "node": {
        "label": "\u003d\u003d",
        "type": "INFIX_EXPRESSION_OPERATOR"
      },
      "location-before-char-start": 15601,
      "location-before-char-end": 15603,
      "node-str": "\u003d\u003d"
    },
    {
      "type": "delete-node",
      "node": {
        "label": "",
        "type": "InfixExpression"
      },
      "location-before-char-start": 15589,
      "location-before-char-end": 15605,
      "node-str": ""
    },
    {
      "type": "delete-node",
      "node": {
        "label": "",
        "type": "InfixExpression"
      },
      "location-before-char-start": 15569,
      "location-before-char-end": 15605,
      "node-str": ""
    },
    {
      "type": "delete-node",
      "node": {
        "label": "",
        "type": "IfStatement"
      },
      "location-before-char-start": 15565,
      "location-before-char-end": 15737,
      "node-str": ""
    },
    {
      "type": "delete-node",
      "node": {
        "label": "",
        "type": "IfStatement"
      },
      "location-before-char-start": 15418,
      "location-before-char-end": 15737,
      "node-str": ""
    },
    {
      "type": "delete-node",
      "node": {
        "label": "fileunderLabel",
        "type": "SimpleName"
      },
      "location-before-char-start": 27197,
      "location-before-char-end": 27211,
      "node-str": "fileunderLabel"
    },
    {
      "type": "delete-node",
      "node": {
        "label": "",
        "type": "METHOD_INVOCATION_RECEIVER"
      },
      "location-before-char-start": 27197,
      "location-before-char-end": 27211,
      "node-str": ""
    },
    {
      "type": "delete-node",
      "node": {
        "label": "setEnabled",
        "type": "SimpleName"
      },
      "location-before-char-start": 27212,
      "location-before-char-end": 27222,
      "node-str": "setEnabled"
    },
    {
      "type": "delete-node",
      "node": {
        "label": "false",
        "type": "BooleanLiteral"
      },
      "location-before-char-start": 27223,
      "location-before-char-end": 27228,
      "node-str": "false"
    },
    {
      "type": "delete-node",
      "node": {
        "label": "",
        "type": "METHOD_INVOCATION_ARGUMENTS"
      },
      "location-before-char-start": 27223,
      "location-before-char-end": 27228,
      "node-str": ""
    },
    {
      "type": "delete-node",
      "node": {
        "label": "",
        "type": "MethodInvocation"
      },
      "location-before-char-start": 27197,
      "location-before-char-end": 27229,
      "node-str": ""
    },
    {
      "type": "delete-node",
      "node": {
        "label": "",
        "type": "ExpressionStatement"
      },
      "location-before-char-start": 27197,
      "location-before-char-end": 27230,
      "node-str": ""
    },
    {
      "type": "delete-node",
      "node": {
        "label": "setEnabled",
        "type": "SimpleName"
      },
      "location-before-char-start": 27290,
      "location-before-char-end": 27300,
      "node-str": "setEnabled"
    },
    {
      "type": "delete-node",
      "node": {
        "label": "",
        "type": "METHOD_INVOCATION_ARGUMENTS"
      },
      "location-before-char-start": 27301,
      "location-before-char-end": 27306,
      "node-str": ""
    },
    {
      "type": "delete-node",
      "node": {
        "label": "",
        "type": "MethodInvocation"
      },
      "location-before-char-start": 27272,
      "location-before-char-end": 27307,
      "node-str": ""
    },
    {
      "type": "delete-node",
      "node": {
        "label": "",
        "type": "ExpressionStatement"
      },
      "location-before-char-start": 27272,
      "location-before-char-end": 27308,
      "node-str": ""
    },
    {
      "type": "delete-node",
      "node": {
        "label": "FormFactory.LINE_GAP_ROWSPEC",
        "type": "QualifiedName"
      },
      "location-before-char-start": 38394,
      "location-before-char-end": 38422,
      "node-str": "FormFactory.LINE_GAP_ROWSPEC"
    },
    {
      "type": "delete-node",
      "node": {
        "label": "RowSpec",
        "type": "SimpleName"
      },
      "location-before-char-start": 38439,
      "location-before-char-end": 38446,
      "node-str": "RowSpec"
    },
    {
      "type": "delete-node",
      "node": {
        "label": "",
        "type": "SimpleType"
      },
      "location-before-char-start": 38439,
      "location-before-char-end": 38446,
      "node-str": ""
    },
    {
      "type": "delete-node",
      "node": {
        "label": "RowSpec.FILL",
        "type": "QualifiedName"
      },
      "location-before-char-start": 38447,
      "location-before-char-end": 38459,
      "node-str": "RowSpec.FILL"
    },
    {
      "type": "delete-node",
      "node": {
        "label": "Sizes.DEFAULT",
        "type": "QualifiedName"
      },
      "location-before-char-start": 38474,
      "location-before-char-end": 38487,
      "node-str": "Sizes.DEFAULT"
    },
    {
      "type": "delete-node",
      "node": {
        "label": "FormSpec.NO_GROW",
        "type": "QualifiedName"
      },
      "location-before-char-start": 38502,
      "location-before-char-end": 38518,
      "node-str": "FormSpec.NO_GROW"
    },
    {
      "type": "delete-node",
      "node": {
        "label": "",
        "type": "ClassInstanceCreation"
      },
      "location-before-char-start": 38435,
      "location-before-char-end": 38519,
      "node-str": ""
    },
    {
      "type": "delete-node",
      "node": {
        "label": "7",
        "type": "NumberLiteral"
      },
      "location-before-char-start": 38752,
      "location-before-char-end": 38753,
      "node-str": "7"
    },
    {
      "type": "delete-node",
      "node": {
        "label": "",
        "type": "METHOD_INVOCATION_ARGUMENTS"
      },
      "location-before-char-start": 39765,
      "location-before-char-end": 39769,
      "node-str": ""
    },
    {
      "type": "delete-node",
      "node": {
        "label": "",
        "type": "MethodInvocation"
      },
      "location-before-char-start": 39759,
      "location-before-char-end": 39770,
      "node-str": ""
    },
    {
      "type": "delete-node",
      "node": {
        "label": "",
        "type": "METHOD_INVOCATION_ARGUMENTS"
      },
      "location-before-char-start": 39740,
      "location-before-char-end": 39770,
      "node-str": ""
    },
    {
      "type": "delete-node",
      "node": {
        "label": "",
        "type": "MethodInvocation"
      },
      "location-before-char-start": 39729,
      "location-before-char-end": 39771,
      "node-str": ""
    },
    {
      "type": "delete-node",
      "node": {
        "label": "",
        "type": "ExpressionStatement"
      },
      "location-before-char-start": 39729,
      "location-before-char-end": 39772,
      "node-str": ""
    },
    {
      "type": "delete-node",
      "node": {
        "label": "",
        "type": "METHOD_INVOCATION_ARGUMENTS"
      },
      "location-before-char-start": 39939,
      "location-before-char-end": 39943,
      "node-str": ""
    },
    {
      "type": "delete-node",
      "node": {
        "label": "",
        "type": "MethodInvocation"
      },
      "location-before-char-start": 39933,
      "location-before-char-end": 39944,
      "node-str": ""
    },
    {
      "type": "delete-node",
      "node": {
        "label": "",
        "type": "METHOD_INVOCATION_ARGUMENTS"
      },
      "location-before-char-start": 39915,
      "location-before-char-end": 39944,
      "node-str": ""
    },
    {
      "type": "delete-node",
      "node": {
        "label": "",
        "type": "MethodInvocation"
      },
      "location-before-char-start": 39904,
      "location-before-char-end": 39945,
      "node-str": ""
    },
    {
      "type": "delete-node",
      "node": {
        "label": "",
        "type": "ExpressionStatement"
      },
      "location-before-char-start": 39904,
      "location-before-char-end": 39946,
      "node-str": ""
    },
    {
      "type": "delete-node",
      "node": {
        "label": "",
        "type": "METHOD_INVOCATION_ARGUMENTS"
      },
      "location-before-char-start": 39992,
      "location-before-char-end": 39996,
      "node-str": ""
    },
    {
      "type": "delete-node",
      "node": {
        "label": "",
        "type": "MethodInvocation"
      },
      "location-before-char-start": 39986,
      "location-before-char-end": 39997,
      "node-str": ""
    },
    {
      "type": "delete-node",
      "node": {
        "label": "",
        "type": "METHOD_INVOCATION_ARGUMENTS"
      },
      "location-before-char-start": 39965,
      "location-before-char-end": 39997,
      "node-str": ""
    },
    {
      "type": "delete-node",
      "node": {
        "label": "",
        "type": "MethodInvocation"
      },
      "location-before-char-start": 39954,
      "location-before-char-end": 39998,
      "node-str": ""
    },
    {
      "type": "delete-node",
      "node": {
        "label": "",
        "type": "ExpressionStatement"
      },
      "location-before-char-start": 39954,
      "location-before-char-end": 39999,
      "node-str": ""
    }
  ],
  "before-file": {},
  "after-file": {},
  "mapping": {}
}