{
  "tool-info": {},
  "diff": [
    {
      "type": "insert-node",
      "node": {
        "label": "",
        "type": "Block"
      },
      "location-after-char-start": 26013,
      "location-after-char-end": 26147,
      "node-str": ""
    },
    {
      "type": "insert-node",
      "node": {
        "label": "",
        "type": "IfStatement"
      },
      "location-after-char-start": 26024,
      "location-after-char-end": 26109,
      "node-str": ""
    },
    {
      "type": "move-subtree",
      "node": {
        "label": "",
        "type": "ExpressionStatement"
      },
      "location-before-char-start": 26048,
      "location-before-char-end": 26076,
      "location-after-char-start": 26112,
      "location-after-char-end": 26140,
      "node-str": ""
    },
    {
      "type": "insert-node",
      "node": {
        "label": "",
        "type": "MethodInvocation"
      },
      "location-after-char-start": 26028,
      "location-after-char-end": 26048,
      "node-str": ""
    },
    {
      "type": "insert-node",
      "node": {
        "label": "",
        "type": "ExpressionStatement"
      },
      "location-after-char-start": 26070,
      "location-after-char-end": 26109,
      "node-str": ""
    },
    {
      "type": "insert-node",
      "node": {
        "label": "",
        "type": "METHOD_INVOCATION_RECEIVER"
      },
      "location-after-char-start": 26028,
      "location-after-char-end": 26032,
      "node-str": ""
    },
    {
      "type": "insert-node",
      "node": {
        "label": "startsWith",
        "type": "SimpleName"
      },
      "location-after-char-start": 26033,
      "location-after-char-end": 26043,
      "node-str": "startsWith"
    },
    {
      "type": "insert-node",
      "node": {
        "label": "",
        "type": "METHOD_INVOCATION_ARGUMENTS"
      },
      "location-after-char-start": 26044,
      "location-after-char-end": 26047,
      "node-str": ""
    },
    {
      "type": "insert-node",
      "node": {
        "label": "",
        "type": "Assignment"
      },
      "location-after-char-start": 26070,
      "location-after-char-end": 26108,
      "node-str": ""
    },
    {
      "type": "insert-node",
      "node": {
        "label": "path",
        "type": "SimpleName"
      },
      "location-after-char-start": 26028,
      "location-after-char-end": 26032,
      "node-str": "path"
    },
    {
      "type": "insert-node",
      "node": {
        "label": "\"/\"",
        "type": "StringLiteral"
      },
      "location-after-char-start": 26044,
      "location-after-char-end": 26047,
      "node-str": "\"/\""
    },
    {
      "type": "insert-node",
      "node": {
        "label": "path",
        "type": "SimpleName"
      },
      "location-after-char-start": 26070,
      "location-after-char-end": 26074,
      "node-str": "path"
    },
    {
      "type": "insert-node",
      "node": {
        "label": "\u003d",
        "type": "ASSIGNMENT_OPERATOR"
      },
      "location-after-char-start": 26075,
      "location-after-char-end": 26076,
      "node-str": "\u003d"
    },
    {
      "type": "insert-node",
      "node": {
        "label": "",
        "type": "InfixExpression"
      },
      "location-after-char-start": 26077,
      "location-after-char-end": 26108,
      "node-str": ""
    },
    {
      "type": "insert-node",
      "node": {
        "label": "",
        "type": "MethodInvocation"
      },
      "location-after-char-start": 26077,
      "location-after-char-end": 26101,
      "node-str": ""
    },
    {
      "type": "insert-node",
      "node": {
        "label": "+",
        "type": "INFIX_EXPRESSION_OPERATOR"
      },
      "location-after-char-start": 26102,
      "location-after-char-end": 26103,
      "node-str": "+"
    },
    {
      "type": "insert-node",
      "node": {
        "label": "path",
        "type": "SimpleName"
      },
      "location-after-char-start": 26104,
      "location-after-char-end": 26108,
      "node-str": "path"
    },
    {
      "type": "insert-node",
      "node": {
        "label": "",
        "type": "METHOD_INVOCATION_RECEIVER"
      },
      "location-after-char-start": 26077,
      "location-after-char-end": 26084,
      "node-str": ""
    },
    {
      "type": "insert-node",
      "node": {
        "label": "getContextPath",
        "type": "SimpleName"
      },
      "location-after-char-start": 26085,
      "location-after-char-end": 26099,
      "node-str": "getContextPath"
    },
    {
      "type": "insert-node",
      "node": {
        "label": "request",
        "type": "SimpleName"
      },
      "location-after-char-start": 26077,
      "location-after-char-end": 26084,
      "node-str": "request"
    }
  ],
  "before-file": {},
  "after-file": {},
  "mapping": {}
}