{
  "tool-info": {},
  "diff": [
    {
      "type": "insert-node",
      "node": {
        "label": "setLocale",
        "type": "Method"
      },
      "location-after-char-start": 5127,
      "location-after-char-end": 5578,
      "node-str": "setLocale"
    },
    {
      "type": "insert-node",
      "node": {
        "label": "void",
        "type": "RETURN_TYPE"
      },
      "location-after-char-start": 0,
      "location-after-char-end": 0,
      "node-str": "void"
    },
    {
      "type": "insert-node",
      "node": {
        "label": "protected",
        "type": "Modifier"
      },
      "location-after-char-start": 0,
      "location-after-char-end": 0,
      "node-str": "protected"
    },
    {
      "type": "insert-node",
      "node": {
        "label": "request",
        "type": "Parameter"
      },
      "location-after-char-start": 5389,
      "location-after-char-end": 5414,
      "node-str": "request"
    },
    {
      "type": "insert-node",
      "node": {
        "label": "locale",
        "type": "Parameter"
      },
      "location-after-char-start": 5417,
      "location-after-char-end": 5429,
      "node-str": "locale"
    },
    {
      "type": "insert-node",
      "node": {
        "label": "session",
        "type": "LocalVariable"
      },
      "location-after-char-start": 5436,
      "location-after-char-end": 5478,
      "node-str": "session"
    },
    {
      "type": "insert-node",
      "node": {
        "label": "if",
        "type": "If"
      },
      "location-after-char-start": 5481,
      "location-after-char-end": 5528,
      "node-str": "if"
    },
    {
      "type": "insert-node",
      "node": {
        "label": "setAttribute",
        "type": "Invocation"
      },
      "location-after-char-start": 5531,
      "location-after-char-end": 5571,
      "node-str": "setAttribute"
    },
    {
      "type": "insert-node",
      "node": {
        "label": "javax.servlet.http.HttpServletRequest",
        "type": "VARIABLE_TYPE"
      },
      "location-after-char-start": 0,
      "location-after-char-end": 0,
      "node-str": "javax.servlet.http.HttpServletRequest"
    },
    {
      "type": "insert-node",
      "node": {
        "label": "java.util.Locale",
        "type": "VARIABLE_TYPE"
      },
      "location-after-char-start": 0,
      "location-after-char-end": 0,
      "node-str": "java.util.Locale"
    },
    {
      "type": "insert-node",
      "node": {
        "label": "javax.servlet.http.HttpSession",
        "type": "VARIABLE_TYPE"
      },
      "location-after-char-start": 0,
      "location-after-char-end": 0,
      "node-str": "javax.servlet.http.HttpSession"
    },
    {
      "type": "insert-node",
      "node": {
        "label": "getSession",
        "type": "Invocation"
      },
      "location-after-char-start": 5458,
      "location-after-char-end": 5477,
      "node-str": "getSession"
    },
    {
      "type": "insert-node",
      "node": {
        "label": "EQ",
        "type": "BinaryOperator"
      },
      "location-after-char-start": 5485,
      "location-after-char-end": 5498,
      "node-str": "EQ"
    },
    {
      "type": "insert-node",
      "node": {
        "label": "THEN",
        "type": "then"
      },
      "location-after-char-start": 5506,
      "location-after-char-end": 5528,
      "node-str": "THEN"
    },
    {
      "type": "insert-node",
      "node": {
        "label": "session",
        "type": "VariableRead"
      },
      "location-after-char-start": 5531,
      "location-after-char-end": 5537,
      "node-str": "session"
    },
    {
      "type": "insert-node",
      "node": {
        "label": "org.apache.struts.action.LOCALE_KEY",
        "type": "TypeAccess"
      },
      "location-after-char-start": 5552,
      "location-after-char-end": 5561,
      "node-str": "org.apache.struts.action.LOCALE_KEY"
    },
    {
      "type": "insert-node",
      "node": {
        "label": "locale",
        "type": "VariableRead"
      },
      "location-after-char-start": 5564,
      "location-after-char-end": 5569,
      "node-str": "locale"
    },
    {
      "type": "insert-node",
      "node": {
        "label": "request",
        "type": "VariableRead"
      },
      "location-after-char-start": 5458,
      "location-after-char-end": 5464,
      "node-str": "request"
    },
    {
      "type": "insert-node",
      "node": {
        "label": "locale",
        "type": "VariableRead"
      },
      "location-after-char-start": 5485,
      "location-after-char-end": 5490,
      "node-str": "locale"
    },
    {
      "type": "insert-node",
      "node": {
        "label": "null",
        "type": "Literal"
      },
      "location-after-char-start": 5495,
      "location-after-char-end": 5498,
      "node-str": "null"
    },
    {
      "type": "insert-node",
      "node": {
        "label": "\u003d",
        "type": "Assignment"
      },
      "location-after-char-start": 5506,
      "location-after-char-end": 5528,
      "node-str": "\u003d"
    },
    {
      "type": "insert-node",
      "node": {
        "label": "locale",
        "type": "VariableWrite"
      },
      "location-after-char-start": 5506,
      "location-after-char-end": 5511,
      "node-str": "locale"
    },
    {
      "type": "insert-node",
      "node": {
        "label": "defaultLocale",
        "type": "FieldRead"
      },
      "location-after-char-start": 5515,
      "location-after-char-end": 5527,
      "node-str": "defaultLocale"
    }
  ],
  "before-file": {},
  "after-file": {},
  "mapping": {}
}