{
  "tool-info": {},
  "diff": [
    {
      "type": "update-node",
      "node": {
        "label": "USER_TYPE_KEY",
        "type": "Field"
      },
      "location-before-char-start": 2800,
      "location-before-char-end": 2862,
      "location-after-char-start": 2757,
      "location-after-char-end": 2824,
      "node-str": "DROPDOWN_LIST_TYPE_KEY"
    },
    {
      "type": "update-node",
      "node": {
        "label": "DROPDOWN_LIST_TYPE_KEY",
        "type": "Field"
      },
      "location-before-char-start": 2868,
      "location-before-char-end": 2939,
      "location-after-char-start": 2830,
      "location-after-char-end": 2888,
      "node-str": "USER_TYPE_KEY"
    },
    {
      "type": "update-node",
      "node": {
        "label": "org.apache.torque.om.NumberKey",
        "type": "VARIABLE_TYPE"
      },
      "location-before-char-start": 0,
      "location-before-char-end": 0,
      "location-after-char-start": 0,
      "location-after-char-end": 0,
      "node-str": "java.lang.Integer"
    },
    {
      "type": "move-subtree",
      "node": {
        "label": "final",
        "type": "Modifier"
      },
      "location-before-char-start": 0,
      "location-before-char-end": 0,
      "location-after-char-start": 0,
      "location-after-char-end": 0,
      "node-str": "final"
    },
    {
      "type": "move-subtree",
      "node": {
        "label": "public",
        "type": "Modifier"
      },
      "location-before-char-start": 0,
      "location-before-char-end": 0,
      "location-after-char-start": 0,
      "location-after-char-end": 0,
      "node-str": "public"
    },
    {
      "type": "move-subtree",
      "node": {
        "label": "static",
        "type": "Modifier"
      },
      "location-before-char-start": 0,
      "location-before-char-end": 0,
      "location-after-char-start": 0,
      "location-after-char-end": 0,
      "node-str": "static"
    },
    {
      "type": "update-node",
      "node": {
        "label": "org.apache.torque.om.NumberKey(int)",
        "type": "ConstructorCall"
      },
      "location-before-char-start": 2923,
      "location-before-char-end": 2938,
      "location-after-char-start": 2810,
      "location-after-char-end": 2823,
      "node-str": "java.lang.Integer(int)"
    },
    {
      "type": "move-subtree",
      "node": {
        "label": "org.apache.torque.om.NumberKey(int)",
        "type": "ConstructorCall"
      },
      "location-before-char-start": 2923,
      "location-before-char-end": 2938,
      "location-after-char-start": 2810,
      "location-after-char-end": 2823,
      "node-str": "java.lang.Integer(int)"
    },
    {
      "type": "update-node",
      "node": {
        "label": "org.apache.torque.om.NumberKey",
        "type": "VARIABLE_TYPE"
      },
      "location-before-char-start": 0,
      "location-before-char-end": 0,
      "location-after-char-start": 0,
      "location-after-char-end": 0,
      "node-str": "java.lang.Integer"
    },
    {
      "type": "move-subtree",
      "node": {
        "label": "final",
        "type": "Modifier"
      },
      "location-before-char-start": 0,
      "location-before-char-end": 0,
      "location-after-char-start": 0,
      "location-after-char-end": 0,
      "node-str": "final"
    },
    {
      "type": "move-subtree",
      "node": {
        "label": "public",
        "type": "Modifier"
      },
      "location-before-char-start": 0,
      "location-before-char-end": 0,
      "location-after-char-start": 0,
      "location-after-char-end": 0,
      "node-str": "public"
    },
    {
      "type": "move-subtree",
      "node": {
        "label": "static",
        "type": "Modifier"
      },
      "location-before-char-start": 0,
      "location-before-char-end": 0,
      "location-after-char-start": 0,
      "location-after-char-end": 0,
      "node-str": "static"
    },
    {
      "type": "update-node",
      "node": {
        "label": "org.apache.torque.om.NumberKey(int)",
        "type": "ConstructorCall"
      },
      "location-before-char-start": 2846,
      "location-before-char-end": 2861,
      "location-after-char-start": 2874,
      "location-after-char-end": 2887,
      "node-str": "java.lang.Integer(int)"
    },
    {
      "type": "move-subtree",
      "node": {
        "label": "org.apache.torque.om.NumberKey(int)",
        "type": "ConstructorCall"
      },
      "location-before-char-start": 2846,
      "location-before-char-end": 2861,
      "location-after-char-start": 2874,
      "location-after-char-end": 2887,
      "node-str": "java.lang.Integer(int)"
    },
    {
      "type": "update-node",
      "node": {
        "label": "org.apache.torque.om.NumberKey[]",
        "type": "VARIABLE_TYPE"
      },
      "location-before-char-start": 0,
      "location-before-char-end": 0,
      "location-after-char-start": 0,
      "location-after-char-end": 0,
      "node-str": "java.lang.Integer[]"
    },
    {
      "type": "update-node",
      "node": {
        "label": "org.apache.torque.om.NumberKey(int)",
        "type": "ConstructorCall"
      },
      "location-before-char-start": 2998,
      "location-before-char-end": 3013,
      "location-after-char-start": 2944,
      "location-after-char-end": 2957,
      "node-str": "java.lang.Integer(int)"
    },
    {
      "type": "update-node",
      "node": {
        "label": "org.apache.torque.om.NumberKey(int)",
        "type": "ConstructorCall"
      },
      "location-before-char-start": 3016,
      "location-before-char-end": 3032,
      "location-after-char-start": 2960,
      "location-after-char-end": 2974,
      "node-str": "java.lang.Integer(int)"
    },
    {
      "type": "update-node",
      "node": {
        "label": "org.apache.torque.om.NumberKey(int)",
        "type": "ConstructorCall"
      },
      "location-before-char-start": 3035,
      "location-before-char-end": 3051,
      "location-after-char-start": 2977,
      "location-after-char-end": 2991,
      "node-str": "java.lang.Integer(int)"
    }
  ],
  "before-file": {},
  "after-file": {},
  "mapping": {}
}