{
  "tool-info": {},
  "diff": [
    {
      "type": "insert-node",
      "node": {
        "label": "JDBCEntityBridge2",
        "type": "Class"
      },
      "location-after-char-start": 1510,
      "location-after-char-end": 12662,
      "node-str": "JDBCEntityBridge2"
    },
    {
      "type": "insert-node",
      "node": {
        "label": "public",
        "type": "Modifier"
      },
      "location-after-char-start": 0,
      "location-after-char-end": 0,
      "node-str": "public"
    },
    {
      "type": "insert-node",
      "node": {
        "label": "manager",
        "type": "Field"
      },
      "location-after-char-start": 1690,
      "location-after-char-end": 1729,
      "node-str": "manager"
    },
    {
      "type": "insert-node",
      "node": {
        "label": "metadata",
        "type": "Field"
      },
      "location-after-char-start": 1734,
      "location-after-char-end": 1775,
      "node-str": "metadata"
    },
    {
      "type": "insert-node",
      "node": {
        "label": "table",
        "type": "Field"
      },
      "location-after-char-start": 1780,
      "location-after-char-end": 1811,
      "node-str": "table"
    },
    {
      "type": "insert-node",
      "node": {
        "label": "tableName",
        "type": "Field"
      },
      "location-after-char-start": 1816,
      "location-after-char-end": 1846,
      "node-str": "tableName"
    },
    {
      "type": "insert-node",
      "node": {
        "label": "log",
        "type": "Field"
      },
      "location-after-char-start": 1851,
      "location-after-char-end": 1875,
      "node-str": "log"
    },
    {
      "type": "insert-node",
      "node": {
        "label": "pkFields",
        "type": "Field"
      },
      "location-after-char-start": 1881,
      "location-after-char-end": 1919,
      "node-str": "pkFields"
    },
    {
      "type": "insert-node",
      "node": {
        "label": "cmpFields",
        "type": "Field"
      },
      "location-after-char-start": 1924,
      "location-after-char-end": 1963,
      "node-str": "cmpFields"
    },
    {
      "type": "insert-node",
      "node": {
        "label": "tableFields",
        "type": "Field"
      },
      "location-after-char-start": 1968,
      "location-after-char-end": 2009,
      "node-str": "tableFields"
    },
    {
      "type": "insert-node",
      "node": {
        "label": "cmrFields",
        "type": "Field"
      },
      "location-after-char-start": 2014,
      "location-after-char-end": 2053,
      "node-str": "cmrFields"
    },
    {
      "type": "insert-node",
      "node": {
        "label": "versionField",
        "type": "Field"
      },
      "location-after-char-start": 2058,
      "location-after-char-end": 2098,
      "node-str": "versionField"
    },
    {
      "type": "insert-node",
      "node": {
        "label": "cmrCount",
        "type": "Field"
      },
      "location-after-char-start": 2104,
      "location-after-char-end": 2124,
      "node-str": "cmrCount"
    },
    {
      "type": "move-subtree",
      "node": {
        "label": "\u003cinit\u003e",
        "type": "Constructor"
      },
      "location-before-char-start": 2130,
      "location-before-char-end": 2547,
      "location-after-char-start": 2130,
      "location-after-char-end": 2547,
      "node-str": "\u003cinit\u003e"
    },
    {
      "type": "move-subtree",
      "node": {
        "label": "init",
        "type": "Method"
      },
      "location-before-char-start": 2553,
      "location-before-char-end": 3210,
      "location-after-char-start": 2553,
      "location-after-char-end": 3210,
      "node-str": "init"
    },
    {
      "type": "insert-node",
      "node": {
        "label": "getVersionField",
        "type": "Method"
      },
      "location-after-char-start": 3216,
      "location-after-char-end": 3296,
      "node-str": "getVersionField"
    },
    {
      "type": "move-subtree",
      "node": {
        "label": "resolveRelationships",
        "type": "Method"
      },
      "location-before-char-start": 3302,
      "location-before-char-end": 3481,
      "location-after-char-start": 3302,
      "location-after-char-end": 3481,
      "node-str": "resolveRelationships"
    },
    {
      "type": "move-subtree",
      "node": {
        "label": "start",
        "type": "Method"
      },
      "location-before-char-start": 3487,
      "location-before-char-end": 3805,
      "location-after-char-start": 3487,
      "location-after-char-end": 3805,
      "node-str": "start"
    },
    {
      "type": "insert-node",
      "node": {
        "label": "stop",
        "type": "Method"
      },
      "location-after-char-start": 3811,
      "location-after-char-end": 3875,
      "node-str": "stop"
    },
    {
      "type": "insert-node",
      "node": {
        "label": "getMetaData",
        "type": "Method"
      },
      "location-after-char-start": 3884,
      "location-after-char-end": 3955,
      "node-str": "getMetaData"
    },
    {
      "type": "insert-node",
      "node": {
        "label": "getTable",
        "type": "Method"
      },
      "location-after-char-start": 3961,
      "location-after-char-end": 4019,
      "node-str": "getTable"
    },
    {
      "type": "insert-node",
      "node": {
        "label": "getPrimaryKeyFields",
        "type": "Method"
      },
      "location-after-char-start": 4025,
      "location-after-char-end": 4103,
      "node-str": "getPrimaryKeyFields"
    },
    {
      "type": "insert-node",
      "node": {
        "label": "getTableFields",
        "type": "Method"
      },
      "location-after-char-start": 4109,
      "location-after-char-end": 4185,
      "node-str": "getTableFields"
    },
    {
      "type": "insert-node",
      "node": {
        "label": "getCMRFields",
        "type": "Method"
      },
      "location-after-char-start": 4191,
      "location-after-char-end": 4274,
      "node-str": "getCMRFields"
    },
    {
      "type": "insert-node",
      "node": {
        "label": "getManager",
        "type": "Method"
      },
      "location-after-char-start": 4280,
      "location-after-char-end": 4357,
      "node-str": "getManager"
    },
    {
      "type": "move-subtree",
      "node": {
        "label": "getContainer",
        "type": "Method"
      },
      "location-before-char-start": 4363,
      "location-before-char-end": 4446,
      "location-after-char-start": 4363,
      "location-after-char-end": 4446,
      "node-str": "getContainer"
    },
    {
      "type": "move-subtree",
      "node": {
        "label": "extractPrimaryKeyFromInstance",
        "type": "Method"
      },
      "location-before-char-start": 4452,
      "location-before-char-end": 5043,
      "location-after-char-start": 4452,
      "location-after-char-end": 5043,
      "node-str": "extractPrimaryKeyFromInstance"
    },
    {
      "type": "move-subtree",
      "node": {
        "label": "destroyPersistenceContext",
        "type": "Method"
      },
      "location-before-char-start": 5049,
      "location-before-char-end": 5629,
      "location-after-char-start": 5049,
      "location-after-char-end": 5629,
      "node-str": "destroyPersistenceContext"
    },
    {
      "type": "move-subtree",
      "node": {
        "label": "initPersistenceContext",
        "type": "Method"
      },
      "location-before-char-start": 5635,
      "location-before-char-end": 6165,
      "location-after-char-start": 5635,
      "location-after-char-end": 6165,
      "node-str": "initPersistenceContext"
    },
    {
      "type": "move-subtree",
      "node": {
        "label": "initInstance",
        "type": "Method"
      },
      "location-before-char-start": 6171,
      "location-before-char-end": 6537,
      "location-after-char-start": 6171,
      "location-after-char-end": 6537,
      "node-str": "initInstance"
    },
    {
      "type": "move-subtree",
      "node": {
        "label": "getFields",
        "type": "Method"
      },
      "location-before-char-start": 6543,
      "location-before-char-end": 6990,
      "location-after-char-start": 6543,
      "location-after-char-end": 6990,
      "node-str": "getFields"
    },
    {
      "type": "insert-node",
      "node": {
        "label": "isStoreRequired",
        "type": "Method"
      },
      "location-after-char-start": 6996,
      "location-after-char-end": 7183,
      "node-str": "isStoreRequired"
    },
    {
      "type": "insert-node",
      "node": {
        "label": "isModified",
        "type": "Method"
      },
      "location-after-char-start": 7189,
      "location-after-char-end": 7758,
      "node-str": "isModified"
    },
    {
      "type": "move-subtree",
      "node": {
        "label": "getPrimaryKeyClass",
        "type": "Method"
      },
      "location-before-char-start": 7181,
      "location-before-char-end": 7267,
      "location-after-char-start": 7767,
      "location-after-char-end": 7853,
      "node-str": "getPrimaryKeyClass"
    },
    {
      "type": "move-subtree",
      "node": {
        "label": "getHomeClass",
        "type": "Method"
      },
      "location-before-char-start": 7273,
      "location-before-char-end": 7347,
      "location-after-char-start": 7859,
      "location-after-char-end": 7933,
      "node-str": "getHomeClass"
    },
    {
      "type": "move-subtree",
      "node": {
        "label": "getLocalHomeClass",
        "type": "Method"
      },
      "location-before-char-start": 7353,
      "location-before-char-end": 7437,
      "location-after-char-start": 7939,
      "location-after-char-end": 8023,
      "node-str": "getLocalHomeClass"
    },
    {
      "type": "insert-node",
      "node": {
        "label": "getTableName",
        "type": "Method"
      },
      "location-after-char-start": 8029,
      "location-after-char-end": 8090,
      "node-str": "getTableName"
    },
    {
      "type": "move-subtree",
      "node": {
        "label": "getQualifiedTableName",
        "type": "Method"
      },
      "location-before-char-start": 7510,
      "location-before-char-end": 7601,
      "location-after-char-start": 8096,
      "location-after-char-end": 8187,
      "node-str": "getQualifiedTableName"
    },
    {
      "type": "move-subtree",
      "node": {
        "label": "getDataSource",
        "type": "Method"
      },
      "location-before-char-start": 7607,
      "location-before-char-end": 7685,
      "location-after-char-start": 8193,
      "location-after-char-end": 8271,
      "node-str": "getDataSource"
    },
    {
      "type": "insert-node",
      "node": {
        "label": "getLoadGroupMask",
        "type": "Method"
      },
      "location-after-char-start": 8277,
      "location-after-char-end": 8409,
      "node-str": "getLoadGroupMask"
    },
    {
      "type": "move-subtree",
      "node": {
        "label": "getNextCMRIndex",
        "type": "Method"
      },
      "location-before-char-start": 7829,
      "location-before-char-end": 7891,
      "location-after-char-start": 8415,
      "location-after-char-end": 8477,
      "node-str": "getNextCMRIndex"
    },
    {
      "type": "move-subtree",
      "node": {
        "label": "remove",
        "type": "Method"
      },
      "location-before-char-start": 7897,
      "location-before-char-end": 8131,
      "location-after-char-start": 8483,
      "location-after-char-end": 8717,
      "node-str": "remove"
    },
    {
      "type": "move-subtree",
      "node": {
        "label": "getEntityName",
        "type": "Method"
      },
      "location-before-char-start": 8137,
      "location-before-char-end": 8243,
      "location-after-char-start": 8723,
      "location-after-char-end": 8829,
      "node-str": "getEntityName"
    },
    {
      "type": "move-subtree",
      "node": {
        "label": "getAbstractSchemaName",
        "type": "Method"
      },
      "location-before-char-start": 8249,
      "location-before-char-end": 8342,
      "location-after-char-start": 8835,
      "location-after-char-end": 8928,
      "node-str": "getAbstractSchemaName"
    },
    {
      "type": "move-subtree",
      "node": {
        "label": "getFieldByName",
        "type": "Method"
      },
      "location-before-char-start": 8348,
      "location-before-char-end": 9124,
      "location-after-char-start": 8934,
      "location-after-char-end": 9710,
      "node-str": "getFieldByName"
    },
    {
      "type": "move-subtree",
      "node": {
        "label": "getRemoteInterface",
        "type": "Method"
      },
      "location-before-char-start": 9130,
      "location-before-char-end": 9212,
      "location-after-char-start": 9716,
      "location-after-char-end": 9798,
      "node-str": "getRemoteInterface"
    },
    {
      "type": "move-subtree",
      "node": {
        "label": "getLocalInterface",
        "type": "Method"
      },
      "location-before-char-start": 9218,
      "location-before-char-end": 9298,
      "location-after-char-start": 9804,
      "location-after-char-end": 9884,
      "node-str": "getLocalInterface"
    },
    {
      "type": "move-subtree",
      "node": {
        "label": "addTableField",
        "type": "Method"
      },
      "location-before-char-start": 9304,
      "location-before-char-end": 9975,
      "location-after-char-start": 9890,
      "location-after-char-end": 10561,
      "node-str": "addTableField"
    },
    {
      "type": "move-subtree",
      "node": {
        "label": "loadCMPFields",
        "type": "Method"
      },
      "location-before-char-start": 9981,
      "location-before-char-end": 11482,
      "location-after-char-start": 10567,
      "location-after-char-end": 12068,
      "node-str": "loadCMPFields"
    },
    {
      "type": "move-subtree",
      "node": {
        "label": "loadCMRFields",
        "type": "Method"
      },
      "location-before-char-start": 11488,
      "location-before-char-end": 12074,
      "location-after-char-start": 12074,
      "location-after-char-end": 12660,
      "node-str": "loadCMRFields"
    },
    {
      "type": "insert-node",
      "node": {
        "label": "org.jboss.ejb.plugins.cmp.jdbc2.JDBCStoreManager2",
        "type": "VARIABLE_TYPE"
      },
      "location-after-char-start": 0,
      "location-after-char-end": 0,
      "node-str": "org.jboss.ejb.plugins.cmp.jdbc2.JDBCStoreManager2"
    },
    {
      "type": "insert-node",
      "node": {
        "label": "final",
        "type": "Modifier"
      },
      "location-after-char-start": 0,
      "location-after-char-end": 0,
      "node-str": "final"
    },
    {
      "type": "insert-node",
      "node": {
        "label": "org.jboss.ejb.plugins.cmp.jdbc.metadata.JDBCEntityMetaData",
        "type": "VARIABLE_TYPE"
      },
      "location-after-char-start": 0,
      "location-after-char-end": 0,
      "node-str": "org.jboss.ejb.plugins.cmp.jdbc.metadata.JDBCEntityMetaData"
    },
    {
      "type": "insert-node",
      "node": {
        "label": "final",
        "type": "Modifier"
      },
      "location-after-char-start": 0,
      "location-after-char-end": 0,
      "node-str": "final"
    },
    {
      "type": "insert-node",
      "node": {
        "label": "org.jboss.ejb.plugins.cmp.jdbc2.schema.EntityTable",
        "type": "VARIABLE_TYPE"
      },
      "location-after-char-start": 0,
      "location-after-char-end": 0,
      "node-str": "org.jboss.ejb.plugins.cmp.jdbc2.schema.EntityTable"
    },
    {
      "type": "insert-node",
      "node": {
        "label": "final",
        "type": "Modifier"
      },
      "location-after-char-start": 0,
      "location-after-char-end": 0,
      "node-str": "final"
    },
    {
      "type": "insert-node",
      "node": {
        "label": "java.lang.String",
        "type": "VARIABLE_TYPE"
      },
      "location-after-char-start": 0,
      "location-after-char-end": 0,
      "node-str": "java.lang.String"
    },
    {
      "type": "insert-node",
      "node": {
        "label": "final",
        "type": "Modifier"
      },
      "location-after-char-start": 0,
      "location-after-char-end": 0,
      "node-str": "final"
    },
    {
      "type": "insert-node",
      "node": {
        "label": "org.jboss.logging.Logger",
        "type": "VARIABLE_TYPE"
      },
      "location-after-char-start": 0,
      "location-after-char-end": 0,
      "node-str": "org.jboss.logging.Logger"
    },
    {
      "type": "insert-node",
      "node": {
        "label": "final",
        "type": "Modifier"
      },
      "location-after-char-start": 0,
      "location-after-char-end": 0,
      "node-str": "final"
    },
    {
      "type": "insert-node",
      "node": {
        "label": "org.jboss.ejb.plugins.cmp.jdbc2.bridge.JDBCCMPFieldBridge2[]",
        "type": "VARIABLE_TYPE"
      },
      "location-after-char-start": 0,
      "location-after-char-end": 0,
      "node-str": "org.jboss.ejb.plugins.cmp.jdbc2.bridge.JDBCCMPFieldBridge2[]"
    },
    {
      "type": "insert-node",
      "node": {
        "label": "org.jboss.ejb.plugins.cmp.jdbc2.bridge.JDBCCMPFieldBridge2[]",
        "type": "VARIABLE_TYPE"
      },
      "location-after-char-start": 0,
      "location-after-char-end": 0,
      "node-str": "org.jboss.ejb.plugins.cmp.jdbc2.bridge.JDBCCMPFieldBridge2[]"
    },
    {
      "type": "insert-node",
      "node": {
        "label": "org.jboss.ejb.plugins.cmp.jdbc2.bridge.JDBCCMPFieldBridge2[]",
        "type": "VARIABLE_TYPE"
      },
      "location-after-char-start": 0,
      "location-after-char-end": 0,
      "node-str": "org.jboss.ejb.plugins.cmp.jdbc2.bridge.JDBCCMPFieldBridge2[]"
    },
    {
      "type": "insert-node",
      "node": {
        "label": "org.jboss.ejb.plugins.cmp.jdbc2.bridge.JDBCCMRFieldBridge2[]",
        "type": "VARIABLE_TYPE"
      },
      "location-after-char-start": 0,
      "location-after-char-end": 0,
      "node-str": "org.jboss.ejb.plugins.cmp.jdbc2.bridge.JDBCCMRFieldBridge2[]"
    },
    {
      "type": "insert-node",
      "node": {
        "label": "org.jboss.ejb.plugins.cmp.jdbc2.bridge.JDBCCMPFieldBridge2",
        "type": "VARIABLE_TYPE"
      },
      "location-after-char-start": 0,
      "location-after-char-end": 0,
      "node-str": "org.jboss.ejb.plugins.cmp.jdbc2.bridge.JDBCCMPFieldBridge2"
    },
    {
      "type": "insert-node",
      "node": {
        "label": "int",
        "type": "VARIABLE_TYPE"
      },
      "location-after-char-start": 0,
      "location-after-char-end": 0,
      "node-str": "int"
    },
    {
      "type": "insert-node",
      "node": {
        "label": "org.jboss.ejb.plugins.cmp.jdbc2.bridge.JDBCCMPFieldBridge2",
        "type": "RETURN_TYPE"
      },
      "location-after-char-start": 0,
      "location-after-char-end": 0,
      "node-str": "org.jboss.ejb.plugins.cmp.jdbc2.bridge.JDBCCMPFieldBridge2"
    },
    {
      "type": "insert-node",
      "node": {
        "label": "public",
        "type": "Modifier"
      },
      "location-after-char-start": 0,
      "location-after-char-end": 0,
      "node-str": "public"
    },
    {
      "type": "insert-node",
      "node": {
        "label": "return",
        "type": "Return"
      },
      "location-after-char-start": 3272,
      "location-after-char-end": 3291,
      "node-str": "return"
    },
    {
      "type": "insert-node",
      "node": {
        "label": "void",
        "type": "RETURN_TYPE"
      },
      "location-after-char-start": 0,
      "location-after-char-end": 0,
      "node-str": "void"
    },
    {
      "type": "insert-node",
      "node": {
        "label": "java.lang.Exception",
        "type": "THROWS"
      },
      "location-after-char-start": 0,
      "location-after-char-end": 0,
      "node-str": "java.lang.Exception"
    },
    {
      "type": "insert-node",
      "node": {
        "label": "public",
        "type": "Modifier"
      },
      "location-after-char-start": 0,
      "location-after-char-end": 0,
      "node-str": "public"
    },
    {
      "type": "insert-node",
      "node": {
        "label": "stop",
        "type": "Invocation"
      },
      "location-after-char-start": 3858,
      "location-after-char-end": 3870,
      "node-str": "stop"
    },
    {
      "type": "insert-node",
      "node": {
        "label": "org.jboss.ejb.plugins.cmp.jdbc.metadata.JDBCEntityMetaData",
        "type": "RETURN_TYPE"
      },
      "location-after-char-start": 0,
      "location-after-char-end": 0,
      "node-str": "org.jboss.ejb.plugins.cmp.jdbc.metadata.JDBCEntityMetaData"
    },
    {
      "type": "insert-node",
      "node": {
        "label": "public",
        "type": "Modifier"
      },
      "location-after-char-start": 0,
      "location-after-char-end": 0,
      "node-str": "public"
    },
    {
      "type": "insert-node",
      "node": {
        "label": "return",
        "type": "Return"
      },
      "location-after-char-start": 3935,
      "location-after-char-end": 3950,
      "node-str": "return"
    },
    {
      "type": "insert-node",
      "node": {
        "label": "org.jboss.ejb.plugins.cmp.jdbc2.schema.EntityTable",
        "type": "RETURN_TYPE"
      },
      "location-after-char-start": 0,
      "location-after-char-end": 0,
      "node-str": "org.jboss.ejb.plugins.cmp.jdbc2.schema.EntityTable"
    },
    {
      "type": "insert-node",
      "node": {
        "label": "public",
        "type": "Modifier"
      },
      "location-after-char-start": 0,
      "location-after-char-end": 0,
      "node-str": "public"
    },
    {
      "type": "insert-node",
      "node": {
        "label": "return",
        "type": "Return"
      },
      "location-after-char-start": 4002,
      "location-after-char-end": 4014,
      "node-str": "return"
    },
    {
      "type": "insert-node",
      "node": {
        "label": "org.jboss.ejb.plugins.cmp.jdbc.bridge.JDBCFieldBridge[]",
        "type": "RETURN_TYPE"
      },
      "location-after-char-start": 0,
      "location-after-char-end": 0,
      "node-str": "org.jboss.ejb.plugins.cmp.jdbc.bridge.JDBCFieldBridge[]"
    },
    {
      "type": "insert-node",
      "node": {
        "label": "public",
        "type": "Modifier"
      },
      "location-after-char-start": 0,
      "location-after-char-end": 0,
      "node-str": "public"
    },
    {
      "type": "insert-node",
      "node": {
        "label": "return",
        "type": "Return"
      },
      "location-after-char-start": 4083,
      "location-after-char-end": 4098,
      "node-str": "return"
    },
    {
      "type": "insert-node",
      "node": {
        "label": "org.jboss.ejb.plugins.cmp.jdbc.bridge.JDBCFieldBridge[]",
        "type": "RETURN_TYPE"
      },
      "location-after-char-start": 0,
      "location-after-char-end": 0,
      "node-str": "org.jboss.ejb.plugins.cmp.jdbc.bridge.JDBCFieldBridge[]"
    },
    {
      "type": "insert-node",
      "node": {
        "label": "public",
        "type": "Modifier"
      },
      "location-after-char-start": 0,
      "location-after-char-end": 0,
      "node-str": "public"
    },
    {
      "type": "insert-node",
      "node": {
        "label": "return",
        "type": "Return"
      },
      "location-after-char-start": 4162,
      "location-after-char-end": 4180,
      "node-str": "return"
    },
    {
      "type": "insert-node",
      "node": {
        "label": "org.jboss.ejb.plugins.cmp.jdbc.bridge.JDBCAbstractCMRFieldBridge[]",
        "type": "RETURN_TYPE"
      },
      "location-after-char-start": 0,
      "location-after-char-end": 0,
      "node-str": "org.jboss.ejb.plugins.cmp.jdbc.bridge.JDBCAbstractCMRFieldBridge[]"
    },
    {
      "type": "insert-node",
      "node": {
        "label": "public",
        "type": "Modifier"
      },
      "location-after-char-start": 0,
      "location-after-char-end": 0,
      "node-str": "public"
    },
    {
      "type": "insert-node",
      "node": {
        "label": "return",
        "type": "Return"
      },
      "location-after-char-start": 4253,
      "location-after-char-end": 4269,
      "node-str": "return"
    },
    {
      "type": "insert-node",
      "node": {
        "label": "org.jboss.ejb.plugins.cmp.jdbc.JDBCEntityPersistenceStore",
        "type": "RETURN_TYPE"
      },
      "location-after-char-start": 0,
      "location-after-char-end": 0,
      "node-str": "org.jboss.ejb.plugins.cmp.jdbc.JDBCEntityPersistenceStore"
    },
    {
      "type": "insert-node",
      "node": {
        "label": "public",
        "type": "Modifier"
      },
      "location-after-char-start": 0,
      "location-after-char-end": 0,
      "node-str": "public"
    },
    {
      "type": "insert-node",
      "node": {
        "label": "return",
        "type": "Return"
      },
      "location-after-char-start": 4338,
      "location-after-char-end": 4352,
      "node-str": "return"
    },
    {
      "type": "insert-node",
      "node": {
        "label": "boolean",
        "type": "RETURN_TYPE"
      },
      "location-after-char-start": 0,
      "location-after-char-end": 0,
      "node-str": "boolean"
    },
    {
      "type": "insert-node",
      "node": {
        "label": "public",
        "type": "Modifier"
      },
      "location-after-char-start": 0,
      "location-after-char-end": 0,
      "node-str": "public"
    },
    {
      "type": "insert-node",
      "node": {
        "label": "instance",
        "type": "Parameter"
      },
      "location-after-char-start": 7027,
      "location-after-char-end": 7058,
      "node-str": "instance"
    },
    {
      "type": "insert-node",
      "node": {
        "label": "pctx",
        "type": "LocalVariable"
      },
      "location-after-char-start": 7072,
      "location-after-char-end": 7149,
      "node-str": "pctx"
    },
    {
      "type": "insert-node",
      "node": {
        "label": "return",
        "type": "Return"
      },
      "location-after-char-start": 7157,
      "location-after-char-end": 7178,
      "node-str": "return"
    },
    {
      "type": "insert-node",
      "node": {
        "label": "boolean",
        "type": "RETURN_TYPE"
      },
      "location-after-char-start": 0,
      "location-after-char-end": 0,
      "node-str": "boolean"
    },
    {
      "type": "insert-node",
      "node": {
        "label": "public",
        "type": "Modifier"
      },
      "location-after-char-start": 0,
      "location-after-char-end": 0,
      "node-str": "public"
    },
    {
      "type": "insert-node",
      "node": {
        "label": "instance",
        "type": "Parameter"
      },
      "location-after-char-start": 7215,
      "location-after-char-end": 7246,
      "node-str": "instance"
    },
    {
      "type": "insert-node",
      "node": {
        "label": "pctx",
        "type": "LocalVariable"
      },
      "location-after-char-start": 7260,
      "location-after-char-end": 7337,
      "node-str": "pctx"
    },
    {
      "type": "insert-node",
      "node": {
        "label": "modified",
        "type": "LocalVariable"
      },
      "location-after-char-start": 7345,
      "location-after-char-end": 7378,
      "node-str": "modified"
    },
    {
      "type": "insert-node",
      "node": {
        "label": "if",
        "type": "If"
      },
      "location-after-char-start": 7387,
      "location-after-char-end": 7730,
      "node-str": "if"
    },
    {
      "type": "insert-node",
      "node": {
        "label": "return",
        "type": "Return"
      },
      "location-after-char-start": 7738,
      "location-after-char-end": 7753,
      "node-str": "return"
    },
    {
      "type": "insert-node",
      "node": {
        "label": "java.lang.String",
        "type": "RETURN_TYPE"
      },
      "location-after-char-start": 0,
      "location-after-char-end": 0,
      "node-str": "java.lang.String"
    },
    {
      "type": "insert-node",
      "node": {
        "label": "public",
        "type": "Modifier"
      },
      "location-after-char-start": 0,
      "location-after-char-end": 0,
      "node-str": "public"
    },
    {
      "type": "insert-node",
      "node": {
        "label": "return",
        "type": "Return"
      },
      "location-after-char-start": 8069,
      "location-after-char-end": 8085,
      "node-str": "return"
    },
    {
      "type": "insert-node",
      "node": {
        "label": "boolean[]",
        "type": "RETURN_TYPE"
      },
      "location-after-char-start": 0,
      "location-after-char-end": 0,
      "node-str": "boolean[]"
    },
    {
      "type": "insert-node",
      "node": {
        "label": "public",
        "type": "Modifier"
      },
      "location-after-char-start": 0,
      "location-after-char-end": 0,
      "node-str": "public"
    },
    {
      "type": "insert-node",
      "node": {
        "label": "eagerLoadGroupName",
        "type": "Parameter"
      },
      "location-after-char-start": 8311,
      "location-after-char-end": 8335,
      "node-str": "eagerLoadGroupName"
    },
    {
      "type": "insert-node",
      "node": {
        "label": "",
        "type": "Throw"
      },
      "location-after-char-start": 8363,
      "location-after-char-end": 8404,
      "node-str": ""
    },
    {
      "type": "insert-node",
      "node": {
        "label": "versionField",
        "type": "FieldRead"
      },
      "location-after-char-start": 3279,
      "location-after-char-end": 3290,
      "node-str": "versionField"
    },
    {
      "type": "insert-node",
      "node": {
        "label": "table",
        "type": "FieldRead"
      },
      "location-after-char-start": 3858,
      "location-after-char-end": 3862,
      "node-str": "table"
    },
    {
      "type": "insert-node",
      "node": {
        "label": "metadata",
        "type": "FieldRead"
      },
      "location-after-char-start": 3942,
      "location-after-char-end": 3949,
      "node-str": "metadata"
    },
    {
      "type": "insert-node",
      "node": {
        "label": "table",
        "type": "FieldRead"
      },
      "location-after-char-start": 4009,
      "location-after-char-end": 4013,
      "node-str": "table"
    },
    {
      "type": "insert-node",
      "node": {
        "label": "pkFields",
        "type": "FieldRead"
      },
      "location-after-char-start": 4090,
      "location-after-char-end": 4097,
      "node-str": "pkFields"
    },
    {
      "type": "insert-node",
      "node": {
        "label": "tableFields",
        "type": "FieldRead"
      },
      "location-after-char-start": 4169,
      "location-after-char-end": 4179,
      "node-str": "tableFields"
    },
    {
      "type": "insert-node",
      "node": {
        "label": "cmrFields",
        "type": "FieldRead"
      },
      "location-after-char-start": 4260,
      "location-after-char-end": 4268,
      "node-str": "cmrFields"
    },
    {
      "type": "insert-node",
      "node": {
        "label": "manager",
        "type": "FieldRead"
      },
      "location-after-char-start": 4345,
      "location-after-char-end": 4351,
      "node-str": "manager"
    },
    {
      "type": "insert-node",
      "node": {
        "label": "org.jboss.ejb.EntityEnterpriseContext",
        "type": "VARIABLE_TYPE"
      },
      "location-after-char-start": 0,
      "location-after-char-end": 0,
      "node-str": "org.jboss.ejb.EntityEnterpriseContext"
    },
    {
      "type": "insert-node",
      "node": {
        "label": "org.jboss.ejb.plugins.cmp.jdbc2.PersistentContext",
        "type": "VARIABLE_TYPE"
      },
      "location-after-char-start": 0,
      "location-after-char-end": 0,
      "node-str": "org.jboss.ejb.plugins.cmp.jdbc2.PersistentContext"
    },
    {
      "type": "insert-node",
      "node": {
        "label": "getPersistenceContext",
        "type": "Invocation"
      },
      "location-after-char-start": 7097,
      "location-after-char-end": 7148,
      "node-str": "getPersistenceContext"
    },
    {
      "type": "insert-node",
      "node": {
        "label": "isDirty",
        "type": "Invocation"
      },
      "location-after-char-start": 7164,
      "location-after-char-end": 7177,
      "node-str": "isDirty"
    },
    {
      "type": "insert-node",
      "node": {
        "label": "org.jboss.ejb.EntityEnterpriseContext",
        "type": "VARIABLE_TYPE"
      },
      "location-after-char-start": 0,
      "location-after-char-end": 0,
      "node-str": "org.jboss.ejb.EntityEnterpriseContext"
    },
    {
      "type": "insert-node",
      "node": {
        "label": "org.jboss.ejb.plugins.cmp.jdbc2.PersistentContext",
        "type": "VARIABLE_TYPE"
      },
      "location-after-char-start": 0,
      "location-after-char-end": 0,
      "node-str": "org.jboss.ejb.plugins.cmp.jdbc2.PersistentContext"
    },
    {
      "type": "insert-node",
      "node": {
        "label": "getPersistenceContext",
        "type": "Invocation"
      },
      "location-after-char-start": 7285,
      "location-after-char-end": 7336,
      "node-str": "getPersistenceContext"
    },
    {
      "type": "insert-node",
      "node": {
        "label": "boolean",
        "type": "VARIABLE_TYPE"
      },
      "location-after-char-start": 0,
      "location-after-char-end": 0,
      "node-str": "boolean"
    },
    {
      "type": "insert-node",
      "node": {
        "label": "isDirty",
        "type": "Invocation"
      },
      "location-after-char-start": 7364,
      "location-after-char-end": 7377,
      "node-str": "isDirty"
    },
    {
      "type": "insert-node",
      "node": {
        "label": "AND",
        "type": "BinaryOperator"
      },
      "location-after-char-start": 7390,
      "location-after-char-end": 7419,
      "node-str": "AND"
    },
    {
      "type": "insert-node",
      "node": {
        "label": "THEN",
        "type": "then"
      },
      "location-after-char-start": 7428,
      "location-after-char-end": 7730,
      "node-str": "THEN"
    },
    {
      "type": "insert-node",
      "node": {
        "label": "modified",
        "type": "VariableRead"
      },
      "location-after-char-start": 7745,
      "location-after-char-end": 7752,
      "node-str": "modified"
    },
    {
      "type": "insert-node",
      "node": {
        "label": "tableName",
        "type": "FieldRead"
      },
      "location-after-char-start": 8076,
      "location-after-char-end": 8084,
      "node-str": "tableName"
    },
    {
      "type": "insert-node",
      "node": {
        "label": "java.lang.String",
        "type": "VARIABLE_TYPE"
      },
      "location-after-char-start": 0,
      "location-after-char-end": 0,
      "node-str": "java.lang.String"
    },
    {
      "type": "insert-node",
      "node": {
        "label": "java.lang.UnsupportedOperationException()",
        "type": "ConstructorCall"
      },
      "location-after-char-start": 8369,
      "location-after-char-end": 8403,
      "node-str": "java.lang.UnsupportedOperationException()"
    },
    {
      "type": "insert-node",
      "node": {
        "label": "org.jboss.ejb.plugins.cmp.jdbc2.bridge.JDBCEntityBridge2",
        "type": "TypeAccess"
      },
      "location-after-char-start": 0,
      "location-after-char-end": 0,
      "node-str": "org.jboss.ejb.plugins.cmp.jdbc2.bridge.JDBCEntityBridge2"
    },
    {
      "type": "insert-node",
      "node": {
        "label": "org.jboss.ejb.plugins.cmp.jdbc2.bridge.JDBCEntityBridge2",
        "type": "TypeAccess"
      },
      "location-after-char-start": 0,
      "location-after-char-end": 0,
      "node-str": "org.jboss.ejb.plugins.cmp.jdbc2.bridge.JDBCEntityBridge2"
    },
    {
      "type": "insert-node",
      "node": {
        "label": "org.jboss.ejb.plugins.cmp.jdbc2.bridge.JDBCEntityBridge2",
        "type": "TypeAccess"
      },
      "location-after-char-start": 0,
      "location-after-char-end": 0,
      "node-str": "org.jboss.ejb.plugins.cmp.jdbc2.bridge.JDBCEntityBridge2"
    },
    {
      "type": "insert-node",
      "node": {
        "label": "org.jboss.ejb.plugins.cmp.jdbc2.bridge.JDBCEntityBridge2",
        "type": "TypeAccess"
      },
      "location-after-char-start": 0,
      "location-after-char-end": 0,
      "node-str": "org.jboss.ejb.plugins.cmp.jdbc2.bridge.JDBCEntityBridge2"
    },
    {
      "type": "insert-node",
      "node": {
        "label": "org.jboss.ejb.plugins.cmp.jdbc2.bridge.JDBCEntityBridge2",
        "type": "TypeAccess"
      },
      "location-after-char-start": 0,
      "location-after-char-end": 0,
      "node-str": "org.jboss.ejb.plugins.cmp.jdbc2.bridge.JDBCEntityBridge2"
    },
    {
      "type": "insert-node",
      "node": {
        "label": "org.jboss.ejb.plugins.cmp.jdbc2.bridge.JDBCEntityBridge2",
        "type": "TypeAccess"
      },
      "location-after-char-start": 0,
      "location-after-char-end": 0,
      "node-str": "org.jboss.ejb.plugins.cmp.jdbc2.bridge.JDBCEntityBridge2"
    },
    {
      "type": "insert-node",
      "node": {
        "label": "org.jboss.ejb.plugins.cmp.jdbc2.bridge.JDBCEntityBridge2",
        "type": "TypeAccess"
      },
      "location-after-char-start": 0,
      "location-after-char-end": 0,
      "node-str": "org.jboss.ejb.plugins.cmp.jdbc2.bridge.JDBCEntityBridge2"
    },
    {
      "type": "insert-node",
      "node": {
        "label": "org.jboss.ejb.plugins.cmp.jdbc2.bridge.JDBCEntityBridge2",
        "type": "TypeAccess"
      },
      "location-after-char-start": 0,
      "location-after-char-end": 0,
      "node-str": "org.jboss.ejb.plugins.cmp.jdbc2.bridge.JDBCEntityBridge2"
    },
    {
      "type": "insert-node",
      "node": {
        "label": "instance",
        "type": "VariableRead"
      },
      "location-after-char-start": 7117,
      "location-after-char-end": 7124,
      "node-str": "instance"
    },
    {
      "type": "insert-node",
      "node": {
        "label": "pctx",
        "type": "VariableRead"
      },
      "location-after-char-start": 7164,
      "location-after-char-end": 7167,
      "node-str": "pctx"
    },
    {
      "type": "insert-node",
      "node": {
        "label": "instance",
        "type": "VariableRead"
      },
      "location-after-char-start": 7305,
      "location-after-char-end": 7312,
      "node-str": "instance"
    },
    {
      "type": "insert-node",
      "node": {
        "label": "pctx",
        "type": "VariableRead"
      },
      "location-after-char-start": 7364,
      "location-after-char-end": 7367,
      "node-str": "pctx"
    },
    {
      "type": "insert-node",
      "node": {
        "label": "NOT",
        "type": "UnaryOperator"
      },
      "location-after-char-start": 7390,
      "location-after-char-end": 7398,
      "node-str": "NOT"
    },
    {
      "type": "insert-node",
      "node": {
        "label": "NE",
        "type": "BinaryOperator"
      },
      "location-after-char-start": 7403,
      "location-after-char-end": 7419,
      "node-str": "NE"
    },
    {
      "type": "insert-node",
      "node": {
        "label": "",
        "type": "For"
      },
      "location-after-char-start": 7439,
      "location-after-char-end": 7722,
      "node-str": ""
    },
    {
      "type": "insert-node",
      "node": {
        "label": "org.jboss.ejb.plugins.cmp.jdbc2.bridge.JDBCEntityBridge2",
        "type": "TypeAccess"
      },
      "location-after-char-start": 0,
      "location-after-char-end": 0,
      "node-str": "org.jboss.ejb.plugins.cmp.jdbc2.bridge.JDBCEntityBridge2"
    },
    {
      "type": "insert-node",
      "node": {
        "label": "modified",
        "type": "VariableRead"
      },
      "location-after-char-start": 7391,
      "location-after-char-end": 7398,
      "node-str": "modified"
    },
    {
      "type": "insert-node",
      "node": {
        "label": "cmrFields",
        "type": "FieldRead"
      },
      "location-after-char-start": 7403,
      "location-after-char-end": 7411,
      "node-str": "cmrFields"
    },
    {
      "type": "insert-node",
      "node": {
        "label": "null",
        "type": "Literal"
      },
      "location-after-char-start": 7416,
      "location-after-char-end": 7419,
      "node-str": "null"
    },
    {
      "type": "insert-node",
      "node": {
        "label": "i",
        "type": "LocalVariable"
      },
      "location-after-char-start": 7443,
      "location-after-char-end": 7451,
      "node-str": "i"
    },
    {
      "type": "insert-node",
      "node": {
        "label": "LT",
        "type": "BinaryOperator"
      },
      "location-after-char-start": 7454,
      "location-after-char-end": 7473,
      "node-str": "LT"
    },
    {
      "type": "insert-node",
      "node": {
        "label": "PREINC",
        "type": "UnaryOperator"
      },
      "location-after-char-start": 7476,
      "location-after-char-end": 7478,
      "node-str": "PREINC"
    },
    {
      "type": "insert-node",
      "node": {
        "label": "cmrState",
        "type": "LocalVariable"
      },
      "location-after-char-start": 7504,
      "location-after-char-end": 7571,
      "node-str": "cmrState"
    },
    {
      "type": "insert-node",
      "node": {
        "label": "if",
        "type": "If"
      },
      "location-after-char-start": 7585,
      "location-after-char-end": 7711,
      "node-str": "if"
    },
    {
      "type": "insert-node",
      "node": {
        "label": "org.jboss.ejb.plugins.cmp.jdbc2.bridge.JDBCEntityBridge2",
        "type": "TypeAccess"
      },
      "location-after-char-start": 0,
      "location-after-char-end": 0,
      "node-str": "org.jboss.ejb.plugins.cmp.jdbc2.bridge.JDBCEntityBridge2"
    },
    {
      "type": "insert-node",
      "node": {
        "label": "int",
        "type": "VARIABLE_TYPE"
      },
      "location-after-char-start": 0,
      "location-after-char-end": 0,
      "node-str": "int"
    },
    {
      "type": "insert-node",
      "node": {
        "label": "0",
        "type": "Literal"
      },
      "location-after-char-start": 7451,
      "location-after-char-end": 7451,
      "node-str": "0"
    },
    {
      "type": "insert-node",
      "node": {
        "label": "i",
        "type": "VariableRead"
      },
      "location-after-char-start": 7454,
      "location-after-char-end": 7454,
      "node-str": "i"
    },
    {
      "type": "insert-node",
      "node": {
        "label": "length",
        "type": "FieldRead"
      },
      "location-after-char-start": 7458,
      "location-after-char-end": 7473,
      "node-str": "length"
    },
    {
      "type": "insert-node",
      "node": {
        "label": "i",
        "type": "VariableWrite"
      },
      "location-after-char-start": 7478,
      "location-after-char-end": 7478,
      "node-str": "i"
    },
    {
      "type": "insert-node",
      "node": {
        "label": "org.jboss.ejb.plugins.cmp.jdbc2.bridge.JDBCCMRFieldBridge2$FieldState",
        "type": "VARIABLE_TYPE"
      },
      "location-after-char-start": 0,
      "location-after-char-end": 0,
      "node-str": "org.jboss.ejb.plugins.cmp.jdbc2.bridge.JDBCCMRFieldBridge2$FieldState"
    },
    {
      "type": "insert-node",
      "node": {
        "label": "final",
        "type": "Modifier"
      },
      "location-after-char-start": 0,
      "location-after-char-end": 0,
      "node-str": "final"
    },
    {
      "type": "insert-node",
      "node": {
        "label": "getCMRState",
        "type": "Invocation"
      },
      "location-after-char-start": 7552,
      "location-after-char-end": 7570,
      "node-str": "getCMRState"
    },
    {
      "type": "insert-node",
      "node": {
        "label": "AND",
        "type": "BinaryOperator"
      },
      "location-after-char-start": 7588,
      "location-after-char-end": 7628,
      "node-str": "AND"
    },
    {
      "type": "insert-node",
      "node": {
        "label": "THEN",
        "type": "then"
      },
      "location-after-char-start": 7643,
      "location-after-char-end": 7711,
      "node-str": "THEN"
    },
    {
      "type": "insert-node",
      "node": {
        "label": "cmrFields",
        "type": "FieldRead"
      },
      "location-after-char-start": 7458,
      "location-after-char-end": 7466,
      "node-str": "cmrFields"
    },
    {
      "type": "insert-node",
      "node": {
        "label": "pctx",
        "type": "VariableRead"
      },
      "location-after-char-start": 7552,
      "location-after-char-end": 7555,
      "node-str": "pctx"
    },
    {
      "type": "insert-node",
      "node": {
        "label": "i",
        "type": "VariableRead"
      },
      "location-after-char-start": 7569,
      "location-after-char-end": 7569,
      "node-str": "i"
    },
    {
      "type": "insert-node",
      "node": {
        "label": "NE",
        "type": "BinaryOperator"
      },
      "location-after-char-start": 7588,
      "location-after-char-end": 7603,
      "node-str": "NE"
    },
    {
      "type": "insert-node",
      "node": {
        "label": "isModified",
        "type": "Invocation"
      },
      "location-after-char-start": 7608,
      "location-after-char-end": 7628,
      "node-str": "isModified"
    },
    {
      "type": "insert-node",
      "node": {
        "label": "\u003d",
        "type": "Assignment"
      },
      "location-after-char-start": 7660,
      "location-after-char-end": 7675,
      "node-str": "\u003d"
    },
    {
      "type": "insert-node",
      "node": {
        "label": "break",
        "type": "Break"
      },
      "location-after-char-start": 7692,
      "location-after-char-end": 7697,
      "node-str": "break"
    },
    {
      "type": "insert-node",
      "node": {
        "label": "org.jboss.ejb.plugins.cmp.jdbc2.bridge.JDBCEntityBridge2",
        "type": "TypeAccess"
      },
      "location-after-char-start": 0,
      "location-after-char-end": 0,
      "node-str": "org.jboss.ejb.plugins.cmp.jdbc2.bridge.JDBCEntityBridge2"
    },
    {
      "type": "insert-node",
      "node": {
        "label": "cmrState",
        "type": "VariableRead"
      },
      "location-after-char-start": 7588,
      "location-after-char-end": 7595,
      "node-str": "cmrState"
    },
    {
      "type": "insert-node",
      "node": {
        "label": "null",
        "type": "Literal"
      },
      "location-after-char-start": 7600,
      "location-after-char-end": 7603,
      "node-str": "null"
    },
    {
      "type": "insert-node",
      "node": {
        "label": "cmrState",
        "type": "VariableRead"
      },
      "location-after-char-start": 7608,
      "location-after-char-end": 7615,
      "node-str": "cmrState"
    },
    {
      "type": "insert-node",
      "node": {
        "label": "modified",
        "type": "VariableWrite"
      },
      "location-after-char-start": 7660,
      "location-after-char-end": 7667,
      "node-str": "modified"
    },
    {
      "type": "insert-node",
      "node": {
        "label": "true",
        "type": "Literal"
      },
      "location-after-char-start": 7671,
      "location-after-char-end": 7674,
      "node-str": "true"
    },
    {
      "type": "delete-node",
      "node": {
        "label": "public",
        "type": "Modifier"
      },
      "location-before-char-start": 0,
      "location-before-char-end": 0,
      "node-str": "public"
    },
    {
      "type": "delete-node",
      "node": {
        "label": "org.jboss.ejb.plugins.cmp.jdbc2.JDBCStoreManager2",
        "type": "VARIABLE_TYPE"
      },
      "location-before-char-start": 0,
      "location-before-char-end": 0,
      "node-str": "org.jboss.ejb.plugins.cmp.jdbc2.JDBCStoreManager2"
    },
    {
      "type": "delete-node",
      "node": {
        "label": "final",
        "type": "Modifier"
      },
      "location-before-char-start": 0,
      "location-before-char-end": 0,
      "node-str": "final"
    },
    {
      "type": "delete-node",
      "node": {
        "label": "manager",
        "type": "Field"
      },
      "location-before-char-start": 1690,
      "location-before-char-end": 1729,
      "node-str": "manager"
    },
    {
      "type": "delete-node",
      "node": {
        "label": "org.jboss.ejb.plugins.cmp.jdbc.metadata.JDBCEntityMetaData",
        "type": "VARIABLE_TYPE"
      },
      "location-before-char-start": 0,
      "location-before-char-end": 0,
      "node-str": "org.jboss.ejb.plugins.cmp.jdbc.metadata.JDBCEntityMetaData"
    },
    {
      "type": "delete-node",
      "node": {
        "label": "final",
        "type": "Modifier"
      },
      "location-before-char-start": 0,
      "location-before-char-end": 0,
      "node-str": "final"
    },
    {
      "type": "delete-node",
      "node": {
        "label": "metadata",
        "type": "Field"
      },
      "location-before-char-start": 1734,
      "location-before-char-end": 1775,
      "node-str": "metadata"
    },
    {
      "type": "delete-node",
      "node": {
        "label": "org.jboss.ejb.plugins.cmp.jdbc2.schema.EntityTable",
        "type": "VARIABLE_TYPE"
      },
      "location-before-char-start": 0,
      "location-before-char-end": 0,
      "node-str": "org.jboss.ejb.plugins.cmp.jdbc2.schema.EntityTable"
    },
    {
      "type": "delete-node",
      "node": {
        "label": "final",
        "type": "Modifier"
      },
      "location-before-char-start": 0,
      "location-before-char-end": 0,
      "node-str": "final"
    },
    {
      "type": "delete-node",
      "node": {
        "label": "table",
        "type": "Field"
      },
      "location-before-char-start": 1780,
      "location-before-char-end": 1811,
      "node-str": "table"
    },
    {
      "type": "delete-node",
      "node": {
        "label": "java.lang.String",
        "type": "VARIABLE_TYPE"
      },
      "location-before-char-start": 0,
      "location-before-char-end": 0,
      "node-str": "java.lang.String"
    },
    {
      "type": "delete-node",
      "node": {
        "label": "final",
        "type": "Modifier"
      },
      "location-before-char-start": 0,
      "location-before-char-end": 0,
      "node-str": "final"
    },
    {
      "type": "delete-node",
      "node": {
        "label": "tableName",
        "type": "Field"
      },
      "location-before-char-start": 1816,
      "location-before-char-end": 1846,
      "node-str": "tableName"
    },
    {
      "type": "delete-node",
      "node": {
        "label": "org.jboss.logging.Logger",
        "type": "VARIABLE_TYPE"
      },
      "location-before-char-start": 0,
      "location-before-char-end": 0,
      "node-str": "org.jboss.logging.Logger"
    },
    {
      "type": "delete-node",
      "node": {
        "label": "final",
        "type": "Modifier"
      },
      "location-before-char-start": 0,
      "location-before-char-end": 0,
      "node-str": "final"
    },
    {
      "type": "delete-node",
      "node": {
        "label": "log",
        "type": "Field"
      },
      "location-before-char-start": 1851,
      "location-before-char-end": 1875,
      "node-str": "log"
    },
    {
      "type": "delete-node",
      "node": {
        "label": "org.jboss.ejb.plugins.cmp.jdbc2.bridge.JDBCCMPFieldBridge2[]",
        "type": "VARIABLE_TYPE"
      },
      "location-before-char-start": 0,
      "location-before-char-end": 0,
      "node-str": "org.jboss.ejb.plugins.cmp.jdbc2.bridge.JDBCCMPFieldBridge2[]"
    },
    {
      "type": "delete-node",
      "node": {
        "label": "pkFields",
        "type": "Field"
      },
      "location-before-char-start": 1881,
      "location-before-char-end": 1919,
      "node-str": "pkFields"
    },
    {
      "type": "delete-node",
      "node": {
        "label": "org.jboss.ejb.plugins.cmp.jdbc2.bridge.JDBCCMPFieldBridge2[]",
        "type": "VARIABLE_TYPE"
      },
      "location-before-char-start": 0,
      "location-before-char-end": 0,
      "node-str": "org.jboss.ejb.plugins.cmp.jdbc2.bridge.JDBCCMPFieldBridge2[]"
    },
    {
      "type": "delete-node",
      "node": {
        "label": "cmpFields",
        "type": "Field"
      },
      "location-before-char-start": 1924,
      "location-before-char-end": 1963,
      "node-str": "cmpFields"
    },
    {
      "type": "delete-node",
      "node": {
        "label": "org.jboss.ejb.plugins.cmp.jdbc2.bridge.JDBCCMPFieldBridge2[]",
        "type": "VARIABLE_TYPE"
      },
      "location-before-char-start": 0,
      "location-before-char-end": 0,
      "node-str": "org.jboss.ejb.plugins.cmp.jdbc2.bridge.JDBCCMPFieldBridge2[]"
    },
    {
      "type": "delete-node",
      "node": {
        "label": "tableFields",
        "type": "Field"
      },
      "location-before-char-start": 1968,
      "location-before-char-end": 2009,
      "node-str": "tableFields"
    },
    {
      "type": "delete-node",
      "node": {
        "label": "org.jboss.ejb.plugins.cmp.jdbc2.bridge.JDBCCMRFieldBridge2[]",
        "type": "VARIABLE_TYPE"
      },
      "location-before-char-start": 0,
      "location-before-char-end": 0,
      "node-str": "org.jboss.ejb.plugins.cmp.jdbc2.bridge.JDBCCMRFieldBridge2[]"
    },
    {
      "type": "delete-node",
      "node": {
        "label": "cmrFields",
        "type": "Field"
      },
      "location-before-char-start": 2014,
      "location-before-char-end": 2053,
      "node-str": "cmrFields"
    },
    {
      "type": "delete-node",
      "node": {
        "label": "org.jboss.ejb.plugins.cmp.jdbc2.bridge.JDBCCMPFieldBridge2",
        "type": "VARIABLE_TYPE"
      },
      "location-before-char-start": 0,
      "location-before-char-end": 0,
      "node-str": "org.jboss.ejb.plugins.cmp.jdbc2.bridge.JDBCCMPFieldBridge2"
    },
    {
      "type": "delete-node",
      "node": {
        "label": "versionField",
        "type": "Field"
      },
      "location-before-char-start": 2058,
      "location-before-char-end": 2098,
      "node-str": "versionField"
    },
    {
      "type": "delete-node",
      "node": {
        "label": "int",
        "type": "VARIABLE_TYPE"
      },
      "location-before-char-start": 0,
      "location-before-char-end": 0,
      "node-str": "int"
    },
    {
      "type": "delete-node",
      "node": {
        "label": "cmrCount",
        "type": "Field"
      },
      "location-before-char-start": 2104,
      "location-before-char-end": 2124,
      "node-str": "cmrCount"
    },
    {
      "type": "delete-node",
      "node": {
        "label": "org.jboss.ejb.plugins.cmp.jdbc2.bridge.JDBCCMPFieldBridge2",
        "type": "RETURN_TYPE"
      },
      "location-before-char-start": 0,
      "location-before-char-end": 0,
      "node-str": "org.jboss.ejb.plugins.cmp.jdbc2.bridge.JDBCCMPFieldBridge2"
    },
    {
      "type": "delete-node",
      "node": {
        "label": "public",
        "type": "Modifier"
      },
      "location-before-char-start": 0,
      "location-before-char-end": 0,
      "node-str": "public"
    },
    {
      "type": "delete-node",
      "node": {
        "label": "org.jboss.ejb.plugins.cmp.jdbc2.bridge.JDBCEntityBridge2",
        "type": "TypeAccess"
      },
      "location-before-char-start": 0,
      "location-before-char-end": 0,
      "node-str": "org.jboss.ejb.plugins.cmp.jdbc2.bridge.JDBCEntityBridge2"
    },
    {
      "type": "delete-node",
      "node": {
        "label": "versionField",
        "type": "FieldRead"
      },
      "location-before-char-start": 3279,
      "location-before-char-end": 3290,
      "node-str": "versionField"
    },
    {
      "type": "delete-node",
      "node": {
        "label": "return",
        "type": "Return"
      },
      "location-before-char-start": 3272,
      "location-before-char-end": 3291,
      "node-str": "return"
    },
    {
      "type": "delete-node",
      "node": {
        "label": "getVersionField",
        "type": "Method"
      },
      "location-before-char-start": 3216,
      "location-before-char-end": 3296,
      "node-str": "getVersionField"
    },
    {
      "type": "delete-node",
      "node": {
        "label": "void",
        "type": "RETURN_TYPE"
      },
      "location-before-char-start": 0,
      "location-before-char-end": 0,
      "node-str": "void"
    },
    {
      "type": "delete-node",
      "node": {
        "label": "java.lang.Exception",
        "type": "THROWS"
      },
      "location-before-char-start": 0,
      "location-before-char-end": 0,
      "node-str": "java.lang.Exception"
    },
    {
      "type": "delete-node",
      "node": {
        "label": "public",
        "type": "Modifier"
      },
      "location-before-char-start": 0,
      "location-before-char-end": 0,
      "node-str": "public"
    },
    {
      "type": "delete-node",
      "node": {
        "label": "org.jboss.ejb.plugins.cmp.jdbc2.bridge.JDBCEntityBridge2",
        "type": "TypeAccess"
      },
      "location-before-char-start": 0,
      "location-before-char-end": 0,
      "node-str": "org.jboss.ejb.plugins.cmp.jdbc2.bridge.JDBCEntityBridge2"
    },
    {
      "type": "delete-node",
      "node": {
        "label": "table",
        "type": "FieldRead"
      },
      "location-before-char-start": 3858,
      "location-before-char-end": 3862,
      "node-str": "table"
    },
    {
      "type": "delete-node",
      "node": {
        "label": "stop",
        "type": "Invocation"
      },
      "location-before-char-start": 3858,
      "location-before-char-end": 3870,
      "node-str": "stop"
    },
    {
      "type": "delete-node",
      "node": {
        "label": "stop",
        "type": "Method"
      },
      "location-before-char-start": 3811,
      "location-before-char-end": 3875,
      "node-str": "stop"
    },
    {
      "type": "delete-node",
      "node": {
        "label": "org.jboss.ejb.plugins.cmp.jdbc.metadata.JDBCEntityMetaData",
        "type": "RETURN_TYPE"
      },
      "location-before-char-start": 0,
      "location-before-char-end": 0,
      "node-str": "org.jboss.ejb.plugins.cmp.jdbc.metadata.JDBCEntityMetaData"
    },
    {
      "type": "delete-node",
      "node": {
        "label": "public",
        "type": "Modifier"
      },
      "location-before-char-start": 0,
      "location-before-char-end": 0,
      "node-str": "public"
    },
    {
      "type": "delete-node",
      "node": {
        "label": "org.jboss.ejb.plugins.cmp.jdbc2.bridge.JDBCEntityBridge2",
        "type": "TypeAccess"
      },
      "location-before-char-start": 0,
      "location-before-char-end": 0,
      "node-str": "org.jboss.ejb.plugins.cmp.jdbc2.bridge.JDBCEntityBridge2"
    },
    {
      "type": "delete-node",
      "node": {
        "label": "metadata",
        "type": "FieldRead"
      },
      "location-before-char-start": 3942,
      "location-before-char-end": 3949,
      "node-str": "metadata"
    },
    {
      "type": "delete-node",
      "node": {
        "label": "return",
        "type": "Return"
      },
      "location-before-char-start": 3935,
      "location-before-char-end": 3950,
      "node-str": "return"
    },
    {
      "type": "delete-node",
      "node": {
        "label": "getMetaData",
        "type": "Method"
      },
      "location-before-char-start": 3884,
      "location-before-char-end": 3955,
      "node-str": "getMetaData"
    },
    {
      "type": "delete-node",
      "node": {
        "label": "org.jboss.ejb.plugins.cmp.jdbc2.schema.EntityTable",
        "type": "RETURN_TYPE"
      },
      "location-before-char-start": 0,
      "location-before-char-end": 0,
      "node-str": "org.jboss.ejb.plugins.cmp.jdbc2.schema.EntityTable"
    },
    {
      "type": "delete-node",
      "node": {
        "label": "public",
        "type": "Modifier"
      },
      "location-before-char-start": 0,
      "location-before-char-end": 0,
      "node-str": "public"
    },
    {
      "type": "delete-node",
      "node": {
        "label": "org.jboss.ejb.plugins.cmp.jdbc2.bridge.JDBCEntityBridge2",
        "type": "TypeAccess"
      },
      "location-before-char-start": 0,
      "location-before-char-end": 0,
      "node-str": "org.jboss.ejb.plugins.cmp.jdbc2.bridge.JDBCEntityBridge2"
    },
    {
      "type": "delete-node",
      "node": {
        "label": "table",
        "type": "FieldRead"
      },
      "location-before-char-start": 4009,
      "location-before-char-end": 4013,
      "node-str": "table"
    },
    {
      "type": "delete-node",
      "node": {
        "label": "return",
        "type": "Return"
      },
      "location-before-char-start": 4002,
      "location-before-char-end": 4014,
      "node-str": "return"
    },
    {
      "type": "delete-node",
      "node": {
        "label": "getTable",
        "type": "Method"
      },
      "location-before-char-start": 3961,
      "location-before-char-end": 4019,
      "node-str": "getTable"
    },
    {
      "type": "delete-node",
      "node": {
        "label": "org.jboss.ejb.plugins.cmp.jdbc.bridge.JDBCFieldBridge[]",
        "type": "RETURN_TYPE"
      },
      "location-before-char-start": 0,
      "location-before-char-end": 0,
      "node-str": "org.jboss.ejb.plugins.cmp.jdbc.bridge.JDBCFieldBridge[]"
    },
    {
      "type": "delete-node",
      "node": {
        "label": "public",
        "type": "Modifier"
      },
      "location-before-char-start": 0,
      "location-before-char-end": 0,
      "node-str": "public"
    },
    {
      "type": "delete-node",
      "node": {
        "label": "org.jboss.ejb.plugins.cmp.jdbc2.bridge.JDBCEntityBridge2",
        "type": "TypeAccess"
      },
      "location-before-char-start": 0,
      "location-before-char-end": 0,
      "node-str": "org.jboss.ejb.plugins.cmp.jdbc2.bridge.JDBCEntityBridge2"
    },
    {
      "type": "delete-node",
      "node": {
        "label": "pkFields",
        "type": "FieldRead"
      },
      "location-before-char-start": 4090,
      "location-before-char-end": 4097,
      "node-str": "pkFields"
    },
    {
      "type": "delete-node",
      "node": {
        "label": "return",
        "type": "Return"
      },
      "location-before-char-start": 4083,
      "location-before-char-end": 4098,
      "node-str": "return"
    },
    {
      "type": "delete-node",
      "node": {
        "label": "getPrimaryKeyFields",
        "type": "Method"
      },
      "location-before-char-start": 4025,
      "location-before-char-end": 4103,
      "node-str": "getPrimaryKeyFields"
    },
    {
      "type": "delete-node",
      "node": {
        "label": "org.jboss.ejb.plugins.cmp.jdbc.bridge.JDBCFieldBridge[]",
        "type": "RETURN_TYPE"
      },
      "location-before-char-start": 0,
      "location-before-char-end": 0,
      "node-str": "org.jboss.ejb.plugins.cmp.jdbc.bridge.JDBCFieldBridge[]"
    },
    {
      "type": "delete-node",
      "node": {
        "label": "public",
        "type": "Modifier"
      },
      "location-before-char-start": 0,
      "location-before-char-end": 0,
      "node-str": "public"
    },
    {
      "type": "delete-node",
      "node": {
        "label": "org.jboss.ejb.plugins.cmp.jdbc2.bridge.JDBCEntityBridge2",
        "type": "TypeAccess"
      },
      "location-before-char-start": 0,
      "location-before-char-end": 0,
      "node-str": "org.jboss.ejb.plugins.cmp.jdbc2.bridge.JDBCEntityBridge2"
    },
    {
      "type": "delete-node",
      "node": {
        "label": "tableFields",
        "type": "FieldRead"
      },
      "location-before-char-start": 4169,
      "location-before-char-end": 4179,
      "node-str": "tableFields"
    },
    {
      "type": "delete-node",
      "node": {
        "label": "return",
        "type": "Return"
      },
      "location-before-char-start": 4162,
      "location-before-char-end": 4180,
      "node-str": "return"
    },
    {
      "type": "delete-node",
      "node": {
        "label": "getTableFields",
        "type": "Method"
      },
      "location-before-char-start": 4109,
      "location-before-char-end": 4185,
      "node-str": "getTableFields"
    },
    {
      "type": "delete-node",
      "node": {
        "label": "org.jboss.ejb.plugins.cmp.jdbc.bridge.JDBCAbstractCMRFieldBridge[]",
        "type": "RETURN_TYPE"
      },
      "location-before-char-start": 0,
      "location-before-char-end": 0,
      "node-str": "org.jboss.ejb.plugins.cmp.jdbc.bridge.JDBCAbstractCMRFieldBridge[]"
    },
    {
      "type": "delete-node",
      "node": {
        "label": "public",
        "type": "Modifier"
      },
      "location-before-char-start": 0,
      "location-before-char-end": 0,
      "node-str": "public"
    },
    {
      "type": "delete-node",
      "node": {
        "label": "org.jboss.ejb.plugins.cmp.jdbc2.bridge.JDBCEntityBridge2",
        "type": "TypeAccess"
      },
      "location-before-char-start": 0,
      "location-before-char-end": 0,
      "node-str": "org.jboss.ejb.plugins.cmp.jdbc2.bridge.JDBCEntityBridge2"
    },
    {
      "type": "delete-node",
      "node": {
        "label": "cmrFields",
        "type": "FieldRead"
      },
      "location-before-char-start": 4260,
      "location-before-char-end": 4268,
      "node-str": "cmrFields"
    },
    {
      "type": "delete-node",
      "node": {
        "label": "return",
        "type": "Return"
      },
      "location-before-char-start": 4253,
      "location-before-char-end": 4269,
      "node-str": "return"
    },
    {
      "type": "delete-node",
      "node": {
        "label": "getCMRFields",
        "type": "Method"
      },
      "location-before-char-start": 4191,
      "location-before-char-end": 4274,
      "node-str": "getCMRFields"
    },
    {
      "type": "delete-node",
      "node": {
        "label": "org.jboss.ejb.plugins.cmp.jdbc.JDBCEntityPersistenceStore",
        "type": "RETURN_TYPE"
      },
      "location-before-char-start": 0,
      "location-before-char-end": 0,
      "node-str": "org.jboss.ejb.plugins.cmp.jdbc.JDBCEntityPersistenceStore"
    },
    {
      "type": "delete-node",
      "node": {
        "label": "public",
        "type": "Modifier"
      },
      "location-before-char-start": 0,
      "location-before-char-end": 0,
      "node-str": "public"
    },
    {
      "type": "delete-node",
      "node": {
        "label": "org.jboss.ejb.plugins.cmp.jdbc2.bridge.JDBCEntityBridge2",
        "type": "TypeAccess"
      },
      "location-before-char-start": 0,
      "location-before-char-end": 0,
      "node-str": "org.jboss.ejb.plugins.cmp.jdbc2.bridge.JDBCEntityBridge2"
    },
    {
      "type": "delete-node",
      "node": {
        "label": "manager",
        "type": "FieldRead"
      },
      "location-before-char-start": 4345,
      "location-before-char-end": 4351,
      "node-str": "manager"
    },
    {
      "type": "delete-node",
      "node": {
        "label": "return",
        "type": "Return"
      },
      "location-before-char-start": 4338,
      "location-before-char-end": 4352,
      "node-str": "return"
    },
    {
      "type": "delete-node",
      "node": {
        "label": "getManager",
        "type": "Method"
      },
      "location-before-char-start": 4280,
      "location-before-char-end": 4357,
      "node-str": "getManager"
    },
    {
      "type": "delete-node",
      "node": {
        "label": "boolean",
        "type": "RETURN_TYPE"
      },
      "location-before-char-start": 0,
      "location-before-char-end": 0,
      "node-str": "boolean"
    },
    {
      "type": "delete-node",
      "node": {
        "label": "public",
        "type": "Modifier"
      },
      "location-before-char-start": 0,
      "location-before-char-end": 0,
      "node-str": "public"
    },
    {
      "type": "delete-node",
      "node": {
        "label": "org.jboss.ejb.EntityEnterpriseContext",
        "type": "VARIABLE_TYPE"
      },
      "location-before-char-start": 0,
      "location-before-char-end": 0,
      "node-str": "org.jboss.ejb.EntityEnterpriseContext"
    },
    {
      "type": "delete-node",
      "node": {
        "label": "instance",
        "type": "Parameter"
      },
      "location-before-char-start": 7019,
      "location-before-char-end": 7050,
      "node-str": "instance"
    },
    {
      "type": "delete-node",
      "node": {
        "label": "org.jboss.ejb.plugins.cmp.jdbc2.PersistentContext",
        "type": "VARIABLE_TYPE"
      },
      "location-before-char-start": 0,
      "location-before-char-end": 0,
      "node-str": "org.jboss.ejb.plugins.cmp.jdbc2.PersistentContext"
    },
    {
      "type": "delete-node",
      "node": {
        "label": "instance",
        "type": "VariableRead"
      },
      "location-before-char-start": 7109,
      "location-before-char-end": 7116,
      "node-str": "instance"
    },
    {
      "type": "delete-node",
      "node": {
        "label": "getPersistenceContext",
        "type": "Invocation"
      },
      "location-before-char-start": 7089,
      "location-before-char-end": 7140,
      "node-str": "getPersistenceContext"
    },
    {
      "type": "delete-node",
      "node": {
        "label": "pctx",
        "type": "LocalVariable"
      },
      "location-before-char-start": 7064,
      "location-before-char-end": 7141,
      "node-str": "pctx"
    },
    {
      "type": "delete-node",
      "node": {
        "label": "pctx",
        "type": "VariableRead"
      },
      "location-before-char-start": 7156,
      "location-before-char-end": 7159,
      "node-str": "pctx"
    },
    {
      "type": "delete-node",
      "node": {
        "label": "isDirty",
        "type": "Invocation"
      },
      "location-before-char-start": 7156,
      "location-before-char-end": 7169,
      "node-str": "isDirty"
    },
    {
      "type": "delete-node",
      "node": {
        "label": "return",
        "type": "Return"
      },
      "location-before-char-start": 7149,
      "location-before-char-end": 7170,
      "node-str": "return"
    },
    {
      "type": "delete-node",
      "node": {
        "label": "isDirty",
        "type": "Method"
      },
      "location-before-char-start": 6996,
      "location-before-char-end": 7175,
      "node-str": "isDirty"
    },
    {
      "type": "delete-node",
      "node": {
        "label": "java.lang.String",
        "type": "RETURN_TYPE"
      },
      "location-before-char-start": 0,
      "location-before-char-end": 0,
      "node-str": "java.lang.String"
    },
    {
      "type": "delete-node",
      "node": {
        "label": "public",
        "type": "Modifier"
      },
      "location-before-char-start": 0,
      "location-before-char-end": 0,
      "node-str": "public"
    },
    {
      "type": "delete-node",
      "node": {
        "label": "org.jboss.ejb.plugins.cmp.jdbc2.bridge.JDBCEntityBridge2",
        "type": "TypeAccess"
      },
      "location-before-char-start": 0,
      "location-before-char-end": 0,
      "node-str": "org.jboss.ejb.plugins.cmp.jdbc2.bridge.JDBCEntityBridge2"
    },
    {
      "type": "delete-node",
      "node": {
        "label": "tableName",
        "type": "FieldRead"
      },
      "location-before-char-start": 7490,
      "location-before-char-end": 7498,
      "node-str": "tableName"
    },
    {
      "type": "delete-node",
      "node": {
        "label": "return",
        "type": "Return"
      },
      "location-before-char-start": 7483,
      "location-before-char-end": 7499,
      "node-str": "return"
    },
    {
      "type": "delete-node",
      "node": {
        "label": "getTableName",
        "type": "Method"
      },
      "location-before-char-start": 7443,
      "location-before-char-end": 7504,
      "node-str": "getTableName"
    },
    {
      "type": "delete-node",
      "node": {
        "label": "boolean[]",
        "type": "RETURN_TYPE"
      },
      "location-before-char-start": 0,
      "location-before-char-end": 0,
      "node-str": "boolean[]"
    },
    {
      "type": "delete-node",
      "node": {
        "label": "public",
        "type": "Modifier"
      },
      "location-before-char-start": 0,
      "location-before-char-end": 0,
      "node-str": "public"
    },
    {
      "type": "delete-node",
      "node": {
        "label": "java.lang.String",
        "type": "VARIABLE_TYPE"
      },
      "location-before-char-start": 0,
      "location-before-char-end": 0,
      "node-str": "java.lang.String"
    },
    {
      "type": "delete-node",
      "node": {
        "label": "eagerLoadGroupName",
        "type": "Parameter"
      },
      "location-before-char-start": 7725,
      "location-before-char-end": 7749,
      "node-str": "eagerLoadGroupName"
    },
    {
      "type": "delete-node",
      "node": {
        "label": "java.lang.UnsupportedOperationException()",
        "type": "ConstructorCall"
      },
      "location-before-char-start": 7783,
      "location-before-char-end": 7817,
      "node-str": "java.lang.UnsupportedOperationException()"
    },
    {
      "type": "delete-node",
      "node": {
        "label": "",
        "type": "Throw"
      },
      "location-before-char-start": 7777,
      "location-before-char-end": 7818,
      "node-str": ""
    },
    {
      "type": "delete-node",
      "node": {
        "label": "getLoadGroupMask",
        "type": "Method"
      },
      "location-before-char-start": 7691,
      "location-before-char-end": 7823,
      "node-str": "getLoadGroupMask"
    },
    {
      "type": "delete-node",
      "node": {
        "label": "JDBCEntityBridge2",
        "type": "Class"
      },
      "location-before-char-start": 1510,
      "location-before-char-end": 12076,
      "node-str": "JDBCEntityBridge2"
    }
  ],
  "before-file": {},
  "after-file": {},
  "mapping": {}
}