{
  "tool-info": {},
  "diff": [
    {
      "type": "insert-node",
      "node": {
        "label": "activateHandler",
        "type": "Method"
      },
      "location-after-char-start": 3645,
      "location-after-char-end": 4477,
      "node-str": "activateHandler"
    },
    {
      "type": "update-node",
      "node": {
        "label": "activateHandler",
        "type": "Method"
      },
      "location-before-char-start": 3523,
      "location-before-char-end": 4076,
      "location-after-char-start": 4481,
      "location-after-char-end": 4895,
      "node-str": "doActivation"
    },
    {
      "type": "insert-node",
      "node": {
        "label": "activateHandler",
        "type": "Method"
      },
      "location-after-char-start": 4899,
      "location-after-char-end": 5198,
      "node-str": "activateHandler"
    },
    {
      "type": "insert-node",
      "node": {
        "label": "org.eclipse.ui.handlers.IHandlerActivation",
        "type": "RETURN_TYPE"
      },
      "location-after-char-start": 0,
      "location-after-char-end": 0,
      "node-str": "org.eclipse.ui.handlers.IHandlerActivation"
    },
    {
      "type": "insert-node",
      "node": {
        "label": "final",
        "type": "Modifier"
      },
      "location-after-char-start": 0,
      "location-after-char-end": 0,
      "node-str": "final"
    },
    {
      "type": "insert-node",
      "node": {
        "label": "public",
        "type": "Modifier"
      },
      "location-after-char-start": 0,
      "location-after-char-end": 0,
      "node-str": "public"
    },
    {
      "type": "insert-node",
      "node": {
        "label": "childActivation",
        "type": "Parameter"
      },
      "location-after-char-start": 3697,
      "location-after-char-end": 3736,
      "node-str": "childActivation"
    },
    {
      "type": "insert-node",
      "node": {
        "label": "commandId",
        "type": "LocalVariable"
      },
      "location-after-char-start": 3743,
      "location-after-char-end": 3798,
      "node-str": "commandId"
    },
    {
      "type": "insert-node",
      "node": {
        "label": "handler",
        "type": "LocalVariable"
      },
      "location-after-char-start": 3802,
      "location-after-char-end": 3855,
      "node-str": "handler"
    },
    {
      "type": "insert-node",
      "node": {
        "label": "childExpression",
        "type": "LocalVariable"
      },
      "location-after-char-start": 3859,
      "location-after-char-end": 3925,
      "node-str": "childExpression"
    },
    {
      "type": "insert-node",
      "node": {
        "label": "expression",
        "type": "LocalVariable"
      },
      "location-after-char-start": 3929,
      "location-after-char-end": 3959,
      "node-str": "expression"
    },
    {
      "type": "insert-node",
      "node": {
        "label": "if",
        "type": "If"
      },
      "location-after-char-start": 3963,
      "location-after-char-end": 4186,
      "node-str": "if"
    },
    {
      "type": "insert-node",
      "node": {
        "label": "if",
        "type": "If"
      },
      "location-after-char-start": 4190,
      "location-after-char-end": 4263,
      "node-str": "if"
    },
    {
      "type": "insert-node",
      "node": {
        "label": "depth",
        "type": "LocalVariable"
      },
      "location-after-char-start": 4267,
      "location-after-char-end": 4315,
      "node-str": "depth"
    },
    {
      "type": "insert-node",
      "node": {
        "label": "localActivation",
        "type": "LocalVariable"
      },
      "location-after-char-start": 4319,
      "location-after-char-end": 4433,
      "node-str": "localActivation"
    },
    {
      "type": "insert-node",
      "node": {
        "label": "return",
        "type": "Return"
      },
      "location-after-char-start": 4438,
      "location-after-char-end": 4474,
      "node-str": "return"
    },
    {
      "type": "insert-node",
      "node": {
        "label": "localActivation",
        "type": "Parameter"
      },
      "location-after-char-start": 4531,
      "location-after-char-end": 4570,
      "node-str": "localActivation"
    },
    {
      "type": "insert-node",
      "node": {
        "label": "org.eclipse.ui.handlers.IHandlerActivation",
        "type": "RETURN_TYPE"
      },
      "location-after-char-start": 0,
      "location-after-char-end": 0,
      "node-str": "org.eclipse.ui.handlers.IHandlerActivation"
    },
    {
      "type": "insert-node",
      "node": {
        "label": "final",
        "type": "Modifier"
      },
      "location-after-char-start": 0,
      "location-after-char-end": 0,
      "node-str": "final"
    },
    {
      "type": "insert-node",
      "node": {
        "label": "public",
        "type": "Modifier"
      },
      "location-after-char-start": 0,
      "location-after-char-end": 0,
      "node-str": "public"
    },
    {
      "type": "move-subtree",
      "node": {
        "label": "commandId",
        "type": "Parameter"
      },
      "location-before-char-start": 3571,
      "location-before-char-end": 3592,
      "location-after-char-start": 4947,
      "location-after-char-end": 4968,
      "node-str": "commandId"
    },
    {
      "type": "move-subtree",
      "node": {
        "label": "handler",
        "type": "Parameter"
      },
      "location-before-char-start": 3598,
      "location-before-char-end": 3619,
      "location-after-char-start": 4974,
      "location-after-char-end": 4995,
      "node-str": "handler"
    },
    {
      "type": "insert-node",
      "node": {
        "label": "localActivation",
        "type": "LocalVariable"
      },
      "location-after-char-start": 5002,
      "location-after-char-end": 5155,
      "node-str": "localActivation"
    },
    {
      "type": "insert-node",
      "node": {
        "label": "return",
        "type": "Return"
      },
      "location-after-char-start": 5159,
      "location-after-char-end": 5195,
      "node-str": "return"
    },
    {
      "type": "insert-node",
      "node": {
        "label": "org.eclipse.ui.handlers.IHandlerActivation",
        "type": "VARIABLE_TYPE"
      },
      "location-after-char-start": 0,
      "location-after-char-end": 0,
      "node-str": "org.eclipse.ui.handlers.IHandlerActivation"
    },
    {
      "type": "insert-node",
      "node": {
        "label": "final",
        "type": "Modifier"
      },
      "location-after-char-start": 0,
      "location-after-char-end": 0,
      "node-str": "final"
    },
    {
      "type": "insert-node",
      "node": {
        "label": "java.lang.String",
        "type": "VARIABLE_TYPE"
      },
      "location-after-char-start": 0,
      "location-after-char-end": 0,
      "node-str": "java.lang.String"
    },
    {
      "type": "insert-node",
      "node": {
        "label": "final",
        "type": "Modifier"
      },
      "location-after-char-start": 0,
      "location-after-char-end": 0,
      "node-str": "final"
    },
    {
      "type": "insert-node",
      "node": {
        "label": "getCommandId",
        "type": "Invocation"
      },
      "location-after-char-start": 3768,
      "location-after-char-end": 3797,
      "node-str": "getCommandId"
    },
    {
      "type": "insert-node",
      "node": {
        "label": "org.eclipse.core.commands.IHandler",
        "type": "VARIABLE_TYPE"
      },
      "location-after-char-start": 0,
      "location-after-char-end": 0,
      "node-str": "org.eclipse.core.commands.IHandler"
    },
    {
      "type": "insert-node",
      "node": {
        "label": "final",
        "type": "Modifier"
      },
      "location-after-char-start": 0,
      "location-after-char-end": 0,
      "node-str": "final"
    },
    {
      "type": "insert-node",
      "node": {
        "label": "getHandler",
        "type": "Invocation"
      },
      "location-after-char-start": 3827,
      "location-after-char-end": 3854,
      "node-str": "getHandler"
    },
    {
      "type": "insert-node",
      "node": {
        "label": "org.eclipse.core.expressions.Expression",
        "type": "VARIABLE_TYPE"
      },
      "location-after-char-start": 0,
      "location-after-char-end": 0,
      "node-str": "org.eclipse.core.expressions.Expression"
    },
    {
      "type": "insert-node",
      "node": {
        "label": "final",
        "type": "Modifier"
      },
      "location-after-char-start": 0,
      "location-after-char-end": 0,
      "node-str": "final"
    },
    {
      "type": "insert-node",
      "node": {
        "label": "getExpression",
        "type": "Invocation"
      },
      "location-after-char-start": 3894,
      "location-after-char-end": 3924,
      "node-str": "getExpression"
    },
    {
      "type": "insert-node",
      "node": {
        "label": "org.eclipse.ui.internal.expressions.AndExpression",
        "type": "VARIABLE_TYPE"
      },
      "location-after-char-start": 0,
      "location-after-char-end": 0,
      "node-str": "org.eclipse.ui.internal.expressions.AndExpression"
    },
    {
      "type": "insert-node",
      "node": {
        "label": "final",
        "type": "Modifier"
      },
      "location-after-char-start": 0,
      "location-after-char-end": 0,
      "node-str": "final"
    },
    {
      "type": "insert-node",
      "node": {
        "label": "INSTANCEOF",
        "type": "BinaryOperator"
      },
      "location-after-char-start": 3967,
      "location-after-char-end": 4006,
      "node-str": "INSTANCEOF"
    },
    {
      "type": "insert-node",
      "node": {
        "label": "THEN",
        "type": "then"
      },
      "location-after-char-start": 4009,
      "location-after-char-end": 4062,
      "node-str": "THEN"
    },
    {
      "type": "insert-node",
      "node": {
        "label": "ELSE",
        "type": "else"
      },
      "location-after-char-start": 4069,
      "location-after-char-end": 4186,
      "node-str": "ELSE"
    },
    {
      "type": "insert-node",
      "node": {
        "label": "NE",
        "type": "BinaryOperator"
      },
      "location-after-char-start": 4194,
      "location-after-char-end": 4218,
      "node-str": "NE"
    },
    {
      "type": "insert-node",
      "node": {
        "label": "THEN",
        "type": "then"
      },
      "location-after-char-start": 4221,
      "location-after-char-end": 4263,
      "node-str": "THEN"
    },
    {
      "type": "insert-node",
      "node": {
        "label": "int",
        "type": "VARIABLE_TYPE"
      },
      "location-after-char-start": 0,
      "location-after-char-end": 0,
      "node-str": "int"
    },
    {
      "type": "insert-node",
      "node": {
        "label": "final",
        "type": "Modifier"
      },
      "location-after-char-start": 0,
      "location-after-char-end": 0,
      "node-str": "final"
    },
    {
      "type": "insert-node",
      "node": {
        "label": "PLUS",
        "type": "BinaryOperator"
      },
      "location-after-char-start": 4285,
      "location-after-char-end": 4314,
      "node-str": "PLUS"
    },
    {
      "type": "insert-node",
      "node": {
        "label": "org.eclipse.ui.handlers.IHandlerActivation",
        "type": "VARIABLE_TYPE"
      },
      "location-after-char-start": 0,
      "location-after-char-end": 0,
      "node-str": "org.eclipse.ui.handlers.IHandlerActivation"
    },
    {
      "type": "insert-node",
      "node": {
        "label": "final",
        "type": "Modifier"
      },
      "location-after-char-start": 0,
      "location-after-char-end": 0,
      "node-str": "final"
    },
    {
      "type": "insert-node",
      "node": {
        "label": "java.lang.Object()",
        "type": "ConstructorCall"
      },
      "location-after-char-start": 4362,
      "location-after-char-end": 4432,
      "node-str": "java.lang.Object()"
    },
    {
      "type": "insert-node",
      "node": {
        "label": "doActivation",
        "type": "Invocation"
      },
      "location-after-char-start": 4445,
      "location-after-char-end": 4473,
      "node-str": "doActivation"
    },
    {
      "type": "insert-node",
      "node": {
        "label": "org.eclipse.ui.handlers.IHandlerActivation",
        "type": "VARIABLE_TYPE"
      },
      "location-after-char-start": 0,
      "location-after-char-end": 0,
      "node-str": "org.eclipse.ui.handlers.IHandlerActivation"
    },
    {
      "type": "insert-node",
      "node": {
        "label": "final",
        "type": "Modifier"
      },
      "location-after-char-start": 0,
      "location-after-char-end": 0,
      "node-str": "final"
    },
    {
      "type": "insert-node",
      "node": {
        "label": "org.eclipse.ui.handlers.IHandlerActivation",
        "type": "VARIABLE_TYPE"
      },
      "location-after-char-start": 0,
      "location-after-char-end": 0,
      "node-str": "org.eclipse.ui.handlers.IHandlerActivation"
    },
    {
      "type": "insert-node",
      "node": {
        "label": "final",
        "type": "Modifier"
      },
      "location-after-char-start": 0,
      "location-after-char-end": 0,
      "node-str": "final"
    },
    {
      "type": "insert-node",
      "node": {
        "label": "java.lang.Object()",
        "type": "ConstructorCall"
      },
      "location-after-char-start": 5045,
      "location-after-char-end": 5154,
      "node-str": "java.lang.Object()"
    },
    {
      "type": "insert-node",
      "node": {
        "label": "doActivation",
        "type": "Invocation"
      },
      "location-after-char-start": 5166,
      "location-after-char-end": 5194,
      "node-str": "doActivation"
    },
    {
      "type": "insert-node",
      "node": {
        "label": "childActivation",
        "type": "VariableRead"
      },
      "location-after-char-start": 3768,
      "location-after-char-end": 3782,
      "node-str": "childActivation"
    },
    {
      "type": "insert-node",
      "node": {
        "label": "childActivation",
        "type": "VariableRead"
      },
      "location-after-char-start": 3827,
      "location-after-char-end": 3841,
      "node-str": "childActivation"
    },
    {
      "type": "insert-node",
      "node": {
        "label": "childActivation",
        "type": "VariableRead"
      },
      "location-after-char-start": 3894,
      "location-after-char-end": 3908,
      "node-str": "childActivation"
    },
    {
      "type": "insert-node",
      "node": {
        "label": "childExpression",
        "type": "VariableRead"
      },
      "location-after-char-start": 3967,
      "location-after-char-end": 3981,
      "node-str": "childExpression"
    },
    {
      "type": "insert-node",
      "node": {
        "label": "org.eclipse.ui.internal.expressions.AndExpression",
        "type": "TypeAccess"
      },
      "location-after-char-start": 3994,
      "location-after-char-end": 4006,
      "node-str": "org.eclipse.ui.internal.expressions.AndExpression"
    },
    {
      "type": "insert-node",
      "node": {
        "label": "\u003d",
        "type": "Assignment"
      },
      "location-after-char-start": 4014,
      "location-after-char-end": 4058,
      "node-str": "\u003d"
    },
    {
      "type": "insert-node",
      "node": {
        "label": "\u003d",
        "type": "Assignment"
      },
      "location-after-char-start": 4074,
      "location-after-char-end": 4106,
      "node-str": "\u003d"
    },
    {
      "type": "insert-node",
      "node": {
        "label": "if",
        "type": "If"
      },
      "location-after-char-start": 4111,
      "location-after-char-end": 4182,
      "node-str": "if"
    },
    {
      "type": "insert-node",
      "node": {
        "label": "defaultExpression",
        "type": "FieldRead"
      },
      "location-after-char-start": 4194,
      "location-after-char-end": 4210,
      "node-str": "defaultExpression"
    },
    {
      "type": "insert-node",
      "node": {
        "label": "null",
        "type": "Literal"
      },
      "location-after-char-start": 4215,
      "location-after-char-end": 4218,
      "node-str": "null"
    },
    {
      "type": "insert-node",
      "node": {
        "label": "add",
        "type": "Invocation"
      },
      "location-after-char-start": 4226,
      "location-after-char-end": 4259,
      "node-str": "add"
    },
    {
      "type": "insert-node",
      "node": {
        "label": "getDepth",
        "type": "Invocation"
      },
      "location-after-char-start": 4285,
      "location-after-char-end": 4310,
      "node-str": "getDepth"
    },
    {
      "type": "insert-node",
      "node": {
        "label": "1",
        "type": "Literal"
      },
      "location-after-char-start": 4314,
      "location-after-char-end": 4314,
      "node-str": "1"
    },
    {
      "type": "insert-node",
      "node": {
        "label": "commandId",
        "type": "VariableRead"
      },
      "location-after-char-start": 4389,
      "location-after-char-end": 4397,
      "node-str": "commandId"
    },
    {
      "type": "insert-node",
      "node": {
        "label": "handler",
        "type": "VariableRead"
      },
      "location-after-char-start": 4400,
      "location-after-char-end": 4406,
      "node-str": "handler"
    },
    {
      "type": "insert-node",
      "node": {
        "label": "expression",
        "type": "VariableRead"
      },
      "location-after-char-start": 4409,
      "location-after-char-end": 4418,
      "node-str": "expression"
    },
    {
      "type": "insert-node",
      "node": {
        "label": "depth",
        "type": "VariableRead"
      },
      "location-after-char-start": 4421,
      "location-after-char-end": 4425,
      "node-str": "depth"
    },
    {
      "type": "insert-node",
      "node": {
        "label": "this",
        "type": "ThisAccess"
      },
      "location-after-char-start": 4428,
      "location-after-char-end": 4431,
      "node-str": "this"
    },
    {
      "type": "insert-node",
      "node": {
        "label": "org.eclipse.ui.internal.handlers.SlaveHandlerService",
        "type": "TypeAccess"
      },
      "location-after-char-start": 0,
      "location-after-char-end": 0,
      "node-str": "org.eclipse.ui.internal.handlers.SlaveHandlerService"
    },
    {
      "type": "insert-node",
      "node": {
        "label": "localActivation",
        "type": "VariableRead"
      },
      "location-after-char-start": 4458,
      "location-after-char-end": 4472,
      "node-str": "localActivation"
    },
    {
      "type": "insert-node",
      "node": {
        "label": "commandId",
        "type": "VariableRead"
      },
      "location-after-char-start": 5072,
      "location-after-char-end": 5080,
      "node-str": "commandId"
    },
    {
      "type": "insert-node",
      "node": {
        "label": "handler",
        "type": "VariableRead"
      },
      "location-after-char-start": 5083,
      "location-after-char-end": 5089,
      "node-str": "handler"
    },
    {
      "type": "insert-node",
      "node": {
        "label": "defaultExpression",
        "type": "FieldRead"
      },
      "location-after-char-start": 5092,
      "location-after-char-end": 5108,
      "node-str": "defaultExpression"
    },
    {
      "type": "insert-node",
      "node": {
        "label": "ROOT_DEPTH",
        "type": "FieldRead"
      },
      "location-after-char-start": 5115,
      "location-after-char-end": 5147,
      "node-str": "ROOT_DEPTH"
    },
    {
      "type": "insert-node",
      "node": {
        "label": "this",
        "type": "ThisAccess"
      },
      "location-after-char-start": 5150,
      "location-after-char-end": 5153,
      "node-str": "this"
    },
    {
      "type": "insert-node",
      "node": {
        "label": "org.eclipse.ui.internal.handlers.SlaveHandlerService",
        "type": "TypeAccess"
      },
      "location-after-char-start": 0,
      "location-after-char-end": 0,
      "node-str": "org.eclipse.ui.internal.handlers.SlaveHandlerService"
    },
    {
      "type": "insert-node",
      "node": {
        "label": "localActivation",
        "type": "VariableRead"
      },
      "location-after-char-start": 5179,
      "location-after-char-end": 5193,
      "node-str": "localActivation"
    },
    {
      "type": "insert-node",
      "node": {
        "label": "expression",
        "type": "VariableWrite"
      },
      "location-after-char-start": 4014,
      "location-after-char-end": 4023,
      "node-str": "expression"
    },
    {
      "type": "insert-node",
      "node": {
        "label": "childExpression",
        "type": "VariableRead"
      },
      "location-after-char-start": 4027,
      "location-after-char-end": 4057,
      "node-str": "childExpression"
    },
    {
      "type": "insert-node",
      "node": {
        "label": "expression",
        "type": "VariableWrite"
      },
      "location-after-char-start": 4074,
      "location-after-char-end": 4083,
      "node-str": "expression"
    },
    {
      "type": "insert-node",
      "node": {
        "label": "org.eclipse.ui.internal.expressions.AndExpression()",
        "type": "ConstructorCall"
      },
      "location-after-char-start": 4087,
      "location-after-char-end": 4105,
      "node-str": "org.eclipse.ui.internal.expressions.AndExpression()"
    },
    {
      "type": "insert-node",
      "node": {
        "label": "NE",
        "type": "BinaryOperator"
      },
      "location-after-char-start": 4115,
      "location-after-char-end": 4137,
      "node-str": "NE"
    },
    {
      "type": "insert-node",
      "node": {
        "label": "THEN",
        "type": "then"
      },
      "location-after-char-start": 4140,
      "location-after-char-end": 4182,
      "node-str": "THEN"
    },
    {
      "type": "insert-node",
      "node": {
        "label": "org.eclipse.ui.internal.handlers.SlaveHandlerService",
        "type": "TypeAccess"
      },
      "location-after-char-start": 0,
      "location-after-char-end": 0,
      "node-str": "org.eclipse.ui.internal.handlers.SlaveHandlerService"
    },
    {
      "type": "insert-node",
      "node": {
        "label": "expression",
        "type": "VariableRead"
      },
      "location-after-char-start": 4226,
      "location-after-char-end": 4235,
      "node-str": "expression"
    },
    {
      "type": "insert-node",
      "node": {
        "label": "defaultExpression",
        "type": "FieldRead"
      },
      "location-after-char-start": 4241,
      "location-after-char-end": 4257,
      "node-str": "defaultExpression"
    },
    {
      "type": "insert-node",
      "node": {
        "label": "childActivation",
        "type": "VariableRead"
      },
      "location-after-char-start": 4285,
      "location-after-char-end": 4299,
      "node-str": "childActivation"
    },
    {
      "type": "insert-node",
      "node": {
        "label": "org.eclipse.ui.internal.handlers.SlaveHandlerService",
        "type": "TypeAccess"
      },
      "location-after-char-start": 0,
      "location-after-char-end": 0,
      "node-str": "org.eclipse.ui.internal.handlers.SlaveHandlerService"
    },
    {
      "type": "insert-node",
      "node": {
        "label": "org.eclipse.ui.internal.handlers.SlaveHandlerService",
        "type": "TypeAccess"
      },
      "location-after-char-start": 0,
      "location-after-char-end": 0,
      "node-str": "org.eclipse.ui.internal.handlers.SlaveHandlerService"
    },
    {
      "type": "insert-node",
      "node": {
        "label": "org.eclipse.ui.internal.services.IEvaluationResultCache",
        "type": "TypeAccess"
      },
      "location-after-char-start": 0,
      "location-after-char-end": 0,
      "node-str": "org.eclipse.ui.internal.services.IEvaluationResultCache"
    },
    {
      "type": "insert-node",
      "node": {
        "label": "org.eclipse.ui.internal.handlers.SlaveHandlerService",
        "type": "TypeAccess"
      },
      "location-after-char-start": 0,
      "location-after-char-end": 0,
      "node-str": "org.eclipse.ui.internal.handlers.SlaveHandlerService"
    },
    {
      "type": "insert-node",
      "node": {
        "label": "childExpression",
        "type": "VariableRead"
      },
      "location-after-char-start": 4115,
      "location-after-char-end": 4129,
      "node-str": "childExpression"
    },
    {
      "type": "insert-node",
      "node": {
        "label": "null",
        "type": "Literal"
      },
      "location-after-char-start": 4134,
      "location-after-char-end": 4137,
      "node-str": "null"
    },
    {
      "type": "insert-node",
      "node": {
        "label": "add",
        "type": "Invocation"
      },
      "location-after-char-start": 4146,
      "location-after-char-end": 4177,
      "node-str": "add"
    },
    {
      "type": "insert-node",
      "node": {
        "label": "org.eclipse.ui.internal.handlers.SlaveHandlerService",
        "type": "TypeAccess"
      },
      "location-after-char-start": 0,
      "location-after-char-end": 0,
      "node-str": "org.eclipse.ui.internal.handlers.SlaveHandlerService"
    },
    {
      "type": "update-node",
      "node": {
        "label": "commandId",
        "type": "VariableRead"
      },
      "location-before-char-start": 3835,
      "location-before-char-end": 3843,
      "location-after-char-start": 4681,
      "location-after-char-end": 4695,
      "node-str": "localActivation"
    },
    {
      "type": "insert-node",
      "node": {
        "label": "expression",
        "type": "VariableRead"
      },
      "location-after-char-start": 4146,
      "location-after-char-end": 4155,
      "node-str": "expression"
    },
    {
      "type": "insert-node",
      "node": {
        "label": "childExpression",
        "type": "VariableRead"
      },
      "location-after-char-start": 4161,
      "location-after-char-end": 4175,
      "node-str": "childExpression"
    },
    {
      "type": "delete-node",
      "node": {
        "label": "public",
        "type": "Modifier"
      },
      "location-before-char-start": 0,
      "location-before-char-end": 0,
      "node-str": "public"
    },
    {
      "type": "delete-node",
      "node": {
        "label": "org.eclipse.ui.handlers.IHandlerActivation",
        "type": "VARIABLE_TYPE"
      },
      "location-before-char-start": 0,
      "location-before-char-end": 0,
      "node-str": "org.eclipse.ui.handlers.IHandlerActivation"
    },
    {
      "type": "delete-node",
      "node": {
        "label": "final",
        "type": "Modifier"
      },
      "location-before-char-start": 0,
      "location-before-char-end": 0,
      "node-str": "final"
    },
    {
      "type": "delete-node",
      "node": {
        "label": "commandId",
        "type": "VariableRead"
      },
      "location-before-char-start": 3696,
      "location-before-char-end": 3704,
      "node-str": "commandId"
    },
    {
      "type": "delete-node",
      "node": {
        "label": "handler",
        "type": "VariableRead"
      },
      "location-before-char-start": 3707,
      "location-before-char-end": 3713,
      "node-str": "handler"
    },
    {
      "type": "delete-node",
      "node": {
        "label": "null",
        "type": "Literal"
      },
      "location-before-char-start": 3716,
      "location-before-char-end": 3719,
      "node-str": "null"
    },
    {
      "type": "delete-node",
      "node": {
        "label": "org.eclipse.ui.internal.handlers.SlaveHandlerService",
        "type": "TypeAccess"
      },
      "location-before-char-start": 0,
      "location-before-char-end": 0,
      "node-str": "org.eclipse.ui.internal.handlers.SlaveHandlerService"
    },
    {
      "type": "delete-node",
      "node": {
        "label": "this",
        "type": "ThisAccess"
      },
      "location-before-char-start": 3722,
      "location-before-char-end": 3725,
      "node-str": "this"
    },
    {
      "type": "delete-node",
      "node": {
        "label": "org.eclipse.ui.internal.handlers.HandlerActivation(java.lang.String,org.eclipse.core.commands.IHandler,\u003cunknown\u003e,org.eclipse.ui.internal.handlers.SlaveHandlerService)",
        "type": "ConstructorCall"
      },
      "location-before-char-start": 3669,
      "location-before-char-end": 3726,
      "node-str": "org.eclipse.ui.internal.handlers.HandlerActivation(java.lang.String,org.eclipse.core.commands.IHandler,\u003cunknown\u003e,org.eclipse.ui.internal.handlers.SlaveHandlerService)"
    },
    {
      "type": "delete-node",
      "node": {
        "label": "localActivation",
        "type": "LocalVariable"
      },
      "location-before-char-start": 3626,
      "location-before-char-end": 3727,
      "node-str": "localActivation"
    },
    {
      "type": "delete-node",
      "node": {
        "label": "handler",
        "type": "VariableRead"
      },
      "location-before-char-start": 3846,
      "location-before-char-end": 3852,
      "node-str": "handler"
    },
    {
      "type": "delete-node",
      "node": {
        "label": "org.eclipse.ui.internal.handlers.SlaveHandlerService",
        "type": "TypeAccess"
      },
      "location-before-char-start": 0,
      "location-before-char-end": 0,
      "node-str": "org.eclipse.ui.internal.handlers.SlaveHandlerService"
    },
    {
      "type": "delete-node",
      "node": {
        "label": "defaultExpression",
        "type": "FieldRead"
      },
      "location-before-char-start": 3860,
      "location-before-char-end": 3876,
      "node-str": "defaultExpression"
    }
  ],
  "before-file": {},
  "after-file": {},
  "mapping": {}
}